-1.248721000000000281e+01 5.134163589865883282e-01 0.000000000000000000e+00 1.678003269732309732e+00
-1.209653400000001078e+01 4.973535675813472445e-01 0.000000000000000000e+00 1.449582991531486398e+00
-1.232832600000000589e+01 5.068837832726198478e-01 0.000000000000000000e+00 1.209044226127114596e+00
-1.288340800000000819e+01 5.297061895090005024e-01 0.000000000000000000e+00 1.495099452094249548e+00
-1.221547600000000600e+01 5.022439128682912868e-01 0.000000000000000000e+00 1.471878688397102675e+00
-1.253354600000000474e+01 5.153214811403763473e-01 0.000000000000000000e+00 1.672204175551333050e+00
-1.238309800000000394e+01 5.091357547549936191e-01 0.000000000000000000e+00 1.232580751384195761e+00
-1.265969400000000888e+01 5.205081038409989924e-01 0.000000000000000000e+00 1.365259409828495807e+00
-1.234602200000000494e+01 5.076113610012419342e-01 0.000000000000000000e+00 1.262725395867881018e+00
-1.232481600000000554e+01 5.067394682959323049e-01 0.000000000000000000e+00 1.253246838627288584e+00
-1.234657800000000982e+01 5.076342211513954483e-01 0.000000000000000000e+00 1.450613481616128020e+00
-1.226637400000000611e+01 5.043366033763950762e-01 0.000000000000000000e+00 1.513600709167354896e+00
-1.224911600000000789e+01 5.036270341833255504e-01 0.000000000000000000e+00 1.311431895105113599e+00
-1.231674600000000552e+01 5.064076671956847520e-01 0.000000000000000000e+00 1.356032272746970246e+00
-1.230073800000000972e+01 5.057494922250824754e-01 0.000000000000000000e+00 1.248082903778042319e+00
-1.230737600000000853e+01 5.060224161040716151e-01 0.000000000000000000e+00 1.204523916104901282e+00
-1.252884800000000709e+01 5.151283210946561164e-01 0.000000000000000000e+00 1.324754627669333162e+00
-1.215153000000000993e+01 4.996147489083871407e-01 0.000000000000000000e+00 1.403098853620194042e+00
-1.212681000000000608e+01 4.985983767648778375e-01 0.000000000000000000e+00 1.260708600291314374e+00
-1.260628000000000171e+01 5.183119670419130687e-01 0.000000000000000000e+00 1.466961563190660955e+00
-1.233860800000000069e+01 5.073065315889448978e-01 0.000000000000000000e+00 1.204080528505993675e+00
-1.239556800000000791e+01 5.096484635183254897e-01 0.000000000000000000e+00 1.308320440382719330e+00
-1.277084400000000386e+01 5.250780781027721833e-01 0.000000000000000000e+00 1.303893191876628332e+00
-1.218441000000000862e+01 5.009666225361613101e-01 0.000000000000000000e+00 1.364714415642564349e+00
-1.207800800000000407e+01 4.965918640890067404e-01 0.000000000000000000e+00 1.319591597035103980e+00
-1.248036400000000690e+01 5.131348831089806994e-01 0.000000000000000000e+00 1.555024470593776353e+00
-1.236649800000000887e+01 5.084532394806309252e-01 0.000000000000000000e+00 1.370877645740829376e+00
-1.252615600000000917e+01 5.150176384971510979e-01 0.000000000000000000e+00 1.491854693436084345e+00
-1.209163800000000855e+01 4.971522666907880472e-01 0.000000000000000000e+00 1.371233974890845975e+00
-1.209130600000000832e+01 4.971386163853007689e-01 0.000000000000000000e+00 1.234137001859022087e+00
-1.229466800000000326e+01 5.054999218807819661e-01 0.000000000000000000e+00 1.306824381088010023e+00
-1.166642800000000690e+01 4.796695968226039053e-01 0.000000000000000000e+00 1.222380297259111126e+00
-1.236344000000000598e+01 5.083275086547872634e-01 0.000000000000000000e+00 1.129364553967219020e+00
-1.211685400000001067e+01 4.981890320617721746e-01 0.000000000000000000e+00 1.077131293631937936e+00
-1.291838200000000647e+01 5.311441587382516039e-01 0.000000000000000000e+00 1.777257891984791005e+00
-1.197828600000000776e+01 4.924917563667166043e-01 0.000000000000000000e+00 1.393303666279783748e+00
-1.274822600000001316e+01 5.241481304837640742e-01 0.000000000000000000e+00 1.718927624511012109e+00
-1.196572200000000485e+01 4.919751827578552894e-01 0.000000000000000000e+00 1.193243907905477297e+00
-1.173761400000000066e+01 4.825964361190372975e-01 0.000000000000000000e+00 1.037024747376217082e+00
-1.272010200000000069e+01 5.229918015936321218e-01 0.000000000000000000e+00 1.708352939782832536e+00
-1.229801800000000789e+01 5.056376583969939276e-01 0.000000000000000000e+00 1.332504879016215948e+00
-1.312840000000000984e+01 5.397791281895258919e-01 0.000000000000000000e+00 1.568895225271206062e+00
-1.282971400000000983e+01 5.274985404040823944e-01 0.000000000000000000e+00 1.273649977210569606e+00
-1.327455000000001029e+01 5.457881406803777313e-01 0.000000000000000000e+00 1.491083219127502524e+00
-1.303473200000000531e+01 5.359279329654880186e-01 0.000000000000000000e+00 1.290402724771212650e+00
-1.271584200000000564e+01 5.228166500834644514e-01 0.000000000000000000e+00 1.233274208998881960e+00
-1.392829400000000639e+01 5.726670723383963102e-01 0.000000000000000000e+00 1.718146953994096560e+00
-1.404172800000001331e+01 5.773309541234618036e-01 0.000000000000000000e+00 1.265976929759317748e+00
-1.427570200000001321e+01 5.869508835694732252e-01 0.000000000000000000e+00 1.613922126341586827e+00
-1.450512800000000802e+01 5.963838202764600860e-01 0.000000000000000000e+00 1.421027427004486032e+00
-1.478737600000000896e+01 6.079885534787724533e-01 0.000000000000000000e+00 1.376224850162959479e+00
-1.483580200000000815e+01 6.099796067725253845e-01 0.000000000000000000e+00 1.693690872178571283e+00
-1.505107200000002088e+01 6.188305141889177685e-01 0.000000000000000000e+00 1.807397776372529297e+00
-1.564895400000001224e+01 6.434126586025710193e-01 0.000000000000000000e+00 1.460539979528811205e+00
-1.602793400000001256e+01 6.589945645470324243e-01 0.000000000000000000e+00 1.632195072282672355e+00
-1.525807600000001685e+01 6.273415618909791158e-01 0.000000000000000000e+00 1.208204669523581298e+00
-1.578602000000001127e+01 6.490481789999099638e-01 0.000000000000000000e+00 1.533018849041051679e+00
-1.645808400000001015e+01 6.766803443824063180e-01 0.000000000000000000e+00 1.610491567639639410e+00
-1.635601200000001043e+01 6.724836155218779643e-01 0.000000000000000000e+00 1.723106476556662159e+00
-1.606024600000001001e+01 6.603230846401174636e-01 0.000000000000000000e+00 1.591569434911796366e+00
-1.646047000000000438e+01 6.767784456742512722e-01 0.000000000000000000e+00 1.624515613618068066e+00
-1.547282600000001729e+01 6.361710893108247777e-01 0.000000000000000000e+00 1.904226432222743348e+00
-1.717149000000000214e+01 7.060123017210898633e-01 0.000000000000000000e+00 1.557102155520720288e+00
-1.644818000000000779e+01 6.762731376789550275e-01 0.000000000000000000e+00 1.602938352784748499e+00
-1.638063800000000114e+01 6.734961228198571570e-01 0.000000000000000000e+00 1.705208089957517714e+00
-1.640281400000000289e+01 6.744078974418012962e-01 0.000000000000000000e+00 1.659174872756901120e+00
-1.745370400000000188e+01 7.176156370005510876e-01 0.000000000000000000e+00 1.872942290574438173e+00
-1.775040600000000879e+01 7.298146518760950663e-01 0.000000000000000000e+00 2.296893006827292361e+00
-1.778728800000001797e+01 7.313310692465203600e-01 0.000000000000000000e+00 1.986596828205044574e+00
-1.471305800000000907e+01 6.049329408185253332e-01 0.000000000000000000e+00 1.889344221926023915e+00
-1.737922600000000983e+01 7.145534458798283861e-01 0.000000000000000000e+00 2.175316358862626309e+00
-1.797192800000000545e+01 7.389226126355782354e-01 0.000000000000000000e+00 1.931493716946038219e+00
-1.732547600000000898e+01 7.123434943137435527e-01 0.000000000000000000e+00 1.853725654961549507e+00
-1.740115199999999618e+01 7.154549416572785203e-01 0.000000000000000000e+00 2.099877694008377205e+00
-1.953566800000000470e+01 8.032163737881244936e-01 1.000000000000000048e-04 1.900151269304205526e+00
-1.979750200000001215e+01 8.139817776644825420e-01 1.000000000000000048e-04 1.864546590752526045e+00
-1.883074600000000132e+01 7.742332393161690529e-01 0.000000000000000000e+00 2.019762337225032844e+00
-1.885487400000000591e+01 7.752252711559179943e-01 0.000000000000000000e+00 2.062133301328622714e+00
-1.881623600000001417e+01 7.736366551817717152e-01 0.000000000000000000e+00 2.076333045117392917e+00
-1.907569000000000514e+01 7.843042044585517569e-01 0.000000000000000000e+00 2.032828565737102799e+00
-1.860347000000000506e+01 7.648887006718254611e-01 0.000000000000000000e+00 1.964911446921316918e+00
-1.909808600000000212e+01 7.852250244636499454e-01 0.000000000000000000e+00 2.067946372173577352e+00
-1.773217399999999344e+01 7.290650363048785110e-01 0.000000000000000000e+00 1.640370828647836010e+00
-1.871867000000001369e+01 7.696251922143926283e-01 1.000000000000000048e-04 2.015425830408747121e+00
-1.876145800000001174e+01 7.713844370071298862e-01 0.000000000000000000e+00 1.699629917719760686e+00
-1.679729399999999728e+01 6.906270917448542601e-01 0.000000000000000000e+00 1.437771338911003616e+00
-1.929962400000000144e+01 7.935113355097074272e-01 1.000000000000000048e-04 1.710744706947087135e+00
-1.907991600000000787e+01 7.844779580458686175e-01 0.000000000000000000e+00 1.819250491508117129e+00
-2.030831200000001857e+01 8.349839238872130975e-01 2.000000000000000096e-04 1.673787680517007770e+00
-1.941786000000000811e+01 7.983726533398024516e-01 0.000000000000000000e+00 1.502682579168792110e+00
-1.979857000000000866e+01 8.140256888881582942e-01 0.000000000000000000e+00 1.786559106526036889e+00
-1.992364000000001312e+01 8.191679892113253869e-01 0.000000000000000000e+00 1.608917631028494499e+00
-2.047146200000000960e+01 8.416918978036168619e-01 0.000000000000000000e+00 1.525911352574306878e+00
-1.967971400000001481e+01 8.091388795237201004e-01 0.000000000000000000e+00 1.485806517647176195e+00
-1.982202200000001113e+01 8.149899267323968965e-01 1.000000000000000048e-04 1.716471750721888068e+00
-1.919551000000002716e+01 7.892306490473578462e-01 0.000000000000000000e+00 1.519507533825856349e+00
-2.010005800000000420e+01 8.264214819626838349e-01 0.000000000000000000e+00 1.638896491340832595e+00
-1.992458000000000240e+01 8.192066376666201633e-01 0.000000000000000000e+00 1.546385885825005913e+00
-2.056522200000001277e+01 8.455468756424283638e-01 0.000000000000000000e+00 1.359441988581782557e+00
-2.132125600000000887e+01 8.766314993133735856e-01 0.000000000000000000e+00 1.349009229874602589e+00
-2.128672200000000814e+01 8.752116208504308048e-01 0.000000000000000000e+00 1.232098242145889033e+00
-1.979490200000001110e+01 8.138748776817510411e-01 0.000000000000000000e+00 1.881247046212923157e+00
-2.009102000000000032e+01 8.260498811765576432e-01 0.000000000000000000e+00 1.365183295348647574e+00
-2.039271800000000923e+01 8.384543084804582103e-01 0.000000000000000000e+00 1.571881075794350435e+00
-2.016004000000000929e+01 8.288876645643007413e-01 0.000000000000000000e+00 1.518178776552931986e+00
-2.090213000000000676e+01 8.593989754047811624e-01 0.000000000000000000e+00 1.399155310943504205e+00
-2.078379400000000743e+01 8.545335460368890246e-01 0.000000000000000000e+00 1.575251091469470621e+00
-2.047692599999999885e+01 8.419165522288646342e-01 0.000000000000000000e+00 1.461821725690588547e+00
-2.008698600000000667e+01 8.258840217418121910e-01 0.000000000000000000e+00 1.598681195944540390e+00
-2.075955800000001616e+01 8.535370737363194849e-01 1.000000000000000048e-04 1.356273204292862244e+00
-2.076238400000001150e+01 8.536532657944729818e-01 1.000000000000000048e-04 1.501718268559469882e+00
-2.077465400000001594e+01 8.541577514822100703e-01 0.000000000000000000e+00 1.448131405627139934e+00
-2.106628000000000966e+01 8.661480646991591703e-01 0.000000000000000000e+00 1.381128801693994212e+00
-2.105099400000000642e+01 8.655195750314534919e-01 0.000000000000000000e+00 1.324956233606883194e+00
-2.081370600000001758e+01 8.557633892228379002e-01 0.000000000000000000e+00 1.342442081802391662e+00
-2.093765000000000853e+01 8.608593936304059779e-01 0.000000000000000000e+00 1.231516634278664757e+00
-2.098610600000001014e+01 8.628516803854981987e-01 0.000000000000000000e+00 1.616194623107506612e+00
-2.028181400000001489e+01 8.338944486016666158e-01 0.000000000000000000e+00 1.496418726376579800e+00
-2.071053600000002604e+01 8.515215156772947269e-01 0.000000000000000000e+00 1.556815959586823395e+00
-2.153157400000001331e+01 8.852788033780399912e-01 0.000000000000000000e+00 1.334560735255180486e+00
-2.081427000000001115e+01 8.557865782960147882e-01 0.000000000000000000e+00 1.803429850411025770e+00
-2.309298199999999923e+01 9.494766834691511503e-01 2.000000000000000096e-04 6.094467735362427696e-01
-2.317917200000000122e+01 9.530204178967017770e-01 2.999999999999999737e-04 5.523843048260703714e-01
-2.349344799999999367e+01 9.659419944247544798e-01 5.999999999999999474e-04 4.452988828264274890e-01
-2.304212000000000415e+01 9.473854731146544861e-01 0.000000000000000000e+00 5.167761494949896228e-01
-2.330634000000000228e+01 9.582489782828574887e-01 5.999999999999999474e-04 5.495235898099144478e-01
-2.298074400000000139e+01 9.448619756761424959e-01 2.999999999999999737e-04 7.135925720272910944e-01
-2.347469999999999857e+01 9.651711633185043882e-01 5.000000000000000104e-04 4.283992855722191240e-01
-2.359953400000000556e+01 9.703037604124696847e-01 8.999999999999999754e-04 4.609248901804703369e-01
-2.347506399999999616e+01 9.651861293160866051e-01 4.000000000000000192e-04 4.766287527875736063e-01
-2.322610599999999792e+01 9.549501270465178271e-01 5.999999999999999474e-04 5.953626165759492439e-01
-2.349496600000000157e+01 9.660044075685189080e-01 2.999999999999999737e-04 4.601516667448684594e-01
-2.321843400000000202e+01 9.546346898667040781e-01 2.999999999999999737e-04 5.476368508861360063e-01
-2.352191600000000449e+01 9.671124670049093819e-01 5.000000000000000104e-04 4.596919523491195814e-01
-2.331685199999999725e+01 9.586811831361164993e-01 5.000000000000000104e-04 6.100549441193338085e-01
-2.353443199999999891e+01 9.676270670756276226e-01 5.999999999999999474e-04 4.734023225182322214e-01
-2.303066400000000868e+01 9.469144553445884016e-01 0.000000000000000000e+00 6.468173588120567086e-01
-2.343222400000000505e+01 9.634247465236950303e-01 2.999999999999999737e-04 4.816118729701939216e-01
-2.329735400000000212e+01 9.578795154963860581e-01 1.000000000000000048e-04 5.690072317482591790e-01
-2.310876999999999626e+01 9.501258130565992666e-01 2.000000000000000096e-04 5.404134304942698197e-01
-2.288395600000000485e+01 9.408825004728270658e-01 2.999999999999999737e-04 6.294437496742971705e-01
-2.337368600000000285e+01 9.610179345278722085e-01 4.000000000000000192e-04 4.753464337988158595e-01
-2.320414200000000449e+01 9.540470688847044745e-01 2.999999999999999737e-04 6.009168236330645341e-01
-2.340571000000000979e+01 9.623346133921013568e-01 2.000000000000000096e-04 4.573385938163748166e-01
-2.332009000000000398e+01 9.588143147299954538e-01 2.000000000000000096e-04 5.372111368498935224e-01
-2.358228600000000341e+01 9.695946023731797370e-01 6.999999999999999929e-04 4.579832128324827778e-01
-2.294898399999999938e+01 9.435561512716986732e-01 0.000000000000000000e+00 4.832233243082901253e-01
-2.351724199999999954e+01 9.669202937282602717e-01 4.000000000000000192e-04 4.359335639264032003e-01
-2.302592200000000133e+01 9.467194862222368945e-01 2.000000000000000096e-04 6.342196750959300244e-01
-2.351633800000000463e+01 9.668831254265722874e-01 1.000000000000000048e-04 4.211279617379681817e-01
-2.329327800000000082e+01 9.577119292157653119e-01 2.000000000000000096e-04 5.549049370911021128e-01
-2.344589999999999463e+01 9.639870404328625408e-01 4.000000000000000192e-04 4.518281361828458964e-01
-2.352497800000000794e+01 9.672383622922648971e-01 2.999999999999999737e-04 4.939868193514160843e-01
-2.366040999999999883e+01 9.728067001619945531e-01 8.999999999999999754e-04 4.428250003207706564e-01
-2.331027000000000271e+01 9.584105617182939740e-01 6.999999999999999929e-04 6.116426112848850627e-01
-2.360223599999999422e+01 9.704148541637540593e-01 4.000000000000000192e-04 4.323970905816018617e-01
-2.343422800000000450e+01 9.635071417411542605e-01 4.000000000000000192e-04 4.503874839210422198e-01
-2.358779799999999938e+01 9.698212303365705278e-01 8.000000000000000383e-04 4.537124702413686261e-01
-2.320242999999999967e+01 9.539766793576133219e-01 2.000000000000000096e-04 5.943674246243180193e-01
-2.352416800000000663e+01 9.672050588361061907e-01 5.000000000000000104e-04 4.605919131734814154e-01
-2.300218999999999880e+01 9.457437360721656638e-01 0.000000000000000000e+00 7.132299134177828570e-01
-2.349348800000000992e+01 9.659436390398741246e-01 5.999999999999999474e-04 4.597655320932723666e-01
-2.376356799999999936e+01 9.770480803230023881e-01 8.000000000000000383e-04 3.745474680655884736e-01
-2.371864999999999668e+01 9.752012597751810175e-01 2.000000000000000096e-04 3.799698716126490017e-01
-2.356242599999999854e+01 9.687780509666225059e-01 4.000000000000000192e-04 4.382243285640977093e-01
-2.366808799999999735e+01 9.731223840340763598e-01 4.000000000000000192e-04 3.978388144447287944e-01
-2.342949400000000182e+01 9.633125015418267933e-01 4.000000000000000192e-04 5.235389177009425188e-01
-2.363853800000000049e+01 9.719074246149544960e-01 5.000000000000000104e-04 4.215221121918351077e-01
-2.378141000000000460e+01 9.777816608968088463e-01 8.999999999999999754e-04 3.713560543345273968e-01
-2.374559999999999960e+01 9.763093192115714913e-01 5.999999999999999474e-04 3.858254150637179802e-01
-2.346973000000000908e+01 9.649668198899756799e-01 1.000000000000000048e-04 4.424065202863977087e-01
-2.376599200000000423e+01 9.771477439992107827e-01 6.999999999999999929e-04 3.637715810335879207e-01
-2.347500600000000048e+01 9.651837446241643415e-01 4.000000000000000192e-04 5.090186696224826557e-01
-2.368800599999999790e+01 9.739413201325558544e-01 6.999999999999999929e-04 4.162946581303660909e-01
-2.353508599999999618e+01 9.676539565328222681e-01 5.000000000000000104e-04 4.365819860107499339e-01
-2.359660199999999719e+01 9.701832101242505724e-01 4.000000000000000192e-04 4.333423285733035701e-01
-2.348211800000001048e+01 9.654761571923135000e-01 4.000000000000000192e-04 5.336423355572431637e-01
-2.360747199999999424e+01 9.706301342828241863e-01 1.000000000000000021e-03 4.549268415111078490e-01
-2.338346400000000358e+01 9.614199606936988385e-01 4.000000000000000192e-04 4.927356296343007869e-01
-2.375605000000000189e+01 9.767389749113964958e-01 1.000000000000000021e-03 4.008427298085914248e-01
-2.349418599999999913e+01 9.659723375736992690e-01 2.999999999999999737e-04 4.223425640616649823e-01
-2.399393799999999644e+01 9.865198299467965448e-01 1.500000000000000031e-03 1.535155325803693183e-01
-2.374788600000000116e+01 9.764033089656193320e-01 5.000000000000000104e-04 3.736427627366197823e-01
-2.393059999999999476e+01 9.839156641367001743e-01 1.299999999999999940e-03 2.620954533498558447e-01
-2.348667999999999623e+01 9.656637255466288261e-01 5.999999999999999474e-04 5.350965082406281548e-01
-2.398465999999999809e+01 9.861383614699569256e-01 1.000000000000000021e-03 1.129461496788305430e-01
-2.364968000000000004e+01 9.723655321563371423e-01 8.999999999999999754e-04 4.420460307856329818e-01
-2.388822799999999802e+01 9.821735233412000055e-01 5.999999999999999474e-04 2.622966044443391098e-01
-2.379783600000000021e+01 9.784570220954041941e-01 5.999999999999999474e-04 3.497571155859873215e-01
-2.385152000000000072e+01 9.806642600465426129e-01 8.000000000000000383e-04 3.228756072820883616e-01
-2.357925799999999583e+01 9.694701050086751426e-01 8.999999999999999754e-04 4.711531645662667689e-01
-2.395887799999999856e+01 9.850783247950397614e-01 1.199999999999999895e-03 1.812429540699446451e-01
-2.385261000000000209e+01 9.807090758085340587e-01 8.999999999999999754e-04 3.055830676135719570e-01
-2.391042799999999957e+01 9.830862847322154874e-01 1.799999999999999951e-03 2.722065808213024463e-01
-2.363383199999999817e+01 9.717139356462103361e-01 8.000000000000000383e-04 4.479698427079183976e-01
-2.382597799999999566e+01 9.796140910623389875e-01 5.999999999999999474e-04 3.227483191139940977e-01
-2.398840600000000123e+01 9.862923796758463757e-01 1.100000000000000066e-03 1.177989777356137635e-01
-2.374732999999999805e+01 9.763804488154659289e-01 8.999999999999999754e-04 3.930684885190696143e-01
-2.395976199999999778e+01 9.851146707891684784e-01 1.100000000000000066e-03 1.710159534054994379e-01
-2.376221199999999456e+01 9.769923278704698566e-01 8.999999999999999754e-04 3.850793939599009841e-01
-2.368504799999999832e+01 9.738197008445098612e-01 6.999999999999999929e-04 4.243775992717288559e-01
-2.396719799999999623e+01 9.854204047397806532e-01 1.399999999999999986e-03 1.863177225422567862e-01
-2.368309399999999698e+01 9.737393613959491878e-01 1.000000000000000021e-03 4.335909383068535239e-01
-2.374906399999999707e+01 9.764517428808722199e-01 6.999999999999999929e-04 3.842509374527701138e-01
-2.389539200000000108e+01 9.824680739090034809e-01 1.000000000000000021e-03 2.388133829050320955e-01
-2.396760399999999436e+01 9.854370975832378310e-01 1.000000000000000021e-03 1.455544911118454576e-01
-2.394358599999999981e+01 9.844495884350664694e-01 1.199999999999999895e-03 2.114896855043939261e-01
-2.370267000000000124e+01 9.745442360351619371e-01 8.999999999999999754e-04 4.262445567056680762e-01
-2.349415199999999970e+01 9.659709396508482371e-01 5.999999999999999474e-04 4.358693717019797575e-01
-2.393025599999999642e+01 9.839015204466773357e-01 8.000000000000000383e-04 1.826736541021454496e-01
-2.374945799999999352e+01 9.764679423397937263e-01 8.000000000000000383e-04 3.794170214921559481e-01
-2.382573000000000363e+01 9.796038944486018529e-01 5.000000000000000104e-04 3.060765856164531229e-01
-2.373693599999999648e+01 9.759530955768075389e-01 8.000000000000000383e-04 4.071026762303814328e-01
-2.381075199999999725e+01 9.789880683173118880e-01 8.000000000000000383e-04 3.533120143596996665e-01
-2.360673199999999738e+01 9.705997089031238589e-01 4.000000000000000192e-04 4.298941934377744079e-01
-2.368140999999999607e+01 9.736701230994414535e-01 6.999999999999999929e-04 4.170568503988946185e-01
-2.367963600000000213e+01 9.735971844189165170e-01 6.999999999999999929e-04 4.141024743912660733e-01
-2.366190599999999478e+01 9.728682087674429546e-01 5.000000000000000104e-04 4.104239448534771628e-01
-2.398466000000000165e+01 9.861383614699570366e-01 1.000000000000000021e-03 1.129461496788305569e-01
-2.398748199999999997e+01 9.862543890665986801e-01 3.099999999999999891e-03 2.805590092164664817e-01
-2.392371000000000336e+01 9.836323791824619356e-01 8.999999999999999754e-04 2.273865757877646665e-01
-2.370035399999999726e+01 9.744490128197748069e-01 5.000000000000000104e-04 3.977435332807638946e-01
-2.367189000000000121e+01 9.732787047011324244e-01 8.000000000000000383e-04 4.300620846653029905e-01
-2.376035399999999598e+01 9.769159354981948873e-01 4.000000000000000192e-04 3.663513044424243636e-01
-2.397211599999999976e+01 9.856226101686552665e-01 1.399999999999999986e-03 1.790249532406819888e-01
-2.398091399999999851e+01 9.859843432640675864e-01 8.999999999999999754e-04 1.077437598277424108e-01
-2.380615000000000236e+01 9.787988553478773612e-01 2.000000000000000096e-04 3.032005601857775678e-01
-2.393447199999999953e+01 9.840748628802145070e-01 8.999999999999999754e-04 1.806495653764688125e-01
-2.400339000000000311e+01 9.869084524994039542e-01 1.500000000000000031e-03 1.344328073684760427e-01
-2.401837399999999789e+01 9.875245253229611997e-01 1.899999999999999996e-03 1.476962557536123655e-01
-2.395412600000000225e+01 9.848829445189091203e-01 1.399999999999999986e-03 1.975870250003397277e-01
-2.382699199999999706e+01 9.796557820556043295e-01 1.000000000000000021e-03 3.244994827095838974e-01
-2.397118200000000598e+01 9.855842084056281038e-01 1.299999999999999940e-03 1.679241798484598092e-01
-2.400327799999999812e+01 9.869038475770707253e-01 1.600000000000000077e-03 1.447851683207110607e-01
-2.399947599999999781e+01 9.867475269100147717e-01 1.699999999999999905e-03 1.603627775647543940e-01
-2.360285799999999767e+01 9.704404279288538770e-01 8.000000000000000383e-04 4.158086246815900777e-01
-2.407831000000000188e+01 9.899888166171912918e-01 3.500000000000000073e-03 1.795729330462373652e-01
-2.402961199999999664e+01 9.879865799406292171e-01 2.200000000000000133e-03 1.559584166800030702e-01
-2.403710399999999581e+01 9.882946163524080063e-01 2.399999999999999790e-03 1.607913171182019652e-01
-2.403335799999999978e+01 9.881405981465187782e-01 2.299999999999999961e-03 1.584380382217467353e-01
-2.402211999999999748e+01 9.876785435288505388e-01 2.000000000000000042e-03 1.505948662384407055e-01
-2.404459599999999853e+01 9.886026527641867956e-01 2.599999999999999881e-03 1.651401632528927133e-01
-2.362308799999999565e+01 9.712721920252611607e-01 8.999999999999999754e-04 4.995062542514988602e-01
-2.403710399999999581e+01 9.882946163524080063e-01 2.399999999999999790e-03 1.607913171182019652e-01
-2.401462799999999831e+01 9.873705071170718606e-01 1.799999999999999951e-03 1.446416457066476424e-01
-2.402211999999999748e+01 9.876785435288505388e-01 2.000000000000000042e-03 1.505948662384407055e-01
-2.375794600000000401e+01 9.768169296680345726e-01 8.000000000000000383e-04 3.833773369789751362e-01
-2.404084999999999539e+01 9.884486345582973454e-01 2.500000000000000052e-03 1.630237248025114272e-01
-2.401082599999999445e+01 9.872141864500157959e-01 1.699999999999999905e-03 1.414475057854658324e-01
-2.401088199999999517e+01 9.872164889111824104e-01 1.699999999999999905e-03 1.414209279585117440e-01
-2.400339000000000311e+01 9.869084524994039542e-01 1.500000000000000031e-03 1.344328073684760427e-01
-2.402961199999999664e+01 9.879865799406292171e-01 2.200000000000000133e-03 1.559584166800030702e-01
-2.401831799999999717e+01 9.875222228617946962e-01 1.899999999999999996e-03 1.477245733509401082e-01
-2.403335799999999978e+01 9.881405981465187782e-01 2.299999999999999961e-03 1.584380382217467353e-01
-2.402211999999999748e+01 9.876785435288505388e-01 2.000000000000000042e-03 1.505948662384407055e-01
-2.399964399999999642e+01 9.867544342935142820e-01 1.399999999999999986e-03 1.306361639722087853e-01
-2.401462799999999831e+01 9.873705071170718606e-01 1.799999999999999951e-03 1.446416457066476424e-01
-2.402586599999999706e+01 9.878325617347398779e-01 2.099999999999999870e-03 1.533463237053288852e-01
-2.399215200000000081e+01 9.864463978817358258e-01 1.199999999999999895e-03 1.223438476862107605e-01
-2.401088199999999517e+01 9.872164889111824104e-01 1.699999999999999905e-03 1.414209279585117440e-01
-2.406332599999999999e+01 9.893727437936337132e-01 3.099999999999999891e-03 1.741227702374151531e-01
-2.407081799999999916e+01 9.896807802054123915e-01 3.299999999999999982e-03 1.770290533594231497e-01
-2.394719999999999871e+01 9.845981794110633123e-01 0.000000000000000000e+00 0.000000000000000000e+00
-2.404459599999999853e+01 9.886026527641867956e-01 2.599999999999999881e-03 1.651401632528927133e-01
-2.400299799999999806e+01 9.868923352712380970e-01 1.899999999999999996e-03 1.721268794297458604e-01
-2.406332599999999999e+01 9.893727437936337132e-01 3.099999999999999891e-03 1.741227702374151531e-01
-2.399947599999999781e+01 9.867475269100147717e-01 1.600000000000000077e-03 1.511257414248552144e-01
-2.405208799999999769e+01 9.889106891759654738e-01 2.799999999999999972e-03 1.690423181013886167e-01
-2.400339000000000311e+01 9.869084524994039542e-01 1.500000000000000031e-03 1.344328073684760427e-01
-2.404084999999999539e+01 9.884486345582973454e-01 2.500000000000000052e-03 1.630237248025114272e-01
-2.401088199999999517e+01 9.872164889111824104e-01 1.699999999999999905e-03 1.414209279585117440e-01
-2.402211999999999748e+01 9.876785435288505388e-01 2.000000000000000042e-03 1.505948662384407055e-01
-2.402211999999999748e+01 9.876785435288505388e-01 2.000000000000000042e-03 1.505948662384407055e-01
-2.399215200000000081e+01 9.864463978817358258e-01 1.199999999999999895e-03 1.223438476862107605e-01
-2.404084999999999539e+01 9.884486345582973454e-01 2.500000000000000052e-03 1.630237248025114272e-01
-2.403335799999999978e+01 9.881405981465187782e-01 2.299999999999999961e-03 1.584380382217467353e-01
-2.402961199999999664e+01 9.879865799406292171e-01 2.200000000000000133e-03 1.559584166800030702e-01
-2.400339000000000311e+01 9.869084524994039542e-01 1.500000000000000031e-03 1.344328073684760427e-01
-2.403710399999999581e+01 9.882946163524080063e-01 2.399999999999999790e-03 1.607913171182019652e-01
-2.408205599999999791e+01 9.901428348230804088e-01 3.599999999999999901e-03 1.807138394861288744e-01
-2.408190799999999854e+01 9.901367497471403878e-01 5.799999999999999600e-03 3.196812243280467980e-01
-2.400713599999999559e+01 9.870624707052930713e-01 1.600000000000000077e-03 1.380224747618808423e-01
-2.381851199999999835e+01 9.793071236503876342e-01 1.600000000000000077e-03 3.765377546310939016e-01
-2.403866599999999920e+01 9.883588385728029335e-01 3.000000000000000062e-03 2.072801472364972364e-01
-2.383849200000000224e+01 9.801286089023016901e-01 1.000000000000000021e-03 3.300579348226514997e-01
-2.399187199999999720e+01 9.864348855759029755e-01 1.600000000000000077e-03 1.628000980815231813e-01
-2.432179999999999964e+01 1.000000000000000000e+00 1.060000000000000005e-02 0.000000000000000000e+00
-2.429557799999999901e+01 9.989218725587744041e-01 9.299999999999999239e-03 9.605957703110085122e-02
-2.429557799999999901e+01 9.989218725587744041e-01 9.299999999999999239e-03 9.605957703110085122e-02
-2.432179999999999964e+01 1.000000000000000000e+00 1.009999999999999960e-02 0.000000000000000000e+00
-2.432179999999999964e+01 1.000000000000000000e+00 1.179999999999999973e-02 0.000000000000000000e+00
-2.429183199999999943e+01 9.987678543528850650e-01 9.199999999999999845e-03 1.021384076593715856e-01
-2.430306999999999817e+01 9.992299089705530823e-01 9.499999999999999764e-03 8.205347541867356875e-02
-2.424313399999999774e+01 9.967656176763232123e-01 7.900000000000000772e-03 1.533463237053288852e-01
-2.429932399999999859e+01 9.990758907646637432e-01 9.400000000000000369e-03 8.941074791334809035e-02
-2.425437200000000004e+01 9.972276722939914517e-01 8.200000000000000691e-03 1.446416457066476147e-01
-2.417195999999999856e+01 9.938392717644253249e-01 6.000000000000000125e-03 1.844402900834326287e-01
-2.429183199999999943e+01 9.987678543528850650e-01 9.199999999999999845e-03 1.021384076593715856e-01
-2.416821399999999898e+01 9.936852535585359858e-01 5.899999999999999863e-03 1.851689269807223481e-01
-2.432179999999999964e+01 1.000000000000000000e+00 1.000000000000000021e-02 0.000000000000000000e+00
-2.426186399999999921e+01 9.975357087057701300e-01 8.399999999999999481e-03 1.380224747618808701e-01
-2.432179999999999964e+01 1.000000000000000000e+00 1.060000000000000005e-02 0.000000000000000000e+00
-2.425811799999999963e+01 9.973816904998807908e-01 8.300000000000000086e-03 1.414209279585117440e-01
-2.432179999999999964e+01 1.000000000000000000e+00 1.030000000000000013e-02 0.000000000000000000e+00
-2.432179999999999964e+01 1.000000000000000000e+00 1.000000000000000021e-02 0.000000000000000000e+00
-2.430681599999999776e+01 9.993839271764424215e-01 9.599999999999999159e-03 7.377611603337315416e-02
-2.421691199999999711e+01 9.956874902350976164e-01 7.199999999999999803e-03 1.690423181013886167e-01
-2.432179999999999964e+01 1.000000000000000000e+00 1.000000000000000021e-02 0.000000000000000000e+00
-2.428808599999999984e+01 9.986138361469957259e-01 9.100000000000000450e-03 1.077437598277423969e-01
-2.432179999999999964e+01 1.000000000000000000e+00 1.409999999999999969e-02 0.000000000000000000e+00
-2.417570599999999814e+01 9.939932899703146640e-01 6.100000000000000387e-03 1.836315908980743483e-01
-2.427684799999999754e+01 9.981517815293274865e-01 8.800000000000000530e-03 1.223438476862107605e-01
-2.429557799999999901e+01 9.989218725587744041e-01 9.299999999999999239e-03 9.605957703110085122e-02
-2.432179999999999964e+01 1.000000000000000000e+00 1.060000000000000005e-02 0.000000000000000000e+00
-2.410078600000000293e+01 9.909129258525275485e-01 4.100000000000000346e-03 1.851689269807223481e-01
-2.430681599999999776e+01 9.993839271764424215e-01 9.599999999999999159e-03 7.377611603337315416e-02
-2.419443600000000316e+01 9.947633809997616927e-01 6.599999999999999964e-03 1.783452726221438911e-01
-2.424688000000000088e+01 9.969196358822126625e-01 8.000000000000000167e-03 1.505948662384407055e-01
-2.411196800000000096e+01 9.913726780090289514e-01 4.400000000000000265e-03 1.869340351865098060e-01
-2.429183199999999943e+01 9.987678543528850650e-01 9.199999999999999845e-03 1.021384076593715856e-01
-2.432179999999999964e+01 1.000000000000000000e+00 1.220000000000000077e-02 0.000000000000000000e+00
-2.432179999999999964e+01 1.000000000000000000e+00 1.149999999999999981e-02 0.000000000000000000e+00
-2.432179999999999964e+01 1.000000000000000000e+00 1.770000000000000046e-02 0.000000000000000000e+00
-2.431056199999999734e+01 9.995379453823317606e-01 9.700000000000000289e-03 6.422389935596303778e-02
-2.432179999999999964e+01 1.000000000000000000e+00 1.739999999999999880e-02 0.000000000000000000e+00
-2.432179999999999964e+01 1.000000000000000000e+00 1.030000000000000013e-02 0.000000000000000000e+00
-2.428808599999999984e+01 9.986138361469957259e-01 9.100000000000000450e-03 1.077437598277423969e-01
-2.428808599999999984e+01 9.986138361469957259e-01 9.100000000000000450e-03 1.077437598277423969e-01
-2.432179999999999964e+01 1.000000000000000000e+00 1.000000000000000021e-02 0.000000000000000000e+00
-2.432179999999999964e+01 1.000000000000000000e+00 1.230000000000000017e-02 0.000000000000000000e+00
-2.432179999999999964e+01 1.000000000000000000e+00 1.110000000000000049e-02 0.000000000000000000e+00
-2.432179999999999964e+01 1.000000000000000000e+00 1.129999999999999928e-02 0.000000000000000000e+00
-2.432179999999999964e+01 1.000000000000000000e+00 1.060000000000000005e-02 0.000000000000000000e+00
-2.432179999999999964e+01 1.000000000000000000e+00 1.119999999999999989e-02 0.000000000000000000e+00
-2.432179999999999964e+01 1.000000000000000000e+00 1.290000000000000001e-02 0.000000000000000000e+00
-2.432179999999999964e+01 1.000000000000000000e+00 1.050000000000000065e-02 0.000000000000000000e+00
-2.429183199999999943e+01 9.987678543528850650e-01 9.199999999999999845e-03 1.021384076593715856e-01
-2.432179999999999964e+01 1.000000000000000000e+00 1.129999999999999928e-02 0.000000000000000000e+00
-2.432179999999999964e+01 1.000000000000000000e+00 1.129999999999999928e-02 0.000000000000000000e+00
-2.432179999999999964e+01 1.000000000000000000e+00 1.080000000000000057e-02 0.000000000000000000e+00
-2.432179999999999964e+01 1.000000000000000000e+00 1.110000000000000049e-02 0.000000000000000000e+00
-2.430681599999999776e+01 9.993839271764424215e-01 9.599999999999999159e-03 7.377611603337315416e-02
-2.428059400000000068e+01 9.983057997352170476e-01 8.899999999999999925e-03 1.177989777356137774e-01
-2.428434000000000026e+01 9.984598179411063867e-01 8.999999999999999320e-03 1.129461496788305847e-01
-2.429932399999999859e+01 9.990758907646637432e-01 9.400000000000000369e-03 8.941074791334809035e-02
-2.432179999999999964e+01 1.000000000000000000e+00 1.359999999999999924e-02 0.000000000000000000e+00
-2.432179999999999964e+01 1.000000000000000000e+00 1.000000000000000021e-02 0.000000000000000000e+00
-2.432179999999999964e+01 1.000000000000000000e+00 1.060000000000000005e-02 0.000000000000000000e+00
-2.432179999999999964e+01 1.000000000000000000e+00 1.039999999999999952e-02 0.000000000000000000e+00
-2.432179999999999964e+01 1.000000000000000000e+00 1.050000000000000065e-02 0.000000000000000000e+00
-2.432179999999999964e+01 1.000000000000000000e+00 1.220000000000000077e-02 0.000000000000000000e+00
-2.426935599999999837e+01 9.978437451175488082e-01 8.600000000000000006e-03 1.306361639722087853e-01
-2.428808599999999984e+01 9.986138361469957259e-01 9.100000000000000450e-03 1.077437598277423969e-01
-2.432179999999999964e+01 1.000000000000000000e+00 1.060000000000000005e-02 0.000000000000000000e+00
-2.431430799999999692e+01 9.996919635882210997e-01 9.799999999999999684e-03 5.270820318345431632e-02
-2.429557799999999901e+01 9.989218725587744041e-01 9.299999999999999239e-03 9.605957703110085122e-02
-2.429932399999999859e+01 9.990758907646637432e-01 9.400000000000000369e-03 8.941074791334809035e-02
-2.432179999999999964e+01 1.000000000000000000e+00 1.290000000000000001e-02 0.000000000000000000e+00
-2.432179999999999964e+01 1.000000000000000000e+00 1.069999999999999944e-02 0.000000000000000000e+00
-2.432179999999999964e+01 1.000000000000000000e+00 1.170000000000000033e-02 0.000000000000000000e+00
-2.432179999999999964e+01 1.000000000000000000e+00 1.099999999999999936e-02 0.000000000000000000e+00
-2.432179999999999964e+01 1.000000000000000000e+00 1.340000000000000045e-02 0.000000000000000000e+00
-2.432179999999999964e+01 1.000000000000000000e+00 1.009999999999999960e-02 0.000000000000000000e+00
-2.426560999999999879e+01 9.976897269116594691e-01 8.500000000000000611e-03 1.344328073684760427e-01
-2.432179999999999964e+01 1.000000000000000000e+00 1.149999999999999981e-02 0.000000000000000000e+00
-2.430306999999999817e+01 9.992299089705530823e-01 9.499999999999999764e-03 8.205347541867356875e-02
-2.432179999999999964e+01 1.000000000000000000e+00 1.149999999999999981e-02 0.000000000000000000e+00
-2.430681599999999776e+01 9.993839271764424215e-01 9.599999999999999159e-03 7.377611603337315416e-02
-2.432179999999999964e+01 1.000000000000000000e+00 1.089999999999999997e-02 0.000000000000000000e+00
-2.431056199999999734e+01 9.995379453823317606e-01 9.700000000000000289e-03 6.422389935596303778e-02
-2.432179999999999964e+01 1.000000000000000000e+00 1.050000000000000065e-02 0.000000000000000000e+00
-2.432179999999999964e+01 1.000000000000000000e+00 1.069999999999999944e-02 0.000000000000000000e+00
-2.432179999999999964e+01 1.000000000000000000e+00 1.159999999999999920e-02 0.000000000000000000e+00
-2.432179999999999964e+01 1.000000000000000000e+00 1.000000000000000021e-02 0.000000000000000000e+00
-2.430681599999999776e+01 9.993839271764424215e-01 9.599999999999999159e-03 7.377611603337315416e-02
-2.432179999999999964e+01 1.000000000000000000e+00 1.020000000000000073e-02 0.000000000000000000e+00
-2.432179999999999964e+01 1.000000000000000000e+00 1.129999999999999928e-02 0.000000000000000000e+00
-2.424313399999999774e+01 9.967656176763232123e-01 7.900000000000000772e-03 1.533463237053288852e-01
-2.426560999999999879e+01 9.976897269116594691e-01 8.500000000000000611e-03 1.344328073684760427e-01
-2.427684799999999754e+01 9.981517815293274865e-01 8.800000000000000530e-03 1.223438476862107605e-01
-2.428059400000000068e+01 9.983057997352170476e-01 8.899999999999999925e-03 1.177989777356137774e-01
-2.432179999999999964e+01 1.000000000000000000e+00 1.510000000000000057e-02 0.000000000000000000e+00
-2.432179999999999964e+01 1.000000000000000000e+00 1.099999999999999936e-02 0.000000000000000000e+00
-2.432179999999999964e+01 1.000000000000000000e+00 1.030000000000000013e-02 0.000000000000000000e+00
-2.432179999999999964e+01 1.000000000000000000e+00 1.089999999999999997e-02 0.000000000000000000e+00
-2.430681599999999776e+01 9.993839271764424215e-01 9.599999999999999159e-03 7.377611603337315416e-02
-2.432179999999999964e+01 1.000000000000000000e+00 1.060000000000000005e-02 0.000000000000000000e+00
-2.425437200000000004e+01 9.972276722939914517e-01 8.200000000000000691e-03 1.446416457066476147e-01
-2.432179999999999964e+01 1.000000000000000000e+00 1.039999999999999952e-02 0.000000000000000000e+00
-2.430306999999999817e+01 9.992299089705530823e-01 9.499999999999999764e-03 8.205347541867356875e-02
-2.430681599999999776e+01 9.993839271764424215e-01 9.599999999999999159e-03 7.377611603337315416e-02
-2.432179999999999964e+01 1.000000000000000000e+00 1.129999999999999928e-02 0.000000000000000000e+00
-2.432179999999999964e+01 1.000000000000000000e+00 1.009999999999999960e-02 0.000000000000000000e+00
-2.432179999999999964e+01 1.000000000000000000e+00 1.280000000000000061e-02 0.000000000000000000e+00
-2.432179999999999964e+01 1.000000000000000000e+00 1.140000000000000041e-02 0.000000000000000000e+00
-2.432179999999999964e+01 1.000000000000000000e+00 1.110000000000000049e-02 0.000000000000000000e+00
-2.432179999999999964e+01 1.000000000000000000e+00 1.190000000000000085e-02 0.000000000000000000e+00
-2.431056199999999734e+01 9.995379453823317606e-01 9.700000000000000289e-03 6.422389935596303778e-02
-2.431056199999999734e+01 9.995379453823317606e-01 9.700000000000000289e-03 6.422389935596303778e-02
-2.432179999999999964e+01 1.000000000000000000e+00 1.050000000000000065e-02 0.000000000000000000e+00
-2.432179999999999964e+01 1.000000000000000000e+00 1.119999999999999989e-02 0.000000000000000000e+00
-2.428434000000000026e+01 9.984598179411063867e-01 8.999999999999999320e-03 1.129461496788305847e-01
-2.432179999999999964e+01 1.000000000000000000e+00 1.110000000000000049e-02 0.000000000000000000e+00
-2.432179999999999964e+01 1.000000000000000000e+00 1.050000000000000065e-02 0.000000000000000000e+00
-2.432179999999999964e+01 1.000000000000000000e+00 1.020000000000000073e-02 0.000000000000000000e+00
-2.427684799999999754e+01 9.981517815293274865e-01 8.800000000000000530e-03 1.223438476862107605e-01
-2.431805400000000006e+01 9.998459817941106609e-01 9.900000000000000813e-03 3.745999999999997943e-02
-2.416446799999999939e+01 9.935312353526465357e-01 5.799999999999999600e-03 1.858184434203227486e-01
-2.432179999999999964e+01 1.000000000000000000e+00 1.200000000000000025e-02 0.000000000000000000e+00
-2.432179999999999964e+01 1.000000000000000000e+00 1.089999999999999997e-02 0.000000000000000000e+00
-2.432179999999999964e+01 1.000000000000000000e+00 1.099999999999999936e-02 0.000000000000000000e+00
-2.429557799999999901e+01 9.989218725587744041e-01 9.299999999999999239e-03 9.605957703110085122e-02
-2.432179999999999964e+01 1.000000000000000000e+00 1.280000000000000061e-02 0.000000000000000000e+00
-2.432179999999999964e+01 1.000000000000000000e+00 1.119999999999999989e-02 0.000000000000000000e+00
-2.432179999999999964e+01 1.000000000000000000e+00 1.329999999999999932e-02 0.000000000000000000e+00
-2.432179999999999964e+01 1.000000000000000000e+00 1.000000000000000021e-02 0.000000000000000000e+00
-2.432179999999999964e+01 1.000000000000000000e+00 1.060000000000000005e-02 0.000000000000000000e+00
-2.432179999999999964e+01 1.000000000000000000e+00 1.110000000000000049e-02 0.000000000000000000e+00
-2.432179999999999964e+01 1.000000000000000000e+00 1.060000000000000005e-02 0.000000000000000000e+00
-2.432179999999999964e+01 1.000000000000000000e+00 1.099999999999999936e-02 0.000000000000000000e+00
-2.432179999999999964e+01 1.000000000000000000e+00 1.080000000000000057e-02 0.000000000000000000e+00
-2.432179999999999964e+01 1.000000000000000000e+00 1.129999999999999928e-02 0.000000000000000000e+00
-2.432179999999999964e+01 1.000000000000000000e+00 1.140000000000000041e-02 0.000000000000000000e+00
-2.431430799999999692e+01 9.996919635882210997e-01 9.799999999999999684e-03 5.270820318345431632e-02
-2.432179999999999964e+01 1.000000000000000000e+00 1.140000000000000041e-02 0.000000000000000000e+00
-2.432179999999999964e+01 1.000000000000000000e+00 1.099999999999999936e-02 0.000000000000000000e+00
-2.429183199999999943e+01 9.987678543528850650e-01 9.199999999999999845e-03 1.021384076593715856e-01
-2.430681599999999776e+01 9.993839271764424215e-01 9.599999999999999159e-03 7.377611603337315416e-02
-2.432179999999999964e+01 1.000000000000000000e+00 1.110000000000000049e-02 0.000000000000000000e+00
-2.432179999999999964e+01 1.000000000000000000e+00 1.099999999999999936e-02 0.000000000000000000e+00
-2.432179999999999964e+01 1.000000000000000000e+00 1.089999999999999997e-02 0.000000000000000000e+00
-2.432179999999999964e+01 1.000000000000000000e+00 1.140000000000000041e-02 0.000000000000000000e+00
-2.431430799999999692e+01 9.996919635882210997e-01 9.799999999999999684e-03 5.270820318345431632e-02
-2.432179999999999964e+01 1.000000000000000000e+00 1.069999999999999944e-02 0.000000000000000000e+00
-2.432179999999999964e+01 1.000000000000000000e+00 1.140000000000000041e-02 0.000000000000000000e+00
-2.432179999999999964e+01 1.000000000000000000e+00 1.050000000000000065e-02 0.000000000000000000e+00
-2.425437200000000004e+01 9.972276722939914517e-01 8.200000000000000691e-03 1.446416457066476147e-01
-2.432179999999999964e+01 1.000000000000000000e+00 1.080000000000000057e-02 0.000000000000000000e+00
-2.432179999999999964e+01 1.000000000000000000e+00 1.140000000000000041e-02 0.000000000000000000e+00
-2.432179999999999964e+01 1.000000000000000000e+00 1.159999999999999920e-02 0.000000000000000000e+00
-2.432179999999999964e+01 1.000000000000000000e+00 1.030000000000000013e-02 0.000000000000000000e+00
-2.432179999999999964e+01 1.000000000000000000e+00 1.080000000000000057e-02 0.000000000000000000e+00
-2.428808599999999984e+01 9.986138361469957259e-01 9.100000000000000450e-03 1.077437598277423969e-01
-2.432179999999999964e+01 1.000000000000000000e+00 1.129999999999999928e-02 0.000000000000000000e+00
-2.430306999999999817e+01 9.992299089705530823e-01 9.499999999999999764e-03 8.205347541867356875e-02
-2.432179999999999964e+01 1.000000000000000000e+00 1.119999999999999989e-02 0.000000000000000000e+00
-2.432179999999999964e+01 1.000000000000000000e+00 1.099999999999999936e-02 0.000000000000000000e+00
-2.432179999999999964e+01 1.000000000000000000e+00 1.129999999999999928e-02 0.000000000000000000e+00
-2.432179999999999964e+01 1.000000000000000000e+00 1.069999999999999944e-02 0.000000000000000000e+00
-2.432179999999999964e+01 1.000000000000000000e+00 1.140000000000000041e-02 0.000000000000000000e+00
-2.432179999999999964e+01 1.000000000000000000e+00 1.020000000000000073e-02 0.000000000000000000e+00
-2.432179999999999964e+01 1.000000000000000000e+00 1.239999999999999956e-02 0.000000000000000000e+00
-2.428434000000000026e+01 9.984598179411063867e-01 8.999999999999999320e-03 1.129461496788305847e-01
-2.431805400000000006e+01 9.998459817941106609e-01 9.900000000000000813e-03 3.745999999999997943e-02
-2.432179999999999964e+01 1.000000000000000000e+00 1.039999999999999952e-02 0.000000000000000000e+00
-2.432179999999999964e+01 1.000000000000000000e+00 1.050000000000000065e-02 0.000000000000000000e+00
-2.432179999999999964e+01 1.000000000000000000e+00 1.039999999999999952e-02 0.000000000000000000e+00
-2.432179999999999964e+01 1.000000000000000000e+00 1.110000000000000049e-02 0.000000000000000000e+00
-2.432179999999999964e+01 1.000000000000000000e+00 1.159999999999999920e-02 0.000000000000000000e+00
-2.432179999999999964e+01 1.000000000000000000e+00 1.159999999999999920e-02 0.000000000000000000e+00
-2.432179999999999964e+01 1.000000000000000000e+00 1.050000000000000065e-02 0.000000000000000000e+00
-2.429557799999999901e+01 9.989218725587744041e-01 9.299999999999999239e-03 9.605957703110085122e-02
-2.431805400000000006e+01 9.998459817941106609e-01 9.900000000000000813e-03 3.745999999999997943e-02
-2.432179999999999964e+01 1.000000000000000000e+00 1.099999999999999936e-02 0.000000000000000000e+00
-2.429557799999999901e+01 9.989218725587744041e-01 9.299999999999999239e-03 9.605957703110085122e-02
-2.432179999999999964e+01 1.000000000000000000e+00 1.140000000000000041e-02 0.000000000000000000e+00
-2.432179999999999964e+01 1.000000000000000000e+00 1.030000000000000013e-02 0.000000000000000000e+00
-2.432179999999999964e+01 1.000000000000000000e+00 1.069999999999999944e-02 0.000000000000000000e+00
-2.432179999999999964e+01 1.000000000000000000e+00 1.179999999999999973e-02 0.000000000000000000e+00
-2.432179999999999964e+01 1.000000000000000000e+00 1.179999999999999973e-02 0.000000000000000000e+00
-2.430306999999999817e+01 9.992299089705530823e-01 9.499999999999999764e-03 8.205347541867356875e-02
-2.432179999999999964e+01 1.000000000000000000e+00 1.069999999999999944e-02 0.000000000000000000e+00
-2.432179999999999964e+01 1.000000000000000000e+00 1.039999999999999952e-02 0.000000000000000000e+00
-2.432179999999999964e+01 1.000000000000000000e+00 1.050000000000000065e-02 0.000000000000000000e+00
-2.432179999999999964e+01 1.000000000000000000e+00 1.149999999999999981e-02 0.000000000000000000e+00
-2.432179999999999964e+01 1.000000000000000000e+00 1.089999999999999997e-02 0.000000000000000000e+00
-2.432179999999999964e+01 1.000000000000000000e+00 1.250000000000000069e-02 0.000000000000000000e+00
-2.428808599999999984e+01 9.986138361469957259e-01 9.100000000000000450e-03 1.077437598277423969e-01
-2.425062600000000046e+01 9.970736540881021126e-01 8.099999999999999561e-03 1.476962557536123655e-01
-2.432179999999999964e+01 1.000000000000000000e+00 1.050000000000000065e-02 0.000000000000000000e+00
-2.432179999999999964e+01 1.000000000000000000e+00 1.159999999999999920e-02 0.000000000000000000e+00
-2.427310200000000151e+01 9.979977633234382584e-01 8.699999999999999400e-03 1.266139268035161858e-01
-2.432179999999999964e+01 1.000000000000000000e+00 1.089999999999999997e-02 0.000000000000000000e+00
-2.432179999999999964e+01 1.000000000000000000e+00 1.159999999999999920e-02 0.000000000000000000e+00
-2.430306999999999817e+01 9.992299089705530823e-01 9.499999999999999764e-03 8.205347541867356875e-02
-2.432179999999999964e+01 1.000000000000000000e+00 1.170000000000000033e-02 0.000000000000000000e+00
-2.430306999999999817e+01 9.992299089705530823e-01 9.499999999999999764e-03 8.205347541867356875e-02
-2.432179999999999964e+01 1.000000000000000000e+00 1.140000000000000041e-02 0.000000000000000000e+00
-2.432179999999999964e+01 1.000000000000000000e+00 1.250000000000000069e-02 0.000000000000000000e+00
-2.426560999999999879e+01 9.976897269116594691e-01 8.500000000000000611e-03 1.344328073684760427e-01
-2.432179999999999964e+01 1.000000000000000000e+00 1.080000000000000057e-02 0.000000000000000000e+00
-2.432179999999999964e+01 1.000000000000000000e+00 1.080000000000000057e-02 0.000000000000000000e+00
-2.432179999999999964e+01 1.000000000000000000e+00 1.220000000000000077e-02 0.000000000000000000e+00
-2.432179999999999964e+01 1.000000000000000000e+00 1.129999999999999928e-02 0.000000000000000000e+00
-2.432179999999999964e+01 1.000000000000000000e+00 1.119999999999999989e-02 0.000000000000000000e+00
-2.432179999999999964e+01 1.000000000000000000e+00 1.140000000000000041e-02 0.000000000000000000e+00
-2.432179999999999964e+01 1.000000000000000000e+00 1.009999999999999960e-02 0.000000000000000000e+00
-2.432179999999999964e+01 1.000000000000000000e+00 1.250000000000000069e-02 0.000000000000000000e+00
-2.432179999999999964e+01 1.000000000000000000e+00 1.000000000000000021e-02 0.000000000000000000e+00
-2.432179999999999964e+01 1.000000000000000000e+00 1.000000000000000021e-02 0.000000000000000000e+00
-2.432179999999999964e+01 1.000000000000000000e+00 1.020000000000000073e-02 0.000000000000000000e+00
-2.427310200000000151e+01 9.979977633234382584e-01 8.699999999999999400e-03 1.266139268035161858e-01
-2.432179999999999964e+01 1.000000000000000000e+00 1.080000000000000057e-02 0.000000000000000000e+00
-2.432179999999999964e+01 1.000000000000000000e+00 1.039999999999999952e-02 0.000000000000000000e+00
-2.432179999999999964e+01 1.000000000000000000e+00 1.099999999999999936e-02 0.000000000000000000e+00
-2.432179999999999964e+01 1.000000000000000000e+00 1.009999999999999960e-02 0.000000000000000000e+00
-2.429183199999999943e+01 9.987678543528850650e-01 9.199999999999999845e-03 1.021384076593715856e-01
-2.432179999999999964e+01 1.000000000000000000e+00 1.110000000000000049e-02 0.000000000000000000e+00
-2.432179999999999964e+01 1.000000000000000000e+00 1.179999999999999973e-02 0.000000000000000000e+00
-2.426186399999999921e+01 9.975357087057701300e-01 8.399999999999999481e-03 1.380224747618808701e-01
-2.432179999999999964e+01 1.000000000000000000e+00 1.209999999999999964e-02 0.000000000000000000e+00
-2.429932399999999859e+01 9.990758907646637432e-01 9.400000000000000369e-03 8.941074791334809035e-02
-2.432179999999999964e+01 1.000000000000000000e+00 1.030000000000000013e-02 0.000000000000000000e+00
-2.432179999999999964e+01 1.000000000000000000e+00 1.170000000000000033e-02 0.000000000000000000e+00
-2.432179999999999964e+01 1.000000000000000000e+00 1.060000000000000005e-02 0.000000000000000000e+00
-2.432179999999999964e+01 1.000000000000000000e+00 1.009999999999999960e-02 0.000000000000000000e+00
-2.432179999999999964e+01 1.000000000000000000e+00 1.050000000000000065e-02 0.000000000000000000e+00
-2.432179999999999964e+01 1.000000000000000000e+00 1.020000000000000073e-02 0.000000000000000000e+00
-2.432179999999999964e+01 1.000000000000000000e+00 1.089999999999999997e-02 0.000000000000000000e+00
-2.430681599999999776e+01 9.993839271764424215e-01 9.599999999999999159e-03 7.377611603337315416e-02
-2.432179999999999964e+01 1.000000000000000000e+00 1.030000000000000013e-02 0.000000000000000000e+00
-2.432179999999999964e+01 1.000000000000000000e+00 1.080000000000000057e-02 0.000000000000000000e+00
-2.432179999999999964e+01 1.000000000000000000e+00 1.099999999999999936e-02 0.000000000000000000e+00
-2.432179999999999964e+01 1.000000000000000000e+00 1.009999999999999960e-02 0.000000000000000000e+00
-2.432179999999999964e+01 1.000000000000000000e+00 1.060000000000000005e-02 0.000000000000000000e+00
-2.432179999999999964e+01 1.000000000000000000e+00 1.200000000000000025e-02 0.000000000000000000e+00
-2.432179999999999964e+01 1.000000000000000000e+00 1.149999999999999981e-02 0.000000000000000000e+00
-2.426560999999999879e+01 9.976897269116594691e-01 8.500000000000000611e-03 1.344328073684760427e-01
-2.432179999999999964e+01 1.000000000000000000e+00 1.050000000000000065e-02 0.000000000000000000e+00
-2.432179999999999964e+01 1.000000000000000000e+00 1.030000000000000013e-02 0.000000000000000000e+00
-2.429183199999999943e+01 9.987678543528850650e-01 9.199999999999999845e-03 1.021384076593715856e-01
-2.432179999999999964e+01 1.000000000000000000e+00 1.030000000000000013e-02 0.000000000000000000e+00
-2.432179999999999964e+01 1.000000000000000000e+00 1.190000000000000085e-02 0.000000000000000000e+00
-2.428059400000000068e+01 9.983057997352170476e-01 8.899999999999999925e-03 1.177989777356137774e-01
-2.431805400000000006e+01 9.998459817941106609e-01 9.900000000000000813e-03 3.745999999999997943e-02
-2.428434000000000026e+01 9.984598179411063867e-01 8.999999999999999320e-03 1.129461496788305847e-01
-2.432179999999999964e+01 1.000000000000000000e+00 1.089999999999999997e-02 0.000000000000000000e+00
-2.432179999999999964e+01 1.000000000000000000e+00 1.119999999999999989e-02 0.000000000000000000e+00
-2.429932399999999859e+01 9.990758907646637432e-01 9.400000000000000369e-03 8.941074791334809035e-02
-2.432179999999999964e+01 1.000000000000000000e+00 1.089999999999999997e-02 0.000000000000000000e+00
-2.429932399999999859e+01 9.990758907646637432e-01 9.400000000000000369e-03 8.941074791334809035e-02
-2.432179999999999964e+01 1.000000000000000000e+00 1.060000000000000005e-02 0.000000000000000000e+00
-2.427310200000000151e+01 9.979977633234382584e-01 8.699999999999999400e-03 1.266139268035161858e-01
-2.429557799999999901e+01 9.989218725587744041e-01 9.299999999999999239e-03 9.605957703110085122e-02
-2.432179999999999964e+01 1.000000000000000000e+00 1.080000000000000057e-02 0.000000000000000000e+00
-2.431805400000000006e+01 9.998459817941106609e-01 9.900000000000000813e-03 3.745999999999997943e-02
-2.431430799999999692e+01 9.996919635882210997e-01 9.799999999999999684e-03 5.270820318345431632e-02
-2.431430799999999692e+01 9.996919635882210997e-01 9.799999999999999684e-03 5.270820318345431632e-02
-2.432179999999999964e+01 1.000000000000000000e+00 1.060000000000000005e-02 0.000000000000000000e+00
-2.432179999999999964e+01 1.000000000000000000e+00 1.080000000000000057e-02 0.000000000000000000e+00
-2.432179999999999964e+01 1.000000000000000000e+00 1.009999999999999960e-02 0.000000000000000000e+00
-2.432179999999999964e+01 1.000000000000000000e+00 1.220000000000000077e-02 0.000000000000000000e+00
-2.432179999999999964e+01 1.000000000000000000e+00 1.200000000000000025e-02 0.000000000000000000e+00
-2.432179999999999964e+01 1.000000000000000000e+00 1.140000000000000041e-02 0.000000000000000000e+00
-2.432179999999999964e+01 1.000000000000000000e+00 1.000000000000000021e-02 0.000000000000000000e+00
-2.431805400000000006e+01 9.998459817941106609e-01 9.900000000000000813e-03 3.745999999999997943e-02
-2.429932399999999859e+01 9.990758907646637432e-01 9.400000000000000369e-03 8.941074791334809035e-02
-2.432179999999999964e+01 1.000000000000000000e+00 1.089999999999999997e-02 0.000000000000000000e+00
-2.432179999999999964e+01 1.000000000000000000e+00 1.239999999999999956e-02 0.000000000000000000e+00
-2.432179999999999964e+01 1.000000000000000000e+00 1.110000000000000049e-02 0.000000000000000000e+00
-2.432179999999999964e+01 1.000000000000000000e+00 1.099999999999999936e-02 0.000000000000000000e+00
-2.432179999999999964e+01 1.000000000000000000e+00 1.000000000000000021e-02 0.000000000000000000e+00
-2.432179999999999964e+01 1.000000000000000000e+00 1.089999999999999997e-02 0.000000000000000000e+00
-2.432179999999999964e+01 1.000000000000000000e+00 1.149999999999999981e-02 0.000000000000000000e+00
-2.427684799999999754e+01 9.981517815293274865e-01 8.800000000000000530e-03 1.223438476862107605e-01
-2.432179999999999964e+01 1.000000000000000000e+00 1.000000000000000021e-02 0.000000000000000000e+00
-2.432179999999999964e+01 1.000000000000000000e+00 1.110000000000000049e-02 0.000000000000000000e+00
-2.432179999999999964e+01 1.000000000000000000e+00 1.060000000000000005e-02 0.000000000000000000e+00
-2.432179999999999964e+01 1.000000000000000000e+00 1.089999999999999997e-02 0.000000000000000000e+00
-2.432179999999999964e+01 1.000000000000000000e+00 1.050000000000000065e-02 0.000000000000000000e+00
-2.432179999999999964e+01 1.000000000000000000e+00 1.050000000000000065e-02 0.000000000000000000e+00
-2.428808599999999984e+01 9.986138361469957259e-01 9.100000000000000450e-03 1.077437598277423969e-01
-2.432179999999999964e+01 1.000000000000000000e+00 1.119999999999999989e-02 0.000000000000000000e+00
-2.432179999999999964e+01 1.000000000000000000e+00 1.179999999999999973e-02 0.000000000000000000e+00
-2.432179999999999964e+01 1.000000000000000000e+00 1.159999999999999920e-02 0.000000000000000000e+00
-2.432179999999999964e+01 1.000000000000000000e+00 1.099999999999999936e-02 0.000000000000000000e+00
-2.432179999999999964e+01 1.000000000000000000e+00 1.159999999999999920e-02 0.000000000000000000e+00
-2.432179999999999964e+01 1.000000000000000000e+00 1.000000000000000021e-02 0.000000000000000000e+00
-2.432179999999999964e+01 1.000000000000000000e+00 1.020000000000000073e-02 0.000000000000000000e+00
-2.432179999999999964e+01 1.000000000000000000e+00 1.149999999999999981e-02 0.000000000000000000e+00
-2.432179999999999964e+01 1.000000000000000000e+00 1.009999999999999960e-02 0.000000000000000000e+00
-2.432179999999999964e+01 1.000000000000000000e+00 1.140000000000000041e-02 0.000000000000000000e+00
-2.431430799999999692e+01 9.996919635882210997e-01 9.799999999999999684e-03 5.270820318345431632e-02
-2.432179999999999964e+01 1.000000000000000000e+00 1.060000000000000005e-02 0.000000000000000000e+00
-2.432179999999999964e+01 1.000000000000000000e+00 1.280000000000000061e-02 0.000000000000000000e+00
-2.432179999999999964e+01 1.000000000000000000e+00 1.050000000000000065e-02 0.000000000000000000e+00
-2.432179999999999964e+01 1.000000000000000000e+00 1.060000000000000005e-02 0.000000000000000000e+00
-2.432179999999999964e+01 1.000000000000000000e+00 1.140000000000000041e-02 0.000000000000000000e+00
-2.430681599999999776e+01 9.993839271764424215e-01 9.599999999999999159e-03 7.377611603337315416e-02
-2.432179999999999964e+01 1.000000000000000000e+00 1.179999999999999973e-02 0.000000000000000000e+00
-2.432179999999999964e+01 1.000000000000000000e+00 1.039999999999999952e-02 0.000000000000000000e+00
-2.432179999999999964e+01 1.000000000000000000e+00 1.119999999999999989e-02 0.000000000000000000e+00
-2.432179999999999964e+01 1.000000000000000000e+00 1.149999999999999981e-02 0.000000000000000000e+00
-2.432179999999999964e+01 1.000000000000000000e+00 1.129999999999999928e-02 0.000000000000000000e+00
-2.432179999999999964e+01 1.000000000000000000e+00 1.050000000000000065e-02 0.000000000000000000e+00
-2.430306999999999817e+01 9.992299089705530823e-01 9.499999999999999764e-03 8.205347541867356875e-02
-2.432179999999999964e+01 1.000000000000000000e+00 1.069999999999999944e-02 0.000000000000000000e+00
-2.432179999999999964e+01 1.000000000000000000e+00 1.190000000000000085e-02 0.000000000000000000e+00
-2.428434000000000026e+01 9.984598179411063867e-01 8.999999999999999320e-03 1.129461496788305847e-01
-2.432179999999999964e+01 1.000000000000000000e+00 1.069999999999999944e-02 0.000000000000000000e+00
-2.431430799999999692e+01 9.996919635882210997e-01 9.799999999999999684e-03 5.270820318345431632e-02
-2.432179999999999964e+01 1.000000000000000000e+00 1.050000000000000065e-02 0.000000000000000000e+00
-2.432179999999999964e+01 1.000000000000000000e+00 1.129999999999999928e-02 0.000000000000000000e+00
-2.432179999999999964e+01 1.000000000000000000e+00 1.179999999999999973e-02 0.000000000000000000e+00
-2.432179999999999964e+01 1.000000000000000000e+00 1.039999999999999952e-02 0.000000000000000000e+00
-2.432179999999999964e+01 1.000000000000000000e+00 1.050000000000000065e-02 0.000000000000000000e+00
-2.432179999999999964e+01 1.000000000000000000e+00 1.080000000000000057e-02 0.000000000000000000e+00
-2.428808599999999984e+01 9.986138361469957259e-01 9.100000000000000450e-03 1.077437598277423969e-01
-2.432179999999999964e+01 1.000000000000000000e+00 1.299999999999999940e-02 0.000000000000000000e+00
-2.432179999999999964e+01 1.000000000000000000e+00 1.009999999999999960e-02 0.000000000000000000e+00
-2.430306999999999817e+01 9.992299089705530823e-01 9.499999999999999764e-03 8.205347541867356875e-02
-2.431430799999999692e+01 9.996919635882210997e-01 9.799999999999999684e-03 5.270820318345431632e-02
-2.431430799999999692e+01 9.996919635882210997e-01 9.799999999999999684e-03 5.270820318345431632e-02
-2.432179999999999964e+01 1.000000000000000000e+00 1.009999999999999960e-02 0.000000000000000000e+00
-2.432179999999999964e+01 1.000000000000000000e+00 1.220000000000000077e-02 0.000000000000000000e+00
-2.432179999999999964e+01 1.000000000000000000e+00 1.060000000000000005e-02 0.000000000000000000e+00
-2.432179999999999964e+01 1.000000000000000000e+00 1.050000000000000065e-02 0.000000000000000000e+00
-2.432179999999999964e+01 1.000000000000000000e+00 1.110000000000000049e-02 0.000000000000000000e+00
-2.432179999999999964e+01 1.000000000000000000e+00 1.290000000000000001e-02 0.000000000000000000e+00
-2.432179999999999964e+01 1.000000000000000000e+00 1.140000000000000041e-02 0.000000000000000000e+00
-2.431430799999999692e+01 9.996919635882210997e-01 9.799999999999999684e-03 5.270820318345431632e-02
-2.432179999999999964e+01 1.000000000000000000e+00 1.089999999999999997e-02 0.000000000000000000e+00
-2.429183199999999943e+01 9.987678543528850650e-01 9.199999999999999845e-03 1.021384076593715856e-01
-2.432179999999999964e+01 1.000000000000000000e+00 1.000000000000000021e-02 0.000000000000000000e+00
-2.432179999999999964e+01 1.000000000000000000e+00 1.119999999999999989e-02 0.000000000000000000e+00
-2.432179999999999964e+01 1.000000000000000000e+00 1.009999999999999960e-02 0.000000000000000000e+00
-2.432179999999999964e+01 1.000000000000000000e+00 1.060000000000000005e-02 0.000000000000000000e+00
-2.431430799999999692e+01 9.996919635882210997e-01 9.799999999999999684e-03 5.270820318345431632e-02
-2.429557799999999901e+01 9.989218725587744041e-01 9.299999999999999239e-03 9.605957703110085122e-02
-2.432179999999999964e+01 1.000000000000000000e+00 1.119999999999999989e-02 0.000000000000000000e+00
-2.432179999999999964e+01 1.000000000000000000e+00 1.159999999999999920e-02 0.000000000000000000e+00
-2.432179999999999964e+01 1.000000000000000000e+00 1.119999999999999989e-02 0.000000000000000000e+00
-2.432179999999999964e+01 1.000000000000000000e+00 1.080000000000000057e-02 0.000000000000000000e+00
-2.432179999999999964e+01 1.000000000000000000e+00 1.020000000000000073e-02 0.000000000000000000e+00
-2.432179999999999964e+01 1.000000000000000000e+00 1.149999999999999981e-02 0.000000000000000000e+00
-2.432179999999999964e+01 1.000000000000000000e+00 1.089999999999999997e-02 0.000000000000000000e+00
-2.431056199999999734e+01 9.995379453823317606e-01 9.700000000000000289e-03 6.422389935596303778e-02
-2.432179999999999964e+01 1.000000000000000000e+00 1.009999999999999960e-02 0.000000000000000000e+00
-2.430306999999999817e+01 9.992299089705530823e-01 9.499999999999999764e-03 8.205347541867356875e-02
-2.432179999999999964e+01 1.000000000000000000e+00 1.089999999999999997e-02 0.000000000000000000e+00
-2.432179999999999964e+01 1.000000000000000000e+00 1.000000000000000021e-02 0.000000000000000000e+00
-2.432179999999999964e+01 1.000000000000000000e+00 1.080000000000000057e-02 0.000000000000000000e+00
-2.431430799999999692e+01 9.996919635882210997e-01 9.799999999999999684e-03 5.270820318345431632e-02
-2.431430799999999692e+01 9.996919635882210997e-01 9.799999999999999684e-03 5.270820318345431632e-02
-2.432179999999999964e+01 1.000000000000000000e+00 1.020000000000000073e-02 0.000000000000000000e+00
-2.432179999999999964e+01 1.000000000000000000e+00 1.069999999999999944e-02 0.000000000000000000e+00
-2.432179999999999964e+01 1.000000000000000000e+00 1.020000000000000073e-02 0.000000000000000000e+00
-2.431805400000000006e+01 9.998459817941106609e-01 9.900000000000000813e-03 3.745999999999997943e-02
-2.432179999999999964e+01 1.000000000000000000e+00 1.060000000000000005e-02 0.000000000000000000e+00
-2.432179999999999964e+01 1.000000000000000000e+00 1.110000000000000049e-02 0.000000000000000000e+00
-2.432179999999999964e+01 1.000000000000000000e+00 1.089999999999999997e-02 0.000000000000000000e+00
-2.432179999999999964e+01 1.000000000000000000e+00 1.030000000000000013e-02 0.000000000000000000e+00
-2.430306999999999817e+01 9.992299089705530823e-01 9.499999999999999764e-03 8.205347541867356875e-02
-2.432179999999999964e+01 1.000000000000000000e+00 1.080000000000000057e-02 0.000000000000000000e+00
-2.423938800000000171e+01 9.966115994704339842e-01 7.799999999999999642e-03 1.559584166800030702e-01
-2.432179999999999964e+01 1.000000000000000000e+00 1.020000000000000073e-02 0.000000000000000000e+00
-2.432179999999999964e+01 1.000000000000000000e+00 1.129999999999999928e-02 0.000000000000000000e+00
-2.432179999999999964e+01 1.000000000000000000e+00 1.009999999999999960e-02 0.000000000000000000e+00
-2.432179999999999964e+01 1.000000000000000000e+00 1.039999999999999952e-02 0.000000000000000000e+00
-2.432179999999999964e+01 1.000000000000000000e+00 1.000000000000000021e-02 0.000000000000000000e+00
-2.431430799999999692e+01 9.996919635882210997e-01 9.799999999999999684e-03 5.270820318345431632e-02
-2.432179999999999964e+01 1.000000000000000000e+00 1.170000000000000033e-02 0.000000000000000000e+00
-2.427684799999999754e+01 9.981517815293274865e-01 8.800000000000000530e-03 1.223438476862107605e-01
-2.430681599999999776e+01 9.993839271764424215e-01 9.599999999999999159e-03 7.377611603337315416e-02
-2.427310200000000151e+01 9.979977633234382584e-01 8.699999999999999400e-03 1.266139268035161858e-01
-2.432179999999999964e+01 1.000000000000000000e+00 1.119999999999999989e-02 0.000000000000000000e+00
-2.432179999999999964e+01 1.000000000000000000e+00 1.140000000000000041e-02 0.000000000000000000e+00
-2.429183199999999943e+01 9.987678543528850650e-01 9.199999999999999845e-03 1.021384076593715856e-01
-2.432179999999999964e+01 1.000000000000000000e+00 1.280000000000000061e-02 0.000000000000000000e+00
-2.432179999999999964e+01 1.000000000000000000e+00 1.170000000000000033e-02 0.000000000000000000e+00
-2.432179999999999964e+01 1.000000000000000000e+00 1.060000000000000005e-02 0.000000000000000000e+00
-2.432179999999999964e+01 1.000000000000000000e+00 1.050000000000000065e-02 0.000000000000000000e+00
-2.432179999999999964e+01 1.000000000000000000e+00 1.039999999999999952e-02 0.000000000000000000e+00
-2.432179999999999964e+01 1.000000000000000000e+00 1.129999999999999928e-02 0.000000000000000000e+00
-2.432179999999999964e+01 1.000000000000000000e+00 1.110000000000000049e-02 0.000000000000000000e+00
-2.427684799999999754e+01 9.981517815293274865e-01 8.800000000000000530e-03 1.223438476862107605e-01
-2.431056199999999734e+01 9.995379453823317606e-01 9.700000000000000289e-03 6.422389935596303778e-02
-2.432179999999999964e+01 1.000000000000000000e+00 1.080000000000000057e-02 0.000000000000000000e+00
-2.432179999999999964e+01 1.000000000000000000e+00 1.239999999999999956e-02 0.000000000000000000e+00
-2.431805400000000006e+01 9.998459817941106609e-01 9.900000000000000813e-03 3.745999999999997943e-02
-2.429557799999999901e+01 9.989218725587744041e-01 9.299999999999999239e-03 9.605957703110085122e-02
-2.432179999999999964e+01 1.000000000000000000e+00 1.039999999999999952e-02 0.000000000000000000e+00
-2.431056199999999734e+01 9.995379453823317606e-01 9.700000000000000289e-03 6.422389935596303778e-02
-2.430306999999999817e+01 9.992299089705530823e-01 9.499999999999999764e-03 8.205347541867356875e-02
-2.431805400000000006e+01 9.998459817941106609e-01 9.900000000000000813e-03 3.745999999999997943e-02
-2.428808599999999984e+01 9.986138361469957259e-01 9.100000000000000450e-03 1.077437598277423969e-01
-2.430306999999999817e+01 9.992299089705530823e-01 9.499999999999999764e-03 8.205347541867356875e-02
-2.432179999999999964e+01 1.000000000000000000e+00 1.020000000000000073e-02 0.000000000000000000e+00
-2.432179999999999964e+01 1.000000000000000000e+00 1.009999999999999960e-02 0.000000000000000000e+00
-2.432179999999999964e+01 1.000000000000000000e+00 1.140000000000000041e-02 0.000000000000000000e+00
-2.431805400000000006e+01 9.998459817941106609e-01 9.900000000000000813e-03 3.745999999999997943e-02
-2.432179999999999964e+01 1.000000000000000000e+00 1.159999999999999920e-02 0.000000000000000000e+00
-2.432179999999999964e+01 1.000000000000000000e+00 1.129999999999999928e-02 0.000000000000000000e+00
-2.429932399999999859e+01 9.990758907646637432e-01 9.400000000000000369e-03 8.941074791334809035e-02
-2.432179999999999964e+01 1.000000000000000000e+00 1.069999999999999944e-02 0.000000000000000000e+00
-2.432179999999999964e+01 1.000000000000000000e+00 1.039999999999999952e-02 0.000000000000000000e+00
-2.432179999999999964e+01 1.000000000000000000e+00 1.140000000000000041e-02 0.000000000000000000e+00
-2.432179999999999964e+01 1.000000000000000000e+00 1.149999999999999981e-02 0.000000000000000000e+00
-2.432179999999999964e+01 1.000000000000000000e+00 1.020000000000000073e-02 0.000000000000000000e+00
-2.428808599999999984e+01 9.986138361469957259e-01 9.100000000000000450e-03 1.077437598277423969e-01
-2.432179999999999964e+01 1.000000000000000000e+00 1.099999999999999936e-02 0.000000000000000000e+00
-2.432179999999999964e+01 1.000000000000000000e+00 1.159999999999999920e-02 0.000000000000000000e+00
-2.432179999999999964e+01 1.000000000000000000e+00 1.190000000000000085e-02 0.000000000000000000e+00
-2.432179999999999964e+01 1.000000000000000000e+00 1.039999999999999952e-02 0.000000000000000000e+00
-2.431430799999999692e+01 9.996919635882210997e-01 9.799999999999999684e-03 5.270820318345431632e-02
-2.431430799999999692e+01 9.996919635882210997e-01 9.799999999999999684e-03 5.270820318345431632e-02
-2.432179999999999964e+01 1.000000000000000000e+00 1.170000000000000033e-02 0.000000000000000000e+00
-2.432179999999999964e+01 1.000000000000000000e+00 1.089999999999999997e-02 0.000000000000000000e+00
-2.431430799999999692e+01 9.996919635882210997e-01 9.799999999999999684e-03 5.270820318345431632e-02
-2.432179999999999964e+01 1.000000000000000000e+00 1.089999999999999997e-02 0.000000000000000000e+00
-2.430681599999999776e+01 9.993839271764424215e-01 9.599999999999999159e-03 7.377611603337315416e-02
-2.432179999999999964e+01 1.000000000000000000e+00 1.149999999999999981e-02 0.000000000000000000e+00
-2.432179999999999964e+01 1.000000000000000000e+00 1.060000000000000005e-02 0.000000000000000000e+00
-2.432179999999999964e+01 1.000000000000000000e+00 1.299999999999999940e-02 0.000000000000000000e+00
-2.432179999999999964e+01 1.000000000000000000e+00 1.200000000000000025e-02 0.000000000000000000e+00
-2.432179999999999964e+01 1.000000000000000000e+00 1.159999999999999920e-02 0.000000000000000000e+00
-2.432179999999999964e+01 1.000000000000000000e+00 1.230000000000000017e-02 0.000000000000000000e+00
-2.432179999999999964e+01 1.000000000000000000e+00 1.000000000000000021e-02 0.000000000000000000e+00
-2.432179999999999964e+01 1.000000000000000000e+00 1.190000000000000085e-02 0.000000000000000000e+00
-2.432179999999999964e+01 1.000000000000000000e+00 1.039999999999999952e-02 0.000000000000000000e+00
-2.432179999999999964e+01 1.000000000000000000e+00 1.039999999999999952e-02 0.000000000000000000e+00
-2.431805400000000006e+01 9.998459817941106609e-01 9.900000000000000813e-03 3.745999999999997943e-02
-2.432179999999999964e+01 1.000000000000000000e+00 1.140000000000000041e-02 0.000000000000000000e+00
-2.432179999999999964e+01 1.000000000000000000e+00 1.170000000000000033e-02 0.000000000000000000e+00
-2.427684799999999754e+01 9.981517815293274865e-01 8.800000000000000530e-03 1.223438476862107605e-01
-2.432179999999999964e+01 1.000000000000000000e+00 1.030000000000000013e-02 0.000000000000000000e+00
-2.432179999999999964e+01 1.000000000000000000e+00 1.039999999999999952e-02 0.000000000000000000e+00
-2.432179999999999964e+01 1.000000000000000000e+00 1.020000000000000073e-02 0.000000000000000000e+00
-2.432179999999999964e+01 1.000000000000000000e+00 1.099999999999999936e-02 0.000000000000000000e+00
-2.432179999999999964e+01 1.000000000000000000e+00 1.209999999999999964e-02 0.000000000000000000e+00
-2.432179999999999964e+01 1.000000000000000000e+00 1.060000000000000005e-02 0.000000000000000000e+00
-2.432179999999999964e+01 1.000000000000000000e+00 1.020000000000000073e-02 0.000000000000000000e+00
-2.430681599999999776e+01 9.993839271764424215e-01 9.599999999999999159e-03 7.377611603337315416e-02
-2.430681599999999776e+01 9.993839271764424215e-01 9.599999999999999159e-03 7.377611603337315416e-02
-2.432179999999999964e+01 1.000000000000000000e+00 1.069999999999999944e-02 0.000000000000000000e+00
-2.432179999999999964e+01 1.000000000000000000e+00 1.110000000000000049e-02 0.000000000000000000e+00
-2.431805400000000006e+01 9.998459817941106609e-01 9.900000000000000813e-03 3.745999999999997943e-02
-2.430681599999999776e+01 9.993839271764424215e-01 9.599999999999999159e-03 7.377611603337315416e-02
-2.431430799999999692e+01 9.996919635882210997e-01 9.799999999999999684e-03 5.270820318345431632e-02
-2.432179999999999964e+01 1.000000000000000000e+00 1.020000000000000073e-02 0.000000000000000000e+00
-2.431805400000000006e+01 9.998459817941106609e-01 9.900000000000000813e-03 3.745999999999997943e-02
-2.432179999999999964e+01 1.000000000000000000e+00 1.250000000000000069e-02 0.000000000000000000e+00
-2.432179999999999964e+01 1.000000000000000000e+00 1.250000000000000069e-02 0.000000000000000000e+00
-2.430681599999999776e+01 9.993839271764424215e-01 9.599999999999999159e-03 7.377611603337315416e-02
-2.432179999999999964e+01 1.000000000000000000e+00 1.020000000000000073e-02 0.000000000000000000e+00
-2.429557799999999901e+01 9.989218725587744041e-01 9.299999999999999239e-03 9.605957703110085122e-02
-2.428434000000000026e+01 9.984598179411063867e-01 8.999999999999999320e-03 1.129461496788305847e-01
-2.432179999999999964e+01 1.000000000000000000e+00 1.069999999999999944e-02 0.000000000000000000e+00
-2.432179999999999964e+01 1.000000000000000000e+00 1.129999999999999928e-02 0.000000000000000000e+00
-2.429932399999999859e+01 9.990758907646637432e-01 9.400000000000000369e-03 8.941074791334809035e-02
-2.432179999999999964e+01 1.000000000000000000e+00 1.170000000000000033e-02 0.000000000000000000e+00
-2.432179999999999964e+01 1.000000000000000000e+00 1.140000000000000041e-02 0.000000000000000000e+00
-2.432179999999999964e+01 1.000000000000000000e+00 1.129999999999999928e-02 0.000000000000000000e+00
-2.432179999999999964e+01 1.000000000000000000e+00 1.080000000000000057e-02 0.000000000000000000e+00
-2.432179999999999964e+01 1.000000000000000000e+00 1.190000000000000085e-02 0.000000000000000000e+00
-2.432179999999999964e+01 1.000000000000000000e+00 1.089999999999999997e-02 0.000000000000000000e+00
-2.429932399999999859e+01 9.990758907646637432e-01 9.400000000000000369e-03 8.941074791334809035e-02
-2.431056199999999734e+01 9.995379453823317606e-01 9.700000000000000289e-03 6.422389935596303778e-02
-2.432179999999999964e+01 1.000000000000000000e+00 1.119999999999999989e-02 0.000000000000000000e+00
-2.432179999999999964e+01 1.000000000000000000e+00 1.000000000000000021e-02 0.000000000000000000e+00
-2.432179999999999964e+01 1.000000000000000000e+00 1.020000000000000073e-02 0.000000000000000000e+00
-2.432179999999999964e+01 1.000000000000000000e+00 1.000000000000000021e-02 0.000000000000000000e+00
-2.432179999999999964e+01 1.000000000000000000e+00 1.260000000000000009e-02 0.000000000000000000e+00
-2.432179999999999964e+01 1.000000000000000000e+00 1.060000000000000005e-02 0.000000000000000000e+00
-2.432179999999999964e+01 1.000000000000000000e+00 1.129999999999999928e-02 0.000000000000000000e+00
-2.432179999999999964e+01 1.000000000000000000e+00 1.170000000000000033e-02 0.000000000000000000e+00
-2.432179999999999964e+01 1.000000000000000000e+00 1.080000000000000057e-02 0.000000000000000000e+00
-2.432179999999999964e+01 1.000000000000000000e+00 1.129999999999999928e-02 0.000000000000000000e+00
-2.432179999999999964e+01 1.000000000000000000e+00 1.230000000000000017e-02 0.000000000000000000e+00
-2.432179999999999964e+01 1.000000000000000000e+00 1.069999999999999944e-02 0.000000000000000000e+00
-2.432179999999999964e+01 1.000000000000000000e+00 1.009999999999999960e-02 0.000000000000000000e+00
-2.432179999999999964e+01 1.000000000000000000e+00 1.050000000000000065e-02 0.000000000000000000e+00
-2.432179999999999964e+01 1.000000000000000000e+00 1.110000000000000049e-02 0.000000000000000000e+00
-2.432179999999999964e+01 1.000000000000000000e+00 1.020000000000000073e-02 0.000000000000000000e+00
-2.432179999999999964e+01 1.000000000000000000e+00 1.069999999999999944e-02 0.000000000000000000e+00
-2.432179999999999964e+01 1.000000000000000000e+00 1.000000000000000021e-02 0.000000000000000000e+00
-2.432179999999999964e+01 1.000000000000000000e+00 1.319999999999999993e-02 0.000000000000000000e+00
-2.432179999999999964e+01 1.000000000000000000e+00 1.069999999999999944e-02 0.000000000000000000e+00
-2.432179999999999964e+01 1.000000000000000000e+00 1.179999999999999973e-02 0.000000000000000000e+00
-2.429932399999999859e+01 9.990758907646637432e-01 9.400000000000000369e-03 8.941074791334809035e-02
-2.432179999999999964e+01 1.000000000000000000e+00 1.170000000000000033e-02 0.000000000000000000e+00
-2.432179999999999964e+01 1.000000000000000000e+00 1.299999999999999940e-02 0.000000000000000000e+00
-2.432179999999999964e+01 1.000000000000000000e+00 1.020000000000000073e-02 0.000000000000000000e+00
-2.432179999999999964e+01 1.000000000000000000e+00 1.089999999999999997e-02 0.000000000000000000e+00
-2.432179999999999964e+01 1.000000000000000000e+00 1.080000000000000057e-02 0.000000000000000000e+00
-2.431430799999999692e+01 9.996919635882210997e-01 9.799999999999999684e-03 5.270820318345431632e-02
-2.432179999999999964e+01 1.000000000000000000e+00 1.000000000000000021e-02 0.000000000000000000e+00
-2.432179999999999964e+01 1.000000000000000000e+00 1.299999999999999940e-02 0.000000000000000000e+00
-2.432179999999999964e+01 1.000000000000000000e+00 1.290000000000000001e-02 0.000000000000000000e+00
-2.432179999999999964e+01 1.000000000000000000e+00 1.239999999999999956e-02 0.000000000000000000e+00
-2.430681599999999776e+01 9.993839271764424215e-01 9.599999999999999159e-03 7.377611603337315416e-02
-2.432179999999999964e+01 1.000000000000000000e+00 1.190000000000000085e-02 0.000000000000000000e+00
-2.432179999999999964e+01 1.000000000000000000e+00 1.149999999999999981e-02 0.000000000000000000e+00
-2.432179999999999964e+01 1.000000000000000000e+00 1.110000000000000049e-02 0.000000000000000000e+00
-2.432179999999999964e+01 1.000000000000000000e+00 1.060000000000000005e-02 0.000000000000000000e+00
-2.432179999999999964e+01 1.000000000000000000e+00 1.009999999999999960e-02 0.000000000000000000e+00
-2.432179999999999964e+01 1.000000000000000000e+00 1.099999999999999936e-02 0.000000000000000000e+00
-2.432179999999999964e+01 1.000000000000000000e+00 1.039999999999999952e-02 0.000000000000000000e+00
-2.432179999999999964e+01 1.000000000000000000e+00 1.069999999999999944e-02 0.000000000000000000e+00
-2.432179999999999964e+01 1.000000000000000000e+00 1.030000000000000013e-02 0.000000000000000000e+00
-2.428059400000000068e+01 9.983057997352170476e-01 8.899999999999999925e-03 1.177989777356137774e-01
-2.432179999999999964e+01 1.000000000000000000e+00 1.039999999999999952e-02 0.000000000000000000e+00
-2.431056199999999734e+01 9.995379453823317606e-01 9.700000000000000289e-03 6.422389935596303778e-02
-2.432179999999999964e+01 1.000000000000000000e+00 1.200000000000000025e-02 0.000000000000000000e+00
-2.432179999999999964e+01 1.000000000000000000e+00 1.119999999999999989e-02 0.000000000000000000e+00
-2.431805400000000006e+01 9.998459817941106609e-01 9.900000000000000813e-03 3.745999999999997943e-02
-2.430681599999999776e+01 9.993839271764424215e-01 9.599999999999999159e-03 7.377611603337315416e-02
-2.430681599999999776e+01 9.993839271764424215e-01 9.599999999999999159e-03 7.377611603337315416e-02
-2.432179999999999964e+01 1.000000000000000000e+00 1.089999999999999997e-02 0.000000000000000000e+00
-2.430306999999999817e+01 9.992299089705530823e-01 9.499999999999999764e-03 8.205347541867356875e-02
-2.427684799999999754e+01 9.981517815293274865e-01 8.800000000000000530e-03 1.223438476862107605e-01
-2.430681599999999776e+01 9.993839271764424215e-01 9.599999999999999159e-03 7.377611603337315416e-02
-2.432179999999999964e+01 1.000000000000000000e+00 1.080000000000000057e-02 0.000000000000000000e+00
-2.432179999999999964e+01 1.000000000000000000e+00 1.129999999999999928e-02 0.000000000000000000e+00
-2.432179999999999964e+01 1.000000000000000000e+00 1.080000000000000057e-02 0.000000000000000000e+00
-2.430681599999999776e+01 9.993839271764424215e-01 9.599999999999999159e-03 7.377611603337315416e-02
-2.432179999999999964e+01 1.000000000000000000e+00 1.080000000000000057e-02 0.000000000000000000e+00
-2.432179999999999964e+01 1.000000000000000000e+00 1.099999999999999936e-02 0.000000000000000000e+00
-2.432179999999999964e+01 1.000000000000000000e+00 1.069999999999999944e-02 0.000000000000000000e+00
-2.432179999999999964e+01 1.000000000000000000e+00 1.089999999999999997e-02 0.000000000000000000e+00
-2.432179999999999964e+01 1.000000000000000000e+00 1.129999999999999928e-02 0.000000000000000000e+00
-2.432179999999999964e+01 1.000000000000000000e+00 1.009999999999999960e-02 0.000000000000000000e+00
-2.432179999999999964e+01 1.000000000000000000e+00 1.140000000000000041e-02 0.000000000000000000e+00
-2.430306999999999817e+01 9.992299089705530823e-01 9.499999999999999764e-03 8.205347541867356875e-02
-2.429932399999999859e+01 9.990758907646637432e-01 9.400000000000000369e-03 8.941074791334809035e-02
-2.432179999999999964e+01 1.000000000000000000e+00 1.159999999999999920e-02 0.000000000000000000e+00
-2.431056199999999734e+01 9.995379453823317606e-01 9.700000000000000289e-03 6.422389935596303778e-02
-2.432179999999999964e+01 1.000000000000000000e+00 1.080000000000000057e-02 0.000000000000000000e+00
-2.428059400000000068e+01 9.983057997352170476e-01 8.899999999999999925e-03 1.177989777356137774e-01
-2.432179999999999964e+01 1.000000000000000000e+00 1.060000000000000005e-02 0.000000000000000000e+00
-2.432179999999999964e+01 1.000000000000000000e+00 1.089999999999999997e-02 0.000000000000000000e+00
-2.432179999999999964e+01 1.000000000000000000e+00 1.009999999999999960e-02 0.000000000000000000e+00
-2.432179999999999964e+01 1.000000000000000000e+00 1.030000000000000013e-02 0.000000000000000000e+00
-2.432179999999999964e+01 1.000000000000000000e+00 1.089999999999999997e-02 0.000000000000000000e+00
-2.432179999999999964e+01 1.000000000000000000e+00 1.030000000000000013e-02 0.000000000000000000e+00
-2.427684799999999754e+01 9.981517815293274865e-01 8.800000000000000530e-03 1.223438476862107605e-01
-2.429183199999999943e+01 9.987678543528850650e-01 9.199999999999999845e-03 1.021384076593715856e-01
-2.432179999999999964e+01 1.000000000000000000e+00 1.209999999999999964e-02 0.000000000000000000e+00
-2.432179999999999964e+01 1.000000000000000000e+00 1.110000000000000049e-02 0.000000000000000000e+00
-2.432179999999999964e+01 1.000000000000000000e+00 1.050000000000000065e-02 0.000000000000000000e+00
-2.429557799999999901e+01 9.989218725587744041e-01 9.299999999999999239e-03 9.605957703110085122e-02
-2.430681599999999776e+01 9.993839271764424215e-01 9.599999999999999159e-03 7.377611603337315416e-02
-2.427310200000000151e+01 9.979977633234382584e-01 8.699999999999999400e-03 1.266139268035161858e-01
-2.432179999999999964e+01 1.000000000000000000e+00 1.080000000000000057e-02 0.000000000000000000e+00
-2.432179999999999964e+01 1.000000000000000000e+00 1.050000000000000065e-02 0.000000000000000000e+00
-2.432179999999999964e+01 1.000000000000000000e+00 1.170000000000000033e-02 0.000000000000000000e+00
-2.432179999999999964e+01 1.000000000000000000e+00 1.039999999999999952e-02 0.000000000000000000e+00
-2.431056199999999734e+01 9.995379453823317606e-01 9.700000000000000289e-03 6.422389935596303778e-02
-2.432179999999999964e+01 1.000000000000000000e+00 1.060000000000000005e-02 0.000000000000000000e+00
-2.432179999999999964e+01 1.000000000000000000e+00 1.250000000000000069e-02 0.000000000000000000e+00
-2.432179999999999964e+01 1.000000000000000000e+00 1.000000000000000021e-02 0.000000000000000000e+00
-2.432179999999999964e+01 1.000000000000000000e+00 1.020000000000000073e-02 0.000000000000000000e+00
-2.430306999999999817e+01 9.992299089705530823e-01 9.499999999999999764e-03 8.205347541867356875e-02
-2.432179999999999964e+01 1.000000000000000000e+00 1.140000000000000041e-02 0.000000000000000000e+00
-2.432179999999999964e+01 1.000000000000000000e+00 1.220000000000000077e-02 0.000000000000000000e+00
-2.432179999999999964e+01 1.000000000000000000e+00 1.030000000000000013e-02 0.000000000000000000e+00
-2.432179999999999964e+01 1.000000000000000000e+00 1.170000000000000033e-02 0.000000000000000000e+00
-2.432179999999999964e+01 1.000000000000000000e+00 1.050000000000000065e-02 0.000000000000000000e+00
-2.432179999999999964e+01 1.000000000000000000e+00 1.069999999999999944e-02 0.000000000000000000e+00
-2.429932399999999859e+01 9.990758907646637432e-01 9.400000000000000369e-03 8.941074791334809035e-02
-2.431805400000000006e+01 9.998459817941106609e-01 9.900000000000000813e-03 3.745999999999997943e-02
-2.432179999999999964e+01 1.000000000000000000e+00 1.089999999999999997e-02 0.000000000000000000e+00
-2.432179999999999964e+01 1.000000000000000000e+00 1.099999999999999936e-02 0.000000000000000000e+00
-2.428434000000000026e+01 9.984598179411063867e-01 8.999999999999999320e-03 1.129461496788305847e-01
-2.432179999999999964e+01 1.000000000000000000e+00 1.179999999999999973e-02 0.000000000000000000e+00
-2.432179999999999964e+01 1.000000000000000000e+00 1.099999999999999936e-02 0.000000000000000000e+00
-2.432179999999999964e+01 1.000000000000000000e+00 1.329999999999999932e-02 0.000000000000000000e+00
-2.432179999999999964e+01 1.000000000000000000e+00 1.020000000000000073e-02 0.000000000000000000e+00
-2.432179999999999964e+01 1.000000000000000000e+00 1.069999999999999944e-02 0.000000000000000000e+00
-2.432179999999999964e+01 1.000000000000000000e+00 1.089999999999999997e-02 0.000000000000000000e+00
-2.432179999999999964e+01 1.000000000000000000e+00 1.039999999999999952e-02 0.000000000000000000e+00
-2.432179999999999964e+01 1.000000000000000000e+00 1.140000000000000041e-02 0.000000000000000000e+00
-2.432179999999999964e+01 1.000000000000000000e+00 1.030000000000000013e-02 0.000000000000000000e+00
-2.432179999999999964e+01 1.000000000000000000e+00 1.060000000000000005e-02 0.000000000000000000e+00
-2.431805400000000006e+01 9.998459817941106609e-01 9.900000000000000813e-03 3.745999999999997943e-02
-2.432179999999999964e+01 1.000000000000000000e+00 1.149999999999999981e-02 0.000000000000000000e+00
-2.429932399999999859e+01 9.990758907646637432e-01 9.400000000000000369e-03 8.941074791334809035e-02
-2.432179999999999964e+01 1.000000000000000000e+00 1.179999999999999973e-02 0.000000000000000000e+00
-2.432179999999999964e+01 1.000000000000000000e+00 1.190000000000000085e-02 0.000000000000000000e+00
-2.432179999999999964e+01 1.000000000000000000e+00 1.060000000000000005e-02 0.000000000000000000e+00
-2.432179999999999964e+01 1.000000000000000000e+00 1.009999999999999960e-02 0.000000000000000000e+00
-2.432179999999999964e+01 1.000000000000000000e+00 1.000000000000000021e-02 0.000000000000000000e+00
-2.432179999999999964e+01 1.000000000000000000e+00 1.250000000000000069e-02 0.000000000000000000e+00
-2.432179999999999964e+01 1.000000000000000000e+00 1.039999999999999952e-02 0.000000000000000000e+00
-2.432179999999999964e+01 1.000000000000000000e+00 1.030000000000000013e-02 0.000000000000000000e+00
-2.432179999999999964e+01 1.000000000000000000e+00 1.179999999999999973e-02 0.000000000000000000e+00
-2.428434000000000026e+01 9.984598179411063867e-01 8.999999999999999320e-03 1.129461496788305847e-01
-2.432179999999999964e+01 1.000000000000000000e+00 1.000000000000000021e-02 0.000000000000000000e+00
-2.432179999999999964e+01 1.000000000000000000e+00 1.140000000000000041e-02 0.000000000000000000e+00
-2.432179999999999964e+01 1.000000000000000000e+00 1.060000000000000005e-02 0.000000000000000000e+00
-2.431056199999999734e+01 9.995379453823317606e-01 9.700000000000000289e-03 6.422389935596303778e-02
-2.432179999999999964e+01 1.000000000000000000e+00 1.140000000000000041e-02 0.000000000000000000e+00
-2.432179999999999964e+01 1.000000000000000000e+00 1.099999999999999936e-02 0.000000000000000000e+00
-2.431056199999999734e+01 9.995379453823317606e-01 9.700000000000000289e-03 6.422389935596303778e-02
-2.431056199999999734e+01 9.995379453823317606e-01 9.700000000000000289e-03 6.422389935596303778e-02
-2.432179999999999964e+01 1.000000000000000000e+00 1.060000000000000005e-02 0.000000000000000000e+00
-2.432179999999999964e+01 1.000000000000000000e+00 1.280000000000000061e-02 0.000000000000000000e+00
-2.432179999999999964e+01 1.000000000000000000e+00 1.060000000000000005e-02 0.000000000000000000e+00
-2.432179999999999964e+01 1.000000000000000000e+00 1.329999999999999932e-02 0.000000000000000000e+00
-2.432179999999999964e+01 1.000000000000000000e+00 1.080000000000000057e-02 0.000000000000000000e+00
-2.432179999999999964e+01 1.000000000000000000e+00 1.060000000000000005e-02 0.000000000000000000e+00
-2.432179999999999964e+01 1.000000000000000000e+00 1.060000000000000005e-02 0.000000000000000000e+00
-2.429183199999999943e+01 9.987678543528850650e-01 9.199999999999999845e-03 1.021384076593715856e-01
-2.432179999999999964e+01 1.000000000000000000e+00 1.129999999999999928e-02 0.000000000000000000e+00
-2.429557799999999901e+01 9.989218725587744041e-01 9.299999999999999239e-03 9.605957703110085122e-02
-2.432179999999999964e+01 1.000000000000000000e+00 1.089999999999999997e-02 0.000000000000000000e+00
-2.432179999999999964e+01 1.000000000000000000e+00 1.129999999999999928e-02 0.000000000000000000e+00
-2.431056199999999734e+01 9.995379453823317606e-01 9.700000000000000289e-03 6.422389935596303778e-02
-2.430681599999999776e+01 9.993839271764424215e-01 9.599999999999999159e-03 7.377611603337315416e-02
-2.432179999999999964e+01 1.000000000000000000e+00 1.020000000000000073e-02 0.000000000000000000e+00
-2.431056199999999734e+01 9.995379453823317606e-01 9.700000000000000289e-03 6.422389935596303778e-02
-2.432179999999999964e+01 1.000000000000000000e+00 1.060000000000000005e-02 0.000000000000000000e+00
-2.432179999999999964e+01 1.000000000000000000e+00 1.170000000000000033e-02 0.000000000000000000e+00
-2.432179999999999964e+01 1.000000000000000000e+00 1.020000000000000073e-02 0.000000000000000000e+00
-2.431430799999999692e+01 9.996919635882210997e-01 9.799999999999999684e-03 5.270820318345431632e-02
-2.431056199999999734e+01 9.995379453823317606e-01 9.700000000000000289e-03 6.422389935596303778e-02
-2.432179999999999964e+01 1.000000000000000000e+00 1.110000000000000049e-02 0.000000000000000000e+00
-2.432179999999999964e+01 1.000000000000000000e+00 1.099999999999999936e-02 0.000000000000000000e+00
-2.432179999999999964e+01 1.000000000000000000e+00 1.179999999999999973e-02 0.000000000000000000e+00
-2.432179999999999964e+01 1.000000000000000000e+00 1.060000000000000005e-02 0.000000000000000000e+00
-2.432179999999999964e+01 1.000000000000000000e+00 1.250000000000000069e-02 0.000000000000000000e+00
-2.431805400000000006e+01 9.998459817941106609e-01 9.900000000000000813e-03 3.745999999999997943e-02
-2.432179999999999964e+01 1.000000000000000000e+00 1.190000000000000085e-02 0.000000000000000000e+00
-2.432179999999999964e+01 1.000000000000000000e+00 1.170000000000000033e-02 0.000000000000000000e+00
-2.432179999999999964e+01 1.000000000000000000e+00 1.069999999999999944e-02 0.000000000000000000e+00
-2.432179999999999964e+01 1.000000000000000000e+00 1.089999999999999997e-02 0.000000000000000000e+00
-2.432179999999999964e+01 1.000000000000000000e+00 1.099999999999999936e-02 0.000000000000000000e+00
-2.432179999999999964e+01 1.000000000000000000e+00 1.170000000000000033e-02 0.000000000000000000e+00
-2.432179999999999964e+01 1.000000000000000000e+00 1.269999999999999948e-02 0.000000000000000000e+00
-2.426935599999999837e+01 9.978437451175488082e-01 8.600000000000000006e-03 1.306361639722087853e-01
-2.432179999999999964e+01 1.000000000000000000e+00 1.149999999999999981e-02 0.000000000000000000e+00
-2.432179999999999964e+01 1.000000000000000000e+00 1.220000000000000077e-02 0.000000000000000000e+00
-2.432179999999999964e+01 1.000000000000000000e+00 1.140000000000000041e-02 0.000000000000000000e+00
-2.432179999999999964e+01 1.000000000000000000e+00 1.190000000000000085e-02 0.000000000000000000e+00
-2.427310200000000151e+01 9.979977633234382584e-01 8.699999999999999400e-03 1.266139268035161858e-01
-2.427310200000000151e+01 9.979977633234382584e-01 8.699999999999999400e-03 1.266139268035161858e-01
-2.432179999999999964e+01 1.000000000000000000e+00 1.239999999999999956e-02 0.000000000000000000e+00
-2.429557799999999901e+01 9.989218725587744041e-01 9.299999999999999239e-03 9.605957703110085122e-02
-2.432179999999999964e+01 1.000000000000000000e+00 1.190000000000000085e-02 0.000000000000000000e+00
-2.432179999999999964e+01 1.000000000000000000e+00 1.009999999999999960e-02 0.000000000000000000e+00
-2.432179999999999964e+01 1.000000000000000000e+00 1.129999999999999928e-02 0.000000000000000000e+00
-2.429932399999999859e+01 9.990758907646637432e-01 9.400000000000000369e-03 8.941074791334809035e-02
-2.424313399999999774e+01 9.967656176763232123e-01 7.900000000000000772e-03 1.533463237053288852e-01
-2.432179999999999964e+01 1.000000000000000000e+00 1.030000000000000013e-02 0.000000000000000000e+00
-2.432179999999999964e+01 1.000000000000000000e+00 1.129999999999999928e-02 0.000000000000000000e+00
-2.431430799999999692e+01 9.996919635882210997e-01 9.799999999999999684e-03 5.270820318345431632e-02
-2.432179999999999964e+01 1.000000000000000000e+00 1.080000000000000057e-02 0.000000000000000000e+00
-2.432179999999999964e+01 1.000000000000000000e+00 1.119999999999999989e-02 0.000000000000000000e+00
-2.432179999999999964e+01 1.000000000000000000e+00 1.129999999999999928e-02 0.000000000000000000e+00
-2.432179999999999964e+01 1.000000000000000000e+00 1.110000000000000049e-02 0.000000000000000000e+00
-2.432179999999999964e+01 1.000000000000000000e+00 1.080000000000000057e-02 0.000000000000000000e+00
-2.432179999999999964e+01 1.000000000000000000e+00 1.080000000000000057e-02 0.000000000000000000e+00
-2.432179999999999964e+01 1.000000000000000000e+00 1.140000000000000041e-02 0.000000000000000000e+00
-2.432179999999999964e+01 1.000000000000000000e+00 1.060000000000000005e-02 0.000000000000000000e+00
-2.432179999999999964e+01 1.000000000000000000e+00 1.190000000000000085e-02 0.000000000000000000e+00
-2.432179999999999964e+01 1.000000000000000000e+00 1.069999999999999944e-02 0.000000000000000000e+00
-2.429557799999999901e+01 9.989218725587744041e-01 9.299999999999999239e-03 9.605957703110085122e-02
-2.432179999999999964e+01 1.000000000000000000e+00 1.129999999999999928e-02 0.000000000000000000e+00
-2.432179999999999964e+01 1.000000000000000000e+00 1.089999999999999997e-02 0.000000000000000000e+00
-2.432179999999999964e+01 1.000000000000000000e+00 1.179999999999999973e-02 0.000000000000000000e+00
-2.432179999999999964e+01 1.000000000000000000e+00 1.140000000000000041e-02 0.000000000000000000e+00
-2.432179999999999964e+01 1.000000000000000000e+00 1.050000000000000065e-02 0.000000000000000000e+00
-2.432179999999999964e+01 1.000000000000000000e+00 1.280000000000000061e-02 0.000000000000000000e+00
-2.431056199999999734e+01 9.995379453823317606e-01 9.700000000000000289e-03 6.422389935596303778e-02
-2.432179999999999964e+01 1.000000000000000000e+00 1.119999999999999989e-02 0.000000000000000000e+00
-2.432179999999999964e+01 1.000000000000000000e+00 1.089999999999999997e-02 0.000000000000000000e+00
-2.426560999999999879e+01 9.976897269116594691e-01 8.500000000000000611e-03 1.344328073684760427e-01
-2.432179999999999964e+01 1.000000000000000000e+00 1.009999999999999960e-02 0.000000000000000000e+00
-2.432179999999999964e+01 1.000000000000000000e+00 1.110000000000000049e-02 0.000000000000000000e+00
-2.431056199999999734e+01 9.995379453823317606e-01 9.700000000000000289e-03 6.422389935596303778e-02
-2.432179999999999964e+01 1.000000000000000000e+00 1.170000000000000033e-02 0.000000000000000000e+00
-2.428808599999999984e+01 9.986138361469957259e-01 9.100000000000000450e-03 1.077437598277423969e-01
-2.431430799999999692e+01 9.996919635882210997e-01 9.799999999999999684e-03 5.270820318345431632e-02
-2.432179999999999964e+01 1.000000000000000000e+00 1.159999999999999920e-02 0.000000000000000000e+00
-2.423564199999999857e+01 9.964575812645445341e-01 7.700000000000000247e-03 1.584380382217467353e-01
-2.432179999999999964e+01 1.000000000000000000e+00 1.149999999999999981e-02 0.000000000000000000e+00
-2.426935599999999837e+01 9.978437451175488082e-01 8.600000000000000006e-03 1.306361639722087853e-01
-2.430681599999999776e+01 9.993839271764424215e-01 9.599999999999999159e-03 7.377611603337315416e-02
-2.432179999999999964e+01 1.000000000000000000e+00 1.009999999999999960e-02 0.000000000000000000e+00
-2.431805400000000006e+01 9.998459817941106609e-01 9.900000000000000813e-03 3.745999999999997943e-02
-2.428059400000000068e+01 9.983057997352170476e-01 8.899999999999999925e-03 1.177989777356137774e-01
-2.432179999999999964e+01 1.000000000000000000e+00 1.129999999999999928e-02 0.000000000000000000e+00
-2.431805400000000006e+01 9.998459817941106609e-01 9.900000000000000813e-03 3.745999999999997943e-02
-2.432179999999999964e+01 1.000000000000000000e+00 1.069999999999999944e-02 0.000000000000000000e+00
-2.432179999999999964e+01 1.000000000000000000e+00 1.119999999999999989e-02 0.000000000000000000e+00
-2.432179999999999964e+01 1.000000000000000000e+00 1.099999999999999936e-02 0.000000000000000000e+00
-2.432179999999999964e+01 1.000000000000000000e+00 1.099999999999999936e-02 0.000000000000000000e+00
-2.431430799999999692e+01 9.996919635882210997e-01 9.799999999999999684e-03 5.270820318345431632e-02
-2.432179999999999964e+01 1.000000000000000000e+00 1.099999999999999936e-02 0.000000000000000000e+00
-2.432179999999999964e+01 1.000000000000000000e+00 1.009999999999999960e-02 0.000000000000000000e+00
-2.431805400000000006e+01 9.998459817941106609e-01 9.900000000000000813e-03 3.745999999999997943e-02
-2.432179999999999964e+01 1.000000000000000000e+00 1.110000000000000049e-02 0.000000000000000000e+00
-2.431805400000000006e+01 9.998459817941106609e-01 9.900000000000000813e-03 3.745999999999997943e-02
-2.432179999999999964e+01 1.000000000000000000e+00 1.239999999999999956e-02 0.000000000000000000e+00
-2.431805400000000006e+01 9.998459817941106609e-01 9.900000000000000813e-03 3.745999999999997943e-02
-2.432179999999999964e+01 1.000000000000000000e+00 1.080000000000000057e-02 0.000000000000000000e+00
-2.432179999999999964e+01 1.000000000000000000e+00 1.129999999999999928e-02 0.000000000000000000e+00
-2.431430799999999692e+01 9.996919635882210997e-01 9.799999999999999684e-03 5.270820318345431632e-02
-2.432179999999999964e+01 1.000000000000000000e+00 1.020000000000000073e-02 0.000000000000000000e+00
-2.432179999999999964e+01 1.000000000000000000e+00 1.129999999999999928e-02 0.000000000000000000e+00
