-2.240727800000001224e+01 3.080838595868894414e-01 0.000000000000000000e+00 2.370983654523194151e+00
-2.274760400000002036e+01 3.127630958420816176e-01 0.000000000000000000e+00 2.563478684530933194e+00
-2.306169000000000935e+01 3.170815510833743800e-01 0.000000000000000000e+00 2.708045934942310939e+00
-2.215145800000000875e+01 3.045665196869016267e-01 0.000000000000000000e+00 2.430816039442746934e+00
-2.360354400000001007e+01 3.245316515218388265e-01 0.000000000000000000e+00 2.478262994755753290e+00
-2.259578000000000841e+01 3.106756256951979100e-01 0.000000000000000000e+00 2.467649569279981137e+00
-2.420822000000000784e+01 3.328455090050887466e-01 0.000000000000000000e+00 2.256784755336492143e+00
-2.415623200000001347e+01 3.321307116213011446e-01 0.000000000000000000e+00 2.438552178537606085e+00
-2.342366400000002358e+01 3.220584316750334519e-01 0.000000000000000000e+00 2.761307652658482770e+00
-2.360641200000001660e+01 3.245710844466812572e-01 0.000000000000000000e+00 2.293388014732172131e+00
-2.347617600000001303e+01 3.227804336796777918e-01 0.000000000000000000e+00 2.568958449916615372e+00
-2.428999000000001018e+01 3.339697873399413708e-01 0.000000000000000000e+00 2.897619733766863881e+00
-2.430126200000001901e+01 3.341247691840219525e-01 0.000000000000000000e+00 3.110631129009615581e+00
-2.340346400000001381e+01 3.217806962908578705e-01 0.000000000000000000e+00 2.168267681186243134e+00
-2.421643400000002799e+01 3.329584455618027072e-01 0.000000000000000000e+00 2.339959082445500993e+00
-2.490630000000000521e+01 3.424436039053445624e-01 0.000000000000000000e+00 2.054814496874513008e+00
-2.419441600000002879e+01 3.326557139930514939e-01 0.000000000000000000e+00 2.499434865446607645e+00
-2.405341600000001279e+01 3.307170660144011509e-01 0.000000000000000000e+00 2.079301911637993605e+00
-2.520560600000001372e+01 3.465588448407904698e-01 0.000000000000000000e+00 2.529245779455395304e+00
-2.553506200000001414e+01 3.510886264610326712e-01 0.000000000000000000e+00 2.418846179515675043e+00
-2.494707800000002251e+01 3.430042719001915597e-01 0.000000000000000000e+00 2.508095097820880248e+00
-2.604862400000001088e+01 3.581497323703341507e-01 0.000000000000000000e+00 2.704295430454253690e+00
-2.691062400000000920e+01 3.700016086653441505e-01 0.000000000000000000e+00 2.549385271402587527e+00
-2.580405000000002502e+01 3.547870168332394880e-01 0.000000000000000000e+00 2.146176002718897635e+00
-2.698082800000000958e+01 3.709668628688416736e-01 0.000000000000000000e+00 2.375402295585896439e+00
-2.739315600000001538e+01 3.766360745265782684e-01 0.000000000000000000e+00 2.986799525735420957e+00
-2.566230200000001105e+01 3.528380843958088264e-01 0.000000000000000000e+00 2.234581603482455492e+00
-2.704140000000001365e+01 3.717996840416274984e-01 0.000000000000000000e+00 2.890187538775455867e+00
-2.617179600000001116e+01 3.598432582485348585e-01 0.000000000000000000e+00 2.471211424428565895e+00
-2.698064800000001640e+01 3.709643879990817683e-01 0.000000000000000000e+00 2.401487437657811697e+00
-2.708373000000000275e+01 3.723816909135157505e-01 0.000000000000000000e+00 2.428870320673062189e+00
-2.741025000000001199e+01 3.768711046581175172e-01 0.000000000000000000e+00 2.571306468440987647e+00
-2.761383200000001281e+01 3.796702098552065530e-01 0.000000000000000000e+00 2.080796721774977875e+00
-2.690630200000000727e+01 3.699421842925517123e-01 0.000000000000000000e+00 2.141351084966421237e+00
-2.798787400000001924e+01 3.848130167149956260e-01 0.000000000000000000e+00 2.242022436142345310e+00
-2.678947600000001827e+01 3.683359113226669090e-01 0.000000000000000000e+00 2.106463891905824060e+00
-2.713215000000002419e+01 3.730474308789503146e-01 0.000000000000000000e+00 2.215059286412720319e+00
-2.766784000000001242e+01 3.804127807774117520e-01 0.000000000000000000e+00 2.364438279715894264e+00
-2.804663000000001460e+01 3.856208692017584760e-01 0.000000000000000000e+00 2.697873248196314577e+00
-2.794848000000001775e+01 3.842713777187478086e-01 0.000000000000000000e+00 2.358126678770950058e+00
-2.825510600000001560e+01 3.884872633577660106e-01 0.000000000000000000e+00 2.662817512525810226e+00
-2.832137800000001704e+01 3.893984554062844827e-01 0.000000000000000000e+00 2.441725181616762441e+00
-2.757273200000001978e+01 3.791051145933447830e-01 0.000000000000000000e+00 2.420493928510368153e+00
-2.876520800000001188e+01 3.955007967705701510e-01 0.000000000000000000e+00 2.403362835009110743e+00
-2.890195000000002423e+01 3.973809003301204679e-01 0.000000000000000000e+00 2.255283913928408435e+00
-2.873734800000001144e+01 3.951177419288311454e-01 0.000000000000000000e+00 2.416150633995648889e+00
-2.840439000000001712e+01 3.905398103424809753e-01 0.000000000000000000e+00 2.078894783948257441e+00
-2.913224400000001069e+01 4.005472761995901299e-01 0.000000000000000000e+00 2.426405609347857872e+00
-2.994173000000001039e+01 4.116771229914027441e-01 0.000000000000000000e+00 2.560436305524209644e+00
-2.900869400000002685e+01 3.988485530948937541e-01 0.000000000000000000e+00 2.004146418057857648e+00
-2.978322200000000919e+01 4.094977526807653256e-01 0.000000000000000000e+00 2.503464535624036369e+00
-2.907353200000002857e+01 3.997400286809910663e-01 0.000000000000000000e+00 2.259407715313055398e+00
-3.031115000000001203e+01 4.167563806954660555e-01 0.000000000000000000e+00 2.752204437199644804e+00
-2.979158400000001805e+01 4.096127241303929023e-01 0.000000000000000000e+00 2.655236298134938444e+00
-3.114792600000001954e+01 4.282614452414444384e-01 0.000000000000000000e+00 2.975586018188753901e+00
-3.070182800000003454e+01 4.221279205181832084e-01 0.000000000000000000e+00 2.606029849751138272e+00
-2.864117400000002789e+01 3.937954190160746770e-01 0.000000000000000000e+00 1.531466173221339044e+00
-2.890949800000002057e+01 3.974846798687222127e-01 0.000000000000000000e+00 2.431022839725839546e+00
-2.969338400000001599e+01 4.082625451835599217e-01 0.000000000000000000e+00 2.279990361344148564e+00
-3.025413800000002240e+01 4.159725069468222514e-01 0.000000000000000000e+00 2.407455783614014244e+00
-2.938403200000001192e+01 4.040091790169544339e-01 0.000000000000000000e+00 2.113700006851884527e+00
-3.037079000000002438e+01 4.175763875426058980e-01 0.000000000000000000e+00 2.078995666108270246e+00
-3.031120000000002079e+01 4.167570681592884241e-01 0.000000000000000000e+00 2.814965147244636423e+00
-2.872985000000002032e+01 3.950146498540517137e-01 0.000000000000000000e+00 2.129406842695207303e+00
-2.836959400000001352e+01 3.900613905193240916e-01 0.000000000000000000e+00 2.250853986254635952e+00
-2.993354800000002314e+01 4.115646264115354058e-01 0.000000000000000000e+00 2.503406491465401285e+00
-3.108458400000000665e+01 4.273905385729077078e-01 0.000000000000000000e+00 2.182933672637662692e+00
-3.038270800000001870e+01 4.177402514192693483e-01 0.000000000000000000e+00 1.934461707064001112e+00
-3.033430600000001931e+01 4.170747589408110301e-01 0.000000000000000000e+00 2.112200037675303843e+00
-3.082310800000001549e+01 4.237954327653509212e-01 0.000000000000000000e+00 2.266953027173280510e+00
-3.026042800000002231e+01 4.160589898956570387e-01 0.000000000000000000e+00 2.347705986017805557e+00
-2.973226400000002911e+01 4.087971170517155639e-01 0.000000000000000000e+00 2.639669724577778265e+00
-3.158234200000001834e+01 4.342343509172832405e-01 0.000000000000000000e+00 2.359034829737609140e+00
-3.116605400000002390e+01 4.285106921248272860e-01 0.000000000000000000e+00 2.399926742123516643e+00
-3.141618200000002048e+01 4.319497711432938591e-01 0.000000000000000000e+00 2.661192417034290436e+00
-3.093810600000001543e+01 4.253765720578956966e-01 0.000000000000000000e+00 2.120426961666356469e+00
-3.120395000000001673e+01 4.290317347049614205e-01 0.000000000000000000e+00 2.389154528512358766e+00
-3.074067800000001327e+01 4.226620799080450519e-01 0.000000000000000000e+00 1.730310547918605169e+00
-3.131269200000000907e+01 4.305268585240702994e-01 0.000000000000000000e+00 2.091062551208515696e+00
-3.152121600000002744e+01 4.333939126453474344e-01 0.000000000000000000e+00 2.442852021414578800e+00
-3.207641400000000687e+01 4.410274834286846968e-01 0.000000000000000000e+00 2.235609494686250365e+00
-3.189228000000001728e+01 4.384957741598851100e-01 0.000000000000000000e+00 1.963704945332478413e+00
-3.045309600000000572e+01 4.187080354896324241e-01 0.000000000000000000e+00 2.408492460630327958e+00
-3.212292200000001685e+01 4.416669347775575849e-01 0.000000000000000000e+00 2.197306262317613612e+00
-3.189816000000001850e+01 4.385766199053777736e-01 0.000000000000000000e+00 2.724482868770185640e+00
-3.349861200000002981e+01 4.605816768892541102e-01 0.000000000000000000e+00 2.741952895044410532e+00
-3.288960600000000767e+01 4.522082850389999575e-01 0.000000000000000000e+00 2.276118781132087765e+00
-3.316687400000001418e+01 4.560205194201657486e-01 0.000000000000000000e+00 2.745022191686712354e+00
-3.321237000000002126e+01 4.566460565012769313e-01 0.000000000000000000e+00 2.289768885585167890e+00
-3.245948600000001960e+01 4.462944462547661084e-01 0.000000000000000000e+00 2.079800500777500893e+00
-3.291976200000002706e+01 4.526229082194553333e-01 0.000000000000000000e+00 2.919230950434678729e+00
-3.343373200000000622e+01 4.596896238335458351e-01 0.000000000000000000e+00 2.674654906877679039e+00
-3.217083200000001852e+01 4.423256626120052881e-01 0.000000000000000000e+00 2.073990801577061394e+00
-3.278665000000001584e+01 4.507927145333979202e-01 0.000000000000000000e+00 2.559581035851552944e+00
-3.235534800000001354e+01 4.448626241044066898e-01 0.000000000000000000e+00 2.144516293014827824e+00
-3.190173200000002751e+01 4.386257323208370140e-01 0.000000000000000000e+00 2.209008836234390483e+00
-3.101395400000001601e+01 4.264194271776450273e-01 0.000000000000000000e+00 2.658630299568147670e+00
-3.226730000000003429e+01 4.436520278120368865e-01 0.000000000000000000e+00 2.153518895654132237e+00
-3.167276200000000941e+01 4.354775604933791566e-01 0.000000000000000000e+00 2.783849424799329064e+00
-3.274498400000003073e+01 4.502198371810687827e-01 0.000000000000000000e+00 2.474714926413574378e+00
-3.330982000000003040e+01 4.579859234907767140e-01 0.000000000000000000e+00 2.606598107910311324e+00
-3.219860800000001433e+01 4.427075625145228677e-01 0.000000000000000000e+00 2.094203456184462908e+00
-3.182466800000000973e+01 4.375661580809311335e-01 0.000000000000000000e+00 2.197990736778855592e+00
-3.235380200000001594e+01 4.448413677230237950e-01 0.000000000000000000e+00 2.223199532295740966e+00
-3.161706600000001544e+01 4.347117807925360289e-01 0.000000000000000000e+00 2.383901441264006493e+00
-3.197138000000002123e+01 4.395833419266313991e-01 0.000000000000000000e+00 2.224863679582925080e+00
-3.228171800000002634e+01 4.438502648798110517e-01 0.000000000000000000e+00 2.313883067524756587e+00
-3.220671000000001527e+01 4.428189591522748159e-01 0.000000000000000000e+00 2.148364196947825100e+00
-3.265183000000002522e+01 4.489390370831738419e-01 0.000000000000000000e+00 2.642322412426636902e+00
-3.238939799999999991e+01 4.453307869673358566e-01 0.000000000000000000e+00 2.385127659966944424e+00
-3.281561400000000361e+01 4.511909485763312411e-01 0.000000000000000000e+00 2.537902983118387468e+00
-3.237315800000003918e+01 4.451074987178805231e-01 0.000000000000000000e+00 2.481960685400706801e+00
-3.315143000000001905e+01 4.558081755947596125e-01 0.000000000000000000e+00 2.667392210445143963e+00
-3.296238200000000518e+01 4.532089023815122353e-01 0.000000000000000000e+00 2.501993905489594106e+00
-3.342836200000000701e+01 4.596157902190398103e-01 0.000000000000000000e+00 2.321737622652569222e+00
-3.310107800000003664e+01 4.551158720272350799e-01 0.000000000000000000e+00 2.787938431257190874e+00
-3.222370800000002333e+01 4.430526693532756410e-01 0.000000000000000000e+00 2.211256094049422138e+00
-3.390569000000001409e+01 4.661787048456577098e-01 0.000000000000000000e+00 1.976960876132245470e+00
-3.360074000000001604e+01 4.619858629939601613e-01 0.000000000000000000e+00 2.545368602546256298e+00
-3.259519800000002476e+01 4.481603880595786960e-01 0.000000000000000000e+00 2.184344703898746687e+00
-3.240447000000001765e+01 4.455380160619050178e-01 0.000000000000000000e+00 2.250984317375558152e+00
-3.353556600000001708e+01 4.610897676509775889e-01 0.000000000000000000e+00 1.991503121076280136e+00
-3.465739000000001369e+01 4.765140359488583832e-01 0.000000000000000000e+00 2.520627559885943114e+00
-3.392116400000000453e+01 4.663914611493570894e-01 0.000000000000000000e+00 2.310495517604984617e+00
-3.355741600000002478e+01 4.613901893412862831e-01 0.000000000000000000e+00 2.044544741141482547e+00
-3.468199600000003358e+01 4.768523506450477734e-01 0.000000000000000000e+00 2.207929471220225981e+00
-3.513002800000001002e+01 4.830124664689522396e-01 0.000000000000000000e+00 2.354973619877554825e+00
-3.553945200000002558e+01 4.886417502278946334e-01 0.000000000000000000e+00 1.840602692273386909e+00
-3.603892400000003704e+01 4.955091288320957466e-01 0.000000000000000000e+00 2.277715184486507560e+00
-3.679771000000001635e+01 5.059418873081806822e-01 0.000000000000000000e+00 2.103629846914205181e+00
-3.705407200000001922e+01 5.094666793160013141e-01 0.000000000000000000e+00 2.602812140125337237e+00
-3.602186200000002003e+01 4.952745386774023983e-01 0.000000000000000000e+00 2.280066975570425480e+00
-3.654694600000001259e+01 5.024940637498953588e-01 0.000000000000000000e+00 2.362948559326724318e+00
-3.663345400000001462e+01 5.036834861565412380e-01 0.000000000000000000e+00 2.578621438112804309e+00
-3.639967399999999742e+01 5.004691803093862523e-01 0.000000000000000000e+00 2.044291412276407538e+00
-3.747337000000001694e+01 5.152317234305546778e-01 0.000000000000000000e+00 2.336247999561379185e+00
-3.778851600000003685e+01 5.195647529048789126e-01 0.000000000000000000e+00 2.005564982727668699e+00
-3.777719400000001571e+01 5.194090835969759068e-01 0.000000000000000000e+00 2.029450883278628215e+00
-3.852692400000002948e+01 5.297173286255815183e-01 0.000000000000000000e+00 2.598378241107830888e+00
-3.881082000000000676e+01 5.336206932110199030e-01 0.000000000000000000e+00 2.157343808080350200e+00
-3.882369200000000120e+01 5.337976738974111734e-01 0.000000000000000000e+00 2.156938000620604701e+00
-3.761324200000000673e+01 5.171548622253755445e-01 0.000000000000000000e+00 2.197156664399503523e+00
-3.797126999999999697e+01 5.220774881721849114e-01 0.000000000000000000e+00 1.940292798975859823e+00
-3.770650200000002883e+01 5.184371197465736936e-01 0.000000000000000000e+00 1.810856606607195607e+00
-3.847877800000002679e+01 5.290553559618929036e-01 0.000000000000000000e+00 2.211226608527173454e+00
-3.905287599999999770e+01 5.369487880700277715e-01 0.000000000000000000e+00 1.879462094179764620e+00
-3.876821400000000750e+01 5.330348915388328779e-01 0.000000000000000000e+00 1.744457006717812009e+00
-3.865388600000001418e+01 5.314629642615059657e-01 0.000000000000000000e+00 2.186119682003810905e+00
-3.885995000000001909e+01 5.342961951627298589e-01 0.000000000000000000e+00 2.565488172951797985e+00
-3.930452200000002705e+01 5.404087384901373747e-01 0.000000000000000000e+00 2.522385326405275574e+00
-3.895945600000003139e+01 5.356643306645991753e-01 0.000000000000000000e+00 2.156552445400208295e+00
-3.858297200000003357e+01 5.304879480717331619e-01 0.000000000000000000e+00 2.388508082679701161e+00
-3.908057600000002196e+01 5.373296430275359414e-01 0.000000000000000000e+00 1.960969516507257593e+00
-3.869085600000003922e+01 5.319712750116530886e-01 0.000000000000000000e+00 2.178383528313662776e+00
-3.843914600000000092e+01 5.285104446378509069e-01 0.000000000000000000e+00 2.591402054090300666e+00
-3.839374600000003568e+01 5.278862274872789806e-01 0.000000000000000000e+00 2.235870547174234613e+00
-3.786986000000002406e+01 5.206831740479660464e-01 0.000000000000000000e+00 2.208540049238616021e+00
-3.895502200000001380e+01 5.356033663728447802e-01 0.000000000000000000e+00 2.171495988715166803e+00
-3.871383400000002695e+01 5.322872058857905930e-01 0.000000000000000000e+00 2.482145195218332656e+00
-3.957143800000003608e+01 5.440786403615515132e-01 0.000000000000000000e+00 2.109435050931165900e+00
-3.935726400000002911e+01 5.411339028283640440e-01 0.000000000000000000e+00 2.301673733450630532e+00
-4.006630800000000647e+01 5.508827447955552126e-01 0.000000000000000000e+00 2.217231096409404412e+00
-4.027073200000000952e+01 5.536934268834103889e-01 0.000000000000000000e+00 2.783084525655922903e+00
-3.906128800000004020e+01 5.370644469834781054e-01 0.000000000000000000e+00 2.272818574408828063e+00
-3.921380400000002453e+01 5.391614316296607923e-01 0.000000000000000000e+00 2.438934821892209559e+00
-3.924681200000004111e+01 5.396152677465354541e-01 0.000000000000000000e+00 2.046504308103667125e+00
-3.932093400000002248e+01 5.406343916151415963e-01 0.000000000000000000e+00 2.081983752943137755e+00
-4.070094200000004037e+01 5.596085031025247458e-01 0.000000000000000000e+00 1.904625008675652209e+00
-4.032746200000001835e+01 5.544734233360971709e-01 0.000000000000000000e+00 1.962760592016183026e+00
-4.100056600000002049e+01 5.637281163078795565e-01 0.000000000000000000e+00 2.065314574920193103e+00
-4.044283400000001905e+01 5.560597048580321333e-01 0.000000000000000000e+00 2.283758512955997855e+00
-4.073222600000001137e+01 5.600386354668087652e-01 0.000000000000000000e+00 1.923963973424228202e+00
-4.078959400000004365e+01 5.608274039578673431e-01 0.000000000000000000e+00 2.346128527734681946e+00
-4.135045800000002458e+01 5.685388781415381398e-01 0.000000000000000000e+00 2.445834506207142489e+00
-4.082361000000002349e+01 5.612950993453973414e-01 0.000000000000000000e+00 2.470820795593924313e+00
-4.128400800000002135e+01 5.676252387218125861e-01 0.000000000000000000e+00 2.100423748958261783e+00
-4.167770000000000863e+01 5.730382188637324070e-01 0.000000000000000000e+00 2.122369472494781917e+00
-4.071918400000001981e+01 5.598593174034219855e-01 0.000000000000000000e+00 1.623912858581600505e+00
-4.134318800000002625e+01 5.684389209017879363e-01 0.000000000000000000e+00 1.973774647892364342e+00
-4.161140800000003992e+01 5.721267518296855314e-01 0.000000000000000000e+00 1.841649327200973296e+00
-4.161490400000000989e+01 5.721748193001344740e-01 0.000000000000000000e+00 2.066384640185839228e+00
-4.186521000000002601e+01 5.756163456898084618e-01 0.000000000000000000e+00 2.215523066930472851e+00
-4.151147400000002818e+01 5.707527316374979565e-01 0.000000000000000000e+00 2.120219102772545661e+00
-4.040779200000000060e+01 5.555779027128697756e-01 0.000000000000000000e+00 1.983016828205311999e+00
-4.091476200000002450e+01 5.625483733918505980e-01 0.000000000000000000e+00 2.011412234909451424e+00
-4.062632200000001603e+01 5.585825320942487959e-01 0.000000000000000000e+00 1.705252653550319186e+00
-4.197134400000004462e+01 5.770756113959508715e-01 0.000000000000000000e+00 2.541416221672832876e+00
-4.107973400000001618e+01 5.648166190254240160e-01 0.000000000000000000e+00 2.174449746172649967e+00
-4.147685600000002637e+01 5.702767591855482099e-01 0.000000000000000000e+00 2.370155272683691638e+00
-3.997539000000000442e+01 5.496326880797899328e-01 0.000000000000000000e+00 2.129657000196239824e+00
-4.057798600000001699e+01 5.579179470680357689e-01 0.000000000000000000e+00 1.786464486582989064e+00
-4.171667000000001480e+01 5.735740281667679463e-01 0.000000000000000000e+00 2.469342333312841475e+00
-4.191715200000000863e+01 5.763305106068794537e-01 0.000000000000000000e+00 2.536901482480969694e+00
-4.082614200000002569e+01 5.613299125133544010e-01 0.000000000000000000e+00 2.530394666433509077e+00
-4.153542400000002743e+01 5.710820268083396378e-01 0.000000000000000000e+00 2.251999481274497228e+00
-4.093797000000002129e+01 5.628674665995705428e-01 0.000000000000000000e+00 1.926775180623485406e+00
-4.071159400000000517e+01 5.597549603952093333e-01 0.000000000000000000e+00 1.925610477714230884e+00
-4.198073000000000832e+01 5.772046621046569292e-01 0.000000000000000000e+00 1.869184676226076869e+00
-4.141716400000002807e+01 5.694560373760334526e-01 0.000000000000000000e+00 2.002319370459460846e+00
-4.015894000000000830e+01 5.521563677711461837e-01 0.000000000000000000e+00 1.919929936221632216e+00
-4.085034800000002519e+01 5.616627274989657304e-01 0.000000000000000000e+00 1.689129874887772775e+00
-4.102417800000002046e+01 5.640527642232830985e-01 0.000000000000000000e+00 1.955679534776450179e+00
-4.152061200000003538e+01 5.708783725256463271e-01 0.000000000000000000e+00 2.545839779976164952e+00
-4.098312600000002703e+01 5.634883289266906514e-01 0.000000000000000000e+00 1.940205857380639110e+00
-4.182997600000002336e+01 5.751319036835690346e-01 0.000000000000000000e+00 2.054834408974861581e+00
-4.141224400000003669e+01 5.693883909359275242e-01 0.000000000000000000e+00 2.201784263797674779e+00
-4.084565400000003166e+01 5.615981883953361509e-01 0.000000000000000000e+00 2.055286835172239979e+00
-4.068544200000001609e+01 5.593953893176374370e-01 0.000000000000000000e+00 2.198382454809017172e+00
-4.003980600000001289e+01 5.505183614712277906e-01 0.000000000000000000e+00 2.015473728899195738e+00
-4.129551200000002353e+01 5.677834103980281544e-01 0.000000000000000000e+00 1.586076452440379203e+00
-4.151812600000001652e+01 5.708441918244054891e-01 0.000000000000000000e+00 2.330090750849837633e+00
-4.129986600000001573e+01 5.678432747476666043e-01 0.000000000000000000e+00 2.177995656293263416e+00
-4.130053200000003955e+01 5.678524317657789311e-01 0.000000000000000000e+00 2.591658314977481226e+00
-4.202749400000001856e+01 5.778476332682995764e-01 0.000000000000000000e+00 2.281072588300282700e+00
-4.199532400000002497e+01 5.774053190450856299e-01 0.000000000000000000e+00 2.237020168656004504e+00
-4.219147200000002584e+01 5.801022121210874793e-01 0.000000000000000000e+00 1.947995540620867994e+00
-4.162156400000003487e+01 5.722663894812540786e-01 0.000000000000000000e+00 2.421802557138301282e+00
-4.190058200000001420e+01 5.761026850961969981e-01 0.000000000000000000e+00 1.917416755907370263e+00
-4.166854800000000125e+01 5.729123854857138820e-01 0.000000000000000000e+00 2.081289160543036587e+00
-4.190457200000003013e+01 5.761575447092101010e-01 0.000000000000000000e+00 2.379402972994475896e+00
-4.181327400000002115e+01 5.749022632683957745e-01 0.000000000000000000e+00 2.314255999852333545e+00
-4.188959400000003797e+01 5.759516080466270394e-01 0.000000000000000000e+00 1.906322850216239262e+00
-4.179900400000000360e+01 5.747060610935350589e-01 0.000000000000000000e+00 2.269693782840016993e+00
-4.103463800000002948e+01 5.641965816548908386e-01 0.000000000000000000e+00 2.033925827575028933e+00
-4.074802600000003849e+01 5.602558740346295085e-01 0.000000000000000000e+00 2.286417255000415150e+00
-4.220811400000000901e+01 5.803310275796738082e-01 0.000000000000000000e+00 2.101344045937737270e+00
-4.198299600000002130e+01 5.772358179650799448e-01 0.000000000000000000e+00 2.217580756340776116e+00
-4.190502400000003291e+01 5.761637593821630210e-01 0.000000000000000000e+00 2.388524911055212918e+00
-4.221271400000001961e+01 5.803942742513178432e-01 0.000000000000000000e+00 2.145907897193251479e+00
-4.173343600000001885e+01 5.738045485356335629e-01 0.000000000000000000e+00 2.139338754987133662e+00
-4.229924400000002294e+01 5.815839991420455046e-01 0.000000000000000000e+00 2.081970630806158518e+00
-4.145327400000003593e+01 5.699525237484383000e-01 0.000000000000000000e+00 2.125639491399700987e+00
-4.161662800000002704e+01 5.721985230527247834e-01 0.000000000000000000e+00 2.241459427981886687e+00
-4.221757200000001120e+01 5.804610682362841834e-01 0.000000000000000000e+00 2.318833231077973789e+00
-4.223899600000002152e+01 5.807556327348276648e-01 0.000000000000000000e+00 2.073410111894183672e+00
-4.239221200000002909e+01 5.828622418745217360e-01 0.000000000000000000e+00 2.136177680409283131e+00
-4.207045600000001428e+01 5.784383296829006538e-01 0.000000000000000000e+00 2.121700680072997613e+00
-4.228374000000001587e+01 5.813708303600525484e-01 0.000000000000000000e+00 2.335268778595480654e+00
-4.248053200000001794e+01 5.840765779700846094e-01 0.000000000000000000e+00 2.264120627424986321e+00
-4.213706200000003577e+01 5.793541139897517844e-01 0.000000000000000000e+00 2.206301327569822668e+00
-4.092084200000002170e+01 5.626319689926321255e-01 0.000000000000000000e+00 1.974904798379564008e+00
-4.238329400000002778e+01 5.827396258271911877e-01 0.000000000000000000e+00 2.355842689343524921e+00
-4.090296800000001554e+01 5.623862144254661022e-01 0.000000000000000000e+00 2.061439007683710134e+00
-4.206477399999999989e+01 5.783602062941437527e-01 0.000000000000000000e+00 1.771676182341103800e+00
-4.299003400000001562e+01 5.910818618170221583e-01 0.000000000000000000e+00 2.454323330399940328e+00
-4.164032400000002099e+01 5.725243259073494739e-01 0.000000000000000000e+00 2.058681363835117129e+00
-4.180034000000004113e+01 5.747244301268651379e-01 0.000000000000000000e+00 2.213795519286305247e+00
-4.225557400000002417e+01 5.809835682397217482e-01 0.000000000000000000e+00 2.482324361334095730e+00
-4.187628800000000950e+01 5.757686601742584287e-01 0.000000000000000000e+00 2.407298930096643197e+00
-4.255253600000001057e+01 5.850665808711817961e-01 0.000000000000000000e+00 1.735099189638110717e+00
-4.169939800000001640e+01 5.733365506640215603e-01 0.000000000000000000e+00 2.151388959567631431e+00
-4.197491600000001455e+01 5.771247238114096678e-01 0.000000000000000000e+00 2.104253739295091297e+00
-4.288313200000001046e+01 5.896120366665705825e-01 0.000000000000000000e+00 1.755932796100181381e+00
-4.277018200000001968e+01 5.880590558921839905e-01 0.000000000000000000e+00 2.209600819947148409e+00
-4.220557000000002290e+01 5.802960494203995845e-01 0.000000000000000000e+00 1.913836279873912583e+00
-4.153167200000002879e+01 5.710304395231204921e-01 0.000000000000000000e+00 1.864715384033312384e+00
-4.163396200000002523e+01 5.724368530106106467e-01 0.000000000000000000e+00 2.086917363717561980e+00
-4.270351400000000552e+01 5.871424191301933826e-01 0.000000000000000000e+00 1.772070760667338707e+00
-4.230768600000001811e+01 5.817000705337884714e-01 0.000000000000000000e+00 2.212975239242181758e+00
-4.219846800000003384e+01 5.801984020590921221e-01 0.000000000000000000e+00 2.419253291881358070e+00
-4.320259000000000782e+01 5.940043530209223599e-01 0.000000000000000000e+00 2.296247464645064795e+00
-4.337626800000001737e+01 5.963922998552203536e-01 0.000000000000000000e+00 2.126689394334714933e+00
-4.330413000000001489e+01 5.954004545510794832e-01 0.000000000000000000e+00 2.455800687035583518e+00
-4.247474000000001837e+01 5.839969421609190192e-01 0.000000000000000000e+00 2.190156741035451216e+00
-4.240862000000002041e+01 5.830878400024201991e-01 0.000000000000000000e+00 1.722023849011870222e+00
-4.262944600000002993e+01 5.861240377225153120e-01 0.000000000000000000e+00 1.754155447278308078e+00
-4.245750800000001846e+01 5.837600146292304393e-01 0.000000000000000000e+00 1.979055180537450109e+00
-4.309901800000000804e+01 5.925803129610305309e-01 0.000000000000000000e+00 2.365068113670088401e+00
-4.228895800000002936e+01 5.814425740845392543e-01 0.000000000000000000e+00 2.244424258008131723e+00
-4.264954400000002721e+01 5.864003706804933325e-01 0.000000000000000000e+00 2.505356851467662516e+00
-4.283759400000000994e+01 5.889859221158487701e-01 0.000000000000000000e+00 2.344887058933874169e+00
-4.193348400000002840e+01 5.765550637897685071e-01 0.000000000000000000e+00 1.762346381913165061e+00
-4.284096000000001681e+01 5.890322021803604535e-01 0.000000000000000000e+00 2.442074751707918878e+00
-4.440244000000001989e+01 6.105014223626484826e-01 0.000000000000000000e+00 2.322073298506393879e+00
-4.399658400000002700e+01 6.049211960220597373e-01 0.000000000000000000e+00 1.758991188424073426e+00
-4.441766800000003457e+01 6.107107963443428877e-01 0.000000000000000000e+00 1.838886177750877371e+00
-4.422431200000001894e+01 6.080522912481733933e-01 0.000000000000000000e+00 2.135855828906704890e+00
-4.423389200000003285e+01 6.081840093165101768e-01 0.000000000000000000e+00 1.991926364693132001e+00
-4.347386600000002943e+01 5.977342017376340300e-01 0.000000000000000000e+00 1.851068544273820393e+00
-4.435627400000002041e+01 6.098666732663196033e-01 0.000000000000000000e+00 1.868763165684240057e+00
-4.483938600000004016e+01 6.165091137078917427e-01 0.000000000000000000e+00 1.696718598301504954e+00
-4.438365200000002631e+01 6.102431009568125564e-01 0.000000000000000000e+00 2.063220268331165119e+00
-4.478544200000002462e+01 6.157674227393786781e-01 0.000000000000000000e+00 2.461951908431662339e+00
-4.431125400000001235e+01 6.092476808407959465e-01 0.000000000000000000e+00 2.425680904152835105e+00
-4.453158400000001649e+01 6.122770589197745750e-01 0.000000000000000000e+00 1.893633459818836240e+00
-4.468152200000002949e+01 6.143385979312843137e-01 0.000000000000000000e+00 1.996685084529815635e+00
-4.390282400000002383e+01 6.036320638626395674e-01 0.000000000000000000e+00 2.168974794974889431e+00
-4.468372800000002343e+01 6.143689288351203981e-01 0.000000000000000000e+00 1.793885527471785535e+00
-4.462816800000003781e+01 6.136050190358737222e-01 0.000000000000000000e+00 1.735488944051575499e+00
-4.400964200000004212e+01 6.051007340738699947e-01 0.000000000000000000e+00 1.310352464047884746e+00
-4.504080200000001355e+01 6.192784379722019450e-01 0.000000000000000000e+00 1.848674641492377146e+00
-4.473560000000004067e+01 6.150821313028407289e-01 0.000000000000000000e+00 1.728941311960015437e+00
-4.387317400000001300e+01 6.032243978160650721e-01 0.000000000000000000e+00 1.885212769419897239e+00
-4.534829000000001287e+01 6.235061754875151907e-01 0.000000000000000000e+00 1.987860277872525616e+00
-4.563866400000002699e+01 6.274986078857603955e-01 0.000000000000000000e+00 1.750420781823154526e+00
-4.506353600000002046e+01 6.195910140228872987e-01 0.000000000000000000e+00 2.268695888533874161e+00
-4.490845200000003246e+01 6.174587212347955045e-01 0.000000000000000000e+00 2.053793813797266221e+00
-4.445124800000002097e+01 6.111724970473432217e-01 0.000000000000000000e+00 2.129072430576851804e+00
-4.470896000000001891e+01 6.147158505783636429e-01 0.000000000000000000e+00 1.883121198994108791e+00
-4.473644000000001597e+01 6.150936806950536573e-01 0.000000000000000000e+00 1.760897711941040278e+00
-4.415584800000001309e+01 6.071109607856888246e-01 0.000000000000000000e+00 1.817596340074028927e+00
-4.559485200000003857e+01 6.268962245861816607e-01 0.000000000000000000e+00 1.919007941329281763e+00
-4.484095000000002074e+01 6.165306175762503837e-01 0.000000000000000000e+00 1.888852200745898990e+00
-4.580005000000002013e+01 6.297175486140045297e-01 0.000000000000000000e+00 1.840544344244743113e+00
-4.555761000000003236e+01 6.263841740328419672e-01 0.000000000000000000e+00 2.130870547073153265e+00
-4.464015600000003303e+01 6.137698453618882777e-01 0.000000000000000000e+00 1.840084461407995642e+00
-4.501237000000003263e+01 6.188875185443371008e-01 0.000000000000000000e+00 1.863848666717402791e+00
-4.563528000000003715e+01 6.274520803342729103e-01 0.000000000000000000e+00 2.177132284228567638e+00
-4.493048400000004250e+01 6.177616452934170388e-01 0.000000000000000000e+00 1.997707469647863610e+00
-4.571662600000003351e+01 6.285705289759131453e-01 0.000000000000000000e+00 2.014090143861490212e+00
-4.527630800000003575e+01 6.225164750704998973e-01 0.000000000000000000e+00 2.125968414471224754e+00
-4.450213400000001940e+01 6.118721427284892211e-01 0.000000000000000000e+00 1.811341853640972666e+00
-4.530386400000000435e+01 6.228953501321993214e-01 0.000000000000000000e+00 1.837817441034254928e+00
-4.503173600000003063e+01 6.191537870319578918e-01 0.000000000000000000e+00 2.136373644045848952e+00
-4.494324200000006897e+01 6.179370585622940837e-01 0.000000000000000000e+00 1.785072847970529120e+00
-4.559389000000002312e+01 6.268829977822419908e-01 0.000000000000000000e+00 1.888207481403535448e+00
-4.495742400000003869e+01 6.181320508008271153e-01 0.000000000000000000e+00 2.325084351380470871e+00
-4.497907200000005190e+01 6.184296951372941775e-01 0.000000000000000000e+00 1.715083511473798117e+00
-4.608177000000002721e+01 6.335909947739004622e-01 0.000000000000000000e+00 2.241865520863453476e+00
-4.592039800000002003e+01 6.313722465355263713e-01 0.000000000000000000e+00 2.263672942521297138e+00
-4.570589000000002500e+01 6.284229167440067432e-01 0.000000000000000000e+00 1.823834586105534727e+00
-4.524154000000004316e+01 6.220384402270836555e-01 0.000000000000000000e+00 1.798524152540834864e+00
-4.533764200000003797e+01 6.233597731919363616e-01 0.000000000000000000e+00 1.891419098747570082e+00
-4.537222600000002615e+01 6.238352781684867177e-01 0.000000000000000000e+00 2.038035628331230420e+00
-4.597241600000001682e+01 6.320874563976073279e-01 0.000000000000000000e+00 2.314998690259463920e+00
-4.681162400000002322e+01 6.436259591838983107e-01 0.000000000000000000e+00 2.142409204191874750e+00
-4.669954400000002437e+01 6.420849402800181682e-01 0.000000000000000000e+00 1.945214759628033141e+00
-4.651435600000002779e+01 6.395387392738460797e-01 0.000000000000000000e+00 1.684237553503158180e+00
-4.668110600000002108e+01 6.418314311209375456e-01 0.000000000000000000e+00 2.277754811691956149e+00
-4.637406600000003465e+01 6.376098532814715725e-01 0.000000000000000000e+00 1.877841437149246451e+00
-4.631680200000000980e+01 6.368225147151632681e-01 0.000000000000000000e+00 1.845117259309559277e+00
-4.577443800000003193e+01 6.293654021457125713e-01 0.000000000000000000e+00 2.367778418123049899e+00
-4.599327000000001675e+01 6.323741838085773503e-01 0.000000000000000000e+00 2.182211190952697777e+00
-4.601234400000002722e+01 6.326364375074765567e-01 0.000000000000000000e+00 2.315858188917395033e+00
-4.549000600000003658e+01 6.254546679480997851e-01 0.000000000000000000e+00 2.383057643127560521e+00
-4.599648000000001247e+01 6.324183189859635679e-01 0.000000000000000000e+00 1.725206500068553472e+00
-4.600200000000003087e+01 6.324942149919364764e-01 0.000000000000000000e+00 2.000295296886806184e+00
-4.539925800000001743e+01 6.242069486093296815e-01 0.000000000000000000e+00 1.941563201778662373e+00
-4.602117800000000614e+01 6.327578986155855123e-01 0.000000000000000000e+00 1.792856766438874372e+00
-4.572373400000000743e+01 6.286682588328790233e-01 0.000000000000000000e+00 1.698430477860442656e+00
-4.546848600000002705e+01 6.251587835190176579e-01 0.000000000000000000e+00 1.878497985470887199e+00
-4.659126400000003088e+01 6.405961686266264943e-01 0.000000000000000000e+00 1.864811659107544761e+00
-4.666399000000003383e+01 6.415960985053166254e-01 0.000000000000000000e+00 2.043919160348667940e+00
-4.462519800000002590e+01 6.135641836848340080e-01 0.000000000000000000e+00 1.911463802397196154e+00
-4.510843800000001380e+01 6.202083840337904164e-01 0.000000000000000000e+00 2.140361212165230231e+00
-4.687886600000003767e+01 6.445504880305679141e-01 0.000000000000000000e+00 2.506807211413745407e+00
-4.630270600000000769e+01 6.366287049144040422e-01 0.000000000000000000e+00 1.864290394524187544e+00
-4.661165200000001363e+01 6.408764888747732202e-01 0.000000000000000000e+00 1.914635596337756818e+00
-4.702501200000002513e+01 6.465598897858003680e-01 0.000000000000000000e+00 1.813970976418555869e+00
-4.640263200000000410e+01 6.380026151123797673e-01 0.000000000000000000e+00 1.889275306997983073e+00
-4.672961000000001519e+01 6.424983260255930917e-01 0.000000000000000000e+00 2.048835050200306984e+00
-4.654012600000000788e+01 6.398930581278161611e-01 0.000000000000000000e+00 2.016450105007272064e+00
-4.674780400000001634e+01 6.427484803612212305e-01 0.000000000000000000e+00 2.066365138410044544e+00
-4.719435800000002246e+01 6.488882747545413610e-01 0.000000000000000000e+00 2.121693342648363068e+00
-4.720774000000002957e+01 6.490722675719194923e-01 0.000000000000000000e+00 1.989537084171322912e+00
-4.701179800000002729e+01 6.463782068468650888e-01 0.000000000000000000e+00 1.799971322890529635e+00
-4.594314200000000881e+01 6.316849600789760100e-01 0.000000000000000000e+00 1.647897943612290694e+00
-4.613285000000004032e+01 6.342933078146768544e-01 0.000000000000000000e+00 2.384728754348842461e+00
-4.623426200000002950e+01 6.356876494374488207e-01 0.000000000000000000e+00 2.426754857321050896e+00
-4.675606000000004769e+01 6.428619943875459875e-01 0.000000000000000000e+00 1.949459244575947769e+00
-4.743540400000004098e+01 6.522024828443409028e-01 0.000000000000000000e+00 1.876751248533680139e+00
-4.945650800000002079e+01 6.799912004630759288e-01 0.000000000000000000e+00 1.946884558980310542e+00
-5.001945400000001030e+01 6.877313006403039664e-01 0.000000000000000000e+00 2.154420302607378712e+00
-5.018917000000001849e+01 6.900647728413294990e-01 0.000000000000000000e+00 1.811293523251749749e+00
-4.879692600000006308e+01 6.709224252073743289e-01 0.000000000000000000e+00 2.539485539827690541e+00
-4.979766600000003507e+01 6.846818761162698497e-01 0.000000000000000000e+00 1.686547629062087550e+00
-5.006908000000002090e+01 6.884136222331302957e-01 0.000000000000000000e+00 2.274013488495304713e+00
-4.983009600000002592e+01 6.851277651513593137e-01 0.000000000000000000e+00 1.695275453195161264e+00
-4.955892600000002091e+01 6.813993738579510184e-01 0.000000000000000000e+00 1.643342515840102269e+00
-5.033367000000001923e+01 6.920515432875348205e-01 0.000000000000000000e+00 1.797675195744197874e+00
-4.932622800000003593e+01 6.781999447279092319e-01 0.000000000000000000e+00 2.133341089667718293e+00
-4.981328000000000600e+01 6.848965573186711620e-01 0.000000000000000000e+00 2.175322318251441622e+00
-4.981971000000006455e+01 6.849849651662089922e-01 0.000000000000000000e+00 1.454246088514456581e+00
-4.935129400000002420e+01 6.785445840912625037e-01 0.000000000000000000e+00 2.020820143028242644e+00
-5.036027000000000697e+01 6.924172740409536564e-01 0.000000000000000000e+00 1.933018116701172628e+00
-5.083305200000001633e+01 6.989176844568556479e-01 0.000000000000000000e+00 1.944970616094420013e+00
-4.914375800000001249e+01 6.756911142551125238e-01 0.000000000000000000e+00 1.584199146060809582e+00
-5.095885600000002569e+01 7.006473984306579306e-01 0.000000000000000000e+00 2.149019575110022284e+00
-4.972002400000000932e+01 6.836143547945791044e-01 0.000000000000000000e+00 1.715592408276911618e+00
-5.056559400000002569e+01 6.952403304776090254e-01 0.000000000000000000e+00 2.070890249291376772e+00
-5.036636200000002361e+01 6.925010346330527922e-01 0.000000000000000000e+00 2.204815055015780789e+00
-5.014578400000002034e+01 6.894682467335159215e-01 0.000000000000000000e+00 2.084520609700625471e+00
-4.993452000000002755e+01 6.865635195947816793e-01 0.000000000000000000e+00 2.206316061225181979e+00
-5.065766000000002833e+01 6.965061713627324069e-01 0.000000000000000000e+00 2.017390037857945462e+00
-4.937614800000002191e+01 6.788863086080098030e-01 0.000000000000000000e+00 1.559452420633018921e+00
-5.047352800000002304e+01 6.939744895924855328e-01 0.000000000000000000e+00 1.987790013302677350e+00
-5.026908800000001776e+01 6.911635875162072118e-01 0.000000000000000000e+00 1.884639957538711164e+00
-5.096849600000000891e+01 7.007799414555810902e-01 0.000000000000000000e+00 2.150130831439582835e+00
-5.073880000000001900e+01 6.976217876534249740e-01 0.000000000000000000e+00 2.117108914620038362e+00
-5.076082600000001577e+01 6.979246292163877596e-01 0.000000000000000000e+00 1.746662820873628563e+00
-5.023577399999999926e+01 6.907055441207406998e-01 0.000000000000000000e+00 1.969164537534339621e+00
-5.068241400000005825e+01 6.968465209518357462e-01 0.000000000000000000e+00 2.092816328600425546e+00
-5.158249000000004258e+01 7.092219146967396748e-01 0.000000000000000000e+00 1.857639948450939382e+00
-5.110889400000002780e+01 7.027103123698119624e-01 0.000000000000000000e+00 1.672104347296084370e+00
-5.046985200000003147e+01 6.939239472522763519e-01 0.000000000000000000e+00 1.816517440436534958e+00
-5.098799200000001974e+01 7.010479973491398065e-01 0.000000000000000000e+00 1.699720437956807162e+00
-5.188258200000001352e+01 7.133479625634703281e-01 0.000000000000000000e+00 2.050784673890125198e+00
-5.122744200000002479e+01 7.043402615937339739e-01 0.000000000000000000e+00 2.020043041304623532e+00
-5.164254400000000800e+01 7.100476137443267888e-01 0.000000000000000000e+00 1.739545301921850751e+00
-5.147001200000002541e+01 7.076754235808344617e-01 0.000000000000000000e+00 1.527143169866102212e+00
-5.123985400000002954e+01 7.045109176129610296e-01 0.000000000000000000e+00 1.909229431711425118e+00
-5.214800400000004288e+01 7.169973230158769306e-01 0.000000000000000000e+00 1.905401719509854930e+00
-5.275678000000000623e+01 7.253675525325480322e-01 0.000000000000000000e+00 2.052815970241065102e+00
-5.220589400000004332e+01 7.177932686292389786e-01 0.000000000000000000e+00 1.860866456262900259e+00
-5.277415400000003132e+01 7.256064324614921457e-01 0.000000000000000000e+00 2.191662570035115998e+00
-5.233757000000001369e+01 7.196037183543217974e-01 0.000000000000000000e+00 1.998881153990345716e+00
-5.243323400000003431e+01 7.209190291360921821e-01 0.000000000000000000e+00 1.942868459404674342e+00
-5.219462800000001579e+01 7.176383692808168124e-01 0.000000000000000000e+00 1.924987825441233369e+00
-5.230901800000000890e+01 7.192111490132833129e-01 0.000000000000000000e+00 1.857329710256641730e+00
-5.190144400000001212e+01 7.136073014157632288e-01 0.000000000000000000e+00 1.714154644339626055e+00
-5.214164200000002580e+01 7.169098501191378814e-01 0.000000000000000000e+00 1.664857693507863612e+00
-5.220768000000003894e+01 7.178178248369685432e-01 0.000000000000000000e+00 1.911731542055235211e+00
-5.200438200000002809e+01 7.150226244343895754e-01 0.000000000000000000e+00 1.691571867914335003e+00
-5.216863800000002982e+01 7.172810255860290196e-01 0.000000000000000000e+00 1.658437643911713000e+00
-5.238321200000003586e+01 7.202312628297941055e-01 0.000000000000000000e+00 2.023122599843113711e+00
-5.217989200000003081e+01 7.174357599431334664e-01 0.000000000000000000e+00 1.543939371008296479e+00
-5.207366200000002721e+01 7.159751743064525220e-01 0.000000000000000000e+00 1.982307014657314514e+00
-5.297329600000004035e+01 7.283444908711684818e-01 0.000000000000000000e+00 2.136116804202419672e+00
-5.193551000000000784e+01 7.140756842671155402e-01 0.000000000000000000e+00 1.988488741697721274e+00
-5.292090200000004074e+01 7.276241112811444589e-01 0.000000000000000000e+00 2.089579829882195483e+00
-5.220756200000002423e+01 7.178162024223478932e-01 0.000000000000000000e+00 1.942491567095822269e+00
-5.202924200000002486e+01 7.153644314467955123e-01 0.000000000000000000e+00 1.611724910807415423e+00
-5.225217800000002200e+01 7.184296401401879528e-01 0.000000000000000000e+00 1.872008301564731969e+00
-5.305060400000004961e+01 7.294074199345266241e-01 0.000000000000000000e+00 1.769879513214661859e+00
-5.291026800000002339e+01 7.274779014754352291e-01 0.000000000000000000e+00 1.753721025859418914e+00
-5.357295400000003127e+01 7.365893544852206709e-01 0.000000000000000000e+00 1.997875297238837167e+00
-5.214643000000003781e+01 7.169756816547534495e-01 0.000000000000000000e+00 1.721886689774981383e+00
-5.287425000000003905e+01 7.269826800364636021e-01 0.000000000000000000e+00 1.722798347855528434e+00
-5.178105800000003711e+01 7.119520810217367934e-01 0.000000000000000000e+00 1.736329862133740631e+00
-5.276524600000003318e+01 7.254839539069261045e-01 0.000000000000000000e+00 1.585593244707041993e+00
-5.347069200000003519e+01 7.351833259774709362e-01 0.000000000000000000e+00 1.676325899685247922e+00
-5.302259400000000511e+01 7.290223027013204016e-01 0.000000000000000000e+00 1.712395997922504520e+00
-5.286541800000006930e+01 7.268612464269077478e-01 0.000000000000000000e+00 1.761555595385034367e+00
-5.311798600000004456e+01 7.303338736798982156e-01 0.000000000000000000e+00 1.873204789131247328e+00
-5.425794200000002121e+01 7.460074438582672274e-01 0.000000000000000000e+00 1.987440822176228972e+00
-5.436836400000002811e+01 7.475256664618028513e-01 0.000000000000000000e+00 1.817471780199688247e+00
-5.443755600000005046e+01 7.484770063975390020e-01 0.000000000000000000e+00 1.724296858146572742e+00
-5.432204200000001748e+01 7.468887724783486171e-01 0.000000000000000000e+00 1.802763645924408964e+00
-5.503815600000002917e+01 7.567348218300016249e-01 0.000000000000000000e+00 1.976073059026437262e+00
-5.391888800000003812e+01 7.413456966827126626e-01 0.000000000000000000e+00 1.800352982184495465e+00
-5.489777200000001756e+01 7.548046434056410181e-01 0.000000000000000000e+00 1.691531335747032738e+00
-5.479405800000002813e+01 7.533786509484942107e-01 0.000000000000000000e+00 1.748770860305759234e+00
-5.403906200000002968e+01 7.429980022301330145e-01 0.000000000000000000e+00 1.671860848372014319e+00
-5.450791600000005133e+01 7.494444054881619355e-01 0.000000000000000000e+00 1.984548442378128108e+00
-5.443326000000001841e+01 7.484179395059338269e-01 0.000000000000000000e+00 1.301848573173833845e+00
-5.496479800000004445e+01 7.557262024085988905e-01 0.000000000000000000e+00 1.877808791052362647e+00
-5.475753800000003224e+01 7.528765273727474616e-01 0.000000000000000000e+00 1.536852823456318129e+00
-5.453944800000004278e+01 7.498779476730043081e-01 0.000000000000000000e+00 1.533522039934756220e+00
-5.526320000000000476e+01 7.598290139981384028e-01 0.000000000000000000e+00 1.490420470941680176e+00
-5.449712400000003498e+01 7.492960232967744716e-01 0.000000000000000000e+00 1.740197269736968311e+00
-5.556126200000001347e+01 7.639271508336875627e-01 0.000000000000000000e+00 1.847171403004271184e+00
-5.540868000000002525e+01 7.618292587352594181e-01 0.000000000000000000e+00 1.557178033326551470e+00
-5.520569000000002546e+01 7.590382931098255126e-01 0.000000000000000000e+00 1.930605836429736932e+00
-5.550723000000001406e+01 7.631842499288477022e-01 0.000000000000000000e+00 1.752447328708908847e+00
-5.575467400000004403e+01 7.665864258893382299e-01 0.000000000000000000e+00 1.447956651969885211e+00
-5.552923200000004300e+01 7.634867615091761595e-01 0.000000000000000000e+00 1.560087483229479766e+00
-5.568847400000004910e+01 7.656762237887237976e-01 0.000000000000000000e+00 1.882413715012904776e+00
-5.553794600000001935e+01 7.636065727041116968e-01 0.000000000000000000e+00 1.678126585768376478e+00
-5.554094000000002040e+01 7.636477380377860724e-01 0.000000000000000000e+00 2.080344849618287473e+00
-5.465910800000001757e+01 7.515231860923321516e-01 0.000000000000000000e+00 1.488391861869987176e+00
-5.534447400000004080e+01 7.609464726918752087e-01 0.000000000000000000e+00 1.880178069721755829e+00
-5.548887000000001990e+01 7.629318132133299235e-01 0.000000000000000000e+00 2.104443856353847675e+00
-5.591707800000002493e+01 7.688193633810024297e-01 0.000000000000000000e+00 1.637626008264846611e+00
-5.550479600000004865e+01 7.631507841899827227e-01 0.000000000000000000e+00 1.554548867224796682e+00
-5.560770200000003172e+01 7.645656672317623359e-01 0.000000000000000000e+00 1.792688528326077835e+00
-5.540848200000002066e+01 7.618265363785233779e-01 0.000000000000000000e+00 1.855048408330220111e+00
-5.586683000000002863e+01 7.681284897382278931e-01 0.000000000000000000e+00 1.748929724636519634e+00
-5.532799800000002932e+01 7.607199396131782976e-01 0.000000000000000000e+00 1.726848212871932908e+00
-5.590259600000002393e+01 7.686202463595356305e-01 0.000000000000000000e+00 1.829365848390246407e+00
-5.567005800000002580e+01 7.654230171137247352e-01 0.000000000000000000e+00 1.792948250487239159e+00
-5.646378800000002940e+01 7.763362303058806146e-01 0.000000000000000000e+00 1.848221656285748749e+00
-5.547789200000004683e+01 7.627808736565244718e-01 0.000000000000000000e+00 1.915892899290436491e+00
-5.611799400000003146e+01 7.715818130070909442e-01 0.000000000000000000e+00 2.038049322953671805e+00
-5.559833600000001752e+01 7.644368915085846261e-01 0.000000000000000000e+00 1.806709571307615114e+00
-5.630604200000002635e+01 7.741673369438937247e-01 0.000000000000000000e+00 1.786867209300323944e+00
-5.617535400000002710e+01 7.723704715039374502e-01 0.000000000000000000e+00 1.891950237638666987e+00
-5.597035000000003180e+01 7.695518148357447519e-01 0.000000000000000000e+00 1.641280176471027641e+00
-5.643956000000002859e+01 7.760031128361873920e-01 0.000000000000000000e+00 1.853084288150406378e+00
-5.585093000000004082e+01 7.679098762427633007e-01 0.000000000000000000e+00 1.974376163513555271e+00
-5.584463800000003175e+01 7.678233657953754676e-01 0.000000000000000000e+00 1.925844727830655190e+00
-5.642835000000000889e+01 7.758489834472462876e-01 0.000000000000000000e+00 1.787947862746279704e+00
-5.544450000000001211e+01 7.623217578174950049e-01 0.000000000000000000e+00 1.705704983550523357e+00
-5.619565400000002597e+01 7.726495818157573803e-01 0.000000000000000000e+00 1.690426881680207938e+00
-5.548975600000000696e+01 7.629439950722594066e-01 0.000000000000000000e+00 1.993010998987423621e+00
-5.611026200000004138e+01 7.714755036016235357e-01 0.000000000000000000e+00 1.372140103485034013e+00
-5.566372000000003339e+01 7.653358741996206804e-01 0.000000000000000000e+00 1.634689721647690996e+00
-5.569925800000001459e+01 7.658244959858989676e-01 0.000000000000000000e+00 1.710522753410592234e+00
-5.552283800000004987e+01 7.633988486355912650e-01 0.000000000000000000e+00 1.510460324161030821e+00
-5.596491400000005001e+01 7.694770737689936579e-01 0.000000000000000000e+00 1.827034462697085360e+00
-5.625165800000004168e+01 7.734195962937456814e-01 0.000000000000000000e+00 1.965756775093053355e+00
-5.639525000000002564e+01 7.753938823969391825e-01 0.000000000000000000e+00 1.565311771152664511e+00
-5.561902400000002444e+01 7.647213365396650087e-01 0.000000000000000000e+00 1.534131894499691118e+00
-5.537821800000000394e+01 7.614104282762120812e-01 0.000000000000000000e+00 1.784865833985650685e+00
-5.587129400000004154e+01 7.681898665082755873e-01 0.000000000000000000e+00 1.920468762316727585e+00
-5.588523200000000912e+01 7.683815039233561350e-01 0.000000000000000000e+00 1.734168692694926905e+00
-5.562002800000001912e+01 7.647351408132150308e-01 0.000000000000000000e+00 1.741024707329368759e+00
-5.530847200000002317e+01 7.604514712413262822e-01 0.000000000000000000e+00 1.783158719748228149e+00
-5.584649800000001818e+01 7.678489394495617848e-01 0.000000000000000000e+00 1.838547172923954864e+00
-5.575610800000004019e+01 7.666061423517592788e-01 0.000000000000000000e+00 1.653626616440972752e+00
-5.582621000000003875e+01 7.675699941290594630e-01 0.000000000000000000e+00 2.017366118897798266e+00
-5.519726400000003252e+01 7.589224417065056905e-01 0.000000000000000000e+00 1.820070543505766247e+00
-5.611629400000002477e+01 7.715584392371355182e-01 0.000000000000000000e+00 1.784025846271756643e+00
-5.589078800000000768e+01 7.684578949032808692e-01 0.000000000000000000e+00 1.496249849583884961e+00
-5.585971200000003023e+01 7.680306223884972860e-01 0.000000000000000000e+00 1.697261061524023562e+00
-5.636544800000003619e+01 7.749841264603455349e-01 0.000000000000000000e+00 1.973877406695417447e+00
-5.516062200000003912e+01 7.584186407190327550e-01 0.000000000000000000e+00 1.977111300167111008e+00
-5.621090200000004700e+01 7.728592307829806884e-01 0.000000000000000000e+00 1.706057431149314629e+00
-5.468154000000003379e+01 7.518316098615315246e-01 0.000000000000000000e+00 1.345802056677569247e+00
-5.588912800000003500e+01 7.684350711043835824e-01 0.000000000000000000e+00 1.779880034096044783e+00
-5.549339600000003259e+01 7.629940424385170950e-01 0.000000000000000000e+00 1.526455370710757764e+00
-5.492428800000003974e+01 7.551692192198391496e-01 0.000000000000000000e+00 1.436473251923233274e+00
-5.572837800000004904e+01 7.662248749159582539e-01 0.000000000000000000e+00 1.852876725286134674e+00
-5.550309200000003784e+01 7.631273554229214273e-01 0.000000000000000000e+00 1.745056681761832262e+00
-5.585953200000002994e+01 7.680281475187372697e-01 0.000000000000000000e+00 1.643217922979176793e+00
-5.598957200000004519e+01 7.698161034275577963e-01 0.000000000000000000e+00 1.784508967239328614e+00
-5.514638600000004232e+01 7.582229060195713188e-01 0.000000000000000000e+00 1.617712234028429563e+00
-5.557815400000002626e+01 7.641594036113853461e-01 0.000000000000000000e+00 1.557276346211129425e+00
-5.555451200000003809e+01 7.638343432176887271e-01 0.000000000000000000e+00 1.733141839496739500e+00
-5.605327600000002519e+01 7.706919873341668836e-01 0.000000000000000000e+00 1.714133436169406721e+00
-5.671946600000004679e+01 7.798516178086134509e-01 0.000000000000000000e+00 1.930426383435179583e+00
-5.625382800000001993e+01 7.734494322236294961e-01 0.000000000000000000e+00 1.312748030942509025e+00
-5.559972800000004156e+01 7.644560305013954338e-01 0.000000000000000000e+00 1.706217588411882646e+00
-5.581735600000003217e+01 7.674482580354213823e-01 0.000000000000000000e+00 1.543109655125459057e+00
-5.630203800000000314e+01 7.741122848410103563e-01 0.000000000000000000e+00 1.848178611267719207e+00
-5.599000400000003452e+01 7.698220431149815912e-01 0.000000000000000000e+00 1.661851258700502099e+00
-5.585009200000001073e+01 7.678983543491025854e-01 0.000000000000000000e+00 1.843861327619543911e+00
-5.560967000000005100e+01 7.645927258078051292e-01 0.000000000000000000e+00 1.738136470883153040e+00
-5.508562200000003628e+01 7.573874449857082025e-01 0.000000000000000000e+00 1.587340697142248569e+00
-5.583690600000005588e+01 7.677170563899082811e-01 0.000000000000000000e+00 1.663892329086205768e+00
-5.619955600000002249e+01 7.727032314924430212e-01 0.000000000000000000e+00 2.103618924486701847e+00
-5.586007800000004409e+01 7.680356546236760673e-01 0.000000000000000000e+00 1.614689469322009741e+00
-5.604293600000004005e+01 7.705498198157327838e-01 0.000000000000000000e+00 1.878267259170730341e+00
-5.537548200000003362e+01 7.613728102558607880e-01 0.000000000000000000e+00 1.792745641249249067e+00
-5.621855200000001673e+01 7.729644127477793836e-01 0.000000000000000000e+00 1.775664249503733361e+00
-5.615716800000002706e+01 7.721204271625209392e-01 0.000000000000000000e+00 1.870288279668850029e+00
-5.614252600000004634e+01 7.719191102568233598e-01 0.000000000000000000e+00 2.120892167267293793e+00
-5.646722400000000874e+01 7.763834728197429591e-01 0.000000000000000000e+00 1.641437498548270479e+00
-5.604517400000001714e+01 7.705805906964148244e-01 0.000000000000000000e+00 1.467073177178275678e+00
-5.610717200000004112e+01 7.714330183374106253e-01 0.000000000000000000e+00 1.649836483240173512e+00
-5.620077000000001988e+01 7.727199231140464697e-01 0.000000000000000000e+00 1.495835191692945099e+00
-5.563761600000001550e+01 7.649769630873177739e-01 0.000000000000000000e+00 1.537161139711248126e+00
-5.594394000000004041e+01 7.691886964448502173e-01 0.000000000000000000e+00 2.008742165152264558e+00
-5.650247800000005327e+01 7.768681898115119555e-01 0.000000000000000000e+00 1.942297288544384548e+00
-5.550864200000002313e+01 7.632036639071871909e-01 0.000000000000000000e+00 1.690622899083367603e+00
-5.526167000000004492e+01 7.598079776051791523e-01 0.000000000000000000e+00 1.714128952252278681e+00
-5.665366000000002344e+01 7.789468329229177757e-01 0.000000000000000000e+00 1.557185174822464102e+00
-5.645672800000001956e+01 7.762391604141835044e-01 0.000000000000000000e+00 1.742875700296159014e+00
-5.541733800000004351e+01 7.619482999707146709e-01 0.000000000000000000e+00 1.373880317283198815e+00
-5.699775400000002890e+01 7.836778764517521312e-01 0.000000000000000000e+00 1.867269788897494065e+00
-5.635222600000004434e+01 7.748023335271987388e-01 0.000000000000000000e+00 1.670790749135863340e+00
-5.623432600000001713e+01 7.731812938344122532e-01 0.000000000000000000e+00 1.584311816481346336e+00
-5.666315000000003721e+01 7.790773135563746621e-01 0.000000000000000000e+00 1.665313040217721863e+00
-5.614304800000002160e+01 7.719262873791269408e-01 0.000000000000000000e+00 1.290478409016351469e+00
-5.630429000000003015e+01 7.741432482115633285e-01 0.000000000000000000e+00 1.601734362363421482e+00
-5.692612200000004208e+01 7.826929882814922523e-01 0.000000000000000000e+00 1.488970784904455558e+00
-5.671268400000003851e+01 7.797583702157679930e-01 0.000000000000000000e+00 1.627449947202833203e+00
-5.700620600000006277e+01 7.837940853362600491e-01 0.000000000000000000e+00 1.599730581472070812e+00
-5.710641800000005475e+01 7.851719278272988323e-01 0.000000000000000000e+00 1.579976761392841933e+00
-5.710544200000004622e+01 7.851585085334891190e-01 0.000000000000000000e+00 1.632013209070875437e+00
-5.683830800000001915e+01 7.814856093198098153e-01 0.000000000000000000e+00 1.644216571524799830e+00
-5.716707000000002381e+01 7.860058489421997141e-01 0.000000000000000000e+00 1.804227654648375978e+00
-5.678060600000004143e+01 7.806922485704195225e-01 0.000000000000000000e+00 1.906214041519169955e+00
-5.633936800000006428e+01 7.746255453306778449e-01 0.000000000000000000e+00 1.892676855079475917e+00
-5.702782200000004309e+01 7.840912896958803779e-01 0.000000000000000000e+00 1.555452825786910465e+00
-5.698403600000005298e+01 7.834892638774891838e-01 0.000000000000000000e+00 1.351011914318413165e+00
-5.728102800000004891e+01 7.875726889872427527e-01 0.000000000000000000e+00 1.613542108585263479e+00
-5.689999800000002494e+01 7.823338021836604428e-01 0.000000000000000000e+00 1.958107890362272618e+00
-5.688756800000005143e+01 7.821628986774578074e-01 0.000000000000000000e+00 1.440286500460968178e+00
-5.723193400000004516e+01 7.868976820094848446e-01 0.000000000000000000e+00 1.636522233966488882e+00
-5.691336400000000850e+01 7.825175750126150964e-01 0.000000000000000000e+00 1.604358385585334057e+00
-5.664298200000002481e+01 7.788000181490453144e-01 0.000000000000000000e+00 1.621386863424287395e+00
-5.667398600000003484e+01 7.792263007159253574e-01 0.000000000000000000e+00 1.715559925500662386e+00
-5.767246800000005180e+01 7.929547057586101566e-01 0.000000000000000000e+00 1.656441633327966345e+00
-5.756160000000001986e+01 7.914303509777801393e-01 0.000000000000000000e+00 1.779269199997742135e+00
-5.615273800000004201e+01 7.720595178678728576e-01 0.000000000000000000e+00 1.509224871275572699e+00
-5.750028400000004325e+01 7.905873003433200319e-01 0.000000000000000000e+00 1.534865291014033684e+00
-5.686871200000003057e+01 7.819036423208233222e-01 0.000000000000000000e+00 1.683636770447842768e+00
-5.660682000000004166e+01 7.783028168142657188e-01 0.000000000000000000e+00 1.563244932307102708e+00
-5.743185000000000429e+01 7.896463823591284292e-01 0.000000000000000000e+00 1.718344969157911573e+00
-5.774191200000002056e+01 7.939095105120096418e-01 0.000000000000000000e+00 1.559454728797112777e+00
-5.755397000000004937e+01 7.913254439985102362e-01 0.000000000000000000e+00 1.703381036247164193e+00
-5.800440200000002022e+01 7.975185580858810130e-01 0.000000000000000000e+00 1.470788081610012288e+00
-5.713197400000002801e+01 7.855233043361097289e-01 0.000000000000000000e+00 1.678863256030247664e+00
-5.789033800000003538e+01 7.959502606175354877e-01 0.000000000000000000e+00 1.722102007019856940e+00
-5.796813400000004179e+01 7.970198993277984867e-01 0.000000000000000000e+00 1.347408417398662461e+00
-5.768680400000005193e+01 7.931518153857161080e-01 0.000000000000000000e+00 1.755510913569211517e+00
-5.660108800000001850e+01 7.782240059616865047e-01 0.000000000000000000e+00 1.888891707933249897e+00
-5.695161800000003183e+01 7.830435398337166619e-01 0.000000000000000000e+00 2.062765553269090280e+00
-5.603371200000004393e+01 7.704229964898103855e-01 0.000000000000000000e+00 1.643210837851406758e+00
-5.728697600000000989e+01 7.876544696835330317e-01 0.000000000000000000e+00 1.905376847220316083e+00
-5.788227600000002582e+01 7.958394139508412346e-01 0.000000000000000000e+00 1.886056123564822551e+00
-5.752935800000007305e+01 7.909870468066628746e-01 0.000000000000000000e+00 1.713381609576910769e+00
-5.682542400000003369e+01 7.813084636421012696e-01 0.000000000000000000e+00 1.705717228043512446e+00
-5.782570000000003319e+01 7.950615348867270393e-01 0.000000000000000000e+00 1.730522838259401341e+00
-5.732804399999998424e+01 7.882191249685482903e-01 0.000000000000000000e+00 1.923370078338140221e+00
-5.768402800000004049e+01 7.931136473943064535e-01 0.000000000000000000e+00 1.674171556448203813e+00
-5.668537400000002435e+01 7.793828774760731548e-01 0.000000000000000000e+00 1.387717584185840458e+00
-5.756237799999999538e+01 7.914410479148534794e-01 0.000000000000000000e+00 1.438002389651152013e+00
-5.709544200000002689e+01 7.850210157690455937e-01 0.000000000000000000e+00 1.665579453704331803e+00
-5.755605200000005084e+01 7.913540699920673660e-01 0.000000000000000000e+00 1.675654642492017565e+00
-5.796189599999999587e+01 7.969341313413381700e-01 0.000000000000000000e+00 1.772839784583485789e+00
-5.731787800000005006e+01 7.880793498242162354e-01 0.000000000000000000e+00 1.663838868678470639e+00
-5.777527800000002856e+01 7.943682688698511241e-01 0.000000000000000000e+00 1.561247009723219836e+00
-5.775893999999999551e+01 7.941436331913033220e-01 0.000000000000000000e+00 1.549491207467857956e+00
-5.740868000000003235e+01 7.893278116239137443e-01 0.000000000000000000e+00 1.548569767902177929e+00
-5.713833800000004004e+01 7.856108047314015463e-01 0.000000000000000000e+00 1.646881152684269045e+00
-5.805416600000006611e+01 7.982027770788571175e-01 0.000000000000000000e+00 1.780328732794064672e+00
-5.732662400000004510e+01 7.881996009959982841e-01 0.000000000000000000e+00 1.776982964574471913e+00
-5.810697400000005075e+01 7.989288488693290224e-01 0.000000000000000000e+00 1.611765354417636686e+00
-5.810265600000002451e+01 7.988694794936419541e-01 0.000000000000000000e+00 1.509388940666407830e+00
-5.917507000000001227e+01 8.136143960424084831e-01 0.000000000000000000e+00 1.564245722869380684e+00
-5.889176800000002032e+01 8.097191985271777748e-01 0.000000000000000000e+00 1.683995614625158899e+00
-5.908382200000002626e+01 8.123598020654166918e-01 0.000000000000000000e+00 1.695384260223664397e+00
-5.904206800000004307e+01 8.117857147767605364e-01 0.000000000000000000e+00 1.351570195778662553e+00
-5.910586800000004359e+01 8.126629186139086025e-01 0.000000000000000000e+00 1.394042917102351176e+00
-5.849766400000002164e+01 8.043005536833627289e-01 0.000000000000000000e+00 1.616640118339966792e+00
-5.908492200000005568e+01 8.123749262695058038e-01 0.000000000000000000e+00 1.665009359489572960e+00
-5.878165800000003571e+01 8.082052656978931937e-01 0.000000000000000000e+00 1.461883273344643186e+00
-5.959291200000002675e+01 8.193594212104592378e-01 0.000000000000000000e+00 1.696554278308974872e+00
-5.953661200000000520e+01 8.185853369466432605e-01 0.000000000000000000e+00 1.552881588705788740e+00
-5.985373400000002420e+01 8.229455349912214723e-01 0.000000000000000000e+00 1.571509321486573629e+00
-5.928469600000004647e+01 8.151216742218947431e-01 0.000000000000000000e+00 1.462672474776457676e+00
-5.864318800000005183e+01 8.063014033886474197e-01 0.000000000000000000e+00 1.460844182765291599e+00
-5.977023800000004172e+01 8.217975254052261036e-01 0.000000000000000000e+00 1.367972992436752522e+00
-5.950247200000004710e+01 8.181159366488345297e-01 0.000000000000000000e+00 1.683861495784572782e+00
-6.030100400000003447e+01 8.290951738664757986e-01 0.000000000000000000e+00 1.686462280461137553e+00
-5.997925200000002377e+01 8.246713166719604748e-01 0.000000000000000000e+00 1.321266175133350984e+00
-5.931070000000001130e+01 8.154792104065525793e-01 0.000000000000000000e+00 1.260774426110932822e+00
-5.891991000000001577e+01 8.101061306648740246e-01 0.000000000000000000e+00 1.632868842395079678e+00
-5.982637200000004896e+01 8.225693272891521080e-01 0.000000000000000000e+00 1.262515163391687345e+00
-6.000715600000002325e+01 8.250549764818629894e-01 0.000000000000000000e+00 1.436032138882354481e+00
-5.939127200000004336e+01 8.165870171082253437e-01 0.000000000000000000e+00 1.465062593903948329e+00
-5.912088400000006061e+01 8.128693777489968131e-01 0.000000000000000000e+00 1.443451029893640047e+00
-5.998013800000008189e+01 8.246834985308909571e-01 0.000000000000000000e+00 1.628634525215290285e+00
-6.009256200000009329e+01 8.262292471858680987e-01 0.000000000000000000e+00 1.646574031425752649e+00
-5.973063200000004969e+01 8.212529715623722026e-01 0.000000000000000000e+00 1.560313913047141954e+00
-5.953222800000003900e+01 8.185250601187118447e-01 0.000000000000000000e+00 1.473220878889503149e+00
-5.951501400000002917e+01 8.182883800739990665e-01 0.000000000000000000e+00 1.599089574374345846e+00
-5.943896800000003111e+01 8.172428025975138066e-01 0.000000000000000000e+00 1.166533686350248233e+00
-6.011506800000003636e+01 8.265386884015234470e-01 0.000000000000000000e+00 1.410932903420837992e+00
-6.001283000000005785e+01 8.251329898764085957e-01 0.000000000000000000e+00 1.582818446265516377e+00
-5.955208000000000368e+01 8.187980107546840580e-01 0.000000000000000000e+00 1.395947160731936476e+00
-5.950308800000001241e+01 8.181244062031237663e-01 0.000000000000000000e+00 1.355055023913916301e+00
-5.946323600000003751e+01 8.175764700382647243e-01 0.000000000000000000e+00 1.427192444288556183e+00
-5.922560000000004976e+01 8.143091469811408745e-01 0.000000000000000000e+00 1.527080706988522829e+00
-5.985909000000003033e+01 8.230191761158573982e-01 0.000000000000000000e+00 1.494710630114664873e+00
-5.939629800000004423e+01 8.166561209716345360e-01 0.000000000000000000e+00 1.227997980946255563e+00
-5.956662000000004298e+01 8.189979252341851312e-01 0.000000000000000000e+00 1.395527534879215770e+00
-5.941872600000002791e+01 8.169644897437275954e-01 0.000000000000000000e+00 1.217015062000200931e+00
-5.972211400000006876e+01 8.211358552256197152e-01 0.000000000000000000e+00 1.442089719747706944e+00
-5.989046200000002074e+01 8.234505184164686575e-01 0.000000000000000000e+00 1.540866748004859232e+00
-5.980501000000003131e+01 8.222756152457481038e-01 0.000000000000000000e+00 1.317329447723075697e+00
-5.944540000000004198e+01 8.173312379436038499e-01 0.000000000000000000e+00 1.328806528392673769e+00
-5.962559000000001674e+01 8.198087200661067220e-01 0.000000000000000000e+00 1.384581428162360073e+00
-6.014675000000004701e+01 8.269742929778327589e-01 0.000000000000000000e+00 1.762791528465088575e+00
-5.935790600000003536e+01 8.161282587503837505e-01 0.000000000000000000e+00 1.458913824403053061e+00
-6.014412200000001008e+01 8.269381598793364985e-01 0.000000000000000000e+00 1.437318630074624570e+00
-5.969547200000004494e+01 8.207695470025896389e-01 0.000000000000000000e+00 1.550894332806498355e+00
-5.998145600000004407e+01 8.247016200772440131e-01 0.000000000000000000e+00 1.451385150055635620e+00
-5.996151199999999903e+01 8.244274045078378022e-01 0.000000000000000000e+00 1.438743384878385267e+00
-5.923262200000004185e+01 8.144056944003328358e-01 0.000000000000000000e+00 1.455583062707313857e+00
-5.989146800000000326e+01 8.234643501885714478e-01 0.000000000000000000e+00 1.623933152259064316e+00
-6.002602199999999755e+01 8.253143703312613155e-01 0.000000000000000000e+00 1.319352733835341240e+00
-5.988000600000001583e+01 8.233067559819666759e-01 0.000000000000000000e+00 1.627522921300212255e+00
-5.997876000000003671e+01 8.246645520279500818e-01 0.000000000000000000e+00 1.556136118919569711e+00
-5.941275600000003720e+01 8.168824065633550902e-01 0.000000000000000000e+00 1.384266766513134073e+00
-5.954598000000002855e+01 8.187141401683740716e-01 0.000000000000000000e+00 1.391581839839000301e+00
-5.943248999999998716e+01 8.171537347847067645e-01 0.000000000000000000e+00 1.381741284200716846e+00
-5.974079600000003865e+01 8.213927192081522666e-01 0.000000000000000000e+00 1.419749720291103134e+00
-5.942631400000005470e+01 8.170688192533875904e-01 0.000000000000000000e+00 1.512654798691373870e+00
-5.914005400000002766e+01 8.131329513784341101e-01 0.000000000000000000e+00 1.639672235011213397e+00
-5.954139999999999588e+01 8.186511684822586066e-01 0.000000000000000000e+00 1.551045874188891949e+00
-5.890270400000003548e+01 8.098695606143732073e-01 0.000000000000000000e+00 1.678018990990642445e+00
-6.004475400000001883e+01 8.255719217776167351e-01 0.000000000000000000e+00 1.433698960231783337e+00
-5.991946400000000494e+01 8.238492749319068498e-01 0.000000000000000000e+00 1.407152912190735572e+00
-5.947496000000003136e+01 8.177376665552980040e-01 0.000000000000000000e+00 1.520732960573202952e+00
-5.982910600000003143e+01 8.226069178109506330e-01 0.000000000000000000e+00 1.358714513225086629e+00
-6.002031200000001832e+01 8.252358619627644387e-01 0.000000000000000000e+00 1.762547339705526017e+00
-5.944133800000003021e+01 8.172753883826867627e-01 0.000000000000000000e+00 1.400041540132638040e+00
-6.031685400000004904e+01 8.293130998981185220e-01 0.000000000000000000e+00 1.574608913280316269e+00
-5.970362000000002922e+01 8.208815761070578088e-01 0.000000000000000000e+00 1.179983893401459705e+00
-5.963774599999999992e+01 8.199758562705637965e-01 0.000000000000000000e+00 1.215341981004490091e+00
-5.984163800000003874e+01 8.227792237433511069e-01 0.000000000000000000e+00 1.586275144894192080e+00
-6.010874200000003498e+01 8.264517104787365565e-01 0.000000000000000000e+00 1.505530246480178969e+00
-6.048671600000005100e+01 8.316485794935049025e-01 0.000000000000000000e+00 1.519353123298453845e+00
-6.060721800000005999e+01 8.333053948035993308e-01 0.000000000000000000e+00 1.543515186902280067e+00
-6.117297200000004409e+01 8.410841029490829790e-01 0.000000000000000000e+00 1.235231062021117987e+00
-6.118217800000005013e+01 8.412106787880294645e-01 0.000000000000000000e+00 1.240530148610713868e+00
-6.050269400000003372e+01 8.318682654325321169e-01 0.000000000000000000e+00 1.277376568969986970e+00
-6.137479400000000851e+01 8.438590094196294356e-01 0.000000000000000000e+00 1.456938793929438036e+00
-6.113310000000003441e+01 8.405358917986945899e-01 0.000000000000000000e+00 1.508559862045168787e+00
-6.109838600000002629e+01 8.400585994162060866e-01 0.000000000000000000e+00 1.608951569354805100e+00
-6.187264200000002035e+01 8.507040591988849210e-01 0.000000000000000000e+00 1.644776949120942300e+00
-6.155927200000002841e+01 8.463954484395262989e-01 0.000000000000000000e+00 1.487843332151023379e+00
-6.222348200000003970e+01 8.555278553466129088e-01 0.000000000000000000e+00 1.509577735618389926e+00
-6.185251000000002364e+01 8.504272587655078430e-01 0.000000000000000000e+00 1.420543386820122045e+00
-6.173998000000003827e+01 8.488800526872278818e-01 0.000000000000000000e+00 1.295918633185889179e+00
-6.184401600000003185e+01 8.503104724113897950e-01 0.000000000000000000e+00 1.663022639879420117e+00
-6.186194000000002546e+01 8.505569144423777983e-01 0.000000000000000000e+00 1.450397345209201383e+00
-6.189289400000001962e+01 8.509825095454354171e-01 0.000000000000000000e+00 1.208754391660098904e+00
-6.174197000000000912e+01 8.489074137473516801e-01 0.000000000000000000e+00 1.428748956856021879e+00
-6.215217200000003572e+01 8.545473944433679137e-01 0.000000000000000000e+00 1.485316185505716868e+00
-6.151834400000005587e+01 8.458327180532132505e-01 0.000000000000000000e+00 1.431655136110479454e+00
-6.200916400000004813e+01 8.525811379176178040e-01 0.000000000000000000e+00 1.397984685940891314e+00
-6.190072400000004649e+01 8.510901663799949057e-01 0.000000000000000000e+00 1.388007429980404828e+00
-6.172779600000001210e+01 8.487125315030298323e-01 0.000000000000000000e+00 1.389009148904863489e+00
-6.203037200000002827e+01 8.528727325724487773e-01 0.000000000000000000e+00 1.509680642265880612e+00
-6.165023400000004727e+01 8.476461101234554762e-01 0.000000000000000000e+00 1.223771678069256907e+00
-6.163920200000002581e+01 8.474944281057212869e-01 0.000000000000000000e+00 1.397485244603623222e+00
-6.228330800000004785e+01 8.563504195591713497e-01 0.000000000000000000e+00 1.449043139501848820e+00
-6.089004200000000822e+01 8.371940201646890234e-01 0.000000000000000000e+00 1.613106721448967606e+00
-6.163826000000004512e+01 8.474814762873110752e-01 0.000000000000000000e+00 1.524796077241712844e+00
-6.167321000000001874e+01 8.479620134990398794e-01 0.000000000000000000e+00 1.476393690720737117e+00
-6.125551600000004981e+01 8.422190232239035179e-01 0.000000000000000000e+00 1.566741823001937206e+00
-6.118178200000002676e+01 8.412052340745572732e-01 0.000000000000000000e+00 1.413327586636401234e+00
-6.160398800000005082e+01 8.470102610850110958e-01 0.000000000000000000e+00 1.299937127405814907e+00
-6.124691600000004854e+01 8.421007794464823171e-01 0.000000000000000000e+00 1.532832636216526323e+00
-6.168292600000003745e+01 8.480956014689732259e-01 0.000000000000000000e+00 1.502702384737227614e+00
-6.138507000000002023e+01 8.440002969843715119e-01 0.000000000000000000e+00 1.264605085120699579e+00
-6.142451000000004058e+01 8.445425684473359951e-01 0.000000000000000000e+00 1.532375371734677527e+00
-6.076093600000001516e+01 8.354189060800677469e-01 0.000000000000000000e+00 1.874280193013636131e+00
-6.107180600000003778e+01 8.396931436483160427e-01 0.000000000000000000e+00 1.303259807413779336e+00
-6.055780199999998814e+01 8.326259605588254287e-01 0.000000000000000000e+00 1.550844947018536812e+00
-6.157494800000002755e+01 8.466109820970675326e-01 0.000000000000000000e+00 1.446332606066010884e+00
-6.106176800000003624e+01 8.395551284113679236e-01 0.000000000000000000e+00 1.603601492907936521e+00
-6.149126400000002945e+01 8.454603876471005197e-01 0.000000000000000000e+00 1.492479078277129556e+00
-6.174196600000003343e+01 8.489073587502462548e-01 0.000000000000000000e+00 1.383692333717245981e+00
-6.132068400000005681e+01 8.431150360712275083e-01 0.000000000000000000e+00 1.572504573629231128e+00
-6.165878000000004278e+01 8.477636114399486056e-01 0.000000000000000000e+00 1.477536138032474300e+00
-6.188777000000003170e+01 8.509120582529349219e-01 0.000000000000000000e+00 1.720241405745253305e+00
-6.140623400000003329e+01 8.442912866710393649e-01 0.000000000000000000e+00 1.320695531189929550e+00
-6.152424000000002735e+01 8.459137837871285592e-01 0.000000000000000000e+00 1.670350725283329840e+00
-6.079776399999999370e+01 8.359252644329591142e-01 0.000000000000000000e+00 1.593627636539801440e+00
-6.154715000000002334e+01 8.462287797104680598e-01 0.000000000000000000e+00 1.511917464578330872e+00
-6.140437800000002255e+01 8.442657680139585841e-01 0.000000000000000000e+00 1.439523167375259538e+00
-6.186694400000003213e+01 8.506257158217053194e-01 0.000000000000000000e+00 1.349243479934387535e+00
-6.143775600000002868e+01 8.447246913631174525e-01 0.000000000000000000e+00 1.834679876423551237e+00
-6.220210000000002282e+01 8.552338683176801126e-01 0.000000000000000000e+00 1.414603223665222398e+00
-6.102909000000002493e+01 8.391058295557199953e-01 0.000000000000000000e+00 1.714129867285203890e+00
-6.201022800000005475e+01 8.525957671477546462e-01 0.000000000000000000e+00 1.408314750609337418e+00
-6.137091800000003872e+01 8.438057172241316684e-01 0.000000000000000000e+00 1.664483820031746220e+00
-6.165017800000003945e+01 8.476453401639744145e-01 0.000000000000000000e+00 1.582858517614204708e+00
-6.182114400000003940e+01 8.499959989605552213e-01 0.000000000000000000e+00 1.470793729113637704e+00
-6.140434200000000686e+01 8.442652730400064254e-01 0.000000000000000000e+00 1.634978489289814929e+00
-6.161180400000004198e+01 8.471177254296998749e-01 0.000000000000000000e+00 1.376378791672429047e+00
-6.144859200000003341e+01 8.448736785226682589e-01 0.000000000000000000e+00 1.402105442920277278e+00
-6.206998800000003769e+01 8.534174239080674074e-01 0.000000000000000000e+00 1.614241379649814734e+00
-6.157318600000002107e+01 8.465867558719725183e-01 0.000000000000000000e+00 1.306518136040223599e+00
-6.156384200000000817e+01 8.464582826328765908e-01 0.000000000000000000e+00 1.760067130330172702e+00
-6.168275400000001696e+01 8.480932365934245043e-01 0.000000000000000000e+00 1.477919629819584912e+00
-6.155113200000005236e+01 8.462835293292697569e-01 0.000000000000000000e+00 1.424213985374871205e+00
-6.121003000000003169e+01 8.415936236355566757e-01 0.000000000000000000e+00 1.442159063047940171e+00
-6.169001600000001417e+01 8.481930838389631910e-01 0.000000000000000000e+00 1.285303229302940053e+00
-6.140071200000005547e+01 8.442153631665141322e-01 0.000000000000000000e+00 1.314334104725447983e+00
-5.996868600000003369e+01 8.245260418170499150e-01 0.000000000000000000e+00 1.527604788980831740e+00
-6.175775600000003607e+01 8.491244598253022691e-01 0.000000000000000000e+00 1.483878056216618946e+00
-6.156023000000006107e+01 8.464086202463604325e-01 0.000000000000000000e+00 1.313065839971861770e+00
-6.173826200000002729e+01 8.488564314302964320e-01 0.000000000000000000e+00 1.679152756948479208e+00
-6.113861200000002327e+01 8.406116778104555376e-01 0.000000000000000000e+00 1.339121570154303331e+00
-6.172030000000004435e+01 8.486094669268036128e-01 0.000000000000000000e+00 1.672397985836595824e+00
-6.094391400000000658e+01 8.379347211852977706e-01 0.000000000000000000e+00 1.409087514542799680e+00
-6.174178000000004118e+01 8.489048013848277119e-01 0.000000000000000000e+00 1.396951091021826130e+00
-6.114765000000002715e+01 8.407359437709595040e-01 0.000000000000000000e+00 1.319502615313126626e+00
-6.173843000000002235e+01 8.488587413087389510e-01 0.000000000000000000e+00 1.237647402791426376e+00
-6.201080800000004700e+01 8.526037417280922792e-01 0.000000000000000000e+00 1.146056741035419657e+00
-6.174255800000002381e+01 8.489154983219011630e-01 0.000000000000000000e+00 1.385291363524130626e+00
-6.221049400000003260e+01 8.553492797441539786e-01 0.000000000000000000e+00 1.855350716162212477e+00
-6.229678000000002669e+01 8.565356498114290451e-01 0.000000000000000000e+00 1.916660526999389047e+00
-6.211493000000006504e+01 8.540353438900286642e-01 0.000000000000000000e+00 1.397628840015990637e+00
-6.167986800000002745e+01 8.480535561816063828e-01 0.000000000000000000e+00 1.360761362559337329e+00
-6.192288800000005011e+01 8.513949053431070224e-01 0.000000000000000000e+00 1.374626711296597970e+00
-6.196604400000003210e+01 8.519882691173381595e-01 0.000000000000000000e+00 1.515143286641413178e+00
-6.179667600000002636e+01 8.496595816645152732e-01 0.000000000000000000e+00 1.485382586441974739e+00
-6.174317400000001044e+01 8.489239678761907326e-01 0.000000000000000000e+00 1.464965554986522811e+00
-6.110489400000000870e+01 8.401480797073055395e-01 0.000000000000000000e+00 1.492441345738145797e+00
-6.141290400000004013e+01 8.443829943449231434e-01 0.000000000000000000e+00 1.246581188766242132e+00
-6.158102800000006027e+01 8.466945776978495042e-01 0.000000000000000000e+00 1.363686836445577866e+00
-6.166835600000000284e+01 8.478952745111789646e-01 0.000000000000000000e+00 1.438406104435310917e+00
-6.187156800000006029e+01 8.506892924759843488e-01 0.000000000000000000e+00 1.436514267448053772e+00
-6.192446599999999535e+01 8.514166017013353738e-01 0.000000000000000000e+00 1.367460570311837431e+00
-6.217364200000005070e+01 8.548425914086278388e-01 0.000000000000000000e+00 1.511856802126899879e+00
-6.169959000000002192e+01 8.483247194116413370e-01 0.000000000000000000e+00 1.411029963923837949e+00
-6.227619800000007189e+01 8.562526622036525925e-01 0.000000000000000000e+00 1.518181197446071051e+00
-6.190283800000003822e+01 8.511192323503981028e-01 0.000000000000000000e+00 1.375857918050633844e+00
-6.101018200000004299e+01 8.388458582367108729e-01 0.000000000000000000e+00 1.561220893939331500e+00
-6.171414000000005728e+01 8.485247713839066952e-01 0.000000000000000000e+00 1.825304265877418786e+00
-6.170378000000003738e+01 8.483823288799432483e-01 0.000000000000000000e+00 1.410095150597069802e+00
-6.207065400000002597e+01 8.534265809261791791e-01 0.000000000000000000e+00 1.557635379554664468e+00
-6.156360000000005073e+01 8.464549553079776523e-01 0.000000000000000000e+00 1.576137022064779680e+00
-6.132179800000003667e+01 8.431303527651862195e-01 0.000000000000000000e+00 1.718638112581051702e+00
-6.170052800000002691e+01 8.483376162329461234e-01 0.000000000000000000e+00 1.397965316261711610e+00
-6.197270600000003071e+01 8.520798667970103102e-01 0.000000000000000000e+00 1.476353391067724674e+00
-6.102505200000004493e+01 8.390503099774381246e-01 0.000000000000000000e+00 1.442636692154860345e+00
-6.157824000000005071e+01 8.466562447151225745e-01 0.000000000000000000e+00 1.547400470257630722e+00
-6.188672000000003948e+01 8.508976215126684561e-01 0.000000000000000000e+00 1.402383690346366452e+00
-6.210406400000003657e+01 8.538859442521842258e-01 0.000000000000000000e+00 1.406822584890353056e+00
-6.150544600000002760e+01 8.456553798856338844e-01 0.000000000000000000e+00 1.487982217732076506e+00
-6.209373200000002413e+01 8.537438867279613097e-01 0.000000000000000000e+00 1.445319225783772366e+00
-6.155430799999999891e+01 8.463271970312562509e-01 0.000000000000000000e+00 1.227494808043495311e+00
-6.163103200000004023e+01 8.473820965171713349e-01 0.000000000000000000e+00 1.588091466520855644e+00
-6.190218400000003385e+01 8.511102403236034952e-01 0.000000000000000000e+00 1.431277680300106159e+00
-6.142853800000005293e+01 8.445979505328539139e-01 0.000000000000000000e+00 1.468802242382644119e+00
-6.149926600000004129e+01 8.455704093572081748e-01 0.000000000000000000e+00 1.273030444716762188e+00
-6.228083400000002712e+01 8.563164038492477870e-01 0.000000000000000000e+00 1.448550160581680624e+00
-6.228010000000002577e+01 8.563063118803376783e-01 0.000000000000000000e+00 1.205590942905661045e+00
-6.173553000000001134e+01 8.488188684070502310e-01 0.000000000000000000e+00 1.517669213070829581e+00
-6.231688200000004940e+01 8.568120377665132681e-01 0.000000000000000000e+00 1.328219116368556163e+00
-6.197470400000000978e+01 8.521073378513457364e-01 0.000000000000000000e+00 1.223727168041153002e+00
-6.281946000000007047e+01 8.637221216233506027e-01 0.000000000000000000e+00 1.535289765562978470e+00
-6.253073600000002585e+01 8.597523755312380667e-01 0.000000000000000000e+00 1.153036491272526387e+00
-6.217102800000002816e+01 8.548066508000020658e-01 0.000000000000000000e+00 1.562611456135031940e+00
-6.251721200000000778e+01 8.595664303166047349e-01 0.000000000000000000e+00 1.541975762709595354e+00
-6.243342600000002562e+01 8.584144334404405496e-01 0.000000000000000000e+00 1.417929373133923310e+00
-6.259020600000000201e+01 8.605700450013819003e-01 0.000000000000000000e+00 1.402275938336090544e+00
-6.228919400000002327e+01 8.564313478003223734e-01 0.000000000000000000e+00 1.475890519455349992e+00
-6.254102200000001943e+01 8.598938005887443170e-01 0.000000000000000000e+00 1.553385609965691749e+00
-6.246515400000003382e+01 8.588506704834663052e-01 0.000000000000000000e+00 1.295738465272942008e+00
-6.279859000000005409e+01 8.634351742239572136e-01 0.000000000000000000e+00 1.141929486890632228e+00
-6.273088000000003461e+01 8.625042107159115456e-01 0.000000000000000000e+00 1.305931515985598645e+00
-6.254705000000003423e+01 8.599766812271508742e-01 0.000000000000000000e+00 1.202501241520600672e+00
-6.286669400000002383e+01 8.643715549469213055e-01 0.000000000000000000e+00 1.499284069539777553e+00
-6.242696600000004992e+01 8.583256131146105306e-01 0.000000000000000000e+00 1.235325980142958358e+00
-6.078587600000002311e+01 8.357618130345894070e-01 0.000000000000000000e+00 1.676941296691537131e+00
-6.225985600000004183e+01 8.560279715279989210e-01 0.000000000000000000e+00 1.516661794885282522e+00
-6.244001600000002128e+01 8.585050411722086050e-01 0.000000000000000000e+00 1.679474715181307198e+00
-6.241296000000002664e+01 8.581330407487309797e-01 0.000000000000000000e+00 1.351471060688606896e+00
-6.283214000000004518e+01 8.638964624486642485e-01 0.000000000000000000e+00 1.456380989392070724e+00
-6.218533800000002998e+01 8.550034029459203655e-01 0.000000000000000000e+00 1.619006942091791412e+00
-6.246629200000000992e+01 8.588663171600595669e-01 0.000000000000000000e+00 1.453446105972166835e+00
-6.241532000000002967e+01 8.581654890411396508e-01 0.000000000000000000e+00 1.258981084091818525e+00
-6.287029000000003975e+01 8.644209973450153184e-01 0.000000000000000000e+00 1.207973821502081657e+00
-6.272039200000003234e+01 8.623600083045634968e-01 0.000000000000000000e+00 1.394391533328491528e+00
-6.221143400000003965e+01 8.553622040640117552e-01 0.000000000000000000e+00 1.304952865298400155e+00
-6.322788200000003656e+01 8.693376286072950210e-01 0.000000000000000000e+00 1.624257109093385498e+00
-6.264431600000003897e+01 8.613140183497849378e-01 0.000000000000000000e+00 1.564347657936984159e+00
-6.355719600000003311e+01 8.738654578302821330e-01 0.000000000000000000e+00 1.415498094430852394e+00
-6.363864600000000848e+01 8.749853363966723085e-01 0.000000000000000000e+00 1.322524879941638698e+00
-6.315412400000005277e+01 8.683235094753145589e-01 0.000000000000000000e+00 1.290858776799539642e+00
-6.344416600000004536e+01 8.723113771137800398e-01 0.000000000000000000e+00 1.160065077608523287e+00
-6.364942600000005513e+01 8.751335535967427193e-01 0.000000000000000000e+00 1.313441370007997211e+00
-6.375404600000007349e+01 8.765720028983484680e-01 0.000000000000000000e+00 1.475417239491899846e+00
-6.379839600000005362e+01 8.771817833086541505e-01 0.000000000000000000e+00 1.386299767743053524e+00
-6.315920800000004220e+01 8.683934107967574700e-01 0.000000000000000000e+00 1.410420415128091909e+00
-6.357568800000007059e+01 8.741197094502911602e-01 0.000000000000000000e+00 1.365528385635302655e+00
-6.372849400000001197e+01 8.762206813866422195e-01 0.000000000000000000e+00 1.081623910983906756e+00
-6.374957800000004937e+01 8.765105711311949044e-01 0.000000000000000000e+00 1.294384049262760072e+00
-6.356727400000002604e+01 8.740040230382879471e-01 0.000000000000000000e+00 1.237206825316648606e+00
-6.387443000000003934e+01 8.782271957938219131e-01 0.000000000000000000e+00 1.397993852784854774e+00
-6.416222000000003334e+01 8.821841000617347550e-01 0.000000000000000000e+00 1.256160855362662421e+00
-6.350697600000004428e+01 8.731749691672482383e-01 0.000000000000000000e+00 1.352803607262422547e+00
-6.400128000000006523e+01 8.799712915107851252e-01 0.000000000000000000e+00 1.317840904087002052e+00
-6.422127200000005587e+01 8.829960223343255032e-01 0.000000000000000000e+00 1.326306352477519823e+00
-6.475129600000003904e+01 8.902834688324532397e-01 0.000000000000000000e+00 1.200947072057227949e+00
-6.424889400000004969e+01 8.833758048482706071e-01 0.000000000000000000e+00 1.342633569889394529e+00
-6.450818800000001829e+01 8.869409097346254711e-01 0.000000000000000000e+00 1.232831264006194028e+00
-6.456119600000006642e+01 8.876697313803870726e-01 0.000000000000000000e+00 1.306557073165341976e+00
-6.435481000000007157e+01 8.848320732121481846e-01 0.000000000000000000e+00 1.325975689212980368e+00
-6.461254400000002818e+01 8.883757292272498329e-01 0.000000000000000000e+00 1.147077683764224698e+00
-6.450903000000000986e+01 8.869524866253915008e-01 0.000000000000000000e+00 1.248735730548090839e+00
-6.448109600000005059e+01 8.865684143371962422e-01 0.000000000000000000e+00 1.330314615474645690e+00
-6.441184600000005389e+01 8.856162769434265947e-01 0.000000000000000000e+00 1.285073868836992927e+00
-6.407300800000008678e+01 8.809574996115842049e-01 0.000000000000000000e+00 1.323085360911602670e+00
-6.473730800000004137e+01 8.900911439535500458e-01 0.000000000000000000e+00 1.159163050878180501e+00
-6.477169200000003002e+01 8.905638990748115935e-01 0.000000000000000000e+00 1.107756740214614677e+00
-6.432085000000004982e+01 8.843651477840985820e-01 0.000000000000000000e+00 1.196408874866191407e+00
-6.410561000000002707e+01 8.814057535222212802e-01 0.000000000000000000e+00 1.228501679964975057e+00
-6.430022800000001837e+01 8.840816102052632131e-01 0.000000000000000000e+00 1.233730481026606318e+00
-6.450531200000006038e+01 8.869013668155721897e-01 0.000000000000000000e+00 1.225971362501068196e+00
-6.462353400000002068e+01 8.885268337753728929e-01 0.000000000000000000e+00 1.380249918243837692e+00
-6.454840000000005773e+01 8.874937956390053229e-01 0.000000000000000000e+00 1.243915644124218511e+00
-6.396585000000001031e+01 8.794841546463618709e-01 0.000000000000000000e+00 1.182344178086290665e+00
-6.409162800000002846e+01 8.812135111389767239e-01 0.000000000000000000e+00 1.244685060492870532e+00
-6.411770600000002673e+01 8.815720647700918677e-01 0.000000000000000000e+00 1.226321707574601794e+00
-6.432771600000003787e+01 8.844595503161651884e-01 0.000000000000000000e+00 1.302750278846389165e+00
-6.466682800000000952e+01 8.891220949497534720e-01 0.000000000000000000e+00 1.097098478686099554e+00
-6.455389600000000883e+01 8.875693616623426818e-01 0.000000000000000000e+00 1.260676325133265330e+00
-6.443479200000000162e+01 8.859317678407174768e-01 0.000000000000000000e+00 1.286967474154383506e+00
-6.369578400000003171e+01 8.757709425541485571e-01 0.000000000000000000e+00 1.208362243559689908e+00
-6.443509800000002485e+01 8.859359751193096599e-01 0.000000000000000000e+00 1.197537519032664477e+00
-6.435429600000003347e+01 8.848250060840553433e-01 0.000000000000000000e+00 1.358639714241840935e+00
-6.427488600000002350e+01 8.837331760416111681e-01 0.000000000000000000e+00 1.281868847907758235e+00
-6.423629800000003343e+01 8.832026189621775547e-01 0.000000000000000000e+00 1.428327245556843650e+00
-6.453096000000006427e+01 8.872540082578163068e-01 0.000000000000000000e+00 1.393426508266364827e+00
-6.435003800000002627e+01 8.847664616649553171e-01 0.000000000000000000e+00 1.291345313908536241e+00
-6.399738200000003729e+01 8.799176968312047986e-01 0.000000000000000000e+00 1.545553108563371358e+00
-6.397959800000008102e+01 8.796731796989194496e-01 0.000000000000000000e+00 1.184365265284372137e+00
-6.473413400000002582e+01 8.900475037501155429e-01 0.000000000000000000e+00 1.180322010182480952e+00
-6.436373200000004147e+01 8.849547442565840472e-01 0.000000000000000000e+00 1.539777839339562693e+00
-6.477582400000004270e+01 8.906207110850797859e-01 0.000000000000000000e+00 1.424699130039516648e+00
-6.454439000000003546e+01 8.874386610404632059e-01 0.000000000000000000e+00 1.192000261804255778e+00
-6.471273800000004428e+01 8.897533242313129254e-01 0.000000000000000000e+00 1.032370907700650653e+00
-6.428401800000004584e+01 8.838587344341010121e-01 0.000000000000000000e+00 1.263056610004779978e+00
-6.497981400000003305e+01 8.934254259869579551e-01 0.000000000000000000e+00 1.145477910321427206e+00
-6.471230200000006505e+01 8.897473295467834831e-01 0.000000000000000000e+00 1.363480450384902509e+00
-6.372874799999998885e+01 8.762241737028587663e-01 0.000000000000000000e+00 1.211453255723901057e+00
-6.522388200000001746e+01 8.967811843901717372e-01 0.000000000000000000e+00 1.073254693183498087e+00
-6.458171400000006201e+01 8.879518390344717238e-01 0.000000000000000000e+00 1.386680096454489419e+00
-6.464699200000003998e+01 8.888493643022041812e-01 0.000000000000000000e+00 1.012783761426939932e+00
-6.456327400000000694e+01 8.876983023768375558e-01 0.000000000000000000e+00 1.169881314762443170e+00
-6.484048400000004619e+01 8.915097392999700165e-01 0.000000000000000000e+00 1.350868888113397670e+00
-6.487434200000001283e+01 8.919752623018215587e-01 0.000000000000000000e+00 8.963896096896684096e-01
-6.505303800000004344e+01 8.944322030053174499e-01 0.000000000000000000e+00 1.172364972542443207e+00
-6.525284600000001944e+01 8.971794184331052247e-01 0.000000000000000000e+00 1.200436847035783128e+00
-6.481945600000003083e+01 8.912206195148985044e-01 0.000000000000000000e+00 1.011850109704540701e+00
-6.500283400000003553e+01 8.937419343307063668e-01 0.000000000000000000e+00 1.185792039292086208e+00
-6.493374400000003277e+01 8.927919968211677215e-01 0.000000000000000000e+00 1.210877851551417805e+00
-6.539880600000006439e+01 8.991862628229198018e-01 0.000000000000000000e+00 9.371407006916987470e-01
-6.453778800000006299e+01 8.873478883173782084e-01 0.000000000000000000e+00 1.202302032111815633e+00
-6.532673400000004449e+01 8.981953249710240561e-01 0.000000000000000000e+00 1.030601450778851680e+00
-6.537506600000007495e+01 8.988598550001316578e-01 0.000000000000000000e+00 1.071736327461190852e+00
-6.539504800000001694e+01 8.991345930420414634e-01 0.000000000000000000e+00 1.119666228628564353e+00
-6.553105800000000158e+01 9.010046321312341622e-01 0.000000000000000000e+00 1.017206832079043277e+00
-6.523700000000008004e+01 8.969615473985692589e-01 0.000000000000000000e+00 1.250170930212135101e+00
-6.490913800000002709e+01 8.924536821249785534e-01 0.000000000000000000e+00 1.057236655633998490e+00
-6.545508000000003790e+01 8.999599896055475723e-01 0.000000000000000000e+00 1.311440293122124956e+00
-6.526570200000003297e+01 8.973561791310736835e-01 0.000000000000000000e+00 1.107777102801330793e+00
-6.490366800000005298e+01 8.923784735828285131e-01 0.000000000000000000e+00 1.130619860280459799e+00
-6.520908600000004185e+01 8.965777500959017932e-01 0.000000000000000000e+00 1.048175730603539302e+00
-6.504416800000005594e+01 8.943102469232564466e-01 0.000000000000000000e+00 9.450074393251076676e-01
-6.537573400000003687e+01 8.988690395167959757e-01 0.000000000000000000e+00 1.077387283773278526e+00
-6.525066400000005729e+01 8.971494175119042458e-01 0.000000000000000000e+00 1.310396580384284970e+00
-6.492034200000004773e+01 8.926077290182611312e-01 0.000000000000000000e+00 1.298557061921680411e+00
-6.426140800000004560e+01 8.835478632936948351e-01 0.000000000000000000e+00 1.183445152350636853e+00
-6.509038200000003371e+01 8.949456559848543158e-01 0.000000000000000000e+00 1.253665048654616587e+00
-6.517980399999999008e+01 8.961751437830582923e-01 0.000000000000000000e+00 1.303446869573907874e+00
-6.555488600000006727e+01 9.013322498903504343e-01 0.000000000000000000e+00 1.224536952684111002e+00
-6.498636800000002722e+01 8.935155387447739628e-01 0.000000000000000000e+00 1.154867299463317565e+00
-6.522726400000003366e+01 8.968276844431066763e-01 0.000000000000000000e+00 1.237657475626328996e+00
-6.569564200000006338e+01 9.032675430455481269e-01 0.000000000000000000e+00 1.298948022006557457e+00
-6.561147000000002549e+01 9.021102389486757023e-01 0.000000000000000000e+00 1.132812322799707783e+00
-6.515722400000002779e+01 8.958646851209459694e-01 0.000000000000000000e+00 1.296880120400844438e+00
-6.533760399999999890e+01 8.983447796059732537e-01 0.000000000000000000e+00 1.231282764619274550e+00
-6.513832000000002154e+01 8.956047687990422723e-01 0.000000000000000000e+00 1.318151318393233407e+00
-6.525514600000002474e+01 8.972110417689272976e-01 0.000000000000000000e+00 1.299967301797015473e+00
-6.537031000000006031e+01 8.987944634413622680e-01 0.000000000000000000e+00 1.242154342099225595e+00
-6.555266400000002136e+01 9.013016989980905391e-01 0.000000000000000000e+00 1.221758793625819628e+00
-6.526005000000000678e+01 8.972784682206099705e-01 0.000000000000000000e+00 1.122792651239207018e+00
-6.520730800000004024e+01 8.965533038823837453e-01 0.000000000000000000e+00 1.218238485524128389e+00
-6.480421000000005449e+01 8.910109980462286305e-01 0.000000000000000000e+00 1.244588382526204517e+00
-6.554473400000007643e+01 9.011926672358877566e-01 0.000000000000000000e+00 1.146585925295112052e+00
-6.554871000000001402e+01 9.012473343590295949e-01 0.000000000000000000e+00 1.002316889899485641e+00
-6.516552200000005257e+01 8.959787766168813006e-01 0.000000000000000000e+00 1.268797783283311942e+00
-6.521439800000004539e+01 8.966507862523741546e-01 0.000000000000000000e+00 1.287667150509404612e+00
-6.585054400000004193e+01 9.053973334653270255e-01 0.000000000000000000e+00 1.231440295129522910e+00
-6.561571800000004373e+01 9.021686458750114435e-01 0.000000000000000000e+00 1.412278654535486844e+00
-6.529054000000003555e+01 8.976976836593979492e-01 0.000000000000000000e+00 1.270236786325027234e+00
-6.558000200000002167e+01 9.016775767175255751e-01 0.000000000000000000e+00 1.262736470341818906e+00
-6.520997600000005434e+01 8.965899869519374787e-01 0.000000000000000000e+00 1.297431448773564089e+00
-6.523687600000005204e+01 8.969598424882897492e-01 0.000000000000000000e+00 1.134071069434933188e+00
-6.488098200000003146e+01 8.920665574974121492e-01 0.000000000000000000e+00 1.061273297409267347e+00
-6.463334000000004664e+01 8.886616591801863585e-01 0.000000000000000000e+00 1.207875831132630529e+00
-6.506798200000007171e+01 8.946376721925018982e-01 0.000000000000000000e+00 1.218212736259081774e+00
-6.485329200000005301e+01 8.916858400326690415e-01 0.000000000000000000e+00 1.170119978626037893e+00
-6.522835000000004868e+01 8.968426161573254118e-01 0.000000000000000000e+00 1.231606571175071441e+00
-6.500009600000005605e+01 8.937042888118020834e-01 0.000000000000000000e+00 1.167710022458270824e+00
-6.557343800000005274e+01 9.015873264669453935e-01 0.000000000000000000e+00 1.042449610707706364e+00
-6.556104200000002891e+01 9.014168904361412604e-01 0.000000000000000000e+00 1.240442927831861386e+00
-6.571300400000001218e+01 9.035062579831738550e-01 0.000000000000000000e+00 1.181040288737095212e+00
-6.487680800000003956e+01 8.920091680175336046e-01 0.000000000000000000e+00 1.051315007015384717e+00
-6.563267400000005125e+01 9.024017786064015834e-01 0.000000000000000000e+00 1.111868600133863350e+00
-6.519418200000004049e+01 8.963728308797754840e-01 0.000000000000000000e+00 1.172339224908296229e+00
-6.522593800000005615e+01 8.968094529025417705e-01 0.000000000000000000e+00 1.147616699356725611e+00
-6.516035400000005495e+01 8.959077203562170189e-01 0.000000000000000000e+00 9.921590125304785568e-01
-6.561691200000004187e+01 9.021850625110859889e-01 0.000000000000000000e+00 1.364941054211026961e+00
-6.536051600000003248e+01 8.986598030278660776e-01 0.000000000000000000e+00 1.329420055734791717e+00
-6.518565400000004217e+01 8.962555770502583785e-01 0.000000000000000000e+00 1.137161734134506608e+00
-6.489613600000004112e+01 8.922749140326495798e-01 0.000000000000000000e+00 1.244902089170148995e+00
-6.554870200000002001e+01 9.012472243648180781e-01 0.000000000000000000e+00 1.134428716101259393e+00
-6.525383600000003526e+01 8.971930302167853144e-01 0.000000000000000000e+00 1.279705833268337534e+00
-6.547067800000000659e+01 9.001744508195257399e-01 0.000000000000000000e+00 1.224674846278419382e+00
-6.515425600000006057e+01 8.958238772684595785e-01 0.000000000000000000e+00 1.088452119214355696e+00
-6.498795000000004052e+01 8.935372901001090717e-01 0.000000000000000000e+00 1.307044650454921575e+00
-6.503963600000004419e+01 8.942479352024106376e-01 0.000000000000000000e+00 1.195475170776639562e+00
-6.527930200000008654e+01 8.975431692907173131e-01 0.000000000000000000e+00 1.266610739593079016e+00
-6.527203600000007100e+01 8.974432670480726459e-01 0.000000000000000000e+00 1.213583418742389064e+00
-6.541475200000004975e+01 8.994055087851009489e-01 0.000000000000000000e+00 1.177765789898205906e+00
-6.529528600000003280e+01 8.977629377254027210e-01 0.000000000000000000e+00 1.215235241392888410e+00
-6.508107600000006698e+01 8.948177052182638702e-01 0.000000000000000000e+00 1.276736437457360429e+00
-6.495718200000007414e+01 8.931142523624704399e-01 0.000000000000000000e+00 1.178896593882036159e+00
-6.491957400000003986e+01 8.925971695739517431e-01 0.000000000000000000e+00 1.206738863621179991e+00
-6.476173200000000918e+01 8.904269562814258743e-01 0.000000000000000000e+00 1.128557321206364206e+00
-6.508547200000002420e+01 8.948781470375125613e-01 0.000000000000000000e+00 1.271840753966669624e+00
-6.544815000000004090e+01 8.998647071197883873e-01 0.000000000000000000e+00 1.233822485267437541e+00
-6.517176400000002445e+01 8.960645996004463765e-01 0.000000000000000000e+00 1.191107382849584839e+00
-6.530261400000006233e+01 8.978636924231870875e-01 0.000000000000000000e+00 1.396795045305466276e+00
-6.548734600000004491e+01 9.004036237593002756e-01 0.000000000000000000e+00 1.214430131596417883e+00
-6.548666000000005738e+01 9.003941917556597119e-01 0.000000000000000000e+00 1.379968041497902087e+00
-6.517935000000004209e+01 8.961689016115532702e-01 0.000000000000000000e+00 1.131993542607487635e+00
-6.563601200000006486e+01 9.024476736911729580e-01 0.000000000000000000e+00 1.261072346411912459e+00
-6.502152000000003795e+01 8.939988533103451207e-01 0.000000000000000000e+00 1.258417811332463998e+00
-6.590419200000002320e+01 9.061349546480119699e-01 0.000000000000000000e+00 1.231132115737380905e+00
-6.558396400000006565e+01 9.017320513507985913e-01 0.000000000000000000e+00 1.054809302648367808e+00
-6.534035000000004345e+01 8.983825351190899422e-01 0.000000000000000000e+00 1.085530868545734773e+00
-6.536588200000002757e+01 8.987335816452662884e-01 0.000000000000000000e+00 1.161914015176091164e+00
-6.551424000000002934e+01 9.007733967999937974e-01 0.000000000000000000e+00 1.008117293360111910e+00
-6.562944000000004507e+01 9.023573134463804823e-01 0.000000000000000000e+00 1.157038088474972470e+00
-6.586417800000003808e+01 9.055847911003689354e-01 0.000000000000000000e+00 1.185196545570532445e+00
-6.567684400000007372e+01 9.030090841469478047e-01 0.000000000000000000e+00 1.110983373332932844e+00
-6.628878000000007376e+01 9.114227613771835879e-01 0.000000000000000000e+00 1.322580002964820478e+00
-6.591941800000002161e+01 9.063443011311532738e-01 0.000000000000000000e+00 1.087468489117841886e+00
