-5.481623600000003194e+01 6.958865482317280193e-01 0.000000000000000000e+00 1.977763992902136447e+00
-5.412398000000004572e+01 6.870984286254732121e-01 0.000000000000000000e+00 1.869531193976855743e+00
-5.482562000000003621e+01 6.960056771585775293e-01 0.000000000000000000e+00 2.230085617507575169e+00
-5.337606400000004214e+01 6.776037109727091057e-01 0.000000000000000000e+00 2.075336242126279984e+00
-5.427590600000004883e+01 6.890271137640634480e-01 0.000000000000000000e+00 1.833067455201027540e+00
-5.513935600000001358e+01 6.999885238118211950e-01 0.000000000000000000e+00 2.057256227385191760e+00
-5.539433200000001989e+01 7.032254182334289894e-01 0.000000000000000000e+00 2.010459029995112168e+00
-5.563583400000002399e+01 7.062912615936163263e-01 0.000000000000000000e+00 2.175370454842581402e+00
-5.613101800000002584e+01 7.125775721768453641e-01 0.000000000000000000e+00 1.776580751369712496e+00
-5.619775200000003679e+01 7.134247535285475061e-01 0.000000000000000000e+00 2.068480433051072431e+00
-5.626917600000003716e+01 7.143314739538774161e-01 0.000000000000000000e+00 1.999979389647338790e+00
-5.628894400000000076e+01 7.145824267060039148e-01 0.000000000000000000e+00 1.912880587143564126e+00
-5.565589800000004317e+01 7.065459720356782602e-01 0.000000000000000000e+00 1.727955621038569145e+00
-5.537011400000002936e+01 7.029179731832969624e-01 0.000000000000000000e+00 2.062249972259630582e+00
-5.602518599999999793e+01 7.112340456864004734e-01 0.000000000000000000e+00 1.446092741693905781e+00
-5.721808600000002798e+01 7.263777900213024274e-01 0.000000000000000000e+00 1.981283926798453443e+00
-5.765313000000001153e+01 7.319006294130642187e-01 0.000000000000000000e+00 1.936219361972389752e+00
-5.691290600000003508e+01 7.225035609190095798e-01 0.000000000000000000e+00 1.817761314343340873e+00
-5.857763600000006221e+01 7.436371391792502283e-01 0.000000000000000000e+00 2.135205764717023058e+00
-5.875120400000002974e+01 7.458405673096213384e-01 0.000000000000000000e+00 1.521234050084125711e+00
-5.769848000000003907e+01 7.324763430567796663e-01 0.000000000000000000e+00 1.965058588789081684e+00
-5.814259600000003303e+01 7.381143505670815230e-01 0.000000000000000000e+00 1.870767345825252725e+00
-5.934647000000001071e+01 7.533974087173329615e-01 0.000000000000000000e+00 2.285759189199531694e+00
-5.969297200000006143e+01 7.577962164124733002e-01 0.000000000000000000e+00 1.502194076694674862e+00
-5.915758600000002332e+01 7.509995455226365912e-01 0.000000000000000000e+00 1.617475621224803595e+00
-6.070628600000002706e+01 7.706601347182624462e-01 0.000000000000000000e+00 2.154074116552167073e+00
-6.112797000000001901e+01 7.760133702670247713e-01 0.000000000000000000e+00 2.070846985919266636e+00
-5.910522800000002519e+01 7.503348660307371798e-01 0.000000000000000000e+00 1.928682639747826943e+00
-6.092876600000003151e+01 7.734844957205501137e-01 0.000000000000000000e+00 1.755835546256821589e+00
-6.031014200000004166e+01 7.656311268753543953e-01 0.000000000000000000e+00 1.569887462554838020e+00
-6.072446200000005234e+01 7.708908771920922609e-01 0.000000000000000000e+00 1.992190123719737915e+00
-6.087670400000004634e+01 7.728235739185856934e-01 0.000000000000000000e+00 1.913782213943917121e+00
-6.061451600000003737e+01 7.694951238895142431e-01 0.000000000000000000e+00 1.830283418618189328e+00
-5.949830400000003294e+01 7.553249259252681203e-01 0.000000000000000000e+00 1.766762827452707851e+00
-5.913925400000002952e+01 7.507668226446524429e-01 0.000000000000000000e+00 1.661819895395199476e+00
-5.949965600000001587e+01 7.553420894279426756e-01 0.000000000000000000e+00 1.788622321382994818e+00
-6.096812600000004068e+01 7.739841669226810161e-01 0.000000000000000000e+00 1.794984882332444798e+00
-6.086542600000002778e+01 7.726804008541131585e-01 0.000000000000000000e+00 1.680673975115430485e+00
-6.076714600000001099e+01 7.714327462365975219e-01 0.000000000000000000e+00 1.748972585644890332e+00
-6.085764400000006447e+01 7.725816091545459896e-01 0.000000000000000000e+00 1.702145670173057956e+00
-6.097662400000002236e+01 7.740920481695229283e-01 0.000000000000000000e+00 1.601497798755334934e+00
-6.009643400000003766e+01 7.629181255220781610e-01 0.000000000000000000e+00 1.958936522255446011e+00
-5.880218400000001111e+01 7.464877532314865283e-01 0.000000000000000000e+00 1.714424107609175074e+00
-6.076595200000004127e+01 7.714175885278746758e-01 0.000000000000000000e+00 2.289777015674476335e+00
-5.951268400000005698e+01 7.555074785646647140e-01 0.000000000000000000e+00 2.053027543775044261e+00
-6.153888800000006398e+01 7.812299325393106120e-01 0.000000000000000000e+00 1.896379838634601800e+00
-6.121842600000005774e+01 7.771616999992390085e-01 0.000000000000000000e+00 1.740942492138477293e+00
-5.944431400000004828e+01 7.546395283591341707e-01 0.000000000000000000e+00 2.005944149248186648e+00
-6.005481199999998410e+01 7.623897384597023708e-01 0.000000000000000000e+00 2.146245404142787638e+00
-6.160797400000002000e+01 7.821069722921150102e-01 0.000000000000000000e+00 2.170069147090837536e+00
-6.231408600000003162e+01 7.910709924109901037e-01 0.000000000000000000e+00 1.984484564126555384e+00
-6.235540000000004568e+01 7.915954694446495354e-01 0.000000000000000000e+00 1.758377965827333744e+00
-6.222742200000003265e+01 7.899708017336157795e-01 0.000000000000000000e+00 1.687247179509758332e+00
-6.186252600000003810e+01 7.853384840767894115e-01 0.000000000000000000e+00 1.729166088886065600e+00
-6.250220000000001619e+01 7.934590805338969099e-01 0.000000000000000000e+00 1.644691124359054735e+00
-6.168039000000001693e+01 7.830262860566854499e-01 0.000000000000000000e+00 1.690489350795063350e+00
-6.160620400000002661e+01 7.820845023218973013e-01 0.000000000000000000e+00 1.493325194777606502e+00
-6.109531200000000695e+01 7.755987802741590720e-01 0.000000000000000000e+00 1.846486947894144137e+00
-6.273689400000004213e+01 7.964384970255858898e-01 0.000000000000000000e+00 1.616594170059605373e+00
-6.096599800000004166e+01 7.739571521788259911e-01 0.000000000000000000e+00 2.138655618594414332e+00
-6.293215800000003668e+01 7.989173536722536939e-01 0.000000000000000000e+00 1.833897743268046998e+00
-6.167217400000003380e+01 7.829219847712002300e-01 0.000000000000000000e+00 1.782362227274849387e+00
-6.186594600000001520e+01 7.853819006294132654e-01 0.000000000000000000e+00 1.409612359596521314e+00
-6.321163000000001375e+01 8.024652223257563444e-01 0.000000000000000000e+00 1.705678171445438096e+00
-6.338118800000003006e+01 8.046177439134313270e-01 0.000000000000000000e+00 1.919262894877230119e+00
-6.270976599999999479e+01 7.960941098210272404e-01 0.000000000000000000e+00 1.904344309555751957e+00
-6.391510600000002995e+01 8.113957786923751136e-01 0.000000000000000000e+00 2.109698429587040458e+00
-6.468227800000005345e+01 8.211349493092712226e-01 0.000000000000000000e+00 1.781959405923601247e+00
-6.396295600000003390e+01 8.120032295821605350e-01 0.000000000000000000e+00 1.491558975785558072e+00
-6.455811000000001343e+01 8.195586491612482094e-01 0.000000000000000000e+00 1.857674772152248410e+00
-6.306707000000006502e+01 8.006300478089882766e-01 0.000000000000000000e+00 1.899224784409989208e+00
-6.406259400000003268e+01 8.132681238717412997e-01 0.000000000000000000e+00 1.386469239574708245e+00
-6.463944000000003598e+01 8.205911252504073383e-01 0.000000000000000000e+00 1.643133303702828840e+00
-6.523444200000000137e+01 8.281446152049337650e-01 0.000000000000000000e+00 1.780030662156744992e+00
-6.515897200000004830e+01 8.271865312205642917e-01 0.000000000000000000e+00 1.469652891615684576e+00
-6.529577200000004211e+01 8.289231933255307716e-01 0.000000000000000000e+00 1.951222205741257376e+00
-6.459515000000004648e+01 8.200288681990260953e-01 0.000000000000000000e+00 1.768843587166085252e+00
-6.536407400000000223e+01 8.297902802779675291e-01 0.000000000000000000e+00 1.973226587951312005e+00
-6.604458400000005724e+01 8.384292856072865785e-01 0.000000000000000000e+00 1.654147853047428063e+00
-6.508886400000004357e+01 8.262965172815658343e-01 0.000000000000000000e+00 1.720931059461181079e+00
-6.478614600000003065e+01 8.224535430192027041e-01 0.000000000000000000e+00 2.007196210176138695e+00
-6.674154200000002390e+01 8.472770966259501879e-01 0.000000000000000000e+00 1.419048464600433990e+00
-6.585908000000003426e+01 8.360743311692767632e-01 0.000000000000000000e+00 1.384800279805537215e+00
-6.692892400000005182e+01 8.496558920832081307e-01 0.000000000000000000e+00 1.715759245143959166e+00
-6.636973400000000822e+01 8.425570318311884632e-01 0.000000000000000000e+00 1.665471982256323757e+00
-6.669134400000001506e+01 8.466398381146554852e-01 0.000000000000000000e+00 1.621821203033830150e+00
-6.703870000000003415e+01 8.510494872530529609e-01 0.000000000000000000e+00 1.647586662517346978e+00
-6.638968800000004933e+01 8.428103458344236021e-01 0.000000000000000000e+00 1.507458283408924293e+00
-6.672882400000003145e+01 8.471156429077415506e-01 0.000000000000000000e+00 1.949936870727414728e+00
-6.649659000000001186e+01 8.441674558661858008e-01 0.000000000000000000e+00 1.428704762108927717e+00
-6.617159400000002734e+01 8.400416646566414292e-01 0.000000000000000000e+00 1.574151740521179343e+00
-6.640539800000003368e+01 8.430097826887291701e-01 0.000000000000000000e+00 1.615459894114029460e+00
-6.686023400000003392e+01 8.487838795101805278e-01 0.000000000000000000e+00 1.949351033177322279e+00
-6.704646000000003880e+01 8.511479996648552149e-01 0.000000000000000000e+00 1.619947542111138228e+00
-6.621654600000002233e+01 8.406123257307821506e-01 0.000000000000000000e+00 1.684560628830574114e+00
-6.614731800000001272e+01 8.397334833024002743e-01 0.000000000000000000e+00 1.726484099180537246e+00
-6.634746800000004896e+01 8.422743672227884781e-01 0.000000000000000000e+00 1.588786391607624804e+00
-6.682501800000004266e+01 8.483368159671359487e-01 0.000000000000000000e+00 1.725799360295384721e+00
-6.706307600000000946e+01 8.513589380971363640e-01 0.000000000000000000e+00 1.935575509181032272e+00
-6.617200400000002958e+01 8.400468695649969675e-01 0.000000000000000000e+00 1.465496902658279366e+00
-6.697097800000003076e+01 8.501897633417039302e-01 0.000000000000000000e+00 1.565854793091129959e+00
-6.718546600000004787e+01 8.529126667157542752e-01 0.000000000000000000e+00 1.335645134342550389e+00
-6.697066000000002362e+01 8.501857263640036910e-01 0.000000000000000000e+00 1.834720348161974490e+00
-6.822296000000002891e+01 8.660835476655355247e-01 0.000000000000000000e+00 1.788298069521562228e+00
-6.688924400000004766e+01 8.491521585135803907e-01 0.000000000000000000e+00 1.554303742290086721e+00
-6.803515200000003915e+01 8.636993441815477013e-01 0.000000000000000000e+00 1.588050267407849159e+00
-6.743838600000003680e+01 8.561234604261935832e-01 0.000000000000000000e+00 1.643678957386002448e+00
-6.715558400000003303e+01 8.525333177609250024e-01 0.000000000000000000e+00 1.370280704319485121e+00
-6.691220400000005952e+01 8.494436333814900930e-01 0.000000000000000000e+00 1.548646033069343453e+00
-6.761427600000000382e+01 8.583563661107148635e-01 0.000000000000000000e+00 1.503167512128702032e+00
-6.696072000000000912e+01 8.500595390736279677e-01 0.000000000000000000e+00 1.674996705318635426e+00
-6.737971200000004046e+01 8.553785999558223274e-01 0.000000000000000000e+00 1.697760934574022107e+00
-6.796022000000004937e+01 8.627480900525321683e-01 0.000000000000000000e+00 1.873962528111934978e+00
-6.728305400000002123e+01 8.541515364635570151e-01 0.000000000000000000e+00 1.701718204272233415e+00
-6.793038000000004217e+01 8.623692742834370151e-01 0.000000000000000000e+00 1.645136688435452355e+00
-6.815062200000001269e+01 8.651652241030420853e-01 0.000000000000000000e+00 1.776652189808549664e+00
-6.733479800000000637e+01 8.548084212878214183e-01 0.000000000000000000e+00 1.394282099333277625e+00
-6.713185200000008024e+01 8.522320424314295817e-01 0.000000000000000000e+00 1.516563655941026934e+00
-6.762954600000007588e+01 8.585502172097130291e-01 0.000000000000000000e+00 1.711407754837277251e+00
-6.829355800000003285e+01 8.669797821047637854e-01 0.000000000000000000e+00 1.489970126822764085e+00
-6.758208000000007587e+01 8.579476411609240349e-01 0.000000000000000000e+00 1.916010994253689148e+00
-6.837311400000002948e+01 8.679897374441111202e-01 0.000000000000000000e+00 1.515702279674376429e+00
-6.713009800000004645e+01 8.522097755795862151e-01 0.000000000000000000e+00 1.770724060199583505e+00
-6.816195200000001364e+01 8.653090573022327314e-01 0.000000000000000000e+00 1.768690317748409235e+00
-6.739666800000001956e+01 8.555938546535691858e-01 0.000000000000000000e+00 1.505111346656566207e+00
-6.801491200000005222e+01 8.634423994373627842e-01 0.000000000000000000e+00 1.387355932226055355e+00
-6.763271200000005479e+01 8.585904092581362335e-01 0.000000000000000000e+00 1.595695306051106988e+00
-6.782755400000006318e+01 8.610639086576676871e-01 0.000000000000000000e+00 1.616006411092143269e+00
-6.810617200000001503e+01 8.646009358679123125e-01 0.000000000000000000e+00 1.744809426893887849e+00
-6.784008000000001459e+01 8.612229249553776667e-01 0.000000000000000000e+00 1.377298511103119516e+00
-6.774757000000005291e+01 8.600485199017929849e-01 0.000000000000000000e+00 1.501229330693125918e+00
-6.853062400000001730e+01 8.699893108955237819e-01 0.000000000000000000e+00 1.520828963555034274e+00
-6.773942800000003217e+01 8.599451580387909022e-01 0.000000000000000000e+00 1.422172021878555848e+00
-6.851186400000004539e+01 8.697511546010125993e-01 0.000000000000000000e+00 1.594240032592078249e+00
-6.825375800000004745e+01 8.664745251473249255e-01 0.000000000000000000e+00 1.810639050152004215e+00
-6.831087400000005516e+01 8.671996069659453354e-01 0.000000000000000000e+00 1.574342497013603737e+00
-6.835131600000005392e+01 8.677130140481752463e-01 0.000000000000000000e+00 1.578250549473413589e+00
-6.910539600000002736e+01 8.772859830548499493e-01 0.000000000000000000e+00 1.694967978358472127e+00
-6.820883000000002028e+01 8.659041687507460505e-01 0.000000000000000000e+00 1.299504827644247573e+00
-6.806656600000002300e+01 8.640981417207683757e-01 0.000000000000000000e+00 1.536128425306407586e+00
-6.853708400000006407e+01 8.700713199393700359e-01 0.000000000000000000e+00 1.422167211234709017e+00
-6.850790800000005731e+01 8.697009335828311816e-01 0.000000000000000000e+00 1.442233879916776207e+00
-6.897607000000006394e+01 8.756442026207356122e-01 0.000000000000000000e+00 1.532673115405521758e+00
-6.838160600000007605e+01 8.680975425215632368e-01 0.000000000000000000e+00 1.516148544055100800e+00
-6.880309400000005837e+01 8.734482898702334852e-01 0.000000000000000000e+00 1.401682801465164552e+00
-6.855562000000006151e+01 8.703066325766335432e-01 0.000000000000000000e+00 1.574935557700406275e+00
-6.864538000000005979e+01 8.714461266595413536e-01 0.000000000000000000e+00 1.569689350853160636e+00
-6.846506200000006004e+01 8.691570079647800151e-01 0.000000000000000000e+00 1.596742467915363006e+00
-6.849549000000008903e+01 8.695432883341511765e-01 0.000000000000000000e+00 1.287067002682432237e+00
-6.835670400000002189e+01 8.677814141609055953e-01 0.000000000000000000e+00 1.380544306206063165e+00
-6.867387200000003133e+01 8.718078297055549264e-01 0.000000000000000000e+00 1.418996682542515764e+00
-6.795055400000005363e+01 8.626253811643259661e-01 0.000000000000000000e+00 1.359437546454823176e+00
-6.890320400000004497e+01 8.747191761518722242e-01 0.000000000000000000e+00 1.469930253545000065e+00
-6.833194000000004564e+01 8.674670376962320129e-01 0.000000000000000000e+00 1.505468571239499731e+00
-6.901127600000000939e+01 8.760911392147953114e-01 0.000000000000000000e+00 1.494089118210675693e+00
-6.836854600000003757e+01 8.679317471480915147e-01 0.000000000000000000e+00 1.561664451045936763e+00
-6.849323200000004874e+01 8.695146232534999298e-01 0.000000000000000000e+00 1.798372106239698009e+00
-6.832522800000002405e+01 8.673818295379821519e-01 0.000000000000000000e+00 1.298281228975875390e+00
-6.835562200000006783e+01 8.677676782808069200e-01 0.000000000000000000e+00 1.683072897680029767e+00
-6.778424000000005378e+01 8.605140418271520764e-01 0.000000000000000000e+00 1.604835469209328069e+00
-6.782315800000004913e+01 8.610081018841774236e-01 0.000000000000000000e+00 1.718473000653707228e+00
-6.848805400000001953e+01 8.694488890694388461e-01 0.000000000000000000e+00 1.556176730597307323e+00
-6.816393200000003105e+01 8.653341932011205939e-01 0.000000000000000000e+00 1.389624762437615235e+00
-6.898830400000002783e+01 8.757995120081047968e-01 0.000000000000000000e+00 1.512341337795154894e+00
-6.870831600000001060e+01 8.722450927870127879e-01 0.000000000000000000e+00 1.380409078638603404e+00
-6.828051600000003418e+01 8.668142152394643363e-01 0.000000000000000000e+00 1.542360601413274690e+00
-6.820128600000006713e+01 8.658083984370049668e-01 0.000000000000000000e+00 1.405495519723785947e+00
-6.890418200000003424e+01 8.747315917625347881e-01 0.000000000000000000e+00 1.511574805560095269e+00
-6.777522200000004204e+01 8.603995592331271647e-01 0.000000000000000000e+00 1.460215405140659950e+00
-6.886929800000002899e+01 8.742887429257681919e-01 0.000000000000000000e+00 1.410186187720033901e+00
-6.913352400000000841e+01 8.776430651578357445e-01 0.000000000000000000e+00 1.449650380359611024e+00
-6.899285000000003265e+01 8.758572230163590433e-01 0.000000000000000000e+00 1.697556253393195380e+00
-6.830092600000004666e+01 8.670733181163823300e-01 0.000000000000000000e+00 1.603196873334871375e+00
-6.852875000000004491e+01 8.699655206558698506e-01 0.000000000000000000e+00 1.314743358256967198e+00
-6.896773000000007414e+01 8.755383271678452983e-01 0.000000000000000000e+00 1.434326663376487287e+00
-6.966740600000004235e+01 8.844206429204365394e-01 0.000000000000000000e+00 1.689926816048552771e+00
-6.901318800000002796e+01 8.761154118605900543e-01 0.000000000000000000e+00 1.425986612718550539e+00
-6.894701400000002423e+01 8.752753396520077667e-01 0.000000000000000000e+00 1.527428013745904201e+00
-6.925007400000006896e+01 8.791226555696336487e-01 0.000000000000000000e+00 1.777061654803720137e+00
-6.879459000000004210e+01 8.733403324540005563e-01 0.000000000000000000e+00 1.458972372645011895e+00
-6.893985800000004360e+01 8.751844949588564182e-01 0.000000000000000000e+00 1.455685273259244017e+00
-6.934362200000001053e+01 8.803102379277865097e-01 0.000000000000000000e+00 1.403030142125652802e+00
-6.929009200000004398e+01 8.796306800149297223e-01 0.000000000000000000e+00 1.790687303389737917e+00
-6.884668600000004801e+01 8.740016858825119250e-01 0.000000000000000000e+00 1.494368287805921014e+00
-6.884280600000005279e+01 8.739524296766107980e-01 0.000000000000000000e+00 1.508844721600943961e+00
-6.893359800000007453e+01 8.751050248946967702e-01 0.000000000000000000e+00 1.484047965272107694e+00
-6.891931400000004260e+01 8.749236909655491168e-01 0.000000000000000000e+00 1.543359378340349419e+00
-6.895482000000006906e+01 8.753744360291382254e-01 0.000000000000000000e+00 1.530046439250334567e+00
-6.994779800000000591e+01 8.879801908804928479e-01 0.000000000000000000e+00 1.664506890426948882e+00
-6.864276600000005146e+01 8.714129421950501664e-01 0.000000000000000000e+00 1.363554473597841765e+00
-6.862209600000004173e+01 8.711505386445408394e-01 0.000000000000000000e+00 1.345146749376281647e+00
-6.935433400000003701e+01 8.804462256797488395e-01 0.000000000000000000e+00 1.298283652390588516e+00
-6.900978200000005813e+01 8.760721730365442772e-01 0.000000000000000000e+00 1.334707058721882778e+00
-6.918341000000005181e+01 8.782763628608214468e-01 0.000000000000000000e+00 1.478106242508100632e+00
-6.873101000000005456e+01 8.725331908119410285e-01 0.000000000000000000e+00 1.543618520512333836e+00
-6.959426400000003810e+01 8.834921126596071428e-01 0.000000000000000000e+00 1.827194996340156363e+00
-6.906865800000005606e+01 8.768195978763980714e-01 0.000000000000000000e+00 1.428521970159466470e+00
-6.889392600000003597e+01 8.746013928842559793e-01 0.000000000000000000e+00 1.568602400171000166e+00
-6.899180800000004865e+01 8.758439949321972229e-01 0.000000000000000000e+00 1.389901705388703279e+00
-6.885841800000002877e+01 8.741506224308702722e-01 0.000000000000000000e+00 1.551072828095626299e+00
-6.942361000000001070e+01 8.813256774632547419e-01 0.000000000000000000e+00 1.424418885834932924e+00
-6.871445800000000759e+01 8.723230648531582476e-01 0.000000000000000000e+00 1.414050998550268057e+00
-6.968302000000004170e+01 8.846188610644931671e-01 0.000000000000000000e+00 1.805380341248252085e+00
-6.925274600000001612e+01 8.791565763382329646e-01 0.000000000000000000e+00 1.332105013864761434e+00
-6.887067200000002742e+01 8.743061857162084394e-01 0.000000000000000000e+00 1.540488797809895338e+00
-6.900078800000008528e+01 8.759579951200821002e-01 0.000000000000000000e+00 1.582671705289265152e+00
-6.859444400000006681e+01 8.707994993132068817e-01 0.000000000000000000e+00 1.419986273821836509e+00
-6.941824200000004907e+01 8.812575312484931533e-01 0.000000000000000000e+00 1.493678148311554210e+00
-6.903672800000001075e+01 8.764142497695877054e-01 0.000000000000000000e+00 1.665198243913111886e+00
-6.911672600000005673e+01 8.774298162540409285e-01 0.000000000000000000e+00 1.432861475440671661e+00
-6.754606200000004890e+01 8.574903963093397641e-01 0.000000000000000000e+00 1.897559915066896474e+00
-6.797624800000005507e+01 8.629515638845380865e-01 0.000000000000000000e+00 1.850696476513038258e+00
-6.904523600000003114e+01 8.765222579654143864e-01 0.000000000000000000e+00 1.748830564848834479e+00
-6.877938400000006425e+01 8.731472938285028684e-01 0.000000000000000000e+00 1.588575266303460243e+00
-6.915123800000004906e+01 8.778679425885920207e-01 0.000000000000000000e+00 1.752532208656890633e+00
-6.894903600000002086e+01 8.753010087366294156e-01 0.000000000000000000e+00 1.570658491355993336e+00
-6.932970000000007360e+01 8.801334995518710347e-01 0.000000000000000000e+00 1.256128230120258094e+00
-6.924438800000000072e+01 8.790504723771704887e-01 0.000000000000000000e+00 1.526480467358912962e+00
-6.901665200000000766e+01 8.761593869887448482e-01 0.000000000000000000e+00 1.706879011794640855e+00
-6.908197200000005012e+01 8.769886177540699990e-01 0.000000000000000000e+00 1.815756711559044945e+00
-6.861622400000003097e+01 8.710759942009708157e-01 0.000000000000000000e+00 1.434393034984526860e+00
-6.848391400000002704e+01 8.693963321899464969e-01 0.000000000000000000e+00 1.629443647819150964e+00
-6.907048000000001764e+01 8.768427279813336694e-01 0.000000000000000000e+00 1.908760845483929547e+00
-6.825551000000007207e+01 8.664967666093712495e-01 0.000000000000000000e+00 1.508987413345904249e+00
-6.866578800000003469e+01 8.717052041466620826e-01 0.000000000000000000e+00 1.509013356922230154e+00
-6.899898399999997878e+01 8.759350935233164437e-01 0.000000000000000000e+00 1.907257427589403420e+00
-6.831078200000001743e+01 8.671984390352894811e-01 0.000000000000000000e+00 1.454361399543046662e+00
-6.973012800000003608e+01 8.852168923396448452e-01 0.000000000000000000e+00 1.604094675792252289e+00
-6.859289400000004377e+01 8.707798222206429850e-01 0.000000000000000000e+00 1.466800617424456998e+00
-6.839756399999996006e+01 8.683001277106776605e-01 0.000000000000000000e+00 1.591499656002019369e+00
-6.927351200000002507e+01 8.794201985989913428e-01 0.000000000000000000e+00 1.554215300743969408e+00
-6.955037400000003345e+01 8.829349335675970023e-01 0.000000000000000000e+00 1.648818768034322479e+00
-6.840175400000001105e+01 8.683533193350921886e-01 0.000000000000000000e+00 1.400812090832393331e+00
-6.999670000000006098e+01 8.886009968034254136e-01 0.000000000000000000e+00 1.460332421682879245e+00
-6.908971400000007179e+01 8.770869016577007571e-01 0.000000000000000000e+00 1.654989758765956553e+00
-6.989766800000002434e+01 8.873437956222915979e-01 0.000000000000000000e+00 1.244255302075677028e+00
-6.953760800000003428e+01 8.827728704942636728e-01 0.000000000000000000e+00 1.708293525252672307e+00
-6.932776000000005467e+01 8.801088714489202491e-01 0.000000000000000000e+00 1.402258190897594625e+00
-6.930201400000007084e+01 8.797820285939901286e-01 0.000000000000000000e+00 1.795777101701081957e+00
-6.931760000000004140e+01 8.799798912808903806e-01 0.000000000000000000e+00 1.147947291930472735e+00
-7.042661800000004746e+01 8.940587621458446765e-01 0.000000000000000000e+00 1.479806906894588492e+00
-7.018363200000005975e+01 8.909740795563901861e-01 0.000000000000000000e+00 1.521025098437486900e+00
-7.053221000000003471e+01 8.953992418606663284e-01 0.000000000000000000e+00 1.345422736427837274e+00
-7.000488600000002748e+01 8.887049172419575482e-01 0.000000000000000000e+00 1.455208414315608989e+00
-7.087130000000003349e+01 8.997039549686567383e-01 0.000000000000000000e+00 1.303788398119382297e+00
-7.050935200000004954e+01 8.951090618723965830e-01 0.000000000000000000e+00 1.172124021127905369e+00
-7.027674600000005967e+01 8.921561523286259954e-01 0.000000000000000000e+00 1.386702592149718249e+00
-6.975582000000005678e+01 8.855430496700603671e-01 0.000000000000000000e+00 1.461703227765679847e+00
-6.994801400000004321e+01 8.879829329785537961e-01 0.000000000000000000e+00 1.635153006217281435e+00
-7.099693400000005283e+01 9.012988658377750761e-01 0.000000000000000000e+00 1.339896281243025067e+00
-7.052824800000001915e+01 8.953489446730938939e-01 0.000000000000000000e+00 1.340032709722890791e+00
-7.139152200000002324e+01 9.063081204187288797e-01 0.000000000000000000e+00 1.107237965679656932e+00
-7.064526600000004919e+01 8.968344762973557982e-01 0.000000000000000000e+00 1.435867437131346902e+00
-7.056589800000006107e+01 8.958269075989130359e-01 0.000000000000000000e+00 1.247472269441794790e+00
-7.085854600000003245e+01 8.995420442341045542e-01 0.000000000000000000e+00 1.417292118005887946e+00
-7.078094200000002445e+01 8.985568693364887061e-01 0.000000000000000000e+00 1.253139471562474627e+00
-7.071126400000007095e+01 8.976723142038149916e-01 0.000000000000000000e+00 1.306415417365898168e+00
-7.076903200000003835e+01 8.984056730962101112e-01 0.000000000000000000e+00 1.235216080297800945e+00
-7.026333000000008155e+01 8.919858375713146659e-01 0.000000000000000000e+00 1.460418960331920202e+00
-7.073034600000003991e+01 8.979145582556199434e-01 0.000000000000000000e+00 1.187521447284896503e+00
-7.056778200000006507e+01 8.958508247875517361e-01 0.000000000000000000e+00 1.405097076367380238e+00
-7.036698200000003567e+01 8.933016891831853101e-01 0.000000000000000000e+00 1.139911712368971930e+00
-7.070416400000006263e+01 8.975821804249751734e-01 0.000000000000000000e+00 1.375021455371265633e+00
-7.072748800000002234e+01 8.978782762359120984e-01 0.000000000000000000e+00 1.435364532678973459e+00
-7.086598600000007764e+01 8.996364942784103036e-01 0.000000000000000000e+00 1.362195733204151660e+00
-7.034724000000004196e+01 8.930510664984174785e-01 0.000000000000000000e+00 1.399826014585780598e+00
-7.136656400000003941e+01 9.059912811437600411e-01 0.000000000000000000e+00 1.645416258747157912e+00
-7.081315400000006832e+01 8.989657974046558753e-01 0.000000000000000000e+00 1.240385581580960794e+00
-7.144302400000003672e+01 9.069619330775738897e-01 0.000000000000000000e+00 1.418892783665981039e+00
-7.162398800000001131e+01 9.092592526767194760e-01 0.000000000000000000e+00 1.317223165501326010e+00
-7.145965800000003298e+01 9.071731000180272009e-01 0.000000000000000000e+00 1.417518715689247255e+00
-7.127396800000003907e+01 9.048157843289100777e-01 0.000000000000000000e+00 1.431706853556695691e+00
-7.119751000000005092e+01 9.038451577848932716e-01 0.000000000000000000e+00 1.342924555106157491e+00
-7.050743800000000761e+01 8.950847638368046866e-01 0.000000000000000000e+00 1.393734344698414285e+00
-7.115524200000002963e+01 9.033085698181332335e-01 0.000000000000000000e+00 1.146108821422037627e+00
-7.160552400000005946e+01 9.090248540721432846e-01 0.000000000000000000e+00 1.095786605259740698e+00
-7.134994800000002613e+01 9.057803427114783368e-01 0.000000000000000000e+00 1.331759702175807636e+00
-7.133685200000005011e+01 9.056140903216639559e-01 0.000000000000000000e+00 1.196763233925895564e+00
-7.154972800000003019e+01 9.083165295194477462e-01 0.000000000000000000e+00 1.349177463604765981e+00
-7.065300400000000991e+01 8.969327094213920271e-01 0.000000000000000000e+00 1.454084156340757827e+00
-7.112776400000005594e+01 9.029597393991257714e-01 0.000000000000000000e+00 1.086852433416902297e+00
-7.246230200000003663e+01 9.199015637575888027e-01 0.000000000000000000e+00 1.388862184840817360e+00
-7.159686000000000661e+01 9.089148654721614928e-01 0.000000000000000000e+00 1.267854410116762365e+00
-7.207332800000001782e+01 9.149635783364099550e-01 0.000000000000000000e+00 1.172747941270218197e+00
-7.231843800000007150e+01 9.180752248901266066e-01 0.000000000000000000e+00 1.211494833781303404e+00
-7.193271800000005101e+01 9.131785486684327324e-01 0.000000000000000000e+00 1.401634337852232237e+00
-7.165737000000005708e+01 9.096830337760475338e-01 0.000000000000000000e+00 1.133150113665886582e+00
-7.210257400000000416e+01 9.153348533358385275e-01 0.000000000000000000e+00 1.415378330021676012e+00
-7.148742200000000935e+01 9.075255611779851073e-01 0.000000000000000000e+00 1.338077176405068069e+00
-7.206862800000003233e+01 9.149039123137979734e-01 0.000000000000000000e+00 1.286586278543874196e+00
-7.208685400000004506e+01 9.151352895325490788e-01 0.000000000000000000e+00 1.425550631692607650e+00
-7.219387600000005989e+01 9.164939229521232855e-01 0.000000000000000000e+00 1.246186682443280347e+00
-7.208090000000005659e+01 9.150597041073081916e-01 0.000000000000000000e+00 1.369038259642014532e+00
-7.207555200000003026e+01 9.149918117905142534e-01 0.000000000000000000e+00 1.177720293359123094e+00
-7.157179000000006397e+01 9.085966043685692606e-01 0.000000000000000000e+00 1.276154101512854577e+00
-7.132092400000004773e+01 9.054118859795008412e-01 0.000000000000000000e+00 1.387766576238688820e+00
-7.143336800000004416e+01 9.068393511383521233e-01 0.000000000000000000e+00 1.516826974869886380e+00
-7.279386400000002766e+01 9.241107096702122492e-01 0.000000000000000000e+00 1.396116232861936091e+00
-7.219007600000001901e+01 9.164456823380958683e-01 0.000000000000000000e+00 1.406534276918075976e+00
-7.225799800000004325e+01 9.173079452291307279e-01 0.000000000000000000e+00 1.461249651855035969e+00
-7.233535600000004706e+01 9.182899971817332085e-01 0.000000000000000000e+00 1.410888771705711919e+00
-7.219177600000006123e+01 9.164672636654241922e-01 0.000000000000000000e+00 1.306926367599671845e+00
-7.164215400000004763e+01 9.094898682015651881e-01 0.000000000000000000e+00 1.100408236406615003e+00
-7.162051600000005180e+01 9.092151759893776219e-01 0.000000000000000000e+00 1.373856498227238987e+00
-7.218947800000006509e+01 9.164380907888364236e-01 0.000000000000000000e+00 1.268326499052188527e+00
-7.222309400000003166e+01 9.168648424943955932e-01 0.000000000000000000e+00 1.217797462537023812e+00
-7.220646000000003539e+01 9.166536755539423931e-01 0.000000000000000000e+00 1.357436156878105260e+00
-7.213522800000002633e+01 9.157493925491105857e-01 0.000000000000000000e+00 1.405337549019034515e+00
-7.201164800000003652e+01 9.141805570013639137e-01 0.000000000000000000e+00 1.333256002642335458e+00
-7.178771000000000413e+01 9.113376868371676487e-01 0.000000000000000000e+00 1.184258135720503757e+00
-7.274212200000005168e+01 9.234538502357448886e-01 0.000000000000000000e+00 1.218203063099684957e+00
-7.181785800000008635e+01 9.117204126349796045e-01 0.000000000000000000e+00 1.313652223489454540e+00
-7.184313600000002964e+01 9.120413142774448367e-01 0.000000000000000000e+00 1.525588079988179135e+00
-7.212299800000002392e+01 9.155941339413345981e-01 0.000000000000000000e+00 1.381714902691286939e+00
-7.205429400000001294e+01 9.147219436397291403e-01 0.000000000000000000e+00 1.200937881455635958e+00
-7.163103000000003817e+01 9.093486501514506104e-01 0.000000000000000000e+00 1.522149384451426668e+00
-7.112741000000005442e+01 9.029552454050822075e-01 0.000000000000000000e+00 1.407805013006582229e+00
-7.171583200000007707e+01 9.104252029279523706e-01 0.000000000000000000e+00 1.455836271657890535e+00
-7.209120800000003726e+01 9.151905631203050007e-01 0.000000000000000000e+00 1.467606810504224590e+00
-7.167379400000005774e+01 9.098915347878309134e-01 0.000000000000000000e+00 1.673037070587378050e+00
-7.131868600000007063e+01 9.053834747968190211e-01 0.000000000000000000e+00 1.535378907797385617e+00
-7.173046200000004546e+01 9.106109292919553067e-01 0.000000000000000000e+00 1.390130469480393316e+00
-7.150191400000001352e+01 9.077095356460054276e-01 0.000000000000000000e+00 1.218917629240273470e+00
-7.255552400000003388e+01 9.210850075788548086e-01 0.000000000000000000e+00 1.237997839387157795e+00
-7.186381800000006592e+01 9.123038701667356420e-01 0.000000000000000000e+00 1.233773099351265223e+00
-7.237308400000006259e+01 9.187689503096293508e-01 0.000000000000000000e+00 1.208956121445190268e+00
-7.184644800000003784e+01 9.120833597810389382e-01 0.000000000000000000e+00 1.589983107240164673e+00
-7.268651399999998830e+01 9.227479123239533676e-01 0.000000000000000000e+00 1.178321593273990775e+00
-7.253651200000004451e+01 9.208436521699395749e-01 0.000000000000000000e+00 1.153523130405194053e+00
-7.166455600000007564e+01 9.097742593161521896e-01 0.000000000000000000e+00 1.455410433022071626e+00
-7.173390000000004818e+01 9.106545743527512116e-01 0.000000000000000000e+00 1.506102946700724310e+00
-7.146067000000005009e+01 9.071859472552367132e-01 0.000000000000000000e+00 1.360359135105374984e+00
-7.149921600000001831e+01 9.076752848100464455e-01 0.000000000000000000e+00 1.173795694603923856e+00
-7.183840800000004378e+01 9.119812927976769235e-01 0.000000000000000000e+00 9.856149160618643545e-01
-7.165834200000004728e+01 9.096953732173195251e-01 0.000000000000000000e+00 1.348289591917376740e+00
-7.190014000000000749e+01 9.127649742674409650e-01 0.000000000000000000e+00 1.323891619812627152e+00
-7.210956800000006695e+01 9.154236414554455248e-01 0.000000000000000000e+00 1.348960683576190922e+00
-7.213583400000003110e+01 9.157570856575580898e-01 0.000000000000000000e+00 1.311300935667640166e+00
-7.176756200000004071e+01 9.110819100236384749e-01 0.000000000000000000e+00 1.210212559239663088e+00
-7.208059800000002326e+01 9.150558702479824058e-01 0.000000000000000000e+00 1.490722659948807927e+00
-7.180509600000006287e+01 9.115584003412396941e-01 0.000000000000000000e+00 1.406145514110301420e+00
-7.191725000000002410e+01 9.129821839795463356e-01 0.000000000000000000e+00 1.309014623426123070e+00
-7.168295800000007034e+01 9.100078708370263891e-01 0.000000000000000000e+00 1.443038654863515013e+00
-7.127472800000002451e+01 9.048254324517153169e-01 0.000000000000000000e+00 1.430372485928406157e+00
-7.223077400000006776e+01 9.169623393143240264e-01 0.000000000000000000e+00 1.390166081395538544e+00
-7.229653400000002250e+01 9.177971558349564685e-01 0.000000000000000000e+00 1.379341616055217212e+00
-7.200008600000003867e+01 9.140337785857380881e-01 0.000000000000000000e+00 1.160110184336823780e+00
-7.230005000000006987e+01 9.178417910978303729e-01 0.000000000000000000e+00 1.413995163043745951e+00
-7.226142400000004784e+01 9.173514379511455985e-01 0.000000000000000000e+00 1.140513483251639926e+00
-7.173239800000004607e+01 9.106355066153121181e-01 0.000000000000000000e+00 1.166521484471388703e+00
-7.106738400000006095e+01 9.021932214320360632e-01 0.000000000000000000e+00 1.155285832900676546e+00
-7.264856000000001757e+01 9.222660901490129515e-01 0.000000000000000000e+00 1.386637933560119551e+00
-7.247603600000000768e+01 9.200759154926002603e-01 0.000000000000000000e+00 1.311125179634158755e+00
-7.197486200000001588e+01 9.137135624677868995e-01 0.000000000000000000e+00 1.300901990949573817e+00
-7.246295600000001969e+01 9.199098662211606658e-01 0.000000000000000000e+00 1.365663089493174276e+00
-7.184776000000006491e+01 9.121000154877769717e-01 0.000000000000000000e+00 1.426763546979631814e+00
-7.219087000000001808e+01 9.164557620874478339e-01 0.000000000000000000e+00 1.352709388448220196e+00
-7.181970800000007671e+01 9.117438981970714673e-01 0.000000000000000000e+00 1.336209094331324065e+00
-7.089596400000006327e+01 9.000170619434881836e-01 0.000000000000000000e+00 1.353664786214956228e+00
-7.211577400000004445e+01 9.155024259950902410e-01 0.000000000000000000e+00 1.220316882726231844e+00
-7.101412200000000041e+01 9.015170657519568920e-01 0.000000000000000000e+00 1.560374254225082691e+00
-7.408674000000003446e+01 9.405236391703634125e-01 0.000000000000000000e+00 9.218698983560259519e-01
-7.420286600000000021e+01 9.419978469452265912e-01 0.000000000000000000e+00 9.502745058182295868e-01
-7.436650800000002448e+01 9.440752655138009430e-01 0.000000000000000000e+00 1.003802498349615435e+00
-7.457012400000003538e+01 9.466601499521406504e-01 0.000000000000000000e+00 9.683091136719731429e-01
-7.355558200000005797e+01 9.337806423110815990e-01 0.000000000000000000e+00 1.148745975240967665e+00
-7.444170000000009679e+01 9.450298203164089195e-01 0.000000000000000000e+00 1.126573267600793349e+00
-7.362636400000003789e+01 9.346792126116203470e-01 0.000000000000000000e+00 1.293713337919614847e+00
-7.430596400000007407e+01 9.433066655833696190e-01 0.000000000000000000e+00 9.567946130806765925e-01
-7.411766800000002320e+01 9.409162669889481467e-01 0.000000000000000000e+00 1.076404895927065342e+00
-7.422430400000007467e+01 9.422700001777295498e-01 0.000000000000000000e+00 1.022259637888812467e+00
-7.364452000000002840e+01 9.349097011874811791e-01 0.000000000000000000e+00 1.074915460335689188e+00
-7.394959400000006156e+01 9.387825846305412059e-01 0.000000000000000000e+00 9.627877823814701141e-01
-7.334641200000001504e+01 9.311252504068716629e-01 0.000000000000000000e+00 1.051420825636347089e+00
-7.442659400000006542e+01 9.448380511807533688e-01 0.000000000000000000e+00 8.525556605331237048e-01
-7.380915400000000659e+01 9.369997130952956166e-01 0.000000000000000000e+00 1.033770844956863888e+00
-7.422843400000003555e+01 9.423224301082371301e-01 0.000000000000000000e+00 1.029121754850741199e+00
-7.436778800000003287e+01 9.440915149837890707e-01 0.000000000000000000e+00 1.236962778832970011e+00
-7.432851800000004516e+01 9.435929863225169800e-01 0.000000000000000000e+00 9.974431567692763068e-01
-7.403852200000007144e+01 9.399115165579569053e-01 0.000000000000000000e+00 1.021527803661028910e+00
-7.462614000000000658e+01 9.473712673824897790e-01 0.000000000000000000e+00 8.984939702332195299e-01
-7.384310400000002517e+01 9.374307048969304779e-01 0.000000000000000000e+00 1.160065652436807815e+00
-7.435818000000006123e+01 9.439695423996919965e-01 0.000000000000000000e+00 9.838681411611617245e-01
-7.435716000000006431e+01 9.439565936032954241e-01 0.000000000000000000e+00 1.030311264530376691e+00
-7.436780800000005343e+01 9.440917688817578313e-01 0.000000000000000000e+00 8.850047765299390301e-01
-7.424384000000003425e+01 9.425180077134207579e-01 0.000000000000000000e+00 9.754961880649735129e-01
-7.460408400000005713e+01 9.470912687027598365e-01 0.000000000000000000e+00 1.039926525835048521e+00
-7.482271999999998968e+01 9.498668305154889246e-01 0.000000000000000000e+00 1.168697971542206782e+00
-7.456513800000006142e+01 9.465968531885784465e-01 0.000000000000000000e+00 9.699543434824152710e-01
-7.400008800000006204e+01 9.394236008317705666e-01 0.000000000000000000e+00 9.994802290887974117e-01
-7.466149800000002301e+01 9.478201336011113920e-01 0.000000000000000000e+00 1.025183509759509892e+00
-7.341296400000001654e+01 9.319701212870598050e-01 0.000000000000000000e+00 1.103457792991255459e+00
-7.419229200000002322e+01 9.418636110892479874e-01 0.000000000000000000e+00 9.768591199028519023e-01
-7.381946800000004316e+01 9.371306482776836644e-01 0.000000000000000000e+00 8.394003180337439307e-01
-7.472656400000002463e+01 9.486461398622353380e-01 0.000000000000000000e+00 1.000825941084400039e+00
-7.414401400000004116e+01 9.412507267829355317e-01 0.000000000000000000e+00 1.044911598698640809e+00
-7.457070000000004484e+01 9.466674622136354023e-01 0.000000000000000000e+00 9.531939027090010619e-01
-7.397218200000006050e+01 9.390693369962355153e-01 0.000000000000000000e+00 9.858245919723114259e-01
-7.432132800000000827e+01 9.435017100028183501e-01 0.000000000000000000e+00 9.243508877328595608e-01
-7.437785400000005609e+01 9.442193018313668196e-01 0.000000000000000000e+00 1.066703665591273165e+00
-7.432782200000004025e+01 9.435841506732109973e-01 0.000000000000000000e+00 1.146111018260350223e+00
-7.458768400000005272e+01 9.468830723685386364e-01 0.000000000000000000e+00 9.077495089806139061e-01
-7.414823800000003473e+01 9.413043500338957870e-01 0.000000000000000000e+00 9.352551252190415276e-01
-7.413282600000000855e+01 9.411086962593213645e-01 0.000000000000000000e+00 9.277352024052007984e-01
-7.467485200000000134e+01 9.479896612747201745e-01 0.000000000000000000e+00 9.276004654652311165e-01
-7.489007000000003700e+01 9.507218319246232285e-01 0.000000000000000000e+00 1.113238993054306292e+00
-7.445305600000004631e+01 9.451739835829578995e-01 0.000000000000000000e+00 9.386292610832120964e-01
-7.464147600000002569e+01 9.475659563447835776e-01 0.000000000000000000e+00 9.552799891131387167e-01
-7.420691000000003612e+01 9.420491851144703332e-01 0.000000000000000000e+00 8.558644560745098939e-01
-7.432093400000003669e+01 9.434967082128380422e-01 0.000000000000000000e+00 8.792912315856646899e-01
-7.449120200000001546e+01 9.456582431783965292e-01 0.000000000000000000e+00 1.001197763285596620e+00
-7.420741800000004673e+01 9.420556341228719655e-01 0.000000000000000000e+00 9.592624511455554170e-01
-7.422419000000007827e+01 9.422685529593087805e-01 0.000000000000000000e+00 9.622712846975811640e-01
-7.331450400000005629e+01 9.307201815878278772e-01 0.000000000000000000e+00 1.171345421534354614e+00
-7.456046200000007218e+01 9.465374918435286444e-01 0.000000000000000000e+00 8.056325014734097012e-01
-7.395497600000003047e+01 9.388509085738808713e-01 0.000000000000000000e+00 1.199634314408799529e+00
-7.431985600000004411e+01 9.434830231123326749e-01 0.000000000000000000e+00 8.589876912983218649e-01
-7.407969800000003602e+01 9.404342416956326112e-01 0.000000000000000000e+00 9.408389454141876662e-01
-7.431205200000003686e+01 9.433839521249994808e-01 0.000000000000000000e+00 9.984342063147654267e-01
-7.393443200000002946e+01 9.385901045805736809e-01 0.000000000000000000e+00 1.011450183904878619e+00
-7.443472800000002110e+01 9.449413114845670592e-01 0.000000000000000000e+00 8.290303385512396428e-01
-7.425231600000005017e+01 9.426256096724976441e-01 0.000000000000000000e+00 9.884468621718486281e-01
-7.463892600000006894e+01 9.475335843537924241e-01 0.000000000000000000e+00 9.038342999363410124e-01
-7.338895000000005098e+01 9.316652659962074701e-01 0.000000000000000000e+00 8.837548333986947613e-01
-7.427076200000003325e+01 9.428597797689024507e-01 0.000000000000000000e+00 1.063149560141132266e+00
-7.422951800000005562e+01 9.423361913781335142e-01 0.000000000000000000e+00 9.691974620689057796e-01
-7.455601400000000467e+01 9.464810249353196037e-01 0.000000000000000000e+00 8.975707989880010729e-01
-7.428518800000004774e+01 9.430429163736266940e-01 0.000000000000000000e+00 1.129685055179074915e+00
-7.434317200000003822e+01 9.437790173640825397e-01 0.000000000000000000e+00 1.043603643953357807e+00
-7.412263800000002334e+01 9.409793606341358974e-01 0.000000000000000000e+00 9.223412553218508503e-01
-7.417007800000001794e+01 9.415816066155656694e-01 0.000000000000000000e+00 9.487928295737192430e-01
-7.450406400000005647e+01 9.458215249619794651e-01 0.000000000000000000e+00 1.066683296794605162e+00
-7.484639000000001374e+01 9.501673187612827975e-01 0.000000000000000000e+00 9.045669065270064424e-01
-7.441657000000003563e+01 9.447107975189095175e-01 0.000000000000000000e+00 8.953035507467830278e-01
-7.421588000000005536e+01 9.421630583533707748e-01 0.000000000000000000e+00 1.056606049308039585e+00
-7.421961000000000297e+01 9.422104103245070306e-01 0.000000000000000000e+00 1.190803844748020035e+00
-7.433156200000006208e+01 9.436316295933324660e-01 0.000000000000000000e+00 1.070412420356063432e+00
-7.415023600000004933e+01 9.413297144409553674e-01 0.000000000000000000e+00 9.553408320372246409e-01
-7.467975400000007369e+01 9.480518916668156937e-01 0.000000000000000000e+00 8.348150651576318193e-01
-7.452600200000003383e+01 9.461000256436952194e-01 0.000000000000000000e+00 1.041075695244243038e+00
-7.451935800000006793e+01 9.460156807385392552e-01 0.000000000000000000e+00 9.049789641151385622e-01
-7.428542400000002033e+01 9.430459123696554036e-01 0.000000000000000000e+00 9.819082354540704660e-01
-7.418020600000004094e+01 9.417101805468459652e-01 0.000000000000000000e+00 8.264575715300778169e-01
-7.408615999999999246e+01 9.405162761292745754e-01 0.000000000000000000e+00 1.153540160820706761e+00
-7.464594600000006608e+01 9.476227025407578664e-01 0.000000000000000000e+00 9.759128123231938234e-01
-7.445457600000004561e+01 9.451932798285687110e-01 0.000000000000000000e+00 1.052633413902791748e+00
-7.409634600000003957e+01 9.406455863646639992e-01 0.000000000000000000e+00 1.074500477357931860e+00
-7.346307400000004861e+01 9.326062626472931827e-01 0.000000000000000000e+00 1.138440569297414662e+00
-7.463423400000006325e+01 9.474740198903677246e-01 0.000000000000000000e+00 9.717787049311050751e-01
-7.414667400000006126e+01 9.412844952127545906e-01 0.000000000000000000e+00 8.473659568166029832e-01
-7.469556800000007968e+01 9.482526487905580392e-01 0.000000000000000000e+00 9.522178613801107749e-01
-7.436000600000006955e+01 9.439927232842219018e-01 0.000000000000000000e+00 1.075994488159440321e+00
-7.459064800000005846e+01 9.469207000474796354e-01 0.000000000000000000e+00 1.055287555093564089e+00
-7.427388400000003799e+01 9.428994132417951590e-01 0.000000000000000000e+00 1.065331773116770631e+00
-7.433236400000006938e+01 9.436418109018718248e-01 0.000000000000000000e+00 1.009380438586968021e+00
-7.462959000000003584e+01 9.474150647820671622e-01 0.000000000000000000e+00 9.715025215582004936e-01
-7.458283800000006636e+01 9.468215528907562017e-01 0.000000000000000000e+00 9.674020553643820630e-01
-7.461007000000002165e+01 9.471672603647500743e-01 0.000000000000000000e+00 1.057091700914076338e+00
-7.422198200000008228e+01 9.422405226235794906e-01 0.000000000000000000e+00 8.865237383525761405e-01
-7.473181600000005176e+01 9.487128134687801140e-01 0.000000000000000000e+00 9.652265601757373803e-01
-7.447036000000005629e+01 9.453936561053581933e-01 0.000000000000000000e+00 8.407455421628273751e-01
-7.434777800000001946e+01 9.438374900662422906e-01 0.000000000000000000e+00 1.015240528954751031e+00
-7.431612000000006901e+01 9.434355949718055134e-01 0.000000000000000000e+00 9.125099633052302650e-01
-7.407637000000001137e+01 9.403919930736636124e-01 0.000000000000000000e+00 1.090193901528207165e+00
-7.469641600000004189e+01 9.482634140644246035e-01 0.000000000000000000e+00 9.282995039502838219e-01
-7.428169600000003925e+01 9.429985857883156353e-01 0.000000000000000000e+00 9.221696105873956606e-01
-7.464048400000005756e+01 9.475533630055433809e-01 0.000000000000000000e+00 1.041319112221987586e+00
-7.465252800000006062e+01 9.477062603622116166e-01 0.000000000000000000e+00 9.983439663601303415e-01
-7.432180800000006116e+01 9.435078035540646058e-01 0.000000000000000000e+00 9.090854744936547327e-01
-7.410518800000004092e+01 9.407578346565654837e-01 0.000000000000000000e+00 1.030969260069416471e+00
-7.427747200000003147e+01 9.429449625373551580e-01 0.000000000000000000e+00 8.475042664390091129e-01
-7.391143200000007596e+01 9.382981219167275677e-01 0.000000000000000000e+00 8.847535783025644029e-01
-7.437804800000003524e+01 9.442217646416615207e-01 0.000000000000000000e+00 8.510361637534334944e-01
-7.438025600000003124e+01 9.442497949773908106e-01 0.000000000000000000e+00 1.025106152504720036e+00
-7.455681400000003123e+01 9.464911808540623639e-01 0.000000000000000000e+00 9.556592952987530420e-01
-7.467301800000005585e+01 9.479663788310036532e-01 0.000000000000000000e+00 9.085670632152563764e-01
-7.447757400000006101e+01 9.454852371026187807e-01 0.000000000000000000e+00 8.183959144891456150e-01
-7.463670200000004229e+01 9.475053508996880147e-01 0.000000000000000000e+00 9.423028162813249509e-01
-7.472229200000003857e+01 9.485919072561505017e-01 0.000000000000000000e+00 1.009599672805658432e+00
-7.495407600000005743e+01 9.515343815934136362e-01 0.000000000000000000e+00 8.722597309322838166e-01
-7.489820400000003531e+01 9.508250922284375850e-01 0.000000000000000000e+00 8.326705344695086719e-01
-7.430452200000001994e+01 9.432883595398355858e-01 0.000000000000000000e+00 1.049845382322481591e+00
-7.443304000000007647e+01 9.449198824960211018e-01 0.000000000000000000e+00 1.000416923996282126e+00
-7.424123600000000067e+01 9.424849501979134514e-01 0.000000000000000000e+00 9.110644884558134482e-01
-7.479355600000003790e+01 9.494965964977318817e-01 0.000000000000000000e+00 9.525299639307206467e-01
-7.492750600000003658e+01 9.511970781421782428e-01 0.000000000000000000e+00 8.572227316636011896e-01
-7.496059000000005312e+01 9.516170761617742668e-01 0.000000000000000000e+00 9.944119746123964987e-01
-7.482462600000003761e+01 9.498910269918935390e-01 0.000000000000000000e+00 7.646565879523887777e-01
-7.479504800000009368e+01 9.495155372861874277e-01 0.000000000000000000e+00 8.648794692086209102e-01
-7.463290400000003899e+01 9.474571356754579732e-01 0.000000000000000000e+00 9.457422142113638408e-01
-7.482147400000003756e+01 9.498510126720480784e-01 0.000000000000000000e+00 8.612152051724371038e-01
-7.543013800000005631e+01 9.575779403289002012e-01 0.000000000000000000e+00 9.852464679367384237e-01
-7.465654600000004848e+01 9.477572684640956924e-01 0.000000000000000000e+00 8.545324292325605642e-01
-7.492613000000005741e+01 9.511796099619413969e-01 0.000000000000000000e+00 1.043283614799489722e+00
-7.481157200000004082e+01 9.497253077878129446e-01 0.000000000000000000e+00 1.146597842902861153e+00
-7.504358600000006163e+01 9.526707019517144381e-01 0.000000000000000000e+00 9.712592472963054169e-01
-7.490582600000007574e+01 9.509218527442571123e-01 0.000000000000000000e+00 8.776424382504423027e-01
-7.448505800000008037e+01 9.455802457224550261e-01 0.000000000000000000e+00 1.101018792230379129e+00
-7.479348200000003999e+01 9.494956570752483005e-01 0.000000000000000000e+00 9.356940862841173212e-01
-7.422856200000003923e+01 9.423240550552359762e-01 0.000000000000000000e+00 1.060909325115568347e+00
-7.491414200000005508e+01 9.510274235195851356e-01 0.000000000000000000e+00 9.495811994662687328e-01
-7.449116600000006372e+01 9.456577861620537595e-01 0.000000000000000000e+00 9.123119681979245943e-01
-7.474032800000004784e+01 9.488208724442002140e-01 0.000000000000000000e+00 9.383598678717687269e-01
-7.502386400000006006e+01 9.524203331649151449e-01 0.000000000000000000e+00 9.443970060062326644e-01
-7.524456800000004364e+01 9.552221480275941978e-01 0.000000000000000000e+00 9.230656344108489897e-01
-7.448834600000003547e+01 9.456219865484860598e-01 0.000000000000000000e+00 1.098188676124315810e+00
-7.494440600000001496e+01 9.514116219256131268e-01 0.000000000000000000e+00 8.228939661703663644e-01
-7.488136000000001502e+01 9.506112593593141202e-01 0.000000000000000000e+00 9.087747351197213996e-01
-7.506049600000007160e+01 9.528853726841340910e-01 0.000000000000000000e+00 8.770425328501929574e-01
-7.507801000000004876e+01 9.531077111352038722e-01 0.000000000000000000e+00 8.428770653978774341e-01
-7.488828200000008906e+01 9.506991334462344678e-01 0.000000000000000000e+00 9.522556303489693175e-01
-7.488935000000000741e+01 9.507126915977546222e-01 0.000000000000000000e+00 8.316522274206555876e-01
-7.495961800000000608e+01 9.516047367205016094e-01 0.000000000000000000e+00 1.008683123939928095e+00
-7.487529800000004343e+01 9.505343028850431475e-01 0.000000000000000000e+00 7.312044738800643762e-01
-7.489572600000003888e+01 9.507936342701327481e-01 0.000000000000000000e+00 9.888206429700168165e-01
-7.544231600000004789e+01 9.577325388019576335e-01 0.000000000000000000e+00 8.335180033830320578e-01
-7.531239000000005035e+01 9.560831414287860319e-01 0.000000000000000000e+00 7.839477695315774097e-01
-7.525878600000004326e+01 9.554026440934452191e-01 0.000000000000000000e+00 8.337079047898555695e-01
-7.561486800000008657e+01 9.599230689155267005e-01 0.000000000000000000e+00 7.445701422588979490e-01
-7.548226600000006670e+01 9.582396999941612536e-01 0.000000000000000000e+00 8.596255501723355508e-01
-7.534050600000006170e+01 9.564400711929911258e-01 0.000000000000000000e+00 7.456874084190695529e-01
-7.487408000000004904e+01 9.505188404987577888e-01 0.000000000000000000e+00 9.581811114941904961e-01
-7.544221800000003952e+01 9.577312947019116507e-01 0.000000000000000000e+00 7.546466562798412880e-01
-7.541033600000004355e+01 9.573265559502264210e-01 0.000000000000000000e+00 8.745273267060075240e-01
-7.561870799999999804e+01 9.599718173254895293e-01 0.000000000000000000e+00 8.640426726368169996e-01
-7.578333600000006243e+01 9.620617530639145043e-01 0.000000000000000000e+00 7.639666420767741162e-01
-7.561000600000004113e+01 9.598613463193685913e-01 0.000000000000000000e+00 7.878713023422959649e-01
-7.593450000000008515e+01 9.639807646899027915e-01 0.000000000000000000e+00 7.866285771466984267e-01
-7.573126800000007108e+01 9.614007550925594003e-01 0.000000000000000000e+00 6.271144281838555434e-01
-7.563165399999998328e+01 9.601361654805398160e-01 0.000000000000000000e+00 7.951790268432086251e-01
-7.606361000000005390e+01 9.656198030259567355e-01 0.000000000000000000e+00 6.019892286529228143e-01
-7.542754200000004516e+01 9.575449843725806209e-01 0.000000000000000000e+00 7.452935021042303987e-01
-7.563754600000008566e+01 9.602109638220795995e-01 0.000000000000000000e+00 7.273892653298998923e-01
-7.562096400000008600e+01 9.600004570163445106e-01 0.000000000000000000e+00 8.912123706502280696e-01
-7.600121600000001365e+01 9.648277175334322164e-01 0.000000000000000000e+00 8.524689607454000173e-01
-7.609043200000003537e+01 9.659603055915954029e-01 0.000000000000000000e+00 7.798537473452860080e-01
-7.583603200000003142e+01 9.627307234314822493e-01 0.000000000000000000e+00 8.589257517658119845e-01
-7.583035600000006582e+01 9.626586671880046353e-01 0.000000000000000000e+00 6.996639826012882590e-01
-7.598089200000003984e+01 9.645697064177795044e-01 0.000000000000000000e+00 7.514786535917314936e-01
-7.561360000000006210e+01 9.599069717843196070e-01 0.000000000000000000e+00 8.104521616126559858e-01
-7.566180600000006962e+01 9.605189420579455239e-01 0.000000000000000000e+00 7.546135351545080194e-01
-7.574211400000004346e+01 9.615384439609104827e-01 0.000000000000000000e+00 7.355993794687075704e-01
-7.580431400000001929e+01 9.623280666431390795e-01 0.000000000000000000e+00 7.060456569521622594e-01
-7.576537200000001349e+01 9.618337019085512196e-01 0.000000000000000000e+00 7.827827434547252050e-01
-7.564594000000006702e+01 9.603175247994849562e-01 0.000000000000000000e+00 8.542022841354512952e-01
-7.540751400000006299e+01 9.572907309468624559e-01 0.000000000000000000e+00 8.640973290928830597e-01
-7.605590400000004081e+01 9.655219761386694133e-01 0.000000000000000000e+00 7.275593346513974380e-01
-7.587170000000000414e+01 9.631835250686160421e-01 0.000000000000000000e+00 7.550544155920492218e-01
-7.607969600000005528e+01 9.658240131620714486e-01 0.000000000000000000e+00 7.079548427532486032e-01
-7.597304600000008179e+01 9.644701022447129679e-01 0.000000000000000000e+00 7.223501827711367174e-01
-7.564336600000001454e+01 9.602848481309302908e-01 0.000000000000000000e+00 9.517467717939487315e-01
-7.520645000000003222e+01 9.547382438893110557e-01 0.000000000000000000e+00 8.394692105458939624e-01
-7.565418400000008603e+01 9.604221815421265518e-01 0.000000000000000000e+00 7.710091001205408023e-01
-7.592254200000000708e+01 9.638289590944983942e-01 0.000000000000000000e+00 6.612869951355121456e-01
-7.584254200000005142e+01 9.628133672202495719e-01 0.000000000000000000e+00 7.573717928214755979e-01
-7.564122400000003665e+01 9.602576556584975220e-01 0.000000000000000000e+00 7.560444032067183961e-01
-7.591375200000005918e+01 9.637173709373159092e-01 0.000000000000000000e+00 7.659733445371422755e-01
-7.567608600000004060e+01 9.607002252074986481e-01 0.000000000000000000e+00 7.830734750180007309e-01
-7.599326000000002068e+01 9.647267169215382188e-01 0.000000000000000000e+00 6.039186128188891445e-01
-7.612784600000003365e+01 9.664352725213849471e-01 0.000000000000000000e+00 7.179602306619224938e-01
-7.593069200000005026e+01 9.639324225166880922e-01 0.000000000000000000e+00 7.067379920665812776e-01
-7.569571999999998013e+01 9.609494768432355061e-01 0.000000000000000000e+00 6.603723657256872492e-01
-7.592795000000003824e+01 9.638976131051980589e-01 0.000000000000000000e+00 6.866047700111173047e-01
-7.589702600000001098e+01 9.635050360662066327e-01 0.000000000000000000e+00 7.860781885468465235e-01
-7.582823400000002323e+01 9.626317286135396278e-01 0.000000000000000000e+00 7.330641715705416006e-01
-7.608422000000005880e+01 9.658814448825602250e-01 0.000000000000000000e+00 6.242867759178142295e-01
-7.596422200000006342e+01 9.643580824609830904e-01 0.000000000000000000e+00 6.496796462437730568e-01
-7.614678800000005765e+01 9.666757392874106847e-01 0.000000000000000000e+00 7.642992442780779383e-01
-7.630378400000006422e+01 9.686687875610315857e-01 0.000000000000000000e+00 6.899156093496093822e-01
-7.610687400000000480e+01 9.661690351115501674e-01 0.000000000000000000e+00 6.696431847429850093e-01
-7.590827400000006264e+01 9.636478282837267484e-01 0.000000000000000000e+00 8.042057260565989019e-01
-7.630064600000001462e+01 9.686289509697635358e-01 0.000000000000000000e+00 7.328316387765474449e-01
-7.606593800000001693e+01 9.656493567494969232e-01 0.000000000000000000e+00 6.906972630961302206e-01
-7.597802000000005762e+01 9.645332466694941376e-01 0.000000000000000000e+00 6.176459215800305103e-01
-7.581937800000001459e+01 9.625193025930601776e-01 0.000000000000000000e+00 6.974498777950745021e-01
-7.624004000000006442e+01 9.678595639556296648e-01 0.000000000000000000e+00 8.378444994463620787e-01
-7.602083800000008296e+01 9.650768168303895944e-01 1.000000000000000048e-04 6.758180083125904236e-01
-7.600903600000003735e+01 9.649269916391404189e-01 0.000000000000000000e+00 7.843447718415369474e-01
-7.615302400000004468e+01 9.667549046740082641e-01 0.000000000000000000e+00 6.568995921491024292e-01
-7.637512600000002294e+01 9.695744670046898550e-01 0.000000000000000000e+00 6.850621699458445679e-01
-7.618131200000000547e+01 9.671140179607423670e-01 0.000000000000000000e+00 7.268053247304714359e-01
-7.624065600000008658e+01 9.678673840130616046e-01 0.000000000000000000e+00 6.871569230039983323e-01
-7.631916000000002498e+01 9.688639843192617951e-01 0.000000000000000000e+00 7.036530871606458959e-01
-7.659183800000006670e+01 9.723256038328446094e-01 0.000000000000000000e+00 5.990660358500479177e-01
-7.602928200000000913e+01 9.651840125527156866e-01 0.000000000000000000e+00 6.418227560454498049e-01
-7.634072000000001879e+01 9.691376863293719168e-01 0.000000000000000000e+00 5.824142508523977302e-01
-7.628042000000004919e+01 9.683721839541568066e-01 0.000000000000000000e+00 7.227471393750014572e-01
-7.656091200000001606e+01 9.719330014040560295e-01 0.000000000000000000e+00 5.987042299884484109e-01
-7.634829800000002820e+01 9.692338882696602820e-01 0.000000000000000000e+00 6.351529748100857020e-01
-7.680746200000005786e+01 9.750629286115088945e-01 0.000000000000000000e+00 6.466604940005310498e-01
-7.673672400000000948e+01 9.741649168865000874e-01 0.000000000000000000e+00 6.627093399954246955e-01
-7.709969400000002793e+01 9.787727841689541908e-01 0.000000000000000000e+00 5.863144903375651085e-01
-7.691726200000002223e+01 9.764568284589157932e-01 0.000000000000000000e+00 5.998387700512245457e-01
-7.712922600000004536e+01 9.791476899093336517e-01 0.000000000000000000e+00 5.017742650381207259e-01
-7.697656400000006727e+01 9.772096613255005781e-01 0.000000000000000000e+00 4.870006503469828663e-01
-7.694006400000006352e+01 9.767462975328742303e-01 0.000000000000000000e+00 5.808507281461218197e-01
-7.705302200000002699e+01 9.781802878695171621e-01 0.000000000000000000e+00 5.153814724428633642e-01
-7.677911200000002623e+01 9.747030282410713564e-01 0.000000000000000000e+00 5.642547582234267445e-01
-7.714826800000005846e+01 9.793894261652019706e-01 1.000000000000000048e-04 5.174307329586262938e-01
-7.688652000000003284e+01 9.760665618914386998e-01 0.000000000000000000e+00 5.769395619835914202e-01
-7.700754600000003336e+01 9.776029746686001332e-01 0.000000000000000000e+00 5.352054036771803913e-01
-7.718586599999997588e+01 9.798667289563013361e-01 0.000000000000000000e+00 4.455673301545016729e-01
-7.716914800000004959e+01 9.796544956443810070e-01 1.000000000000000048e-04 4.797009671396841313e-01
-7.676158400000002757e+01 9.744805120614233873e-01 0.000000000000000000e+00 6.142993010386437192e-01
-7.703137200000001883e+01 9.779054433185482287e-01 0.000000000000000000e+00 5.774429268365284251e-01
-7.704758600000005231e+01 9.781112784016622319e-01 0.000000000000000000e+00 5.590920903201780368e-01
-7.688011200000001111e+01 9.759852129823111122e-01 0.000000000000000000e+00 6.134257765116241101e-01
-7.699184400000004302e+01 9.774036393734819583e-01 0.000000000000000000e+00 5.930463150394059690e-01
-7.704456200000005595e+01 9.780728890288156174e-01 0.000000000000000000e+00 5.085801210738734035e-01
-7.685742800000005559e+01 9.756972419063681956e-01 0.000000000000000000e+00 5.222065143719722968e-01
-7.717297200000005830e+01 9.797030409359702707e-01 0.000000000000000000e+00 4.833545600521760299e-01
-7.678553800000000251e+01 9.747846056583702179e-01 0.000000000000000000e+00 6.347837577848656210e-01
-7.708193600000002732e+01 9.785473481626677517e-01 0.000000000000000000e+00 5.148931326837142830e-01
-7.655945000000002665e+01 9.719144414625542350e-01 0.000000000000000000e+00 6.576216457735407639e-01
-7.705320000000007497e+01 9.781825475614379650e-01 0.000000000000000000e+00 5.116441811266972950e-01
-7.670716799999998159e+01 9.737897064685583359e-01 0.000000000000000000e+00 5.306600073588561006e-01
-7.704792200000008506e+01 9.781155438875344110e-01 0.000000000000000000e+00 5.294873090265754811e-01
-7.719779400000008707e+01 9.800181537047533142e-01 0.000000000000000000e+00 5.119933873113067246e-01
-7.674002999999999020e+01 9.742068862207032831e-01 0.000000000000000000e+00 6.257755142560499362e-01
-7.704595600000003230e+01 9.780905857172240703e-01 0.000000000000000000e+00 4.958770640903948368e-01
-7.701106800000000874e+01 9.776476861008636110e-01 0.000000000000000000e+00 5.278271803336676005e-01
-7.699325400000003583e+01 9.774215391802655306e-01 0.000000000000000000e+00 5.199809972091146149e-01
-7.703444400000002190e+01 9.779444420465194243e-01 0.000000000000000000e+00 5.583113620860173931e-01
-7.701580400000000282e+01 9.777078091398191395e-01 0.000000000000000000e+00 5.487055938030040991e-01
-7.701766800000005730e+01 9.777314724304898563e-01 1.000000000000000048e-04 6.390335962588159502e-01
-7.700254400000009980e+01 9.775394747866634759e-01 0.000000000000000000e+00 5.293998485649631380e-01
-7.724056200000001127e+01 9.805610891207261481e-01 0.000000000000000000e+00 4.329768470213694043e-01
-7.736133400000001359e+01 9.820942773936867098e-01 0.000000000000000000e+00 4.129354615408808993e-01
-7.719637800000006678e+01 9.800001777285788362e-01 0.000000000000000000e+00 4.790729236533597390e-01
-7.618411800000005485e+01 9.671496398457323229e-01 0.000000000000000000e+00 9.281826409852012016e-01
-7.716235399999997924e+01 9.795682465044595055e-01 0.000000000000000000e+00 4.788731477124192892e-01
-7.710680200000005868e+01 9.788630195069817352e-01 0.000000000000000000e+00 4.994881521491522092e-01
-7.731453800000005572e+01 9.815002069268451423e-01 0.000000000000000000e+00 3.612729913776975277e-01
-7.719093600000000777e+01 9.799310920913323342e-01 0.000000000000000000e+00 5.032097916858190301e-01
-7.731783000000002914e+01 9.815419985324701502e-01 0.000000000000000000e+00 4.557283759283192737e-01
-7.710823000000010552e+01 9.788811478219375806e-01 0.000000000000000000e+00 4.918152403149593233e-01
-7.730241600000006486e+01 9.813463193680995733e-01 0.000000000000000000e+00 4.279316481624027002e-01
-7.723369400000002827e+01 9.804739005583219535e-01 0.000000000000000000e+00 5.282865188742206231e-01
-7.743935400000003710e+01 9.830847333690487799e-01 0.000000000000000000e+00 4.096381185456948737e-01
-7.736501000000004069e+01 9.821409438403088110e-01 0.000000000000000000e+00 4.407510398069522384e-01
-7.700006000000001904e+01 9.775079406589670672e-01 0.000000000000000000e+00 6.236056157864552363e-01
-7.729479000000003452e+01 9.812495080726864050e-01 0.000000000000000000e+00 3.372370342544365185e-01
-7.716801800000003198e+01 9.796401504091569734e-01 0.000000000000000000e+00 5.191644531068139168e-01
-7.738272600000003365e+01 9.823658466608613526e-01 0.000000000000000000e+00 4.166256548592141562e-01
-7.727007400000006498e+01 9.809357409631374036e-01 0.000000000000000000e+00 4.494031612454166269e-01
-7.709031400000006329e+01 9.786537060216989881e-01 0.000000000000000000e+00 5.297533988946219186e-01
-7.734676799999999730e+01 9.819093635031825862e-01 0.000000000000000000e+00 3.721904798743396747e-01
-7.713802800000004822e+01 9.792594304052979481e-01 0.000000000000000000e+00 5.153639247809814750e-01
-7.740692400000001783e+01 9.826730378130247301e-01 0.000000000000000000e+00 3.741973257655669127e-01
-7.721091000000002680e+01 9.801846599925357895e-01 1.000000000000000048e-04 4.735143037528918852e-01
-7.742909800000002463e+01 9.829545344907698601e-01 0.000000000000000000e+00 4.034829539613463134e-01
-7.735680000000003531e+01 9.820367187242139417e-01 0.000000000000000000e+00 3.820696673475542648e-01
-7.736430200000002344e+01 9.821319558522215720e-01 0.000000000000000000e+00 4.081325735244836217e-01
-7.720389000000001545e+01 9.800955418055702362e-01 0.000000000000000000e+00 4.426025385961054326e-01
-7.723106800000002181e+01 9.804405637550497321e-01 0.000000000000000000e+00 3.892267799604547385e-01
-7.741592800000002228e+01 9.827873426784715649e-01 0.000000000000000000e+00 3.790759807849622964e-01
-7.712458200000003217e+01 9.790887348010333113e-01 0.000000000000000000e+00 4.096474208019589280e-01
-7.718396000000009849e+01 9.798425324798989422e-01 0.000000000000000000e+00 5.043351883640703193e-01
-7.736047200000007251e+01 9.820833343912425129e-01 0.000000000000000000e+00 4.049296729262533701e-01
-7.715954799999995828e+01 9.795326246194698827e-01 0.000000000000000000e+00 4.814269258625393788e-01
-7.739478600000001052e+01 9.825189471359041526e-01 0.000000000000000000e+00 4.287149331938820973e-01
-7.715866200000003516e+01 9.795213769394636172e-01 0.000000000000000000e+00 5.092951395286187122e-01
-7.736104399999999259e+01 9.820905958731422913e-01 0.000000000000000000e+00 4.010227697810050396e-01
-7.724262200000008249e+01 9.805872406114889417e-01 0.000000000000000000e+00 4.000690595889720980e-01
-7.703909200000006763e+01 9.780034479344139609e-01 0.000000000000000000e+00 4.557413473593651121e-01
-7.718286400000010872e+01 9.798286188712218570e-01 0.000000000000000000e+00 4.471157939911803991e-01
-7.712283000000006439e+01 9.790664933389876534e-01 0.000000000000000000e+00 4.676617186934518555e-01
-7.708062600000006626e+01 9.785307178457273158e-01 0.000000000000000000e+00 4.817467683463183548e-01
-7.720823200000005215e+01 9.801506630545455678e-01 0.000000000000000000e+00 4.300072056901551587e-01
-7.742337199999998631e+01 9.828818435023699562e-01 0.000000000000000000e+00 4.086405706433928753e-01
-7.732888400000005902e+01 9.816823279396948987e-01 0.000000000000000000e+00 4.758847633873589111e-01
-7.727452600000003713e+01 9.809922586509389753e-01 0.000000000000000000e+00 4.228350641070156568e-01
-7.732779400000006831e+01 9.816684905004083861e-01 0.000000000000000000e+00 3.924566917675528233e-01
-7.700002800000001457e+01 9.775075344222172724e-01 0.000000000000000000e+00 4.654396579232132902e-01
-7.726724800000003768e+01 9.808998651801791313e-01 0.000000000000000000e+00 5.230377409717282822e-01
-7.703241200000003630e+01 9.779186460129136726e-01 0.000000000000000000e+00 5.113353370590114633e-01
-7.748827800000006505e+01 9.837058185797463716e-01 0.000000000000000000e+00 3.976131807816660757e-01
-7.710007800000005318e+01 9.787776590099509511e-01 0.000000000000000000e+00 5.004927324833875479e-01
-7.731158399999999631e+01 9.814627061968876909e-01 0.000000000000000000e+00 4.127736931559675138e-01
-7.730328400000004763e+01 9.813573385399350091e-01 0.000000000000000000e+00 4.106195881908958345e-01
-7.739796600000001092e+01 9.825593169129055449e-01 0.000000000000000000e+00 3.821586587380760291e-01
-7.731145600000003526e+01 9.814610812498893999e-01 0.000000000000000000e+00 5.369515043692915102e-01
-7.731212800000004393e+01 9.814696122216332030e-01 0.000000000000000000e+00 4.261649280205352941e-01
-7.708153800000003741e+01 9.785422955930934696e-01 0.000000000000000000e+00 4.222055391977857508e-01
-7.736835799999998642e+01 9.821834463602454601e-01 0.000000000000000000e+00 3.496384017174827830e-01
-7.729185800000003326e+01 9.812122866304950897e-01 0.000000000000000000e+00 4.502153992178964392e-01
-7.729783400000005145e+01 9.812881513435017800e-01 0.000000000000000000e+00 3.980594169698592477e-01
-7.736151000000005240e+01 9.820965116958105812e-01 0.000000000000000000e+00 4.371379445040803891e-01
-7.710033000000008485e+01 9.787808581243552242e-01 0.000000000000000000e+00 4.854268161508845103e-01
-7.731450200000003292e+01 9.814997499105013734e-01 0.000000000000000000e+00 4.058458626601786912e-01
-7.737293200000004845e+01 9.822415128256565264e-01 0.000000000000000000e+00 4.605346618043347218e-01
-7.713791800000008436e+01 9.792580339664712641e-01 0.000000000000000000e+00 4.507960394321116060e-01
-7.729877600000003213e+01 9.813001099378207970e-01 0.000000000000000000e+00 4.134012791465455083e-01
-7.723312800000005041e+01 9.804667152458119705e-01 0.000000000000000000e+00 4.392116808808967376e-01
-7.746317000000000519e+01 9.833870750700124397e-01 0.000000000000000000e+00 4.505732271565898728e-01
-7.719532399999998518e+01 9.799867973056345383e-01 0.000000000000000000e+00 4.201831517735378774e-01
-7.747947600000004797e+01 9.835940780837818531e-01 0.000000000000000000e+00 3.755395200712615122e-01
-7.720777000000003909e+01 9.801447980114715852e-01 0.000000000000000000e+00 4.431281013910365885e-01
-7.732918000000003644e+01 9.816860856296293347e-01 0.000000000000000000e+00 4.299290610970111781e-01
-7.750161800000005030e+01 9.838751685247772993e-01 0.000000000000000000e+00 3.751425944056127615e-01
-7.740629600000001176e+01 9.826650654168117560e-01 0.000000000000000000e+00 4.013637393898090155e-01
-7.743284999999998774e+01 9.830021657496716969e-01 0.000000000000000000e+00 3.431805501481701715e-01
-7.746564200000000255e+01 9.834184568589267039e-01 0.000000000000000000e+00 3.587154188957250578e-01
-7.729639400000006333e+01 9.812698706897654555e-01 0.000000000000000000e+00 3.777120162721392949e-01
-7.734207200000007276e+01 9.818497482601651338e-01 0.000000000000000000e+00 4.012814619856412968e-01
-7.742941000000001850e+01 9.829584952990794156e-01 0.000000000000000000e+00 3.235676993468395990e-01
-7.761262000000003525e+01 9.852843276400949923e-01 0.000000000000000000e+00 3.272798703485350069e-01
-7.753797799999998119e+01 9.843367550316227677e-01 0.000000000000000000e+00 3.309875738703286219e-01
-7.749618599999999446e+01 9.838062098365150110e-01 0.000000000000000000e+00 3.386730150383291948e-01
-7.757713199999999176e+01 9.848338110846773796e-01 0.000000000000000000e+00 3.270582232415190638e-01
-7.747581600000002311e+01 9.835476147555346493e-01 0.000000000000000000e+00 3.324755772058819447e-01
-7.745637400000001094e+01 9.833008005402950058e-01 0.000000000000000000e+00 4.122553201768796582e-01
-7.738494199999999523e+01 9.823939785557774806e-01 0.000000000000000000e+00 4.277031400351885559e-01
-7.746016999999999086e+01 9.833489903747278937e-01 0.000000000000000000e+00 3.863896116877404974e-01
-7.731097200000004932e+01 9.814549369190503914e-01 0.000000000000000000e+00 4.420390229311661479e-01
-7.752583200000000829e+01 9.841825627953152411e-01 0.000000000000000000e+00 3.439720997847121042e-01
-7.730583000000005711e+01 9.813896597513330766e-01 0.000000000000000000e+00 3.748477092787354525e-01
-7.746116399999999658e+01 9.833616091037655771e-01 0.000000000000000000e+00 3.620471975259089703e-01
-7.748880400000000179e+01 9.837124960963187226e-01 0.000000000000000000e+00 3.579668987349242104e-01
-7.758412799999999265e+01 9.849226245940805313e-01 0.000000000000000000e+00 3.430457359971972875e-01
-7.722681400000006136e+01 9.803865596571369467e-01 0.000000000000000000e+00 4.266273336557593887e-01
-7.736633600000000399e+01 9.821577772756240332e-01 0.000000000000000000e+00 4.409334120277402791e-01
-7.743123800000000756e+01 9.829817015734058083e-01 0.000000000000000000e+00 3.245647537079391354e-01
-7.683377000000000123e+01 9.753969059993551349e-01 0.000000000000000000e+00 5.977956411566240913e-01
-7.742455600000002391e+01 9.828968742621093657e-01 0.000000000000000000e+00 3.758653601404842171e-01
-7.722649800000004916e+01 9.803825480692335281e-01 0.000000000000000000e+00 4.358621730952967344e-01
-7.738630600000007576e+01 9.824112943972345136e-01 0.000000000000000000e+00 4.422220169630511344e-01
-7.708806600000005460e+01 9.786251678900323991e-01 0.000000000000000000e+00 4.658082616378778074e-01
-7.751471800000001622e+01 9.840414716941852102e-01 0.000000000000000000e+00 3.290530682016652997e-01
-7.745898600000001011e+01 9.833339596149892614e-01 0.000000000000000000e+00 3.315445497800998398e-01
-7.734784600000004673e+01 9.819230486036887307e-01 0.000000000000000000e+00 3.817335131139838467e-01
-7.740184999999996762e+01 9.826086238983997578e-01 0.000000000000000000e+00 3.277314882397463491e-01
-7.745371000000004358e+01 9.832669813308829720e-01 0.000000000000000000e+00 3.675078652357002262e-01
-7.732957600000004561e+01 9.816911128094070182e-01 0.000000000000000000e+00 4.105594510573660760e-01
-7.742493000000000336e+01 9.829016221541212461e-01 0.000000000000000000e+00 3.786118487583327030e-01
-7.729754800000004877e+01 9.812845206025513356e-01 0.000000000000000000e+00 4.428679230523334120e-01
-7.752140000000001407e+01 9.841262990054818749e-01 0.000000000000000000e+00 3.978867439487042135e-01
-7.757295400000003838e+01 9.847807717990453291e-01 0.000000000000000000e+00 3.383681789549564667e-01
-7.745406800000004921e+01 9.832715261045202881e-01 0.000000000000000000e+00 3.974838114688427071e-01
-7.726792800000004036e+01 9.809084977111103276e-01 0.000000000000000000e+00 4.041352694033990001e-01
-7.736785400000003676e+01 9.821770481314383572e-01 0.000000000000000000e+00 3.888464721104303301e-01
-7.729071000000007530e+01 9.811977128871001153e-01 0.000000000000000000e+00 4.244118986279364902e-01
-7.746924400000000333e+01 9.834641838830647798e-01 0.000000000000000000e+00 3.811959135524548570e-01
-7.716798400000000413e+01 9.796397187826101360e-01 0.000000000000000000e+00 4.486986306593279683e-01
-7.745713000000000648e+01 9.833103978835066039e-01 0.000000000000000000e+00 4.158531057423471844e-01
-7.749717400000001533e+01 9.838187523961622327e-01 0.000000000000000000e+00 3.455790031208201274e-01
-7.750546399999996083e+01 9.839239931041307008e-01 0.000000000000000000e+00 3.831566252839564979e-01
-7.696556600000000969e+01 9.770700428325874709e-01 0.000000000000000000e+00 4.707812840568137980e-01
-7.745062000000002911e+01 9.832277540947398364e-01 0.000000000000000000e+00 3.997302176076851787e-01
-7.727486399999997957e+01 9.809965495266069757e-01 0.000000000000000000e+00 4.412324711990326387e-01
-7.753087999999993940e+01 9.842466466425794369e-01 0.000000000000000000e+00 3.345982315638519888e-01
-7.735433399999999438e+01 9.820054131046896950e-01 0.000000000000000000e+00 3.782891695542184296e-01
-7.750248600000000465e+01 9.838861876966122910e-01 0.000000000000000000e+00 3.193800437210705390e-01
-7.725621600000008016e+01 9.807598150607207410e-01 0.000000000000000000e+00 4.428291684935475869e-01
-7.752752999999997030e+01 9.842041187328456342e-01 1.000000000000000048e-04 3.783044590503453208e-01
-7.742659600000001774e+01 9.829227718549026216e-01 0.000000000000000000e+00 3.271939183204038426e-01
-7.752921800000002861e+01 9.842255477213930348e-01 0.000000000000000000e+00 3.288275088580920880e-01
-7.742024400000001094e+01 9.828421338600871193e-01 0.000000000000000000e+00 3.889321070611557740e-01
-7.741845199999998783e+01 9.828193846021036073e-01 0.000000000000000000e+00 4.155563180007053048e-01
-7.716772799999999677e+01 9.796364688886124439e-01 0.000000000000000000e+00 5.384509007712913187e-01
-7.734424800000000744e+01 9.818773723591438518e-01 0.000000000000000000e+00 3.571854161512082459e-01
-7.761099999999999000e+01 9.852637619046409334e-01 0.000000000000000000e+00 3.481536999485705941e-01
-7.749440800000002127e+01 9.837836383071102420e-01 0.000000000000000000e+00 3.109106843978312051e-01
-7.739788400000003321e+01 9.825582759312346814e-01 0.000000000000000000e+00 3.625701756442021861e-01
-7.739686599999998862e+01 9.825453525246343744e-01 0.000000000000000000e+00 3.931684688437389608e-01
-7.756254799999999250e+01 9.846486686860017601e-01 0.000000000000000000e+00 3.041017767163161079e-01
-7.732161800000001506e+01 9.815900868077156449e-01 0.000000000000000000e+00 4.375982328690345424e-01
-7.683813400000003924e+01 9.754523065360959366e-01 0.000000000000000000e+00 6.014960164641349749e-01
-7.755055599999998606e+01 9.844964314640517467e-01 0.000000000000000000e+00 3.386544457112600770e-01
-7.744727800000003981e+01 9.831853277441932049e-01 0.000000000000000000e+00 3.560581485764327536e-01
-7.734706399999998894e+01 9.819131211931172443e-01 0.000000000000000000e+00 3.862378237157610417e-01
-7.751922199999998497e+01 9.840986495167050041e-01 0.000000000000000000e+00 3.559973815531900510e-01
-7.730985000000001151e+01 9.814406932430135289e-01 0.000000000000000000e+00 3.652352006833163300e-01
-7.730973600000004353e+01 9.814392460245930927e-01 0.000000000000000000e+00 4.525625353339357004e-01
-7.756696999999998354e+01 9.847048055268508016e-01 0.000000000000000000e+00 3.816869587036544331e-01
-7.722339399999999898e+01 9.803431431045119826e-01 0.000000000000000000e+00 4.844070501826605035e-01
-7.757700800000002062e+01 9.848322369172727297e-01 0.000000000000000000e+00 3.514957303015253109e-01
-7.722839600000007465e+01 9.804066429864504162e-01 0.000000000000000000e+00 3.333733224255517325e-01
-7.725455400000004147e+01 9.807387161395326736e-01 0.000000000000000000e+00 4.470436860716928695e-01
-7.743857400000001689e+01 9.830748313482745582e-01 0.000000000000000000e+00 3.520683148297661935e-01
-7.742443400000006193e+01 9.828953254845016474e-01 0.000000000000000000e+00 3.638038877352939848e-01
-7.731075400000000286e+01 9.814521694311924005e-01 0.000000000000000000e+00 3.804166135736301024e-01
-7.751234400000005564e+01 9.840113340053173729e-01 0.000000000000000000e+00 3.376135488209487390e-01
-7.740623800000007293e+01 9.826643291127037383e-01 0.000000000000000000e+00 4.148573124009332092e-01
-7.745416000000003010e+01 9.832726940351753653e-01 0.000000000000000000e+00 3.773459319023233505e-01
-7.731058400000003417e+01 9.814500112984601010e-01 0.000000000000000000e+00 4.005318531627419798e-01
-7.749362600000006296e+01 9.837737108965399768e-01 0.000000000000000000e+00 3.535406031915581671e-01
-7.725944400000007306e+01 9.808007941928466034e-01 0.000000000000000000e+00 3.908377354071412291e-01
-7.748811199999998678e+01 9.837037112266062699e-01 0.000000000000000000e+00 3.770674888765633281e-01
-7.739077800000001162e+01 9.824680659830041796e-01 0.000000000000000000e+00 3.954817636373361145e-01
-7.762205800000000977e+01 9.854041420914592120e-01 0.000000000000000000e+00 3.386494022025158812e-01
-7.753499400000004016e+01 9.842988734547140073e-01 0.000000000000000000e+00 3.259349993511293508e-01
-7.747863200000000461e+01 9.835833635895080418e-01 0.000000000000000000e+00 3.527428739567594618e-01
-7.733065399999998135e+01 9.817047979099117194e-01 0.000000000000000000e+00 3.892031329148147312e-01
-7.753382400000003827e+01 9.842840204235531187e-01 0.000000000000000000e+00 3.397020135413406638e-01
-7.750944400000001622e+01 9.839745187998752973e-01 0.000000000000000000e+00 3.817268975420404775e-01
-7.753704599999998948e+01 9.843249233862878533e-01 0.000000000000000000e+00 3.798490288671462212e-01
-7.773020199999997715e+01 9.867770191870691709e-01 0.000000000000000000e+00 3.103071824349331598e-01
-7.757884800000003622e+01 9.848555955303806009e-01 0.000000000000000000e+00 3.175555996748427590e-01
-7.787720400000000609e+01 9.886431946457997499e-01 0.000000000000000000e+00 2.185350675324529979e-01
-7.778059600000004536e+01 9.874167658984566165e-01 0.000000000000000000e+00 2.685710544659820065e-01
-7.774164800000002629e+01 9.869223249944780729e-01 0.000000000000000000e+00 2.808961807134336963e-01
-7.773296999999999457e+01 9.868121586659184263e-01 0.000000000000000000e+00 2.940394124273239540e-01
-7.768699800000003108e+01 9.862285487953814656e-01 0.000000000000000000e+00 3.094657285834357952e-01
-7.751206999999998004e+01 9.840078556031470747e-01 0.000000000000000000e+00 3.545225446237035283e-01
-7.775690399999999158e+01 9.871159983648969405e-01 0.000000000000000000e+00 2.719010864118032722e-01
-7.779496600000000228e+01 9.875991915888681083e-01 0.000000000000000000e+00 2.414015575004356540e-01
-7.755499999999999261e+01 9.845528475926663692e-01 0.000000000000000000e+00 3.471589057745546048e-01
-7.772869400000004703e+01 9.867578752802405040e-01 0.000000000000000000e+00 3.106413157233647859e-01
-7.761260200000000964e+01 9.852840991319229413e-01 0.000000000000000000e+00 3.457555468503407115e-01
-7.773159399999995856e+01 9.867946904856809143e-01 0.000000000000000000e+00 2.865559440223587329e-01
-7.768550000000000466e+01 9.862095318375357911e-01 0.000000000000000000e+00 2.892222835345324983e-01
-7.784310799999998665e+01 9.882103493889944357e-01 0.000000000000000000e+00 2.202719117065733978e-01
-7.776181799999997679e+01 9.871783810957726057e-01 0.000000000000000000e+00 2.558602982058365560e-01
-7.782063999999999737e+01 9.879251204111115792e-01 0.000000000000000000e+00 2.372137764919554914e-01
-7.783248800000001211e+01 9.880755295676880712e-01 0.000000000000000000e+00 2.273047815003656213e-01
-7.770755000000002610e+01 9.864894543478761602e-01 0.000000000000000000e+00 2.917406713040354704e-01
-7.777831599999997536e+01 9.873878215300396777e-01 1.000000000000000048e-04 2.755292195984394010e-01
-7.782038400000000422e+01 9.879218705171141091e-01 0.000000000000000000e+00 2.589837476746289502e-01
-7.773686200000001634e+01 9.868615672106009207e-01 0.000000000000000000e+00 2.658982712667125048e-01
-7.775149399999997968e+01 9.870473189644006773e-01 0.000000000000000000e+00 2.439697140584816404e-01
-7.787197400000003711e+01 9.885768003270211102e-01 0.000000000000000000e+00 2.480213621542484426e-01
-7.768870999999997196e+01 9.862502824614897134e-01 0.000000000000000000e+00 2.875787862183656340e-01
-7.774498199999999315e+01 9.869646497858369782e-01 0.000000000000000000e+00 2.503148532015894712e-01
-7.775200400000001366e+01 9.870537933625994631e-01 0.000000000000000000e+00 2.748382914524191700e-01
-7.771661399999999276e+01 9.866045209072281663e-01 0.000000000000000000e+00 2.546354514504085564e-01
-7.779984400000000733e+01 9.876611173034005597e-01 0.000000000000000000e+00 2.674529099758408690e-01
-7.765621799999998132e+01 9.858377998217634497e-01 0.000000000000000000e+00 3.040197496176455516e-01
-7.783307000000000642e+01 9.880829179985731736e-01 0.000000000000000000e+00 2.333709863559033093e-01
-7.773770600000000286e+01 9.868722817048741769e-01 0.000000000000000000e+00 2.867330176278616860e-01
-7.768505600000001721e+01 9.862038953026339705e-01 0.000000000000000000e+00 2.742609095902892036e-01
-7.776279800000000364e+01 9.871908220962324343e-01 0.000000000000000000e+00 2.470895776634439434e-01
-7.781522599999998135e+01 9.878563902310215639e-01 0.000000000000000000e+00 2.439771651096661054e-01
-7.777978800000002479e+01 9.874065084205264631e-01 0.000000000000000000e+00 2.242088309022310100e-01
-7.770812600000000714e+01 9.864967666093704679e-01 0.000000000000000000e+00 2.762656233965900543e-01
-7.779041600000000756e+01 9.875414298010202208e-01 0.000000000000000000e+00 2.654203339625804681e-01
-7.778595400000001803e+01 9.874847851642341023e-01 0.000000000000000000e+00 2.785694072045657999e-01
-7.778853600000002189e+01 9.875175633919756057e-01 0.000000000000000000e+00 2.669064919753467158e-01
-7.766206800000000499e+01 9.859120649775682255e-01 0.000000000000000000e+00 3.382772853650374834e-01
-7.778104200000002777e+01 9.874224278231553686e-01 0.000000000000000000e+00 2.530581716091808708e-01
-7.781058400000000574e+01 9.877974605125184882e-01 0.000000000000000000e+00 2.652887151155821632e-01
-7.770447600000001387e+01 9.864504302301079219e-01 0.000000000000000000e+00 2.912371518369539780e-01
-7.777021800000004248e+01 9.872850182425696453e-01 0.000000000000000000e+00 2.553610098062992217e-01
-7.773612000000001387e+01 9.868521475959672884e-01 0.000000000000000000e+00 2.613683912786619601e-01
-7.772395599999998694e+01 9.866977268514872668e-01 0.000000000000000000e+00 2.812003356177143476e-01
-7.759734199999998339e+01 9.850903749819095445e-01 0.000000000000000000e+00 3.156954347327682320e-01
-7.767833600000003003e+01 9.861185855851971604e-01 0.000000000000000000e+00 2.971644402506716798e-01
-7.773575800000000413e+01 9.868475520427362202e-01 0.000000000000000000e+00 2.794145644454529287e-01
-7.783444400000000485e+01 9.881003607890134210e-01 0.000000000000000000e+00 2.323063765588430363e-01
-7.757302599999997028e+01 9.847816858317313127e-01 0.000000000000000000e+00 3.635698275698793225e-01
-7.782711200000001384e+01 9.880072817937385343e-01 0.000000000000000000e+00 2.711894433748839872e-01
-7.774596799999997643e+01 9.869771669556869353e-01 0.000000000000000000e+00 2.634926172963801272e-01
-7.773455199999999365e+01 9.868322419952316737e-01 0.000000000000000000e+00 2.776076908083768835e-01
-7.765268000000003212e+01 9.857928852711254075e-01 0.000000000000000000e+00 3.030995596009714577e-01
-7.759321400000000324e+01 9.850379704411985626e-01 0.000000000000000000e+00 3.091683340704852179e-01
-7.773434600000000216e+01 9.868296268461556053e-01 0.000000000000000000e+00 2.579068798436887078e-01
-7.764472800000004327e+01 9.856919354388251620e-01 0.000000000000000000e+00 3.121326168813698954e-01
-7.774376800000001708e+01 9.869492381791455937e-01 0.000000000000000000e+00 2.752045861140064442e-01
-7.770580799999997623e+01 9.864673398348137168e-01 0.000000000000000000e+00 2.358374340279519865e-01
-7.782178400000003649e+01 9.879396433749138007e-01 0.000000000000000000e+00 2.526542679935435687e-01
-7.771487400000002310e+01 9.865824317839636537e-01 0.000000000000000000e+00 2.793030209270748743e-01
-7.769982400000000666e+01 9.863913735626201884e-01 0.000000000000000000e+00 3.273918780947755458e-01
-7.787958999999997900e+01 9.886734846734488436e-01 0.000000000000000000e+00 2.230050656216785721e-01
-7.777318799999997623e+01 9.873227220909002178e-01 0.000000000000000000e+00 2.465613351191892622e-01
-7.778238800000001163e+01 9.874395151564393514e-01 0.000000000000000000e+00 2.566363363740110093e-01
-7.784431999999996776e+01 9.882257356058889997e-01 0.000000000000000000e+00 2.439870488366125967e-01
-7.775339600000000928e+01 9.870714646612114285e-01 0.000000000000000000e+00 2.512878183689096212e-01
-7.771177400000001967e+01 9.865430775988364154e-01 0.000000000000000000e+00 3.008871054503045595e-01
-7.782001800000000458e+01 9.879172241842893998e-01 0.000000000000000000e+00 2.349178168697039770e-01
-7.764604200000002265e+01 9.857086165353593499e-01 0.000000000000000000e+00 3.540635271367065240e-01
-7.776301600000003589e+01 9.871935895840902031e-01 0.000000000000000000e+00 2.912225872025889784e-01
-7.783751999999999782e+01 9.881394102965782578e-01 0.000000000000000000e+00 2.394682307433571022e-01
-7.777889000000001829e+01 9.873951084017379420e-01 0.000000000000000000e+00 2.497711427234407811e-01
-7.783995800000003840e+01 9.881703604589464618e-01 0.000000000000000000e+00 2.174841887577020627e-01
-7.783294999999998254e+01 9.880813946107614987e-01 0.000000000000000000e+00 2.379264658067972160e-01
-7.773982399999999870e+01 9.868991694997448771e-01 0.000000000000000000e+00 2.872334893392120558e-01
-7.764363000000001591e+01 9.856779964403507011e-01 0.000000000000000000e+00 2.878802070937901414e-01
-7.766559800000004543e+01 9.859568779690199847e-01 0.000000000000000000e+00 3.099427271890305979e-01
-7.790360800000000552e+01 9.889783907438957078e-01 0.000000000000000000e+00 1.953527861241421415e-01
-7.773037000000000774e+01 9.867791519300055381e-01 0.000000000000000000e+00 3.164737050050064338e-01
-7.777592799999999329e+01 9.873575061125935415e-01 0.000000000000000000e+00 2.473002551106195657e-01
-7.760856800000000533e+01 9.852328879116638571e-01 0.000000000000000000e+00 3.254418841755901126e-01
-7.771446400000002086e+01 9.865772268756080043e-01 0.000000000000000000e+00 2.748787352542019224e-01
-7.780511000000005595e+01 9.877279686385236346e-01 0.000000000000000000e+00 2.356443105850654640e-01
-7.776880400000000293e+01 9.872670676561917658e-01 0.000000000000000000e+00 2.736691226110594122e-01
-7.757410399999999129e+01 9.847953709322371241e-01 0.000000000000000000e+00 3.288401379811702885e-01
-7.776293200000000638e+01 9.871925232126218530e-01 0.000000000000000000e+00 2.802029541802031343e-01
-7.778695200000002785e+01 9.874974546728655378e-01 0.000000000000000000e+00 2.507899054240936842e-01
-7.773553999999998609e+01 9.868447845548785624e-01 0.000000000000000000e+00 2.617580986755180250e-01
-7.766217400000002158e+01 9.859134106368018236e-01 0.000000000000000000e+00 3.109868172918143769e-01
-7.764802200000001164e+01 9.857337524342468793e-01 0.000000000000000000e+00 2.898301486503199187e-01
-7.760295000000000698e+01 9.851615679722947050e-01 0.000000000000000000e+00 3.460881505914329970e-01
-7.782222600000005741e+01 9.879452545200193558e-01 0.000000000000000000e+00 2.691961076384221663e-01
-7.781425400000000536e+01 9.878440507897496836e-01 0.000000000000000000e+00 2.839728808434803797e-01
-7.760137600000001612e+01 9.851415862021689618e-01 0.000000000000000000e+00 3.291080400787022575e-01
-7.768654799999995930e+01 9.862228360910879621e-01 0.000000000000000000e+00 3.285585360512199293e-01
-7.775124399999997138e+01 9.870441452397935578e-01 0.000000000000000000e+00 2.528819097259954463e-01
-7.773612599999999873e+01 9.868522237653576390e-01 0.000000000000000000e+00 3.033979706756480543e-01
-7.781749000000003491e+01 9.878851314810634943e-01 0.000000000000000000e+00 2.354170670417617406e-01
-7.776158800000000326e+01 9.871754612691344688e-01 0.000000000000000000e+00 2.620089686490232328e-01
-7.777225600000002714e+01 9.873108904455658585e-01 0.000000000000000000e+00 2.363851763114551696e-01
-7.775983200000000295e+01 9.871531690274946147e-01 0.000000000000000000e+00 2.782807327832522715e-01
-7.777945400000005804e+01 9.874022683244518817e-01 0.000000000000000000e+00 2.410448750793507955e-01
-7.771183799999998598e+01 9.865438900723353388e-01 0.000000000000000000e+00 3.091656869313882949e-01
-7.771726400000001433e+01 9.866127725912067215e-01 0.000000000000000000e+00 2.800134439485342241e-01
-7.773062000000000182e+01 9.867823256546124355e-01 0.000000000000000000e+00 3.108635057254535150e-01
-7.771332999999999913e+01 9.865628308607903296e-01 1.000000000000000048e-04 3.099991520027491898e-01
-7.784083999999997161e+01 9.881815573593591973e-01 0.000000000000000000e+00 2.184684559899347234e-01
-7.769497199999997861e+01 9.863297779154466260e-01 0.000000000000000000e+00 3.180407559423855113e-01
-7.775170600000002707e+01 9.870500102828680955e-01 0.000000000000000000e+00 2.891050816683515268e-01
-7.770123600000000863e+01 9.864092987592008033e-01 0.000000000000000000e+00 2.872574031432533204e-01
-7.764064599999997540e+01 9.856401148634407194e-01 0.000000000000000000e+00 3.300846684832196565e-01
-7.778673800000001393e+01 9.874947379646017431e-01 0.000000000000000000e+00 2.591139723415662455e-01
-7.783826200000000028e+01 9.881488299112118900e-01 0.000000000000000000e+00 2.357730336359495082e-01
-7.775403400000000431e+01 9.870795640064085053e-01 0.000000000000000000e+00 2.783601301635101888e-01
-7.779936000000002139e+01 9.876549729725615512e-01 0.000000000000000000e+00 2.722983524138045675e-01
-7.779753800000003139e+01 9.876318428676256200e-01 0.000000000000000000e+00 2.425932801037885833e-01
-7.762532400000000621e+01 9.854456036297254418e-01 0.000000000000000000e+00 3.302463283641164371e-01
-7.777217600000000175e+01 9.873098748536913716e-01 0.000000000000000000e+00 2.543838605515113538e-01
-7.768779600000002006e+01 9.862386793243269612e-01 0.000000000000000000e+00 3.636720811529269293e-01
-7.774193200000003401e+01 9.869259303456316967e-01 0.000000000000000000e+00 3.124789502017564224e-01
-7.755756399999997086e+01 9.845853973122357106e-01 0.000000000000000000e+00 3.248766098385697521e-01
-7.776474800000003995e+01 9.872155771481677666e-01 0.000000000000000000e+00 2.641847862937806712e-01
-7.781289200000000505e+01 9.878267603380905815e-01 0.000000000000000000e+00 2.479909291596255894e-01
-7.778080400000003181e+01 9.874194064373295054e-01 0.000000000000000000e+00 3.246848404844372427e-01
-7.761013000000002648e+01 9.852527173430088991e-01 0.000000000000000000e+00 3.515415441633151228e-01
-7.784358000000003130e+01 9.882163413810530761e-01 1.000000000000000048e-04 2.826866023558864405e-01
-7.763630599999999049e+01 9.855850190042628745e-01 0.000000000000000000e+00 3.375566076941466376e-01
-7.764448399999999140e+01 9.856888378836079490e-01 0.000000000000000000e+00 2.875679491841533486e-01
-7.766689399999999921e+01 9.859733305573822326e-01 0.000000000000000000e+00 2.973387802939039815e-01
-7.777683799999999792e+01 9.873690584701632078e-01 0.000000000000000000e+00 2.569776010283829071e-01
-7.770162000000001967e+01 9.864141736001973415e-01 0.000000000000000000e+00 2.870096221946631943e-01
-7.772858999999998275e+01 9.867565550108031713e-01 0.000000000000000000e+00 2.897537866339057744e-01
-7.774225199999997926e+01 9.869299927131280903e-01 0.000000000000000000e+00 2.792308940969490116e-01
-7.775587599999998645e+01 9.871029480093128639e-01 0.000000000000000000e+00 2.905553203189651934e-01
-7.772356800000002863e+01 9.866928012308977536e-01 0.000000000000000000e+00 2.828416321276732703e-01
-7.778899600000001158e+01 9.875234030452524348e-01 0.000000000000000000e+00 2.780222939683690275e-01
-7.788541000000000736e+01 9.887473689823008671e-01 0.000000000000000000e+00 2.184433863276766252e-01
-7.780001199999999528e+01 9.876632500463363717e-01 0.000000000000000000e+00 2.534760854896399573e-01
-7.778984600000002558e+01 9.875341937089164857e-01 0.000000000000000000e+00 2.463900740080589014e-01
-7.774459200000002568e+01 9.869596987754504225e-01 0.000000000000000000e+00 2.740336128022515250e-01
-7.771352200000001176e+01 9.865652682812886543e-01 0.000000000000000000e+00 2.705987508388672524e-01
-7.782384999999999309e+01 9.879658710350657236e-01 0.000000000000000000e+00 2.610853173376335712e-01
-7.768743799999997179e+01 9.862341345506890899e-01 0.000000000000000000e+00 3.555940242138019292e-01
-7.769283600000001400e+01 9.863026616124046519e-01 0.000000000000000000e+00 2.969283141457104147e-01
-7.766819600000005153e+01 9.859898593151362745e-01 0.000000000000000000e+00 3.032795103497426537e-01
-7.759733199999996600e+01 9.850902480329251087e-01 0.000000000000000000e+00 3.260891731791265569e-01
-7.776725400000000832e+01 9.872473905636282021e-01 0.000000000000000000e+00 2.836832589314700059e-01
-7.771899400000002345e+01 9.866347347654874644e-01 0.000000000000000000e+00 2.920118144212935918e-01
-7.775557199999998659e+01 9.870990887601907016e-01 0.000000000000000000e+00 2.555052827459957099e-01
-7.774965600000004429e+01 9.870239857410906259e-01 0.000000000000000000e+00 2.848228626619523918e-01
-7.745251199999995606e+01 9.832517728425649306e-01 0.000000000000000000e+00 3.934987123514158691e-01
-7.764312199999999109e+01 9.856715474319488468e-01 0.000000000000000000e+00 3.154876973637462112e-01
-7.756674200000000496e+01 9.847019110900094852e-01 0.000000000000000000e+00 3.373967389147436990e-01
-7.776074600000001169e+01 9.871647721646580331e-01 0.000000000000000000e+00 2.522849565011108797e-01
-7.766734200000001920e+01 9.859790178718782494e-01 0.000000000000000000e+00 3.255237437010260471e-01
-7.778124600000001010e+01 9.874250175824345055e-01 0.000000000000000000e+00 2.722763448477235060e-01
-7.774133799999999894e+01 9.869183895759650049e-01 0.000000000000000000e+00 2.632098931163937006e-01
-7.775260400000001937e+01 9.870614103016563945e-01 0.000000000000000000e+00 2.639904252625513426e-01
-7.776708200000001625e+01 9.872452070410986380e-01 0.000000000000000000e+00 2.656988879665601044e-01
-7.769992000000000587e+01 9.863925922728693507e-01 0.000000000000000000e+00 2.405354783886073378e-01
-7.762082799999998883e+01 9.853885273663923750e-01 0.000000000000000000e+00 3.397172062439308693e-01
-7.781081600000001686e+01 9.878004057289540008e-01 0.000000000000000000e+00 2.127870404651066027e-01
-7.758075199999998972e+01 9.848797666169871734e-01 0.000000000000000000e+00 3.306971407267523810e-01
-7.771400800000000686e+01 9.865714380019245944e-01 0.000000000000000000e+00 3.229228496158798589e-01
-7.778673400000002403e+01 9.874946871850081020e-01 0.000000000000000000e+00 2.194014245508659200e-01
-7.769593399999999406e+01 9.863419904077347367e-01 0.000000000000000000e+00 2.815253976809085623e-01
-7.756684400000004587e+01 9.847032059696496642e-01 0.000000000000000000e+00 3.278275101761335408e-01
-7.776792399999999361e+01 9.872558961455748516e-01 0.000000000000000000e+00 2.633615861790534751e-01
-7.773385000000001810e+01 9.868233301765354515e-01 0.000000000000000000e+00 2.469830049770119496e-01
-7.768490400000000307e+01 9.862019656780726118e-01 0.000000000000000000e+00 2.975784116748884656e-01
-7.771911200000002395e+01 9.866362327635019858e-01 0.000000000000000000e+00 3.151437784038679246e-01
-7.773565599999996323e+01 9.868462571630959301e-01 0.000000000000000000e+00 2.571593870883899791e-01
-7.761875799999997128e+01 9.853622489266460338e-01 0.000000000000000000e+00 3.114729597939894790e-01
-7.771828999999999610e+01 9.866257975569937555e-01 0.000000000000000000e+00 2.811188445257175039e-01
-7.772294400000001247e+01 9.866848796142784206e-01 0.000000000000000000e+00 2.515918822541012290e-01
-7.771430600000000766e+01 9.865752210816561840e-01 0.000000000000000000e+00 2.847919991711833076e-01
-7.779649800000001392e+01 9.876186401732601761e-01 0.000000000000000000e+00 2.508507343123601574e-01
-7.775880399999998360e+01 9.871401186719103160e-01 0.000000000000000000e+00 2.771165250732745555e-01
-7.776184000000000651e+01 9.871786603835384089e-01 0.000000000000000000e+00 2.480874642116964457e-01
-7.772534199999999771e+01 9.867153219807087705e-01 0.000000000000000000e+00 3.174859771595109903e-01
-7.765054800000002899e+01 9.857658197476766304e-01 0.000000000000000000e+00 2.840731825186297299e-01
-7.770763600000000793e+01 9.864905461091406647e-01 0.000000000000000000e+00 3.116327071176169805e-01
-7.755250800000001732e+01 9.845212119057837885e-01 0.000000000000000000e+00 3.203060536676791692e-01
-7.782811400000004198e+01 9.880200020819639439e-01 0.000000000000000000e+00 2.419846080003657807e-01
-7.772055199999999786e+01 9.866545134172380882e-01 0.000000000000000000e+00 2.730308942004157080e-01
-7.767922200000003841e+01 9.861298332652045362e-01 0.000000000000000000e+00 3.234346781442312135e-01
-7.763775599999998178e+01 9.856034266069835237e-01 0.000000000000000000e+00 2.783330895734723587e-01
-7.781616999999999962e+01 9.878683742151379565e-01 0.000000000000000000e+00 2.527030490716336564e-01
-7.783961599999999237e+01 9.881660188036834880e-01 0.000000000000000000e+00 2.366502524056046664e-01
-7.772067400000001669e+01 9.866560621948465837e-01 0.000000000000000000e+00 2.785792506866425766e-01
-7.768209199999999726e+01 9.861662676236927494e-01 0.000000000000000000e+00 3.029096120407312465e-01
-7.765417200000000264e+01 9.858118260595797322e-01 0.000000000000000000e+00 2.746997406094678351e-01
-7.765941600000004996e+01 9.858783981069374480e-01 0.000000000000000000e+00 3.401018417646651804e-01
-7.778000399999999104e+01 9.874092505185865232e-01 0.000000000000000000e+00 2.708884118987187617e-01
-7.766895800000000349e+01 9.859995328277378901e-01 0.000000000000000000e+00 2.785942522919321318e-01
-7.766775200000003565e+01 9.859842227802340098e-01 0.000000000000000000e+00 2.981645307035977743e-01
-7.771261800000002040e+01 9.865537920931097826e-01 1.000000000000000048e-04 2.991574729337723726e-01
-7.787880000000001246e+01 9.886634557036910742e-01 0.000000000000000000e+00 2.115397825373739882e-01
-7.769721200000000749e+01 9.863582144879260438e-01 0.000000000000000000e+00 2.865966437664301258e-01
