-2.236539800000000966e+01 2.882863348392960545e-01 0.000000000000000000e+00 2.432633852556117748e+00
-2.156534400000000673e+01 2.779737691816887568e-01 0.000000000000000000e+00 2.778414240058090012e+00
-2.259307200000001714e+01 2.912210155902580921e-01 0.000000000000000000e+00 2.620197532536642449e+00
-2.230400200000000765e+01 2.874949504063522010e-01 0.000000000000000000e+00 2.236983481061362689e+00
-2.244300200000001766e+01 2.892866377504658693e-01 0.000000000000000000e+00 2.280077785753562569e+00
-2.215996400000000932e+01 2.856383240633923459e-01 0.000000000000000000e+00 2.207701523501926388e+00
-2.204844600000001265e+01 2.842008752199329802e-01 0.000000000000000000e+00 2.564907264412174204e+00
-2.294277000000001010e+01 2.957285658122854044e-01 0.000000000000000000e+00 2.158018194356043473e+00
-2.361095800000001077e+01 3.043414002229943294e-01 0.000000000000000000e+00 2.620750731258106203e+00
-2.259194800000000924e+01 2.912065274134609805e-01 0.000000000000000000e+00 2.444408173708501053e+00
-2.326037000000002664e+01 2.998223780460299581e-01 0.000000000000000000e+00 2.248316924598118494e+00
-2.270285800000001331e+01 2.926361392360195546e-01 0.000000000000000000e+00 2.352501809193477733e+00
-2.426258200000000897e+01 3.127407273735024473e-01 0.000000000000000000e+00 2.421833906189208019e+00
-2.445221800000001977e+01 3.151851045043537747e-01 0.000000000000000000e+00 2.554138962087326270e+00
-2.341636000000001161e+01 3.018330637209094003e-01 0.000000000000000000e+00 2.856144563087192001e+00
-2.521644800000001041e+01 3.250359046409859731e-01 0.000000000000000000e+00 2.762545030319218942e+00
-2.374135800000002305e+01 3.060222349688391241e-01 0.000000000000000000e+00 2.828125392944623950e+00
-2.473873800000001921e+01 3.188783006038891088e-01 0.000000000000000000e+00 2.891083590739365938e+00
-2.460513400000000317e+01 3.171561668202705908e-01 0.000000000000000000e+00 2.788087051095946123e+00
-2.386730800000001196e+01 3.076457099399979578e-01 0.000000000000000000e+00 2.589637180924046156e+00
-2.497370000000002221e+01 3.219069224869654522e-01 0.000000000000000000e+00 2.059608080203708003e+00
-2.394134800000001206e+01 3.086000734720710792e-01 0.000000000000000000e+00 2.696256506114290019e+00
-2.388118000000001473e+01 3.078245177589731263e-01 0.000000000000000000e+00 2.818086329121916478e+00
-2.491350000000001330e+01 3.211309542990830601e-01 0.000000000000000000e+00 2.785568958222018221e+00
-2.529703200000000862e+01 3.260746192664394916e-01 0.000000000000000000e+00 2.527099588596149360e+00
-2.591806799999999456e+01 3.340796720825464639e-01 0.000000000000000000e+00 2.767155832144206684e+00
-2.626912800000001980e+01 3.386047782625791203e-01 0.000000000000000000e+00 2.466010142281321649e+00
-2.665305200000000596e+01 3.435534960460425724e-01 0.000000000000000000e+00 2.535791407015756338e+00
-2.630560600000002225e+01 3.390749737369573857e-01 0.000000000000000000e+00 2.781644262009014490e+00
-2.647147200000001632e+01 3.412129594421280387e-01 0.000000000000000000e+00 2.559271978397391845e+00
-2.780730800000000968e+01 3.584316677515613780e-01 0.000000000000000000e+00 2.504442898824148944e+00
-2.750672799999999896e+01 3.545572405436933083e-01 0.000000000000000000e+00 2.349931343939282158e+00
-2.661582800000000049e+01 3.430736847532562805e-01 0.000000000000000000e+00 2.604438542960183511e+00
-2.674342800000001574e+01 3.447184279554786901e-01 0.000000000000000000e+00 2.869644187498590071e+00
-2.697503400000001150e+01 3.477037915455560291e-01 0.000000000000000000e+00 2.782411124166022098e+00
-2.677154200000002149e+01 3.450808128331219748e-01 0.000000000000000000e+00 2.893795412521643851e+00
-2.743244600000001299e+01 3.535997576710644408e-01 0.000000000000000000e+00 2.722696279460097291e+00
-2.823271600000002834e+01 3.639151075334656205e-01 0.000000000000000000e+00 3.193428521347163596e+00
-2.854340200000003236e+01 3.679197994341365519e-01 0.000000000000000000e+00 2.621275690740034747e+00
-2.890289800000000753e+01 3.725536442791682057e-01 0.000000000000000000e+00 2.697563126342369610e+00
-2.891127000000003022e+01 3.726615579945995460e-01 0.000000000000000000e+00 3.065943020861887192e+00
-2.906257400000001567e+01 3.746118418932594674e-01 0.000000000000000000e+00 2.066834185323100037e+00
-2.975512800000001690e+01 3.835387500725055410e-01 0.000000000000000000e+00 2.897258922194974495e+00
-3.015780200000002154e+01 3.887291522998694293e-01 0.000000000000000000e+00 2.379893660725116433e+00
-3.020895400000000208e+01 3.893884932425029644e-01 0.000000000000000000e+00 2.734276832113073041e+00
-3.104449000000002457e+01 4.001584160968287840e-01 0.000000000000000000e+00 2.378528992716279600e+00
-3.136162000000002692e+01 4.042461701071793367e-01 0.000000000000000000e+00 2.347426701989248077e+00
-3.072028000000001668e+01 3.959794020404613923e-01 0.000000000000000000e+00 2.117070123419332539e+00
-3.202541000000001503e+01 4.128023150147268061e-01 0.000000000000000000e+00 2.586498790299778694e+00
-3.211740400000000761e+01 4.139881026804417274e-01 0.000000000000000000e+00 2.921234572066123025e+00
-3.175888600000002526e+01 4.093668640960038130e-01 0.000000000000000000e+00 2.463687787063379542e+00
-3.278575800000000839e+01 4.226030768040939245e-01 0.000000000000000000e+00 2.023352863625975218e+00
-3.336116000000002657e+01 4.300199147981776937e-01 0.000000000000000000e+00 2.493459466020425896e+00
-3.339456000000003399e+01 4.304504353542453754e-01 0.000000000000000000e+00 1.850436361423101417e+00
-3.466092600000003188e+01 4.467736866867322298e-01 0.000000000000000000e+00 3.005830968271872905e+00
-3.530104000000001463e+01 4.550246518132780027e-01 0.000000000000000000e+00 2.534412662659036197e+00
-3.571107200000002280e+01 4.603098974613468730e-01 0.000000000000000000e+00 2.525243078931794560e+00
-3.572967200000002919e+01 4.605496484296959792e-01 0.000000000000000000e+00 2.054451634672396221e+00
-3.706141000000003061e+01 4.777155341870705785e-01 0.000000000000000000e+00 2.634690000874309934e+00
-3.686945800000000162e+01 4.752413041937084692e-01 0.000000000000000000e+00 2.186079195529583963e+00
-3.573209600000001984e+01 4.605808933946032857e-01 0.000000000000000000e+00 2.179851459304119832e+00
-3.571260200000002527e+01 4.603296189119691628e-01 0.000000000000000000e+00 2.073651283327175854e+00
-3.598992200000000707e+01 4.639042285110305808e-01 0.000000000000000000e+00 2.463950989591122465e+00
-3.745569000000003967e+01 4.827977391225892756e-01 0.000000000000000000e+00 2.519408764116508159e+00
-3.733519000000001142e+01 4.812445137631236047e-01 0.000000000000000000e+00 2.671265656269258937e+00
-3.605419600000003300e+01 4.647327098948837998e-01 0.000000000000000000e+00 2.278652821292405317e+00
-3.701973400000001391e+01 4.771783373399244854e-01 0.000000000000000000e+00 2.374263995950889772e+00
-3.747959800000000996e+01 4.831059093457764630e-01 0.000000000000000000e+00 2.281051879543224636e+00
-3.508176000000001693e+01 4.521981683541613783e-01 0.000000000000000000e+00 2.371088689044155373e+00
-3.641721000000002562e+01 4.694119011865098279e-01 0.000000000000000000e+00 2.363486046162329046e+00
-3.654997600000002933e+01 4.711232332867154593e-01 0.000000000000000000e+00 2.378952072968008924e+00
-3.727676600000003759e+01 4.804914379257679280e-01 0.000000000000000000e+00 2.284223269714024784e+00
-3.624479200000002521e+01 4.671894612692625848e-01 0.000000000000000000e+00 2.223428417106329658e+00
-3.589590000000001879e+01 4.626923002558634979e-01 0.000000000000000000e+00 1.917257054157624596e+00
-3.744814600000002969e+01 4.827004981922007332e-01 0.000000000000000000e+00 2.357357099814206158e+00
-3.795523400000000436e+01 4.892367798609187357e-01 0.000000000000000000e+00 2.294983457092288681e+00
-3.856597399999999709e+01 4.971091189151912726e-01 0.000000000000000000e+00 2.393734624525138077e+00
-3.710391400000001738e+01 4.782634038192589143e-01 0.000000000000000000e+00 2.365980780040106701e+00
-3.896060600000001983e+01 5.021958610733370243e-01 0.000000000000000000e+00 2.388031155991026555e+00
-3.900359400000001386e+01 5.027499693866372965e-01 0.000000000000000000e+00 2.855500253288255852e+00
-4.081402800000002884e+01 5.260861685603989146e-01 0.000000000000000000e+00 2.533817973661983913e+00
-3.942188200000002496e+01 5.081416335290442898e-01 0.000000000000000000e+00 2.013619406345727558e+00
-3.915134400000003723e+01 5.046544428045711683e-01 0.000000000000000000e+00 2.267580045487018303e+00
-3.866333000000003750e+01 4.983640218869437311e-01 0.000000000000000000e+00 2.187946175242338143e+00
-4.127825800000002943e+01 5.320700175946279087e-01 0.000000000000000000e+00 2.695602030737692445e+00
-4.055635800000001012e+01 5.227648442585445254e-01 0.000000000000000000e+00 2.687991142105264686e+00
-3.987599000000000871e+01 5.139950116330780361e-01 0.000000000000000000e+00 2.183021937428236026e+00
-4.079315000000002556e+01 5.258170545433455967e-01 0.000000000000000000e+00 2.300549540563267215e+00
-4.205798800000001592e+01 5.421206102048841124e-01 0.000000000000000000e+00 2.409357951496706285e+00
-4.335234800000002764e+01 5.588046996345734652e-01 0.000000000000000000e+00 2.576541860338536605e+00
-4.278976000000002244e+01 5.515530320119105268e-01 0.000000000000000000e+00 2.352078261169612716e+00
-4.170816400000001067e+01 5.376114358633936607e-01 0.000000000000000000e+00 2.522770659474830257e+00
-4.193717400000004147e+01 5.405633374365986787e-01 0.000000000000000000e+00 2.527980530652397029e+00
-4.250641800000002490e+01 5.479007998143866631e-01 0.000000000000000000e+00 2.475086803105105648e+00
-4.237837200000000593e+01 5.462503077448586097e-01 0.000000000000000000e+00 2.211344775464865631e+00
-4.221441000000002219e+01 5.441368642893513741e-01 0.000000000000000000e+00 2.002797290937317509e+00
-4.093714400000002485e+01 5.276731137334771393e-01 0.000000000000000000e+00 2.462570073999433617e+00
-4.230145400000000677e+01 5.452588472618764559e-01 0.000000000000000000e+00 2.281286559542995640e+00
-4.227115400000003120e+01 5.448682852005339861e-01 0.000000000000000000e+00 2.646066170462992861e+00
-4.240192000000002537e+01 5.465538376267234932e-01 0.000000000000000000e+00 2.662695069194959796e+00
-4.234543600000002783e+01 5.458257680731630757e-01 0.000000000000000000e+00 2.398589483973925240e+00
-4.249579000000002083e+01 5.477638066266654615e-01 0.000000000000000000e+00 2.219267032949246765e+00
-4.312206400000000173e+01 5.558363764090202830e-01 0.000000000000000000e+00 2.226588780960460312e+00
-4.309654200000003499e+01 5.555074019889022496e-01 0.000000000000000000e+00 2.063143006112937439e+00
-4.302627000000001800e+01 5.546016073626751641e-01 0.000000000000000000e+00 2.086826855381977985e+00
-4.319022800000003315e+01 5.567149992588348306e-01 0.000000000000000000e+00 2.405600114130997724e+00
-4.264266800000001467e+01 5.496570401067280009e-01 0.000000000000000000e+00 2.338806541499663272e+00
-4.144819600000001003e+01 5.342604907160950489e-01 0.000000000000000000e+00 2.267553511620982398e+00
-4.243756600000001100e+01 5.470133087567109476e-01 0.000000000000000000e+00 2.085899891465590184e+00
-4.148575200000001217e+01 5.347445814347678850e-01 0.000000000000000000e+00 2.045107397465393717e+00
-4.175604400000000993e+01 5.382286012593372471e-01 0.000000000000000000e+00 1.933994799295233102e+00
-4.221394400000002634e+01 5.441308576253056639e-01 0.000000000000000000e+00 2.419781439763985187e+00
-4.281333400000002598e+01 5.518568970295374410e-01 0.000000000000000000e+00 2.820501548357467136e+00
-4.103230000000002775e+01 5.288996590638115336e-01 0.000000000000000000e+00 2.326549043479885892e+00
-4.192730200000002583e+01 5.404360889656553146e-01 0.000000000000000000e+00 2.615250654189456903e+00
-4.207467400000001589e+01 5.423356900251998791e-01 0.000000000000000000e+00 2.427895443916376017e+00
-4.098022000000002407e+01 5.282283563524342584e-01 0.000000000000000000e+00 2.182594997434999406e+00
-4.207460000000002509e+01 5.423347361772613562e-01 0.000000000000000000e+00 2.836197654849487826e+00
-4.210117000000001752e+01 5.426772191465640827e-01 0.000000000000000000e+00 2.719678205470847487e+00
-4.210233799999999604e+01 5.426922744761891737e-01 0.000000000000000000e+00 2.222832870064320065e+00
-4.290766600000003450e+01 5.530728211341772171e-01 0.000000000000000000e+00 2.645950655006874985e+00
-4.147947600000001245e+01 5.346636848177056534e-01 0.000000000000000000e+00 2.076711506161176946e+00
-4.154554000000002389e+01 5.355152390098030235e-01 0.000000000000000000e+00 2.698494713050895832e+00
-4.279820000000002977e+01 5.516618222362581481e-01 0.000000000000000000e+00 2.542679586260101043e+00
-4.206043600000000282e+01 5.421521645258795541e-01 0.000000000000000000e+00 3.091298539335365803e+00
-4.317102000000003414e+01 5.564674112695848773e-01 0.000000000000000000e+00 2.282312416578564651e+00
-4.208160400000001999e+01 5.424250165956654435e-01 0.000000000000000000e+00 2.102478475750451103e+00
-4.164040200000002301e+01 5.367379947280569441e-01 0.000000000000000000e+00 2.441507141173254958e+00
-4.198605800000002830e+01 5.411934442288980351e-01 0.000000000000000000e+00 2.348619968965226512e+00
-4.183391600000001631e+01 5.392323586468251717e-01 0.000000000000000000e+00 2.756065423814803683e+00
-4.171338400000001201e+01 5.376787208125755058e-01 0.000000000000000000e+00 2.589053951500782436e+00
-4.274383000000001687e+01 5.509610017981324548e-01 0.000000000000000000e+00 1.653092256709201235e+00
-4.287304400000001436e+01 5.526265491972855992e-01 0.000000000000000000e+00 2.331910039514363042e+00
-4.287758600000002218e+01 5.526850948369760319e-01 0.000000000000000000e+00 2.553923375017070896e+00
-4.340545400000003440e+01 5.594892273187209719e-01 0.000000000000000000e+00 2.436969315840368910e+00
-4.302501600000000082e+01 5.545854435070668442e-01 0.000000000000000000e+00 2.237082262464736626e+00
-4.367149800000004234e+01 5.629184911156803750e-01 0.000000000000000000e+00 2.263884114265622305e+00
-4.388722200000002971e+01 5.656991383143964436e-01 0.000000000000000000e+00 2.588564575187405126e+00
-4.365434200000004239e+01 5.626973530719709959e-01 0.000000000000000000e+00 2.201587941756787625e+00
-4.466856600000001265e+01 5.757705351215834932e-01 0.000000000000000000e+00 2.466582037214061884e+00
-4.395012800000003494e+01 5.665099864012224096e-01 0.000000000000000000e+00 2.204478848790261569e+00
-4.365257200000003479e+01 5.626745380604666336e-01 0.000000000000000000e+00 2.478693243458673034e+00
-4.342686400000004454e+01 5.597651987290626074e-01 0.000000000000000000e+00 2.286441644265232664e+00
-4.443316800000003042e+01 5.727362932695719833e-01 0.000000000000000000e+00 2.490108925972532639e+00
-4.515267000000003605e+01 5.820105567765100352e-01 0.000000000000000000e+00 2.535688343717469539e+00
-4.428742400000004409e+01 5.708576768646765887e-01 0.000000000000000000e+00 1.929213328089137702e+00
-4.408991200000004085e+01 5.683117793775502857e-01 0.000000000000000000e+00 2.286301904261618390e+00
-4.362330600000004210e+01 5.622973040905903108e-01 0.000000000000000000e+00 2.228375612654820426e+00
-4.382753000000003851e+01 5.649297181637142895e-01 0.000000000000000000e+00 2.329717844688190098e+00
-4.336944000000001154e+01 5.590250127287141879e-01 0.000000000000000000e+00 1.791711167312049158e+00
-4.343221400000002319e+01 5.598341593570552721e-01 0.000000000000000000e+00 2.643507172892737955e+00
-4.425753000000000270e+01 5.704723480771586308e-01 0.000000000000000000e+00 2.440631397090647692e+00
-4.531338800000002465e+01 5.840821856007634150e-01 0.000000000000000000e+00 2.301122877648293930e+00
-4.516428600000001836e+01 5.821602851231948428e-01 0.000000000000000000e+00 2.214005020251989198e+00
-4.439790400000003245e+01 5.722817460573215165e-01 0.000000000000000000e+00 2.175865326525462162e+00
-4.214215200000003847e+01 5.432054704468266548e-01 0.000000000000000000e+00 1.904203898050178534e+00
-4.493561400000002948e+01 5.792127403148991105e-01 0.000000000000000000e+00 2.270406856656205896e+00
-4.533980800000001210e+01 5.844227350945149224e-01 0.000000000000000000e+00 2.389550466226320058e+00
-4.494820200000003041e+01 5.793749975831559151e-01 0.000000000000000000e+00 2.385641395405166065e+00
-4.467511600000003824e+01 5.758549635539863543e-01 0.000000000000000000e+00 1.959926371876187901e+00
-4.579702200000003387e+01 5.903161490322959004e-01 0.000000000000000000e+00 2.688184898176432469e+00
-4.476125600000001015e+01 5.769652941138561086e-01 0.000000000000000000e+00 2.461254223191045476e+00
-4.359551800000001975e+01 5.619391212998113838e-01 0.000000000000000000e+00 2.184220739593112803e+00
-4.650771000000003852e+01 5.994768015158453700e-01 0.000000000000000000e+00 2.935136036890028333e+00
-4.581908600000001286e+01 5.906005503960404246e-01 0.000000000000000000e+00 1.989450377833693606e+00
-4.644494000000003808e+01 5.986677064468524101e-01 0.000000000000000000e+00 2.303820653618767089e+00
-4.593518600000000873e+01 5.920970604726704112e-01 0.000000000000000000e+00 2.099904368049539727e+00
-4.568181400000003123e+01 5.888311366902769795e-01 0.000000000000000000e+00 2.321838686964894816e+00
-4.504259200000002750e+01 5.805916692983420502e-01 0.000000000000000000e+00 2.264200024968347602e+00
-4.555384400000005485e+01 5.871816242483620663e-01 0.000000000000000000e+00 2.008923654738949072e+00
-4.572788000000001318e+01 5.894249199218877244e-01 0.000000000000000000e+00 2.361324508564520919e+00
-4.674850600000004164e+01 6.025806227080263699e-01 0.000000000000000000e+00 1.697180372896603728e+00
-4.579965800000001508e+01 5.903501266426487426e-01 0.000000000000000000e+00 2.366582166360883477e+00
-4.626966200000000384e+01 5.964084015957619167e-01 0.000000000000000000e+00 2.149605633870473653e+00
-4.632028600000003138e+01 5.970609367044558136e-01 0.000000000000000000e+00 2.082136601590012681e+00
-4.707212200000004287e+01 6.067519802012109054e-01 0.000000000000000000e+00 2.161863089301644170e+00
-4.647565800000002412e+01 5.990636564600643199e-01 0.000000000000000000e+00 2.423395571756307376e+00
-4.698493200000003611e+01 6.056281153124822847e-01 0.000000000000000000e+00 2.478960230992914404e+00
-4.777387800000002471e+01 6.157975006606044577e-01 0.000000000000000000e+00 2.718414043562603855e+00
-4.758198400000001271e+01 6.133240182777890404e-01 0.000000000000000000e+00 2.545896276332251240e+00
-4.625504200000001731e+01 5.962199521787049372e-01 0.000000000000000000e+00 2.347248273534804142e+00
-4.667267400000002908e+01 6.016031605880347577e-01 0.000000000000000000e+00 2.263562825631264985e+00
-4.739193400000003464e+01 6.108743047544168414e-01 0.000000000000000000e+00 1.859073100437881543e+00
-4.712151800000004442e+01 6.073886865900586240e-01 0.000000000000000000e+00 2.246932191681841218e+00
-4.734487800000001556e+01 6.102677605841676511e-01 0.000000000000000000e+00 2.039584459142537387e+00
-4.682299400000003686e+01 6.035407608870790863e-01 0.000000000000000000e+00 2.343974906863134589e+00
-4.698462600000002709e+01 6.056241710223577712e-01 0.000000000000000000e+00 2.076579678445624300e+00
-4.734474200000004629e+01 6.102660075663348671e-01 0.000000000000000000e+00 2.109495647567700249e+00
-4.748392000000001190e+01 6.120599893014354587e-01 0.000000000000000000e+00 2.370252671439196046e+00
-4.538228000000002993e+01 5.849701922519193742e-01 0.000000000000000000e+00 2.500604785109620032e+00
-4.611632600000005056e+01 5.944319255483020426e-01 0.000000000000000000e+00 2.490964091749995557e+00
-4.641319600000002765e+01 5.982585314608700466e-01 0.000000000000000000e+00 2.144257117946125835e+00
-4.673032400000002440e+01 6.023462596915465372e-01 0.000000000000000000e+00 1.704933549528271364e+00
-4.699756600000002749e+01 6.057909655132414084e-01 0.000000000000000000e+00 2.431824708271880020e+00
-4.661710200000003113e+01 6.008868465658255831e-01 0.000000000000000000e+00 2.122924718876333383e+00
-4.739303400000001432e+01 6.108884835751253739e-01 0.000000000000000000e+00 1.967554688276180075e+00
-4.791074000000003963e+01 6.175616295331950445e-01 0.000000000000000000e+00 2.500612557681889836e+00
-4.742518400000002288e+01 6.113028918349330265e-01 0.000000000000000000e+00 2.239458561399666259e+00
-4.739629600000002085e+01 6.109305302234455670e-01 0.000000000000000000e+00 1.759870309266675203e+00
-4.778793600000003039e+01 6.159787059892631866e-01 0.000000000000000000e+00 2.343338943461537038e+00
-4.888232400000003253e+01 6.300851889327863109e-01 0.000000000000000000e+00 2.119858475985144874e+00
-4.819465400000002120e+01 6.212212347174872473e-01 0.000000000000000000e+00 2.249467337865845185e+00
-4.814191000000003839e+01 6.205413731543369948e-01 0.000000000000000000e+00 2.063116709708586960e+00
-4.827603200000000783e+01 6.222701838735250623e-01 0.000000000000000000e+00 2.187315108625230042e+00
-4.854385800000004991e+01 6.257224173600330897e-01 0.000000000000000000e+00 1.985112481416291708e+00
-4.858272400000002023e+01 6.262233937651860982e-01 0.000000000000000000e+00 1.681370494934523174e+00
-4.943648600000002347e+01 6.372282467888196189e-01 0.000000000000000000e+00 2.564379417120940641e+00
-4.871231600000001549e+01 6.278938135227282169e-01 0.000000000000000000e+00 2.273965261086963174e+00
-4.905397800000001496e+01 6.322977810145592459e-01 0.000000000000000000e+00 2.178922796207874324e+00
-4.895432200000003320e+01 6.310132314176891688e-01 0.000000000000000000e+00 2.288591897002665743e+00
-4.871957400000003702e+01 6.279873679597326452e-01 0.000000000000000000e+00 2.071613345939523398e+00
-5.032924600000005455e+01 6.487357776760920292e-01 0.000000000000000000e+00 2.338166495156995150e+00
-4.992891600000003649e+01 6.435755892266746825e-01 0.000000000000000000e+00 2.417973127434202674e+00
-4.857485400000000908e+01 6.261219507479328650e-01 0.000000000000000000e+00 1.659398001066481276e+00
-4.924329200000003226e+01 6.347380076178941177e-01 0.000000000000000000e+00 2.286121909475926639e+00
-4.974904400000004046e+01 6.412570684643698060e-01 0.000000000000000000e+00 2.355214009462340830e+00
-4.955374000000004031e+01 6.387396317373571497e-01 0.000000000000000000e+00 1.826079211221836696e+00
-4.900724800000003256e+01 6.316954389311750795e-01 0.000000000000000000e+00 1.943458692691454992e+00
-4.883201600000003850e+01 6.294367270125874603e-01 0.000000000000000000e+00 2.314323830772350377e+00
-5.036219800000002778e+01 6.491605235851796163e-01 0.000000000000000000e+00 1.945726026266002551e+00
-5.083681200000003741e+01 6.552782206868998927e-01 0.000000000000000000e+00 2.265992686129397082e+00
-5.099862000000000961e+01 6.573638994334918273e-01 0.000000000000000000e+00 2.231890339437116566e+00
-5.010684400000001659e+01 6.458690521458357869e-01 0.000000000000000000e+00 2.280756075963504603e+00
-4.993853600000002757e+01 6.436995894586916567e-01 0.000000000000000000e+00 2.173402745755274257e+00
-4.972679200000001742e+01 6.409702438112672152e-01 0.000000000000000000e+00 2.197545397500758391e+00
-4.887853600000001109e+01 6.300363622301997646e-01 0.000000000000000000e+00 1.804870239915693508e+00
-5.035464600000003088e+01 6.490631795360951584e-01 0.000000000000000000e+00 2.233833924513429547e+00
-5.060638800000002391e+01 6.523080928841658022e-01 0.000000000000000000e+00 2.088316063063368144e+00
-5.108364400000002803e+01 6.584598449352611071e-01 0.000000000000000000e+00 2.105971171554393173e+00
-5.089689200000000824e+01 6.560526420943407766e-01 0.000000000000000000e+00 1.885182840403958116e+00
-5.017995200000002143e+01 6.468114023498175991e-01 0.000000000000000000e+00 2.143048755813535156e+00
-4.958211800000002967e+01 6.391054195319704201e-01 0.000000000000000000e+00 1.776185819084014295e+00
-5.000434600000004792e+01 6.445478696321891299e-01 0.000000000000000000e+00 2.109203408796981538e+00
-5.024937800000001431e+01 6.477062921739356049e-01 0.000000000000000000e+00 1.948088179178381951e+00
-5.022117200000003123e+01 6.473427214312879041e-01 0.000000000000000000e+00 1.687085797132098497e+00
-4.987818200000003088e+01 6.429216362359101433e-01 0.000000000000000000e+00 1.860798923042454422e+00
-5.050667200000002310e+01 6.510227698970749710e-01 0.000000000000000000e+00 1.815168495397280646e+00
-4.999025800000004693e+01 6.443662776084202459e-01 0.000000000000000000e+00 2.314188321662083325e+00
-4.918263400000002861e+01 6.339561358846621530e-01 0.000000000000000000e+00 1.994921431642931564e+00
-5.069142800000003035e+01 6.534042446233271351e-01 0.000000000000000000e+00 2.182641829243551435e+00
-5.049246000000005097e+01 6.508395795335174538e-01 0.000000000000000000e+00 2.453259084186057759e+00
-5.048729600000002904e+01 6.507730164152077945e-01 0.000000000000000000e+00 2.129130310425296102e+00
-4.943123800000002177e+01 6.371606009242015700e-01 0.000000000000000000e+00 2.297848840435529727e+00
-5.045547000000001958e+01 6.503627844625907706e-01 0.000000000000000000e+00 2.030273211723590432e+00
-5.141056200000000587e+01 6.626737646702458573e-01 0.000000000000000000e+00 2.115871442447687656e+00
-5.146328000000004721e+01 6.633532910976346342e-01 0.000000000000000000e+00 2.143197315350421128e+00
-5.147353800000001200e+01 6.634855150456624440e-01 0.000000000000000000e+00 2.404496057947034249e+00
-5.154900400000002492e+01 6.644582594853091218e-01 0.000000000000000000e+00 2.076122852377878303e+00
-5.220083800000003293e+01 6.728602935015890463e-01 0.000000000000000000e+00 2.425014615254509565e+00
-5.274510200000002413e+01 6.798757677509170705e-01 0.000000000000000000e+00 1.667838565085925540e+00
-5.277250200000001712e+01 6.802289492849364905e-01 0.000000000000000000e+00 2.553477038047208048e+00
-5.224314200000004860e+01 6.734055851663761638e-01 0.000000000000000000e+00 2.047029325542827127e+00
-5.299450800000003170e+01 6.830905704397371991e-01 0.000000000000000000e+00 2.133627580828651560e+00
-5.228768600000002920e+01 6.739797500660608121e-01 0.000000000000000000e+00 2.221101872195578864e+00
-5.206885600000001091e+01 6.711590670335975117e-01 0.000000000000000000e+00 2.376822505763320770e+00
-5.169278200000002954e+01 6.663115344706469489e-01 0.000000000000000000e+00 2.065040478502672361e+00
-5.137808000000001840e+01 6.622550769845517715e-01 0.000000000000000000e+00 1.838301204038031544e+00
-5.182156200000003565e+01 6.679714876805387114e-01 0.000000000000000000e+00 1.865004318611729994e+00
-5.215426800000001606e+01 6.722600137921258545e-01 0.000000000000000000e+00 2.324686359072243302e+00
-5.313291800000003207e+01 6.848746527800160244e-01 0.000000000000000000e+00 2.472529239560334879e+00
-5.211947200000003733e+01 6.718114990235952710e-01 0.000000000000000000e+00 1.774693150548009690e+00
-5.214801400000002474e+01 6.721794007514778624e-01 0.000000000000000000e+00 2.247032985917656767e+00
-5.278066400000003711e+01 6.803341561345961352e-01 0.000000000000000000e+00 2.004805739223689098e+00
-5.239727400000003144e+01 6.753923215240946742e-01 0.000000000000000000e+00 2.222318532597717500e+00
-5.278198000000003276e+01 6.803511191600986052e-01 0.000000000000000000e+00 2.281719871792620591e+00
-5.291907399999999484e+01 6.821182384748744054e-01 0.000000000000000000e+00 1.950743066018742145e+00
-5.277929200000004073e+01 6.803164712782212575e-01 0.000000000000000000e+00 2.117003118651409999e+00
-5.325807000000003910e+01 6.864878416612426593e-01 0.000000000000000000e+00 1.709721579407275538e+00
-5.341707600000003708e+01 6.885374030845384796e-01 0.000000000000000000e+00 2.192075710975901703e+00
-5.395128400000005087e+01 6.954232571329141965e-01 0.000000000000000000e+00 2.254567767965175662e+00
-5.283763800000003386e+01 6.810685417082905646e-01 0.000000000000000000e+00 1.870724982070163467e+00
-5.318280600000002778e+01 6.855177009686715950e-01 0.000000000000000000e+00 1.990547750909408498e+00
-5.283129600000003023e+01 6.809867943619857256e-01 0.000000000000000000e+00 2.104357644638737312e+00
-5.377635000000004339e+01 6.931683863857547312e-01 0.000000000000000000e+00 2.376389638217239586e+00
-5.317977400000003030e+01 6.854786189828633303e-01 0.000000000000000000e+00 2.365143031983776734e+00
-5.307675000000004673e+01 6.841506564149502090e-01 0.000000000000000000e+00 2.329583193893861370e+00
-5.340858400000001893e+01 6.884279425886662418e-01 0.000000000000000000e+00 2.078566735635132279e+00
-5.329667600000004768e+01 6.869854667087740285e-01 0.000000000000000000e+00 2.048842896359707844e+00
-5.377375200000002309e+01 6.931348985892076264e-01 0.000000000000000000e+00 2.086070109249214877e+00
-5.203615200000005103e+01 6.707375178040879682e-01 0.000000000000000000e+00 2.154323278709088907e+00
-5.215169800000002454e+01 6.722268869110152867e-01 0.000000000000000000e+00 1.972749885592968599e+00
-5.284249200000002133e+01 6.811311089771272531e-01 0.000000000000000000e+00 1.982907076969303573e+00
-5.291594600000004078e+01 6.820779190647139334e-01 0.000000000000000000e+00 2.262092746779924113e+00
-5.404003200000003915e+01 6.965672043877010333e-01 0.000000000000000000e+00 2.070169477514419043e+00
-5.383136800000002609e+01 6.938775594382612377e-01 0.000000000000000000e+00 2.445957871110719939e+00
-5.319611000000003287e+01 6.856891873602262155e-01 0.000000000000000000e+00 2.269351973604140760e+00
-5.292173000000001792e+01 6.821524738819679801e-01 0.000000000000000000e+00 1.985634148685059941e+00
-5.397104400000002755e+01 6.956779603121922007e-01 0.000000000000000000e+00 1.909054944805640419e+00
-5.389436600000003352e+01 6.946895933900919529e-01 0.000000000000000000e+00 1.814843514428345017e+00
-5.303144600000003095e+01 6.835666952391390438e-01 0.000000000000000000e+00 2.202338561639614944e+00
-5.424071000000002130e+01 6.991539110987944339e-01 0.000000000000000000e+00 2.033739947297176887e+00
-5.308009800000003509e+01 6.841938115892528538e-01 0.000000000000000000e+00 1.939783931630040925e+00
-5.380161600000000988e+01 6.934940610075986944e-01 0.000000000000000000e+00 2.307621914164301291e+00
-5.265805000000002423e+01 6.787536816596957401e-01 0.000000000000000000e+00 1.943457974977861324e+00
-5.329702800000004004e+01 6.869900039314007500e-01 0.000000000000000000e+00 1.859110308238319353e+00
-5.339095800000004033e+01 6.882007463215632503e-01 0.000000000000000000e+00 2.158273302414491113e+00
-5.311060800000002757e+01 6.845870805163671857e-01 0.000000000000000000e+00 2.340780471486578751e+00
-5.216523600000002858e+01 6.724013895244298489e-01 0.000000000000000000e+00 2.296321855961322989e+00
-5.117038000000004416e+01 6.595778578379881685e-01 0.000000000000000000e+00 2.202766182174888066e+00
-5.146010599999999613e+01 6.633123787549706218e-01 0.000000000000000000e+00 2.391981207225761352e+00
-5.229273000000001304e+01 6.740447664039289632e-01 0.000000000000000000e+00 1.973522885526531656e+00
-5.286456199999999939e+01 6.814155876798937417e-01 0.000000000000000000e+00 1.986164310025784863e+00
-5.347386200000003242e+01 6.892693653688752864e-01 0.000000000000000000e+00 2.050100341411255744e+00
-5.333889800000001458e+01 6.875297014069259305e-01 0.000000000000000000e+00 2.065503961982561254e+00
-5.294489400000001211e+01 6.824510540664214808e-01 0.000000000000000000e+00 2.078562112451098010e+00
-5.267774400000001833e+01 6.790075341097313588e-01 0.000000000000000000e+00 2.348448830603646620e+00
-5.229043600000001391e+01 6.740151971178326429e-01 0.000000000000000000e+00 1.880964150981290883e+00
-5.238157600000004521e+01 6.751899768627431797e-01 0.000000000000000000e+00 1.961303696865269508e+00
-5.209449400000004005e+01 6.714895366748092620e-01 0.000000000000000000e+00 1.779097082413015452e+00
-5.338264600000001536e+01 6.880936059963523865e-01 0.000000000000000000e+00 1.915830695764195957e+00
-5.400836000000000325e+01 6.961589574699827976e-01 0.000000000000000000e+00 2.035158223615921802e+00
-5.295428600000005304e+01 6.825721154156012549e-01 0.000000000000000000e+00 2.682087300721382572e+00
-5.261699600000002874e+01 6.782245022911689292e-01 0.000000000000000000e+00 1.789200500077838152e+00
-5.154975400000001429e+01 6.644679268630649949e-01 0.000000000000000000e+00 2.392932178055139580e+00
-5.287377000000000038e+01 6.815342772990635734e-01 0.000000000000000000e+00 2.199126305002406134e+00
-5.287254600000001403e+01 6.815185001385659636e-01 0.000000000000000000e+00 2.642388250455533161e+00
-5.193589400000001888e+01 6.694452085253383977e-01 0.000000000000000000e+00 1.769110869176486078e+00
-5.217512200000003020e+01 6.725288184530910929e-01 0.000000000000000000e+00 1.765918615303305961e+00
-5.317126400000002207e+01 6.853689264699250883e-01 0.000000000000000000e+00 2.117889233829691964e+00
-5.188799200000007517e+01 6.688277595529814601e-01 0.000000000000000000e+00 1.975485319104133275e+00
-5.357454200000002942e+01 6.905671141588418660e-01 0.000000000000000000e+00 2.572432037530463234e+00
-5.357631400000003197e+01 6.905899549500200685e-01 0.000000000000000000e+00 2.033016902602303944e+00
-5.293725800000002124e+01 6.823526272710284113e-01 0.000000000000000000e+00 2.150675090309265514e+00
-5.321290600000003224e+01 6.859056850626128465e-01 0.000000000000000000e+00 2.185765092307843105e+00
-5.384660000000003777e+01 6.940738974355673552e-01 0.000000000000000000e+00 2.329688219223310153e+00
-5.240310200000002538e+01 6.754674434941773109e-01 0.000000000000000000e+00 1.954080840835714428e+00
-5.343411600000002437e+01 6.887570459071548079e-01 0.000000000000000000e+00 2.161061713192444333e+00
-5.280928800000004486e+01 6.807031148291136091e-01 0.000000000000000000e+00 1.813513188232980466e+00
-5.268018200000003759e+01 6.790389595323571559e-01 0.000000000000000000e+00 2.049944713340712266e+00
-5.236376400000003883e+01 6.749603830859564058e-01 0.000000000000000000e+00 2.539468672953681061e+00
-5.341391600000003592e+01 6.884966711995931243e-01 0.000000000000000000e+00 1.720550556865829028e+00
-5.231942600000002841e+01 6.743888734926950512e-01 0.000000000000000000e+00 2.129725758919692069e+00
-5.202587400000002305e+01 6.706050360593193149e-01 0.000000000000000000e+00 2.170414102210623586e+00
-5.198766000000002663e+01 6.701124638278952439e-01 0.000000000000000000e+00 2.008127183987784115e+00
-5.320241000000002884e+01 6.857703933333766377e-01 0.000000000000000000e+00 1.937797114475271254e+00
-5.298120800000003072e+01 6.829191356075305919e-01 0.000000000000000000e+00 2.429015265646437882e+00
-5.313053000000003578e+01 6.848438718492408928e-01 0.000000000000000000e+00 2.314270445485679506e+00
-5.409153400000002421e+01 6.972310567732874498e-01 0.000000000000000000e+00 2.374070583320955219e+00
-5.286744400000007005e+01 6.814527361901517866e-01 0.000000000000000000e+00 2.037643589552511347e+00
-5.302037800000001511e+01 6.834240305231342738e-01 0.000000000000000000e+00 2.182253289355992720e+00
-5.299120600000004799e+01 6.830480081979369844e-01 0.000000000000000000e+00 2.332139068129289061e+00
-5.283135400000003301e+01 6.809875419725321954e-01 0.000000000000000000e+00 2.091087165669638814e+00
-5.257615400000003802e+01 6.776980555680878204e-01 0.000000000000000000e+00 2.267618976038277889e+00
-5.358797400000003108e+01 6.907402504495334661e-01 0.000000000000000000e+00 2.233419913772679344e+00
-5.295159800000003969e+01 6.825374675337235741e-01 0.000000000000000000e+00 2.254333994505658190e+00
-5.234602200000002625e+01 6.747316915977600305e-01 0.000000000000000000e+00 2.401861373453699322e+00
-5.238040200000001789e+01 6.751748441940953471e-01 0.000000000000000000e+00 2.390547617495018873e+00
-5.273060200000003306e+01 6.796888651143010440e-01 0.000000000000000000e+00 2.163040536098212563e+00
-5.318061200000003197e+01 6.854894206662760503e-01 0.000000000000000000e+00 2.246528948268884385e+00
-5.294112800000000618e+01 6.824025109402492850e-01 0.000000000000000000e+00 2.190572734668891908e+00
-5.323476800000003806e+01 6.861874826792819793e-01 0.000000000000000000e+00 2.225232620815952522e+00
-5.279763800000002760e+01 6.805529482279699671e-01 0.000000000000000000e+00 2.187191050149607907e+00
-5.354569400000002588e+01 6.901952681408346502e-01 0.000000000000000000e+00 2.485447259785602103e+00
-5.323192200000006835e+01 6.861507982031576081e-01 0.000000000000000000e+00 2.088073312868864218e+00
-5.098108400000003826e+01 6.571378632517196339e-01 0.000000000000000000e+00 1.818036578996609975e+00
-5.362006400000004902e+01 6.911538853191208087e-01 0.000000000000000000e+00 2.187815322728972056e+00
-5.360562200000001098e+01 6.909677302930505860e-01 0.000000000000000000e+00 2.651245847779812870e+00
-5.276489400000001950e+01 6.801308834049796248e-01 0.000000000000000000e+00 2.273007315724560495e+00
-5.266762200000001570e+01 6.788770631795363331e-01 0.000000000000000000e+00 1.919486699672123819e+00
-5.261011200000007193e+01 6.781357686532063500e-01 0.000000000000000000e+00 2.113696921370256554e+00
-5.357423400000002545e+01 6.905631440890432904e-01 0.000000000000000000e+00 1.906439944573829814e+00
-5.724890800000003566e+01 7.379290930066193521e-01 0.000000000000000000e+00 1.895051831687945887e+00
-5.808297800000002553e+01 7.486801193598909832e-01 0.000000000000000000e+00 1.753650419742380118e+00
-5.841381600000002550e+01 7.529445672559473834e-01 0.000000000000000000e+00 2.164308813862203529e+00
-5.846041400000004273e+01 7.535452078808468901e-01 0.000000000000000000e+00 1.982276770624519902e+00
-5.856470200000001114e+01 7.548894632027379759e-01 0.000000000000000000e+00 1.762214302769344876e+00
-5.849628200000006473e+01 7.540075405546504683e-01 0.000000000000000000e+00 2.059291420960230656e+00
-5.785638000000002279e+01 7.457593080735497315e-01 0.000000000000000000e+00 1.932290998224176048e+00
-5.739286400000000299e+01 7.397846623829441581e-01 0.000000000000000000e+00 1.563018932882610512e+00
-5.833141400000000942e+01 7.518824189068130659e-01 0.000000000000000000e+00 1.739245335998322650e+00
-5.781554600000002608e+01 7.452329644691646493e-01 0.000000000000000000e+00 1.902123776969608882e+00
-5.829571200000003017e+01 7.514222259459533149e-01 0.000000000000000000e+00 1.902143307821707818e+00
-5.942827800000002014e+01 7.660208170867681687e-01 0.000000000000000000e+00 1.744107931952318058e+00
-5.888282200000003286e+01 7.589899781517266408e-01 0.000000000000000000e+00 2.006870044439521550e+00
-5.944794600000003726e+01 7.662743344010419788e-01 0.000000000000000000e+00 1.816934853455403953e+00
-5.940979200000001015e+01 7.657825355598379957e-01 0.000000000000000000e+00 1.664403212467678195e+00
-5.923235000000001804e+01 7.634953371014625567e-01 0.000000000000000000e+00 2.138706540921829546e+00
-5.885738400000005299e+01 7.586620864779171081e-01 0.000000000000000000e+00 1.701272567590615070e+00
-5.841572200000000947e+01 7.529691352852844188e-01 0.000000000000000000e+00 1.539535836095484278e+00
-5.929341800000005946e+01 7.642824936678683789e-01 0.000000000000000000e+00 2.022774352838450085e+00
-5.865447400000005018e+01 7.560466096506216482e-01 0.000000000000000000e+00 1.983699664188358858e+00
-5.920353600000004235e+01 7.631239293379140642e-01 0.000000000000000000e+00 1.778356687445411755e+00
-5.817928200000003613e+01 7.499214622231106242e-01 0.000000000000000000e+00 2.009793334386760666e+00
-5.924516599999999045e+01 7.636605332525568945e-01 0.000000000000000000e+00 1.691916839672587880e+00
-5.930784000000000589e+01 7.644683908971972031e-01 0.000000000000000000e+00 1.713706673980248452e+00
-5.891069800000004619e+01 7.593492952481621927e-01 0.000000000000000000e+00 2.055178926073780943e+00
-5.954247600000004326e+01 7.674928106934093552e-01 0.000000000000000000e+00 1.770025977388553606e+00
-5.943865000000000975e+01 7.661545104762151892e-01 0.000000000000000000e+00 2.281136283641434392e+00
-5.867381400000004277e+01 7.562958990983564833e-01 0.000000000000000000e+00 1.759722025397962408e+00
-5.899530999999999636e+01 7.604399301370833308e-01 0.000000000000000000e+00 2.159753333348299886e+00
-5.932437400000000594e+01 7.646815114622875775e-01 0.000000000000000000e+00 1.955545803095401824e+00
-5.924271600000004412e+01 7.636289531518879459e-01 0.000000000000000000e+00 2.030503843266294517e+00
-5.824975600000001208e+01 7.508298605964128791e-01 0.000000000000000000e+00 1.589281106544780275e+00
-5.883529000000005027e+01 7.583772984190620958e-01 0.000000000000000000e+00 1.815960253731152774e+00
-5.957906400000005931e+01 7.679644240498586516e-01 0.000000000000000000e+00 1.986471104749333749e+00
-5.955144200000002996e+01 7.676083809720229967e-01 0.000000000000000000e+00 1.449246493814749126e+00
-5.860569400000003526e+01 7.554178434013706367e-01 0.000000000000000000e+00 1.767290713214478837e+00
-5.967287800000002562e+01 7.691736712189277680e-01 0.000000000000000000e+00 1.734277393234089804e+00
-6.029376400000003855e+01 7.771767905594838544e-01 0.000000000000000000e+00 1.604695940834054868e+00
-6.013241600000002052e+01 7.750970411379151104e-01 0.000000000000000000e+00 1.828549245598760864e+00
-5.985128800000005356e+01 7.714733470395274129e-01 0.000000000000000000e+00 1.797394893249335324e+00
-6.010417800000001876e+01 7.747330579204828593e-01 0.000000000000000000e+00 1.745721288663493853e+00
-5.935866400000004717e+01 7.651235039732928733e-01 0.000000000000000000e+00 1.825143875857406339e+00
-5.925907200000001751e+01 7.638397793259906754e-01 0.000000000000000000e+00 1.490340306882690591e+00
-5.965577800000004771e+01 7.689532550060910188e-01 0.000000000000000000e+00 1.727185744111682464e+00
-6.007119000000000142e+01 7.743078479772623757e-01 0.000000000000000000e+00 1.553080727639634340e+00
-5.837398000000005283e+01 7.524310877088965510e-01 0.000000000000000000e+00 1.586137534638115465e+00
-6.018760200000003380e+01 7.758083796830392842e-01 0.000000000000000000e+00 1.934932031065805136e+00
-6.008016000000003487e+01 7.744234698152245855e-01 0.000000000000000000e+00 1.471052923671484658e+00
-5.974878400000002898e+01 7.701520871868579032e-01 0.000000000000000000e+00 1.479346431225559311e+00
-5.932104800000002598e+01 7.646386398643992832e-01 0.000000000000000000e+00 1.980888485201536264e+00
-5.988507200000004360e+01 7.719088172930058667e-01 0.000000000000000000e+00 1.818962190070219531e+00
-5.824176400000002474e+01 7.507268450190450748e-01 0.000000000000000000e+00 1.690094415121309757e+00
-5.993729200000001356e+01 7.725819245815638281e-01 0.000000000000000000e+00 1.731883277826816725e+00
-5.968166000000004345e+01 7.692868697675323553e-01 0.000000000000000000e+00 1.879839809207908496e+00
-5.977995400000006754e+01 7.705538634063980874e-01 0.000000000000000000e+00 1.730351429677179809e+00
-5.953593000000000757e+01 7.674084338203543965e-01 0.000000000000000000e+00 1.751331126961039653e+00
-5.986229600000005746e+01 7.716152383653116509e-01 0.000000000000000000e+00 1.806784395801870335e+00
-6.005562400000005141e+01 7.741072047743963180e-01 0.000000000000000000e+00 1.913840970094464300e+00
-6.046554800000007646e+01 7.793910583200684972e-01 0.000000000000000000e+00 1.959537658749268108e+00
-5.914079200000004732e+01 7.623151694046834681e-01 0.000000000000000000e+00 2.106928417459641434e+00
-6.012382000000001625e+01 7.749862400989941946e-01 0.000000000000000000e+00 1.693519578638618572e+00
-5.937200200000003036e+01 7.652954286193054401e-01 0.000000000000000000e+00 1.850966708385516801e+00
-5.959680000000004441e+01 7.681930381990325074e-01 0.000000000000000000e+00 1.638330068124616679e+00
-5.928081000000001666e+01 7.641199786028707308e-01 0.000000000000000000e+00 1.552604679240662477e+00
-6.006314000000002551e+01 7.742040847893482125e-01 0.000000000000000000e+00 1.936125546684732024e+00
-5.968579200000002061e+01 7.693401305740491525e-01 0.000000000000000000e+00 1.686841228341400045e+00
-5.960643600000003772e+01 7.683172446684416457e-01 0.000000000000000000e+00 1.924234464363015817e+00
-5.977257000000003018e+01 7.704586848499304086e-01 0.000000000000000000e+00 1.951095842796497948e+00
-6.003408800000006806e+01 7.738296092445919871e-01 0.000000000000000000e+00 1.904066390664087338e+00
-5.932642400000001004e+01 7.647079356281540896e-01 0.000000000000000000e+00 1.565101408346462497e+00
-6.037031600000006648e+01 7.781635333621215178e-01 0.000000000000000000e+00 1.577919308835518342e+00
-5.887046400000005519e+01 7.588306855459819866e-01 0.000000000000000000e+00 1.671351094992106434e+00
-5.988130000000003150e+01 7.718601968278114844e-01 0.000000000000000000e+00 1.870348193586564234e+00
-6.070473000000002628e+01 7.824740753153179851e-01 0.000000000000000000e+00 2.294476395783595635e+00
-5.976845200000001057e+01 7.704056045011311582e-01 0.000000000000000000e+00 2.045899159836129577e+00
-5.954847000000000179e+01 7.675700723764348199e-01 0.000000000000000000e+00 1.673822658473770764e+00
-5.993342800000002057e+01 7.725321182513649187e-01 0.000000000000000000e+00 1.909158056649235879e+00
-6.008303400000004046e+01 7.744605152067857157e-01 0.000000000000000000e+00 1.998950005399046548e+00
-6.012756000000005230e+01 7.750344480894045818e-01 0.000000000000000000e+00 1.805205812491900819e+00
-6.029380800000001983e+01 7.771773577123120003e-01 0.000000000000000000e+00 2.024418975364077333e+00
-6.013263800000001424e+01 7.750999026817307902e-01 0.000000000000000000e+00 1.873630184976897706e+00
-5.936271000000004960e+01 7.651756562538273299e-01 0.000000000000000000e+00 1.660106883105221254e+00
-5.992724800000004137e+01 7.724524590586557826e-01 0.000000000000000000e+00 1.932781100779731753e+00
-5.969384000000000867e+01 7.694438679822894755e-01 0.000000000000000000e+00 1.881737419074040796e+00
-6.072445000000004001e+01 7.827282629011160786e-01 0.000000000000000000e+00 1.959985406743240288e+00
-6.062580000000001235e+01 7.814566804802755007e-01 0.000000000000000000e+00 1.698389914542058676e+00
-6.024813000000003882e+01 7.765885757374603182e-01 0.000000000000000000e+00 1.745745540686924890e+00
-6.033531600000001305e+01 7.777123890668403705e-01 0.000000000000000000e+00 1.856480913547908784e+00
-6.005640000000003909e+01 7.741172072879143329e-01 0.000000000000000000e+00 1.649959523592912314e+00
-5.957453800000000399e+01 7.679060846475597168e-01 0.000000000000000000e+00 2.014293497456353776e+00
-6.026787000000005179e+01 7.768430211199985891e-01 0.000000000000000000e+00 1.676883051854230811e+00
-5.989150800000004438e+01 7.719917762839894060e-01 0.000000000000000000e+00 1.604944439686560642e+00
-5.990929000000001281e+01 7.722209833656654698e-01 0.000000000000000000e+00 1.835453504277250403e+00
-6.017760400000005916e+01 7.756795070926335578e-01 0.000000000000000000e+00 1.900209942144883701e+00
-6.101758600000004407e+01 7.865067381622965481e-01 0.000000000000000000e+00 1.890796341720235807e+00
-5.957719800000003829e+01 7.679403716140014158e-01 0.000000000000000000e+00 1.834026324672554553e+00
-6.058682200000002638e+01 7.809542604133774546e-01 0.000000000000000000e+00 1.470753410144101769e+00
-5.909502800000002054e+01 7.617252789038485572e-01 0.000000000000000000e+00 1.505863990402824815e+00
-6.017729400000002471e+01 7.756755112431605870e-01 0.000000000000000000e+00 1.800075553847558130e+00
-5.969124400000002595e+01 7.694104059654168770e-01 0.000000000000000000e+00 2.165468415341684327e+00
-5.992456800000004336e+01 7.724179142954742394e-01 0.000000000000000000e+00 1.706870463499698731e+00
-6.034438600000001429e+01 7.778292998885031340e-01 0.000000000000000000e+00 1.845048148670687338e+00
-6.017167400000005273e+01 7.756030703591759723e-01 0.000000000000000000e+00 1.960364441000548519e+00
-6.018508200000004393e+01 7.757758972937792707e-01 0.000000000000000000e+00 1.745942143994977380e+00
-6.039518000000003184e+01 7.784840262694882052e-01 0.000000000000000000e+00 1.991351504517837823e+00
-5.988197000000004522e+01 7.718688330186070923e-01 0.000000000000000000e+00 1.949302896660570550e+00
-6.043678000000000594e+01 7.790202434890211025e-01 0.000000000000000000e+00 1.800048158502792095e+00
-5.969418200000002628e+01 7.694482763065464415e-01 0.000000000000000000e+00 1.550560999056128875e+00
-5.964898400000004841e+01 7.688656814534586825e-01 0.000000000000000000e+00 1.493243307129440645e+00
-6.059204200000005613e+01 7.810215453625596327e-01 0.000000000000000000e+00 1.770079608617771916e+00
-6.026957800000003118e+01 7.768650369616080242e-01 0.000000000000000000e+00 1.900882781394481302e+00
-6.011343400000006199e+01 7.748523662518295163e-01 0.000000000000000000e+00 1.785099169936810393e+00
-5.990947400000003853e+01 7.722233550956753012e-01 0.000000000000000000e+00 1.889304935235990746e+00
-6.107731000000001842e+01 7.872765707877625863e-01 0.000000000000000000e+00 2.283381597963684673e+00
-6.030494600000004368e+01 7.773209247169075020e-01 0.000000000000000000e+00 1.816740203316774993e+00
-5.917363400000000695e+01 7.627384974317000799e-01 0.000000000000000000e+00 1.421547591177952263e+00
-6.051671400000003587e+01 7.800505797204199121e-01 0.000000000000000000e+00 1.964093062094995235e+00
-5.939705600000004182e+01 7.656183705957043673e-01 0.000000000000000000e+00 1.655473949428490021e+00
-6.037840200000001545e+01 7.782677605841675783e-01 0.000000000000000000e+00 1.617407038839910882e+00
-6.035765400000002501e+01 7.780003222459255241e-01 0.000000000000000000e+00 1.600619090544075140e+00
-6.034238600000004737e+01 7.778035202144875093e-01 0.000000000000000000e+00 1.708861672802019394e+00
-6.015056000000000580e+01 7.753309143405882065e-01 0.000000000000000000e+00 1.724670244341558911e+00
-6.023298400000003028e+01 7.763933462661368745e-01 0.000000000000000000e+00 1.964424615618650671e+00
-5.972617600000005211e+01 7.698606737517810217e-01 0.000000000000000000e+00 1.621513836089690130e+00
-6.077339400000002456e+01 7.833591430836359670e-01 0.000000000000000000e+00 1.824713448864968557e+00
-6.096579400000004512e+01 7.858391477239775602e-01 0.000000000000000000e+00 1.741585123207526342e+00
-6.037446599999999819e+01 7.782170261857038751e-01 0.000000000000000000e+00 1.750093852156957119e+00
-5.994981600000005528e+01 7.727433569002527536e-01 0.000000000000000000e+00 2.102825242993268340e+00
-6.030350200000003724e+01 7.773023117922678304e-01 0.000000000000000000e+00 1.763413348358143340e+00
-5.977204200000002032e+01 7.704518790159901043e-01 0.000000000000000000e+00 1.805988702783552391e+00
-5.983369600000003175e+01 7.712465890268821456e-01 0.000000000000000000e+00 1.923348671538021026e+00
-6.004969800000008462e+01 7.740308196002871899e-01 0.000000000000000000e+00 1.825825219930246490e+00
-6.013176800000005784e+01 7.750886885235344081e-01 0.000000000000000000e+00 1.582502939686739385e+00
-6.027316200000001345e+01 7.769112341374444508e-01 0.000000000000000000e+00 1.708326592316633752e+00
-5.998564800000003316e+01 7.732052255399234353e-01 0.000000000000000000e+00 1.906875404895123527e+00
-6.059068400000005994e+01 7.810040409639027459e-01 0.000000000000000000e+00 1.659457815966930871e+00
-5.990116600000006031e+01 7.721162663298130058e-01 0.000000000000000000e+00 1.468866284472690076e+00
-5.995124600000005444e+01 7.727617893671741012e-01 0.000000000000000000e+00 1.939965531893114381e+00
-6.001308600000005811e+01 7.735588968877495919e-01 0.000000000000000000e+00 1.774899004952624315e+00
-5.881141800000004594e+01 7.580695922300068057e-01 0.000000000000000000e+00 1.615632296924224942e+00
-6.033582200000002160e+01 7.777189113243665464e-01 0.000000000000000000e+00 1.792518167079232061e+00
-6.017321200000001369e+01 7.756228949284937890e-01 0.000000000000000000e+00 1.608437852674187596e+00
-5.983522000000004226e+01 7.712662331384825265e-01 0.000000000000000000e+00 1.320536098359566424e+00
-6.047651599999999661e+01 7.795324340523713813e-01 0.000000000000000000e+00 1.729632095563689465e+00
-6.043960399999999566e+01 7.790566443887316783e-01 0.000000000000000000e+00 1.682820864682305073e+00
-5.934664200000000989e+01 7.649685423527821104e-01 0.000000000000000000e+00 1.576848829580532296e+00
-5.988763600000004317e+01 7.719418668350944701e-01 0.000000000000000000e+00 1.876972324294009287e+00
-6.024867000000003259e+01 7.765955362494445513e-01 0.000000000000000000e+00 1.595608909925718910e+00
-6.072162000000001569e+01 7.826917846623830943e-01 0.000000000000000000e+00 1.776935623510601303e+00
-5.973773800000000023e+01 7.700097060472670396e-01 0.000000000000000000e+00 1.659390651138805683e+00
-5.951377600000002843e+01 7.671228723712791853e-01 0.000000000000000000e+00 1.555438140042537887e+00
-6.059925800000002738e+01 7.811145584264090891e-01 0.000000000000000000e+00 1.903592372818967426e+00
-5.997346200000002625e+01 7.730481499861437955e-01 0.000000000000000000e+00 1.942586593199069567e+00
-5.987167600000003631e+01 7.717361450364464970e-01 0.000000000000000000e+00 1.782688703945743747e+00
-6.034852600000005651e+01 7.778826638137168459e-01 0.000000000000000000e+00 1.893122365466718859e+00
-5.992098400000007530e+01 7.723717171196380349e-01 0.000000000000000000e+00 1.861126544513003189e+00
-5.980573600000003864e+01 7.708861891841382041e-01 0.000000000000000000e+00 1.751309592156623296e+00
-6.011290000000006728e+01 7.748454830788673586e-01 0.000000000000000000e+00 1.770420318523943770e+00
-5.963434400000002711e+01 7.686769742396610816e-01 0.000000000000000000e+00 1.790218434294790217e+00
-5.987820200000002302e+01 7.718202641127606123e-01 0.000000000000000000e+00 1.636621498233726379e+00
-6.045413800000002169e+01 7.792439852798064281e-01 0.000000000000000000e+00 2.112771345159066616e+00
-5.988373400000001823e+01 7.718915706910888241e-01 0.000000000000000000e+00 1.935950238749212016e+00
-6.012978200000000584e+01 7.750630893072357752e-01 0.000000000000000000e+00 1.848423476359126072e+00
-6.057282000000003563e+01 7.807737769155913554e-01 0.000000000000000000e+00 1.557750958947228481e+00
-5.984814400000004753e+01 7.714328213919741106e-01 0.000000000000000000e+00 1.628996017649887662e+00
-6.030382200000003934e+01 7.773064365401104459e-01 0.000000000000000000e+00 1.777303807728340512e+00
-6.012478200000003170e+01 7.749986401221961030e-01 0.000000000000000000e+00 1.703731169834803438e+00
-6.004517600000001920e+01 7.739725317573361574e-01 0.000000000000000000e+00 2.148085485344442880e+00
-6.027823800000004439e+01 7.769766629500975963e-01 0.000000000000000000e+00 1.598022805540102897e+00
-6.021721600000003605e+01 7.761900993161946483e-01 0.000000000000000000e+00 1.644138902726465679e+00
-6.045951800000001697e+01 7.793133326029094698e-01 0.000000000000000000e+00 1.843363695973293526e+00
-6.011122400000003552e+01 7.748238797120414745e-01 0.000000000000000000e+00 2.153107538172056135e+00
-6.030972800000004952e+01 7.773825639174798408e-01 0.000000000000000000e+00 1.747111123192751192e+00
-6.053354800000002456e+01 7.802675672366126136e-01 0.000000000000000000e+00 1.702756281574202335e+00
-6.005860400000005939e+01 7.741456164886802993e-01 0.000000000000000000e+00 1.688978600789019069e+00
-6.056115600000001109e+01 7.806234298567296115e-01 0.000000000000000000e+00 1.832332052982721837e+00
-6.001669200000002036e+01 7.736053776400000359e-01 0.000000000000000000e+00 1.783673021835628481e+00
-5.995323000000005464e+01 7.727873628037980058e-01 0.000000000000000000e+00 1.778831294769834148e+00
-5.995574000000002002e+01 7.728197162946877086e-01 0.000000000000000000e+00 1.923946934945152565e+00
-5.981769200000005071e+01 7.710403000754062486e-01 0.000000000000000000e+00 1.884612112902007475e+00
-6.083690000000004972e+01 7.841777250726671422e-01 0.000000000000000000e+00 2.335364601560583786e+00
-6.033184400000001091e+01 7.776676355527485374e-01 0.000000000000000000e+00 1.877615798756873566e+00
-6.044491800000002257e+01 7.791251409825925567e-01 0.000000000000000000e+00 1.823361130162058474e+00
-6.079151800000003902e+01 7.835927584895694409e-01 0.000000000000000000e+00 1.838020121254762440e+00
-6.062499400000001515e+01 7.814462912716471088e-01 0.000000000000000000e+00 1.862760232450757947e+00
-6.100539200000002182e+01 7.863495594898205487e-01 0.000000000000000000e+00 1.864521759555126224e+00
-6.036353400000005820e+01 7.780761144875329993e-01 0.000000000000000000e+00 1.692116554968953412e+00
-6.066018199999998473e+01 7.818998588562845464e-01 0.000000000000000000e+00 1.876947391909522755e+00
-6.027976000000003154e+01 7.769962812820235820e-01 0.000000000000000000e+00 1.755205716568501328e+00
-6.076592000000005100e+01 7.832628044418384894e-01 0.000000000000000000e+00 1.629664996869050420e+00
-5.936489800000003925e+01 7.652038592172006881e-01 0.000000000000000000e+00 1.595164730037482936e+00
-6.022323800000000915e+01 7.762677219146565388e-01 0.000000000000000000e+00 1.519682206729586316e+00
-6.065019600000002242e+01 7.817711409439230819e-01 0.000000000000000000e+00 1.683071527550901614e+00
-6.025473000000004475e+01 7.766736486617132895e-01 0.000000000000000000e+00 1.606363936367038558e+00
-5.975627400000000478e+01 7.702486320660475450e-01 0.000000000000000000e+00 1.635714899871186789e+00
-6.025971200000000749e+01 7.767378658296866245e-01 0.000000000000000000e+00 1.841137930697899661e+00
-6.023727800000000343e+01 7.764486952262489305e-01 0.000000000000000000e+00 1.898521615989609446e+00
-5.950588600000004647e+01 7.670211715572862188e-01 0.000000000000000000e+00 2.058243619442007954e+00
-6.013473400000002300e+01 7.751269197800996213e-01 0.000000000000000000e+00 2.122323539926288749e+00
-5.935328600000004684e+01 7.650541824298637827e-01 0.000000000000000000e+00 1.961839740209853300e+00
-6.074698800000002308e+01 7.830187740476024505e-01 0.000000000000000000e+00 2.209295653437762130e+00
-5.949384800000004248e+01 7.668660036993837359e-01 0.000000000000000000e+00 1.814289722750136225e+00
-6.002784600000000381e+01 7.737491508819871466e-01 0.000000000000000000e+00 1.365599729827539965e+00
-6.036051600000003958e+01 7.780372129594426145e-01 0.000000000000000000e+00 1.699438147124816556e+00
-6.054748000000001440e+01 7.804471484458080921e-01 0.000000000000000000e+00 1.627217251952087773e+00
-6.016627600000000342e+01 7.755334910190061493e-01 0.000000000000000000e+00 1.817698932140036971e+00
-6.024249600000005245e+01 7.765159543957573796e-01 0.000000000000000000e+00 1.774771980797032356e+00
-5.969635200000006137e+01 7.694762472528542396e-01 0.000000000000000000e+00 1.624309443728582769e+00
-6.010984200000004307e+01 7.748060659572965081e-01 0.000000000000000000e+00 1.631327171241968355e+00
-6.080696000000000367e+01 7.837918033526466433e-01 0.000000000000000000e+00 2.134421814265427209e+00
-5.983835000000003390e+01 7.713065783283175048e-01 0.000000000000000000e+00 2.040618679877911124e+00
-6.002118000000005082e+01 7.736632272284923451e-01 0.000000000000000000e+00 1.903351474731778570e+00
-6.041137200000004981e+01 7.786927385103221688e-01 0.000000000000000000e+00 1.881397976579859410e+00
-5.995742800000002859e+01 7.728414743395572994e-01 0.000000000000000000e+00 2.028014157406802020e+00
-5.982326400000005862e+01 7.711121222472149261e-01 0.000000000000000000e+00 1.850102609959181521e+00
-6.015404800000004570e+01 7.753758740920726478e-01 0.000000000000000000e+00 1.807131301679850699e+00
-6.042157600000005147e+01 7.788242664071519661e-01 0.000000000000000000e+00 1.700494137995651966e+00
-5.952989200000001091e+01 7.673306049845001198e-01 0.000000000000000000e+00 1.496702818735943907e+00
-6.033892000000005851e+01 7.777588440394178626e-01 0.000000000000000000e+00 1.865690874499824403e+00
-6.054523800000001899e+01 7.804182494312361662e-01 0.000000000000000000e+00 1.745451805524890654e+00
-6.062600000000001188e+01 7.814592584476770520e-01 0.000000000000000000e+00 1.625184482830279942e+00
-5.997042400000004392e+01 7.730089906613136774e-01 0.000000000000000000e+00 1.605720037431837000e+00
-5.993432600000001997e+01 7.725436933249981708e-01 0.000000000000000000e+00 1.703548640286570270e+00
-6.005440200000006001e+01 7.740914533935726594e-01 0.000000000000000000e+00 1.851603554333432822e+00
-6.035881400000003794e+01 7.780152744568549217e-01 0.000000000000000000e+00 2.164116329189969434e+00
-6.058090600000002013e+01 7.808780041376379710e-01 0.000000000000000000e+00 1.750720519944155784e+00
-6.085467800000005667e+01 7.844068805949956369e-01 0.000000000000000000e+00 1.969246467154378122e+00
-5.997817800000004240e+01 7.731089384574737489e-01 0.000000000000000000e+00 1.763121096901569151e+00
-6.004671800000002690e+01 7.739924078860026535e-01 0.000000000000000000e+00 1.616140861471292212e+00
-5.993817799999999352e+01 7.725933449771527073e-01 0.000000000000000000e+00 1.593900043478893691e+00
-6.029150800000005717e+01 7.771477110871940486e-01 0.000000000000000000e+00 2.140336587694146253e+00
-6.079835800000007140e+01 7.836809249747046513e-01 0.000000000000000000e+00 1.907474098858000566e+00
-6.069974800000001380e+01 7.824098581473438729e-01 0.000000000000000000e+00 1.800231798120913052e+00
-6.041818200000003003e+01 7.787805183003464471e-01 0.000000000000000000e+00 1.974792599690899042e+00
-6.085273200000003158e+01 7.843817969721776917e-01 0.000000000000000000e+00 1.750697984146017294e+00
-6.047063200000004457e+01 7.794565902514168920e-01 0.000000000000000000e+00 1.823260118239752536e+00
-6.015826200000002899e+01 7.754301918652242165e-01 0.000000000000000000e+00 1.887397613560197085e+00
-6.014426600000000889e+01 7.752497857064598596e-01 0.000000000000000000e+00 2.300402056392435224e+00
-5.969650200000003792e+01 7.694781807284051256e-01 0.000000000000000000e+00 1.846626908333629524e+00
-5.985563400000003043e+01 7.715293662711638634e-01 0.000000000000000000e+00 1.810172156789558340e+00
-6.030764800000006431e+01 7.773557530565033957e-01 0.000000000000000000e+00 1.884926499892226825e+00
-6.017555600000005001e+01 7.756531087064409968e-01 0.000000000000000000e+00 1.920062727737946728e+00
-6.033801800000005500e+01 7.777472174064365973e-01 0.000000000000000000e+00 1.602381437860536106e+00
-6.051260200000003664e+01 7.799975767106429592e-01 0.000000000000000000e+00 1.996085622238958468e+00
-6.020829600000001136e+01 7.760751219700828818e-01 0.000000000000000000e+00 1.965272979415379151e+00
-5.958922000000004005e+01 7.680953332345117346e-01 0.000000000000000000e+00 1.858007318596887059e+00
-6.015858000000002193e+01 7.754342908333926587e-01 0.000000000000000000e+00 1.815199165965325490e+00
-6.057064600000006749e+01 7.807457544099363211e-01 0.000000000000000000e+00 1.579564283318457774e+00
-6.033760200000003948e+01 7.777418552342411084e-01 0.000000000000000000e+00 1.718798018464877231e+00
-5.994276600000005573e+01 7.726524835493462362e-01 0.000000000000000000e+00 2.033426951457350196e+00
-5.947350400000001969e+01 7.666037728552924646e-01 0.000000000000000000e+00 1.677313516763992318e+00
-6.017736400000005403e+01 7.756764135317515407e-01 0.000000000000000000e+00 1.730791010353124770e+00
-5.970523400000003988e+01 7.695907347851591584e-01 0.000000000000000000e+00 2.010424433816115464e+00
-6.019019000000002961e+01 7.758417385812159672e-01 0.000000000000000000e+00 1.635541729393003685e+00
-6.051776800000002510e+01 7.800641656086262365e-01 0.000000000000000000e+00 1.559020106963072472e+00
-5.978525800000003443e+01 7.706222311018880999e-01 0.000000000000000000e+00 1.783711945602441507e+00
-5.983755400000003277e+01 7.712963180180590905e-01 0.000000000000000000e+00 1.846960227154583079e+00
-6.027304400000002715e+01 7.769097131366777820e-01 0.000000000000000000e+00 1.639057850854718001e+00
-6.004097000000004414e+01 7.739183171028808372e-01 0.000000000000000000e+00 1.809417968672118349e+00
-5.982112000000001473e+01 7.710844864366691587e-01 0.000000000000000000e+00 1.958475586632201004e+00
-5.997188600000004755e+01 7.730278356030193532e-01 0.000000000000000000e+00 1.775688697863792465e+00
-6.007767200000003527e+01 7.743913999007486781e-01 0.000000000000000000e+00 1.810106382055926888e+00
-6.038554400000003142e+01 7.783598198000790669e-01 0.000000000000000000e+00 2.110668459498845628e+00
-5.993423600000002693e+01 7.725425332396674838e-01 0.000000000000000000e+00 1.694074969512056050e+00
-6.028967600000005689e+01 7.771240969057953141e-01 0.000000000000000000e+00 1.819740511034193542e+00
-6.055418200000001860e+01 7.805335361334357902e-01 0.000000000000000000e+00 1.937177811250170523e+00
-6.064639600000002417e+01 7.817221595632926068e-01 0.000000000000000000e+00 1.865269969136269301e+00
-6.046223600000003273e+01 7.793483671798974166e-01 0.000000000000000000e+00 1.948143483376474139e+00
-6.040582600000002600e+01 7.786212514742754109e-01 0.000000000000000000e+00 1.685308726482953823e+00
-6.037731800000005222e+01 7.782537880008514319e-01 0.000000000000000000e+00 1.608408907527603571e+00
-6.002152000000000243e+01 7.736676097730744717e-01 0.000000000000000000e+00 1.567805971426439848e+00
-6.040986800000003853e+01 7.786733521954619652e-01 0.000000000000000000e+00 1.982973299783062249e+00
-6.000275400000003145e+01 7.734257190917824820e-01 0.000000000000000000e+00 1.959901822083458534e+00
-5.994260400000005262e+01 7.726503953957508664e-01 0.000000000000000000e+00 1.961769578924068780e+00
-5.984461000000003850e+01 7.713872687079876833e-01 0.000000000000000000e+00 2.034256734266619127e+00
-5.985850400000001770e+01 7.715663601033767582e-01 0.000000000000000000e+00 2.121345039485443174e+00
-6.042621800000004129e+01 7.788841010305429524e-01 0.000000000000000000e+00 1.591193926456457852e+00
-6.076509000000004335e+01 7.832521058771216849e-01 0.000000000000000000e+00 1.812513178691204097e+00
-5.995762200000001485e+01 7.728439749679366644e-01 0.000000000000000000e+00 1.805275131306341763e+00
-6.087400800000005319e+01 7.846560411443603833e-01 0.000000000000000000e+00 1.814103579152786638e+00
-6.004541400000003648e+01 7.739755995385443343e-01 0.000000000000000000e+00 1.860968139535891686e+00
-6.034747800000003792e+01 7.778691552645321527e-01 0.000000000000000000e+00 1.680107826480794708e+00
-6.049278200000000538e+01 7.797421001411437569e-01 0.000000000000000000e+00 1.764712913520913640e+00
-6.068757600000002839e+01 7.822529630512825571e-01 0.000000000000000000e+00 1.588292587802602407e+00
-5.989118800000004939e+01 7.719876515361469016e-01 0.000000000000000000e+00 1.833443356328372076e+00
-5.979108600000002127e+01 7.706973530719706256e-01 0.000000000000000000e+00 1.595388373793779957e+00
-5.977435800000002075e+01 7.704817318785006641e-01 0.000000000000000000e+00 1.808251933661877642e+00
-5.997475200000005202e+01 7.730647778758844568e-01 0.000000000000000000e+00 1.834969718104251690e+00
-5.944160200000002447e+01 7.661925612750629666e-01 0.000000000000000000e+00 1.854580271933912172e+00
-6.031629600000004388e+01 7.774672243669484839e-01 0.000000000000000000e+00 2.044989187786981688e+00
-5.949981400000005749e+01 7.669429044669737738e-01 0.000000000000000000e+00 1.709955086008301484e+00
-5.954656199999998734e+01 7.675454785674233893e-01 0.000000000000000000e+00 1.809553249111420126e+00
-5.951364600000003691e+01 7.671211966924682546e-01 0.000000000000000000e+00 1.761232173557977232e+00
-6.027316400000004393e+01 7.769112599171189570e-01 0.000000000000000000e+00 1.790561674956275606e+00
-6.042628000000004818e+01 7.788849002004375466e-01 0.000000000000000000e+00 1.716044950436670380e+00
-6.099473200000004880e+01 7.862121538273154631e-01 0.000000000000000000e+00 1.797009065191325305e+00
-6.113601400000008823e+01 7.880332557794818005e-01 0.000000000000000000e+00 1.767222571716375201e+00
-6.011066200000001913e+01 7.748166356236427799e-01 0.000000000000000000e+00 1.677325633670962546e+00
-6.025211800000003848e+01 7.766399804074481938e-01 0.000000000000000000e+00 1.808092571844593266e+00
-6.039150000000003615e+01 7.784365916692987941e-01 0.000000000000000000e+00 1.376292162429052279e+00
-6.066874199999998041e+01 7.820101958610731208e-01 0.000000000000000000e+00 1.862975901598126649e+00
-6.085502000000004585e+01 7.844112889192521587e-01 0.000000000000000000e+00 1.946656549579355744e+00
-6.031957400000005265e+01 7.775094772526608411e-01 0.000000000000000000e+00 1.871647523506085653e+00
-6.052015400000004774e+01 7.800949207597276391e-01 0.000000000000000000e+00 1.698823253059409399e+00
-6.006338600000005101e+01 7.742072556892524160e-01 0.000000000000000000e+00 1.669619000694106292e+00
-6.070508400000002069e+01 7.824786383176187687e-01 0.000000000000000000e+00 1.910313900839705870e+00
-6.030006600000005790e+01 7.772580223123085608e-01 0.000000000000000000e+00 1.537719878354594227e+00
-6.051334400000005331e+01 7.800071409697031388e-01 0.000000000000000000e+00 1.824382686591646152e+00
-5.977923000000002673e+01 7.705445311644038009e-01 0.000000000000000000e+00 1.593460600565810958e+00
-6.069309800000003463e+01 7.823241407312409024e-01 0.000000000000000000e+00 1.664890085004855580e+00
-6.087981600000004079e+01 7.847309053177027316e-01 0.000000000000000000e+00 1.727371829139589421e+00
-6.152026200000002376e+01 7.929861498701351596e-01 0.000000000000000000e+00 1.927964604162910822e+00
-6.164154200000001538e+01 7.945494293024666366e-01 0.000000000000000000e+00 1.657700118192233729e+00
-6.203460800000003417e+01 7.996159859758578126e-01 0.000000000000000000e+00 1.861625710391839439e+00
-6.205602000000001794e+01 7.998919831658730661e-01 0.000000000000000000e+00 1.566544120029818465e+00
-6.200305400000004141e+01 7.992092600589071338e-01 0.000000000000000000e+00 1.827754966194452990e+00
-6.223270600000007136e+01 8.021694369074712228e-01 0.000000000000000000e+00 1.963637139113296293e+00
-6.196649200000003788e+01 7.987379818382200902e-01 0.000000000000000000e+00 1.648973807344765063e+00
-6.228280799999999573e+01 8.028152435212455584e-01 0.000000000000000000e+00 1.770023572614817908e+00
-6.221022000000004937e+01 8.018795960325088013e-01 0.000000000000000000e+00 1.802807690601782475e+00
-6.210184200000002619e+01 8.004826212772542249e-01 0.000000000000000000e+00 1.652685541299433680e+00
-6.194683400000001683e+01 7.984845934223163688e-01 0.000000000000000000e+00 1.713960736689475572e+00
-6.199159800000002463e+01 7.990615940861430788e-01 0.000000000000000000e+00 2.143236076495522724e+00
-6.214874000000004628e+01 8.010871288532562806e-01 0.000000000000000000e+00 1.507660222954358975e+00
-6.153099200000004032e+01 7.931244578212313101e-01 0.000000000000000000e+00 1.658312717135746572e+00
-6.182884400000001079e+01 7.969637215537410668e-01 0.000000000000000000e+00 1.744476780366068125e+00
-6.196030199999999866e+01 7.986581937471400883e-01 0.000000000000000000e+00 1.509339224609714591e+00
-6.185466600000004433e+01 7.972965629249624264e-01 0.000000000000000000e+00 1.498344546438643787e+00
-6.140174600000005256e+01 7.914584979472941706e-01 0.000000000000000000e+00 1.723188533827668678e+00
-6.210050799999999782e+01 8.004654262346851956e-01 0.000000000000000000e+00 1.981452306049144685e+00
-6.209172400000002057e+01 8.003522019064071014e-01 0.000000000000000000e+00 1.960256526869723848e+00
-6.244848000000001775e+01 8.049507285980370686e-01 0.000000000000000000e+00 1.735124061584908395e+00
-6.211869400000004049e+01 8.006998408105134857e-01 0.000000000000000000e+00 1.692174225443870750e+00
-6.258311800000004865e+01 8.066861904731220667e-01 0.000000000000000000e+00 1.752448036456660807e+00
-6.211685600000004825e+01 8.006761492900927868e-01 0.000000000000000000e+00 1.825699451867556222e+00
-6.278452400000004019e+01 8.092822809855574340e-01 0.000000000000000000e+00 1.431325242889725846e+00
-6.333046200000003267e+01 8.163193328220368361e-01 0.000000000000000000e+00 1.604029792336486127e+00
-6.316677200000002301e+01 8.142093954021953905e-01 0.000000000000000000e+00 1.433188858263454435e+00
-6.321479600000003529e+01 8.148284169346683425e-01 0.000000000000000000e+00 1.763849207572615763e+00
-6.343387400000002430e+01 8.176522966467092424e-01 0.000000000000000000e+00 1.488961184793688552e+00
-6.346956600000004300e+01 8.181123607091993488e-01 0.000000000000000000e+00 1.498576522160852242e+00
-6.320559200000007394e+01 8.147097788748470792e-01 0.000000000000000000e+00 1.625123950870495992e+00
-6.341300600000003840e+01 8.173833115280262351e-01 0.000000000000000000e+00 1.704482284491527722e+00
-6.353357599999998939e+01 8.189374391760815275e-01 0.000000000000000000e+00 1.559024162486317255e+00
-6.386844200000003724e+01 8.232538073356067132e-01 0.000000000000000000e+00 1.807094165075662007e+00
-6.368992200000001702e+01 8.209527136329363151e-01 0.000000000000000000e+00 1.555486297247665961e+00
-6.363973000000002855e+01 8.203057469338304042e-01 0.000000000000000000e+00 1.522768739712786257e+00
-6.380669999999999220e+01 8.224579630190574919e-01 0.000000000000000000e+00 1.363509870173519101e+00
-6.402896600000002536e+01 8.253229355314805060e-01 0.000000000000000000e+00 1.698443297490945803e+00
-6.365837400000005886e+01 8.205460650550081558e-01 0.000000000000000000e+00 1.664582014001525279e+00
-6.350432200000006588e+01 8.185603598842501327e-01 0.000000000000000000e+00 1.425293930315406632e+00
-6.390086800000004530e+01 8.236717731904286133e-01 0.000000000000000000e+00 1.691972201151870525e+00
-6.350407800000004954e+01 8.185572147640199914e-01 0.000000000000000000e+00 1.626185865579362844e+00
-6.466805000000005066e+01 8.335606241259085891e-01 0.000000000000000000e+00 1.780598257509667492e+00
-6.433055800000006741e+01 8.292104072544010940e-01 0.000000000000000000e+00 1.543927428371155264e+00
-6.421737000000004514e+01 8.277514323831380860e-01 0.000000000000000000e+00 1.818411978384248062e+00
-6.414675400000004402e+01 8.268412036529804165e-01 0.000000000000000000e+00 1.473903623030975663e+00
-6.526782200000000955e+01 8.412915874478767986e-01 0.000000000000000000e+00 1.559893503978248219e+00
-6.533847200000005273e+01 8.422022544324934135e-01 0.000000000000000000e+00 1.491156123097278074e+00
-6.494999800000002210e+01 8.371948878906428915e-01 0.000000000000000000e+00 1.506213770358032722e+00
-6.518038600000001281e+01 8.401645516592444185e-01 0.000000000000000000e+00 1.462119692831492346e+00
-6.359483400000005560e+01 8.197270448115190344e-01 0.000000000000000000e+00 1.721659157026656617e+00
-6.529687600000005432e+01 8.416660887723081963e-01 0.000000000000000000e+00 1.729657569725606692e+00
-6.508792800000003353e+01 8.389727831091580157e-01 0.000000000000000000e+00 1.685789995912654993e+00
-6.517868800000006502e+01 8.401426647160055161e-01 0.000000000000000000e+00 1.741880912980580121e+00
-6.525683800000001611e+01 8.411500054781809732e-01 0.000000000000000000e+00 1.590796110889199477e+00
-6.461096200000007173e+01 8.328247691107955042e-01 0.000000000000000000e+00 1.407776391706603958e+00
-6.495601200000002962e+01 8.372724073704091996e-01 0.000000000000000000e+00 1.388332188677180445e+00
-6.510509800000001235e+01 8.391941016105852746e-01 0.000000000000000000e+00 1.578194004664697392e+00
-6.511679200000004641e+01 8.393448353645573956e-01 0.000000000000000000e+00 1.397915618447332697e+00
-6.511335000000002537e+01 8.393004685455756064e-01 0.000000000000000000e+00 1.569748918834416029e+00
-6.423911000000002502e+01 8.280316574396919815e-01 0.000000000000000000e+00 1.403064333643840866e+00
-6.501482600000004197e+01 8.380305102441985010e-01 0.000000000000000000e+00 1.635061148371256490e+00
-6.415716600000001790e+01 8.269754126359074586e-01 0.000000000000000000e+00 1.984806280460019057e+00
-6.467599200000002213e+01 8.336629952114258391e-01 0.000000000000000000e+00 1.436807687494900287e+00
-6.443613000000004831e+01 8.305712131270106546e-01 0.000000000000000000e+00 1.487533897177649500e+00
-6.465856000000006532e+01 8.334382995727027676e-01 0.000000000000000000e+00 1.528780199698405839e+00
-6.478072400000000641e+01 8.350129736209486175e-01 0.000000000000000000e+00 1.521197761276663396e+00
-6.521659200000003409e+01 8.406312410979567273e-01 0.000000000000000000e+00 1.577193488874936600e+00
-6.496537400000002549e+01 8.373930820244781525e-01 0.000000000000000000e+00 1.431128424918637787e+00
-6.525944600000002538e+01 8.411836221730979446e-01 0.000000000000000000e+00 1.642685692494845862e+00
-6.494374800000004200e+01 8.371143264093431346e-01 0.000000000000000000e+00 1.541598069201456367e+00
-6.517561000000003446e+01 8.401029897976944882e-01 0.000000000000000000e+00 1.576930999015672574e+00
-6.474443200000000331e+01 8.345451756562538570e-01 0.000000000000000000e+00 1.716140754798040513e+00
-6.560545400000002303e+01 8.456436088965657571e-01 0.000000000000000000e+00 1.677006316547858145e+00
-6.512137400000001719e+01 8.394038965977277389e-01 0.000000000000000000e+00 1.546418384109264688e+00
-6.510565200000002051e+01 8.392012425802878317e-01 0.000000000000000000e+00 1.535670254514952315e+00
-6.467537599999999998e+01 8.336550550718285768e-01 0.000000000000000000e+00 1.591463974980459994e+00
-6.492690400000003592e+01 8.368972099947801224e-01 0.000000000000000000e+00 1.517199408261248772e+00
-6.453742800000003399e+01 8.318769278362478925e-01 0.000000000000000000e+00 1.257373100858943715e+00
-6.515417800000004434e+01 8.398267348109388353e-01 0.000000000000000000e+00 1.505762606450916641e+00
-6.473482600000002662e+01 8.344213558819552068e-01 0.000000000000000000e+00 1.659344047265653543e+00
-6.503327000000003011e+01 8.382682503979741462e-01 0.000000000000000000e+00 1.320234198499981471e+00
-6.460758800000002111e+01 8.327812788007298295e-01 0.000000000000000000e+00 1.353797735610993813e+00
-6.493990600000003610e+01 8.370648036555582427e-01 0.000000000000000000e+00 1.321247337340092143e+00
-6.452394000000008134e+01 8.317030697146845508e-01 0.000000000000000000e+00 1.630462057333454062e+00
-6.498754400000005660e+01 8.376788497109460829e-01 0.000000000000000000e+00 1.661600198319242550e+00
-6.394110600000002620e+01 8.241904344519567216e-01 0.000000000000000000e+00 1.834498361610474415e+00
-6.477571200000005547e+01 8.349483697578651276e-01 0.000000000000000000e+00 1.645773100656479970e+00
-6.452259600000003559e+01 8.316857457737450998e-01 0.000000000000000000e+00 1.473787578263036524e+00
-6.559240400000001614e+01 8.454753965236111446e-01 0.000000000000000000e+00 1.456364736056281250e+00
-6.481611400000002732e+01 8.354691449526624458e-01 0.000000000000000000e+00 1.506509774146852054e+00
-6.511753200000002550e+01 8.393543738439430690e-01 0.000000000000000000e+00 1.301016569656670452e+00
-6.540707200000001365e+01 8.430864972512424060e-01 0.000000000000000000e+00 1.691473874792948306e+00
-6.503428000000002385e+01 8.382812691333521027e-01 0.000000000000000000e+00 1.440918919062808001e+00
-6.414432600000003504e+01 8.268099071287248192e-01 0.000000000000000000e+00 1.323100304848770614e+00
-6.462929600000002495e+01 8.330610913824997299e-01 0.000000000000000000e+00 1.320927990904711136e+00
-6.403690200000005461e+01 8.254252292779764577e-01 0.000000000000000000e+00 1.512183221354296059e+00
-6.531685600000002978e+01 8.419236277157279291e-01 0.000000000000000000e+00 1.459234941816492270e+00
-6.457125800000004290e+01 8.323129910222291095e-01 0.000000000000000000e+00 1.605884892737717839e+00
-6.494218400000004010e+01 8.370941667042625101e-01 0.000000000000000000e+00 1.452882517007573870e+00
-6.370238000000002643e+01 8.211132952223823001e-01 0.000000000000000000e+00 1.710615325760665995e+00
-6.548653600000007202e+01 8.441107752592477143e-01 0.000000000000000000e+00 1.834816400553857862e+00
-6.420580800000007571e+01 8.276024000876518461e-01 0.000000000000000000e+00 1.288562092801918357e+00
-6.500768000000003610e+01 8.379383994689392212e-01 0.000000000000000000e+00 1.409756586625986907e+00
-6.412633600000003753e+01 8.265780189609507334e-01 0.000000000000000000e+00 1.213438153108011397e+00
-6.477607600000001753e+01 8.349530616585355558e-01 0.000000000000000000e+00 1.458146747483243244e+00
-6.417859800000002224e+01 8.272516676226632226e-01 0.000000000000000000e+00 1.903477687567328935e+00
-6.498727999999999838e+01 8.376754467939752091e-01 0.000000000000000000e+00 1.543866488051765185e+00
-6.476756600000000219e+01 8.348433691455972028e-01 0.000000000000000000e+00 1.662277560373480956e+00
-6.500066800000004719e+01 8.378480159318391074e-01 0.000000000000000000e+00 1.504927691734555317e+00
-6.491308800000000190e+01 8.367191240066769176e-01 0.000000000000000000e+00 1.379820145451550850e+00
-6.586603400000005593e+01 8.490024426241137290e-01 0.000000000000000000e+00 1.515896543484909431e+00
-6.471726800000004687e+01 8.341950361237687739e-01 0.000000000000000000e+00 1.335283490717165122e+00
-6.502306600000001424e+01 8.381367225011441269e-01 0.000000000000000000e+00 1.383937871862663371e+00
-6.390886800000006218e+01 8.237748918864928882e-01 0.000000000000000000e+00 1.316021418179456948e+00
-6.495181800000003136e+01 8.372183473939975862e-01 0.000000000000000000e+00 1.351043215062219138e+00
-6.487928000000003692e+01 8.362833443971106062e-01 0.000000000000000000e+00 1.517373889190122727e+00
-6.587295400000004975e+01 8.490916402962090936e-01 0.000000000000000000e+00 1.524622692282330494e+00
-6.507803600000002575e+01 8.388452768414746963e-01 0.000000000000000000e+00 1.487022531910017431e+00
-6.490404800000003149e+01 8.366025998801248642e-01 0.000000000000000000e+00 1.582627984674461752e+00
-6.554828400000002375e+01 8.449066969148177897e-01 0.000000000000000000e+00 1.464470911369175621e+00
-6.562698200000002657e+01 8.459211013076742836e-01 0.000000000000000000e+00 1.571096495720312403e+00
-6.558551200000003689e+01 8.453865597669522058e-01 0.000000000000000000e+00 1.581249938222061058e+00
-6.523391000000006557e+01 8.408544672952619203e-01 0.000000000000000000e+00 1.370338691858345115e+00
-6.527256599999999764e+01 8.413527368346427338e-01 0.000000000000000000e+00 1.493369792318734568e+00
-6.494050200000002349e+01 8.370724859984148836e-01 0.000000000000000000e+00 1.688549388190820455e+00
-6.468227000000001681e+01 8.337439176081620218e-01 0.000000000000000000e+00 1.705908944572281927e+00
-6.589552200000005655e+01 8.493825381378059536e-01 0.000000000000000000e+00 1.345762806451524574e+00
-6.521802400000005662e+01 8.406496993445524701e-01 0.000000000000000000e+00 1.787568081015844079e+00
-6.531764600000002474e+01 8.419338106869641569e-01 0.000000000000000000e+00 1.597701253690577472e+00
-6.550746400000004144e+01 8.443805337681510315e-01 0.000000000000000000e+00 1.801469999162580216e+00
-6.575166000000004374e+01 8.475281804061592927e-01 0.000000000000000000e+00 1.530418447564737994e+00
-6.545963200000004178e+01 8.437639870843838263e-01 0.000000000000000000e+00 1.500035846364945469e+00
-6.540844000000002723e+01 8.431041305482696036e-01 0.000000000000000000e+00 1.372886898164417335e+00
-6.496752400000001160e+01 8.374207951740452183e-01 0.000000000000000000e+00 1.321068785944153445e+00
-6.543245600000003037e+01 8.434136928738540373e-01 0.000000000000000000e+00 1.637794750791811138e+00
-6.440594800000005193e+01 8.301821720664348536e-01 0.000000000000000000e+00 1.555743045990395812e+00
-6.563644000000002166e+01 8.460430133860959989e-01 0.000000000000000000e+00 1.410544859695047615e+00
-6.570163200000004622e+01 8.468833276403225918e-01 0.000000000000000000e+00 1.516555296136077313e+00
-6.579400200000003451e+01 8.480739618847523698e-01 0.000000000000000000e+00 1.521039985394098348e+00
-6.556180600000008951e+01 8.450809932908409650e-01 0.000000000000000000e+00 1.575819606005302465e+00
-6.575731400000003646e+01 8.476010595446025198e-01 0.000000000000000000e+00 1.700399001602419746e+00
-6.562833600000000445e+01 8.459385541469828240e-01 0.000000000000000000e+00 1.696588976343564648e+00
-6.507154800000004968e+01 8.387616475789669845e-01 0.000000000000000000e+00 1.561069598645153933e+00
-6.463975200000004406e+01 8.331958675182558061e-01 0.000000000000000000e+00 1.694730493188050913e+00
-6.568476600000006727e+01 8.466659276493457842e-01 0.000000000000000000e+00 1.686190388151631359e+00
-6.533972000000004243e+01 8.422183409490792139e-01 0.000000000000000000e+00 1.351818973745292585e+00
-6.607537000000006344e+01 8.517007495440228615e-01 0.000000000000000000e+00 1.584010756104436091e+00
-6.644525000000004411e+01 8.564684424565457421e-01 0.000000000000000000e+00 1.497559364297776030e+00
-6.571615200000003654e+01 8.470704880736787956e-01 0.000000000000000000e+00 1.550500830554925713e+00
-6.552720400000002599e+01 8.446349791506889693e-01 0.000000000000000000e+00 1.602443820658832729e+00
-6.588149600000005535e+01 8.492017452839315528e-01 0.000000000000000000e+00 1.380324225118317871e+00
-6.531661000000002559e+01 8.419204568158238366e-01 0.000000000000000000e+00 1.577486756895859488e+00
-6.602256000000004121e+01 8.510200372516294465e-01 0.000000000000000000e+00 1.724560031024163109e+00
-6.590874800000005962e+01 8.495530191220739269e-01 0.000000000000000000e+00 1.521317949387067658e+00
-6.552586800000001688e+01 8.446177583284460999e-01 0.000000000000000000e+00 1.514341126647013480e+00
-6.583522000000002095e+01 8.486052551865483906e-01 0.000000000000000000e+00 1.536741862355271770e+00
-6.570460000000005607e+01 8.469215846765625333e-01 0.000000000000000000e+00 1.296718408409116119e+00
-6.569425400000002924e+01 8.467882264228772105e-01 0.000000000000000000e+00 1.348506380880998279e+00
-6.574056000000003053e+01 8.473851032153701945e-01 0.000000000000000000e+00 1.634944953696043868e+00
-6.556612400000000207e+01 8.451366516070404344e-01 0.000000000000000000e+00 1.397123750556003907e+00
-6.564690000000000225e+01 8.461778410811995332e-01 0.000000000000000000e+00 1.369813781932316843e+00
-6.581123400000001311e+01 8.482960795560742229e-01 0.000000000000000000e+00 1.237147615390607358e+00
-6.561324600000003215e+01 8.457440465065323432e-01 0.000000000000000000e+00 1.521649324964741812e+00
-6.507677000000003886e+01 8.388289583078226697e-01 0.000000000000000000e+00 1.351378126771019872e+00
-6.619241200000004710e+01 8.532094018471142460e-01 0.000000000000000000e+00 1.525215121590155487e+00
-6.562838800000004369e+01 8.459392244185077736e-01 0.000000000000000000e+00 1.465365848570784335e+00
-6.565711800000003961e+01 8.463095494357478765e-01 0.000000000000000000e+00 1.554020651968124778e+00
-6.573045800000004135e+01 8.472548900819154571e-01 0.000000000000000000e+00 1.647066484964996524e+00
-6.609912400000000332e+01 8.520069347323103726e-01 0.000000000000000000e+00 1.711557620386480627e+00
-6.582981000000003746e+01 8.485355211683353049e-01 0.000000000000000000e+00 1.420769298619233956e+00
-6.575189200000002643e+01 8.475311708483449502e-01 0.000000000000000000e+00 1.633091349030661998e+00
-6.646714600000001383e+01 8.567506783276727100e-01 0.000000000000000000e+00 1.457069879942051616e+00
-6.616385799999999051e+01 8.528413454411867267e-01 0.000000000000000000e+00 1.204178823357320738e+00
-6.663671400000002620e+01 8.589363822094473466e-01 0.000000000000000000e+00 1.532339635916927456e+00
-6.684358800000002532e+01 8.616029543506426025e-01 0.000000000000000000e+00 1.408181622330977989e+00
-6.656985400000007758e+01 8.580745677070923394e-01 0.000000000000000000e+00 1.504792739406227042e+00
-6.667899000000004150e+01 8.594813129587981493e-01 0.000000000000000000e+00 1.700982912609617204e+00
-6.689182400000004236e+01 8.622247085285611456e-01 0.000000000000000000e+00 1.313086378806079146e+00
-6.732371400000005224e+01 8.677917002339512464e-01 0.000000000000000000e+00 1.546774881077175756e+00
-6.676491600000004212e+01 8.605888850935484724e-01 0.000000000000000000e+00 1.413160809561603726e+00
-6.662415600000004190e+01 8.587745116363009190e-01 0.000000000000000000e+00 1.273740268809885334e+00
-6.690615600000000995e+01 8.624094456725596158e-01 0.000000000000000000e+00 1.401110735450249889e+00
-6.664233000000004381e+01 8.590087715340845032e-01 0.000000000000000000e+00 1.197756934035576037e+00
-6.721427000000002749e+01 8.663809849124460838e-01 0.000000000000000000e+00 1.255890776430511835e+00
-6.651174200000004078e+01 8.573255134988823079e-01 0.000000000000000000e+00 1.458093250622577219e+00
-6.662277200000004029e+01 8.587566721018817795e-01 0.000000000000000000e+00 1.356189714245858546e+00
-6.674676800000005983e+01 8.603549603315273631e-01 0.000000000000000000e+00 1.495177521765197692e+00
-6.721661200000004044e+01 8.664111729107190074e-01 0.000000000000000000e+00 1.713987244703431667e+00
-6.708153600000004246e+01 8.646700652870249471e-01 0.000000000000000000e+00 1.379420168445840256e+00
-6.670415600000005441e+01 8.598056985969418919e-01 0.000000000000000000e+00 1.444236775148350693e+00
-6.695145800000004499e+01 8.629933810686969409e-01 0.000000000000000000e+00 1.485238550453608308e+00
-6.647342600000003188e+01 8.568316265040832880e-01 0.000000000000000000e+00 1.513878391938994872e+00
-6.697743400000007341e+01 8.633282074748174217e-01 0.000000000000000000e+00 1.730391311861469328e+00
-6.632004200000001504e+01 8.548545317444462555e-01 0.000000000000000000e+00 1.315125862178102345e+00
-6.644532200000004707e+01 8.564693705248103139e-01 0.000000000000000000e+00 1.443888356828829655e+00
-6.709572200000002340e+01 8.648529205148204335e-01 0.000000000000000000e+00 1.344371761322895154e+00
-6.663956600000008734e+01 8.589731440245949035e-01 0.000000000000000000e+00 1.245884479316609506e+00
-6.684781800000003216e+01 8.616574783611865573e-01 0.000000000000000000e+00 1.336469811271621122e+00
-6.670418000000002223e+01 8.598060079530297495e-01 0.000000000000000000e+00 1.449989031794113759e+00
-6.660905800000001875e+01 8.585799008771536345e-01 0.000000000000000000e+00 1.394449412157595658e+00
-6.626057400000003383e+01 8.540879989172540654e-01 0.000000000000000000e+00 1.300209258886018349e+00
-6.747617200000001958e+01 8.697568590045181569e-01 0.000000000000000000e+00 1.220272378112296163e+00
-6.684437400000007301e+01 8.616130857625314832e-01 0.000000000000000000e+00 1.262388452167421127e+00
-6.764507600000003151e+01 8.719340040345193721e-01 0.000000000000000000e+00 1.360719731799715282e+00
-6.742563800000003482e+01 8.691054839811555022e-01 0.000000000000000000e+00 1.279845579919860477e+00
-6.732199000000001377e+01 8.677694781549488701e-01 0.000000000000000000e+00 1.334214223671170929e+00
-6.726789600000006430e+01 8.670722153118382014e-01 0.000000000000000000e+00 1.537058277840755549e+00
-6.701139400000005253e+01 8.637659463396092363e-01 0.000000000000000000e+00 1.156018430685622267e+00
-6.780028200000003835e+01 8.739345840771848284e-01 0.000000000000000000e+00 1.329866961401125591e+00
-6.763466000000001088e+01 8.717997434922436506e-01 0.000000000000000000e+00 1.586944228332674012e+00
-6.762195200000002160e+01 8.716359394435460040e-01 0.000000000000000000e+00 1.255293632555886107e+00
-6.754105600000002596e+01 8.705932031889459521e-01 0.000000000000000000e+00 1.368959267776921340e+00
-6.750286600000004000e+01 8.701009403136102938e-01 0.000000000000000000e+00 1.547474615004991838e+00
-6.687064600000002201e+01 8.619517275604052786e-01 0.000000000000000000e+00 1.276227439232719973e+00
-6.720603800000000660e+01 8.662748757741959293e-01 0.000000000000000000e+00 1.465090952930770740e+00
-6.763606800000005137e+01 8.718178923827514248e-01 0.000000000000000000e+00 1.104458325197002821e+00
-6.740521800000006181e+01 8.688422735094523119e-01 0.000000000000000000e+00 1.441953563492488488e+00
-6.779108000000000800e+01 8.738159717970367391e-01 0.000000000000000000e+00 1.540503882540129155e+00
-6.730839200000001199e+01 8.675942021513139979e-01 0.000000000000000000e+00 1.471111833616349562e+00
-6.789468400000005488e+01 8.751514104704153363e-01 0.000000000000000000e+00 1.382494614724200099e+00
-6.749416200000000288e+01 8.699887471722920207e-01 0.000000000000000000e+00 1.367337554089787632e+00
-6.816996000000004585e+01 8.786996732426324286e-01 0.000000000000000000e+00 1.263047191229499155e+00
-6.805464600000004793e+01 8.772132945778906565e-01 0.000000000000000000e+00 1.512133217330251078e+00
-6.865944800000004022e+01 8.850090937800096924e-01 0.000000000000000000e+00 1.292579051407446000e+00
-6.826579400000005649e+01 8.799349578824583462e-01 0.000000000000000000e+00 1.118593483160748470e+00
-6.828098600000002705e+01 8.801307802862836649e-01 0.000000000000000000e+00 1.295365008815911878e+00
-6.779717600000005007e+01 8.738945482434381518e-01 0.000000000000000000e+00 1.190415879381164110e+00
-6.828538000000004615e+01 8.801874182300970517e-01 0.000000000000000000e+00 1.242443908698749100e+00
-6.828972600000004434e+01 8.802434374617338353e-01 0.000000000000000000e+00 1.141869415539909616e+00
-6.809000000000004604e+01 8.776690018754719214e-01 0.000000000000000000e+00 1.176564222684427286e+00
-6.863455200000005618e+01 8.846881883978584549e-01 0.000000000000000000e+00 1.214251277015320207e+00
-6.849406400000002293e+01 8.828773209762765806e-01 0.000000000000000000e+00 1.155157357903758397e+00
-6.810830400000001816e+01 8.779049374520661031e-01 0.000000000000000000e+00 1.410685010472471079e+00
-6.823009200000004171e+01 8.794747649215981511e-01 0.000000000000000000e+00 1.077262129705193860e+00
-6.858985000000004106e+01 8.841119869039261170e-01 0.000000000000000000e+00 1.157924032111526280e+00
-6.869451200000001734e+01 8.854610630248582748e-01 0.000000000000000000e+00 1.263721041273577539e+00
-6.786707200000005002e+01 8.747954962909499921e-01 0.000000000000000000e+00 1.271099586342471888e+00
-6.818920000000004222e+01 8.789476737066664880e-01 0.000000000000000000e+00 1.292705324722403626e+00
-6.776450400000005914e+01 8.734734114887124923e-01 0.000000000000000000e+00 1.150357185102596880e+00
-6.806420600000004129e+01 8.773365214196872097e-01 0.000000000000000000e+00 1.242747827839582486e+00
-6.815051400000002957e+01 8.784490174721744093e-01 0.000000000000000000e+00 1.170720851667591766e+00
-6.862638800000003414e+01 8.845829557685247480e-01 0.000000000000000000e+00 9.933784672764377488e-01
-6.829130000000000678e+01 8.802637260651839934e-01 0.000000000000000000e+00 9.878343348615256092e-01
-6.847019600000004402e+01 8.825696663465696368e-01 0.000000000000000000e+00 1.143276969184049197e+00
-6.847501400000003002e+01 8.826317695812739839e-01 0.000000000000000000e+00 1.268298481344915851e+00
-6.837393000000002985e+01 8.813288132971562883e-01 0.000000000000000000e+00 1.215112125474331117e+00
-6.834975800000002266e+01 8.810172401569984491e-01 0.000000000000000000e+00 1.311028349644552060e+00
-6.847779200000006483e+01 8.826675775484826847e-01 0.000000000000000000e+00 1.186920836729486783e+00
-6.812684200000002477e+01 8.781438892505207816e-01 0.000000000000000000e+00 1.283648900452271313e+00
-6.878518200000006289e+01 8.866297845463751992e-01 0.000000000000000000e+00 1.053225548798748523e+00
-6.834853000000002510e+01 8.810014114371527150e-01 0.000000000000000000e+00 1.272762054102665852e+00
-6.917886000000002866e+01 8.917042298000145140e-01 0.000000000000000000e+00 1.205251719213321415e+00
-6.898236800000002233e+01 8.891714799466363672e-01 0.000000000000000000e+00 1.100503245478672287e+00
-6.877759000000006040e+01 8.865319249038103866e-01 0.000000000000000000e+00 1.055820873763512413e+00
-6.893050199999998995e+01 8.885029356603784123e-01 0.000000000000000000e+00 1.205171531944769114e+00
-6.918094600000000582e+01 8.917311180000129234e-01 0.000000000000000000e+00 1.122674598638572885e+00
-6.920947800000006112e+01 8.920988908295262032e-01 0.000000000000000000e+00 1.030995585092781885e+00
-6.934496400000006133e+01 8.938452832863936770e-01 0.000000000000000000e+00 1.163989229663108693e+00
-6.933021400000004064e+01 8.936551581905252117e-01 0.000000000000000000e+00 1.191352617657761348e+00
-6.928751800000001992e+01 8.931048137096309070e-01 0.000000000000000000e+00 1.122086555330080948e+00
-6.952625600000001782e+01 8.961821076172493683e-01 0.000000000000000000e+00 1.156261021728085980e+00
-6.867033800000001520e+01 8.851494641050265955e-01 0.000000000000000000e+00 1.139415339600609256e+00
-6.943325000000000102e+01 8.949832754364821508e-01 0.000000000000000000e+00 9.967392029447158519e-01
-6.924190000000000111e+01 8.925168051249992018e-01 0.000000000000000000e+00 1.185722121533939744e+00
-6.965061200000006636e+01 8.977850361882182550e-01 0.000000000000000000e+00 1.151096892540398597e+00
-6.953985800000002371e+01 8.963574351802324758e-01 0.000000000000000000e+00 1.150622604337373955e+00
-6.922938000000003456e+01 8.923554243656592888e-01 0.000000000000000000e+00 1.116211228697645330e+00
-6.910575200000000962e+01 8.907618795960325908e-01 0.000000000000000000e+00 1.133702476288833694e+00
-6.932742600000003108e+01 8.936192213249467553e-01 0.000000000000000000e+00 1.130441144838347345e+00
-6.924549600000003124e+01 8.925631569788804454e-01 0.000000000000000000e+00 1.222838612204811382e+00
-6.970870400000006839e+01 8.985338325996876652e-01 0.000000000000000000e+00 9.811583473681002587e-01
-6.927910800000000791e+01 8.929964101803933296e-01 0.000000000000000000e+00 9.615570840017453325e-01
-6.983737200000003043e+01 9.001923421478339460e-01 0.000000000000000000e+00 9.977027895008501179e-01
-6.930812800000002483e+01 8.933704732503661150e-01 0.000000000000000000e+00 1.092939332193029855e+00
-6.967069200000004514e+01 8.980438641153388746e-01 0.000000000000000000e+00 1.132948992555858014e+00
-6.962858200000006548e+01 8.975010730789317881e-01 0.000000000000000000e+00 1.057029316640926364e+00
-6.935005000000008124e+01 8.939108409974165781e-01 0.000000000000000000e+00 1.083485078556481795e+00
-6.939319600000003163e+01 8.944669859049636518e-01 0.000000000000000000e+00 1.038885365189076371e+00
-6.963649000000003753e+01 8.976030059099907588e-01 0.000000000000000000e+00 1.031928722530698117e+00
-6.938250000000002160e+01 8.943291162083257806e-01 0.000000000000000000e+00 1.239906940789582634e+00
-6.961768800000002955e+01 8.973606511945659836e-01 0.000000000000000000e+00 9.411369422655608830e-01
-6.965167200000006176e+01 8.977986994154466549e-01 0.000000000000000000e+00 1.000344905780607530e+00
-6.930768800000004148e+01 8.933648017220827686e-01 0.000000000000000000e+00 1.210510288532247181e+00
-6.934147600000004275e+01 8.938003235349094577e-01 0.000000000000000000e+00 9.876764354971535598e-01
-6.940262800000004972e+01 8.945885628476234475e-01 0.000000000000000000e+00 8.816752426781159224e-01
-6.923745800000003214e+01 8.924595484690099889e-01 0.000000000000000000e+00 1.066655152322321998e+00
-6.948260600000004672e+01 8.956194662318500699e-01 0.000000000000000000e+00 1.127813047927158641e+00
-6.912931000000006065e+01 8.910655383762680071e-01 0.000000000000000000e+00 1.112738640435924964e+00
-6.957704800000000489e+01 8.968368082185601553e-01 0.000000000000000000e+00 1.035020532903242696e+00
-6.929895600000001821e+01 8.932522476653285137e-01 0.000000000000000000e+00 9.832090066571381737e-01
-6.935636000000002355e+01 8.939921758689364228e-01 0.000000000000000000e+00 8.520871305094325221e-01
-6.875349000000005617e+01 8.862212798319172302e-01 0.000000000000000000e+00 1.183153860354910547e+00
-6.964633400000002439e+01 8.977298934654974749e-01 0.000000000000000000e+00 1.019933865178215049e+00
-6.971926400000003810e+01 8.986699492784918641e-01 0.000000000000000000e+00 1.190339043248951123e+00
-6.943639400000000705e+01 8.950238010840353420e-01 0.000000000000000000e+00 1.020590084198174763e+00
-6.949428000000001759e+01 8.957699421890812364e-01 0.000000000000000000e+00 1.014203428879785207e+00
-6.932274399999998593e+01 8.935588711080746371e-01 0.000000000000000000e+00 1.002586752368214595e+00
-6.918073200000004874e+01 8.917283595748938252e-01 0.000000000000000000e+00 1.042023752698505890e+00
-6.963482000000004746e+01 8.975814798821875051e-01 0.000000000000000000e+00 8.422360714194094822e-01
-6.943792800000004206e+01 8.950435740940061446e-01 0.000000000000000000e+00 1.023701317322034621e+00
-6.949575600000002851e+01 8.957889675885052361e-01 0.000000000000000000e+00 9.805059902072624789e-01
-6.925482600000009370e+01 8.926834191581659583e-01 0.000000000000000000e+00 1.195020424711974227e+00
-6.920939600000002656e+01 8.920978338628910986e-01 0.000000000000000000e+00 1.103384012195063768e+00
-6.922162800000005234e+01 8.922555023491735016e-01 0.000000000000000000e+00 1.056536899983271161e+00
-6.941569600000005380e+01 8.947570072376441752e-01 0.000000000000000000e+00 1.192951291470956576e+00
-6.939698400000004597e+01 8.945158126075501981e-01 0.000000000000000000e+00 1.123415719730400664e+00
-6.939406400000002861e+01 8.944781742834865268e-01 0.000000000000000000e+00 9.644419705977673729e-01
-6.934119600000002492e+01 8.937967143805469750e-01 0.000000000000000000e+00 1.066051212399566905e+00
-6.946238000000008128e+01 8.953587563885264666e-01 0.000000000000000000e+00 1.009936127993381172e+00
-6.971714800000003720e+01 8.986426743833828557e-01 0.000000000000000000e+00 1.144127381168457802e+00
-6.972533800000003623e+01 8.987482421484784822e-01 0.000000000000000000e+00 1.142201789985668015e+00
-6.952718400000004806e+01 8.961940693859932194e-01 0.000000000000000000e+00 1.347543890757994189e+00
-6.944081800000002147e+01 8.950808257229589948e-01 0.000000000000000000e+00 1.027113371175979006e+00
-6.965460600000005797e+01 8.978365181972280951e-01 0.000000000000000000e+00 1.247598097502928827e+00
-6.958245800000003101e+01 8.969065422367737961e-01 0.000000000000000000e+00 9.819916781704211006e-01
-6.921749800000004882e+01 8.922022673223303224e-01 0.000000000000000000e+00 9.270836622245252068e-01
-6.936792400000005898e+01 8.941412339440975021e-01 0.000000000000000000e+00 1.020550365394609527e+00
-6.945799200000001861e+01 8.953021957837346001e-01 0.000000000000000000e+00 1.070100094410128433e+00
-6.933763000000008958e+01 8.937507492217772187e-01 0.000000000000000000e+00 9.007375987029579978e-01
-6.918827000000005967e+01 8.918255231662602922e-01 0.000000000000000000e+00 9.035592576141320276e-01
-6.950913800000006404e+01 8.959614593873468369e-01 0.000000000000000000e+00 1.131836817911397786e+00
-6.922117600000005666e+01 8.922496761428458933e-01 0.000000000000000000e+00 1.092590456336119065e+00
-6.944846600000001047e+01 8.951794071963961041e-01 0.000000000000000000e+00 1.000912278441699277e+00
-6.950362400000003049e+01 8.958903848260842961e-01 0.000000000000000000e+00 1.035190971413955996e+00
-6.968301000000005274e+01 8.982026411276036182e-01 0.000000000000000000e+00 1.038269069415558743e+00
-6.943740600000003838e+01 8.950368455990879157e-01 0.000000000000000000e+00 9.248730679843742974e-01
-6.950258000000006575e+01 8.958769278362483934e-01 0.000000000000000000e+00 1.016786441826811105e+00
