-2.584428200000002462e+01 2.523348037406539790e-01 0.000000000000000000e+00 3.848548525457882175e+00
-2.600342600000003301e+01 2.538886317791541614e-01 0.000000000000000000e+00 2.653861161091037868e+00
-2.578136400000002126e+01 2.517204937288008981e-01 0.000000000000000000e+00 3.336120844089385695e+00
-2.539313400000001764e+01 2.479299476863054963e-01 0.000000000000000000e+00 2.828018951410932846e+00
-2.640226200000002166e+01 2.577827312083704192e-01 0.000000000000000000e+00 3.122526516236814764e+00
-2.626854600000002904e+01 2.564771735373551076e-01 0.000000000000000000e+00 2.702254773273757404e+00
-2.522828400000000926e+01 2.463204081991319239e-01 0.000000000000000000e+00 2.884113806042691852e+00
-2.541487400000001173e+01 2.481422096726636495e-01 0.000000000000000000e+00 3.323023920632373507e+00
-2.553428400000002085e+01 2.493080884119017460e-01 0.000000000000000000e+00 2.667526625759404357e+00
-2.587644000000000943e+01 2.526487835454978015e-01 0.000000000000000000e+00 3.109795385649360977e+00
-2.633426400000000456e+01 2.571188217995208358e-01 0.000000000000000000e+00 2.929146442760306002e+00
-2.712942200000001591e+01 2.648824748146370589e-01 0.000000000000000000e+00 3.461017362299324329e+00
-2.597124000000001942e+01 2.535743785918069260e-01 0.000000000000000000e+00 2.649977856053849834e+00
-2.662725400000000064e+01 2.599794767849436528e-01 0.000000000000000000e+00 3.393929982653672184e+00
-2.666756200000000732e+01 2.603730304255199579e-01 0.000000000000000000e+00 2.948224662121154971e+00
-2.746436200000001548e+01 2.681527153717124801e-01 0.000000000000000000e+00 3.246959051447020794e+00
-2.792128600000002692e+01 2.726139663309922745e-01 0.000000000000000000e+00 3.136907298051648141e+00
-2.702530200000000349e+01 2.638658824494291566e-01 0.000000000000000000e+00 2.600751050419586985e+00
-2.709386600000001977e+01 2.645353180903062817e-01 0.000000000000000000e+00 2.993564596189565385e+00
-2.820850000000002211e+01 2.754182264114838352e-01 0.000000000000000000e+00 2.917054137310447270e+00
-2.803422800000002013e+01 2.737166937120073529e-01 0.000000000000000000e+00 3.285046460692002235e+00
-2.777670600000001500e+01 2.712023362487626099e-01 0.000000000000000000e+00 2.633190977733320892e+00
-2.866969600000001961e+01 2.799211877298123929e-01 0.000000000000000000e+00 3.205883107629131867e+00
-2.971629200000000992e+01 2.901397960957074473e-01 0.000000000000000000e+00 2.740311155291336398e+00
-2.761036800000002245e+01 2.695782684342800661e-01 0.000000000000000000e+00 2.786075377709437806e+00
-2.944336600000001170e+01 2.874750392010983480e-01 0.000000000000000000e+00 3.091290872733011064e+00
-2.975667200000002666e+01 2.905340527198632672e-01 0.000000000000000000e+00 3.062057985915202618e+00
-2.820274400000002046e+01 2.753620267797691201e-01 0.000000000000000000e+00 2.614752964607408359e+00
-2.929992600000002412e+01 2.860745396922105832e-01 0.000000000000000000e+00 2.956122759257812316e+00
-2.907575000000002063e+01 2.838857612628711835e-01 0.000000000000000000e+00 3.146100794313462234e+00
-3.046167200000002140e+01 2.974174336022247789e-01 0.000000000000000000e+00 3.608073513161808687e+00
-2.970535000000001347e+01 2.900329621189488560e-01 0.000000000000000000e+00 2.869475131025839065e+00
-2.966656200000001675e+01 2.896542492428282878e-01 0.000000000000000000e+00 3.226570952586780727e+00
-3.002344200000000995e+01 2.931387045184270512e-01 0.000000000000000000e+00 2.539411409142844800e+00
-2.979644600000000665e+01 2.909223925655581855e-01 0.000000000000000000e+00 2.842022225953223735e+00
-3.036235200000002266e+01 2.964477068089820255e-01 0.000000000000000000e+00 3.855049277377146755e+00
-2.978700200000002596e+01 2.908301845527171969e-01 0.000000000000000000e+00 3.580683602866126414e+00
-3.002427000000004043e+01 2.931467888295913315e-01 0.000000000000000000e+00 2.723493415476052171e+00
-3.036110400000002230e+01 2.964355217602711035e-01 0.000000000000000000e+00 3.147035613896886463e+00
-2.980462400000001821e+01 2.910022397837936925e-01 0.000000000000000000e+00 2.883456492626987444e+00
-2.842292800000001662e+01 2.775118286750909435e-01 0.000000000000000000e+00 2.499391345628375394e+00
-2.936917600000001727e+01 2.867506732044141637e-01 0.000000000000000000e+00 2.828133471666355980e+00
-2.955736600000001602e+01 2.885880965352675132e-01 0.000000000000000000e+00 3.000941148811536063e+00
-3.007496200000003128e+01 2.936417283241851139e-01 0.000000000000000000e+00 2.967814182793781175e+00
-2.885181600000000657e+01 2.816993456394515372e-01 0.000000000000000000e+00 3.044385782862107703e+00
-3.058375800000000311e+01 2.986094398978331177e-01 0.000000000000000000e+00 3.037985773208653484e+00
-3.008965800000000712e+01 2.937852150836844367e-01 0.000000000000000000e+00 3.006001032990407218e+00
-2.997807000000002020e+01 2.926957076994278761e-01 0.000000000000000000e+00 2.835811639735722256e+00
-2.931912200000001079e+01 2.862619629254272158e-01 0.000000000000000000e+00 2.827099585758156675e+00
-2.984984799999999794e+01 2.914437915809905411e-01 0.000000000000000000e+00 2.684331078515999280e+00
-2.937551600000002239e+01 2.868125748140513132e-01 0.000000000000000000e+00 3.227295002705653726e+00
-3.006220800000002313e+01 2.935172025940096519e-01 0.000000000000000000e+00 3.170648430372919879e+00
-2.940280200000001543e+01 2.870789860633506940e-01 0.000000000000000000e+00 2.606392016453070504e+00
-3.168765199999999282e+01 3.093874865017388620e-01 0.000000000000000000e+00 3.152697120215346427e+00
-3.102252200000003057e+01 3.028933827765120657e-01 0.000000000000000000e+00 2.836636339245351746e+00
-3.045294600000003982e+01 2.973322358978569002e-01 0.000000000000000000e+00 3.149462213109091913e+00
-3.078152200000001670e+01 3.005403405174351672e-01 0.000000000000000000e+00 3.181786052003376941e+00
-3.035142000000001516e+01 2.963409704688316215e-01 0.000000000000000000e+00 3.487345250786308082e+00
-3.161465400000001225e+01 3.086747587887594402e-01 0.000000000000000000e+00 2.551627767706985406e+00
-3.195822600000003177e+01 3.120292792660854797e-01 0.000000000000000000e+00 3.157640632523855739e+00
-3.085402800000002799e+01 3.012482645092884881e-01 0.000000000000000000e+00 3.245592480007122749e+00
-3.161397199999999330e+01 3.086680999720758933e-01 0.000000000000000000e+00 2.624289081763407250e+00
-3.128405200000000974e+01 3.054468729923473513e-01 0.000000000000000000e+00 3.116182036749068907e+00
-3.187953400000001025e+01 3.112609572683621706e-01 0.000000000000000000e+00 2.893408150974426718e+00
-3.063154600000000372e+01 2.990760257213881390e-01 0.000000000000000000e+00 2.267084767474107920e+00
-3.155797000000000097e+01 3.081213154384958020e-01 0.000000000000000000e+00 3.207613011290797900e+00
-3.187363800000002101e+01 3.112033907241318897e-01 0.000000000000000000e+00 2.339936493258055972e+00
-3.312225800000000220e+01 3.233944929047476990e-01 0.000000000000000000e+00 2.423980785551575146e+00
-3.317887000000003894e+01 3.239472332714321001e-01 0.000000000000000000e+00 3.156373504722330470e+00
-3.347118600000001010e+01 3.268013075494579645e-01 0.000000000000000000e+00 2.717658632394117202e+00
-3.181933200000002770e+01 3.106731653593127751e-01 0.000000000000000000e+00 2.283306916762915861e+00
-3.346222800000002451e+01 3.267138446757783532e-01 0.000000000000000000e+00 2.375462136179021577e+00
-3.368432400000001792e+01 3.288823146905995309e-01 0.000000000000000000e+00 2.909189146050664032e+00
-3.399619000000001279e+01 3.319272685377747667e-01 0.000000000000000000e+00 2.799781301614232998e+00
-3.454705600000001198e+01 3.373057373223747324e-01 0.000000000000000000e+00 3.121657472727323857e+00
-3.464359200000001948e+01 3.382482820838778603e-01 0.000000000000000000e+00 2.974906319064195337e+00
-3.499337000000000586e+01 3.416633958402900406e-01 0.000000000000000000e+00 2.906312277030147495e+00
-3.502064800000001554e+01 3.419297289803029383e-01 0.000000000000000000e+00 2.901784606883052842e+00
-3.645111800000003655e+01 3.558963528821354472e-01 0.000000000000000000e+00 2.335847448854310837e+00
-3.700501200000002200e+01 3.613043860317164957e-01 0.000000000000000000e+00 2.853228172208249536e+00
-3.669581200000001076e+01 3.582854621043033427e-01 0.000000000000000000e+00 3.018666684845807247e+00
-3.785717600000000971e+01 3.696246262958819973e-01 0.000000000000000000e+00 2.904934055237186730e+00
-3.867006600000003402e+01 3.775614085447657753e-01 0.000000000000000000e+00 2.820651456961778880e+00
-3.734245800000002191e+01 3.645990943228220038e-01 0.000000000000000000e+00 2.627617162326645772e+00
-3.944223600000002250e+01 3.851006145248126455e-01 0.000000000000000000e+00 2.413734331054917970e+00
-3.907666600000003143e+01 3.815313130366355665e-01 0.000000000000000000e+00 3.048613224860102999e+00
-3.838143600000000788e+01 3.747433231205442028e-01 0.000000000000000000e+00 2.778131574340472643e+00
-4.056277000000002175e+01 3.960411284448638880e-01 0.000000000000000000e+00 3.069677215469359677e+00
-4.109974600000001743e+01 4.012839799805900665e-01 0.000000000000000000e+00 3.314077376961631849e+00
-4.162087200000002696e+01 4.063720774922235379e-01 0.000000000000000000e+00 2.533118727356625133e+00
-4.127290200000001619e+01 4.029746164345846537e-01 0.000000000000000000e+00 2.741792720247837600e+00
-4.144858400000001097e+01 4.046899158958257581e-01 0.000000000000000000e+00 2.529879851130395707e+00
-4.174373000000002776e+01 4.075716213339897753e-01 0.000000000000000000e+00 2.304780526000318019e+00
-4.120317800000003672e+01 4.022938549471496983e-01 0.000000000000000000e+00 2.965392457293593687e+00
-4.269325400000001736e+01 4.168424516161789994e-01 0.000000000000000000e+00 3.257966278803730020e+00
-4.232920000000002858e+01 4.132879518378141936e-01 0.000000000000000000e+00 2.608922658257172955e+00
-4.227256200000002195e+01 4.127349576159485833e-01 0.000000000000000000e+00 3.023516026780407095e+00
-4.185518400000002259e+01 4.086598203876957158e-01 0.000000000000000000e+00 2.805330306871278712e+00
-4.116264200000002660e+01 4.018980751919050132e-01 0.000000000000000000e+00 2.473400817717756883e+00
-4.163025200000001291e+01 4.064636606307717170e-01 0.000000000000000000e+00 2.703925692843685447e+00
-4.115401000000003506e+01 4.018137952716547279e-01 0.000000000000000000e+00 2.590761974786568000e+00
-4.250468200000000252e+01 4.150012985668899423e-01 0.000000000000000000e+00 2.422438486293252868e+00
-4.168581600000001686e+01 4.070061686809101076e-01 0.000000000000000000e+00 2.620445299914200721e+00
-4.232672600000002916e+01 4.132637965409305392e-01 0.000000000000000000e+00 3.491190713337346541e+00
-4.210741400000003409e+01 4.111225085578490979e-01 0.000000000000000000e+00 2.789285121151070967e+00
-4.380897800000003883e+01 4.277360023276571277e-01 0.000000000000000000e+00 3.005673696665066341e+00
-4.356136400000002595e+01 4.253183832158767830e-01 0.000000000000000000e+00 2.742864595527453098e+00
-4.302002000000001658e+01 4.200328840096623217e-01 0.000000000000000000e+00 2.886285349368596265e+00
-4.313839600000002150e+01 4.211886671236062529e-01 0.000000000000000000e+00 3.239731453265342509e+00
-4.245038000000001688e+01 4.144711122567141803e-01 0.000000000000000000e+00 2.712411449599634761e+00
-4.199906600000002754e+01 4.100646354346687006e-01 0.000000000000000000e+00 2.934944029966217727e+00
-4.230893600000001697e+01 4.130901010148351205e-01 0.000000000000000000e+00 3.192335593340570377e+00
-4.226094600000000412e+01 4.126215429317930949e-01 0.000000000000000000e+00 2.538076065731360575e+00
-4.326767200000001878e+01 4.224508741405539891e-01 0.000000000000000000e+00 2.733441340588892654e+00
-4.319079600000002728e+01 4.217002829508910144e-01 0.000000000000000000e+00 2.564898452236826110e+00
-4.344895000000003193e+01 4.242208110477778127e-01 0.000000000000000000e+00 3.008498197429973153e+00
-4.129353600000003865e+01 4.031760798120694878e-01 0.000000000000000000e+00 2.354206529542684834e+00
-4.111473400000004119e+01 4.014303177290510227e-01 0.000000000000000000e+00 2.702814840693817722e+00
-4.266913600000000883e+01 4.166069716443763227e-01 0.000000000000000000e+00 2.581201381688829954e+00
-4.277121200000001977e+01 4.176036070868557881e-01 0.000000000000000000e+00 2.250775986290196151e+00
-4.189345000000000141e+01 4.090334366328648996e-01 0.000000000000000000e+00 2.807810462015920550e+00
-4.326639800000003078e+01 4.224384352366616913e-01 0.000000000000000000e+00 3.362048095906403855e+00
-4.284067600000000198e+01 4.182818300224759867e-01 0.000000000000000000e+00 2.597871494365409095e+00
-4.259629600000004501e+01 4.158957865898075812e-01 0.000000000000000000e+00 2.912378543283440813e+00
-4.255484200000003625e+01 4.154910437939246526e-01 0.000000000000000000e+00 2.570217682294594130e+00
-4.092856200000001365e+01 3.996125974657443458e-01 0.000000000000000000e+00 2.764057723044001769e+00
-4.160635600000001233e+01 4.062303481916725301e-01 0.000000000000000000e+00 2.236267966375761418e+00
-4.313625600000001725e+01 4.211677728894384631e-01 0.000000000000000000e+00 3.388293697701370899e+00
-4.349427000000001442e+01 4.246633001564140142e-01 0.000000000000000000e+00 2.397340736391812221e+00
-4.248697800000002900e+01 4.148284427156258558e-01 0.000000000000000000e+00 2.845394392417332607e+00
-4.380019600000004232e+01 4.276502578582828673e-01 0.000000000000000000e+00 2.901443186559461651e+00
-4.283426600000002793e+01 4.182192449565813042e-01 0.000000000000000000e+00 2.775844060193059626e+00
-4.220191199999999299e+01 4.120451549785882350e-01 0.000000000000000000e+00 2.547195869705041638e+00
-4.303791600000002404e+01 4.202076144838052807e-01 0.000000000000000000e+00 2.564788126903083665e+00
-4.297966400000001386e+01 4.196388617133663956e-01 0.000000000000000000e+00 2.671016578066686797e+00
-4.215096400000003740e+01 4.115477159868233814e-01 0.000000000000000000e+00 2.757184496507591565e+00
-4.064506800000002329e+01 3.968446582035257131e-01 0.000000000000000000e+00 2.649090180881052081e+00
-4.417401800000002510e+01 4.313001290755963946e-01 0.000000000000000000e+00 3.462713119966463804e+00
-4.313301400000003127e+01 4.211361191010405403e-01 0.000000000000000000e+00 2.752693115566805737e+00
-4.282889800000001657e+01 4.181668336252669649e-01 0.000000000000000000e+00 2.476814763465611247e+00
-4.268340800000002844e+01 4.167463186116858176e-01 0.000000000000000000e+00 2.993224777125834457e+00
-4.403427200000003694e+01 4.299356965298000710e-01 0.000000000000000000e+00 2.784984274589918041e+00
-4.406545800000001378e+01 4.302401860563208613e-01 0.000000000000000000e+00 2.785722608870401462e+00
-4.220137200000001343e+01 4.120398826017424021e-01 0.000000000000000000e+00 2.909911411060168263e+00
-4.258469000000000904e+01 4.157824695422601691e-01 0.000000000000000000e+00 3.349992669658797606e+00
-4.368703200000003761e+01 4.265453629445642991e-01 0.000000000000000000e+00 2.994575273129798099e+00
-4.339300000000000068e+01 4.236745342245603063e-01 0.000000000000000000e+00 2.748694576181812010e+00
-4.366579200000001748e+01 4.263379827886188966e-01 0.000000000000000000e+00 3.133832486343296253e+00
-4.358291400000000948e+01 4.255287901066778788e-01 0.000000000000000000e+00 3.111814191728423218e+00
-4.366519200000004730e+01 4.263321245921235514e-01 0.000000000000000000e+00 3.563484613385378363e+00
-4.323784600000004019e+01 4.221596631927565513e-01 0.000000000000000000e+00 3.072737043824103953e+00
-4.265840400000003996e+01 4.165021880363915519e-01 0.000000000000000000e+00 2.868347179580969186e+00
-4.155842400000003067e+01 4.057623564009587014e-01 0.000000000000000000e+00 2.453488543226035823e+00
-4.292367600000000749e+01 4.190922138710377887e-01 0.000000000000000000e+00 2.446535793507450762e+00
-4.404558800000001639e+01 4.300461821157073872e-01 0.000000000000000000e+00 2.946569444964085349e+00
-4.412956800000002744e+01 4.308661343518787046e-01 0.000000000000000000e+00 2.463816746550322900e+00
-4.392531000000003161e+01 4.288718285188725110e-01 0.000000000000000000e+00 3.114816696181025524e+00
-4.239674400000001953e+01 4.139474285446484436e-01 0.000000000000000000e+00 2.858905641028935740e+00
-4.376176400000004207e+01 4.272750208454162979e-01 0.000000000000000000e+00 2.877325643034629898e+00
-4.343226400000003196e+01 4.240578946032344532e-01 0.000000000000000000e+00 2.546409671925703222e+00
-4.342899800000002131e+01 4.240260064869764700e-01 0.000000000000000000e+00 3.657507708201243712e+00
-4.169797800000002042e+01 4.071249143238764856e-01 0.000000000000000000e+00 2.180994134161869713e+00
-4.303542200000001827e+01 4.201832639137050851e-01 0.000000000000000000e+00 2.808801619713476860e+00
-4.345777200000003404e+01 4.243069460635852108e-01 0.000000000000000000e+00 2.921296522875008961e+00
-4.255301000000004308e+01 4.154731567672914072e-01 0.000000000000000000e+00 2.412875167018833089e+00
-4.490027400000001023e+01 4.383910463324762197e-01 0.000000000000000000e+00 3.161524886858596783e+00
-4.403677800000002662e+01 4.299601642638300469e-01 0.000000000000000000e+00 3.370921245767642294e+00
-4.341739400000002291e+01 4.239127089667510950e-01 0.000000000000000000e+00 2.580365275286239157e+00
-4.283832600000004476e+01 4.182588854195352090e-01 0.000000000000000000e+00 3.250662577949425813e+00
-4.425129000000003288e+01 4.320545866749466168e-01 0.000000000000000000e+00 2.421340353309641369e+00
-4.456008400000002467e+01 4.350695465560641684e-01 0.000000000000000000e+00 2.460627268336431417e+00
-4.449152000000002261e+01 4.344001109151872098e-01 0.000000000000000000e+00 3.016489587302272124e+00
-4.459255400000000691e+01 4.353865726230856659e-01 0.000000000000000000e+00 2.869586476505883610e+00
-4.455068400000001105e+01 4.349777681442992261e-01 0.000000000000000000e+00 2.968346243135284279e+00
-4.491449000000002911e+01 4.385298465347794439e-01 0.000000000000000000e+00 3.095393271190807649e+00
-4.524726800000003379e+01 4.417789780571489966e-01 0.000000000000000000e+00 2.358549792609472284e+00
-4.470439000000002494e+01 4.364785013952274251e-01 0.000000000000000000e+00 2.350678890869570825e+00
-4.497356800000002153e+01 4.391066640890604611e-01 0.000000000000000000e+00 2.750074215596533200e+00
-4.593526800000000776e+01 4.484963767054675476e-01 0.000000000000000000e+00 2.961396600530283418e+00
-4.631866000000000838e+01 4.522396861568865334e-01 0.000000000000000000e+00 2.479920135322054353e+00
-4.565804800000001507e+01 4.457896946512714953e-01 0.000000000000000000e+00 2.664257636724430167e+00
-4.611132400000001752e+01 4.502153277758577654e-01 0.000000000000000000e+00 2.557187395712702926e+00
-4.547730200000000877e+01 4.440249520116071325e-01 0.000000000000000000e+00 2.991214813719359267e+00
-4.518875399999998166e+01 4.412076672075733175e-01 0.000000000000000000e+00 2.601891592529705477e+00
-4.477488000000003154e+01 4.371667418468553890e-01 0.000000000000000000e+00 2.750359556439297748e+00
-4.505450399999999433e+01 4.398968957416769521e-01 0.000000000000000000e+00 2.624608597733568693e+00
-4.502485000000001492e+01 4.396073641435416235e-01 0.000000000000000000e+00 2.776917488380366450e+00
-4.664407400000003889e+01 4.554169180809333750e-01 0.000000000000000000e+00 2.613450331279445482e+00
-4.593706800000001067e+01 4.485139512949544716e-01 0.000000000000000000e+00 2.528451693794949051e+00
-4.644872200000002493e+01 4.535095674112437081e-01 0.000000000000000000e+00 3.135572720568884808e+00
-4.675364600000002469e+01 4.564867419249645786e-01 0.000000000000000000e+00 3.054974617739785181e+00
-4.661405000000002730e+01 4.551237739282920636e-01 0.000000000000000000e+00 3.146307495728407844e+00
-4.653237400000002566e+01 4.543263171666639955e-01 0.000000000000000000e+00 3.104441070616952736e+00
-4.735337200000002156e+01 4.623422631775250813e-01 0.000000000000000000e+00 3.020626337888795199e+00
-4.671138800000000657e+01 4.560741491457774299e-01 0.000000000000000000e+00 2.542088823412189225e+00
-4.608925800000002226e+01 4.499998828360703418e-01 0.000000000000000000e+00 2.818532354286105157e+00
-4.613958600000002974e+01 4.504912683581235866e-01 0.000000000000000000e+00 2.487460927545324552e+00
-4.523201400000001371e+01 4.416300431749083377e-01 0.000000000000000000e+00 2.424740504496399662e+00
-4.661052800000003771e+01 4.550893863148628427e-01 0.000000000000000000e+00 2.577283805120688331e+00
-4.697423800000002103e+01 4.586405273939034299e-01 0.000000000000000000e+00 3.040624996318747719e+00
-4.566149600000002096e+01 4.458233597537997750e-01 0.000000000000000000e+00 2.138054195433338744e+00
-4.637791000000003550e+01 4.528181830608299374e-01 0.000000000000000000e+00 2.812025412672358726e+00
-4.658193000000002115e+01 4.548101651425594527e-01 0.000000000000000000e+00 2.180771433217932209e+00
-4.835633400000001103e+01 4.721348439669365016e-01 0.000000000000000000e+00 2.547198662988678475e+00
-4.746265200000002693e+01 4.634092360325953175e-01 0.000000000000000000e+00 1.924558462518747515e+00
-4.819962800000001124e+01 4.706048197335302996e-01 0.000000000000000000e+00 2.563354723009626301e+00
-4.795493800000001272e+01 4.682157495660054236e-01 0.000000000000000000e+00 2.705476067249645400e+00
-4.921786600000005052e+01 4.805465502057208460e-01 0.000000000000000000e+00 2.860740355265829926e+00
-4.643223000000003964e+01 4.533485451169007030e-01 0.000000000000000000e+00 2.054903258432170698e+00
-4.801529000000002156e+01 4.688050060241789607e-01 0.000000000000000000e+00 2.619574718568190352e+00
-4.710633000000002824e+01 4.599302288797373905e-01 0.000000000000000000e+00 2.417302047529414022e+00
-4.776957200000003922e+01 4.664058988133250594e-01 0.000000000000000000e+00 3.112127660259702555e+00
-4.763014200000003484e+01 4.650445515843495969e-01 0.000000000000000000e+00 2.734326971691054098e+00
-4.740548800000003382e+01 4.628511061251353587e-01 0.000000000000000000e+00 2.011273864855431803e+00
-4.716472400000002807e+01 4.605003680900134344e-01 0.000000000000000000e+00 2.695334070526585801e+00
-4.845247800000002059e+01 4.730735613733958456e-01 0.000000000000000000e+00 2.848170998568531953e+00
-4.746124200000001281e+01 4.633954692708304179e-01 0.000000000000000000e+00 2.258652682561089531e+00
-4.642627000000002369e+01 4.532903536983773352e-01 0.000000000000000000e+00 2.271040412732152625e+00
-4.709765000000003710e+01 4.598454803037674288e-01 0.000000000000000000e+00 2.529963361634337993e+00
-4.761189600000002287e+01 4.648664038289174738e-01 0.000000000000000000e+00 3.025196980844905514e+00
-4.719918400000003089e+01 4.608368238420789686e-01 0.000000000000000000e+00 2.822420524714075007e+00
-4.724994400000000638e+01 4.613324272656087466e-01 0.000000000000000000e+00 2.055697396683498379e+00
-4.797942800000001995e+01 4.684548616196353432e-01 0.000000000000000000e+00 2.731805744313205331e+00
-4.744247200000000220e+01 4.632122053571254838e-01 0.000000000000000000e+00 2.825522729436380942e+00
-4.699431200000001496e+01 4.588365231213253903e-01 0.000000000000000000e+00 2.558485470129671757e+00
-4.665214000000003836e+01 4.554956717691562296e-01 0.000000000000000000e+00 2.135580552676414445e+00
-4.712716400000002892e+01 4.601336449893871916e-01 0.000000000000000000e+00 2.592495370324806370e+00
-4.684886400000002737e+01 4.574164181814989183e-01 0.000000000000000000e+00 2.106174096975773846e+00
-4.689267600000001579e+01 4.578441836896094963e-01 0.000000000000000000e+00 2.673628049617412294e+00
-4.734179800000001848e+01 4.622292585671243792e-01 0.000000000000000000e+00 2.687682540551215915e+00
-4.744175800000004273e+01 4.632052341032960596e-01 0.000000000000000000e+00 2.874606697566282953e+00
-4.761260800000002291e+01 4.648733555554256380e-01 0.000000000000000000e+00 2.645865259313180395e+00
-4.716892200000004465e+01 4.605413559381613675e-01 0.000000000000000000e+00 2.046365241626570519e+00
-4.681779400000001345e+01 4.571130612396335779e-01 0.000000000000000000e+00 2.825802615002246831e+00
-4.709170400000002132e+01 4.597874255764956009e-01 0.000000000000000000e+00 2.640511817769770175e+00
-4.890219800000003403e+01 4.774644749200848137e-01 0.000000000000000000e+00 2.950280277251534855e+00
-4.889362200000004322e+01 4.773807417648407436e-01 0.000000000000000000e+00 2.879965899474743907e+00
-4.862676400000001564e+01 4.747752307641238123e-01 0.000000000000000000e+00 2.885388691338664824e+00
-4.782596800000001735e+01 4.669565302292704723e-01 0.000000000000000000e+00 2.751148579491919488e+00
-4.826477000000002704e+01 4.712408441270606874e-01 0.000000000000000000e+00 2.440329037985730753e+00
-4.833565000000002954e+01 4.719328924064107311e-01 0.000000000000000000e+00 2.457909400632409813e+00
-4.602535600000002347e+01 4.493759653819644484e-01 0.000000000000000000e+00 2.536199818400065364e+00
-4.756477200000002625e+01 4.644063010761509958e-01 0.000000000000000000e+00 2.781322042601795275e+00
-4.753410000000003777e+01 4.641068300712946626e-01 0.000000000000000000e+00 2.197635301496551730e+00
-4.726742400000002675e+01 4.615030960568482499e-01 0.000000000000000000e+00 2.509889941372334121e+00
-4.741647800000001922e+01 4.629584087576134599e-01 0.000000000000000000e+00 2.568996124794290292e+00
-4.681484400000003632e+01 4.570842584401970110e-01 0.000000000000000000e+00 2.748528179076168865e+00
-4.839959400000002887e+01 4.725572199342713553e-01 0.000000000000000000e+00 3.130159370190584323e+00
-4.720300600000002333e+01 4.608741405537560287e-01 0.000000000000000000e+00 2.099940126987751121e+00
-4.802976000000003154e+01 4.689462861963319407e-01 0.000000000000000000e+00 2.839699645520222138e+00
-4.781908399999998949e+01 4.668893171881436932e-01 0.000000000000000000e+00 2.239436754615595326e+00
-4.863003000000004050e+01 4.748071188803819065e-01 0.000000000000000000e+00 3.163779556658667502e+00
-4.823069000000001694e+01 4.709080985661089902e-01 0.000000000000000000e+00 3.213549235092507228e+00
-4.794343800000001465e+01 4.681034674665059403e-01 0.000000000000000000e+00 3.056809940225696742e+00
-4.763185400000001124e+01 4.650612669716835956e-01 0.000000000000000000e+00 2.349620011204906600e+00
-4.696440800000002724e+01 4.585445506079834366e-01 0.000000000000000000e+00 2.357435195063748434e+00
-4.769902200000002779e+01 4.657170725420475277e-01 0.000000000000000000e+00 2.446788205699772956e+00
-4.802404200000004408e+01 4.688904575837287148e-01 0.000000000000000000e+00 2.666476134753146265e+00
-4.826237800000001954e+01 4.712174894503646794e-01 0.000000000000000000e+00 3.004525411138633917e+00
-4.767086600000001084e+01 4.654421669078292467e-01 0.000000000000000000e+00 2.829281480839653362e+00
-4.690070800000003004e+01 4.579226054133644364e-01 0.000000000000000000e+00 3.162244456132288661e+00
-4.741504000000003316e+01 4.629443686133457025e-01 0.000000000000000000e+00 2.056552550048529771e+00
-4.721855400000001168e+01 4.610259459522793035e-01 0.000000000000000000e+00 2.512568637121474602e+00
-4.697116200000002095e+01 4.586104943732025041e-01 0.000000000000000000e+00 2.716177406873881317e+00
-4.770620000000003813e+01 4.657871560994569782e-01 0.000000000000000000e+00 3.110419842783902933e+00
-4.765768200000002253e+01 4.653134428034987891e-01 0.000000000000000000e+00 2.888438379819822543e+00
-4.723454000000003106e+01 4.611820278342446122e-01 0.000000000000000000e+00 2.255528553523004298e+00
-4.866526600000004521e+01 4.751511512332484699e-01 0.000000000000000000e+00 2.847253013639779340e+00
-4.805059400000002512e+01 4.691497023059816862e-01 0.000000000000000000e+00 2.861598519646039396e+00
-4.796475400000001343e+01 4.683115896606738771e-01 0.000000000000000000e+00 2.847935172036970997e+00
-4.726323600000002756e+01 4.614622058453087816e-01 0.000000000000000000e+00 2.926132777890029679e+00
-4.741795400000001592e+01 4.629728199209926509e-01 0.000000000000000000e+00 2.761888137620948758e+00
-4.833873000000002662e+01 4.719629644817549541e-01 0.000000000000000000e+00 2.747579032695709245e+00
-4.651707000000004655e+01 4.541768941013824556e-01 0.000000000000000000e+00 2.896041258338699631e+00
-4.694708600000002008e+01 4.583754244751546136e-01 0.000000000000000000e+00 2.560579268309608914e+00
-4.784807400000001110e+01 4.671723657154909781e-01 0.000000000000000000e+00 2.290969695032999187e+00
-4.803717000000003168e+01 4.690186349230529017e-01 0.000000000000000000e+00 2.468771041316801362e+00
-4.709325600000005352e+01 4.598025787780979368e-01 0.000000000000000000e+00 2.507406295954833553e+00
-4.696583600000000303e+01 4.585584931156427846e-01 0.000000000000000000e+00 2.793324771431153764e+00
-4.747570400000002877e+01 4.635366713336968592e-01 0.000000000000000000e+00 2.710386775109949298e+00
-4.792810600000002808e+01 4.679537710187211541e-01 0.000000000000000000e+00 2.790448577306146927e+00
-4.695749600000001323e+01 4.584770641843536887e-01 0.000000000000000000e+00 2.899045160881823957e+00
-4.722968200000004657e+01 4.611345959699518215e-01 0.000000000000000000e+00 2.696736354809178504e+00
-4.703544200000000330e+01 4.592381024911004750e-01 0.000000000000000000e+00 2.939178303271205550e+00
-4.640021400000002672e+01 4.530359517518939283e-01 0.000000000000000000e+00 2.737162890272120563e+00
-4.786890000000001777e+01 4.673757037158542404e-01 0.000000000000000000e+00 3.214779382222617166e+00
-4.694942400000002181e+01 4.583982519141659440e-01 0.000000000000000000e+00 2.407197580704478757e+00
-4.834349200000003322e+01 4.720094590346086139e-01 0.000000000000000000e+00 2.400731334266559269e+00
-4.711006600000001754e+01 4.599667059165833960e-01 0.000000000000000000e+00 2.310313973337386528e+00
-4.790038800000000663e+01 4.676831418679446295e-01 0.000000000000000000e+00 3.138104306719989633e+00
-4.775029800000002922e+01 4.662177140145637999e-01 0.000000000000000000e+00 2.365349765495003975e+00
-4.837339600000002804e+01 4.723014315479506231e-01 0.000000000000000000e+00 3.177007697930728902e+00
-4.827750400000003594e+01 4.713651745840196083e-01 0.000000000000000000e+00 2.472447861015148352e+00
-4.719524800000002784e+01 4.607983940730676076e-01 0.000000000000000000e+00 2.338048242603953497e+00
-4.790733800000000997e+01 4.677509993106857000e-01 0.000000000000000000e+00 3.196446162799043034e+00
-4.772742800000001751e+01 4.659944190914720452e-01 0.000000000000000000e+00 2.222321030190796076e+00
-4.729033400000002985e+01 4.617267815263729203e-01 0.000000000000000000e+00 2.532042674103022861e+00
-4.727328200000003022e+01 4.615602915819672081e-01 0.000000000000000000e+00 2.215104586826955657e+00
-4.806509000000004761e+01 4.692912363333162640e-01 0.000000000000000000e+00 2.625325082612425920e+00
-4.804998600000000408e+01 4.691437660001992471e-01 0.000000000000000000e+00 2.932942212389491043e+00
-4.828681800000002511e+01 4.714561133209532739e-01 0.000000000000000000e+00 2.768490557933997120e+00
-4.788234600000001961e+01 4.675069858993212701e-01 0.000000000000000000e+00 2.602915122091405298e+00
-4.762686400000001896e+01 4.650125463041616669e-01 0.000000000000000000e+00 2.950558649774922770e+00
-4.814267000000001673e+01 4.700487011402005311e-01 0.000000000000000000e+00 2.993396062159081161e+00
-4.886348600000002307e+01 4.770865040821868353e-01 0.000000000000000000e+00 2.848637647130730866e+00
-4.750747800000001320e+01 4.638469018927834364e-01 0.000000000000000000e+00 2.942717225183197893e+00
-4.771720600000003998e+01 4.658946149505084344e-01 0.000000000000000000e+00 2.579545873188307414e+00
-4.727916000000004004e+01 4.616176823803028184e-01 0.000000000000000000e+00 2.615161193324554212e+00
-4.742495800000003214e+01 4.630412046014183991e-01 0.000000000000000000e+00 2.861902934111984820e+00
-4.792802600000003110e+01 4.679529899258551007e-01 0.000000000000000000e+00 2.791974701725420172e+00
-4.898095200000002336e+01 4.782334022647790062e-01 0.000000000000000000e+00 2.930594194394403385e+00
-4.729030600000003659e+01 4.617265081438698959e-01 0.000000000000000000e+00 2.816136805023878864e+00
-4.654172200000001425e+01 4.544175878680657976e-01 0.000000000000000000e+00 2.909839824380632933e+00
-4.844342200000001242e+01 4.729851416609550663e-01 0.000000000000000000e+00 2.832249661696118359e+00
-4.800595600000004026e+01 4.687138720140288650e-01 0.000000000000000000e+00 2.559669155164985277e+00
-4.854606400000004385e+01 4.739873033354622955e-01 0.000000000000000000e+00 2.692393632031174544e+00
-4.773781000000001029e+01 4.660957854181679849e-01 0.000000000000000000e+00 2.763712056128842853e+00
-4.743765800000001320e+01 4.631652030939090170e-01 0.000000000000000000e+00 2.268109190946627329e+00
-4.814824800000003080e+01 4.701031628402883022e-01 0.000000000000000000e+00 3.264316403895834995e+00
-4.792858000000002505e+01 4.679583989939526401e-01 0.000000000000000000e+00 2.829181152977595648e+00
-4.770618400000000037e+01 4.657869998808833456e-01 0.000000000000000000e+00 3.253411523362434110e+00
-4.820064800000005079e+01 4.706147786675732858e-01 0.000000000000000000e+00 2.944722764556447547e+00
-4.714954200000004647e+01 4.603521361913526233e-01 0.000000000000000000e+00 2.493465655587002505e+00
-4.730027000000002602e+01 4.618237932603405094e-01 0.000000000000000000e+00 2.378791277544378246e+00
-4.707566800000000740e+01 4.596308555114890226e-01 0.000000000000000000e+00 2.766733975847166072e+00
-4.675622400000002443e+01 4.565119126425741247e-01 0.000000000000000000e+00 2.644701689202910266e+00
-4.701222600000003382e+01 4.590114293413633528e-01 0.000000000000000000e+00 2.495199840445974537e+00
-4.643394800000000089e+01 4.533653190861994808e-01 0.000000000000000000e+00 2.469907471316414416e+00
-4.611268400000002288e+01 4.502286063545812844e-01 0.000000000000000000e+00 2.686406585979858708e+00
-4.847080600000002448e+01 4.732525097490156152e-01 0.000000000000000000e+00 2.888555090398426728e+00
-4.763870200000003052e+01 4.651281285210205341e-01 0.000000000000000000e+00 2.390872437272446582e+00
-4.767520000000002511e+01 4.654844826138494485e-01 0.000000000000000000e+00 2.736965572869104690e+00
-4.679058400000002393e+01 4.568473920285570089e-01 0.000000000000000000e+00 2.659235023241143026e+00
-4.804942800000004155e+01 4.691383178774586882e-01 0.000000000000000000e+00 2.369536247176402100e+00
-4.829914800000000952e+01 4.715764992589382421e-01 0.000000000000000000e+00 2.774280711528592569e+00
-4.653822400000002801e+01 4.543834345824964149e-01 0.000000000000000000e+00 2.201528999486446647e+00
-4.804394400000001042e+01 4.690847739614883438e-01 0.000000000000000000e+00 2.124351438725749386e+00
-4.789523400000003051e+01 4.676328199600474078e-01 0.000000000000000000e+00 2.603260055625669089e+00
-4.751914600000000632e+01 4.639608242873016763e-01 0.000000000000000000e+00 2.210285331524306507e+00
-4.829276800000002368e+01 4.715142071028682325e-01 0.000000000000000000e+00 3.152803386786644069e+00
-4.869315800000002525e+01 4.754234792610083082e-01 0.000000000000000000e+00 3.314805932286720491e+00
-4.718728200000004591e+01 4.607206167509275141e-01 0.000000000000000000e+00 3.105637519365858967e+00
-4.755948600000002102e+01 4.643546903650244695e-01 0.000000000000000000e+00 2.781331278690515774e+00
-4.745984400000006076e+01 4.633818196729960759e-01 0.000000000000000000e+00 2.626269170443159773e+00
-4.769491600000001341e+01 4.656769829506956504e-01 0.000000000000000000e+00 2.170834464733957248e+00
-4.798249800000000675e+01 4.684848360583711568e-01 0.000000000000000000e+00 3.067282023438517857e+00
-4.764128800000001718e+01 4.651533773479165634e-01 0.000000000000000000e+00 2.697343967282323174e+00
-4.691467000000002940e+01 4.580589256458176828e-01 0.000000000000000000e+00 2.443905409793963646e+00
-4.692040200000003125e+01 4.581148909496725596e-01 0.000000000000000000e+00 2.331836422264216502e+00
-4.710475400000001400e+01 4.599148413502753829e-01 0.000000000000000000e+00 2.323815534822596174e+00
-4.742168800000003870e+01 4.630092774305173409e-01 0.000000000000000000e+00 2.363292587984019200e+00
-4.870934200000003500e+01 4.755814943478171020e-01 0.000000000000000000e+00 2.901218005352548257e+00
-4.761748800000005133e+01 4.649210022202570070e-01 0.000000000000000000e+00 3.073232812570271921e+00
-4.781743000000003718e+01 4.668731680931378913e-01 0.000000000000000000e+00 3.201954455208931183e+00
-4.695627400000002183e+01 4.584651329908243644e-01 0.000000000000000000e+00 2.661332582081481490e+00
-4.885624400000002510e+01 4.770157956504846308e-01 0.000000000000000000e+00 3.612107190550169822e+00
-4.786790200000004347e+01 4.673659595823501101e-01 0.000000000000000000e+00 2.777412664820088750e+00
-4.792418800000002221e+01 4.679155169956046301e-01 0.000000000000000000e+00 2.566353011109797411e+00
-4.805435400000003199e+01 4.691864136706876964e-01 0.000000000000000000e+00 2.869706942536893735e+00
-4.668091200000002061e+01 4.557765918184429887e-01 0.000000000000000000e+00 2.842826107774878430e+00
-4.701263400000003401e+01 4.590154129149803808e-01 0.000000000000000000e+00 2.705374314556606041e+00
-4.798887800000002102e+01 4.685471282144414995e-01 0.000000000000000000e+00 3.394825771569005557e+00
-4.765903200000004603e+01 4.653266237456141763e-01 0.000000000000000000e+00 2.661082693717735648e+00
-4.865645600000003412e+01 4.750651333813709076e-01 0.000000000000000000e+00 2.524867146352717029e+00
-4.680980000000002406e+01 4.570350105349902936e-01 0.000000000000000000e+00 2.730993726122638243e+00
-4.778651200000003030e+01 4.665712952277181746e-01 0.000000000000000000e+00 2.631090505309020333e+00
-4.758600800000002806e+01 4.646136421774528791e-01 0.000000000000000000e+00 2.682791000179183261e+00
-4.713031000000005122e+01 4.601643614663461501e-01 0.000000000000000000e+00 2.566737776327033149e+00
-4.742297400000003194e+01 4.630218334983395301e-01 0.000000000000000000e+00 2.828949203160892267e+00
-4.779522000000003601e+01 4.666563171861914383e-01 0.000000000000000000e+00 2.475466289388524199e+00
-4.784360600000003672e+01 4.671287416789204339e-01 0.000000000000000000e+00 3.001108203321640300e+00
-4.701294600000003499e+01 4.590184591771581113e-01 0.000000000000000000e+00 2.844908786857566874e+00
-4.729915600000003195e+01 4.618129165421803184e-01 0.000000000000000000e+00 3.144968396569062907e+00
-4.743856800000002494e+01 4.631740880252608328e-01 0.000000000000000000e+00 2.250441741906048954e+00
-4.778132000000005064e+01 4.665206023007095748e-01 0.000000000000000000e+00 2.694899296932272925e+00
-4.786881600000003800e+01 4.673748835683450564e-01 0.000000000000000000e+00 2.816872945171003284e+00
-4.796817400000002607e+01 4.683449813806990769e-01 0.000000000000000000e+00 2.896029729555393395e+00
-4.630247200000001584e+01 4.520816320154345536e-01 0.000000000000000000e+00 2.816208532011387877e+00
-4.697341600000002160e+01 4.586325016647044284e-01 0.000000000000000000e+00 2.557983410388390944e+00
-4.699980600000002795e+01 4.588901646739038109e-01 0.000000000000000000e+00 2.633138520059706167e+00
-4.779808400000003843e+01 4.666842803107972837e-01 0.000000000000000000e+00 2.422791174929686875e+00
-4.731040800000004509e+01 4.619227772537951027e-01 0.000000000000000000e+00 2.345680020359799833e+00
-4.690165200000001988e+01 4.579318223091841111e-01 0.000000000000000000e+00 2.488568756261804182e+00
-4.755851800000002783e+01 4.643452391413449010e-01 0.000000000000000000e+00 3.253689213284272075e+00
-4.675315000000002641e+01 4.564818991491949030e-01 0.000000000000000000e+00 2.443217987004065783e+00
-4.790589200000001568e+01 4.677368810571312929e-01 0.000000000000000000e+00 2.709527957907581275e+00
-4.712495200000001461e+01 4.601120477716398871e-01 0.000000000000000000e+00 2.948789430931912925e+00
-4.809366000000002828e+01 4.695701841231161855e-01 0.000000000000000000e+00 2.295453407732491513e+00
-4.773790600000000239e+01 4.660967227296071713e-01 0.000000000000000000e+00 2.616318549390121539e+00
-4.796210200000004420e+01 4.682856964321635007e-01 0.000000000000000000e+00 2.574056631823461672e+00
-4.778306200000002946e+01 4.665376105978683019e-01 0.000000000000000000e+00 2.797669412560346736e+00
-4.739386200000002702e+01 4.627375938043716830e-01 0.000000000000000000e+00 2.762985821727405256e+00
-4.765360400000002272e+01 4.652736265946501582e-01 0.000000000000000000e+00 2.705408341027470964e+00
-4.788251800000001879e+01 4.675086652489833239e-01 0.000000000000000000e+00 2.797165236318492454e+00
-4.754047000000005596e+01 4.641690245907567069e-01 0.000000000000000000e+00 2.907186986286283581e+00
-4.794995999999999725e+01 4.681671460624132197e-01 0.000000000000000000e+00 2.657143110161511057e+00
-4.856765200000002380e+01 4.741980812453747141e-01 0.000000000000000000e+00 2.862376117225094774e+00
-4.704607600000002066e+01 4.593419292603247994e-01 0.000000000000000000e+00 2.084635617561025889e+00
-4.799862800000001073e+01 4.686423239074953284e-01 0.000000000000000000e+00 2.451946880802842177e+00
-4.769063200000002922e+01 4.656351554277169957e-01 0.000000000000000000e+00 2.703174275292294926e+00
-4.837774600000003744e+01 4.723439034725440133e-01 0.000000000000000000e+00 2.913511659316595281e+00
-4.705970800000002185e+01 4.594750274847054783e-01 0.000000000000000000e+00 2.509255806682471501e+00
-4.787843000000001581e+01 4.674687514035264502e-01 0.000000000000000000e+00 3.042015969963857813e+00
-4.739117400000003499e+01 4.627113490840713550e-01 0.000000000000000000e+00 2.598010028775909586e+00
-4.664000600000002805e+01 4.553771995086928759e-01 0.000000000000000000e+00 2.979520491209851851e+00
-4.809250800000002357e+01 4.695589363858445053e-01 0.000000000000000000e+00 3.072028219491073298e+00
-4.738845600000005476e+01 4.626848114539463541e-01 0.000000000000000000e+00 3.032325948083118394e+00
-4.882755000000002354e+01 4.767356371667421100e-01 0.000000000000000000e+00 3.220359343820706322e+00
-4.772297399999999357e+01 4.659509317461525968e-01 0.000000000000000000e+00 2.608642367543204443e+00
-4.712483000000003130e+01 4.601108566050192694e-01 0.000000000000000000e+00 2.759794064982224349e+00
-4.703828200000002369e+01 4.592658312878466487e-01 0.000000000000000000e+00 2.681819819661133142e+00
-4.833418800000000459e+01 4.719186179342828025e-01 0.000000000000000000e+00 2.520981420695303399e+00
-4.771546200000003068e+01 4.658775871260277257e-01 0.000000000000000000e+00 2.563025014786278089e+00
-4.727436800000001682e+01 4.615708949176242082e-01 0.000000000000000000e+00 2.475203512615608226e+00
-4.765108000000001454e+01 4.652489831147251231e-01 0.000000000000000000e+00 2.889296300891176283e+00
-4.728112800000000959e+01 4.616368972648081659e-01 0.000000000000000000e+00 2.429561549424176459e+00
-4.772470400000001689e+01 4.659678228793818766e-01 0.000000000000000000e+00 2.301688893400678726e+00
-4.613280400000002146e+01 4.504250512104012727e-01 0.000000000000000000e+00 2.716392434566422764e+00
-4.715119400000001093e+01 4.603682657590368876e-01 0.000000000000000000e+00 2.501276369522431153e+00
-4.690970800000001617e+01 4.580104783607987229e-01 0.000000000000000000e+00 2.667767506932803734e+00
-4.744442000000000803e+01 4.632312249684146788e-01 0.000000000000000000e+00 2.721767347021624150e+00
-4.857971800000002105e+01 4.743158895769017391e-01 0.000000000000000000e+00 2.612510184538845426e+00
-4.722436800000001256e+01 4.610827118763218824e-01 0.000000000000000000e+00 2.963693900512559765e+00
-4.704537000000002678e+01 4.593350361157816919e-01 0.000000000000000000e+00 2.827422428894228901e+00
-4.680695000000002892e+01 4.570071841016360992e-01 0.000000000000000000e+00 2.569357263239508082e+00
-4.857897600000001859e+01 4.743086449405687910e-01 0.000000000000000000e+00 2.930869355259630105e+00
-4.843784599999999330e+01 4.729306994881888881e-01 0.000000000000000000e+00 2.932795592426028275e+00
-4.830254200000003095e+01 4.716096371237820661e-01 0.000000000000000000e+00 2.480434593608079386e+00
-4.774615000000000720e+01 4.661772143494571363e-01 0.000000000000000000e+00 2.240297431799914474e+00
-4.789398800000002865e+01 4.676206544386581343e-01 0.000000000000000000e+00 2.601834659584298048e+00
-4.791600200000002019e+01 4.678355916680826398e-01 0.000000000000000000e+00 2.393187634882299353e+00
-4.763277600000001399e+01 4.650702690669651918e-01 0.000000000000000000e+00 2.361484363919088558e+00
-4.800342400000003096e+01 4.686891504248172358e-01 0.000000000000000000e+00 2.768287980038977469e+00
-4.823742400000003983e+01 4.709738470581117942e-01 0.000000000000000000e+00 2.485282208519555169e+00
-4.808857200000000631e+01 4.695205066168330332e-01 0.000000000000000000e+00 2.538869098120243972e+00
-4.734273400000003562e+01 4.622383973536577373e-01 0.000000000000000000e+00 3.073172308942094588e+00
-4.673486000000003315e+01 4.563033217926865670e-01 0.000000000000000000e+00 2.334062625682108649e+00
-4.718673000000001139e+01 4.607152272101512347e-01 0.000000000000000000e+00 2.488197279744774004e+00
-4.774903800000002008e+01 4.662054118019228754e-01 0.000000000000000000e+00 2.465409053149090202e+00
-4.807914600000001570e+01 4.694284743498868262e-01 0.000000000000000000e+00 2.387385009020742022e+00
-4.727661800000001335e+01 4.615928631544827798e-01 0.000000000000000000e+00 2.981853411445555491e+00
-4.695906000000001512e+01 4.584923345498856384e-01 0.000000000000000000e+00 2.454929637042227775e+00
-4.722539000000000442e+01 4.610926903376860730e-01 0.000000000000000000e+00 2.446549502995200243e+00
-4.800107600000004737e+01 4.686662253491978292e-01 0.000000000000000000e+00 2.538019705215987187e+00
-4.810255600000002829e+01 4.696570416498246359e-01 0.000000000000000000e+00 2.559535893154747832e+00
-4.681003800000003423e+01 4.570373342862669719e-01 0.000000000000000000e+00 2.967735299353071454e+00
-4.753842600000001539e+01 4.641490676680278815e-01 0.000000000000000000e+00 2.936736029539590564e+00
-4.685081800000005359e+01 4.574354963747532810e-01 0.000000000000000000e+00 2.517516897534095577e+00
-4.767039000000001892e+01 4.654375194052761122e-01 0.000000000000000000e+00 2.880598128598442553e+00
-4.706959600000003974e+01 4.595715705629535575e-01 0.000000000000000000e+00 2.736132138249839141e+00
-4.844817800000001284e+01 4.730315776318437249e-01 0.000000000000000000e+00 2.479997235237135556e+00
-4.886260400000003301e+01 4.770778925333383769e-01 0.000000000000000000e+00 2.870855046807800459e+00
-4.845060600000001472e+01 4.730552838003294069e-01 0.000000000000000000e+00 2.447428561655698331e+00
-4.723999200000005061e+01 4.612352593130684131e-01 0.000000000000000000e+00 2.330833838731053209e+00
-4.732880200000002446e+01 4.621023700310291638e-01 0.000000000000000000e+00 2.321592275863591848e+00
-4.696988400000002173e+01 4.585980164146667981e-01 0.000000000000000000e+00 2.199337982520552792e+00
-4.776159200000001448e+01 4.663279847999329819e-01 0.000000000000000000e+00 2.615029540891141036e+00
-4.879735600000003615e+01 4.764408331917606154e-01 0.000000000000000000e+00 2.552853864085795621e+00
-4.789270400000002326e+01 4.676081178981574826e-01 0.000000000000000000e+00 2.920706662032392931e+00
-4.837398800000001842e+01 4.723072116351595406e-01 0.000000000000000000e+00 2.734725329338442368e+00
-4.847293400000001640e+01 4.732732868192533471e-01 0.000000000000000000e+00 3.008462445251542938e+00
-4.831807800000003539e+01 4.717613253583755606e-01 0.000000000000000000e+00 2.813311481014515003e+00
-4.791373200000002441e+01 4.678134281580075271e-01 0.000000000000000000e+00 2.485365256691192570e+00
-4.745636800000003319e+01 4.633478811879644943e-01 0.000000000000000000e+00 2.382094762334914684e+00
-4.766644200000003195e+01 4.653989724723350263e-01 0.000000000000000000e+00 2.573105305377457075e+00
-4.802755600000001834e+01 4.689247670878712304e-01 0.000000000000000000e+00 2.622011933585090659e+00
-4.890351600000002463e+01 4.774773434250534354e-01 0.000000000000000000e+00 2.438930765092180764e+00
-4.675754800000003542e+01 4.565248397295079141e-01 0.000000000000000000e+00 2.336234327118767329e+00
-4.681424000000000518e+01 4.570783611890577580e-01 0.000000000000000000e+00 2.572787664394519336e+00
-4.832798200000002709e+01 4.718580246551966062e-01 0.000000000000000000e+00 2.401286511766540510e+00
-4.846255400000003277e+01 4.731719400198791670e-01 0.000000000000000000e+00 1.983891074081997496e+00
-4.675816400000002915e+01 4.565308541445767254e-01 0.000000000000000000e+00 3.109458472893713132e+00
-4.693596200000001772e+01 4.582668135121256703e-01 0.000000000000000000e+00 2.807321047690135796e+00
-4.799208800000003095e+01 4.685784695656931564e-01 0.000000000000000000e+00 2.856620559766523293e+00
-4.821358600000002070e+01 4.707411009113403599e-01 0.000000000000000000e+00 2.915734993882244996e+00
-4.641674000000006117e+01 4.531973060107055140e-01 0.000000000000000000e+00 2.264537467969648166e+00
-4.711932000000001608e+01 4.600570588338676048e-01 0.000000000000000000e+00 2.750467905244083688e+00
-4.637161600000004569e+01 4.527567305795909269e-01 0.000000000000000000e+00 2.810791392592254745e+00
-4.713445800000002350e+01 4.602048611314523141e-01 0.000000000000000000e+00 2.427152341057938756e+00
-4.796034200000003267e+01 4.682685123891095480e-01 0.000000000000000000e+00 2.605444649973736482e+00
-4.786618600000002743e+01 4.673492051403724257e-01 0.000000000000000000e+00 2.294224976639907432e+00
-5.254206400000002475e+01 5.130028919963369738e-01 0.000000000000000000e+00 2.521589442288055594e+00
-5.408776000000002426e+01 5.280945434805109917e-01 0.000000000000000000e+00 2.732969821652007525e+00
-5.363200200000003548e+01 5.236446769497545839e-01 0.000000000000000000e+00 2.469958045445020289e+00
-5.237068400000003976e+01 5.113295958039695277e-01 0.000000000000000000e+00 2.131879785528122628e+00
-5.344679200000002339e+01 5.218363493281628074e-01 0.000000000000000000e+00 2.835671731071845780e+00
-5.318955600000001738e+01 5.193247842719143081e-01 0.000000000000000000e+00 2.564975835919808933e+00
-5.288608400000001808e+01 5.163617865937127904e-01 0.000000000000000000e+00 1.892922039872309226e+00
-5.329782200000003201e+01 5.203818567749070034e-01 0.000000000000000000e+00 2.774793096430066885e+00
-5.305940400000005042e+01 5.180540242880832258e-01 0.000000000000000000e+00 2.740070920114398234e+00
-5.404436000000004015e+01 5.276708006006608498e-01 0.000000000000000000e+00 2.333510736632637972e+00
-5.277679200000002879e+01 5.152946965747128294e-01 0.000000000000000000e+00 2.983654130701566931e+00
-5.323584000000003869e+01 5.197766855495871141e-01 0.000000000000000000e+00 2.887487168715204611e+00
-5.255784400000000289e+01 5.131569625641717591e-01 0.000000000000000000e+00 2.522986695149823433e+00
-5.348685200000004158e+01 5.222274815808543025e-01 0.000000000000000000e+00 2.777799945472435361e+00
-5.328183800000002890e+01 5.202257944202633988e-01 0.000000000000000000e+00 2.697228720794510259e+00
-5.286131800000000425e+01 5.161199797696948144e-01 0.000000000000000000e+00 2.879192244481571183e+00
-5.329705800000005667e+01 5.203743973380361432e-01 0.000000000000000000e+00 2.376627807289100502e+00
-5.349761400000005551e+01 5.223325580986643013e-01 0.000000000000000000e+00 2.994287538840677332e+00
-5.453992800000004593e+01 5.325093584689022386e-01 0.000000000000000000e+00 2.632829843776233414e+00
-5.331188200000003974e+01 5.205191338461212514e-01 0.000000000000000000e+00 2.453119234744765897e+00
-5.343401200000004536e+01 5.217115697428060805e-01 0.000000000000000000e+00 2.921085355202719391e+00
-5.339526600000005629e+01 5.213332669404403541e-01 0.000000000000000000e+00 2.955611954964195931e+00
-5.356453600000005366e+01 5.229859618084649053e-01 0.000000000000000000e+00 2.514162449028513269e+00
-5.269672600000001950e+01 5.145129593070146834e-01 0.000000000000000000e+00 2.719470893525303357e+00
-5.290030200000004612e+01 5.165006063233378297e-01 0.000000000000000000e+00 2.903087543225716161e+00
-5.316479200000005534e+01 5.190829969752184248e-01 0.000000000000000000e+00 2.837839720834753887e+00
-5.235633200000006582e+01 5.111894677437943679e-01 0.000000000000000000e+00 2.317916363908924193e+00
-5.364548600000004797e+01 5.237763301523331583e-01 0.000000000000000000e+00 2.718654317931590292e+00
-5.398039400000002530e+01 5.270462582722619249e-01 0.000000000000000000e+00 2.981307154497601530e+00
-5.422481400000003759e+01 5.294326922513639122e-01 0.000000000000000000e+00 2.427549767261073743e+00
-5.378421600000005753e+01 5.251308428187304589e-01 0.000000000000000000e+00 2.417473597976434796e+00
-5.245777800000002600e+01 5.121799520799529271e-01 0.000000000000000000e+00 2.260606794001748909e+00
-5.402099400000005147e+01 5.274426629017996415e-01 0.000000000000000000e+00 2.910597259192031050e+00
-5.321102600000001814e+01 5.195344100698494616e-01 0.000000000000000000e+00 2.696224174454552536e+00
-5.336352200000003165e+01 5.210233292911781167e-01 0.000000000000000000e+00 2.494403820902568292e+00
-5.277729000000005755e+01 5.152995588778044311e-01 0.000000000000000000e+00 2.299998320662539619e+00
-5.330698400000004256e+01 5.204713114353952674e-01 0.000000000000000000e+00 2.357080013586404288e+00
-5.218674400000001867e+01 5.095336680316266964e-01 0.000000000000000000e+00 2.464014742360462140e+00
-5.315126600000005652e+01 5.189509336988853416e-01 0.000000000000000000e+00 2.366510115360813682e+00
-5.328135200000003380e+01 5.202210492811020215e-01 0.000000000000000000e+00 2.335122084601993553e+00
-5.323752400000004315e+01 5.197931275544181995e-01 0.000000000000000000e+00 2.586816070315089977e+00
-5.408296200000005172e+01 5.280476974358678799e-01 0.000000000000000000e+00 2.273276196508493108e+00
-5.306465200000003080e+01 5.181052639800980408e-01 0.000000000000000000e+00 2.394570854299071350e+00
-5.360475400000001400e+01 5.233786367195663036e-01 0.000000000000000000e+00 2.718996566227245726e+00
-5.452862200000004123e+01 5.323989705196029432e-01 0.000000000000000000e+00 3.027339303964669881e+00
-5.288067200000004675e+01 5.163089456613225714e-01 0.000000000000000000e+00 3.004492343212111560e+00
-5.323284800000001127e+01 5.197474726763953168e-01 0.000000000000000000e+00 2.483554691150439364e+00
-5.191437400000004487e+01 5.068743397324371180e-01 0.000000000000000000e+00 2.693809584154159609e+00
-5.371801800000001492e+01 5.244845079993675219e-01 0.000000000000000000e+00 2.779951830422733305e+00
-5.191128400000005882e+01 5.068441700204847633e-01 0.000000000000000000e+00 2.512925332076123563e+00
-5.248013800000003926e+01 5.123982675360234662e-01 0.000000000000000000e+00 2.876812232939772063e+00
-5.261885800000001723e+01 5.137526825658121910e-01 0.000000000000000000e+00 2.604134088511083966e+00
-5.336066800000002530e+01 5.209954638031805141e-01 0.000000000000000000e+00 2.910067059134999745e+00
-5.186201000000004058e+01 5.063630753969420306e-01 0.000000000000000000e+00 2.548166789868727466e+00
-5.284387400000001378e+01 5.159496624702454293e-01 0.000000000000000000e+00 2.723270618714106472e+00
-5.320886600000003597e+01 5.195133205624653527e-01 0.000000000000000000e+00 2.320708974404767311e+00
-5.335911200000001031e+01 5.209802715469350476e-01 0.000000000000000000e+00 2.748475372894962021e+00
-5.339644200000003593e+01 5.213447490055714839e-01 0.000000000000000000e+00 3.502405512440230684e+00
-5.282771600000001655e+01 5.157919012386181778e-01 0.000000000000000000e+00 2.309721481863521220e+00
-5.417635600000002682e+01 5.289595647750553464e-01 0.000000000000000000e+00 2.484452506739958100e+00
-5.389079000000002395e+01 5.261713952076050305e-01 0.000000000000000000e+00 2.797199823253984086e+00
-5.201113200000001768e+01 5.078190520266432362e-01 0.000000000000000000e+00 2.252637849138138026e+00
-5.341353400000001272e+01 5.215116294964100563e-01 0.000000000000000000e+00 2.469383106386096927e+00
-5.314085200000002374e+01 5.188492549350426364e-01 0.000000000000000000e+00 2.883017829873706805e+00
-5.378462400000004351e+01 5.251348263923473203e-01 0.000000000000000000e+00 1.974226321347942736e+00
-5.464841400000001670e+01 5.335685789772762755e-01 0.000000000000000000e+00 2.854741695793335587e+00
-5.454322400000003768e+01 5.325415394949848391e-01 0.000000000000000000e+00 3.037964032780620105e+00
-5.398341200000002260e+01 5.270757250006349315e-01 0.000000000000000000e+00 2.726279801527748514e+00
-5.363899200000000889e+01 5.237129249389284036e-01 0.000000000000000000e+00 2.806855234422691137e+00
-5.315028400000004183e+01 5.189413457839540111e-01 0.000000000000000000e+00 2.511161251624555835e+00
-5.384026000000004331e+01 5.256780374260651145e-01 0.000000000000000000e+00 2.476719623643623969e+00
-5.248716200000002630e+01 5.124668474896654224e-01 0.000000000000000000e+00 2.439840830326702292e+00
-5.351560200000002254e+01 5.225081868296028720e-01 0.000000000000000000e+00 2.726718564445719473e+00
-5.341356400000004356e+01 5.215119224062351178e-01 0.000000000000000000e+00 2.585742684453744999e+00
-5.435433400000002280e+01 5.306972816015530503e-01 0.000000000000000000e+00 2.487741904677185367e+00
-5.348838200000001564e+01 5.222424199819178936e-01 0.000000000000000000e+00 2.783760374294258266e+00
-5.399580400000000679e+01 5.271967162855910605e-01 0.000000000000000000e+00 2.605811543373733219e+00
-5.387023200000003698e+01 5.259706738683432858e-01 0.000000000000000000e+00 2.820982569809263651e+00
-5.321457600000001520e+01 5.195690710657818734e-01 0.000000000000000000e+00 2.928226192797588556e+00
-5.285425400000002583e+01 5.160510092696198869e-01 0.000000000000000000e+00 3.158213345811299533e+00
-5.384837200000002611e+01 5.257572402426858860e-01 0.000000000000000000e+00 2.869984560972093757e+00
-5.366609400000002239e+01 5.239775396746360059e-01 0.000000000000000000e+00 2.457905184691495659e+00
-5.372988600000002890e+01 5.246003831260511729e-01 0.000000000000000000e+00 2.486211129979174039e+00
-5.286344400000004384e+01 5.161407373126114528e-01 0.000000000000000000e+00 2.303788264081838566e+00
-5.351669000000002541e+01 5.225188096925816872e-01 0.000000000000000000e+00 2.608089833982182970e+00
-5.294597200000002601e+01 5.169465127132630844e-01 0.000000000000000000e+00 2.366983900210254177e+00
-5.465933199999998493e+01 5.336751786261747510e-01 0.000000000000000000e+00 2.688771900985896579e+00
-5.393147800000001268e+01 5.265686590392949507e-01 0.000000000000000000e+00 2.579464281221387267e+00
-5.385516600000002541e+01 5.258235745543380357e-01 0.000000000000000000e+00 2.427393793501852581e+00
-5.375135400000001340e+01 5.248099893966644558e-01 0.000000000000000000e+00 2.514304327000158157e+00
-5.413432600000003703e+01 5.285491981105367998e-01 0.000000000000000000e+00 2.708603666606008264e+00
-5.389368600000002374e+01 5.261996707693572528e-01 0.000000000000000000e+00 2.655029436920263386e+00
-5.476588600000003737e+01 5.347155357418336141e-01 0.000000000000000000e+00 2.575302806125206789e+00
-5.430111200000002469e+01 5.301776400450692872e-01 0.000000000000000000e+00 2.795792479447888557e+00
-5.408685000000001253e+01 5.280856585491592314e-01 0.000000000000000000e+00 2.548487121566024527e+00
-5.398910200000005943e+01 5.271312802307354106e-01 0.000000000000000000e+00 2.507677852217267578e+00
-5.477186200000004135e+01 5.347738833789300594e-01 0.000000000000000000e+00 2.636835328888158969e+00
-5.267769000000002677e+01 5.143270982595301577e-01 0.000000000000000000e+00 1.979411558386670045e+00
-5.428915800000004310e+01 5.300609252435549701e-01 0.000000000000000000e+00 2.557836624930204916e+00
-5.465887600000002777e+01 5.336707263968384352e-01 0.000000000000000000e+00 2.337255893335886903e+00
-5.446561200000003566e+01 5.317837622509538065e-01 0.000000000000000000e+00 2.364619523296624948e+00
-5.289094800000003005e+01 5.164092770399707488e-01 0.000000000000000000e+00 2.492107001548624190e+00
-5.318768000000000029e+01 5.193064676442044059e-01 0.000000000000000000e+00 2.537063054124997663e+00
-5.436388400000004850e+01 5.307905245624420232e-01 0.000000000000000000e+00 2.307041809778194175e+00
-5.449809200000001397e+01 5.321008859545834913e-01 0.000000000000000000e+00 2.482722328969479086e+00
-5.426129000000000957e+01 5.297888315436544149e-01 0.000000000000000000e+00 2.263993181160984580e+00
-5.414745000000002051e+01 5.286773363952176341e-01 0.000000000000000000e+00 3.002589212679784847e+00
-5.321176000000004791e+01 5.195415765968960375e-01 0.000000000000000000e+00 2.863474189360070810e+00
-5.490091600000003780e+01 5.360339228631744168e-01 0.000000000000000000e+00 2.825585921779335763e+00
-5.244575200000002724e+01 5.120625342948589287e-01 0.000000000000000000e+00 2.688229129712410348e+00
-5.478875400000005413e+01 5.349388111376037758e-01 0.000000000000000000e+00 2.535643108407838131e+00
-5.326624200000002674e+01 5.200735203660203920e-01 0.000000000000000000e+00 3.545747980731942306e+00
-5.400649000000002076e+01 5.273010507651783030e-01 0.000000000000000000e+00 2.236784949837193892e+00
-5.281128600000005235e+01 5.156314842912466112e-01 0.000000000000000000e+00 2.317867152354430083e+00
-5.506094200000000427e+01 5.375963624505227800e-01 0.000000000000000000e+00 2.888249903748116854e+00
-5.362531600000004062e+01 5.235793971134717895e-01 0.000000000000000000e+00 2.633262887462793689e+00
-5.342701600000000894e+01 5.216432631716667601e-01 0.000000000000000000e+00 2.200905673944251628e+00
-5.248402600000004270e+01 5.124362286493151508e-01 0.000000000000000000e+00 2.409952501423036519e+00
-5.377407800000001004e+01 5.250318588252754770e-01 0.000000000000000000e+00 2.491179619311446825e+00
-5.285637400000003083e+01 5.160717082305711356e-01 0.000000000000000000e+00 2.731813464601449581e+00
-5.323684000000001504e+01 5.197864492104129486e-01 0.000000000000000000e+00 2.203639785775920235e+00
-5.345505000000004259e+01 5.219169776392644788e-01 0.000000000000000000e+00 2.249073846356236306e+00
-5.355373200000003919e+01 5.228804752169001757e-01 0.000000000000000000e+00 3.263990765512288839e+00
-5.383340400000003712e+01 5.256110977674417484e-01 0.000000000000000000e+00 2.410166167871317988e+00
-5.343318800000000124e+01 5.217035244862849863e-01 0.000000000000000000e+00 2.232176531851702617e+00
-5.362342600000004467e+01 5.235609437945105693e-01 0.000000000000000000e+00 2.405032846690581927e+00
-5.398016400000003756e+01 5.270440126302720074e-01 0.000000000000000000e+00 2.903550270207181594e+00
-5.372216600000002984e+01 5.245250076644740744e-01 0.000000000000000000e+00 2.746180805373531264e+00
-5.392053800000003605e+01 5.264618445898583410e-01 0.000000000000000000e+00 3.004476921575332860e+00
-5.325327600000002093e+01 5.199469247397499050e-01 0.000000000000000000e+00 2.277206940602296559e+00
-5.366976800000003323e+01 5.240134113645109615e-01 0.000000000000000000e+00 3.106770620151796614e+00
-5.415715800000000968e+01 5.287721220145167322e-01 0.000000000000000000e+00 2.967616556174467846e+00
-5.341585000000003447e+01 5.215342421348834190e-01 0.000000000000000000e+00 2.228641992335242961e+00
-5.353787000000002649e+01 5.227256040288772443e-01 0.000000000000000000e+00 2.767262495224251051e+00
-5.443232600000006727e+01 5.314587690366984196e-01 0.000000000000000000e+00 2.779941379028040060e+00
-5.358866200000001356e+01 5.232215198895536767e-01 0.000000000000000000e+00 2.960499594570231263e+00
-5.381405000000005145e+01 5.254221318758145465e-01 0.000000000000000000e+00 2.214128018959931499e+00
-5.382886400000003846e+01 5.255667707472915229e-01 0.000000000000000000e+00 2.616588853640162249e+00
-5.318713000000003888e+01 5.193010976307504967e-01 0.000000000000000000e+00 2.216986717633106618e+00
-5.361129000000004652e+01 5.234424520067256781e-01 0.000000000000000000e+00 2.712518537682779840e+00
-5.321408600000004441e+01 5.195642868719774210e-01 0.000000000000000000e+00 2.560924152360910977e+00
-5.393389600000005402e+01 5.265922675711727230e-01 0.000000000000000000e+00 2.541985631487893915e+00
-5.328555600000002812e+01 5.202620957112146227e-01 0.000000000000000000e+00 2.235807237599209518e+00
-5.420098200000001043e+01 5.292000046865573681e-01 0.000000000000000000e+00 2.997206117770347955e+00
-5.380235800000001234e+01 5.253079751534360797e-01 0.000000000000000000e+00 2.579459352842308206e+00
-5.411372400000002614e+01 5.283480471701984538e-01 0.000000000000000000e+00 2.558878796104957498e+00
-5.303059400000002199e+01 5.177727332196845333e-01 0.000000000000000000e+00 2.595691083307802405e+00
-5.400560800000004491e+01 5.272924392163299556e-01 0.000000000000000000e+00 2.410773092803604634e+00
-5.351442200000003169e+01 5.224966657098282230e-01 0.000000000000000000e+00 2.526563851893106172e+00
-5.315206200000003633e+01 5.189587055729026899e-01 0.000000000000000000e+00 2.235560291182304038e+00
-5.279215800000003611e+01 5.154447249869659187e-01 0.000000000000000000e+00 2.192258918073945573e+00
-5.402969800000001754e+01 5.275276458056291640e-01 0.000000000000000000e+00 2.594723113543245585e+00
-5.380197200000001345e+01 5.253042063803572415e-01 0.000000000000000000e+00 2.826491969161301299e+00
-5.417035600000003370e+01 5.289009828100991184e-01 0.000000000000000000e+00 2.849518316563043108e+00
-5.310615400000001785e+01 5.185104754317004794e-01 0.000000000000000000e+00 2.309453425538456894e+00
-5.420590600000002723e+01 5.292480809524648944e-01 0.000000000000000000e+00 2.670361015120380266e+00
-5.362264400000002240e+01 5.235533086117444279e-01 0.000000000000000000e+00 2.401491453677245591e+00
-5.415302000000002636e+01 5.287317199860187555e-01 0.000000000000000000e+00 2.577667886938411534e+00
-5.330087800000004705e+01 5.204116945223914437e-01 0.000000000000000000e+00 2.372489774310540422e+00
-5.393566000000004834e+01 5.266094906688698618e-01 0.000000000000000000e+00 2.903399422342121561e+00
-5.332689200000002927e+01 5.206656863951200087e-01 0.000000000000000000e+00 2.449473750848734976e+00
-5.411195000000005706e+01 5.283307264358934052e-01 0.000000000000000000e+00 2.843810472506097309e+00
-5.401611200000004231e+01 5.273949967096467351e-01 0.000000000000000000e+00 2.777172110178178333e+00
-5.486312000000002342e+01 5.356648955385930888e-01 0.000000000000000000e+00 2.527439961300722793e+00
-5.408930600000004318e+01 5.281096381001483264e-01 0.000000000000000000e+00 2.307935070328566596e+00
-5.351580800000002824e+01 5.225101981437331178e-01 0.000000000000000000e+00 2.804027767253974623e+00
-5.332773600000000869e+01 5.206739269248570334e-01 0.000000000000000000e+00 2.225750177724446832e+00
-5.396838200000003383e+01 5.269289771784195775e-01 0.000000000000000000e+00 2.553299586784666175e+00
-5.316835000000001088e+01 5.191177360804370977e-01 0.000000000000000000e+00 2.557341121480699364e+00
-5.296893200000003077e+01 5.171706863658290798e-01 0.000000000000000000e+00 2.515779343991147332e+00
-5.351106800000003005e+01 5.224639183914177032e-01 0.000000000000000000e+00 2.253798166905695233e+00
-5.386972600000002132e+01 5.259657334559652009e-01 0.000000000000000000e+00 2.711077258422443403e+00
-5.377949000000002400e+01 5.250846997576662512e-01 0.000000000000000000e+00 2.658522277525808164e+00
-5.465145000000000408e+01 5.335982214515440081e-01 0.000000000000000000e+00 2.659034102352721973e+00
-5.470644800000004437e+01 5.341352032696552454e-01 0.000000000000000000e+00 2.978364638267250175e+00
-5.332799600000003437e+01 5.206764654766720124e-01 0.000000000000000000e+00 2.273236733036901214e+00
-5.363371200000002403e+01 5.236613728097671006e-01 0.000000000000000000e+00 2.423264638986343478e+00
-5.384536200000004413e+01 5.257278516235995847e-01 0.000000000000000000e+00 2.546835517120940029e+00
-5.292376400000001979e+01 5.167296813336381689e-01 0.000000000000000000e+00 2.572555419768798313e+00
-5.315751200000002541e+01 5.190119175244045646e-01 0.000000000000000000e+00 2.514363211280022270e+00
-5.437830600000004466e+01 5.309313360788752156e-01 0.000000000000000000e+00 2.153886104762011033e+00
-5.343213200000000285e+01 5.216932140604527701e-01 0.000000000000000000e+00 2.858790536978740082e+00
-5.371842400000003437e+01 5.244884720456630678e-01 0.000000000000000000e+00 2.979701068903429562e+00
-5.398550800000004557e+01 5.270961896337265085e-01 0.000000000000000000e+00 2.408680172138369713e+00
-5.381357000000002699e+01 5.254174453186178928e-01 0.000000000000000000e+00 2.574918496758585640e+00
-5.311363200000004525e+01 5.185834880873578800e-01 0.000000000000000000e+00 2.554093669642734543e+00
-5.367311600000003580e+01 5.240461001009566466e-01 0.000000000000000000e+00 2.073044915373411623e+00
-5.384303000000004857e+01 5.257050827665533665e-01 0.000000000000000000e+00 2.510377385992195620e+00
-5.398569000000003371e+01 5.270979666199967495e-01 0.000000000000000000e+00 2.853064389955529467e+00
-5.258306400000004999e+01 5.134032020902050686e-01 0.000000000000000000e+00 2.783566367436427935e+00
-5.389221400000003115e+01 5.261852986606213589e-01 0.000000000000000000e+00 2.354874679417487293e+00
-5.273049200000001235e+01 5.148426390784668349e-01 0.000000000000000000e+00 2.619553862920827925e+00
-5.389856600000003084e+01 5.262473174341883997e-01 0.000000000000000000e+00 2.311217957815595803e+00
-5.298657000000003592e+01 5.173428978154789304e-01 0.000000000000000000e+00 2.469331391840162038e+00
-5.420469800000001470e+01 5.292362864501869435e-01 0.000000000000000000e+00 2.521778157241313156e+00
-5.349328400000004535e+01 5.222902814472873967e-01 0.000000000000000000e+00 2.298253110372609598e+00
-5.368390400000003382e+01 5.241514304739479657e-01 0.000000000000000000e+00 2.240722706372327178e+00
-5.318010400000003557e+01 5.192324981497866698e-01 0.000000000000000000e+00 2.477410415423427992e+00
-5.323772200000004773e+01 5.197950607592618510e-01 0.000000000000000000e+00 2.390869616678324316e+00
-5.313914600000003929e+01 5.188325981296735279e-01 0.000000000000000000e+00 2.812731044082863452e+00
-5.394692400000004540e+01 5.267194685444144264e-01 0.000000000000000000e+00 3.197425400243961047e+00
-5.414527400000002899e+01 5.286560906692602257e-01 0.000000000000000000e+00 2.722696771218572565e+00
-5.435132400000004793e+01 5.306678929824669710e-01 0.000000000000000000e+00 2.286658352450650078e+00
-5.308443600000002505e+01 5.182984282458804604e-01 0.000000000000000000e+00 2.759602201662077370e+00
-5.380840600000002638e+01 5.253670257741120952e-01 0.000000000000000000e+00 2.343379673226882343e+00
-5.379599600000003790e+01 5.252458587432610182e-01 0.000000000000000000e+00 2.675063391976898686e+00
-5.395114200000002569e+01 5.267606516657784566e-01 0.000000000000000000e+00 2.516455034777407729e+00
-5.299990200000002716e+01 5.174730669416116591e-01 0.000000000000000000e+00 2.583015935847946309e+00
-5.340262000000004150e+01 5.214050689021548779e-01 0.000000000000000000e+00 2.898320210052712120e+00
-5.350134000000003454e+01 5.223689374989020084e-01 0.000000000000000000e+00 3.021751186101706566e+00
-5.363520400000005139e+01 5.236759401917198131e-01 0.000000000000000000e+00 2.900664211218951571e+00
-5.282856200000004065e+01 5.158001612956772952e-01 0.000000000000000000e+00 2.087295543088707017e+00
-5.429887000000002928e+01 5.301557499174973653e-01 0.000000000000000000e+00 2.750042716050244529e+00
-5.330059400000002512e+01 5.204089216427166820e-01 0.000000000000000000e+00 2.847104576416985555e+00
-5.397151000000005894e+01 5.269595179094836990e-01 0.000000000000000000e+00 2.997518951086249661e+00
-5.344146000000002061e+01 5.217842894886383087e-01 0.000000000000000000e+00 2.928282855810954821e+00
-5.379466000000002168e+01 5.252328144923973374e-01 0.000000000000000000e+00 2.262749227346810166e+00
-5.305756000000000938e+01 5.180360200975195895e-01 0.000000000000000000e+00 2.395375807296595827e+00
-5.401174000000003161e+01 5.273523099845152107e-01 0.000000000000000000e+00 2.632354663786701021e+00
-5.406163400000004060e+01 5.278394580777699963e-01 0.000000000000000000e+00 2.491158739765715779e+00
-5.325852400000003684e+01 5.199981644317650531e-01 0.000000000000000000e+00 2.171777587954022870e+00
-5.346502600000003014e+01 5.220143799196649281e-01 0.000000000000000000e+00 2.877692057939360559e+00
-5.373298800000002728e+01 5.246306700019335301e-01 0.000000000000000000e+00 2.224727436047622575e+00
-5.268438400000002275e+01 5.143924562050996574e-01 0.000000000000000000e+00 2.197408051590773681e+00
-5.419125800000004745e+01 5.291050628486851926e-01 0.000000000000000000e+00 2.638580053747917820e+00
-5.406938000000002376e+01 5.279150873945283040e-01 0.000000000000000000e+00 2.597049852382039337e+00
-5.403046200000004262e+01 5.275351052425004683e-01 0.000000000000000000e+00 2.410890870456082524e+00
-5.334162600000004772e+01 5.208095441737311537e-01 0.000000000000000000e+00 2.607065632748547745e+00
-5.360213600000002998e+01 5.233530754555238973e-01 0.000000000000000000e+00 2.814396575887569529e+00
-5.346186800000005945e+01 5.219835462787765223e-01 0.000000000000000000e+00 2.308262208241507185e+00
-5.461129600000005979e+01 5.332061714147355858e-01 0.000000000000000000e+00 2.863347253429316730e+00
-5.346405400000001862e+01 5.220048896413419515e-01 0.000000000000000000e+00 2.469311174528335151e+00
-5.298921400000001114e+01 5.173687129347027680e-01 0.000000000000000000e+00 2.341911120509844846e+00
-5.350043400000001270e+01 5.223600916221933232e-01 0.000000000000000000e+00 2.901761041064267577e+00
-5.425262800000004404e+01 5.297042587135796232e-01 0.000000000000000000e+00 2.791343091806841592e+00
-5.366362600000001493e+01 5.239534429597172416e-01 0.000000000000000000e+00 2.424348858227272530e+00
-5.385872400000003068e+01 5.258583136595571528e-01 0.000000000000000000e+00 2.607015287046266838e+00
-5.325833400000001916e+01 5.199963093362079958e-01 0.000000000000000000e+00 3.017348581229968740e+00
-5.354601999999998441e+01 5.228051778646091163e-01 0.000000000000000000e+00 2.148048799080766624e+00
-5.426402800000004589e+01 5.298155644469965120e-01 0.000000000000000000e+00 2.978218178305934050e+00
-5.351441400000005899e+01 5.224965876005419618e-01 0.000000000000000000e+00 2.435503986298681589e+00
-5.279119200000003786e+01 5.154352932906079987e-01 0.000000000000000000e+00 2.445328735153140531e+00
-5.303532200000004337e+01 5.178188958080702786e-01 0.000000000000000000e+00 2.380307042055836320e+00
-5.352837400000002788e+01 5.226328883056732266e-01 0.000000000000000000e+00 2.517947283191872554e+00
-5.357794600000001140e+01 5.231168925001417058e-01 0.000000000000000000e+00 2.871329280851422361e+00
-5.351210600000000994e+01 5.224740530713549713e-01 0.000000000000000000e+00 2.729719986743007087e+00
-5.342860800000001831e+01 5.216588069197019006e-01 0.000000000000000000e+00 2.376786290146058356e+00
-5.492589800000003208e+01 5.362778386379306594e-01 0.000000000000000000e+00 3.435037564142009003e+00
-5.331291000000005198e+01 5.205291708894504987e-01 0.000000000000000000e+00 2.623679235348711725e+00
-5.301984600000000825e+01 5.176677933931260744e-01 0.000000000000000000e+00 2.141349576310144442e+00
-5.369910400000004813e+01 5.242998381185040024e-01 0.000000000000000000e+00 2.775081839612931311e+00
-5.385288600000000514e+01 5.258013134076544581e-01 0.000000000000000000e+00 2.833290178673850246e+00
-5.402723400000004261e+01 5.275035881453540298e-01 0.000000000000000000e+00 2.775528957511313344e+00
-5.322075200000001871e+01 5.196293714350435078e-01 0.000000000000000000e+00 2.480605160137543397e+00
-5.384639000000002795e+01 5.257378886669286100e-01 0.000000000000000000e+00 2.276667221682349584e+00
-5.346177600000005725e+01 5.219826480219805775e-01 0.000000000000000000e+00 2.397285814960348205e+00
-5.326019399999999848e+01 5.200144697453442655e-01 0.000000000000000000e+00 2.415182889024841906e+00
-5.394636200000004322e+01 5.267139813670301818e-01 0.000000000000000000e+00 2.571963782941672161e+00
-5.310894600000000310e+01 5.185377355727266435e-01 0.000000000000000000e+00 2.543361330296677103e+00
-5.336509200000003261e+01 5.210386582386750121e-01 0.000000000000000000e+00 2.248224891410909088e+00
-5.401132600000001105e+01 5.273482678289329595e-01 0.000000000000000000e+00 2.837130885727959573e+00
-5.361298800000004405e+01 5.234590307028083034e-01 0.000000000000000000e+00 2.557870926813623491e+00
-5.344328200000001772e+01 5.218020788786632558e-01 0.000000000000000000e+00 2.629638171998635254e+00
-5.441426400000003838e+01 5.312824177948580751e-01 0.000000000000000000e+00 2.367454282921047426e+00
-5.428702200000002165e+01 5.300400700640303109e-01 0.000000000000000000e+00 2.855537093585800879e+00
-5.367497400000005570e+01 5.240642409827716008e-01 0.000000000000000000e+00 2.846588080194791814e+00
-5.430716400000000021e+01 5.302367297203882668e-01 0.000000000000000000e+00 2.827104660231564370e+00
-5.328466200000005415e+01 5.202533669984363840e-01 0.000000000000000000e+00 2.688761239866057640e+00
-5.431959600000006105e+01 5.303581115517782552e-01 0.000000000000000000e+00 2.924739310697518579e+00
-5.229515200000002295e+01 5.105921269744565505e-01 0.000000000000000000e+00 2.427164816688330617e+00
-5.324536799999999914e+01 5.198697137099372867e-01 0.000000000000000000e+00 2.462771685135889843e+00
-5.515488400000005242e+01 5.385135802758435064e-01 0.000000000000000000e+00 2.747274352926272201e+00
-5.454103200000001550e+01 5.325201375504539092e-01 0.000000000000000000e+00 3.190335811046932424e+00
-5.415643200000001656e+01 5.287650335967570836e-01 0.000000000000000000e+00 2.473412855001948518e+00
-5.416502400000003092e+01 5.288489229705746197e-01 0.000000000000000000e+00 2.856819822389924379e+00
-5.367827400000001603e+01 5.240964610634971654e-01 0.000000000000000000e+00 2.514997599075906809e+00
-5.380239600000003719e+01 5.253083461725477354e-01 0.000000000000000000e+00 2.396286764171904338e+00
-5.392886000000006419e+01 5.265430977752528774e-01 0.000000000000000000e+00 2.427522627176633918e+00
-5.345163200000001069e+01 5.218836054465606500e-01 0.000000000000000000e+00 2.106625900012154773e+00
-5.377653400000001227e+01 5.250558383762643500e-01 0.000000000000000000e+00 2.670555407001065529e+00
-5.407814000000003318e+01 5.280006170633645413e-01 0.000000000000000000e+00 1.968725220629693462e+00
-5.463693200000005135e+01 5.334564726236719068e-01 0.000000000000000000e+00 2.533972861257973719e+00
-5.473333000000001647e+01 5.343976699999806179e-01 0.000000000000000000e+00 2.746723676280230730e+00
-5.447268400000002941e+01 5.318528108603155502e-01 0.000000000000000000e+00 2.959259269476710141e+00
-5.378808400000002621e+01 5.251686086588052138e-01 0.000000000000000000e+00 2.457844971840168480e+00
-5.414346200000003506e+01 5.286383989158435215e-01 0.000000000000000000e+00 2.066210460047107400e+00
-5.498909400000002279e+01 5.368948629474932233e-01 0.000000000000000000e+00 2.777409113072428770e+00
-5.427939800000002890e+01 5.299656319138926763e-01 0.000000000000000000e+00 3.213593491353990750e+00
-5.427549200000002116e+01 5.299274950547060437e-01 0.000000000000000000e+00 2.324981522840884107e+00
-5.479589200000003046e+01 5.350085041485798110e-01 0.000000000000000000e+00 3.082727869978048041e+00
-5.407871000000002226e+01 5.280061823500352691e-01 0.000000000000000000e+00 2.983760281943073078e+00
-5.424381400000004305e+01 5.296182018070587638e-01 0.000000000000000000e+00 2.396996359378280150e+00
-5.414723400000004006e+01 5.286752274444793676e-01 0.000000000000000000e+00 2.470153496732172993e+00
-5.463384800000004304e+01 5.334263614936843867e-01 0.000000000000000000e+00 2.671538737196111235e+00
-5.331365399999999255e+01 5.205364350531045403e-01 0.000000000000000000e+00 2.795024837656214789e+00
-5.478398200000004437e+01 5.348922189481417622e-01 0.000000000000000000e+00 2.516368890445921380e+00
-5.392240799999999012e+01 5.264801026356025204e-01 0.000000000000000000e+00 2.332053728424494210e+00
-5.383012200000003844e+01 5.255790534326106878e-01 0.000000000000000000e+00 2.059690142606774632e+00
-5.458983200000004388e+01 5.329966041987651559e-01 0.000000000000000000e+00 2.337436168064004782e+00
-5.453804200000004698e+01 5.324909442045843155e-01 0.000000000000000000e+00 2.374327873726700400e+00
-5.473568400000004175e+01 5.344206536575654143e-01 0.000000000000000000e+00 2.646586524728169021e+00
-5.461097200000001806e+01 5.332030079886275198e-01 0.000000000000000000e+00 2.601219294056873466e+00
-5.484095800000003607e+01 5.354485132873664233e-01 0.000000000000000000e+00 2.999021811473356003e+00
-5.420465800000002332e+01 5.292358959037539723e-01 0.000000000000000000e+00 2.125831056372633032e+00
-5.440820400000001200e+01 5.312232500102519461e-01 0.000000000000000000e+00 2.622623560518333008e+00
-5.372333400000002968e+01 5.245364116203189431e-01 0.000000000000000000e+00 2.579296085800593552e+00
-5.388133400000005224e+01 5.260790700308342061e-01 0.000000000000000000e+00 2.519456329850596976e+00
-5.418280400000003283e+01 5.290225208600617401e-01 0.000000000000000000e+00 2.841252074685213014e+00
-5.403278800000006044e+01 5.275578155175820738e-01 0.000000000000000000e+00 2.853926605388697357e+00
-5.447584800000004179e+01 5.318837030831692347e-01 0.000000000000000000e+00 2.743714564051052296e+00
-5.413266000000003686e+01 5.285329318516005515e-01 0.000000000000000000e+00 3.080314656300258580e+00
-5.510099400000006398e+01 5.379874165939280140e-01 0.000000000000000000e+00 2.726210262529137562e+00
-5.413932800000001322e+01 5.285980359419883978e-01 0.000000000000000000e+00 2.355494179811801647e+00
-5.432596000000004466e+01 5.304202474892750763e-01 0.000000000000000000e+00 2.667021357017576921e+00
-5.398795400000005174e+01 5.271200715481070276e-01 0.000000000000000000e+00 2.424267056471904436e+00
-5.467747600000000574e+01 5.338523304882026865e-01 0.000000000000000000e+00 2.580162886218268170e+00
-5.380322600000005195e+01 5.253164500110334423e-01 0.000000000000000000e+00 2.209883552424599440e+00
-5.433232400000001405e+01 5.304823834267717864e-01 0.000000000000000000e+00 2.766410707076275788e+00
-5.468360600000004723e+01 5.339121817290667371e-01 0.000000000000000000e+00 2.408255356012234394e+00
-5.394653000000003829e+01 5.267156216620488829e-01 0.000000000000000000e+00 2.536994910212561294e+00
-5.464706800000002573e+01 5.335554370898044629e-01 0.000000000000000000e+00 2.536859196487664558e+00
-5.465866000000001179e+01 5.336686174460998355e-01 0.000000000000000000e+00 2.690590348123278019e+00
-5.403780600000003886e+01 5.276068095676069714e-01 0.000000000000000000e+00 2.010280534311144951e+00
-5.377845600000002690e+01 5.250746041323720581e-01 0.000000000000000000e+00 2.231239136648766053e+00
-5.516391600000005013e+01 5.386017656604242809e-01 0.000000000000000000e+00 2.963205193559053985e+00
-5.476799400000000162e+01 5.347361175388545274e-01 0.000000000000000000e+00 2.827869807906418842e+00
-5.493927600000004219e+01 5.364084568924615271e-01 0.000000000000000000e+00 2.387858556591421877e+00
-5.496113000000003979e+01 5.366218319361538702e-01 0.000000000000000000e+00 2.492141419917555112e+00
-5.444018200000002849e+01 5.315354723561473982e-01 0.000000000000000000e+00 2.101625169339194521e+00
-5.472956000000003485e+01 5.343608609986666425e-01 0.000000000000000000e+00 2.709702456959532491e+00
-5.464029400000001857e+01 5.334892980513687988e-01 0.000000000000000000e+00 2.188190891245389125e+00
-5.396010400000001539e+01 5.268481535941014204e-01 0.000000000000000000e+00 2.350801142182138648e+00
-5.573894600000004829e+01 5.442161635452248403e-01 0.000000000000000000e+00 2.640078700212773910e+00
-5.488660800000000961e+01 5.358942244040750813e-01 0.000000000000000000e+00 2.473046411834373348e+00
-5.490121400000002438e+01 5.360368324341004964e-01 0.000000000000000000e+00 2.686266541865016233e+00
-5.465728800000002963e+01 5.336552217034467027e-01 0.000000000000000000e+00 2.372698196818946226e+00
-5.433746200000003057e+01 5.305325491160961526e-01 0.000000000000000000e+00 2.360491488574429031e+00
-5.426255400000004414e+01 5.298011728109388585e-01 0.000000000000000000e+00 2.340491443145730432e+00
-5.438895600000003583e+01 5.310353190666725620e-01 0.000000000000000000e+00 2.592177201135147602e+00
-5.463342600000001426e+01 5.334222412288154302e-01 0.000000000000000000e+00 3.073079762582800356e+00
-5.426025600000001958e+01 5.297787359183604439e-01 0.000000000000000000e+00 2.346283499551293339e+00
-5.463018400000002117e+01 5.333905874404174519e-01 0.000000000000000000e+00 2.558197929127044468e+00
-5.427904600000004365e+01 5.299621951052819746e-01 0.000000000000000000e+00 2.273139729044744595e+00
-5.453659600000003138e+01 5.324768259510297419e-01 0.000000000000000000e+00 2.356115314696089591e+00
-5.498521599999998699e+01 5.368569994708094484e-01 0.000000000000000000e+00 2.725745652211426950e+00
-5.512550600000002987e+01 5.382267434480957347e-01 0.000000000000000000e+00 2.876930546056390536e+00
-5.461812000000004019e+01 5.332727986362122419e-01 0.000000000000000000e+00 3.241578019259986121e+00
-5.479550400000003663e+01 5.350047158481793241e-01 0.000000000000000000e+00 2.414664293538314244e+00
-5.419823000000003077e+01 5.291731350919642862e-01 0.000000000000000000e+00 2.663719353278476198e+00
-5.447676400000005259e+01 5.318926465964860517e-01 0.000000000000000000e+00 2.322320270307872470e+00
-5.401722800000003133e+01 5.274058929551285191e-01 0.000000000000000000e+00 2.886115007826264733e+00
-5.417875600000003544e+01 5.289829975610379487e-01 0.000000000000000000e+00 2.456726143859594202e+00
-5.414254600000001716e+01 5.286294554025265935e-01 0.000000000000000000e+00 2.470442079418503134e+00
-5.458300200000002178e+01 5.329299183953231100e-01 0.000000000000000000e+00 2.782887973441121598e+00
-5.358961200000003799e+01 5.232307953673386303e-01 0.000000000000000000e+00 2.413122374308832807e+00
-5.494664600000002963e+01 5.364804150727493504e-01 0.000000000000000000e+00 2.915530975131894298e+00
-5.446415000000003914e+01 5.317694877788261554e-01 0.000000000000000000e+00 2.747258383655541092e+00
-5.504765200000002778e+01 5.374666033981447821e-01 0.000000000000000000e+00 2.452461748442107847e+00
-5.443869800000000936e+01 5.315209830834813909e-01 0.000000000000000000e+00 2.518065003532704793e+00
-5.445733200000005070e+01 5.317029191393143339e-01 0.000000000000000000e+00 2.520155382931213328e+00
-5.386586000000001206e+01 5.259279871432115394e-01 0.000000000000000000e+00 2.259313599080459589e+00
-5.502170600000002310e+01 5.372132754543522681e-01 0.000000000000000000e+00 2.867518270892625232e+00
-5.417888000000005633e+01 5.289842082549804925e-01 0.000000000000000000e+00 2.564409871902522120e+00
-5.509052800000003458e+01 5.378852301197223351e-01 0.000000000000000000e+00 2.560252521718444640e+00
-5.393772400000002420e+01 5.266296428648146177e-01 0.000000000000000000e+00 2.544173493985617984e+00
-5.474626200000003706e+01 5.345239336617833015e-01 0.000000000000000000e+00 2.707067506622267583e+00
-5.464539200000000818e+01 5.335390731942598608e-01 0.000000000000000000e+00 2.370175862872933248e+00
-5.541762800000003608e+01 5.410789235759216886e-01 0.000000000000000000e+00 2.642275426963539342e+00
-5.424948800000002791e+01 5.296736008185856104e-01 0.000000000000000000e+00 2.420311097512762188e+00
-5.445593200000004686e+01 5.316892500141577882e-01 0.000000000000000000e+00 2.567399530196366797e+00
-5.353584600000002780e+01 5.227058423793653485e-01 0.000000000000000000e+00 2.751148751928249592e+00
-5.511076000000005592e+01 5.380827685055551424e-01 0.000000000000000000e+00 2.586991236431568808e+00
-5.454250400000002941e+01 5.325345096591900251e-01 0.000000000000000000e+00 2.821797486377300324e+00
-5.467504400000001397e+01 5.338285852650738184e-01 0.000000000000000000e+00 2.294252927956807131e+00
-5.511529000000002299e+01 5.381269978890967920e-01 0.000000000000000000e+00 2.411653883298406242e+00
-5.453170199999999568e+01 5.324290425949467220e-01 0.000000000000000000e+00 2.329299850324820564e+00
-5.447226400000003110e+01 5.318487101227685754e-01 0.000000000000000000e+00 2.487117195661180613e+00
-5.459242400000003670e+01 5.330219116076262420e-01 0.000000000000000000e+00 2.435154768404843573e+00
-5.474672000000004601e+01 5.345284054184417100e-01 0.000000000000000000e+00 2.474062188614367219e+00
-5.539520200000002603e+01 5.408599637182366360e-01 0.000000000000000000e+00 2.959152497904517176e+00
-5.447941000000000855e+01 5.319184812430313158e-01 0.000000000000000000e+00 2.982505454438864056e+00
-5.525998200000002214e+01 5.395397215013388870e-01 0.000000000000000000e+00 2.375855143204423037e+00
-5.439511000000005936e+01 5.310954046353961733e-01 0.000000000000000000e+00 2.386120481328246168e+00
-5.503763600000004175e+01 5.373688105713112506e-01 0.000000000000000000e+00 2.427905594886425877e+00
-5.445184799999999825e+01 5.316493752233437675e-01 0.000000000000000000e+00 2.458035983022694104e+00
-5.467388800000004068e+01 5.338172984731591741e-01 0.000000000000000000e+00 2.622827875577245837e+00
-5.454323400000002664e+01 5.325416371315929709e-01 0.000000000000000000e+00 2.640541507068104199e+00
-5.446008400000005878e+01 5.317297887339076379e-01 0.000000000000000000e+00 2.170331981342108918e+00
-5.527816200000001601e+01 5.397172248551562745e-01 0.000000000000000000e+00 2.937833535684059694e+00
-5.547821400000000125e+01 5.416704647307279963e-01 0.000000000000000000e+00 2.644883007438011635e+00
-5.400715800000002531e+01 5.273075728906101434e-01 0.000000000000000000e+00 2.252267311457186505e+00
-5.543072800000004463e+01 5.412068275327429623e-01 0.000000000000000000e+00 3.273581334247761543e+00
-5.437689800000004681e+01 5.309175888444321867e-01 0.000000000000000000e+00 2.569732383267199438e+00
-5.422110000000002827e+01 5.293964300150558744e-01 0.000000000000000000e+00 2.594747338977595685e+00
-5.458734800000002707e+01 5.329723512652730921e-01 0.000000000000000000e+00 2.898789775147726733e+00
-5.506201000000004342e+01 5.376067900402853317e-01 0.000000000000000000e+00 3.056953688434341565e+00
-5.471651000000002085e+01 5.342334452248866938e-01 0.000000000000000000e+00 2.788779625408022156e+00
-5.501596200000002312e+01 5.371571929865673889e-01 0.000000000000000000e+00 2.690466564727231891e+00
-5.445166600000002433e+01 5.316475982370736375e-01 0.000000000000000000e+00 3.049454622815381821e+00
-5.423664000000005103e+01 5.295481573042928325e-01 0.000000000000000000e+00 2.713489944106606711e+00
-5.409345400000002257e+01 5.281501377652545459e-01 0.000000000000000000e+00 2.902530416041225081e+00
-5.541120800000005175e+01 5.410162408734185968e-01 0.000000000000000000e+00 2.709212162036272353e+00
-5.496330600000005973e+01 5.366430776621116117e-01 0.000000000000000000e+00 3.110184579465899546e+00
-5.529394800000000743e+01 5.398713540049561166e-01 0.000000000000000000e+00 3.004379639035404281e+00
-5.473694400000002247e+01 5.344329558702060057e-01 0.000000000000000000e+00 2.875099426170802719e+00
-5.455946000000004403e+01 5.327000622921564954e-01 0.000000000000000000e+00 2.107464089680517016e+00
-5.430308000000002266e+01 5.301968549295750233e-01 0.000000000000000000e+00 2.604379337449391763e+00
-5.498646200000001727e+01 5.368691649921990550e-01 0.000000000000000000e+00 2.660726766015236056e+00
-5.427073800000003700e+01 5.298810786111392002e-01 0.000000000000000000e+00 3.184655479290300573e+00
-5.431648200000003612e+01 5.303277075119657846e-01 0.000000000000000000e+00 1.944874501125270605e+00
-5.436724600000002994e+01 5.308233499901390262e-01 0.000000000000000000e+00 2.386646260595851832e+00
-5.469369200000001996e+01 5.340106580121579682e-01 0.000000000000000000e+00 2.583276405459946190e+00
-5.484618400000002225e+01 5.354995381788432152e-01 0.000000000000000000e+00 2.444979820069992815e+00
-5.463222600000004547e+01 5.334105248358245177e-01 0.000000000000000000e+00 3.240419038328783419e+00
-5.481003800000003423e+01 5.351466208946250580e-01 0.000000000000000000e+00 2.497109013966415159e+00
-5.448574800000002938e+01 5.319803633253469277e-01 0.000000000000000000e+00 2.476129500149600648e+00
-5.501858200000002341e+01 5.371827737779316658e-01 0.000000000000000000e+00 2.486885815689732215e+00
-5.529388200000003195e+01 5.398707096033418251e-01 0.000000000000000000e+00 2.845320986042192857e+00
-5.460846200000005268e+01 5.331785011999544688e-01 0.000000000000000000e+00 3.054585286761030805e+00
-5.475149400000000810e+01 5.345750171352248170e-01 0.000000000000000000e+00 2.496902951549896166e+00
-5.455771000000004278e+01 5.326829758857108965e-01 0.000000000000000000e+00 2.741678322882101781e+00
-5.489558600000003707e+01 5.359818825509715667e-01 0.000000000000000000e+00 3.020062347373683398e+00
-5.455748000000004083e+01 5.326807302437209790e-01 0.000000000000000000e+00 2.626445913504722451e+00
-5.415730200000000849e+01 5.287735279816756506e-01 0.000000000000000000e+00 2.262971281524814415e+00
-5.443861600000004586e+01 5.315201824632940220e-01 0.000000000000000000e+00 2.931767137207885732e+00
-5.568469400000002878e+01 5.436864654180900702e-01 0.000000000000000000e+00 2.471113175151651742e+00
-5.390545200000004655e+01 5.263145500026367163e-01 0.000000000000000000e+00 2.456633611162012620e+00
-5.455502400000002439e+01 5.326567506927319950e-01 0.000000000000000000e+00 3.387123546404840368e+00
-5.479198600000000852e+01 5.349703672893930673e-01 0.000000000000000000e+00 2.498000909374607392e+00
-5.619875600000005278e+01 5.487055924296484477e-01 0.000000000000000000e+00 2.633041452574139907e+00
-5.565031800000001283e+01 5.433508298135337755e-01 0.000000000000000000e+00 2.434970517747389263e+00
-5.554369599999998286e+01 5.423098087689389724e-01 0.000000000000000000e+00 2.563332370016763395e+00
-5.526165600000005185e+01 5.395560658695619516e-01 0.000000000000000000e+00 2.466648019434840133e+00
-5.485763400000000445e+01 5.356113320953012069e-01 0.000000000000000000e+00 2.934331761906504354e+00
-5.562339000000001477e+01 5.430879139548100420e-01 0.000000000000000000e+00 3.037716853613462220e+00
-5.694754400000004324e+01 5.560165044922608102e-01 0.000000000000000000e+00 3.201485035477734442e+00
-5.564076800000003686e+01 5.432575868526452467e-01 0.000000000000000000e+00 2.536624623347675467e+00
-5.650554400000002175e+01 5.517009664071488295e-01 0.000000000000000000e+00 2.472316073755435717e+00
-5.600685800000002246e+01 5.468319654444518951e-01 0.000000000000000000e+00 2.310472278853285655e+00
-5.704119200000002365e+01 5.569308518012980880e-01 0.000000000000000000e+00 2.328223917330178416e+00
-5.720027400000002160e+01 5.584840744928268874e-01 0.000000000000000000e+00 2.983951179991002789e+00
-5.815438200000004798e+01 5.677996613962430494e-01 0.000000000000000000e+00 2.821706008223472839e+00
-5.744527800000003026e+01 5.608762104498512535e-01 0.000000000000000000e+00 2.580879679316157471e+00
-5.806065200000003301e+01 5.668845134670177366e-01 0.000000000000000000e+00 2.494251889723629656e+00
-5.815294800000005893e+01 5.677856603066185892e-01 0.000000000000000000e+00 2.685687947248518004e+00
-5.810638200000003195e+01 5.673310056765927811e-01 0.000000000000000000e+00 2.711154308876832619e+00
-5.789372000000005869e+01 5.652546460380046822e-01 0.000000000000000000e+00 2.450819945415917633e+00
-5.735001000000004723e+01 5.599460460102757553e-01 0.000000000000000000e+00 2.021030624846060331e+00
-5.778783000000003511e+01 5.642207719931345844e-01 0.000000000000000000e+00 2.291235568112946819e+00
-5.817732799999998861e+01 5.680236983575569498e-01 0.000000000000000000e+00 2.596813680129764101e+00
-5.828591800000002365e+01 5.690839342866574890e-01 0.000000000000000000e+00 2.982240664650482653e+00
-5.877039200000005792e+01 5.738141741016949959e-01 0.000000000000000000e+00 2.380914704103904267e+00
-5.908606200000002673e+01 5.768962689146522882e-01 0.000000000000000000e+00 2.522326606859771392e+00
-5.892359400000004399e+01 5.753099864675665920e-01 0.000000000000000000e+00 2.554389113386974941e+00
-5.938973000000003566e+01 5.798611802703756979e-01 0.000000000000000000e+00 3.075999708446610192e+00
-5.931855000000003031e+01 5.791662028927777595e-01 0.000000000000000000e+00 2.295137614478472976e+00
-5.825201000000002693e+01 5.687528680753679566e-01 0.000000000000000000e+00 2.422324210944788003e+00
-5.996256800000001164e+01 5.854541762106453273e-01 0.000000000000000000e+00 2.722755539273114422e+00
-5.898409200000005370e+01 5.759006684202206960e-01 0.000000000000000000e+00 2.421898980355386755e+00
-5.975140000000003937e+01 5.833924034813313675e-01 0.000000000000000000e+00 2.480958176905760482e+00
-5.920446000000003295e+01 5.780522668291343535e-01 0.000000000000000000e+00 2.762743913232098336e+00
-5.936887200000001030e+01 5.796575298328657810e-01 0.000000000000000000e+00 2.366996431233201026e+00
-5.972091800000003303e+01 5.830947875720318141e-01 0.000000000000000000e+00 2.401576362627537709e+00
-5.991208800000000423e+01 5.849613066121465144e-01 0.000000000000000000e+00 2.729313332715276985e+00
-5.936893000000002729e+01 5.796580961251939224e-01 0.000000000000000000e+00 2.349777175831913922e+00
-6.053833800000002441e+01 5.910757992044571862e-01 0.000000000000000000e+00 2.168719634318550415e+00
-6.092124800000003404e+01 5.948144025713580918e-01 0.000000000000000000e+00 2.749802190442363070e+00
-6.143488800000000793e+01 5.998294093180475128e-01 0.000000000000000000e+00 2.602668905289648560e+00
-6.168214000000002528e+01 6.022434939846088575e-01 0.000000000000000000e+00 2.666375269154662053e+00
-6.198443200000001241e+01 6.051949705430355042e-01 0.000000000000000000e+00 2.232115973910373974e+00
-6.214707400000003190e+01 6.067829518671051803e-01 0.000000000000000000e+00 3.204832622825609434e+00
-6.350785000000005454e+01 6.200691071913273511e-01 0.000000000000000000e+00 2.708828876380927397e+00
-6.265593000000004764e+01 6.117512492604032515e-01 0.000000000000000000e+00 2.467368744536404090e+00
-6.387551799999999957e+01 6.236588928399170451e-01 0.000000000000000000e+00 2.793226498440811945e+00
-6.229863400000004248e+01 6.082627323019006438e-01 0.000000000000000000e+00 2.235450378241440550e+00
-6.323178600000005645e+01 6.173737119290461095e-01 0.000000000000000000e+00 2.578366983660061340e+00
-6.302452800000005340e+01 6.153501151135617464e-01 0.000000000000000000e+00 2.221571548855186151e+00
-6.362468000000004054e+01 6.212097956856339476e-01 0.000000000000000000e+00 1.888647693858002796e+00
-6.256038200000005389e+01 6.108183509957962887e-01 0.000000000000000000e+00 2.148027461987044973e+00
-6.431170200000008208e+01 6.279176454736653534e-01 0.000000000000000000e+00 2.360047337223420527e+00
-6.464437400000001333e+01 6.311657420479865888e-01 0.000000000000000000e+00 2.454067763037483196e+00
-6.150292600000000931e+01 6.004937092733299009e-01 0.000000000000000000e+00 2.599424246221155421e+00
-6.497665000000002067e+01 6.344099722126215202e-01 0.000000000000000000e+00 2.683691846612751508e+00
-6.410532000000004871e+01 6.259026016250641700e-01 0.000000000000000000e+00 2.802528669727833766e+00
-6.426324600000002363e+01 6.274445375246778811e-01 0.000000000000000000e+00 2.318217654235270153e+00
-6.389275200000003707e+01 6.238271597705934424e-01 0.000000000000000000e+00 2.177257064692530442e+00
-6.474408200000002012e+01 6.321392571416299955e-01 0.000000000000000000e+00 2.482132946584693745e+00
-6.461497800000000780e+01 6.308787294743440910e-01 0.000000000000000000e+00 2.715235204931051527e+00
-6.455835800000002678e+01 6.303259109983736508e-01 0.000000000000000000e+00 2.760737768660596725e+00
-6.458896400000003268e+01 6.306247376016156370e-01 0.000000000000000000e+00 2.843882566212620144e+00
-6.392446200000002676e+01 6.241367654553872102e-01 0.000000000000000000e+00 2.249484065236634578e+00
-6.365847200000006723e+01 6.215397293122679745e-01 0.000000000000000000e+00 2.621623076024361065e+00
-6.457694600000003504e+01 6.305073979258082328e-01 0.000000000000000000e+00 2.946747110907280920e+00
-6.308874400000001970e+01 6.159770983571666303e-01 0.000000000000000000e+00 2.676680118775208506e+00
-6.448344800000008092e+01 6.295945151658951522e-01 0.000000000000000000e+00 2.131820352148450670e+00
-6.363679200000002112e+01 6.213280531455588340e-01 0.000000000000000000e+00 1.946969062839090325e+00
-6.405258200000002944e+01 6.253876856804201356e-01 0.000000000000000000e+00 2.614452571565538452e+00
-6.236446800000003776e+01 6.089055131487224326e-01 0.000000000000000000e+00 2.377459077933515186e+00
-6.487872800000002371e+01 6.334538950172136085e-01 0.000000000000000000e+00 2.536013292116967133e+00
-6.440143600000004653e+01 6.287937778142292933e-01 0.000000000000000000e+00 2.275303776700303260e+00
-6.508435000000004322e+01 6.354615184835867847e-01 0.000000000000000000e+00 2.369478731811081040e+00
-6.333800600000004266e+01 6.184108079819884418e-01 0.000000000000000000e+00 2.579972507480956967e+00
-6.420556400000000963e+01 6.268813500409098349e-01 0.000000000000000000e+00 2.592383570474995125e+00
-6.448263600000004203e+01 6.295865870733040603e-01 0.000000000000000000e+00 2.439186465036276008e+00
-6.425404400000000749e+01 6.273546923177565349e-01 0.000000000000000000e+00 2.657194102630543675e+00
-6.354001400000002064e+01 6.203831455781358972e-01 0.000000000000000000e+00 2.591767783003358083e+00
-6.412761400000002254e+01 6.261202726795198625e-01 0.000000000000000000e+00 2.338094677167281699e+00
-6.443764600000002929e+01 6.291473199727402044e-01 0.000000000000000000e+00 2.818299011866354231e+00
-6.459865000000006319e+01 6.307193084203770450e-01 0.000000000000000000e+00 2.574311648133763342e+00
-6.498655800000004490e+01 6.345067105640862515e-01 0.000000000000000000e+00 2.370111781073592550e+00
-6.423890600000000006e+01 6.272068900201717145e-01 0.000000000000000000e+00 2.305334017991555573e+00
-6.440484600000006310e+01 6.288270718976461948e-01 0.000000000000000000e+00 2.405160253104801082e+00
-6.394387400000000099e+01 6.243262976393421093e-01 0.000000000000000000e+00 2.254005376680599415e+00
-6.610920400000003383e+01 6.454678453358019263e-01 0.000000000000000000e+00 2.496806156880093219e+00
-6.572337999999999170e+01 6.417007906612536283e-01 0.000000000000000000e+00 2.462067554645152700e+00
-6.358035999999999177e+01 6.207770702378232475e-01 0.000000000000000000e+00 2.529760319544804847e+00
-6.560799800000002335e+01 6.405742399478232540e-01 0.000000000000000000e+00 2.342264316096841714e+00
-6.628934399999999982e+01 6.472266711970052766e-01 0.000000000000000000e+00 2.546158101065250090e+00
-6.514715200000003392e+01 6.360746959107839160e-01 0.000000000000000000e+00 2.260919145730627910e+00
