-2.864446200000000076e+01 2.295621127644381643e-01 0.000000000000000000e+00 3.253491565165341104e+00
-2.898667600000002054e+01 2.323046802058365834e-01 0.000000000000000000e+00 3.687595307807739697e+00
-2.881454600000000354e+01 2.309251979704869673e-01 0.000000000000000000e+00 3.023968954046047042e+00
-2.953545200000001714e+01 2.367026744147840700e-01 0.000000000000000000e+00 3.670360485102521775e+00
-2.939731999999999701e+01 2.355956585539037973e-01 0.000000000000000000e+00 3.096507084448604896e+00
-2.976429000000002034e+01 2.385366252413274046e-01 0.000000000000000000e+00 3.575566841139254048e+00
-2.978105800000001580e+01 2.386710071510603492e-01 0.000000000000000000e+00 3.873832893909512798e+00
-2.943970600000001525e+01 2.359353479399930731e-01 0.000000000000000000e+00 2.752859987700578159e+00
-3.043850000000001543e+01 2.439398711478803217e-01 0.000000000000000000e+00 3.564546252167080542e+00
-2.906732800000002825e+01 2.329510405221406344e-01 0.000000000000000000e+00 3.763249552281037857e+00
-2.896877200000001196e+01 2.321611941781731303e-01 0.000000000000000000e+00 3.788663648682005114e+00
-2.858987600000001805e+01 2.291246502808573782e-01 0.000000000000000000e+00 3.645340388067036308e+00
-2.912328800000002360e+01 2.333995145004718330e-01 0.000000000000000000e+00 3.413490861518853947e+00
-2.932204200000001393e+01 2.349923664856262695e-01 0.000000000000000000e+00 3.544491585863702277e+00
-2.998073000000001898e+01 2.402712161610917607e-01 0.000000000000000000e+00 3.699761844956231283e+00
-2.934041800000002098e+01 2.351396352101762510e-01 0.000000000000000000e+00 4.203665876840971372e+00
-2.957372000000003354e+01 2.370093613733756932e-01 0.000000000000000000e+00 3.380210619999227006e+00
-2.869406800000000857e+01 2.299596645901905434e-01 0.000000000000000000e+00 3.132205567736833451e+00
-3.001205600000000828e+01 2.405222686243726482e-01 0.000000000000000000e+00 2.828435272973022663e+00
-2.917973000000001704e+01 2.338518513175727731e-01 0.000000000000000000e+00 2.973938577531367589e+00
-2.972764200000000656e+01 2.382429212678125741e-01 0.000000000000000000e+00 3.341861206977786658e+00
-2.916878000000002658e+01 2.337640959554797837e-01 0.000000000000000000e+00 3.462236721537046868e+00
-2.895894800000001013e+01 2.320824627921272698e-01 0.000000000000000000e+00 3.671641563470216862e+00
-3.010749200000001125e+01 2.412871107007847626e-01 0.000000000000000000e+00 4.336130165395001512e+00
-2.907934600000001879e+01 2.330473550373582947e-01 0.000000000000000000e+00 3.730197125221955456e+00
-2.910764200000001622e+01 2.332741245100326821e-01 0.000000000000000000e+00 3.278638814291964021e+00
-2.842305800000002591e+01 2.277877394138584921e-01 0.000000000000000000e+00 3.019639070183352203e+00
-2.949776600000001281e+01 2.364006517137942076e-01 0.000000000000000000e+00 3.700794794794187936e+00
-2.910064000000002693e+01 2.332180091634231400e-01 0.000000000000000000e+00 3.186357759910429355e+00
-2.989549200000001150e+01 2.395881027771567806e-01 0.000000000000000000e+00 2.944704476389555570e+00
-2.900068200000001895e+01 2.324169269274324878e-01 0.000000000000000000e+00 3.806274047161734675e+00
-2.923849600000000137e+01 2.343228131083270049e-01 0.000000000000000000e+00 3.316161860774066827e+00
-2.890588800000002223e+01 2.316572299599212181e-01 0.000000000000000000e+00 3.341423404046106604e+00
-2.885816200000000720e+01 2.312747448082085044e-01 0.000000000000000000e+00 3.431985215137916878e+00
-2.998472200000002985e+01 2.403032088008612843e-01 0.000000000000000000e+00 3.166746539330167920e+00
-2.920114600000000848e+01 2.340234831746124122e-01 0.000000000000000000e+00 3.554167335618822143e+00
-2.963128000000001450e+01 2.374706580530171751e-01 0.000000000000000000e+00 4.031916615048861452e+00
-2.929803800000000891e+01 2.347999939092169364e-01 0.000000000000000000e+00 3.128413266209881360e+00
-2.878432200000001373e+01 2.306829771427336140e-01 0.000000000000000000e+00 3.214805432432886523e+00
-2.943082400000001542e+01 2.358641659193437268e-01 0.000000000000000000e+00 3.340557508636708306e+00
-2.927928000000001063e+01 2.346496637647291494e-01 0.000000000000000000e+00 3.090272377194690279e+00
-2.914351000000001335e+01 2.335615774166585612e-01 0.000000000000000000e+00 3.574823362154563977e+00
-2.814320000000001087e+01 2.255449046992796802e-01 0.000000000000000000e+00 3.063834839879689742e+00
-3.018791200000000785e+01 2.419316117253987042e-01 0.000000000000000000e+00 3.794825652541613081e+00
-2.862554800000000910e+01 2.294105324065726648e-01 0.000000000000000000e+00 3.065161165254750575e+00
-2.942326400000001385e+01 2.358035786556520741e-01 0.000000000000000000e+00 3.654034102264111628e+00
-2.870305800000001639e+01 2.300317121431784129e-01 0.000000000000000000e+00 3.150554218141707441e+00
-2.959486400000001893e+01 2.371788133711925095e-01 0.000000000000000000e+00 3.583367778876584975e+00
-2.890021400000002672e+01 2.316117574553992475e-01 0.000000000000000000e+00 2.931144828124052637e+00
-2.884963200000000683e+01 2.312063837818474354e-01 0.000000000000000000e+00 3.054613504982952588e+00
-2.962811000000002792e+01 2.374452530760460534e-01 0.000000000000000000e+00 3.919310819377418209e+00
-2.884666000000002128e+01 2.311825656141634766e-01 0.000000000000000000e+00 3.660275410513268657e+00
-2.929780200000000789e+01 2.347981025607736583e-01 0.000000000000000000e+00 3.398344953863645657e+00
-2.926413200000002490e+01 2.345282648400730530e-01 0.000000000000000000e+00 3.798419001118302774e+00
-3.019669400000001502e+01 2.420019923272162254e-01 0.000000000000000000e+00 3.047746087737161158e+00
-2.948900800000001965e+01 2.363304634524964476e-01 0.000000000000000000e+00 3.661799616451788086e+00
-2.938423200000001501e+01 2.354907688571848678e-01 0.000000000000000000e+00 3.186643251241473518e+00
-2.944842000000001647e+01 2.360051835770048678e-01 0.000000000000000000e+00 3.173282741766310533e+00
-2.848156200000000382e+01 2.282566014872730864e-01 0.000000000000000000e+00 2.955146208308618849e+00
-2.872674600000001277e+01 2.302215522360788469e-01 0.000000000000000000e+00 3.319499785105757717e+00
-2.945894800000000657e+01 2.360895569516271997e-01 0.000000000000000000e+00 3.459086291817303760e+00
-3.025054800000001975e+01 2.424335884249476936e-01 0.000000000000000000e+00 4.145220141745347142e+00
-2.917094400000001997e+01 2.337814386590020554e-01 0.000000000000000000e+00 3.004226029180907087e+00
-2.862226400000001547e+01 2.293842138121331142e-01 0.000000000000000000e+00 3.072869220380131328e+00
-2.936149200000002679e+01 2.353085262148109091e-01 0.000000000000000000e+00 3.264824047904226312e+00
-3.048320200000001989e+01 2.442981213941163021e-01 0.000000000000000000e+00 4.125008871150056322e+00
-2.855508400000002922e+01 2.288458206408628126e-01 0.000000000000000000e+00 2.566389029246809894e+00
-2.930431600000002135e+01 2.348503069834837198e-01 0.000000000000000000e+00 3.554326786438173791e+00
-2.792110600000001597e+01 2.237650015587597518e-01 0.000000000000000000e+00 2.969559477781990253e+00
-2.883959400000000883e+01 2.311259373595013211e-01 0.000000000000000000e+00 2.913540319871888773e+00
-2.989764400000002809e+01 2.396053493104193799e-01 0.000000000000000000e+00 3.410118637478878778e+00
-2.896229000000001719e+01 2.321092462094894171e-01 0.000000000000000000e+00 3.340470270815475651e+00
-2.972351800000001987e+01 2.382098707551851269e-01 0.000000000000000000e+00 4.112944521783473917e+00
-2.924079200000002032e+01 2.343412136847075611e-01 0.000000000000000000e+00 3.116630218476877712e+00
-2.937910600000002503e+01 2.354496881278617670e-01 0.000000000000000000e+00 3.815989797061408506e+00
-2.911580000000000723e+01 2.333395042583390200e-01 0.000000000000000000e+00 3.592667830260106054e+00
-2.966932800000001080e+01 2.377755818901784446e-01 0.000000000000000000e+00 3.788719933614742352e+00
-2.878136000000003136e+01 2.306592391169328682e-01 0.000000000000000000e+00 3.064449785735267273e+00
-2.955897000000002706e+01 2.368911520956703820e-01 0.000000000000000000e+00 2.988240673359358279e+00
-2.899397000000001157e+01 2.323631356954352911e-01 0.000000000000000000e+00 3.647739182083205023e+00
-2.945450800000002189e+01 2.360539739554909644e-01 0.000000000000000000e+00 3.595012141131771699e+00
-2.855598000000002301e+01 2.288530013535965968e-01 0.000000000000000000e+00 3.107221451439022619e+00
-2.903822800000003568e+01 2.327178276420577840e-01 0.000000000000000000e+00 3.083355893843097384e+00
-2.924137400000001819e+01 2.343458779423092109e-01 0.000000000000000000e+00 3.673500686794930470e+00
-2.846744800000001518e+01 2.281434892333388254e-01 0.000000000000000000e+00 3.138822828253878594e+00
-2.939700800000001024e+01 2.355931581271483721e-01 0.000000000000000000e+00 3.602284635153450765e+00
-3.037334000000000955e+01 2.434176666370142517e-01 0.000000000000000000e+00 3.570957353342929519e+00
-3.001103600000002203e+01 2.405140941522873888e-01 0.000000000000000000e+00 3.267608365426006856e+00
-2.896305800000002151e+01 2.321154011061184463e-01 0.000000000000000000e+00 2.831172884594051808e+00
-2.909448800000001611e+01 2.331687058768845688e-01 0.000000000000000000e+00 4.227277252027729304e+00
-2.934314200000001449e+01 2.351614658591571760e-01 0.000000000000000000e+00 3.277477335926384239e+00
-2.896906800000002846e+01 2.321635663779156866e-01 0.000000000000000000e+00 3.019699430586903155e+00
-2.987914400000003212e+01 2.394570868265179231e-01 0.000000000000000000e+00 3.753209731489767886e+00
-2.936169400000000707e+01 2.353101450808511852e-01 0.000000000000000000e+00 3.477224266561424582e+00
-3.014015000000001976e+01 2.415488380629067233e-01 0.000000000000000000e+00 3.452345213303296578e+00
-2.909428800000000592e+01 2.331671030392206689e-01 0.000000000000000000e+00 3.278142959987738525e+00
-2.845696400000002058e+01 2.280594684830024588e-01 0.000000000000000000e+00 2.637405106704832303e+00
-3.019682600000001216e+01 2.420030502000743156e-01 0.000000000000000000e+00 3.633134394292886427e+00
-2.854295600000001087e+01 2.287486245649298366e-01 0.000000000000000000e+00 3.439877576877268694e+00
-2.918221400000001964e+01 2.338717585613571959e-01 0.000000000000000000e+00 3.859536102888401654e+00
-2.933739600000002312e+01 2.351154163330762548e-01 0.000000000000000000e+00 3.521589838681248974e+00
-2.902144400000000601e+01 2.325833175053114432e-01 0.000000000000000000e+00 3.587425896445651574e+00
-2.926946000000001291e+01 2.345709644354365964e-01 0.000000000000000000e+00 3.091947223927917321e+00
-2.930473000000002060e+01 2.348536248574477903e-01 0.000000000000000000e+00 3.632326610973726222e+00
-2.881810000000001537e+01 2.309536803957727980e-01 0.000000000000000000e+00 3.163856439169888457e+00
-3.025377400000001415e+01 2.424594421964647306e-01 0.000000000000000000e+00 4.289147833015153566e+00
-3.004454000000001201e+01 2.407826015177270684e-01 0.000000000000000000e+00 3.273086536274192770e+00
-3.024230400000001850e+01 2.423675194564458291e-01 0.000000000000000000e+00 3.671603035801812798e+00
-2.872427200000001335e+01 2.302017251341776649e-01 0.000000000000000000e+00 3.816106378990729464e+00
-2.852638999999999925e+01 2.286158615212371958e-01 0.000000000000000000e+00 3.153034233540572551e+00
-2.885453800000001578e+01 2.312457013897405156e-01 0.000000000000000000e+00 3.096063482983290704e+00
-2.928987800000002650e+01 2.347345981325340558e-01 0.000000000000000000e+00 3.093964804785032552e+00
-2.773573200000000938e+01 2.222793794133134104e-01 0.000000000000000000e+00 2.560960197722563336e+00
-2.875873200000002328e+01 2.304778940636504625e-01 0.000000000000000000e+00 3.212494895861369493e+00
-2.962788200000001382e+01 2.374434258411091958e-01 0.000000000000000000e+00 3.606288037045484174e+00
-2.955989400000001766e+01 2.368985572056770683e-01 0.000000000000000000e+00 3.735465480596938281e+00
-2.930195000000001926e+01 2.348313454139209500e-01 0.000000000000000000e+00 3.445853307156943490e+00
-2.941059600000000884e+01 2.357020549180269542e-01 0.000000000000000000e+00 3.337450023684234601e+00
-2.971828400000002546e+01 2.381679244935235307e-01 0.000000000000000000e+00 3.123675626750567424e+00
-2.936585400000000590e+01 2.353434841042582326e-01 0.000000000000000000e+00 2.982845516488636939e+00
-2.912148600000001508e+01 2.333850729331209128e-01 0.000000000000000000e+00 3.066489676085571325e+00
-2.930170600000001357e+01 2.348293899519710848e-01 0.000000000000000000e+00 3.393471454289065825e+00
-2.887087400000000414e+01 2.313766211701196174e-01 0.000000000000000000e+00 3.411301463854663485e+00
-2.874730800000001807e+01 2.303863399762941799e-01 0.000000000000000000e+00 3.542458377211902487e+00
-2.913276399999999811e+01 2.334754569489824738e-01 0.000000000000000000e+00 3.986252622451823768e+00
-2.988587800000001238e+01 2.395110543706579220e-01 0.000000000000000000e+00 3.640808546329545869e+00
-2.922930000000000561e+01 2.342491146325454965e-01 0.000000000000000000e+00 3.282457492412498290e+00
-2.960709200000001218e+01 2.372768108659571995e-01 0.000000000000000000e+00 3.494820544739794421e+00
-2.926896600000001669e+01 2.345670054264070437e-01 0.000000000000000000e+00 3.455977158437307128e+00
-2.990157400000001786e+01 2.396368450705129716e-01 0.000000000000000000e+00 2.838027339744166877e+00
-2.951386800000001287e+01 2.365296961741067405e-01 0.000000000000000000e+00 3.722237510289484241e+00
-2.979374200000003725e+01 2.387726591156987266e-01 0.000000000000000000e+00 4.173698123014715655e+00
-2.832482200000001882e+01 2.270004576101531668e-01 0.000000000000000000e+00 2.820831358777519338e+00
-3.033902400000000199e+01 2.431426517506593832e-01 0.000000000000000000e+00 3.794172513852358541e+00
-2.946701000000002324e+01 2.361541673378551309e-01 0.000000000000000000e+00 2.938105727739173112e+00
-2.887695000000001500e+01 2.314253153783459305e-01 0.000000000000000000e+00 3.066461886229301825e+00
-2.845907200000000614e+01 2.280763623919788152e-01 0.000000000000000000e+00 2.840630783131937509e+00
-2.896127800000001073e+01 2.321011358509105504e-01 0.000000000000000000e+00 3.229375356043050260e+00
-2.865441200000002198e+01 2.296418539382123758e-01 0.000000000000000000e+00 3.177295337622992211e+00
-2.977893000000001322e+01 2.386539529583175112e-01 0.000000000000000000e+00 4.150171903011423247e+00
-2.923998400000002107e+01 2.343347382205458185e-01 0.000000000000000000e+00 3.300666911757028199e+00
-2.910778000000001953e+01 2.332752304680207334e-01 0.000000000000000000e+00 2.989974264272202920e+00
-2.952106000000001274e+01 2.365873342164969972e-01 0.000000000000000000e+00 3.420689281003423510e+00
-2.950474600000002567e+01 2.364565907482609197e-01 0.000000000000000000e+00 3.484269419920034583e+00
-2.999678400000001943e+01 2.403998759403649654e-01 0.000000000000000000e+00 3.199894039556291148e+00
-2.889086800000000466e+01 2.315368568513697101e-01 0.000000000000000000e+00 3.380850995341709631e+00
-2.814486000000000132e+01 2.255582082518891585e-01 0.000000000000000000e+00 3.097762603081537058e+00
-2.903161000000002190e+01 2.326647897437625345e-01 0.000000000000000000e+00 2.963691431119118924e+00
-2.978030200000001670e+01 2.386649484246912145e-01 0.000000000000000000e+00 3.328270881372779488e+00
-2.879283200000001131e+01 2.307511778853282847e-01 0.000000000000000000e+00 3.178265327930195561e+00
-2.885856199999999561e+01 2.312779504835360267e-01 0.000000000000000000e+00 3.120530493322174692e+00
-2.981527400000001649e+01 2.389452206185832817e-01 0.000000000000000000e+00 3.288647445736236907e+00
-3.008732200000002521e+01 2.411254645223906423e-01 0.000000000000000000e+00 3.675946724193247750e+00
-2.857630400000002169e+01 2.290158817169919425e-01 0.000000000000000000e+00 2.862457580821773373e+00
-3.029313600000000406e+01 2.427748966770771344e-01 0.000000000000000000e+00 3.537146015597971704e+00
-2.960403200000002855e+01 2.372522874497011713e-01 0.000000000000000000e+00 2.895177845268461780e+00
-2.910414200000002438e+01 2.332460748509162518e-01 0.000000000000000000e+00 3.185870653882339809e+00
-2.930254200000001319e+01 2.348360898134057573e-01 0.000000000000000000e+00 3.468053169503174438e+00
-2.946157800000002425e+01 2.361106342669063163e-01 0.000000000000000000e+00 3.269821687029073498e+00
-2.821524200000001414e+01 2.261222628541571245e-01 0.000000000000000000e+00 3.068419928631053839e+00
-2.927350200000001479e+01 2.346033577846220186e-01 0.000000000000000000e+00 3.211172833665719928e+00
-2.939203400000002731e+01 2.355532955544498153e-01 0.000000000000000000e+00 3.053679191746416777e+00
-2.908509000000001166e+01 2.330933885350625623e-01 0.000000000000000000e+00 2.962450720162943085e+00
-2.915091200000000526e+01 2.336208984385957366e-01 0.000000000000000000e+00 2.818881610998277942e+00
-2.935185400000002076e+01 2.352312854677923448e-01 0.000000000000000000e+00 3.016502398722565204e+00
-2.967006000000002786e+01 2.377814482760280956e-01 0.000000000000000000e+00 2.723366509942197755e+00
-2.827185800000001947e+01 2.265759941400256605e-01 0.000000000000000000e+00 3.124488604076843146e+00
-2.957525800000002292e+01 2.370216871950102389e-01 0.000000000000000000e+00 3.549679987317110097e+00
-2.923439800000001654e+01 2.342899709645958617e-01 0.000000000000000000e+00 3.516053324711981620e+00
-2.925518600000001967e+01 2.344565699113712598e-01 0.000000000000000000e+00 3.748055038593653077e+00
-2.955794600000002248e+01 2.368829455668317041e-01 0.000000000000000000e+00 3.512149501759728842e+00
-2.864023800000001074e+01 2.295282608329787810e-01 0.000000000000000000e+00 2.784120324912685795e+00
-3.037534400000001966e+01 2.434337270704056144e-01 0.000000000000000000e+00 3.595298066072273091e+00
-2.946320800000001228e+01 2.361236973938662109e-01 0.000000000000000000e+00 3.455317799931174605e+00
-2.960027000000001962e+01 2.372221380732450202e-01 0.000000000000000000e+00 3.859584466080264509e+00
-2.992501400000000444e+01 2.398246976447102330e-01 0.000000000000000000e+00 3.195643817683533783e+00
-2.877536400000002459e+01 2.306111860437720928e-01 0.000000000000000000e+00 3.490607322559653003e+00
-2.942363000000001705e+01 2.358065118485768441e-01 0.000000000000000000e+00 2.646389128777000277e+00
-2.963813200000000236e+01 2.375255712713788547e-01 0.000000000000000000e+00 3.688934379073050440e+00
-2.883291600000001154e+01 2.310724186099070709e-01 0.000000000000000000e+00 3.559142660092866617e+00
-3.010749000000001985e+01 2.412870946724081922e-01 0.000000000000000000e+00 3.896126842393635492e+00
-2.913618800000001485e+01 2.335028975297868403e-01 0.000000000000000000e+00 2.903974456898543721e+00
-2.953382200000001845e+01 2.366896112878241198e-01 0.000000000000000000e+00 2.882672351618171369e+00
-2.853083400000002356e+01 2.286514765741270161e-01 0.000000000000000000e+00 3.564702833130595216e+00
-2.945893000000002004e+01 2.360894126962375661e-01 0.000000000000000000e+00 3.629696914566856947e+00
-2.921846400000002575e+01 2.341622728879209914e-01 0.000000000000000000e+00 3.447130705574880327e+00
-2.994345600000002250e+01 2.399724953056893706e-01 0.000000000000000000e+00 3.201380798378452575e+00
-2.894111800000001367e+01 2.319395698143995321e-01 0.000000000000000000e+00 3.595483372411682588e+00
-2.959274600000001243e+01 2.371618393203328290e-01 0.000000000000000000e+00 3.821990535786346399e+00
-2.864378200000000518e+01 2.295566631163812876e-01 0.000000000000000000e+00 2.755262248838528993e+00
-2.987743600000001010e+01 2.394433985928688946e-01 0.000000000000000000e+00 3.669742949066904014e+00
-2.908543400000002066e+01 2.330961454158443635e-01 0.000000000000000000e+00 3.248750047752476444e+00
-3.000860200000001043e+01 2.404945876179188369e-01 0.000000000000000000e+00 3.538179466529318695e+00
-2.885321800000002312e+01 2.312351226611595034e-01 0.000000000000000000e+00 2.974660481649438193e+00
-2.895801800000002757e+01 2.320750095969907334e-01 0.000000000000000000e+00 3.516499309772763482e+00
-2.940409000000000361e+01 2.356499146088234797e-01 0.000000000000000000e+00 3.848035274977966047e+00
-3.000978000000001700e+01 2.405040283317586847e-01 0.000000000000000000e+00 3.977692166789352335e+00
-3.015549200000000951e+01 2.416717917400967308e-01 0.000000000000000000e+00 4.007494001802224481e+00
-2.953426600000000590e+01 2.366931695874376351e-01 0.000000000000000000e+00 3.426432770469821421e+00
-2.910293000000001484e+01 2.332363616546735408e-01 0.000000000000000000e+00 3.672094425556350128e+00
-2.910351600000001682e+01 2.332410579690284980e-01 0.000000000000000000e+00 3.543441829825568767e+00
-2.858537200000001732e+01 2.290885543766685850e-01 0.000000000000000000e+00 3.099391914882072996e+00
-2.860950000000002547e+01 2.292819207124294767e-01 0.000000000000000000e+00 3.298974994654177539e+00
-2.937146000000000967e+01 2.353884116439745600e-01 0.000000000000000000e+00 3.062458351908107446e+00
-2.885162800000001582e+01 2.312223801017322389e-01 0.000000000000000000e+00 3.165567558988626740e+00
-2.938752000000001630e+01 2.355171195083777536e-01 0.000000000000000000e+00 3.226507366528491794e+00
-3.001739800000002845e+01 2.405650804183729063e-01 0.000000000000000000e+00 3.817945762057936676e+00
-2.937943600000003386e+01 2.354523328100071033e-01 0.000000000000000000e+00 3.596342381525368559e+00
-2.942644400000001070e+01 2.358290637745064644e-01 0.000000000000000000e+00 3.406018987957535327e+00
-2.940724600000003619e+01 2.356752073871585251e-01 0.000000000000000000e+00 3.556988044877010591e+00
-3.039706400000001096e+01 2.436077952406942027e-01 0.000000000000000000e+00 3.918434871466314195e+00
-2.942540200000001960e+01 2.358207129902781529e-01 0.000000000000000000e+00 3.679309936343053700e+00
-2.853734400000000093e+01 2.287036489400835204e-01 0.000000000000000000e+00 3.749329949520003868e+00
-2.840879400000001098e+01 2.276734250316761743e-01 0.000000000000000000e+00 3.085564402370457149e+00
-2.877575200000000066e+01 2.306142955488396651e-01 0.000000000000000000e+00 2.689911510634962255e+00
-2.930972000000001643e+01 2.348936156571595768e-01 0.000000000000000000e+00 3.350648241035085739e+00
-2.899566200000001004e+01 2.323766957020710344e-01 0.000000000000000000e+00 3.640917213631917893e+00
-2.979056000000000992e+01 2.387471579684674605e-01 0.000000000000000000e+00 3.337727078008734694e+00
-2.905995400000001183e+01 2.328919438974761946e-01 0.000000000000000000e+00 3.702215044734515015e+00
-2.915433400000001285e+01 2.336483229910234216e-01 0.000000000000000000e+00 3.259511053133428149e+00
-3.002911200000001557e+01 2.406589586203415898e-01 0.000000000000000000e+00 3.343438204079897336e+00
-2.894727000000001027e+01 2.319888731009379923e-01 0.000000000000000000e+00 3.110723513797541973e+00
-2.876512200000001229e+01 2.305291047270087990e-01 0.000000000000000000e+00 3.308276551030304713e+00
-2.939469200000000981e+01 2.355745972670015842e-01 0.000000000000000000e+00 3.258593043596229588e+00
-3.008905000000001451e+01 2.411393130398057916e-01 0.000000000000000000e+00 3.547177869899825975e+00
-2.937911600000001400e+01 2.354497682697448691e-01 0.000000000000000000e+00 3.405676409319290610e+00
-2.917174600000001305e+01 2.337878660380338369e-01 0.000000000000000000e+00 3.538014752794840678e+00
-2.885776400000001018e+01 2.312715551612575804e-01 0.000000000000000000e+00 3.603069173159140881e+00
-2.951908400000002786e+01 2.365714981803787587e-01 0.000000000000000000e+00 3.527599222372179710e+00
-2.909472200000000797e+01 2.331705811969511377e-01 0.000000000000000000e+00 3.321736522234639111e+00
-2.890857000000001520e+01 2.316787240129927206e-01 0.000000000000000000e+00 3.128382767065552628e+00
-2.947787800000000047e+01 2.362412655365058456e-01 0.000000000000000000e+00 3.466140281352756425e+00
-2.915000000000001990e+01 2.336135894988489170e-01 0.000000000000000000e+00 2.843436328448272654e+00
-2.948169200000003087e+01 2.362718316507547434e-01 0.000000000000000000e+00 4.327695360077036923e+00
-2.956542000000002446e+01 2.369428436103279134e-01 0.000000000000000000e+00 3.497366743217768192e+00
-2.907677200000000539e+01 2.330267265166250656e-01 0.000000000000000000e+00 2.883458337527800008e+00
-2.883284200000001718e+01 2.310718255599715221e-01 0.000000000000000000e+00 3.369631691205998703e+00
-2.924956000000002376e+01 2.344114820878885896e-01 0.000000000000000000e+00 3.420416590080362251e+00
-2.989028800000002306e+01 2.395463969411447958e-01 0.000000000000000000e+00 3.444091858465960332e+00
-2.921455400000002456e+01 2.341309374115936870e-01 0.000000000000000000e+00 3.247859712830322376e+00
-2.919264400000001558e+01 2.339553465455243286e-01 0.000000000000000000e+00 3.644663798889183237e+00
-2.951056600000001495e+01 2.365032333242774176e-01 0.000000000000000000e+00 3.215287107409655842e+00
-2.882715000000001027e+01 2.310262088000596958e-01 0.000000000000000000e+00 3.735233360375847411e+00
-2.998438399999999149e+01 2.403005000052091666e-01 0.000000000000000000e+00 3.706243331851394984e+00
-2.870113600000002307e+01 2.300163088732293526e-01 0.000000000000000000e+00 2.763845221350102577e+00
-2.876749800000001045e+01 2.305481464384547263e-01 0.000000000000000000e+00 3.252717874781834162e+00
-2.997993600000001635e+01 2.402648528955664275e-01 0.000000000000000000e+00 3.530581103671178944e+00
-2.840498800000002433e+01 2.276429230309341689e-01 0.000000000000000000e+00 3.115459275488652757e+00
-2.961805600000001348e+01 2.373646784266867094e-01 0.000000000000000000e+00 3.717333642078592515e+00
-2.920677200000000795e+01 2.340685709980950824e-01 0.000000000000000000e+00 3.605351553939075693e+00
-2.892888600000001276e+01 2.318415402628815070e-01 0.000000000000000000e+00 3.154301073266805311e+00
-2.872172600000001808e+01 2.301813210107175045e-01 0.000000000000000000e+00 3.112653875588507812e+00
-2.976751000000002989e+01 2.385624309277146748e-01 0.000000000000000000e+00 3.920708197661758820e+00
-2.791793600000001163e+01 2.237395965817884913e-01 0.000000000000000000e+00 2.923124332168779649e+00
-2.932666600000000301e+01 2.350294240924132305e-01 0.000000000000000000e+00 3.690962128330730341e+00
-2.954268000000001493e+01 2.367606009679537882e-01 0.000000000000000000e+00 3.570854011707744302e+00
-2.898976800000002640e+01 2.323294600761189599e-01 0.000000000000000000e+00 2.844912217313248171e+00
-2.901717800000000835e+01 2.325491289779426096e-01 0.000000000000000000e+00 3.766637075656895650e+00
-2.939173000000001323e+01 2.355508592412007274e-01 0.000000000000000000e+00 3.134445228812307693e+00
-3.009682000000001523e+01 2.412015832830444184e-01 0.000000000000000000e+00 4.046690637241170840e+00
-2.961354400000001874e+01 2.373285184089914401e-01 0.000000000000000000e+00 3.317396904119039203e+00
-2.930416200000000515e+01 2.348490727984824666e-01 0.000000000000000000e+00 3.260693472835791695e+00
-2.785761200000001381e+01 2.232561486856331490e-01 0.000000000000000000e+00 2.895853834879422717e+00
-2.991853600000002089e+01 2.397727817327798827e-01 0.000000000000000000e+00 3.475115324226047964e+00
-2.897915400000001185e+01 2.322443974813009904e-01 0.000000000000000000e+00 3.280478453876427558e+00
-2.869068600000000657e+01 2.299325606052956550e-01 0.000000000000000000e+00 3.676050003974538960e+00
-2.925082000000000804e+01 2.344215799651704069e-01 0.000000000000000000e+00 3.623649346426690787e+00
-2.949109600000000242e+01 2.363471970777063780e-01 0.000000000000000000e+00 3.757252620375315377e+00
-2.883369000000001492e+01 2.310786215916660058e-01 0.000000000000000000e+00 3.357308590947290838e+00
-3.046756600000001214e+01 2.441728115455603643e-01 0.000000000000000000e+00 4.177457296041033885e+00
-2.852958400000002115e+01 2.286414588387282454e-01 0.000000000000000000e+00 2.914469021436517426e+00
-2.900092600000001752e+01 2.324188823893822975e-01 0.000000000000000000e+00 3.802778736252338199e+00
-2.931427600000001021e+01 2.349301282991408668e-01 0.000000000000000000e+00 3.017084172585956736e+00
-2.880781600000001319e+01 2.308712624831001925e-01 0.000000000000000000e+00 3.487735761719885641e+00
-2.940257200000000992e+01 2.356377490709553046e-01 0.000000000000000000e+00 3.770669155791900540e+00
-2.801211600000002733e+01 2.244943728376720404e-01 0.000000000000000000e+00 3.113057836578502879e+00
-2.947441600000001216e+01 2.362135204165455582e-01 0.000000000000000000e+00 2.956503385492444291e+00
-2.976790600000000353e+01 2.385656045462887787e-01 0.000000000000000000e+00 3.484981255252111776e+00
-2.990335600000002358e+01 2.396511263540974934e-01 0.000000000000000000e+00 4.016300017977751047e+00
-2.937975400000001613e+01 2.354548813218924064e-01 0.000000000000000000e+00 3.002951677476107140e+00
-2.915755600000002090e+01 2.336741447057872900e-01 0.000000000000000000e+00 3.248815676560716348e+00
-2.861198400000002096e+01 2.293018279562138440e-01 0.000000000000000000e+00 3.070721170344848705e+00
-2.920868000000002240e+01 2.340838620694078442e-01 0.000000000000000000e+00 2.920423130059385475e+00
-2.917365200000000769e+01 2.338031410809698063e-01 0.000000000000000000e+00 3.516695048355383157e+00
-2.926057400000001962e+01 2.344997503580340259e-01 0.000000000000000000e+00 2.984126825188922805e+00
-2.910862200000002176e+01 2.332819784145853670e-01 0.000000000000000000e+00 3.025041587478717542e+00
-3.021343400000001367e+01 2.421361498396762679e-01 0.000000000000000000e+00 3.054912493191015432e+00
-2.892801600000001372e+01 2.318345679190439712e-01 0.000000000000000000e+00 3.650745259262037745e+00
-2.891001600000000948e+01 2.316903125293019450e-01 0.000000000000000000e+00 3.193992864792824182e+00
-2.910057200000001032e+01 2.332174641986173025e-01 0.000000000000000000e+00 2.974843224392359708e+00
-2.936218800000001394e+01 2.353141040898808489e-01 0.000000000000000000e+00 3.986562497708692643e+00
-2.865425800000001288e+01 2.296406197532111781e-01 0.000000000000000000e+00 3.001560487384903997e+00
-2.837896200000002267e+01 2.274343457657438394e-01 0.000000000000000000e+00 2.822434609017147267e+00
-3.092908000000001323e+01 2.478714716534153040e-01 0.000000000000000000e+00 3.581996541911037557e+00
-2.889264000000001786e+01 2.315510579930710744e-01 0.000000000000000000e+00 3.382576603774708257e+00
-2.958058600000002514e+01 2.370643867903738655e-01 0.000000000000000000e+00 2.702867062468625736e+00
-2.960796000000001627e+01 2.372837671814181093e-01 0.000000000000000000e+00 3.494324857262244510e+00
-2.884609000000000023e+01 2.311779975268214993e-01 0.000000000000000000e+00 2.558025106987771302e+00
-2.929338600000000881e+01 2.347627119051569622e-01 0.000000000000000000e+00 3.011962997110628315e+00
-2.985988000000000753e+01 2.393027015027405224e-01 0.000000000000000000e+00 3.453674948061657091e+00
-3.023616600000001142e+01 2.423183283685437506e-01 0.000000000000000000e+00 3.373165016169098251e+00
-2.953609000000000862e+01 2.367077874669315241e-01 0.000000000000000000e+00 2.903380118799883114e+00
-2.824607200000000162e+01 2.263693402800317778e-01 0.000000000000000000e+00 2.680825390313493095e+00
-2.890892400000002382e+01 2.316815610356577071e-01 0.000000000000000000e+00 3.487722110985704838e+00
-2.923155600000001897e+01 2.342671946413932837e-01 0.000000000000000000e+00 3.643333897261316068e+00
-2.867111800000000343e+01 2.297757389682694440e-01 0.000000000000000000e+00 2.619813695449477287e+00
-2.847883000000001275e+01 2.282347067247856576e-01 0.000000000000000000e+00 3.328715293586637536e+00
-2.885276800000002240e+01 2.312315162764159437e-01 0.000000000000000000e+00 2.822642742089531254e+00
-2.893369600000002961e+01 2.318800885086960417e-01 0.000000000000000000e+00 3.129812992894126289e+00
-2.952268600000001797e+01 2.366003652867037232e-01 0.000000000000000000e+00 3.511854665345518711e+00
-2.947261399999998943e+01 2.361990788491945270e-01 0.000000000000000000e+00 3.479121593800436063e+00
-2.921340600000003462e+01 2.341217371234035616e-01 0.000000000000000000e+00 3.099791373162934072e+00
-2.963221200000001687e+01 2.374781272765305040e-01 0.000000000000000000e+00 2.838582883788559386e+00
-2.967128600000000560e+01 2.377912736709070218e-01 0.000000000000000000e+00 3.239435808248346316e+00
-2.944150600000001461e+01 2.359497734789672840e-01 0.000000000000000000e+00 3.556606463317684597e+00
-2.926456400000001778e+01 2.345317269694268125e-01 0.000000000000000000e+00 4.133779081427119806e+00
-2.896501400000001070e+01 2.321310768584703144e-01 0.000000000000000000e+00 3.248066786925305038e+00
-2.863719400000001869e+01 2.295038656437358160e-01 0.000000000000000000e+00 2.439431951505153684e+00
-2.839065800000002326e+01 2.275280797123228893e-01 0.000000000000000000e+00 3.292383865133271303e+00
-2.863773600000002162e+01 2.295082093338047524e-01 0.000000000000000000e+00 3.044449834610284178e+00
-2.976382200000002243e+01 2.385328746011941281e-01 0.000000000000000000e+00 3.053890371299393891e+00
-2.892232999999999876e+01 2.317889992442620228e-01 0.000000000000000000e+00 3.218275535017616207e+00
-2.791424400000000716e+01 2.237100081985147204e-01 0.000000000000000000e+00 2.855146495005717711e+00
-2.943864000000002079e+01 2.359268048152450836e-01 0.000000000000000000e+00 3.212516749066111732e+00
-2.983078800000003028e+01 2.390695527361643424e-01 0.000000000000000000e+00 3.206176548233176327e+00
-2.989401600000003256e+01 2.395762738351980836e-01 0.000000000000000000e+00 3.518877790487740409e+00
-3.019722600000002544e+01 2.420062558754020043e-01 0.000000000000000000e+00 3.948938095916139090e+00
-2.851039800000000568e+01 2.284876986216397843e-01 0.000000000000000000e+00 3.140087387768728977e+00
-2.847207200000002913e+01 2.281805468401259807e-01 0.000000000000000000e+00 3.485788633174374151e+00
-2.918943200000000360e+01 2.339296049726435900e-01 0.000000000000000000e+00 3.941714305942621621e+00
-2.906121200000002247e+01 2.329020257463815802e-01 0.000000000000000000e+00 3.811885730246987070e+00
-2.848574400000000395e+01 2.282901168228231581e-01 0.000000000000000000e+00 2.867653663996107660e+00
-2.919850000000002055e+01 2.340022776323204268e-01 0.000000000000000000e+00 3.166653743131523591e+00
-2.912752400000001884e+01 2.334334626021910553e-01 0.000000000000000000e+00 3.696762515824905559e+00
-2.963651000000001545e+01 2.375125722579255472e-01 0.000000000000000000e+00 3.531504282379485549e+00
-2.836649600000001215e+01 2.273344408941591066e-01 0.000000000000000000e+00 3.026752621524103404e+00
-2.953211800000001119e+01 2.366759551109284820e-01 0.000000000000000000e+00 3.475109723037169474e+00
-2.882437400000002370e+01 2.310039614132862740e-01 0.000000000000000000e+00 2.973145091969618736e+00
-3.009255600000001252e+01 2.411674107840521830e-01 0.000000000000000000e+00 3.796776240745149966e+00
-2.889764399999999966e+01 2.315911609914192149e-01 0.000000000000000000e+00 3.428293754263072479e+00
-2.924145800000001216e+01 2.343465511341279450e-01 0.000000000000000000e+00 3.449538147659418907e+00
-2.908064199999999389e+01 2.330577414254195179e-01 0.000000000000000000e+00 3.135698929231541143e+00
-2.918998400000001681e+01 2.339340288045957950e-01 0.000000000000000000e+00 3.092804932035029264e+00
-2.968985000000003183e+01 2.379400490628611475e-01 0.000000000000000000e+00 3.710842259303720692e+00
-2.945219400000001997e+01 2.360354291237208024e-01 0.000000000000000000e+00 2.819543432981426179e+00
-2.858540799999999749e+01 2.290888428874479077e-01 0.000000000000000000e+00 2.852864145426238895e+00
-2.978479600000001781e+01 2.387009641869967946e-01 0.000000000000000000e+00 3.651388949784739157e+00
-2.969421200000002514e+01 2.379750069523085543e-01 0.000000000000000000e+00 3.290066397699093148e+00
-2.978448200000001478e+01 2.386984477318646047e-01 0.000000000000000000e+00 3.666096378360817809e+00
-2.892409599999998449e+01 2.318031523008332595e-01 0.000000000000000000e+00 3.571604140515784565e+00
-2.890120600000000906e+01 2.316197075302115493e-01 0.000000000000000000e+00 3.148969575566334722e+00
-2.936503400000000852e+01 2.353369124698366788e-01 0.000000000000000000e+00 3.514380159156767824e+00
-2.917650400000002975e+01 2.338259975460557638e-01 0.000000000000000000e+00 3.552728174971505393e+00
-2.998855200000002696e+01 2.403339031421230232e-01 0.000000000000000000e+00 3.502260490415187721e+00
-2.989633800000002140e+01 2.395948827804747217e-01 0.000000000000000000e+00 3.553005668296274511e+00
-2.978325600000002282e+01 2.386886223369855675e-01 0.000000000000000000e+00 3.358530471402243034e+00
-2.935716400000001158e+01 2.352738408077661714e-01 0.000000000000000000e+00 4.072848752000337136e+00
-2.868723600000002349e+01 2.299049116555952621e-01 0.000000000000000000e+00 2.633892563845918744e+00
-2.824110400000001420e+01 2.263295257924630988e-01 0.000000000000000000e+00 3.336823980305133386e+00
-2.957925000000001603e+01 2.370536798347796237e-01 0.000000000000000000e+00 3.343175722001734407e+00
-2.997824600000002349e+01 2.402513089173073935e-01 0.000000000000000000e+00 4.014349691386055241e+00
-2.915377400000001273e+01 2.336438350455647683e-01 0.000000000000000000e+00 3.755647392002415597e+00
-2.990071200000000928e+01 2.396299368401819396e-01 0.000000000000000000e+00 3.476098126129469446e+00
-2.917773400000001871e+01 2.338358549976880529e-01 0.000000000000000000e+00 4.641438863203147136e+00
-2.944416800000001189e+01 2.359711072482724437e-01 0.000000000000000000e+00 3.429508034362003244e+00
-3.067684400000002398e+01 2.458500048485841305e-01 0.000000000000000000e+00 4.340667462809252086e+00
-2.901185200000001529e+01 2.325064454109556644e-01 0.000000000000000000e+00 3.066914949517139277e+00
-2.941425400000002099e+01 2.357313708188979451e-01 0.000000000000000000e+00 2.886740572341761180e+00
-2.934632800000001396e+01 2.351869990631414997e-01 0.000000000000000000e+00 3.405138062081234374e+00
-2.963549000000002209e+01 2.375043977858402322e-01 0.000000000000000000e+00 3.463512957382951285e+00
-2.909215600000003477e+01 2.331500167897248010e-01 0.000000000000000000e+00 3.204582118404831537e+00
-2.879920000000002744e+01 2.308022122365437911e-01 0.000000000000000000e+00 3.397211940709765177e+00
-2.999381000000001762e+01 2.403760417443042696e-01 0.000000000000000000e+00 3.978653080687564181e+00
-2.888289400000002161e+01 2.314729517137141257e-01 0.000000000000000000e+00 3.309609798289419480e+00
-2.912272400000000872e+01 2.333949944982597891e-01 0.000000000000000000e+00 3.151359536566894715e+00
-2.952714800000001105e+01 2.366361245949830383e-01 0.000000000000000000e+00 2.910780842042217209e+00
-2.942430600000001562e+01 2.358119294398804966e-01 0.000000000000000000e+00 3.722884122268973250e+00
-2.874522600000001660e+01 2.303696544362140164e-01 0.000000000000000000e+00 3.413588905400700035e+00
-2.940474200000001659e+01 2.356551398596075930e-01 0.000000000000000000e+00 3.020325811483110634e+00
-2.981826200000002203e+01 2.389691670132804979e-01 0.000000000000000000e+00 3.221986404888898647e+00
-2.905866800000001149e+01 2.328816376512979625e-01 0.000000000000000000e+00 2.918147978845556434e+00
-2.937823800000003160e+01 2.354427318124009127e-01 0.000000000000000000e+00 3.197135120311825673e+00
-3.009093199999999158e+01 2.411543957422219719e-01 0.000000000000000000e+00 3.523092559155918124e+00
-2.904329600000002287e+01 2.327584435484583714e-01 0.000000000000000000e+00 3.084663112817961572e+00
-2.991202200000002520e+01 2.397205773100699600e-01 0.000000000000000000e+00 2.903887161858056842e+00
-2.807808000000002480e+01 2.250230207559465179e-01 0.000000000000000000e+00 2.786292217049008091e+00
-2.912373200000002171e+01 2.334030728000854316e-01 0.000000000000000000e+00 3.079175442128963436e+00
-3.008500400000004049e+01 2.411068876338673117e-01 0.000000000000000000e+00 3.269286216908003695e+00
-2.976273000000002256e+01 2.385241231075497792e-01 0.000000000000000000e+00 3.278045770306177609e+00
-3.037848000000001747e+01 2.434588595649739562e-01 0.000000000000000000e+00 4.458753440099145315e+00
-2.885665000000002678e+01 2.312626273554703460e-01 0.000000000000000000e+00 3.568766886757973378e+00
-2.972435200000003519e+01 2.382165545882433122e-01 0.000000000000000000e+00 3.455344716872718269e+00
-2.941283400000001436e+01 2.357199906714849136e-01 0.000000000000000000e+00 3.734314048465888991e+00
-2.883457400000002124e+01 2.310857061341400620e-01 0.000000000000000000e+00 3.591182321462367266e+00
-2.927777800000002983e+01 2.346376264538741763e-01 0.000000000000000000e+00 3.076708503723556642e+00
-2.855258400000001018e+01 2.288257851700651602e-01 0.000000000000000000e+00 3.368032698823969717e+00
-2.927517200000000841e+01 2.346167414791146821e-01 0.000000000000000000e+00 3.170913994038929484e+00
-3.021826200000000640e+01 2.421748423408803530e-01 0.000000000000000000e+00 3.290821274632172333e+00
-2.880877200000000826e+01 2.308789240471331161e-01 0.000000000000000000e+00 3.101974961314520662e+00
-2.905719800000002095e+01 2.328698567944690878e-01 0.000000000000000000e+00 3.383300980946378544e+00
-2.894644000000000972e+01 2.319822213246331977e-01 0.000000000000000000e+00 3.081563834067751806e+00
-2.937928000000001560e+01 2.354510825966291965e-01 0.000000000000000000e+00 3.227796846335301506e+00
-2.959380400000000577e+01 2.371703183315742591e-01 0.000000000000000000e+00 3.939054061238252746e+00
-2.954191800000000967e+01 2.367544941564546646e-01 0.000000000000000000e+00 3.856209471875958084e+00
-2.919209600000001004e+01 2.339509547703254588e-01 0.000000000000000000e+00 3.284142901328666486e+00
-2.986713400000002849e+01 2.393608364248067111e-01 0.000000000000000000e+00 3.402441833202630050e+00
-2.881780200000003944e+01 2.309512921676539210e-01 0.000000000000000000e+00 3.574682010692939560e+00
-2.974281399999999920e+01 2.383645125329884040e-01 0.000000000000000000e+00 4.137383784812852738e+00
-2.990456600000002041e+01 2.396608235219634397e-01 0.000000000000000000e+00 3.235029155543449164e+00
-2.908842600000002676e+01 2.331201238672948595e-01 0.000000000000000000e+00 3.320739803256698153e+00
-2.970083800000000451e+01 2.380281089641100856e-01 0.000000000000000000e+00 3.066398226814336159e+00
-2.974705600000002548e+01 2.383985087198378094e-01 0.000000000000000000e+00 3.291884779404152805e+00
-2.895335000000002168e+01 2.320375993659175851e-01 0.000000000000000000e+00 3.223153182440255726e+00
-2.899150000000000560e+01 2.323433406502873055e-01 0.000000000000000000e+00 3.223070395342511496e+00
-2.952918600000000993e+01 2.366524575107771533e-01 0.000000000000000000e+00 3.626521752369352480e+00
-2.886260000000002535e+01 2.313103117759683636e-01 0.000000000000000000e+00 3.148017117058439229e+00
-2.956569800000001180e+01 2.369450715546805031e-01 0.000000000000000000e+00 3.430529320820047801e+00
-2.932673200000001046e+01 2.350299530288423588e-01 0.000000000000000000e+00 2.904181166082843824e+00
-2.998297400000000579e+01 2.402891999996794870e-01 0.000000000000000000e+00 3.396974461880852836e+00
-2.885568200000003714e+01 2.312548696211776389e-01 0.000000000000000000e+00 3.099842160477650488e+00
-2.847174600000000666e+01 2.281779342147338130e-01 0.000000000000000000e+00 3.064064164327364281e+00
-2.993576199999999687e+01 2.399108341407627798e-01 0.000000000000000000e+00 3.341198747766551236e+00
-2.891410400000002667e+01 2.317230745311501527e-01 0.000000000000000000e+00 3.108479632008242621e+00
-2.983244000000003737e+01 2.390827921752674001e-01 0.000000000000000000e+00 3.550307411529828983e+00
-2.853381800000001789e+01 2.286753909120708694e-01 0.000000000000000000e+00 2.862249603088416805e+00
-2.946502200000001537e+01 2.361382351314768868e-01 0.000000000000000000e+00 3.337116415896887123e+00
-2.887549800000001810e+01 2.314136787769067727e-01 0.000000000000000000e+00 4.009111015945777012e+00
-2.979084000000001708e+01 2.387494019411968427e-01 0.000000000000000000e+00 3.547511437955378710e+00
-2.968377400000000677e+01 2.378913548546346957e-01 0.000000000000000000e+00 3.427455128680046315e+00
-2.896293600000000978e+01 2.321144233751434305e-01 0.000000000000000000e+00 3.400980284752730842e+00
-2.928409800000001084e+01 2.346882761240501047e-01 0.000000000000000000e+00 3.189339707414199143e+00
-2.979157400000000067e+01 2.387552843554228421e-01 0.000000000000000000e+00 3.554757605017293542e+00
-2.955429600000001855e+01 2.368536937794673281e-01 0.000000000000000000e+00 3.770712573118607303e+00
-2.882694200000001317e+01 2.310245418488893754e-01 0.000000000000000000e+00 2.996726606916623847e+00
-2.973448800000000602e+01 2.382977864010444591e-01 0.000000000000000000e+00 3.744365823967114260e+00
-2.982630800000002580e+01 2.390336491724951995e-01 0.000000000000000000e+00 3.373881376600205595e+00
-3.043110000000003623e+01 2.438805661543198833e-01 0.000000000000000000e+00 3.311634392546826788e+00
-2.897441600000000506e+01 2.322064262570455173e-01 0.000000000000000000e+00 3.562216702575104588e+00
-2.974371400000001842e+01 2.383717253024756622e-01 0.000000000000000000e+00 3.517911221424188106e+00
-2.940226200000002166e+01 2.356352646725765054e-01 0.000000000000000000e+00 3.345125625965475358e+00
-2.939948800000002649e+01 2.356130333141796263e-01 0.000000000000000000e+00 3.616386116510919013e+00
-2.907051000000003071e+01 2.329765416693717062e-01 0.000000000000000000e+00 3.206581656452077933e+00
-2.965807800000002459e+01 2.376854222715898135e-01 0.000000000000000000e+00 2.886456976202955271e+00
-2.919244400000000539e+01 2.339537437078604287e-01 0.000000000000000000e+00 3.810413724887642850e+00
-2.889968400000000770e+01 2.316075099355900391e-01 0.000000000000000000e+00 3.860515596347254608e+00
-2.900382600000000721e+01 2.324421235355073057e-01 0.000000000000000000e+00 3.035245280043153748e+00
-2.934540200000001775e+01 2.351795779247581319e-01 0.000000000000000000e+00 3.483041553039236682e+00
-3.007340000000002789e+01 2.410138909926135553e-01 0.000000000000000000e+00 3.819588887656244935e+00
-2.853847800000002621e+01 2.287127370296374862e-01 0.000000000000000000e+00 2.879135066373267549e+00
-2.960180800000000545e+01 2.372344638948795381e-01 0.000000000000000000e+00 3.466533552971144516e+00
-2.919528000000001100e+01 2.339764719459331566e-01 0.000000000000000000e+00 3.234162915569412711e+00
-3.015803800000001900e+01 2.416921958635570022e-01 0.000000000000000000e+00 3.955138656900550220e+00
-2.940754600000001417e+01 2.356776116436540280e-01 0.000000000000000000e+00 2.919444374680313370e+00
-2.947382800000002234e+01 2.362088080738140583e-01 0.000000000000000000e+00 4.225764574751921465e+00
-2.894429000000000940e+01 2.319649908197473631e-01 0.000000000000000000e+00 3.414289187704042217e+00
-2.964567200000001534e+01 2.375859982513042201e-01 0.000000000000000000e+00 3.611898261039057978e+00
-2.918954199999999943e+01 2.339304865333586558e-01 0.000000000000000000e+00 3.689754807029317352e+00
-2.859437000000002627e+01 2.291606660431630138e-01 0.000000000000000000e+00 2.736512522640021317e+00
-2.930882800000003385e+01 2.348864670011791556e-01 0.000000000000000000e+00 2.829838354596861727e+00
-2.866039200000000875e+01 2.296897787843598937e-01 0.000000000000000000e+00 3.153631297142896805e+00
-2.962242400000001297e+01 2.373996844012641050e-01 0.000000000000000000e+00 3.056381631967163948e+00
-2.765004400000002605e+01 2.215926596446350649e-01 0.000000000000000000e+00 3.360987245063388862e+00
-3.017541000000000651e+01 2.418314183430345654e-01 0.000000000000000000e+00 2.914165632637315539e+00
-2.840007000000001369e+01 2.276035092527812220e-01 0.000000000000000000e+00 3.220994323217913013e+00
-2.988571200000001227e+01 2.395097240153969687e-01 0.000000000000000000e+00 3.423871713567208541e+00
-2.813029200000002561e+01 2.254414575564581691e-01 0.000000000000000000e+00 2.573133923490610098e+00
-2.974850400000001827e+01 2.384101132645236598e-01 0.000000000000000000e+00 3.201469443168151408e+00
-2.949003600000000702e+01 2.363387020380882941e-01 0.000000000000000000e+00 3.066412633863086601e+00
-2.898559600000002234e+01 2.322960248824520735e-01 0.000000000000000000e+00 3.170408719211535331e+00
-2.882094400000002210e+01 2.309764727473520851e-01 0.000000000000000000e+00 3.270167964744380207e+00
-3.038567400000002294e+01 2.435165136357408944e-01 0.000000000000000000e+00 2.984301399550248757e+00
-2.895780000000003085e+01 2.320732625039372277e-01 0.000000000000000000e+00 3.720477984334699784e+00
-2.787510400000002164e+01 2.233963328677091575e-01 0.000000000000000000e+00 3.221264854652939658e+00
-2.955233400000002675e+01 2.368379699419854989e-01 0.000000000000000000e+00 3.566552271975178989e+00
-2.882162800000001468e+01 2.309819544521622137e-01 0.000000000000000000e+00 3.163875460333577916e+00
-3.015164000000002176e+01 2.416409210866920509e-01 0.000000000000000000e+00 3.578580421724161020e+00
-2.861845000000001349e+01 2.293536476978844385e-01 0.000000000000000000e+00 2.822901512306410510e+00
-2.812001600000001034e+01 2.253591037572919842e-01 0.000000000000000000e+00 3.120157790905045303e+00
-2.847482200000002095e+01 2.282025858580031819e-01 0.000000000000000000e+00 2.930264263587945894e+00
-3.047155000000001124e+01 2.442047400718232453e-01 0.000000000000000000e+00 3.528438146866489600e+00
-2.998456600000002581e+01 2.403019585874834885e-01 0.000000000000000000e+00 3.099586596228469659e+00
-3.057891400000002236e+01 2.450651753865044358e-01 0.000000000000000000e+00 3.833379995421399844e+00
-2.879754600000001474e+01 2.307889567690640797e-01 0.000000000000000000e+00 3.209478198170116148e+00
-3.087580000000001235e+01 2.474444756997789818e-01 0.000000000000000000e+00 3.611219765109732638e+00
-2.848295800000002131e+01 2.282677892941665510e-01 0.000000000000000000e+00 2.807766654567471321e+00
-3.005521200000001869e+01 2.408681289354674959e-01 0.000000000000000000e+00 2.854089764972575161e+00
-2.848830200000001867e+01 2.283106171165432685e-01 0.000000000000000000e+00 3.189499688639950481e+00
-2.886549000000002607e+01 2.313334727802102975e-01 0.000000000000000000e+00 3.557859607654267453e+00
-2.982265000000002786e+01 2.390043332716242919e-01 0.000000000000000000e+00 3.755128553435725269e+00
-3.009629400000001453e+01 2.411973678199886284e-01 0.000000000000000000e+00 2.977595082939155091e+00
-2.833995200000002157e+01 2.271217122794196575e-01 0.000000000000000000e+00 3.084857685320804066e+00
-2.832372400000001278e+01 2.269916580313788568e-01 0.000000000000000000e+00 3.047777534403743882e+00
-3.081140400000001378e+01 2.469283940287886892e-01 0.000000000000000000e+00 3.842865907866475084e+00
-2.912521600000001243e+01 2.334149658555507711e-01 0.000000000000000000e+00 2.988394338531930483e+00
-2.875025200000001746e+01 2.304099337467052921e-01 0.000000000000000000e+00 3.358845469168466380e+00
-2.840388200000001717e+01 2.276340593386532996e-01 0.000000000000000000e+00 3.297799165601572380e+00
-2.871966400000000874e+01 2.301647957544036560e-01 0.000000000000000000e+00 2.941373668969838651e+00
-2.994685000000001196e+01 2.399996954608439592e-01 0.000000000000000000e+00 3.439263115153088357e+00
-2.892722000000001259e+01 2.318281886251420398e-01 0.000000000000000000e+00 3.509850493693543072e+00
-2.957436200000001492e+01 2.370145064822763437e-01 0.000000000000000000e+00 4.222641430271155905e+00
-2.880767400000000933e+01 2.308701244683588616e-01 0.000000000000000000e+00 3.349692680570363290e+00
-2.901443800000001261e+01 2.325271701019485937e-01 0.000000000000000000e+00 2.857803146049727072e+00
-2.998648400000002212e+01 2.403173298006792968e-01 0.000000000000000000e+00 3.237390921893053441e+00
-2.983886000000001104e+01 2.391342432642751537e-01 0.000000000000000000e+00 3.636497597269864102e+00
-3.001420800000003553e+01 2.405395151576353585e-01 0.000000000000000000e+00 3.521330338302628427e+00
-2.918637000000001080e+01 2.339050655280108804e-01 0.000000000000000000e+00 3.298443135462363784e+00
-2.957984200000001707e+01 2.370584242342644865e-01 0.000000000000000000e+00 3.352520015507707729e+00
-3.013273800000000335e+01 2.414894368990861684e-01 0.000000000000000000e+00 4.082208068051485839e+00
-2.981896800000001235e+01 2.389748250302336230e-01 0.000000000000000000e+00 2.976819066202219144e+00
-2.906338400000001698e+01 2.329194325634103835e-01 0.000000000000000000e+00 3.128593025520796989e+00
-2.959940200000002974e+01 2.372151817577842214e-01 0.000000000000000000e+00 3.433653003828870620e+00
-2.932141600000002413e+01 2.349873496037386544e-01 0.000000000000000000e+00 3.155018706397984651e+00
-2.876956200000000763e+01 2.305646877231451175e-01 0.000000000000000000e+00 3.176145585510777192e+00
-2.870865800000001400e+01 2.300765915977648068e-01 0.000000000000000000e+00 3.089884946803166166e+00
-2.979070800000001995e+01 2.387483440683387526e-01 0.000000000000000000e+00 3.408400333924844983e+00
-2.883052400000002180e+01 2.310532486714481082e-01 0.000000000000000000e+00 2.722143003283859386e+00
-3.033096400000001580e+01 2.430780573928083554e-01 0.000000000000000000e+00 3.297137140296598989e+00
-3.003788400000000181e+01 2.407292590802757315e-01 0.000000000000000000e+00 2.769139487486239393e+00
-2.895126999999999740e+01 2.320209298542138809e-01 0.000000000000000000e+00 3.138324403003113439e+00
-2.912015000000000953e+01 2.333743659775266988e-01 0.000000000000000000e+00 3.203429473331051547e+00
-2.934056400000001119e+01 2.351408052816707506e-01 0.000000000000000000e+00 3.078164418115694634e+00
-2.900643799999998862e+01 2.324630565953964001e-01 0.000000000000000000e+00 3.236478134969765996e+00
-2.914203399999998823e+01 2.335497484746995034e-01 0.000000000000000000e+00 3.584637758243114369e+00
-2.963584000000001595e+01 2.375072027517518281e-01 0.000000000000000000e+00 2.844503209612348815e+00
-2.973382000000001568e+01 2.382924329232474492e-01 0.000000000000000000e+00 3.447899009043863483e+00
-2.911985800000001134e+01 2.333720258345375609e-01 0.000000000000000000e+00 2.975058288103296533e+00
-2.946316400000001323e+01 2.361233447695801624e-01 0.000000000000000000e+00 3.371810620978203943e+00
-2.967833000000001675e+01 2.378477256134261530e-01 0.000000000000000000e+00 3.853828551419661963e+00
-2.918164800000000625e+01 2.338672225307685260e-01 0.000000000000000000e+00 3.305252388855707490e+00
-2.933000000000001606e+01 2.350561433962688740e-01 0.000000000000000000e+00 3.909310718391323380e+00
-2.990347000000001287e+01 2.396520399715657557e-01 0.000000000000000000e+00 2.840985426046761742e+00
-2.891462200000000493e+01 2.317272258806992169e-01 0.000000000000000000e+00 2.960004650268665216e+00
-2.890210400000000490e+01 2.316269042713219872e-01 0.000000000000000000e+00 3.220650812701926213e+00
-2.978586200000001583e+01 2.387095073117448396e-01 0.000000000000000000e+00 3.311572344138144164e+00
-2.829030400000002032e+01 2.267238238577579390e-01 0.000000000000000000e+00 3.182073792512350785e+00
-2.932693600000002476e+01 2.350315879232595384e-01 0.000000000000000000e+00 3.412089793764389256e+00
-2.842085800000001683e+01 2.277701081995566201e-01 0.000000000000000000e+00 3.021611941378109734e+00
-2.946937000000000495e+01 2.361730808222878286e-01 0.000000000000000000e+00 3.274913458198073890e+00
-2.959411000000001479e+01 2.371727706731999452e-01 0.000000000000000000e+00 4.779979786726629598e+00
-2.911084800000001493e+01 2.332998179977834041e-01 0.000000000000000000e+00 3.189515398753366870e+00
-2.906984999999998820e+01 2.329712523050808115e-01 0.000000000000000000e+00 3.348632723526231203e+00
-2.911581200000002312e+01 2.333396004285989700e-01 0.000000000000000000e+00 3.604464051147709736e+00
-2.954551400000002559e+01 2.367833131776499178e-01 0.000000000000000000e+00 3.490918138759371292e+00
-2.940929000000000926e+01 2.356915883880823237e-01 0.000000000000000000e+00 3.624359089660967648e+00
-2.790454400000002266e+01 2.236322705718205295e-01 0.000000000000000000e+00 3.107290510465393396e+00
-2.818116000000001975e+01 2.258491232878689914e-01 0.000000000000000000e+00 3.143947418469496213e+00
-2.934095200000001213e+01 2.351439147867385449e-01 0.000000000000000000e+00 3.341191135408043689e+00
-2.845808000000002380e+01 2.280684123171665134e-01 0.000000000000000000e+00 3.653131901602383991e+00
-2.880164400000001734e+01 2.308217989127953618e-01 0.000000000000000000e+00 3.116111862475187344e+00
-2.903226000000000795e+01 2.326699989661697721e-01 0.000000000000000000e+00 3.915062299386920408e+00
-2.817308400000001356e+01 2.257844007030047062e-01 0.000000000000000000e+00 2.784992642418875786e+00
-2.900338800000000461e+01 2.324386133210235850e-01 0.000000000000000000e+00 3.444002366911045776e+00
-2.906929800000000341e+01 2.329668284731288563e-01 0.000000000000000000e+00 2.963936999357033919e+00
-2.994805600000000467e+01 2.400093605719566259e-01 0.000000000000000000e+00 3.610229598628336589e+00
-2.854057600000002637e+01 2.287295507967307406e-01 0.000000000000000000e+00 3.915319504310257770e+00
-2.897630000000001971e+01 2.322215249878386290e-01 0.000000000000000000e+00 3.956911392804373762e+00
-3.019018400000000568e+01 2.419498199612594713e-01 0.000000000000000000e+00 4.018423687148778178e+00
-3.056967400000002399e+01 2.449911242864369065e-01 0.000000000000000000e+00 3.642375530942420614e+00
-3.035136600000001295e+01 2.432415628628925575e-01 0.000000000000000000e+00 4.400281537646141494e+00
-2.896051000000000997e+01 2.320949809542815490e-01 0.000000000000000000e+00 3.198030449994325064e+00
-3.013802800000002691e+01 2.415318319552938742e-01 0.000000000000000000e+00 3.424621577150215312e+00
-2.989720200000003203e+01 2.396018070391824351e-01 0.000000000000000000e+00 3.808071703286283860e+00
-2.953254800000000557e+01 2.366794012119055879e-01 0.000000000000000000e+00 3.631426931730970420e+00
-2.936826800000000759e+01 2.353628303548603029e-01 0.000000000000000000e+00 2.882931653186640020e+00
-2.932387600000001981e+01 2.350070645070033437e-01 0.000000000000000000e+00 3.065723607469854173e+00
-2.943661600000002565e+01 2.359105840980874613e-01 0.000000000000000000e+00 3.455359837851094795e+00
-2.958091200000000143e+01 2.370669994157656724e-01 0.000000000000000000e+00 3.181398164624281488e+00
-2.846716800000000092e+01 2.281412452606093877e-01 0.000000000000000000e+00 3.530290864626404179e+00
-2.828121600000000058e+01 2.266509909143147039e-01 0.000000000000000000e+00 2.958218998617549111e+00
-2.998749200000000670e+01 2.403254081025047173e-01 0.000000000000000000e+00 2.722091984570067069e+00
-2.981561200000001222e+01 2.389479294142350663e-01 0.000000000000000000e+00 3.450704323751247582e+00
-3.057549600000002954e+01 2.450377828908301692e-01 0.000000000000000000e+00 3.484631359831802389e+00
-2.896644400000000985e+01 2.321425371477664756e-01 0.000000000000000000e+00 3.953878362969143634e+00
-3.010558400000000745e+01 2.412718196294720840e-01 0.000000000000000000e+00 4.056385829095758844e+00
-2.881912800000002051e+01 2.309619189813647833e-01 0.000000000000000000e+00 2.677893341773557534e+00
-2.989679400000001763e+01 2.395985372503481592e-01 0.000000000000000000e+00 3.367130919620236806e+00
-2.866951000000000604e+01 2.297628521534525181e-01 0.000000000000000000e+00 3.628307371895260314e+00
-2.918522000000002237e+01 2.338958492114441290e-01 0.000000000000000000e+00 2.912477226962600252e+00
-2.988927000000002820e+01 2.395382384974360790e-01 0.000000000000000000e+00 2.693790449413898447e+00
-2.978584200000003435e+01 2.387093470279786078e-01 0.000000000000000000e+00 3.067013517709718418e+00
-2.928100200000002218e+01 2.346634641970145596e-01 0.000000000000000000e+00 3.917707509358610451e+00
-2.995393800000001860e+01 2.400565000276491112e-01 0.000000000000000000e+00 3.480267401974808550e+00
-2.872060200000001373e+01 2.301723130630469183e-01 0.000000000000000000e+00 2.938641457915166288e+00
-2.853148400000002027e+01 2.286566857965343369e-01 0.000000000000000000e+00 2.819211050993601031e+00
-2.928754400000001823e+01 2.347158930169974400e-01 0.000000000000000000e+00 3.711849686805539061e+00
-2.820565800000002099e+01 2.260454548733078772e-01 0.000000000000000000e+00 3.026532874134722384e+00
-2.994114200000001347e+01 2.399539504739191254e-01 0.000000000000000000e+00 3.216629694030882725e+00
-2.967672000000002797e+01 2.378348227702326290e-01 0.000000000000000000e+00 3.399582892477881924e+00
-2.986975400000000747e+01 2.393818335982023093e-01 0.000000000000000000e+00 3.315414694217045266e+00
-2.964126399999999961e+01 2.375506717091939446e-01 0.000000000000000000e+00 3.461188174733227818e+00
-2.961517200000002603e+01 2.373415655075748198e-01 0.000000000000000000e+00 3.485757374626586635e+00
-3.002526000000001716e+01 2.406280879669367989e-01 0.000000000000000000e+00 3.808006901042044756e+00
-2.998307200000002126e+01 2.402899853901348526e-01 0.000000000000000000e+00 3.673648370367946114e+00
-2.949788800000001032e+01 2.364016294447691124e-01 0.000000000000000000e+00 3.767766476048689750e+00
-3.054422400000000692e+01 2.447871631937182102e-01 0.000000000000000000e+00 3.720925643040229325e+00
-2.908351200000000958e+01 2.330807421458951645e-01 0.000000000000000000e+00 2.817148004175553222e+00
-2.828381600000001583e+01 2.266718278039442369e-01 0.000000000000000000e+00 3.735393103992881159e+00
-2.924313400000001195e+01 2.343599829137505974e-01 0.000000000000000000e+00 3.140816468649737736e+00
-3.044382400000002775e+01 2.439825386864907797e-01 0.000000000000000000e+00 3.165296242766020285e+00
-2.875963200000001763e+01 2.304851068331375263e-01 0.000000000000000000e+00 3.108617545764409407e+00
-3.033947600000002609e+01 2.431462741637797631e-01 0.000000000000000000e+00 3.343971194027976601e+00
-3.037187200000001042e+01 2.434059018085619475e-01 0.000000000000000000e+00 3.474095307220647744e+00
-2.888329800000003189e+01 2.314761894457950941e-01 0.000000000000000000e+00 3.154525282506982276e+00
-2.987019200000001717e+01 2.393853438126861133e-01 0.000000000000000000e+00 3.453811730689220205e+00
-2.968710000000002580e+01 2.379180100449838353e-01 0.000000000000000000e+00 2.810186823222637464e+00
-2.906453400000001253e+01 2.329286488799772181e-01 0.000000000000000000e+00 2.867283267168742267e+00
-2.833362000000000691e+01 2.270709664389836402e-01 0.000000000000000000e+00 2.578100345666016313e+00
-2.922839400000002286e+01 2.342418537779286380e-01 0.000000000000000000e+00 3.172214883171399880e+00
-2.917009600000002578e+01 2.337746426273075995e-01 0.000000000000000000e+00 2.865534214510322197e+00
-2.881822799999999773e+01 2.309547062118774974e-01 0.000000000000000000e+00 4.302223666569170213e+00
-3.004750600000002692e+01 2.408063716002813437e-01 0.000000000000000000e+00 3.340394855926315021e+00
-3.054420800000001179e+01 2.447870349667051471e-01 0.000000000000000000e+00 3.445276558944452283e+00
-2.974246800000000235e+01 2.383617396238300601e-01 0.000000000000000000e+00 3.119723085059073586e+00
-2.917874400000001600e+01 2.338439493278902104e-01 0.000000000000000000e+00 3.548619280629090600e+00
-2.982883800000001528e+01 2.390539250689421857e-01 0.000000000000000000e+00 3.318497017675199334e+00
-2.929450000000002774e+01 2.347716397109444741e-01 0.000000000000000000e+00 3.281465985891923953e+00
-2.971865600000003127e+01 2.381709057715782618e-01 0.000000000000000000e+00 3.264083192465745409e+00
-2.925788200000000572e+01 2.344781761630791717e-01 0.000000000000000000e+00 3.637295490016300814e+00
-2.848160400000001502e+01 2.282569380831825923e-01 0.000000000000000000e+00 2.997108141475881116e+00
-2.840134000000001535e+01 2.276136872719463633e-01 0.000000000000000000e+00 3.495282406301095435e+00
-2.850915800000002065e+01 2.284777610281243654e-01 0.000000000000000000e+00 3.576492020508872383e+00
-2.960764000000000706e+01 2.372812026411559583e-01 0.000000000000000000e+00 3.799987516991724323e+00
-2.947096200000003208e+01 2.361858394100918856e-01 0.000000000000000000e+00 3.288692672337575562e+00
-2.883745400000000458e+01 2.311087869964986441e-01 0.000000000000000000e+00 3.100520332330681139e+00
-2.914104200000001654e+01 2.335417983998872848e-01 0.000000000000000000e+00 3.110002226287162941e+00
-2.975264600000002346e+01 2.384433080325409904e-01 0.000000000000000000e+00 3.672146498129017722e+00
-3.001992400000000671e+01 2.405853242580665297e-01 0.000000000000000000e+00 3.878597835809151295e+00
-3.020980600000002170e+01 2.421070743644549994e-01 0.000000000000000000e+00 2.860368954439128419e+00
-2.916194400000002673e+01 2.337093109641311117e-01 0.000000000000000000e+00 3.575587870809893598e+00
-3.027568000000002613e+01 2.426350010057808371e-01 0.000000000000000000e+00 4.416442506146888825e+00
-2.912905000000001365e+01 2.334456922535658174e-01 0.000000000000000000e+00 3.066418371815903932e+00
-2.959508800000000761e+01 2.371806085493758653e-01 0.000000000000000000e+00 3.150876492047470556e+00
-2.853985800000000950e+01 2.287237966095175545e-01 0.000000000000000000e+00 2.870530640036768055e+00
-3.005908000000001579e+01 2.408991278158853777e-01 0.000000000000000000e+00 3.604698567540465248e+00
-2.996808200000002032e+01 2.401698527072330391e-01 0.000000000000000000e+00 3.556834283641689076e+00
-2.906999800000000533e+01 2.329724384049521591e-01 0.000000000000000000e+00 3.787544389471650952e+00
-2.968594400000001698e+01 2.379087456432870118e-01 0.000000000000000000e+00 3.057297312105923481e+00
-2.931006600000001683e+01 2.348963885663179485e-01 0.000000000000000000e+00 3.394879179838512062e+00
-2.919964600000001198e+01 2.340114618921339262e-01 0.000000000000000000e+00 3.374197987503508411e+00
-2.945167200000001984e+01 2.360312457174182643e-01 0.000000000000000000e+00 2.905193100905947290e+00
-2.907571800000003037e+01 2.330182795621370540e-01 0.000000000000000000e+00 3.382325460998271804e+00
-2.892473199999999522e+01 2.318082493246042264e-01 0.000000000000000000e+00 3.324336487085760350e+00
-3.014027200000002082e+01 2.415498157938816559e-01 0.000000000000000000e+00 3.216751247500960975e+00
-2.892670400000001862e+01 2.318240533039694906e-01 0.000000000000000000e+00 3.324084983413260197e+00
-3.016194800000000953e+01 2.417235313398841956e-01 0.000000000000000000e+00 4.117133832809990679e+00
-2.852779000000000664e+01 2.286270813848838568e-01 0.000000000000000000e+00 2.987561968673899671e+00
-2.982103200000001308e+01 2.389913663149240419e-01 0.000000000000000000e+00 2.808582293393525386e+00
-2.929433800000001753e+01 2.347703414124367172e-01 0.000000000000000000e+00 3.156729106635985715e+00
-2.888839000000001533e+01 2.315169976927153039e-01 0.000000000000000000e+00 3.343164044582601413e+00
-2.912331800000002247e+01 2.333997549261213889e-01 0.000000000000000000e+00 2.725696926777154250e+00
-2.915800600000002163e+01 2.336777510905308497e-01 0.000000000000000000e+00 3.292916899625986993e+00
-2.867140400000003098e+01 2.297780310261288983e-01 0.000000000000000000e+00 3.514138320461699383e+00
-2.890627600000000186e+01 2.316603394649888181e-01 0.000000000000000000e+00 3.974892864196772457e+00
-3.019762000000000768e+01 2.420094134655995655e-01 0.000000000000000000e+00 3.264096328792452706e+00
-2.961456800000002332e+01 2.373367249378301180e-01 0.000000000000000000e+00 3.060627803588173546e+00
-2.882389600000002972e+01 2.310001306312698399e-01 0.000000000000000000e+00 2.680530460087813704e+00
-2.890175200000003386e+01 2.316240832770339320e-01 0.000000000000000000e+00 3.478410776053578513e+00
-2.982215000000000060e+01 2.390003261774645837e-01 0.000000000000000000e+00 4.066436890813590388e+00
-3.019427000000002081e+01 2.419825659347310254e-01 0.000000000000000000e+00 3.362791444633611349e+00
-2.892118600000000939e+01 2.317798310128251771e-01 0.000000000000000000e+00 3.036957981736383427e+00
-2.922786400000001095e+01 2.342376062581194573e-01 0.000000000000000000e+00 3.124130679942433986e+00
-2.924389000000002170e+01 2.343660416401198432e-01 0.000000000000000000e+00 2.947502977628913889e+00
-2.948025400000001639e+01 2.362603072479519117e-01 0.000000000000000000e+00 3.206059572829128346e+00
-3.014463600000001620e+01 2.415847897117057441e-01 0.000000000000000000e+00 3.802373845761792825e+00
-2.927040400000002052e+01 2.345785298292097920e-01 0.000000000000000000e+00 3.960600718591189562e+00
-2.831270800000001131e+01 2.269033737328567391e-01 0.000000000000000000e+00 3.075875698572142269e+00
-2.912068200000000218e+01 2.333786295257123389e-01 0.000000000000000000e+00 3.794165152243772710e+00
-2.894493600000000200e+01 2.319701679854013765e-01 0.000000000000000000e+00 3.175405703802494095e+00
-2.914426000000000272e+01 2.335675880578977348e-01 0.000000000000000000e+00 2.723852840920356844e+00
-2.969367799999999491e+01 2.379707273757459829e-01 0.000000000000000000e+00 3.684062890906936616e+00
-2.952358200000001887e+01 2.366075459994375629e-01 0.000000000000000000e+00 2.762546985692293067e+00
-2.935181200000003088e+01 2.352309488718830333e-01 0.000000000000000000e+00 2.779438298943209151e+00
-3.040060800000001606e+01 2.436361975240967925e-01 0.000000000000000000e+00 3.467781722467956573e+00
-3.002933399999999509e+01 2.406607377701482364e-01 0.000000000000000000e+00 3.890040891899531506e+00
-2.963994000000001350e+01 2.375400609238597083e-01 0.000000000000000000e+00 3.138155668348509231e+00
-2.971379200000001575e+01 2.381319247595945210e-01 0.000000000000000000e+00 4.287611156463032813e+00
-2.915034599999999543e+01 2.336163624080070944e-01 0.000000000000000000e+00 3.187291401529936063e+00
-2.916014200000001466e+01 2.336948693967801638e-01 0.000000000000000000e+00 2.601780915985017817e+00
-2.922156400000001852e+01 2.341871168717098162e-01 0.000000000000000000e+00 3.327272301812413957e+00
-2.901856400000001557e+01 2.325602366429528056e-01 0.000000000000000000e+00 3.394606538528166073e+00
-2.937813000000002717e+01 2.354418662800624451e-01 0.000000000000000000e+00 3.188768159406456970e+00
-2.923997200000000163e+01 2.343346420502858407e-01 0.000000000000000000e+00 2.896996350526810371e+00
-2.945315200000001354e+01 2.360431067161303520e-01 0.000000000000000000e+00 3.431420678144840863e+00
-2.962470200000001341e+01 2.374179407222547777e-01 0.000000000000000000e+00 3.819439906318170763e+00
-2.886959799999999987e+01 2.313663950658245427e-01 0.000000000000000000e+00 3.418592283795223619e+00
-2.911952600000000402e+01 2.333693651240155986e-01 0.000000000000000000e+00 3.379365079169025066e+00
-2.981103800000001414e+01 2.389112725168639761e-01 0.000000000000000000e+00 3.548406193674716658e+00
-2.979350600000000782e+01 2.387707677672551987e-01 0.000000000000000000e+00 2.769606168327981344e+00
-2.921714000000001121e+01 2.341516621025865053e-01 0.000000000000000000e+00 2.944538102310716443e+00
-2.956262800000002144e+01 2.369204679965412341e-01 0.000000000000000000e+00 3.599470670682992424e+00
-3.001568800000000437e+01 2.405513761563472241e-01 0.000000000000000000e+00 3.333490120654478250e+00
-2.918782600000001537e+01 2.339167341862033733e-01 0.000000000000000000e+00 3.070709762017486799e+00
-2.915428200000001979e+01 2.336479062532308693e-01 0.000000000000000000e+00 2.984230249477233254e+00
-2.947727600000001047e+01 2.362364409951378807e-01 0.000000000000000000e+00 3.759079582625125759e+00
-2.911798600000000903e+01 2.333570232740043715e-01 0.000000000000000000e+00 2.753482348635353905e+00
-2.894515800000001349e+01 2.319719471352082729e-01 0.000000000000000000e+00 3.613543248659873530e+00
-2.914692200000001776e+01 2.335889218272030332e-01 0.000000000000000000e+00 2.660052650484477699e+00
-2.913731200000002985e+01 2.335119054774575376e-01 0.000000000000000000e+00 2.797652930557066764e+00
-2.800458600000001752e+01 2.244340259996298881e-01 0.000000000000000000e+00 3.059354945182088947e+00
-2.944694400000000201e+01 2.359933546350458933e-01 0.000000000000000000e+00 3.511853597254516846e+00
-3.012920800000001620e+01 2.414611468143202100e-01 0.000000000000000000e+00 3.562937234715370050e+00
-2.934380600000001493e+01 2.351667872802009895e-01 0.000000000000000000e+00 3.222998546426396604e+00
-2.900694600000001344e+01 2.324671278030626398e-01 0.000000000000000000e+00 3.168888147345670259e+00
-2.920602600000000493e+01 2.340625924136091052e-01 0.000000000000000000e+00 2.874213420536463559e+00
-2.887826800000001626e+01 2.314358780785503999e-01 0.000000000000000000e+00 3.695981570936606619e+00
-2.962250200000003275e+01 2.374003095079531278e-01 0.000000000000000000e+00 3.467877926910859276e+00
-2.836910600000003058e+01 2.273553579256718526e-01 0.000000000000000000e+00 3.092399265511711182e+00
-2.868509800000001064e+01 2.298877773209691278e-01 0.000000000000000000e+00 3.301848000649015624e+00
-2.936627000000002141e+01 2.353468180065990401e-01 0.000000000000000000e+00 3.322326475042402638e+00
-2.932773200000002589e+01 2.350379672171614698e-01 0.000000000000000000e+00 3.152234514518425179e+00
-2.907608600000002497e+01 2.330212287834383944e-01 0.000000000000000000e+00 2.979723665345869410e+00
-2.811551200000001316e+01 2.253230078531032465e-01 0.000000000000000000e+00 2.629635544870133401e+00
-2.913255200000001111e+01 2.334737579410589292e-01 0.000000000000000000e+00 2.922472105421308974e+00
-2.903703600000000762e+01 2.327082747295813048e-01 0.000000000000000000e+00 3.924220291583122577e+00
-2.982852400000000870e+01 2.390514086138099681e-01 0.000000000000000000e+00 3.756787364927215211e+00
-2.862119600000002251e+01 2.293756546590084988e-01 0.000000000000000000e+00 3.000356725791791579e+00
-2.880508800000001912e+01 2.308493997773659878e-01 0.000000000000000000e+00 3.101627194684112077e+00
-2.909538800000002468e+01 2.331759186463717437e-01 0.000000000000000000e+00 3.418292919852707445e+00
-2.872809000000002655e+01 2.302323233051797036e-01 0.000000000000000000e+00 3.646137199098034909e+00
-2.941336400000002271e+01 2.357242381912940388e-01 0.000000000000000000e+00 3.332149972236962299e+00
-2.854916800000001231e+01 2.287984087027674640e-01 0.000000000000000000e+00 3.054815172404300672e+00
-2.933657400000002013e+01 2.351088286702780195e-01 0.000000000000000000e+00 3.575657137615660730e+00
-2.954387000000002672e+01 2.367701378520534750e-01 0.000000000000000000e+00 3.020667964577077313e+00
-2.925590800000001224e+01 2.344623561553375035e-01 0.000000000000000000e+00 3.212352286544028157e+00
-2.932234600000001379e+01 2.349948027988752464e-01 0.000000000000000000e+00 3.160276958692133320e+00
-2.910440600000001510e+01 2.332481905966324043e-01 0.000000000000000000e+00 3.068654726269240296e+00
-2.896417200000001912e+01 2.321243289119057918e-01 0.000000000000000000e+00 2.802382240061141339e+00
-3.009516000000002478e+01 2.411882797304349679e-01 0.000000000000000000e+00 3.695924092698590346e+00
-3.003017000000000536e+01 2.406674376315829922e-01 0.000000000000000000e+00 4.054333555455062132e+00
-3.029168200000003353e+01 2.427632440472615449e-01 0.000000000000000000e+00 3.730610338571771489e+00
-2.922884800000001704e+01 2.342454922194253941e-01 0.000000000000000000e+00 3.241178598779752118e+00
-2.903483000000002079e+01 2.326905954301496937e-01 0.000000000000000000e+00 3.394499257265459757e+00
-3.025847800000003218e+01 2.424971409383174514e-01 0.000000000000000000e+00 3.500985942504213355e+00
-2.941392000000002938e+01 2.357286940799994679e-01 0.000000000000000000e+00 3.337204493148555606e+00
-2.956683600000003764e+01 2.369541917009877208e-01 0.000000000000000000e+00 3.003776180431100951e+00
-2.958292600000002537e+01 2.370831399910403314e-01 0.000000000000000000e+00 3.241484521941118135e+00
-2.850063600000000363e+01 2.284094641152696892e-01 0.000000000000000000e+00 2.995792603019620248e+00
-2.821382200000001816e+01 2.261108827067441762e-01 0.000000000000000000e+00 2.842833189433642271e+00
-2.924278200000000894e+01 2.343571619194622924e-01 0.000000000000000000e+00 3.147865034019089236e+00
-2.969584200000001317e+01 2.379880700792684489e-01 0.000000000000000000e+00 3.386393401203282139e+00
-2.950561600000002116e+01 2.364635630920984277e-01 0.000000000000000000e+00 4.074082527260994624e+00
-2.926719799999999339e+01 2.345528363414588757e-01 0.000000000000000000e+00 3.079641892797723823e+00
-2.975888800000002021e+01 2.384933325960281736e-01 0.000000000000000000e+00 3.033825871409953301e+00
-2.957928400000000480e+01 2.370539523171823759e-01 0.000000000000000000e+00 3.329844620111402698e+00
-2.917116000000003240e+01 2.337831697236790462e-01 0.000000000000000000e+00 3.004181535826691896e+00
-2.979728800000001598e+01 2.388010774274777204e-01 0.000000000000000000e+00 2.701486160357298161e+00
-2.916759600000000319e+01 2.337546071565099193e-01 0.000000000000000000e+00 3.562431218571741276e+00
-2.989312400000001446e+01 2.395691251792174126e-01 0.000000000000000000e+00 2.879462087010227211e+00
-2.874480800000000968e+01 2.303663045054966108e-01 0.000000000000000000e+00 3.664161634035730586e+00
-2.817192600000001690e+01 2.257751202729313400e-01 0.000000000000000000e+00 2.811716317092110007e+00
-2.999220400000001518e+01 2.403631709578639142e-01 0.000000000000000000e+00 3.678012533303190335e+00
-2.974298000000001707e+01 2.383658428882494962e-01 0.000000000000000000e+00 3.599703845394153223e+00
-2.969957600000000753e+01 2.380179950584515314e-01 0.000000000000000000e+00 3.355187411018131005e+00
-2.964535200000000614e+01 2.375834337110420691e-01 0.000000000000000000e+00 2.849245835020171924e+00
-2.920285200000000359e+01 2.340371553798845650e-01 0.000000000000000000e+00 3.451622220291804322e+00
-2.887933000000002792e+01 2.314443891465452763e-01 0.000000000000000000e+00 3.141901528509205566e+00
-2.931499600000001493e+01 2.349358985147305956e-01 0.000000000000000000e+00 3.513971200617858059e+00
-3.046636400000002709e+01 2.441631784912010328e-01 0.000000000000000000e+00 4.383353864763991581e+00
-3.036671600000002513e+01 2.433645806535893186e-01 0.000000000000000000e+00 4.498738122394192018e+00
-2.990166200000002306e+01 2.396375503190850964e-01 0.000000000000000000e+00 2.868954288455722867e+00
-2.937874000000001118e+01 2.354467549349369138e-01 0.000000000000000000e+00 3.374520981614062887e+00
-3.020610600000004098e+01 2.420774218676748635e-01 0.000000000000000000e+00 3.356821527823695472e+00
-2.870308000000001769e+01 2.300318884553214371e-01 0.000000000000000000e+00 2.727732451037755634e+00
-2.906695400000000262e+01 2.329480432157091108e-01 0.000000000000000000e+00 2.984709104395707691e+00
-2.848181600000001978e+01 2.282586370911062479e-01 0.000000000000000000e+00 3.031596436213871648e+00
-2.925554600000003092e+01 2.344594550191661797e-01 0.000000000000000000e+00 3.029502056608302851e+00
-2.905220400000001746e+01 2.328298339380039939e-01 0.000000000000000000e+00 3.127456864737212960e+00
-2.912141600000001418e+01 2.333845119399385881e-01 0.000000000000000000e+00 3.131480449467628713e+00
-2.892618000000001999e+01 2.318198538692903543e-01 0.000000000000000000e+00 3.130752346667109443e+00
-2.940828600000002524e+01 2.356835421430101829e-01 0.000000000000000000e+00 3.605642181976531191e+00
-2.941291800000001899e+01 2.357206638633037310e-01 0.000000000000000000e+00 3.996184702568996716e+00
-2.957759000000000782e+01 2.370403762821700067e-01 0.000000000000000000e+00 3.817793894715278302e+00
-3.009553800000001544e+01 2.411913090936194659e-01 0.000000000000000000e+00 3.210538537624445521e+00
-2.949307600000002694e+01 2.363630651705782015e-01 0.000000000000000000e+00 3.516598874576215561e+00
-2.923886400000001373e+01 2.343257623296284842e-01 0.000000000000000000e+00 3.440617140716755618e+00
-2.836594400000002381e+01 2.273300170622071237e-01 0.000000000000000000e+00 2.938407505013419740e+00
-3.008033400000002189e+01 2.410694613744174541e-01 0.000000000000000000e+00 3.513701407440664060e+00
-2.902617000000001468e+01 2.326211925593071050e-01 0.000000000000000000e+00 4.265656445497000071e+00
-2.833408200000000221e+01 2.270746689939869833e-01 0.000000000000000000e+00 2.982111497227249775e+00
-2.915987800000002750e+01 2.336927536510640668e-01 0.000000000000000000e+00 2.951429521112942655e+00
-2.862312600000001339e+01 2.293911220424640907e-01 0.000000000000000000e+00 3.290385195178598732e+00
-2.953247800000001533e+01 2.366788402187233464e-01 0.000000000000000000e+00 3.486807791094364450e+00
-2.909711200000001696e+01 2.331897351070336133e-01 0.000000000000000000e+00 3.940022978840851398e+00
-2.903333400000002129e+01 2.326786062044244874e-01 0.000000000000000000e+00 3.665216660957659300e+00
-2.946778600000000026e+01 2.361603863479904697e-01 0.000000000000000000e+00 4.040919505946559909e+00
-2.865186000000002764e+01 2.296214017296223375e-01 0.000000000000000000e+00 3.138731818406724994e+00
-2.971960000000002822e+01 2.381784711653513742e-01 0.000000000000000000e+00 2.805329625746484368e+00
-2.967707800000000873e+01 2.378376918496507009e-01 0.000000000000000000e+00 3.454032760326702700e+00
-2.873256600000001981e+01 2.302681948120954836e-01 0.000000000000000000e+00 3.276955862703226696e+00
-3.001500800000001945e+01 2.405459265082904308e-01 0.000000000000000000e+00 3.354599088713278388e+00
-2.931884000000002288e+01 2.349667050546289104e-01 0.000000000000000000e+00 3.352352441573715591e+00
-2.883766600000003066e+01 2.311104860044224663e-01 0.000000000000000000e+00 3.152313752657872836e+00
-2.886875400000000980e+01 2.313596310908833664e-01 0.000000000000000000e+00 3.906134455510881232e+00
-2.954170400000000996e+01 2.367527791201544107e-01 0.000000000000000000e+00 3.381462320929012222e+00
-3.040061400000001157e+01 2.436362456092266704e-01 0.000000000000000000e+00 3.587713730824614089e+00
-2.887574000000002528e+01 2.314156182104800397e-01 0.000000000000000000e+00 3.185408079339159038e+00
-2.985253800000002045e+01 2.392438613321025143e-01 0.000000000000000000e+00 4.069813260818651912e+00
-2.931399000000001109e+01 2.349278362412816623e-01 0.000000000000000000e+00 3.140978467039218014e+00
-2.942116400000002940e+01 2.357867488601823047e-01 0.000000000000000000e+00 3.700669720865850554e+00
-2.925571200000000260e+01 2.344607853744269110e-01 0.000000000000000000e+00 2.982103104778792257e+00
-2.953867200000000892e+01 2.367284801011711737e-01 0.000000000000000000e+00 2.884900544058160321e+00
-2.840943800000001929e+01 2.276785861689536727e-01 0.000000000000000000e+00 2.364831364811444292e+00
-2.893516200000001604e+01 2.318918373087715812e-01 0.000000000000000000e+00 2.920780196958589148e+00
-2.931662600000001717e+01 2.349489616416905735e-01 0.000000000000000000e+00 3.460384249423841485e+00
-2.920396600000002252e+01 2.340460831856721047e-01 0.000000000000000000e+00 3.356260034718780094e+00
-2.862486000000001596e+01 2.294050186450092566e-01 0.000000000000000000e+00 3.008091487701768596e+00
-2.956408200000003816e+01 2.369321206263572122e-01 0.000000000000000000e+00 3.789815415360095141e+00
-3.008878400000002173e+01 2.411371812657129854e-01 0.000000000000000000e+00 3.641727703994965815e+00
-2.876978200000001351e+01 2.305664508445753325e-01 0.000000000000000000e+00 3.464492134436405024e+00
-2.947697200000002127e+01 2.362340046818889872e-01 0.000000000000000000e+00 3.792917878140678933e+00
-2.977126600000002909e+01 2.385925322190408093e-01 0.000000000000000000e+00 3.859045115580387542e+00
-3.019703000000000515e+01 2.420046850944913286e-01 0.000000000000000000e+00 3.743684593290466989e+00
-2.913098000000004362e+01 2.334611596370217423e-01 0.000000000000000000e+00 3.290367057231325276e+00
-2.983487800000002466e+01 2.391023307663890096e-01 0.000000000000000000e+00 3.591845696658198417e+00
-2.954234200000001564e+01 2.367578921723019758e-01 0.000000000000000000e+00 2.937579001858090066e+00
-2.935028800000000970e+01 2.352187352488847027e-01 0.000000000000000000e+00 3.471704253081567604e+00
-2.916660200000000458e+01 2.337466410533208250e-01 0.000000000000000000e+00 3.149131289351353669e+00
-2.974665000000001669e+01 2.383952549593802150e-01 0.000000000000000000e+00 3.439896847804502666e+00
-2.905972000000002708e+01 2.328900685774096535e-01 0.000000000000000000e+00 3.427289294041357071e+00
-2.919346200000001090e+01 2.339619021515692288e-01 0.000000000000000000e+00 2.654043200716349915e+00
-3.013063600000003817e+01 2.414725910752399118e-01 0.000000000000000000e+00 4.016517762197056030e+00
-2.934638400000000757e+01 2.351874478576873040e-01 0.000000000000000000e+00 3.222693355060564535e+00
-3.017047200000002860e+01 2.417918442811155255e-01 0.000000000000000000e+00 3.666876117325773343e+00
-2.933308600000001576e+01 2.350808751814213171e-01 0.000000000000000000e+00 3.762144799221193381e+00
-2.912379000000002094e+01 2.334035376230079450e-01 0.000000000000000000e+00 3.892159095170855121e+00
-2.928477800000000286e+01 2.346937257721069536e-01 0.000000000000000000e+00 3.285794963742189267e+00
-3.065838800000004127e+01 2.457020949889688055e-01 0.000000000000000000e+00 3.420558443309654972e+00
-2.934727800000001352e+01 2.351946125420445455e-01 0.000000000000000000e+00 3.085583798520618259e+00
-2.977172600000001168e+01 2.385962187456674155e-01 0.000000000000000000e+00 3.609022156007011262e+00
-2.875915800000002065e+01 2.304813081078743442e-01 0.000000000000000000e+00 3.241501258292384779e+00
-2.955954800000003502e+01 2.368957842965188354e-01 0.000000000000000000e+00 3.022153670376424905e+00
-2.927345800000003351e+01 2.346030051603361366e-01 0.000000000000000000e+00 3.507275019046593556e+00
-2.874624000000001445e+01 2.303777808231694535e-01 0.000000000000000000e+00 3.020152145006919753e+00
-2.965603200000001394e+01 2.376690252422890559e-01 0.000000000000000000e+00 3.176895384207351736e+00
-2.899463400000001201e+01 2.323684571164791046e-01 0.000000000000000000e+00 3.066822076701785971e+00
-2.979545800000000710e+01 2.387864114628538981e-01 0.000000000000000000e+00 3.131032787596779610e+00
-2.939156600000002229e+01 2.355495449143164832e-01 0.000000000000000000e+00 2.927382337989303362e+00
-2.954893200000002196e+01 2.368107056733242399e-01 0.000000000000000000e+00 3.312703032264702863e+00
-2.976022200000001305e+01 2.385040235232456507e-01 0.000000000000000000e+00 3.235311428644727982e+00
-2.873901400000001161e+01 2.303198702983763335e-01 0.000000000000000000e+00 3.311072868849660900e+00
-2.921700000000001296e+01 2.341505401162218558e-01 0.000000000000000000e+00 3.309544394107088561e+00
-2.896318000000001902e+01 2.321163788370933512e-01 0.000000000000000000e+00 3.746747868094503442e+00
-2.909136600000002915e+01 2.331436855809527475e-01 0.000000000000000000e+00 3.150713268106480669e+00
-2.987904999999999944e+01 2.394563334928156706e-01 0.000000000000000000e+00 3.133320407113891370e+00
-2.908834400000002418e+01 2.331194667038526958e-01 0.000000000000000000e+00 3.266556181505735790e+00
-2.971312400000001119e+01 2.381265712817973723e-01 0.000000000000000000e+00 3.595370702150590070e+00
-2.932863200000001314e+01 2.350451799866484781e-01 0.000000000000000000e+00 3.195364165549962721e+00
-2.866011600000000570e+01 2.296875668683838190e-01 0.000000000000000000e+00 3.144733479311566438e+00
-2.899413400000002383e+01 2.323644500223197018e-01 0.000000000000000000e+00 3.564487367968650844e+00
-2.879495200000003408e+01 2.307681679645647299e-01 0.000000000000000000e+00 2.997736171115150672e+00
-2.996179400000001891e+01 2.401194594910831537e-01 0.000000000000000000e+00 3.129602001023791491e+00
-2.929400000000001114e+01 2.347676326167848493e-01 0.000000000000000000e+00 3.511648238809137013e+00
-2.912569400000000996e+01 2.334187966375672330e-01 0.000000000000000000e+00 3.478759904723393248e+00
-2.973840200000002199e+01 2.383291539341251541e-01 0.000000000000000000e+00 3.601621893176753186e+00
-2.966304200000003277e+01 2.377252047024054071e-01 0.000000000000000000e+00 3.949857965613600363e+00
-3.026419000000002413e+01 2.425429179819955094e-01 0.000000000000000000e+00 3.599210987539946949e+00
-2.957334399999999874e+01 2.370063480385674604e-01 0.000000000000000000e+00 3.047079511127885443e+00
-2.987551400000001323e+01 2.394279953229198066e-01 0.000000000000000000e+00 3.170456453292847421e+00
-3.032417800000001051e+01 2.430236731108755821e-01 0.000000000000000000e+00 4.241521442285739241e+00
-2.921991600000001554e+01 2.341739094893600936e-01 0.000000000000000000e+00 3.308381435959586891e+00
-3.017520800000000847e+01 2.418297994769941506e-01 0.000000000000000000e+00 4.316328124824093670e+00
-2.954877000000001175e+01 2.368094073748164552e-01 0.000000000000000000e+00 3.467894702230385651e+00
-2.949854400000002030e+01 2.364068867523064499e-01 0.000000000000000000e+00 2.863588645276687661e+00
-2.947842000000002471e+01 2.362456092265749208e-01 0.000000000000000000e+00 3.471985971204725629e+00
-2.898562400000001205e+01 2.322962492797249201e-01 0.000000000000000000e+00 3.302475274274730754e+00
-2.883730600000000877e+01 2.311076008966274631e-01 0.000000000000000000e+00 3.159436055733152671e+00
-3.007942800000001782e+01 2.410622005198004014e-01 0.000000000000000000e+00 3.305779953754094613e+00
-2.905129800000000628e+01 2.328225730833868856e-01 0.000000000000000000e+00 3.290062506482455351e+00
-2.933938400000001678e+01 2.351313485394543878e-01 0.000000000000000000e+00 2.994617428179358942e+00
-2.858242200000000111e+01 2.290649125211274006e-01 0.000000000000000000e+00 2.626206970371582017e+00
-2.914731400000002282e+01 2.335920633890241072e-01 0.000000000000000000e+00 3.283120676485663303e+00
-2.883254800000002049e+01 2.310694693886057582e-01 0.000000000000000000e+00 3.006539051530813023e+00
-2.906781200000001419e+01 2.329549193892869186e-01 0.000000000000000000e+00 4.051106134051476459e+00
-2.896907000000000565e+01 2.321635824062921460e-01 0.000000000000000000e+00 3.660360390312638934e+00
-2.997233200000003706e+01 2.402039130075889206e-01 0.000000000000000000e+00 3.830726118232031574e+00
-3.012160599999999988e+01 2.414002229547190237e-01 0.000000000000000000e+00 3.314131426769769906e+00
-2.854220400000003011e+01 2.287425978953140926e-01 0.000000000000000000e+00 3.467276980248566343e+00
-2.875387000000002402e+01 2.304389290800434864e-01 0.000000000000000000e+00 3.218308958478383719e+00
-2.774814200000002273e+01 2.223788354903523112e-01 0.000000000000000000e+00 3.423786803201060547e+00
-2.904039400000002402e+01 2.327351863739566540e-01 0.000000000000000000e+00 2.993281342256859823e+00
-2.798840000000002703e+01 2.243043083474986210e-01 0.000000000000000000e+00 3.085698290468136040e+00
-2.876835600000001492e+01 2.305550226120324508e-01 0.000000000000000000e+00 3.049843450869588413e+00
-2.964254400000001866e+01 2.375609298702424377e-01 0.000000000000000000e+00 3.596177475713945082e+00
-2.877200399999999192e+01 2.305842583710199789e-01 0.000000000000000000e+00 3.272447819306649741e+00
-2.983452200000002108e+01 2.390994777153474249e-01 0.000000000000000000e+00 3.572632488699206910e+00
-2.891107200000001853e+01 2.316987755121668879e-01 0.000000000000000000e+00 3.272257641559330743e+00
-2.951520400000002553e+01 2.365404031297010379e-01 0.000000000000000000e+00 3.325701048960135076e+00
-2.981201800000000546e+01 2.389191264214165222e-01 0.000000000000000000e+00 3.996367698080168562e+00
-2.968990800000003105e+01 2.379405138857836333e-01 0.000000000000000000e+00 3.914179271834206997e+00
-2.969242000000001269e+01 2.379606455268408194e-01 0.000000000000000000e+00 3.563775612544321625e+00
-2.939152000000003184e+01 2.355491762616538920e-01 0.000000000000000000e+00 3.124065440991266929e+00
-2.937492600000001630e+01 2.354161888206882658e-01 0.000000000000000000e+00 3.155554242650103536e+00
-2.904652800000001989e+01 2.327843454051053695e-01 0.000000000000000000e+00 3.532585031798221920e+00
-2.920405600000000490e+01 2.340468044626206612e-01 0.000000000000000000e+00 2.892070246374322640e+00
-2.880193400000001702e+01 2.308241230274078459e-01 0.000000000000000000e+00 3.101777507348801866e+00
-2.935707800000001200e+01 2.352731515875707280e-01 0.000000000000000000e+00 3.623072456153949350e+00
-2.965934000000003223e+01 2.376955361772484510e-01 0.000000000000000000e+00 3.633741418394762057e+00
-2.860907600000000883e+01 2.292785226965821099e-01 0.000000000000000000e+00 2.621643954480593841e+00
-3.003386400000001899e+01 2.406970420432335001e-01 0.000000000000000000e+00 3.901864826094716410e+00
-2.970908800000000838e+01 2.380942260177418834e-01 0.000000000000000000e+00 3.559101339396922636e+00
-2.900674000000001129e+01 2.324654768802689175e-01 0.000000000000000000e+00 3.233898024291296469e+00
-2.899321000000001547e+01 2.323570449123128767e-01 0.000000000000000000e+00 2.803313971521793846e+00
-3.025275400000002435e+01 2.424512677243794434e-01 0.000000000000000000e+00 3.443355185222692239e+00
-2.928669000000001787e+01 2.347090489001729952e-01 0.000000000000000000e+00 3.606739475697621877e+00
-2.957639800000001884e+01 2.370308233696938605e-01 0.000000000000000000e+00 3.007524830631435719e+00
-2.895205400000002527e+01 2.320272129778561954e-01 0.000000000000000000e+00 2.809249742303147723e+00
-2.979150400000002819e+01 2.387547233622407394e-01 0.000000000000000000e+00 3.436109101168842717e+00
-2.951716800000000163e+01 2.365561429955593542e-01 0.000000000000000000e+00 4.040166069916063307e+00
-2.955579200000000029e+01 2.368656830051923956e-01 0.000000000000000000e+00 3.347211338680893267e+00
-2.844451200000002089e+01 2.279596758100542742e-01 0.000000000000000000e+00 3.430595951269203248e+00
-2.918491200000001484e+01 2.338933808414418170e-01 0.000000000000000000e+00 3.097562480444677746e+00
-2.815352400000000443e+01 2.256276431794849990e-01 0.000000000000000000e+00 3.150420706012567518e+00
-2.934932200000001856e+01 2.352109935429686216e-01 0.000000000000000000e+00 3.152098234880917005e+00
-2.870147800000001226e+01 2.300190497256343614e-01 0.000000000000000000e+00 3.621294532181003945e+00
-2.836000800000002187e+01 2.272824448403455155e-01 0.000000000000000000e+00 2.890360441878444764e+00
-2.954075200000000834e+01 2.367451496128747113e-01 0.000000000000000000e+00 3.637128311850524209e+00
-2.901365400000003092e+01 2.325208869783066401e-01 0.000000000000000000e+00 3.238401946197437820e+00
-2.907080800000002796e+01 2.329789298974907497e-01 0.000000000000000000e+00 3.494056854800994483e+00
-2.930592000000001818e+01 2.348631617415473660e-01 0.000000000000000000e+00 3.688796900855016325e+00
-2.957624800000000320e+01 2.370296212414458870e-01 0.000000000000000000e+00 3.453640825156530259e+00
-2.947472600000001108e+01 2.362160048149244407e-01 0.000000000000000000e+00 3.518203674300654615e+00
-2.971241200000001825e+01 2.381208651797143139e-01 0.000000000000000000e+00 3.982717257525306032e+00
-2.884514800000002310e+01 2.311704481614251794e-01 0.000000000000000000e+00 3.067032819131925159e+00
-2.903270400000001317e+01 2.326735572657834539e-01 0.000000000000000000e+00 2.910867745102615700e+00
-2.975821600000001865e+01 2.384879470614778008e-01 0.000000000000000000e+00 3.457479352662116590e+00
-2.886111600000001687e+01 2.312984187205029130e-01 0.000000000000000000e+00 3.201031262701431235e+00
-2.894006200000002593e+01 2.319311068315347557e-01 0.000000000000000000e+00 3.142542628232524837e+00
-2.890660800000001984e+01 2.316630001755108914e-01 0.000000000000000000e+00 2.986283458156745230e+00
-2.954119200000002010e+01 2.367486758557351412e-01 0.000000000000000000e+00 3.094185192451782918e+00
-2.985551600000001216e+01 2.392677275849164342e-01 0.000000000000000000e+00 4.119438192026096068e+00
-2.849398600000001736e+01 2.283561697629484522e-01 0.000000000000000000e+00 2.836055465721801117e+00
-2.837921200000001676e+01 2.274363493128235547e-01 0.000000000000000000e+00 2.980413294954818326e+00
-2.978345600000001170e+01 2.386902251746493009e-01 0.000000000000000000e+00 3.250053723202281475e+00
-2.881509600000001470e+01 2.309296057740625185e-01 0.000000000000000000e+00 3.487712192738640749e+00
-2.934558800000002776e+01 2.351810685637855391e-01 0.000000000000000000e+00 3.601898871632948751e+00
-2.868584800000001778e+01 2.298937879622084401e-01 0.000000000000000000e+00 3.096214938460744470e+00
-2.852726000000002315e+01 2.286228338650749259e-01 0.000000000000000000e+00 3.032726256533995635e+00
-2.966203200000002127e+01 2.377171103722031109e-01 0.000000000000000000e+00 4.420510324871890440e+00
-2.816353600000001478e+01 2.257078812329348927e-01 0.000000000000000000e+00 3.786550728312622294e+00
-2.957768000000001152e+01 2.370410975591187575e-01 0.000000000000000000e+00 3.333630672738391532e+00
-2.933318600000001553e+01 2.350816766002531977e-01 0.000000000000000000e+00 3.469148279397766821e+00
-2.985932200000002013e+01 2.392982295856586061e-01 0.000000000000000000e+00 3.966279157124265708e+00
-2.955170200000001657e+01 2.368329049749678117e-01 0.000000000000000000e+00 3.252111731838191133e+00
-3.004040600000002215e+01 2.407494708632164082e-01 0.000000000000000000e+00 3.783365057611485227e+00
-2.943172000000002697e+01 2.358713466320776497e-01 0.000000000000000000e+00 3.648069891730351344e+00
-2.984381600000000390e+01 2.391739615815840769e-01 0.000000000000000000e+00 3.058093317663703292e+00
-2.936152400000002061e+01 2.353087826688370632e-01 0.000000000000000000e+00 3.501841257820482056e+00
-2.964597200000002530e+01 2.375884025078000006e-01 0.000000000000000000e+00 4.304254861922072628e+00
-2.997555400000000958e+01 2.402297347223525392e-01 0.000000000000000000e+00 3.499600101582169831e+00
-2.890118200000002346e+01 2.316195151896920101e-01 0.000000000000000000e+00 3.263390687717734995e+00
-2.991619400000002216e+01 2.397540125037367909e-01 0.000000000000000000e+00 3.529207689542120718e+00
-2.960760000000001568e+01 2.372808820736232727e-01 0.000000000000000000e+00 3.394982176237409277e+00
-2.923929600000000306e+01 2.343292244589822160e-01 0.000000000000000000e+00 3.378040590145521715e+00
-3.011102000000002121e+01 2.413153847571742616e-01 0.000000000000000000e+00 3.234018647023070514e+00
-2.960582000000002623e+01 2.372666168184155433e-01 0.000000000000000000e+00 3.370383443101890197e+00
-2.931390200000000235e+01 2.349271309927095097e-01 0.000000000000000000e+00 3.440925232103314801e+00
-3.046897600000001916e+01 2.441841115510902105e-01 0.000000000000000000e+00 3.464482822485482227e+00
-2.880659800000001525e+01 2.308615012017276591e-01 0.000000000000000000e+00 3.005084946915440813e+00
-2.917504600000001957e+01 2.338143128594865894e-01 0.000000000000000000e+00 3.644102935140969723e+00
-2.900708600000001169e+01 2.324682497894272892e-01 0.000000000000000000e+00 2.583644848823561269e+00
-2.927926600000000690e+01 2.346495515660926567e-01 0.000000000000000000e+00 3.263512747357616650e+00
-2.900326600000001420e+01 2.324376355900487356e-01 0.000000000000000000e+00 3.266504354663306131e+00
-2.953641400000001482e+01 2.367103840639469270e-01 0.000000000000000000e+00 3.587909621650934078e+00
-2.928945000000001642e+01 2.347311680599334371e-01 0.000000000000000000e+00 3.052031914044057714e+00
-2.917195399999999950e+01 2.337895329892040741e-01 0.000000000000000000e+00 3.220585566413334266e+00
-2.862794400000002071e+01 2.294297344017850737e-01 0.000000000000000000e+00 3.702102265620866195e+00
-2.989043200000002187e+01 2.395475509842627249e-01 0.000000000000000000e+00 4.087861461727731793e+00
-2.848175200000000373e+01 2.282581241830537178e-01 0.000000000000000000e+00 2.492929647051330910e+00
-2.955623000000002065e+01 2.368691932196762828e-01 0.000000000000000000e+00 3.363834225533221645e+00
-2.897569000000002504e+01 2.322166363329640770e-01 0.000000000000000000e+00 3.041839170849295559e+00
-2.937868600000001962e+01 2.354463221687677354e-01 0.000000000000000000e+00 2.959824112745195190e+00
-2.899975000000001657e+01 2.324094577039191589e-01 0.000000000000000000e+00 3.688485545654889286e+00
-2.949366800000001021e+01 2.363678095700629256e-01 0.000000000000000000e+00 3.060131556651798590e+00
-2.918924000000001939e+01 2.339280662484864715e-01 0.000000000000000000e+00 3.243910590069281508e+00
-2.909644200000001035e+01 2.331843656008598387e-01 0.000000000000000000e+00 2.669779488839155501e+00
-2.940519400000002648e+01 2.356587622727278619e-01 0.000000000000000000e+00 3.455062586280479131e+00
-2.933501800000000515e+01 2.350963585932535349e-01 0.000000000000000000e+00 3.430102745947056331e+00
-3.020577400000002299e+01 2.420747611571528179e-01 0.000000000000000000e+00 4.030465307839903311e+00
-2.985521000000001379e+01 2.392652752432908314e-01 0.000000000000000000e+00 3.232428601491047715e+00
-2.939056400000001545e+01 2.355415146976208018e-01 0.000000000000000000e+00 3.680029499429414486e+00
-3.004891800000000046e+01 2.408176876341875661e-01 0.000000000000000000e+00 3.636536388422256572e+00
-2.963015400000000810e+01 2.374616340769699352e-01 0.000000000000000000e+00 3.731698171004561360e+00
-2.996603600000001677e+01 2.401534556779323371e-01 0.000000000000000000e+00 4.243655364188288814e+00
-2.940534000000000958e+01 2.356599323442222782e-01 0.000000000000000000e+00 3.062869763717508853e+00
-2.975719800000001669e+01 2.384797886177690285e-01 0.000000000000000000e+00 4.109419444115278708e+00
-3.005911000000000399e+01 2.408993682415348503e-01 0.000000000000000000e+00 3.593666749064711396e+00
-2.954263600000001944e+01 2.367602483436677951e-01 0.000000000000000000e+00 3.060845947222810892e+00
-2.945387400000001676e+01 2.360488929600966790e-01 0.000000000000000000e+00 3.361976400527078024e+00
-2.956971800000002659e+01 2.369772885917229843e-01 0.000000000000000000e+00 3.512743212252822822e+00
-2.947964400000000751e+01 2.362554185930772488e-01 0.000000000000000000e+00 3.283820417472012032e+00
-2.968708200000001796e+01 2.379178657895940352e-01 0.000000000000000000e+00 3.455817270011991127e+00
-2.936967600000001966e+01 2.353741143320135509e-01 0.000000000000000000e+00 3.533395700682277152e+00
-2.831895200000001722e+01 2.269534143247206315e-01 0.000000000000000000e+00 3.643831744069265799e+00
-3.057027600000001044e+01 2.449959488278048159e-01 0.000000000000000000e+00 3.046816251255256347e+00
-2.988599800000001849e+01 2.395120160732562287e-01 0.000000000000000000e+00 3.956883870936417136e+00
-2.913082800000001171e+01 2.334599414803969764e-01 0.000000000000000000e+00 3.584209304124653883e+00
-2.931504600000000949e+01 2.349362992241464942e-01 0.000000000000000000e+00 3.343326128135684083e+00
-2.961821600000002164e+01 2.373659606968178126e-01 0.000000000000000000e+00 3.399500155079843378e+00
-3.002725800000003176e+01 2.406441003151982838e-01 0.000000000000000000e+00 3.189430362780516948e+00
-2.895556400000002029e+01 2.320553427788558387e-01 0.000000000000000000e+00 2.937153283919033520e+00
