-2.672103800000002138e+01 2.518486214839643633e-01 0.000000000000000000e+00 2.901436719093671623e+00
-2.642502600000001323e+01 2.490586769412892754e-01 0.000000000000000000e+00 2.877554515279959091e+00
-2.710594200000001308e+01 2.554763825688317058e-01 0.000000000000000000e+00 3.324947580271230496e+00
-2.690583800000001702e+01 2.535903811135953312e-01 0.000000000000000000e+00 2.941743604136976664e+00
-2.747751400000002775e+01 2.589784881375615799e-01 0.000000000000000000e+00 3.160605217615797713e+00
-2.844076400000000859e+01 2.680572217048887151e-01 0.000000000000000000e+00 3.176478615233281566e+00
-2.625044600000001793e+01 2.474132418972363745e-01 0.000000000000000000e+00 2.906443774586449091e+00
-2.628550400000001019e+01 2.477436672711302579e-01 0.000000000000000000e+00 3.500997556250607268e+00
-2.773672200000002164e+01 2.614215510708807755e-01 0.000000000000000000e+00 3.055407727245764704e+00
-2.736572400000001082e+01 2.579248555131217202e-01 0.000000000000000000e+00 3.136187174477564898e+00
-2.797909000000002422e+01 2.637058952154393010e-01 0.000000000000000000e+00 2.902312699200310320e+00
-2.609873200000002669e+01 2.459833213320316847e-01 0.000000000000000000e+00 3.046691563616859000e+00
-2.876719000000002779e+01 2.711338214281677761e-01 0.000000000000000000e+00 3.025601580502527810e+00
-2.641608400000000856e+01 2.489743976414615090e-01 0.000000000000000000e+00 2.656226457909982130e+00
-2.937958000000001491e+01 2.769056622268134538e-01 0.000000000000000000e+00 3.267556078240195117e+00
-2.860566400000001153e+01 2.696114217207228880e-01 0.000000000000000000e+00 2.879412082230844216e+00
-2.971249600000002999e+01 2.800434308894664270e-01 0.000000000000000000e+00 3.248316942599628110e+00
-2.902036800000001193e+01 2.735200509709745931e-01 0.000000000000000000e+00 2.868914675117939517e+00
-2.838521400000000128e+01 2.675336570543150327e-01 0.000000000000000000e+00 2.666885115333594403e+00
-2.850494200000000333e+01 2.686621061719365877e-01 0.000000000000000000e+00 3.127150185433789531e+00
-2.875957200000001279e+01 2.710620209689764692e-01 0.000000000000000000e+00 3.380250268664147129e+00
-2.883101599999999110e+01 2.717353882578256163e-01 0.000000000000000000e+00 3.162160264363460538e+00
-2.920046200000001946e+01 2.752174560507298917e-01 0.000000000000000000e+00 3.747401119827559857e+00
-3.022899000000002090e+01 2.849114417019482093e-01 0.000000000000000000e+00 3.167348340584922095e+00
-2.951704000000002637e+01 2.782012373279449391e-01 0.000000000000000000e+00 2.738982977808966268e+00
-3.003028800000000231e+01 2.830386542456334031e-01 0.000000000000000000e+00 3.284702158269667827e+00
-3.113556400000000224e+01 2.934559979490969361e-01 0.000000000000000000e+00 2.889044890775000152e+00
-3.096823600000001875e+01 2.918789137753584617e-01 0.000000000000000000e+00 3.203750267872470747e+00
-3.128835200000001748e+01 2.948960410783831310e-01 0.000000000000000000e+00 3.397237592024235475e+00
-3.128220600000003415e+01 2.948381143755493539e-01 0.000000000000000000e+00 3.322703511451803315e+00
-3.288997800000002059e+01 3.099915362546137865e-01 0.000000000000000000e+00 2.953263476141454902e+00
-3.255756600000000844e+01 3.068585178454962259e-01 0.000000000000000000e+00 3.820001498022340680e+00
-3.181001400000003088e+01 2.998127608398149513e-01 0.000000000000000000e+00 2.710424412739775413e+00
-3.157336000000001164e+01 2.975822717522027538e-01 0.000000000000000000e+00 2.812944069867373109e+00
-3.241316400000003028e+01 3.054975136569791916e-01 0.000000000000000000e+00 3.334103203262316573e+00
-3.045488200000001910e+01 2.870404977964103321e-01 0.000000000000000000e+00 2.866261166400605465e+00
-3.148977200000000209e+01 2.967944459734061513e-01 0.000000000000000000e+00 2.339076660620293513e+00
-3.298894200000002286e+01 3.109242824666636484e-01 0.000000000000000000e+00 2.997537292113664709e+00
-3.416761600000003085e+01 3.220334101165323037e-01 0.000000000000000000e+00 2.878568860561431908e+00
-3.272882400000003145e+01 3.084726426866833959e-01 0.000000000000000000e+00 2.988509998297350645e+00
-3.457056200000000246e+01 3.258312189678377879e-01 0.000000000000000000e+00 2.991827219217801925e+00
-3.313504200000001276e+01 3.123012904855438920e-01 0.000000000000000000e+00 3.548781113872448767e+00
-3.424243800000002125e+01 3.227386154141959063e-01 0.000000000000000000e+00 2.664918820480941974e+00
-3.517507800000001339e+01 3.315288464800999479e-01 0.000000000000000000e+00 3.162459200985041630e+00
-3.446004400000001766e+01 3.247895750785113056e-01 0.000000000000000000e+00 3.009924072277028184e+00
-3.468619200000001968e+01 3.269210440001660833e-01 0.000000000000000000e+00 2.838993461258173756e+00
-3.651839200000001995e+01 3.441897236181853947e-01 0.000000000000000000e+00 3.178786646088330503e+00
-3.418224600000001345e+01 3.221712994205446212e-01 0.000000000000000000e+00 2.893676004684153646e+00
-3.479878000000000782e+01 3.279821978593699394e-01 0.000000000000000000e+00 2.666267730083542897e+00
-3.606157600000001651e+01 3.398841842947571967e-01 0.000000000000000000e+00 3.290447651014166475e+00
-3.598145800000003192e+01 3.391290636345474785e-01 0.000000000000000000e+00 2.381073433727746824e+00
-3.549462800000002005e+01 3.345406391730036955e-01 0.000000000000000000e+00 3.130089244413960525e+00
-3.536736600000001118e+01 3.333411813051134209e-01 0.000000000000000000e+00 3.586389478875078751e+00
-3.535797600000001495e+01 3.332526795576987722e-01 0.000000000000000000e+00 3.058297684842852693e+00
-3.520064000000002125e+01 3.317697710453199056e-01 0.000000000000000000e+00 2.754370472503286926e+00
-3.507778600000002456e+01 3.306118590456517126e-01 0.000000000000000000e+00 2.331037397921597254e+00
-3.497210800000002706e+01 3.296158326704344832e-01 0.000000000000000000e+00 2.882208344332063188e+00
-3.526164000000001408e+01 3.323447025247975861e-01 0.000000000000000000e+00 2.390779724210695623e+00
-3.580746200000002233e+01 3.374891328525274625e-01 0.000000000000000000e+00 2.989931421083741103e+00
-3.533836000000000865e+01 3.330677966740686058e-01 0.000000000000000000e+00 2.317941613160306336e+00
-3.547199000000002655e+01 3.343272736183739435e-01 0.000000000000000000e+00 2.766267134550994378e+00
-3.326408000000002119e+01 3.135174873420825681e-01 0.000000000000000000e+00 2.445643222491205915e+00
-3.405350600000000583e+01 3.209579112456598105e-01 0.000000000000000000e+00 3.001261656515927356e+00
-3.432493800000001727e+01 3.235161866774240447e-01 0.000000000000000000e+00 2.547353775574832113e+00
-3.569141200000003522e+01 3.363953492755866748e-01 0.000000000000000000e+00 3.292924051959862375e+00
-3.570877000000001544e+01 3.365589502693697166e-01 0.000000000000000000e+00 2.562335778526926511e+00
-3.417220400000000069e+01 3.220766525038737393e-01 0.000000000000000000e+00 2.911162022838330810e+00
-3.471041000000001731e+01 3.271493012226249775e-01 0.000000000000000000e+00 3.389466850048213242e+00
-3.519780000000001507e+01 3.317430037436523427e-01 0.000000000000000000e+00 2.687862784947749439e+00
-3.493370200000000381e+01 3.292538520409125646e-01 0.000000000000000000e+00 2.628447885898604675e+00
-3.388059800000000621e+01 3.193282349792083141e-01 0.000000000000000000e+00 2.590517353031937198e+00
-3.431275000000001540e+01 3.234013134828030989e-01 0.000000000000000000e+00 2.491724277979959101e+00
-3.416977400000001808e+01 3.220537494957569913e-01 0.000000000000000000e+00 3.109861478438348037e+00
-3.345469800000000760e+01 3.153140822397069165e-01 0.000000000000000000e+00 2.893420147070022264e+00
-3.602216400000002494e+01 3.395127220083772879e-01 0.000000000000000000e+00 3.905181781553035414e+00
-3.571444000000002461e+01 3.366123906216425543e-01 0.000000000000000000e+00 2.941154075831080572e+00
-3.506273600000003654e+01 3.304700111970265697e-01 0.000000000000000000e+00 2.418161663539917683e+00
-3.614472600000001989e+01 3.406678818770289552e-01 0.000000000000000000e+00 3.143381774061017708e+00
-3.590235600000000460e+01 3.383835188822578721e-01 0.000000000000000000e+00 2.988677074530171840e+00
-3.543341000000003049e+01 3.339636530203698439e-01 0.000000000000000000e+00 2.550528157840919352e+00
-3.544277600000001627e+01 3.340519285652350789e-01 0.000000000000000000e+00 2.716839855610621690e+00
-3.594150000000001199e+01 3.387524552401706690e-01 0.000000000000000000e+00 3.532718492588786674e+00
-3.470033000000000811e+01 3.270542961519177227e-01 0.000000000000000000e+00 2.594124795231008918e+00
-3.531696400000002711e+01 3.328661371013654224e-01 0.000000000000000000e+00 2.812068319985605580e+00
-3.468531200000001036e+01 3.269127499066915576e-01 0.000000000000000000e+00 2.854045788328342326e+00
-3.517194000000000642e+01 3.314992704967785753e-01 0.000000000000000000e+00 2.483287583959309153e+00
-3.584497400000001477e+01 3.378426874370875632e-01 0.000000000000000000e+00 2.845681577004182117e+00
-3.523219600000000895e+01 3.320671896972279824e-01 0.000000000000000000e+00 2.913616446819270678e+00
-3.558303800000001615e+01 3.353739128139975878e-01 0.000000000000000000e+00 3.075984954672193350e+00
-3.509979600000002620e+01 3.308193056335747562e-01 0.000000000000000000e+00 2.973037489016065127e+00
-3.542920000000003000e+01 3.339239733231796348e-01 0.000000000000000000e+00 3.368884088480362138e+00
-3.598265400000003211e+01 3.391403360615877216e-01 0.000000000000000000e+00 3.333055251534516650e+00
-3.302952000000002641e+01 3.113067344268972692e-01 0.000000000000000000e+00 2.515592401022233915e+00
-3.420047200000002618e+01 3.223430814065277317e-01 0.000000000000000000e+00 2.954222047216252367e+00
-3.460721800000001735e+01 3.261767056614729987e-01 0.000000000000000000e+00 2.663807049628881263e+00
-3.508629399999999521e+01 3.306920478493792226e-01 0.000000000000000000e+00 3.217834926861427913e+00
-3.575815400000002597e+01 3.370243997149850457e-01 0.000000000000000000e+00 2.842414938944585856e+00
-3.501564200000002813e+01 3.300261452446571764e-01 0.000000000000000000e+00 2.952292067385520635e+00
-3.590325800000002232e+01 3.383920203280693095e-01 0.000000000000000000e+00 4.023636056126047578e+00
-3.436046400000002166e+01 3.238510230010294144e-01 0.000000000000000000e+00 3.123250118600393588e+00
-3.515011400000002340e+01 3.312935581284003339e-01 0.000000000000000000e+00 3.416810074182401014e+00
-3.624336800000003223e+01 3.415975932048757602e-01 0.000000000000000000e+00 2.875040429083501881e+00
-3.412756400000001378e+01 3.216559157621707854e-01 0.000000000000000000e+00 2.981689546858026674e+00
-3.551882600000001844e+01 3.347687078933381244e-01 0.000000000000000000e+00 2.813107151852204169e+00
-3.463397800000003457e+01 3.264289215039457015e-01 0.000000000000000000e+00 2.786202896582596900e+00
-3.547428000000002868e+01 3.343488571116199348e-01 0.000000000000000000e+00 2.975568823847726474e+00
-3.612451000000001500e+01 3.404773439296662207e-01 0.000000000000000000e+00 2.984906258159541803e+00
-3.479509000000000896e+01 3.279474192174146596e-01 0.000000000000000000e+00 3.212295276737413552e+00
-3.671156600000002612e+01 3.460104090873106775e-01 0.000000000000000000e+00 3.370582721199478993e+00
-3.631188200000001842e+01 3.422433449324975840e-01 0.000000000000000000e+00 2.666263012342529493e+00
-3.652193000000001177e+01 3.442230696439950166e-01 0.000000000000000000e+00 3.214036932698109972e+00
-3.600347000000002851e+01 3.393365290726829131e-01 0.000000000000000000e+00 2.376769902534942691e+00
-3.646509200000001982e+01 3.436873654566088843e-01 0.000000000000000000e+00 3.403807069443854250e+00
-3.583044400000002128e+01 3.377057406436972942e-01 0.000000000000000000e+00 2.511977036596448887e+00
-3.562708600000002690e+01 3.357890698928179818e-01 0.000000000000000000e+00 2.698211939209543608e+00
-3.606819200000001047e+01 3.399465407975149067e-01 0.000000000000000000e+00 3.121880049969889548e+00
-3.540407400000000138e+01 3.336871581042718526e-01 0.000000000000000000e+00 2.523172253720192604e+00
-3.644800200000001666e+01 3.435262903912928989e-01 0.000000000000000000e+00 3.186121677309612821e+00
-3.622596800000002304e+01 3.414335963566311749e-01 0.000000000000000000e+00 2.405467147174821463e+00
-3.780758800000000974e+01 3.563405328578054254e-01 0.000000000000000000e+00 3.037347184210311024e+00
-3.718802000000000874e+01 3.505010386467056205e-01 0.000000000000000000e+00 2.272285371447197555e+00
-3.663691800000001564e+01 3.453068437581293115e-01 0.000000000000000000e+00 2.825057074899621323e+00
-3.610769200000002144e+01 3.403188324932424069e-01 0.000000000000000000e+00 2.394954786004542147e+00
-3.572815600000000558e+01 3.367416653785688663e-01 0.000000000000000000e+00 2.472357573363872518e+00
-3.552255000000002383e+01 3.348038069889049950e-01 0.000000000000000000e+00 2.837206617894837191e+00
-3.595383200000002688e+01 3.388686856500875422e-01 0.000000000000000000e+00 2.539769823615016797e+00
-3.603295800000002913e+01 3.396144566049262292e-01 0.000000000000000000e+00 2.701875158394908993e+00
-3.722114800000002788e+01 3.508132735655933865e-01 0.000000000000000000e+00 2.565052221355110795e+00
-3.681997600000002535e+01 3.470321848527235242e-01 0.000000000000000000e+00 2.546762401386346575e+00
-3.549744000000002586e+01 3.345671425716970626e-01 0.000000000000000000e+00 2.771063418817965029e+00
-3.622239200000001347e+01 3.413998921767849581e-01 0.000000000000000000e+00 2.430391426581323344e+00
-3.549100800000001499e+01 3.345065202884838218e-01 0.000000000000000000e+00 3.280877438306387006e+00
-3.624657600000002589e+01 3.416278289456324835e-01 0.000000000000000000e+00 3.026973538345259840e+00
-3.666738000000001563e+01 3.455939513438318067e-01 0.000000000000000000e+00 3.875337183896246263e+00
-3.650716600000001932e+01 3.440839173757490044e-01 0.000000000000000000e+00 2.983330082551808982e+00
-3.624758000000002056e+01 3.416372917522782493e-01 0.000000000000000000e+00 3.370242639408155494e+00
-3.642452600000002860e+01 3.433050265976500537e-01 0.000000000000000000e+00 3.116693213778365834e+00
-3.580649000000003923e+01 3.374799716492808965e-01 0.000000000000000000e+00 3.150527495146926427e+00
-3.659365600000001706e+01 3.448990948127987344e-01 0.000000000000000000e+00 3.296513869802768060e+00
-3.756408800000001946e+01 3.540455194930048899e-01 0.000000000000000000e+00 3.069220257154127829e+00
-3.751685000000001224e+01 3.536002963253397358e-01 0.000000000000000000e+00 2.538590492136862053e+00
-3.689317400000000902e+01 3.477220837778842721e-01 0.000000000000000000e+00 3.176057226878646667e+00
-3.696696400000002569e+01 3.484175623659281351e-01 0.000000000000000000e+00 3.255910059609550711e+00
-3.735233000000003045e+01 3.520496778498696799e-01 0.000000000000000000e+00 3.028404193614020912e+00
-3.782624600000002602e+01 3.565163864896759849e-01 0.000000000000000000e+00 3.796449424796060956e+00
-3.683487400000002765e+01 3.471726000852032312e-01 0.000000000000000000e+00 2.894834544167429691e+00
-3.721761400000000464e+01 3.507799652402083246e-01 0.000000000000000000e+00 3.036879633320485272e+00
-3.674866999999998995e+01 3.463601182285323543e-01 0.000000000000000000e+00 2.720403031099649205e+00
-3.676260200000001532e+01 3.464914288084028349e-01 0.000000000000000000e+00 3.033006992967523185e+00
-3.703077200000000602e+01 3.490189595436741232e-01 0.000000000000000000e+00 2.660413078128805786e+00
-3.712897000000001668e+01 3.499444861243588001e-01 0.000000000000000000e+00 3.372071904211372928e+00
-3.737363200000001484e+01 3.522504514625881544e-01 0.000000000000000000e+00 2.592246405970830114e+00
-3.788333600000002122e+01 3.570544658038298236e-01 0.000000000000000000e+00 3.454295006367310350e+00
-3.769318200000001440e+01 3.552622441554917909e-01 0.000000000000000000e+00 2.346380215143351489e+00
-3.796671200000002244e+01 3.578402934601075391e-01 0.000000000000000000e+00 3.204887368930663172e+00
-3.763168000000001712e+01 3.546825812726911442e-01 0.000000000000000000e+00 3.170219231115307679e+00
-3.785527800000002685e+01 3.567900161734825493e-01 0.000000000000000000e+00 2.157444086735482713e+00
-3.750995200000002683e+01 3.535352819426277882e-01 0.000000000000000000e+00 3.127977286093872600e+00
-3.869532800000000350e+01 3.647075766543889652e-01 0.000000000000000000e+00 3.246609454479418844e+00
-3.805319600000002112e+01 3.586554143465198741e-01 0.000000000000000000e+00 3.293194110537793318e+00
-3.713399800000001960e+01 3.499918755584377483e-01 0.000000000000000000e+00 2.672867634113389457e+00
-3.779908400000001478e+01 3.562603817545025309e-01 0.000000000000000000e+00 2.939427832756545289e+00
-3.793170000000000641e+01 3.575103016410995926e-01 0.000000000000000000e+00 3.078389587318851817e+00
-3.828133400000001529e+01 3.608056392295542758e-01 0.000000000000000000e+00 3.351010928793418664e+00
-3.803089600000001980e+01 3.584452344777927513e-01 0.000000000000000000e+00 2.933670766608366787e+00
-3.713338800000001072e+01 3.499861262436428921e-01 0.000000000000000000e+00 2.843611815247316876e+00
-3.752453800000001394e+01 3.536727565419663932e-01 0.000000000000000000e+00 3.059422135533098164e+00
-3.788563000000002745e+01 3.570760869975007634e-01 0.000000000000000000e+00 3.144375122116611188e+00
-3.750209200000001886e+01 3.534612006077310631e-01 0.000000000000000000e+00 3.400864035478946334e+00
-3.733968600000002169e+01 3.519305068068119269e-01 0.000000000000000000e+00 2.946649424501179393e+00
-3.677424200000002230e+01 3.466011370448147111e-01 0.000000000000000000e+00 3.161143455731348251e+00
-3.809304000000001622e+01 3.590309482787872875e-01 0.000000000000000000e+00 2.933435363239324190e+00
-3.736750200000002309e+01 3.521926755614538385e-01 0.000000000000000000e+00 2.602748914264114699e+00
-3.754360600000003956e+01 3.538524744673876565e-01 0.000000000000000000e+00 2.899306441405557599e+00
-3.739758800000002026e+01 3.524762393072172206e-01 0.000000000000000000e+00 2.933312741776209709e+00
-3.818089800000003464e+01 3.598590192611474392e-01 0.000000000000000000e+00 3.056633613184362108e+00
-3.786363400000002599e+01 3.568687723610647899e-01 0.000000000000000000e+00 3.086001967183200190e+00
-3.871297200000000061e+01 3.648738732285513042e-01 0.000000000000000000e+00 2.406987080999183792e+00
-3.859104800000001489e+01 3.637247265776686889e-01 0.000000000000000000e+00 3.088254595816513515e+00
-3.725079400000004171e+01 3.510926902646197001e-01 0.000000000000000000e+00 2.872956741468181807e+00
-3.786450400000003214e+01 3.568769722034770275e-01 0.000000000000000000e+00 3.302907692906755344e+00
-3.863141600000000153e+01 3.641051992655957581e-01 0.000000000000000000e+00 2.625612824847570970e+00
-3.730895800000003248e+01 3.516408921428547663e-01 0.000000000000000000e+00 2.279292535161830724e+00
-3.692533400000001365e+01 3.480251951939499766e-01 0.000000000000000000e+00 2.314715376713940564e+00
-3.826077200000001000e+01 3.606118401954391262e-01 0.000000000000000000e+00 2.760476736753558757e+00
-3.811885200000003948e+01 3.592742291205625604e-01 0.000000000000000000e+00 2.711108149387022603e+00
-3.815525400000001355e+01 3.596173218372172298e-01 0.000000000000000000e+00 3.904354085289546195e+00
-3.768055800000001909e+01 3.551432616145586141e-01 0.000000000000000000e+00 3.599244859217280101e+00
-3.847768400000003197e+01 3.626562588360374151e-01 0.000000000000000000e+00 2.932642453099459701e+00
-3.839966600000002472e+01 3.619209308988914908e-01 0.000000000000000000e+00 3.194227451222823255e+00
-3.811965600000004883e+01 3.592818069059642849e-01 0.000000000000000000e+00 2.627855928907623539e+00
-3.816396800000001122e+01 3.596994522128265648e-01 0.000000000000000000e+00 3.501034551368316095e+00
-3.890946000000000993e+01 3.667257934996928648e-01 0.000000000000000000e+00 2.740230452522067317e+00
-3.908123400000003045e+01 3.683447816956900156e-01 0.000000000000000000e+00 2.496962056896299131e+00
-3.935509000000001834e+01 3.709259035849336028e-01 0.000000000000000000e+00 3.652564638591754065e+00
-3.808340800000003412e+01 3.589401656556672759e-01 0.000000000000000000e+00 3.090512042164474948e+00
-3.792464400000002200e+01 3.574437980916047031e-01 0.000000000000000000e+00 2.895924001957777438e+00
-3.929403800000001468e+01 3.703504819999323128e-01 0.000000000000000000e+00 2.789407955820724982e+00
-3.801964800000001787e+01 3.583392208830195602e-01 0.000000000000000000e+00 2.948163690495417377e+00
-3.999705600000001482e+01 3.769765013251700769e-01 0.000000000000000000e+00 2.758232659897502437e+00
-4.030560199999999327e+01 3.798845801492182206e-01 0.000000000000000000e+00 3.070090066588544886e+00
-3.934185200000001004e+01 3.708011340287806212e-01 0.000000000000000000e+00 2.846834532218959435e+00
-4.005449600000002164e+01 3.775178794265013349e-01 0.000000000000000000e+00 3.372747432347711349e+00
-3.964873200000003095e+01 3.736935106258650885e-01 0.000000000000000000e+00 3.016151491013578489e+00
-3.818688400000002048e+01 3.599154379469858833e-01 0.000000000000000000e+00 2.316141945403296099e+00
-3.928842600000001539e+01 3.702975883038203686e-01 0.000000000000000000e+00 2.790284625669299690e+00
-3.978059000000003209e+01 3.749362862819466957e-01 0.000000000000000000e+00 3.126289686956036817e+00
-4.014833600000001468e+01 3.784023313942749822e-01 0.000000000000000000e+00 2.730205828756831377e+00
-3.968108200000001773e+01 3.739984128121126017e-01 0.000000000000000000e+00 2.817845669845434387e+00
-3.966304600000001557e+01 3.738284215963115775e-01 0.000000000000000000e+00 2.729013063007329265e+00
-4.009087600000000862e+01 3.778607647908193146e-01 0.000000000000000000e+00 3.015631640123364043e+00
-3.824400400000002520e+01 3.604538000143264198e-01 0.000000000000000000e+00 2.635545192747439369e+00
-3.790463600000002486e+01 3.572552205663360181e-01 0.000000000000000000e+00 2.771342826669651593e+00
-3.934043400000000901e+01 3.707877692281593140e-01 0.000000000000000000e+00 3.764823667976168853e+00
-3.906833200000001938e+01 3.682231789752272721e-01 0.000000000000000000e+00 2.501985684497475493e+00
-3.907868800000002096e+01 3.683207853752513694e-01 0.000000000000000000e+00 2.987243594483690146e+00
-3.845363200000002024e+01 3.624295661812110825e-01 0.000000000000000000e+00 2.949084661789145301e+00
-4.003879400000001709e+01 3.773698864086200144e-01 0.000000000000000000e+00 2.902587098539870514e+00
-4.019204800000002109e+01 3.788143216374050826e-01 0.000000000000000000e+00 3.176722283607378294e+00
-3.857377200000001949e+01 3.635618984425956213e-01 0.000000000000000000e+00 3.055507709571109398e+00
-3.896781600000002044e+01 3.672758049983225193e-01 0.000000000000000000e+00 2.520539327356650094e+00
-3.870763800000000288e+01 3.648235997119688157e-01 0.000000000000000000e+00 3.127070094887448359e+00
-3.831430200000000497e+01 3.611163661314463758e-01 0.000000000000000000e+00 2.856125721350090796e+00
-4.022568400000001532e+01 3.791313445102527657e-01 0.000000000000000000e+00 3.246251345121170306e+00
-4.009340600000003008e+01 3.778846103095584996e-01 0.000000000000000000e+00 2.429473181194938824e+00
-3.886711200000002009e+01 3.663266591014482931e-01 0.000000000000000000e+00 2.600110616033886490e+00
-3.952906800000002363e+01 3.725656647150416001e-01 0.000000000000000000e+00 3.302532958135575125e+00
-3.934715200000001545e+01 3.708510870917516855e-01 0.000000000000000000e+00 2.963527250855239714e+00
-3.937254800000002319e+01 3.710904470893389151e-01 0.000000000000000000e+00 3.194532437563033955e+00
-3.881732200000002564e+01 3.658573830627073753e-01 0.000000000000000000e+00 3.278797942939183585e+00
-3.948772599999999500e+01 3.721760119736549077e-01 0.000000000000000000e+00 3.581077515926560650e+00
-3.965662600000002413e+01 3.737679124143731269e-01 0.000000000000000000e+00 3.427135422678505350e+00
-3.952960600000001534e+01 3.725707354221883816e-01 0.000000000000000000e+00 3.838870103701732983e+00
-3.894492800000000443e+01 3.670600831671373410e-01 0.000000000000000000e+00 2.649651760083413965e+00
-3.926984399999999908e+01 3.701224509800225548e-01 0.000000000000000000e+00 2.539897293967420921e+00
-3.937660200000001964e+01 3.711286564699586288e-01 0.000000000000000000e+00 2.801855237249242681e+00
-3.952682000000002205e+01 3.725444770762568747e-01 0.000000000000000000e+00 2.755863420623618776e+00
-3.925645000000001517e+01 3.699962111072993554e-01 0.000000000000000000e+00 3.004290872193882134e+00
-3.844790000000003261e+01 3.623755414723527357e-01 0.000000000000000000e+00 3.159997869517246372e+00
-4.099151200000001438e+01 3.863493547572282583e-01 0.000000000000000000e+00 2.725979389907044137e+00
-4.082309000000003607e+01 3.847619595172840912e-01 0.000000000000000000e+00 3.914720779740661794e+00
-4.097506400000001747e+01 3.861943306101061624e-01 0.000000000000000000e+00 3.141788209577855540e+00
-3.965876800000000202e+01 3.737881009918981867e-01 0.000000000000000000e+00 2.872915189671714220e+00
-3.958109400000002864e+01 3.730560152912926197e-01 0.000000000000000000e+00 2.842821482147194878e+00
-3.982884000000002089e+01 3.753910476571072907e-01 0.000000000000000000e+00 3.207727564819214727e+00
-4.176501200000000580e+01 3.936396744191307806e-01 0.000000000000000000e+00 2.808892672695635806e+00
-4.161419800000003022e+01 3.922182364495250817e-01 0.000000000000000000e+00 3.517128943850754919e+00
-4.122610000000003083e+01 3.885603715753879750e-01 0.000000000000000000e+00 2.726558113939049566e+00
-4.086667200000001543e+01 3.851727244966052233e-01 0.000000000000000000e+00 2.499474282747708109e+00
-4.142751400000001638e+01 3.904587199197736558e-01 0.000000000000000000e+00 2.878885621279192453e+00
-4.050819600000001941e+01 3.817940501189450164e-01 0.000000000000000000e+00 2.933351531758975561e+00
-4.010778600000001148e+01 3.780201433370155573e-01 0.000000000000000000e+00 2.649670821141388188e+00
-3.977564400000002109e+01 3.748896697065778327e-01 0.000000000000000000e+00 2.315691822900988406e+00
-4.085903600000003877e+01 3.851007543855022863e-01 0.000000000000000000e+00 2.832127402741193123e+00
-4.171911200000003817e+01 3.932070620435896280e-01 0.000000000000000000e+00 2.941071555333518717e+00
-4.108060000000002532e+01 3.871890186202401329e-01 0.000000000000000000e+00 2.853540006533794582e+00
-4.115870000000003159e+01 3.879251194160961425e-01 0.000000000000000000e+00 2.981368581336057311e+00
-4.059536600000000561e+01 3.826156366282248977e-01 0.000000000000000000e+00 2.996660435232001873e+00
-4.090361400000003300e+01 3.855209067706196202e-01 0.000000000000000000e+00 2.917989318976443425e+00
-4.009111800000001580e+01 3.778630456665248438e-01 0.000000000000000000e+00 2.431097286128677926e+00
-3.966375800000002272e+01 3.738351322719409286e-01 0.000000000000000000e+00 2.566065881405450444e+00
-3.948577200000003273e+01 3.721575953160995431e-01 0.000000000000000000e+00 2.447790609322388011e+00
-4.054305200000003140e+01 3.821225716213824675e-01 0.000000000000000000e+00 2.935656483168232356e+00
-4.189634200000003261e+01 3.948774736191280055e-01 0.000000000000000000e+00 3.201903076444609031e+00
-4.163328200000005097e+01 3.923981051766458616e-01 0.000000000000000000e+00 2.771653967367543547e+00
-4.072033200000000619e+01 3.837934544522317304e-01 0.000000000000000000e+00 2.551013474849681995e+00
-4.097290800000001809e+01 3.861740100810938103e-01 0.000000000000000000e+00 2.979206856204610787e+00
-4.098047800000001217e+01 3.862453581351862897e-01 0.000000000000000000e+00 2.827558527382542763e+00
-4.032227200000002654e+01 3.800416966699217136e-01 0.000000000000000000e+00 2.870875145003346063e+00
-4.150379800000002462e+01 3.911777047227324999e-01 0.000000000000000000e+00 2.721458277608465703e+00
-4.106820400000002280e+01 3.870721850035252487e-01 0.000000000000000000e+00 3.280702859157599516e+00
-4.145062200000003116e+01 3.906765152743274516e-01 0.000000000000000000e+00 2.686627738178758662e+00
-4.005544400000004401e+01 3.775268144271990423e-01 0.000000000000000000e+00 2.137975509791608442e+00
-4.224549000000003218e+01 3.981682306059592391e-01 0.000000000000000000e+00 2.813839639687874428e+00
-4.195836600000001937e+01 3.954620564073759170e-01 0.000000000000000000e+00 3.104137287791663535e+00
-4.225559600000002547e+01 3.982634807294280765e-01 0.000000000000000000e+00 3.539089502948862265e+00
-4.277767000000003605e+01 4.031840836346229362e-01 0.000000000000000000e+00 2.997669985458234265e+00
-4.277067600000002301e+01 4.031181644417135002e-01 0.000000000000000000e+00 2.676638539839388375e+00
-4.311831600000002140e+01 4.063947083683635553e-01 0.000000000000000000e+00 3.338738635730747362e+00
-4.270592600000002648e+01 4.025078888139071998e-01 0.000000000000000000e+00 2.929611381219996424e+00
-4.209787200000000951e+01 3.967769152758352513e-01 0.000000000000000000e+00 2.988274627018207674e+00
-4.343638000000002108e+01 4.093924953534228695e-01 0.000000000000000000e+00 3.509760878383930915e+00
-4.434674400000003658e+01 4.179727727531493131e-01 0.000000000000000000e+00 3.206179390568950627e+00
-4.318997600000003700e+01 4.070701114801567599e-01 0.000000000000000000e+00 2.638198037041666666e+00
-4.361654600000001381e+01 4.110905790408259652e-01 0.000000000000000000e+00 3.247925292698945920e+00
-4.316945600000003225e+01 4.068767083005028762e-01 0.000000000000000000e+00 2.967659306466388092e+00
-4.377486400000002931e+01 4.125827430075139635e-01 0.000000000000000000e+00 2.670097033591086966e+00
-4.229127000000002568e+01 3.985997119687541557e-01 0.000000000000000000e+00 2.480759257411392582e+00
-4.345911600000001584e+01 4.096067845684622788e-01 0.000000000000000000e+00 2.651887622461716720e+00
-4.333265800000003054e+01 4.084149044859738398e-01 0.000000000000000000e+00 2.611197807624197953e+00
-4.334326000000000789e+01 4.085148294621281373e-01 0.000000000000000000e+00 2.833137067783428442e+00
-4.319681200000002264e+01 4.071345415062830320e-01 0.000000000000000000e+00 3.364261337189049517e+00
-4.394166200000002220e+01 4.141548318749554425e-01 0.000000000000000000e+00 2.952576621121273615e+00
-4.405656000000001882e+01 4.152377577295298106e-01 0.000000000000000000e+00 2.487148346881210337e+00
-4.437394200000000666e+01 4.182291167921463049e-01 0.000000000000000000e+00 3.442617899602369747e+00
-4.244699000000002798e+01 4.000673895094800647e-01 0.000000000000000000e+00 2.466262627412930897e+00
-4.329449200000003373e+01 4.080551858819452260e-01 0.000000000000000000e+00 2.684811793327778418e+00
-4.365045600000003390e+01 4.114101843927784330e-01 0.000000000000000000e+00 2.814620051015731317e+00
-4.392203400000004621e+01 4.139698358900509301e-01 0.000000000000000000e+00 3.277445519698214405e+00
-4.430800200000000899e+01 4.176076252879371009e-01 0.000000000000000000e+00 2.448370603341963658e+00
-4.461455800000000949e+01 4.204969481506057871e-01 0.000000000000000000e+00 3.333963481927215255e+00
-4.546980200000002270e+01 4.285577136954336064e-01 0.000000000000000000e+00 3.271677317260794027e+00
-4.489268600000002607e+01 4.231183340936254811e-01 0.000000000000000000e+00 3.183243187459777968e+00
-4.442318600000004380e+01 4.186932467228909882e-01 0.000000000000000000e+00 2.564490229101205720e+00
-4.457319600000003135e+01 4.201071069070951847e-01 0.000000000000000000e+00 2.935177415934876688e+00
-4.354562200000003003e+01 4.104221128072116365e-01 0.000000000000000000e+00 3.080757655453009392e+00
-4.439771800000004021e+01 4.184532081176559060e-01 0.000000000000000000e+00 3.626538193813471533e+00
-4.637424000000002877e+01 4.370821379156946129e-01 0.000000000000000000e+00 3.286321139990965090e+00
-4.515054800000002189e+01 4.255487108339713331e-01 0.000000000000000000e+00 1.967413211489501546e+00
-4.487743200000002020e+01 4.229745635233311263e-01 0.000000000000000000e+00 2.724784307018398355e+00
-4.503540400000001398e+01 4.244634664032665428e-01 0.000000000000000000e+00 2.583403404403351811e+00
-4.484001600000004117e+01 4.226219137489683475e-01 0.000000000000000000e+00 2.966448092823837257e+00
-4.523803600000003655e+01 4.263732945270296559e-01 0.000000000000000000e+00 2.941229890537959246e+00
-4.551825000000002319e+01 4.290143412416260182e-01 0.000000000000000000e+00 2.884182416284386541e+00
-4.572434200000002136e+01 4.309567802329134500e-01 0.000000000000000000e+00 2.936674593226326735e+00
-4.545921200000003637e+01 4.284579018205538770e-01 0.000000000000000000e+00 2.248934425984848051e+00
-4.472906000000001825e+01 4.215761416631167435e-01 0.000000000000000000e+00 2.677610143920933883e+00
-4.552771400000003865e+01 4.291035404469012438e-01 0.000000000000000000e+00 2.609998193776998043e+00
-4.562144200000003735e+01 4.299869368027781635e-01 0.000000000000000000e+00 2.697093932259368998e+00
-4.459356200000003412e+01 4.202990586203910195e-01 0.000000000000000000e+00 2.711997177629561939e+00
-4.469157400000001701e+01 4.212228321313182811e-01 0.000000000000000000e+00 2.877286309422104171e+00
-4.455569200000002184e+01 4.199421298478036024e-01 0.000000000000000000e+00 2.928675168391939643e+00
-4.478083000000003011e+01 4.220640794121752748e-01 0.000000000000000000e+00 3.105135081740983072e+00
-4.421929000000003640e+01 4.167715052648646723e-01 0.000000000000000000e+00 2.920191324626563389e+00
-4.470640200000001840e+01 4.213625876063625264e-01 0.000000000000000000e+00 2.984003253240434805e+00
-4.494383400000002382e+01 4.236004094266144770e-01 0.000000000000000000e+00 2.588829374241055081e+00
-4.518809000000003095e+01 4.259025481717181871e-01 0.000000000000000000e+00 2.619446479639728764e+00
-4.523729000000002287e+01 4.263662633977887140e-01 0.000000000000000000e+00 2.774789995566321554e+00
-4.611749000000001075e+01 4.346622418934662502e-01 0.000000000000000000e+00 3.604886313216010940e+00
-4.472654200000000202e+01 4.215524092456522376e-01 0.000000000000000000e+00 2.429131123256988545e+00
-4.525992200000002441e+01 4.265795724017812374e-01 0.000000000000000000e+00 3.406386850264151445e+00
-4.631352200000002739e+01 4.365098643161711145e-01 0.000000000000000000e+00 3.286111240165711767e+00
-4.534164800000002771e+01 4.273498486327943491e-01 0.000000000000000000e+00 3.028083762784709698e+00
-4.412473599999999863e+01 4.158803237712488943e-01 0.000000000000000000e+00 2.160901616891159449e+00
-4.486775200000002428e+01 4.228833284951123983e-01 0.000000000000000000e+00 3.029760838395458400e+00
-4.469948000000000832e+01 4.212973470211009985e-01 0.000000000000000000e+00 2.323858319191763222e+00
-4.525048000000001736e+01 4.264905805488429791e-01 0.000000000000000000e+00 2.571719450429453158e+00
-4.474220600000001724e+01 4.217000441094972962e-01 0.000000000000000000e+00 3.057892108402502807e+00
-4.531635800000003655e+01 4.271114876964667295e-01 0.000000000000000000e+00 3.077157450109376136e+00
-4.521559800000002127e+01 4.261618139936439453e-01 0.000000000000000000e+00 2.503873102198901357e+00
-4.581414200000002523e+01 4.318031547715545093e-01 0.000000000000000000e+00 3.087201448835648510e+00
-4.597137400000003282e+01 4.332850830728865454e-01 0.000000000000000000e+00 2.719899465708171427e+00
-4.494255199999999917e+01 4.235883264404389781e-01 0.000000000000000000e+00 2.957253804040348655e+00
-4.455803200000002562e+01 4.199641845963606457e-01 0.000000000000000000e+00 2.814390827492647240e+00
-4.502857200000001825e+01 4.243990740775650528e-01 0.000000000000000000e+00 2.769568815803411077e+00
-4.525341600000000852e+01 4.265182526607075864e-01 0.000000000000000000e+00 3.258804047057011211e+00
-4.499222400000000732e+01 4.240564903166459398e-01 0.000000000000000000e+00 2.754703384465898797e+00
-4.570544599999999491e+01 4.307786834257621988e-01 0.000000000000000000e+00 2.657318810320057789e+00
-4.480118400000001344e+01 4.222559180241962640e-01 0.000000000000000000e+00 2.862839140572155383e+00
-4.530346000000005091e+01 4.269899226764290456e-01 0.000000000000000000e+00 3.249292606588751742e+00
-4.547546600000003991e+01 4.286110974970691601e-01 0.000000000000000000e+00 2.905406138553340956e+00
-4.559090600000001814e+01 4.296991317592150916e-01 0.000000000000000000e+00 3.501199168360647374e+00
-4.505913800000003988e+01 4.246871618743147114e-01 0.000000000000000000e+00 2.424220536471569432e+00
-4.503163600000000599e+01 4.244279526030259042e-01 0.000000000000000000e+00 2.885235993482135886e+00
-4.531763200000003877e+01 4.271234952817922204e-01 0.000000000000000000e+00 2.817754613732019298e+00
-4.555420600000000775e+01 4.293532303609062795e-01 0.000000000000000000e+00 2.862950042918399607e+00
-4.665265600000002166e+01 4.397062382893057175e-01 0.000000000000000000e+00 2.626350733511840563e+00
-4.668722000000001771e+01 4.400320076607265318e-01 0.000000000000000000e+00 3.640432533020594885e+00
-4.581239400000002604e+01 4.317866796858803036e-01 0.000000000000000000e+00 2.578754486683425551e+00
-4.564266800000003599e+01 4.301869941074239478e-01 0.000000000000000000e+00 2.856474969590133028e+00
-4.687246400000000079e+01 4.417779520375195168e-01 0.000000000000000000e+00 2.816532184400102778e+00
-4.694696200000001340e+01 4.424801036007677268e-01 0.000000000000000000e+00 2.865982508591340849e+00
-4.686881200000004100e+01 4.417435315496009429e-01 0.000000000000000000e+00 2.802050532398938198e+00
-4.685765800000001491e+01 4.416384039148122942e-01 0.000000000000000000e+00 2.558287685277483625e+00
-4.712088200000000171e+01 4.441193180747147196e-01 0.000000000000000000e+00 3.076863989351114714e+00
-4.591235999999999962e+01 4.327288698543632628e-01 0.000000000000000000e+00 2.041076820967527183e+00
-4.710872000000004078e+01 4.440046899328559671e-01 0.000000000000000000e+00 3.069379710967837571e+00
-4.717516400000005916e+01 4.446309316906007503e-01 0.000000000000000000e+00 2.626117985052876858e+00
-4.694829000000002139e+01 4.424926201418292182e-01 0.000000000000000000e+00 2.433909292795348733e+00
-4.636524800000005087e+01 4.369973873605560444e-01 0.000000000000000000e+00 2.756436811511293161e+00
-4.583833200000000119e+01 4.320311480910390411e-01 0.000000000000000000e+00 2.775697396719890353e+00
-4.495770400000002809e+01 4.237311356498990600e-01 0.000000000000000000e+00 2.499507176876386350e+00
-4.662648200000001708e+01 4.394595455590786237e-01 0.000000000000000000e+00 3.106885080382444819e+00
-4.617924400000001839e+01 4.352442799030347143e-01 0.000000000000000000e+00 2.654056013746704856e+00
-4.662209800000002957e+01 4.394182258934061225e-01 0.000000000000000000e+00 2.893991128339036489e+00
-4.531852600000001985e+01 4.271319213267535386e-01 0.000000000000000000e+00 2.139518619256549847e+00
-4.559642200000001111e+01 4.297511206451297694e-01 0.000000000000000000e+00 3.154341160221365126e+00
-4.587257400000004282e+01 4.323538825782570760e-01 0.000000000000000000e+00 2.589086191534758719e+00
-4.623216400000001869e+01 4.357430565242472187e-01 0.000000000000000000e+00 2.902715912136373255e+00
-4.720713400000003190e+01 4.449322523364841464e-01 0.000000000000000000e+00 3.500314866882288545e+00
-4.682595400000003139e+01 4.413395903471835080e-01 0.000000000000000000e+00 2.636352878980560810e+00
-4.793046800000001895e+01 4.517497521197065824e-01 0.000000000000000000e+00 3.066713546179230310e+00
-4.712271000000001919e+01 4.441365471688867861e-01 0.000000000000000000e+00 2.725868066110020749e+00
-4.700636600000001408e+01 4.430399926107168596e-01 0.000000000000000000e+00 3.045241091987179960e+00
-4.622966000000003817e+01 4.357194560582701715e-01 0.000000000000000000e+00 2.675478191262113281e+00
-4.707601400000001490e+01 4.436964324087934175e-01 0.000000000000000000e+00 2.736333695205903194e+00
-4.760862800000002437e+01 4.487163759335570101e-01 0.000000000000000000e+00 3.185367309587051388e+00
-4.594343200000003691e+01 4.330217267548608917e-01 0.000000000000000000e+00 3.007705457145938066e+00
-4.552259400000003353e+01 4.290552839030499221e-01 0.000000000000000000e+00 2.449975520876265467e+00
-4.821735800000002570e+01 4.544537208434341613e-01 0.000000000000000000e+00 3.498406708779921548e+00
-4.775407400000004543e+01 4.500872199329690737e-01 0.000000000000000000e+00 2.428651996338127894e+00
-4.664000000000002899e+01 4.395869541449735074e-01 0.000000000000000000e+00 2.517119854680797797e+00
-4.808789200000002495e+01 4.532334900414330403e-01 0.000000000000000000e+00 3.837444932192789704e+00
-4.754926400000003639e+01 4.481568639278568078e-01 0.000000000000000000e+00 2.809698562483926132e+00
-4.731399200000002025e+01 4.459394003370419912e-01 0.000000000000000000e+00 2.510532735596373133e+00
-4.826175600000002675e+01 4.548721767094318080e-01 0.000000000000000000e+00 3.136728699039458945e+00
-4.836495800000002987e+01 4.558448665216460194e-01 0.000000000000000000e+00 3.090624923541541502e+00
-4.709664600000003531e+01 4.438908912003441953e-01 0.000000000000000000e+00 2.934713518942976052e+00
-4.767493200000004094e+01 4.493412981764308700e-01 0.000000000000000000e+00 2.659364598860549211e+00
-4.781592600000001880e+01 4.506701816029468621e-01 0.000000000000000000e+00 3.228579926209544482e+00
-4.767227000000004722e+01 4.493162085436707698e-01 0.000000000000000000e+00 2.168011528422701062e+00
-4.760162400000002947e+01 4.486503624895855635e-01 0.000000000000000000e+00 3.151728532800483151e+00
-4.730413400000001900e+01 4.458464876399159116e-01 0.000000000000000000e+00 2.767079500130858793e+00
-4.764922800000001502e+01 4.490990352461273760e-01 0.000000000000000000e+00 2.706471152517628376e+00
-4.801394800000000629e+01 4.525365599870311284e-01 0.000000000000000000e+00 3.000916595008594978e+00
-4.872779000000001304e+01 4.592645966620045317e-01 0.000000000000000000e+00 3.445717762159960174e+00
-4.818278400000003359e+01 4.541278572209512254e-01 0.000000000000000000e+00 3.207221003264636217e+00
-4.695863400000004617e+01 4.425901134405789139e-01 0.000000000000000000e+00 2.433125306351499706e+00
-4.702614200000001432e+01 4.432263835113423034e-01 0.000000000000000000e+00 3.520779298066399221e+00
-4.803839400000003224e+01 4.527669661337086482e-01 0.000000000000000000e+00 2.826045301981644275e+00
-4.746003800000003281e+01 4.473158994001865674e-01 0.000000000000000000e+00 2.266581637566477347e+00
-4.784086400000003181e+01 4.509052249018849490e-01 0.000000000000000000e+00 3.087709027726386779e+00
-4.816546800000001127e+01 4.539646520816290609e-01 0.000000000000000000e+00 2.989396834026705196e+00
-4.701435800000001564e+01 4.431153180596347219e-01 0.000000000000000000e+00 2.884455430535100451e+00
-4.722245000000003756e+01 4.450766072633642323e-01 0.000000000000000000e+00 2.529246032003221956e+00
-4.892088400000003645e+01 4.610845281226322867e-01 0.000000000000000000e+00 2.772636256972556890e+00
-4.849581600000004045e+01 4.570782170715068093e-01 0.000000000000000000e+00 2.517240934950387032e+00
-4.831418600000002783e+01 4.553663350285960809e-01 0.000000000000000000e+00 2.627973796627663283e+00
-4.825801000000003427e+01 4.548368702615281922e-01 0.000000000000000000e+00 3.332158944561045555e+00
-4.677633200000003200e+01 4.408718977262877092e-01 0.000000000000000000e+00 3.218328335412844243e+00
-4.798378200000003346e+01 4.522522422327702740e-01 0.000000000000000000e+00 3.157982580679434825e+00
-4.794991400000001391e+01 4.519330327352790722e-01 0.000000000000000000e+00 3.066599428940760319e+00
-4.814362400000003106e+01 4.537587700613389119e-01 0.000000000000000000e+00 3.173816752366146687e+00
-4.749417800000004064e+01 4.476376725265697742e-01 0.000000000000000000e+00 2.952662534654360904e+00
-4.764916400000004160e+01 4.490984320393294760e-01 0.000000000000000000e+00 3.178161130785593702e+00
-4.764649800000000823e+01 4.490733047061441496e-01 0.000000000000000000e+00 3.028412794073669811e+00
-4.797432600000003333e+01 4.521631184283450011e-01 0.000000000000000000e+00 2.908339255863380490e+00
-4.771289400000001990e+01 4.496990940587902719e-01 0.000000000000000000e+00 2.455367512651794204e+00
-4.800782600000001565e+01 4.524788594867465985e-01 0.000000000000000000e+00 2.831098966925969407e+00
-4.921602200000004501e+01 4.638662351224702718e-01 0.000000000000000000e+00 3.330188082521114534e+00
-4.829400200000002741e+01 4.551760986846324353e-01 0.000000000000000000e+00 2.526713991160707273e+00
-4.861178800000003264e+01 4.581712654901624049e-01 0.000000000000000000e+00 2.875549068457547985e+00
-4.744263200000003877e+01 4.471518460013048091e-01 0.000000000000000000e+00 2.629583585226552334e+00
-4.863756600000000674e+01 4.584142258783257540e-01 0.000000000000000000e+00 2.619276273093756657e+00
-4.937531600000001220e+01 4.653675979928295070e-01 0.000000000000000000e+00 3.405082378116807806e+00
-4.905335200000003226e+01 4.623330530935086946e-01 0.000000000000000000e+00 2.884766254574417488e+00
-5.037639800000002310e+01 4.748029021787077975e-01 0.000000000000000000e+00 2.794151107530358669e+00
-4.842558000000003204e+01 4.564162353109722514e-01 0.000000000000000000e+00 3.074810235353450771e+00
-4.866284400000002819e+01 4.586524737133790275e-01 0.000000000000000000e+00 2.869826432872225386e+00
-4.803332600000003083e+01 4.527191996953808806e-01 0.000000000000000000e+00 1.938866446847516301e+00
-4.842130400000003476e+01 4.563759335567715292e-01 0.000000000000000000e+00 2.843591675141375230e+00
-4.988265600000001854e+01 4.701493313829648857e-01 0.000000000000000000e+00 3.055880722337761757e+00
-4.925702600000000331e+01 4.642527021779536134e-01 0.000000000000000000e+00 3.048995445187106412e+00
-4.804186000000002821e+01 4.527996335518704174e-01 0.000000000000000000e+00 2.625778673541287134e+00
-4.837963800000003545e+01 4.559832270809695554e-01 0.000000000000000000e+00 2.479143373510334314e+00
-4.884421000000003232e+01 4.603618675282473705e-01 0.000000000000000000e+00 2.903560988656598507e+00
-4.878623200000002669e+01 4.598154187197692200e-01 0.000000000000000000e+00 2.885860022046191187e+00
-4.923245800000004380e+01 4.640211461683177441e-01 0.000000000000000000e+00 3.079595765850847044e+00
-5.000994400000001860e+01 4.713490343036167984e-01 0.000000000000000000e+00 2.741393803436344978e+00
-4.934530200000003930e+01 4.650847128547142550e-01 0.000000000000000000e+00 2.962909622977953017e+00
-4.928592600000002477e+01 4.645250877477391516e-01 0.000000000000000000e+00 2.044463120882963114e+00
-4.836266800000003485e+01 4.558232830284000836e-01 0.000000000000000000e+00 3.186578852247645255e+00
-4.925995400000002178e+01 4.642802988889687121e-01 0.000000000000000000e+00 3.607791052971752066e+00
-4.923078200000001203e+01 4.640053496902911689e-01 0.000000000000000000e+00 2.988941672649536585e+00
-4.884103800000004014e+01 4.603319710913145735e-01 0.000000000000000000e+00 2.669597710350207986e+00
-4.943204400000001186e+01 4.659022654185314138e-01 0.000000000000000000e+00 2.355837051966493956e+00
-5.047636400000004642e+01 4.757450923471912008e-01 0.000000000000000000e+00 3.266795688902865091e+00
-5.091180600000001988e+01 4.798491794502526275e-01 0.000000000000000000e+00 2.674544862094777820e+00
-5.115605800000003001e+01 4.821512804949315001e-01 0.000000000000000000e+00 3.290197779606152118e+00
-5.113479600000001568e+01 4.819508838864615674e-01 0.000000000000000000e+00 2.950024530626308206e+00
-5.070779800000003945e+01 4.779263823803298061e-01 0.000000000000000000e+00 3.057855568858012685e+00
-5.131457400000005009e+01 4.836453106326513152e-01 0.000000000000000000e+00 2.428558242558532587e+00
-5.123947000000000429e+01 4.829374474550328644e-01 0.000000000000000000e+00 2.982414005821662162e+00
-5.008206800000002801e+01 4.720288106646964854e-01 0.000000000000000000e+00 2.815945650620495400e+00
-5.013960800000005236e+01 4.725711312766500138e-01 0.000000000000000000e+00 2.704326012251742739e+00
-5.127065400000000750e+01 4.832313599674269433e-01 0.000000000000000000e+00 3.128464335301996968e+00
-5.228185000000003413e+01 4.927619896776240238e-01 0.000000000000000000e+00 3.494174946661770420e+00
-5.157304000000004862e+01 4.860813801371546283e-01 0.000000000000000000e+00 2.827634511121416061e+00
-5.161434600000002604e+01 4.864706935747168393e-01 0.000000000000000000e+00 2.902348598803000002e+00
-5.104096400000001665e+01 4.810665073195376507e-01 0.000000000000000000e+00 2.841395794910904993e+00
-5.166601200000002336e+01 4.869576511127282625e-01 0.000000000000000000e+00 2.224675950765673260e+00
-5.174586400000004716e+01 4.877102646946835929e-01 0.000000000000000000e+00 2.625225196978827835e+00
-5.237014600000003384e+01 4.935941888565087421e-01 0.000000000000000000e+00 2.698048178895329663e+00
-5.215589800000000764e+01 4.915748786988830554e-01 0.000000000000000000e+00 3.279621676074510273e+00
-5.196125200000001598e+01 4.897403194734006315e-01 0.000000000000000000e+00 2.711849154742344226e+00
-5.144434000000001106e+01 4.848683689665183594e-01 0.000000000000000000e+00 2.431722150612149580e+00
-5.150890600000003872e+01 4.854769103747803016e-01 0.000000000000000000e+00 2.343031143488616852e+00
-5.226341800000002280e+01 4.925882661197594214e-01 0.000000000000000000e+00 2.277674155373539122e+00
-5.300912400000003544e+01 4.996166243793571105e-01 0.000000000000000000e+00 3.329935516199142409e+00
-5.224044400000001076e+01 4.923717337294392649e-01 0.000000000000000000e+00 2.351746444894675658e+00
-5.186534200000000538e+01 4.888363575357494994e-01 0.000000000000000000e+00 2.128085046203451736e+00
-5.626899400000002061e+01 5.303412453958358252e-01 0.000000000000000000e+00 3.672180996227520478e+00
-5.807831200000002525e+01 5.473942597333074644e-01 0.000000000000000000e+00 2.622205500629444686e+00
-5.849709800000002957e+01 5.513413622671530234e-01 0.000000000000000000e+00 2.704305533586369936e+00
-5.983181600000003186e+01 5.639212211921631468e-01 0.000000000000000000e+00 3.064144916751250225e+00
-5.844504200000004346e+01 5.508507289377155836e-01 0.000000000000000000e+00 2.809951457403785380e+00
-5.817110200000004028e+01 5.482688153395492980e-01 0.000000000000000000e+00 2.709728639512440918e+00
-5.877255200000004010e+01 5.539375454761379380e-01 0.000000000000000000e+00 2.665941354560440679e+00
-5.902856600000001208e+01 5.563505046201872029e-01 0.000000000000000000e+00 2.730716698176691271e+00
-5.835792600000004171e+01 5.500296513841714807e-01 0.000000000000000000e+00 2.619583169348771445e+00
-5.867094200000004633e+01 5.529798604330274925e-01 0.000000000000000000e+00 2.115147509108735946e+00
-5.819228800000003332e+01 5.484684956399461520e-01 0.000000000000000000e+00 2.698663241751330322e+00
-5.823006800000001704e+01 5.488245761529734201e-01 0.000000000000000000e+00 2.387369177837581180e+00
-5.840799800000001341e+01 5.505015853028665251e-01 0.000000000000000000e+00 2.615337178948809793e+00
-5.902452600000001581e+01 5.563124271910546703e-01 0.000000000000000000e+00 2.738256044820122526e+00
-5.867193800000003989e+01 5.529892478388235277e-01 0.000000000000000000e+00 2.587925577699854873e+00
-5.744550200000004025e+01 5.414299582656300069e-01 0.000000000000000000e+00 2.158609466083818429e+00
-5.857451200000001990e+01 5.520709974401413200e-01 0.000000000000000000e+00 2.461601174947113169e+00
-5.867212000000002092e+01 5.529909632081555504e-01 0.000000000000000000e+00 2.747262352439480804e+00
-5.986261200000005545e+01 5.642114767633437111e-01 0.000000000000000000e+00 3.234963728249031778e+00
-5.924878399999999345e+01 5.584260826619515949e-01 0.000000000000000000e+00 2.654746774536723031e+00
-5.872418800000001937e+01 5.534817096388678914e-01 0.000000000000000000e+00 2.721081645721573405e+00
-5.920318800000003279e+01 5.579963355187016472e-01 0.000000000000000000e+00 2.176516376605589276e+00
-6.033522000000002805e+01 5.686658573642128234e-01 0.000000000000000000e+00 2.738270211707243718e+00
-5.918189400000005662e+01 5.577956373068330143e-01 0.000000000000000000e+00 3.008257276829892746e+00
-5.959134799999999643e+01 5.616547847494240964e-01 0.000000000000000000e+00 2.477288117084176289e+00
-5.913067800000002450e+01 5.573129210666206701e-01 0.000000000000000000e+00 2.579517192456328711e+00
-5.937265800000004390e+01 5.595936082699656255e-01 0.000000000000000000e+00 3.085865402289358350e+00
-5.922734400000008037e+01 5.582240083845753098e-01 0.000000000000000000e+00 2.243098552094419329e+00
-5.954768600000004852e+01 5.612432657616056586e-01 0.000000000000000000e+00 2.515327186823160588e+00
-5.978283600000002451e+01 5.634595794894611265e-01 0.000000000000000000e+00 2.205347662256039953e+00
-6.002182800000004192e+01 5.657121044754178651e-01 0.000000000000000000e+00 3.251453041709260638e+00
-5.939035800000004173e+01 5.597604326500763561e-01 0.000000000000000000e+00 2.615372543027903340e+00
-5.928051800000003624e+01 5.587251789827675230e-01 0.000000000000000000e+00 2.265028181258446960e+00
-5.844432800000002715e+01 5.508439994118736749e-01 0.000000000000000000e+00 1.967174065109746017e+00
-5.920388200000002854e+01 5.580028765424189796e-01 0.000000000000000000e+00 2.880012144347991132e+00
-5.926083600000005447e+01 5.585396740421270101e-01 0.000000000000000000e+00 2.496804121211956051e+00
-5.852818600000003357e+01 5.516343699693498914e-01 0.000000000000000000e+00 2.393672452425141373e+00
-6.063574200000002179e+01 5.714983091359442380e-01 0.000000000000000000e+00 2.380708482494701350e+00
-6.154075600000003732e+01 5.800281622173886209e-01 0.000000000000000000e+00 3.522612824076395199e+00
-6.043384400000002188e+01 5.695953990401474432e-01 0.000000000000000000e+00 2.400268268437652619e+00
-6.056818000000004787e+01 5.708615301094448480e-01 0.000000000000000000e+00 2.275084103673505442e+00
-5.993101600000002094e+01 5.648561917292810319e-01 0.000000000000000000e+00 2.499011522348851599e+00
-6.123790400000000744e+01 5.771737499481620626e-01 0.000000000000000000e+00 2.771619710308342199e+00
-6.031161200000004641e+01 5.684433494565488409e-01 0.000000000000000000e+00 2.612989697694689362e+00
-6.096194200000003605e+01 5.745727787852172863e-01 0.000000000000000000e+00 2.158611242909699968e+00
-6.021990200000003313e+01 5.675789729650256854e-01 0.000000000000000000e+00 2.477020290998069640e+00
-6.151741000000006210e+01 5.798081236875545219e-01 0.000000000000000000e+00 2.536098995833298009e+00
-6.047721600000000564e+01 5.700041847471621903e-01 0.000000000000000000e+00 1.991004770995100648e+00
-6.086314200000001051e+01 5.736415782905874838e-01 0.000000000000000000e+00 2.848484923716891437e+00
-6.019416600000002404e+01 5.673364084313232691e-01 0.000000000000000000e+00 2.420598493328257383e+00
-6.088539600000004270e+01 5.738513246044286698e-01 0.000000000000000000e+00 2.747218841228343145e+00
-5.926621600000001422e+01 5.585903811135952690e-01 0.000000000000000000e+00 2.818698765861777034e+00
-6.116789399999998977e+01 5.765138982616333507e-01 0.000000000000000000e+00 2.592264010194465840e+00
-6.002642200000003214e+01 5.657554034133968068e-01 0.000000000000000000e+00 2.189908104689750612e+00
-6.107071800000005624e+01 5.755980041395072355e-01 0.000000000000000000e+00 2.499316728784857222e+00
-5.989730200000002469e+01 5.645384336981480455e-01 0.000000000000000000e+00 3.375644535297344984e+00
-6.070467600000005604e+01 5.721480194081792758e-01 0.000000000000000000e+00 2.852158840942003781e+00
-6.116563400000003270e+01 5.764925975215744458e-01 0.000000000000000000e+00 2.752848956594281304e+00
-6.106543200000005100e+01 5.755481830280232414e-01 0.000000000000000000e+00 3.043765285249986796e+00
-5.996313400000002503e+01 5.651589072908854705e-01 0.000000000000000000e+00 2.706690258749996136e+00
-6.086285800000005253e+01 5.736389015604210773e-01 0.000000000000000000e+00 2.749045734934876251e+00
-6.116046200000003807e+01 5.764438508721997367e-01 0.000000000000000000e+00 2.587382049730709177e+00
-6.056351400000004759e+01 5.708175525638178316e-01 0.000000000000000000e+00 2.686947782909978155e+00
-6.083796400000002791e+01 5.734042729661565918e-01 0.000000000000000000e+00 3.267514507213781894e+00
-6.046974200000005339e+01 5.699337415032672549e-01 0.000000000000000000e+00 2.782302626983119698e+00
-5.929311800000002108e+01 5.588439353211512861e-01 0.000000000000000000e+00 2.717831838933974620e+00
-6.067236800000006269e+01 5.718435130763930285e-01 0.000000000000000000e+00 2.907690180058405183e+00
-5.976510000000004652e+01 5.632924158055265806e-01 0.000000000000000000e+00 2.494840198764989747e+00
-6.087100999999999829e+01 5.737157350263337730e-01 0.000000000000000000e+00 2.625438811672895056e+00
-6.015931200000001411e+01 5.670079057790983201e-01 0.000000000000000000e+00 2.318556059069191377e+00
-6.090288400000007840e+01 5.740161508620209574e-01 0.000000000000000000e+00 2.797504817111422959e+00
-6.219172400000000067e+01 5.861636047638256741e-01 0.000000000000000000e+00 3.034472377385424746e+00
-6.183613000000003268e+01 5.828120935422945736e-01 0.000000000000000000e+00 2.692112695102363951e+00
-6.184054800000003382e+01 5.828537336615786657e-01 0.000000000000000000e+00 2.376625230225719587e+00
-6.130537400000005732e+01 5.778096618648898009e-01 0.000000000000000000e+00 3.021111883704843404e+00
-6.212031000000004610e+01 5.854905202281633914e-01 0.000000000000000000e+00 2.924036501917418374e+00
-6.109479400000002869e+01 5.758249229968824823e-01 0.000000000000000000e+00 2.482573371852340838e+00
-6.057508400000003235e+01 5.709266010427941351e-01 0.000000000000000000e+00 2.341168245919333923e+00
-6.144484600000000540e+01 5.791242002797372113e-01 0.000000000000000000e+00 2.505325898493168779e+00
-6.070593800000004592e+01 5.721599138922299765e-01 0.000000000000000000e+00 2.229534866868382981e+00
-6.249921200000003552e+01 5.890617118254926066e-01 0.000000000000000000e+00 2.729358689586291575e+00
-6.091379600000004046e+01 5.741189976211036328e-01 0.000000000000000000e+00 2.253868167293596070e+00
-6.233526000000002654e+01 5.875164468103558635e-01 0.000000000000000000e+00 2.695074313324853144e+00
-6.106709600000002069e+01 5.755638664047746378e-01 0.000000000000000000e+00 2.170928833933539526e+00
-6.207518000000000313e+01 5.850651651844116508e-01 0.000000000000000000e+00 2.503353679213610850e+00
-6.117557600000004925e+01 5.765863019276231682e-01 0.000000000000000000e+00 2.179574521778009810e+00
-6.186435400000005558e+01 5.830781077402747981e-01 0.000000000000000000e+00 2.976717986710880837e+00
-6.118966800000002593e+01 5.767191205244885932e-01 0.000000000000000000e+00 2.686649914560902186e+00
-6.136291800000002183e+01 5.783520201772676117e-01 0.000000000000000000e+00 2.671991643078777567e+00
-6.202949200000004026e+01 5.846345509313893851e-01 0.000000000000000000e+00 3.018066222194522474e+00
-6.187470400000005810e+01 5.831756575896616113e-01 0.000000000000000000e+00 2.624102298831223923e+00
-6.310018600000001499e+01 5.947259556115198631e-01 0.000000000000000000e+00 3.026002430684597400e+00
-6.317629800000005247e+01 5.954433192962089727e-01 0.000000000000000000e+00 2.572650535807360139e+00
-6.127458200000000943e+01 5.775194439941339075e-01 0.000000000000000000e+00 2.721657660523612687e+00
-6.312162000000000717e+01 5.949279733382596413e-01 0.000000000000000000e+00 2.865081049217605980e+00
-6.275314800000008120e+01 5.914550855988155442e-01 0.000000000000000000e+00 2.518313200989660494e+00
-6.319403200000002840e+01 5.956104641299310165e-01 0.000000000000000000e+00 2.383779147745924476e+00
-6.301538000000002882e+01 5.939266500533464388e-01 0.000000000000000000e+00 2.662526033296161554e+00
-6.323802600000001206e+01 5.960251122530152434e-01 0.000000000000000000e+00 3.284309688476746647e+00
-6.199652600000005265e+01 5.843238428797097317e-01 0.000000000000000000e+00 3.012008769442074296e+00
-6.222526200000004337e+01 5.864797039762642550e-01 0.000000000000000000e+00 2.520321467502015800e+00
-6.385809600000003172e+01 6.018693378674381256e-01 0.000000000000000000e+00 2.657429637975748271e+00
-6.288923000000002617e+01 5.927376729035739311e-01 0.000000000000000000e+00 2.086216668948356556e+00
-6.363668800000002790e+01 5.997825439492705524e-01 0.000000000000000000e+00 2.606978922833279810e+00
-6.266702799999998774e+01 5.906433954510666995e-01 0.000000000000000000e+00 2.482512374859245252e+00
-6.349797400000003478e+01 5.984751497649382079e-01 0.000000000000000000e+00 2.870776493086246273e+00
-6.320987000000003064e+01 5.957597389622584227e-01 0.000000000000000000e+00 2.791438925038880026e+00
-6.399589200000005462e+01 6.031680798042599045e-01 0.000000000000000000e+00 2.622168698457000069e+00
-6.339600800000004455e+01 5.975141093840131701e-01 0.000000000000000000e+00 2.775435689436521969e+00
-6.284357000000003524e+01 5.923073225535255837e-01 0.000000000000000000e+00 2.218669955995340004e+00
-6.422117200000006676e+01 6.052913677337150578e-01 0.000000000000000000e+00 2.457318622100360006e+00
-6.411854600000005178e+01 6.043241067826840007e-01 0.000000000000000000e+00 2.609791865822469692e+00
-6.407682000000002631e+01 6.039308348005084648e-01 0.000000000000000000e+00 2.812764910334327961e+00
-6.397507000000004496e+01 6.029718302425273180e-01 0.000000000000000000e+00 2.513889993555201041e+00
-6.452009400000004291e+01 6.081087393354926984e-01 0.000000000000000000e+00 2.461008135786650453e+00
-6.435194400000003156e+01 6.065239077244404253e-01 0.000000000000000000e+00 2.784661712269880685e+00
-6.400207600000003083e+01 6.032263646611299990e-01 0.000000000000000000e+00 2.547900520516545697e+00
-6.421197000000002220e+01 6.052046379062694381e-01 0.000000000000000000e+00 2.396370216819722287e+00
-6.423786800000003439e+01 6.054487293071796339e-01 0.000000000000000000e+00 2.930673900674888532e+00
-6.439527400000005741e+01 6.069322975769942952e-01 0.000000000000000000e+00 2.575222361238388213e+00
-6.362386200000001679e+01 5.996616575368806101e-01 0.000000000000000000e+00 1.920957163708769455e+00
-6.530491400000003921e+01 6.155057511998164310e-01 0.000000000000000000e+00 2.179696298232690399e+00
-6.491159200000005569e+01 6.117986495707812278e-01 0.000000000000000000e+00 3.094022923908729794e+00
-6.472355600000005893e+01 6.100263902974192298e-01 0.000000000000000000e+00 2.118639952075220378e+00
-6.473616200000003573e+01 6.101452031864402770e-01 0.000000000000000000e+00 2.411980028510881446e+00
-6.468290800000004026e+01 6.096432785797499809e-01 0.000000000000000000e+00 2.281359315584469805e+00
-6.469062400000002810e+01 6.097160026993506676e-01 0.000000000000000000e+00 2.684269070388895173e+00
-6.473090800000002787e+01 6.100956836783553161e-01 0.000000000000000000e+00 2.460664696832622678e+00
-6.460462600000002453e+01 6.089054624145616712e-01 0.000000000000000000e+00 2.458600337246188428e+00
-6.479962600000001771e+01 6.107433581276462409e-01 0.000000000000000000e+00 2.492400245052827312e+00
-6.519102000000007990e+01 6.144322881518882173e-01 0.000000000000000000e+00 2.572410645148385022e+00
-6.541629800000002604e+01 6.165555572311303134e-01 0.000000000000000000e+00 2.480579863049294786e+00
-6.531899200000003702e+01 6.156384378451948969e-01 0.000000000000000000e+00 2.590640062390883624e+00
-6.609700200000001757e+01 6.229712647361537181e-01 0.000000000000000000e+00 2.654488625369900490e+00
-6.587378800000006152e+01 6.208674490761516562e-01 0.000000000000000000e+00 2.550710564468836150e+00
-6.527757200000003479e+01 6.152480499455232898e-01 0.000000000000000000e+00 2.545525147624332352e+00
-6.533390600000001314e+01 6.157790038793738985e-01 0.000000000000000000e+00 2.626463372298240451e+00
-6.547144800000005205e+01 6.170753518392156911e-01 0.000000000000000000e+00 2.461020662552655835e+00
-6.506703000000003101e+01 6.132636692315525107e-01 0.000000000000000000e+00 2.227924290894911508e+00
-6.557517400000001828e+01 6.180529804070893363e-01 0.000000000000000000e+00 2.581055783453152674e+00
-6.686937800000006860e+01 6.302509905786645161e-01 0.000000000000000000e+00 2.803143108869762923e+00
-6.665263800000003869e+01 6.282081930563361283e-01 0.000000000000000000e+00 2.522897281036749373e+00
-6.519249200000002986e+01 6.144461619082449699e-01 0.000000000000000000e+00 2.443392295525698810e+00
-6.668035600000006013e+01 6.284694381505685490e-01 0.000000000000000000e+00 2.384803489535565202e+00
-6.602171400000005974e+01 6.222616673389914643e-01 0.000000000000000000e+00 2.649043570992017926e+00
-6.655723000000001832e+01 6.273089625220078513e-01 0.000000000000000000e+00 2.518749996756648457e+00
-6.597298800000002927e+01 6.218024196132693193e-01 0.000000000000000000e+00 2.697758608278622905e+00
-6.641811000000004128e+01 6.259977417445499182e-01 0.000000000000000000e+00 2.700525227084763280e+00
-6.553449400000000935e+01 6.176695670860211651e-01 0.000000000000000000e+00 1.943829566136356934e+00
-6.632119400000001974e+01 6.250842981500404072e-01 0.000000000000000000e+00 2.344565454334897936e+00
-6.616759400000003666e+01 6.236366018345030904e-01 0.000000000000000000e+00 2.826320634688259226e+00
-6.611516600000003052e+01 6.231424623655511530e-01 0.000000000000000000e+00 2.348411312046826183e+00
-6.636935000000001139e+01 6.255381735652162378e-01 0.000000000000000000e+00 2.605155310033154148e+00
-6.592606199999998751e+01 6.213601370787448230e-01 0.000000000000000000e+00 2.143128987420783282e+00
-6.572347600000004775e+01 6.194507425098685349e-01 0.000000000000000000e+00 2.416443661648917551e+00
-6.512415600000004190e+01 6.138020878495304977e-01 0.000000000000000000e+00 1.923644298915866857e+00
-6.607931400000002498e+01 6.228045534573177777e-01 0.000000000000000000e+00 2.626205154695552935e+00
-6.668907800000005182e+01 6.285516439270275590e-01 0.000000000000000000e+00 2.732218081849221658e+00
-6.542718600000004869e+01 6.166581777876641857e-01 0.000000000000000000e+00 2.237762377913266931e+00
-6.642328600000003291e+01 6.260465260943494092e-01 0.000000000000000000e+00 2.248304308504612159e+00
-6.610340800000003014e+01 6.230316419666053207e-01 0.000000000000000000e+00 2.663056966572078466e+00
-6.579665800000007891e+01 6.201404906333302103e-01 0.000000000000000000e+00 2.435388384398810668e+00
-6.587535600000002489e+01 6.208822276427058418e-01 0.000000000000000000e+00 2.409527242885222353e+00
-6.658321600000004992e+01 6.275538833322656940e-01 0.000000000000000000e+00 2.619605023922036313e+00
-6.684170600000010154e+01 6.299901790393187540e-01 0.000000000000000000e+00 2.614309461399632717e+00
-6.689688199999999085e+01 6.305102187001646596e-01 0.000000000000000000e+00 2.671083089230231078e+00
-6.675143400000003169e+01 6.291393558505408157e-01 0.000000000000000000e+00 2.252198740545142908e+00
-6.695075400000001764e+01 6.310179680224997645e-01 0.000000000000000000e+00 2.221265672667206648e+00
-6.705994200000004923e+01 6.320470765205529196e-01 0.000000000000000000e+00 2.425378149301067765e+00
-6.857315600000005418e+01 6.463092792055772362e-01 0.000000000000000000e+00 2.574645467731254911e+00
-6.785782000000001801e+01 6.395671614219093914e-01 0.000000000000000000e+00 2.309744328935673163e+00
-6.747451000000009458e+01 6.359544239563589274e-01 0.000000000000000000e+00 2.515338490605833144e+00
-6.830369200000001229e+01 6.437695523828554922e-01 0.000000000000000000e+00 2.624538513419112817e+00
-6.871607400000006294e+01 6.476562965364626168e-01 0.000000000000000000e+00 2.182327339213525175e+00
-6.834368600000006211e+01 6.441465000810565611e-01 0.000000000000000000e+00 2.715313891002420821e+00
-6.863457800000006159e+01 6.468881880798802442e-01 0.000000000000000000e+00 2.135755659405548013e+00
-6.808980999999999995e+01 6.417536918141067970e-01 0.000000000000000000e+00 2.065230239885464059e+00
-6.867802600000001689e+01 6.472976900949675150e-01 0.000000000000000000e+00 2.072887674144501258e+00
-6.816067200000003368e+01 6.424215736911358388e-01 0.000000000000000000e+00 2.415481049275713055e+00
-6.948949200000005533e+01 6.549458433396549983e-01 0.000000000000000000e+00 2.443678871332723990e+00
-6.882776000000005467e+01 6.487089489498552020e-01 0.000000000000000000e+00 3.152705343451282172e+00
-6.863135400000003017e+01 6.468578015374236712e-01 0.000000000000000000e+00 2.633131142042864248e+00
-6.844780800000003751e+01 6.451278609909937289e-01 0.000000000000000000e+00 2.394497845827539884e+00
-6.847575600000001828e+01 6.453912738596565557e-01 0.000000000000000000e+00 2.426090269137576971e+00
-6.897564200000002188e+01 6.501027525080209646e-01 0.000000000000000000e+00 2.803584343216967145e+00
-6.810532400000002440e+01 6.418999129120187552e-01 0.000000000000000000e+00 2.474498829663096533e+00
-6.828602000000000771e+01 6.436029919057189019e-01 0.000000000000000000e+00 2.835986067766492535e+00
-6.819294000000003564e+01 6.427257030186733777e-01 0.000000000000000000e+00 2.208795739078129206e+00
-6.858831800000008627e+01 6.464521826660994952e-01 0.000000000000000000e+00 2.584044346821352534e+00
-6.814924600000004773e+01 6.423138824274554626e-01 0.000000000000000000e+00 2.577314448323951623e+00
-6.809053200000003869e+01 6.417604967407987138e-01 0.000000000000000000e+00 2.822323521493550480e+00
-6.890752400000003774e+01 6.494607331224626634e-01 0.000000000000000000e+00 2.926493579720524263e+00
-6.796946400000004473e+01 6.406194179808410993e-01 0.000000000000000000e+00 2.839779950342574466e+00
-6.839879800000005616e+01 6.446659365351052884e-01 0.000000000000000000e+00 2.255024595981340862e+00
-6.799642800000003717e+01 6.408735565449826810e-01 0.000000000000000000e+00 2.133026269003404085e+00
-6.839855000000004281e+01 6.446635991087623641e-01 0.000000000000000000e+00 2.379927527183646863e+00
-6.856351600000003543e+01 6.462184211816071056e-01 0.000000000000000000e+00 2.695814605497967253e+00
-6.923879000000003714e+01 6.525829503598509218e-01 0.000000000000000000e+00 2.655934957426632437e+00
-6.841564200000004803e+01 6.448246930242909070e-01 0.000000000000000000e+00 2.751197452466944693e+00
-6.906457000000007440e+01 6.509409083540378393e-01 0.000000000000000000e+00 2.662630144569027024e+00
-6.799133000000004756e+01 6.408255073534683266e-01 0.000000000000000000e+00 2.878745538714158503e+00
-6.783633200000001295e+01 6.393646347394336127e-01 0.000000000000000000e+00 2.376543180645095177e+00
-6.821308000000003346e+01 6.429155246579631999e-01 0.000000000000000000e+00 2.276198722928783447e+00
-6.891671800000001724e+01 6.495473875490578308e-01 0.000000000000000000e+00 3.234241421133829508e+00
-6.851191200000003789e+01 6.457320480001813578e-01 0.000000000000000000e+00 2.378239563558038228e+00
-6.788971800000001622e+01 6.398678034601451570e-01 0.000000000000000000e+00 2.400737903076611612e+00
-6.853136800000001472e+01 6.459154228668159137e-01 0.000000000000000000e+00 2.309656901665288586e+00
-6.876039600000005692e+01 6.480740360943872957e-01 0.000000000000000000e+00 2.327587166349208037e+00
-6.853994800000002385e+01 6.459962902781917204e-01 0.000000000000000000e+00 2.246741727479141915e+00
-6.862435600000004854e+01 6.467918446440896751e-01 0.000000000000000000e+00 2.839020142328950946e+00
-6.844059400000004700e+01 6.450598682747159529e-01 0.000000000000000000e+00 2.486518740007419126e+00
-6.880136000000004515e+01 6.484601261456220955e-01 0.000000000000000000e+00 2.027328247081399137e+00
-6.916073200000003851e+01 6.518472454184562892e-01 0.000000000000000000e+00 2.329829370995986970e+00
-6.836784400000000517e+01 6.443741917971416155e-01 0.000000000000000000e+00 2.151365142092364291e+00
-6.781845800000004942e+01 6.391961703908407566e-01 0.000000000000000000e+00 2.090209637602715276e+00
-6.915278400000002534e+01 6.517723346742120283e-01 0.000000000000000000e+00 2.464832331655796960e+00
-6.852392000000004657e+01 6.458452246756826165e-01 0.000000000000000000e+00 2.465849810527966035e+00
-6.865012200000001030e+01 6.470346919309781786e-01 0.000000000000000000e+00 2.139264379540713801e+00
-6.822285600000004990e+01 6.430076644963793608e-01 0.000000000000000000e+00 2.903082417168469931e+00
-6.883580000000002030e+01 6.487847268038713366e-01 0.000000000000000000e+00 2.105803252486285526e+00
-6.808652600000003474e+01 6.417227397652774945e-01 0.000000000000000000e+00 2.225933459332909869e+00
-6.910651000000002853e+01 6.513361973089439871e-01 0.000000000000000000e+00 2.253084110007364416e+00
-6.874638200000003962e+01 6.479419526558067854e-01 0.000000000000000000e+00 2.537932611931023708e+00
-6.820819200000003946e+01 6.428694547387553415e-01 0.000000000000000000e+00 2.639905094088410564e+00
-6.848180800000002932e+01 6.454483146025058460e-01 0.000000000000000000e+00 2.509202749785538700e+00
-6.845692600000000994e+01 6.452137991095160396e-01 0.000000000000000000e+00 2.419850944346062072e+00
-6.916549200000005726e+01 6.518921089240681255e-01 0.000000000000000000e+00 2.595863035159807541e+00
-6.808345000000001335e+01 6.416937481385416309e-01 0.000000000000000000e+00 2.264134953213618129e+00
-6.809515800000008312e+01 6.418040972821771328e-01 0.000000000000000000e+00 2.244838847928215309e+00
-6.905113200000002394e+01 6.508142537766403724e-01 0.000000000000000000e+00 1.886051393243448837e+00
-6.855363800000004915e+01 6.461253199823566717e-01 0.000000000000000000e+00 2.284523672863721266e+00
-6.867764800000006176e+01 6.472941274048165106e-01 0.000000000000000000e+00 2.956840253470149005e+00
-6.913252200000002290e+01 6.515813631719632459e-01 0.000000000000000000e+00 3.125926031152749029e+00
-6.815633800000003362e+01 6.423807252807742785e-01 0.000000000000000000e+00 2.469831936325410204e+00
-6.806708200000005604e+01 6.415394779999176178e-01 0.000000000000000000e+00 2.415787117200587808e+00
-6.915581000000005929e+01 6.518008550456370065e-01 0.000000000000000000e+00 3.155540635280916106e+00
-6.887190200000003415e+01 6.491249919886600273e-01 0.000000000000000000e+00 3.089593210122711042e+00
-6.908048400000002687e+01 6.510908994944375472e-01 0.000000000000000000e+00 2.584104130431498447e+00
-6.821894200000005526e+01 6.429707746306306815e-01 0.000000000000000000e+00 2.633173069660222243e+00
-6.862725000000007469e+01 6.468191209014932941e-01 0.000000000000000000e+00 2.460195067633475396e+00
-6.854301400000004207e+01 6.460251876538652960e-01 0.000000000000000000e+00 2.435387155375854373e+00
-6.803293800000002989e+01 6.412176671731093514e-01 0.000000000000000000e+00 2.220764584814805431e+00
-6.843086000000003821e+01 6.449681242907611134e-01 0.000000000000000000e+00 2.591393710501799674e+00
-6.891084000000007848e+01 6.494919867746916653e-01 0.000000000000000000e+00 2.963201071595896963e+00
-6.862676400000002275e+01 6.468145402998694005e-01 0.000000000000000000e+00 2.681471417474240226e+00
-6.879890400000002160e+01 6.484369780847432096e-01 0.000000000000000000e+00 2.309308979415288121e+00
-6.841714200000004098e+01 6.448388306836222439e-01 0.000000000000000000e+00 2.605883079820145998e+00
-6.856622800000005213e+01 6.462439820696784798e-01 0.000000000000000000e+00 2.550806068521886072e+00
-6.806196600000004082e+01 6.414912591564910782e-01 0.000000000000000000e+00 2.469278150940292349e+00
-6.869619000000002984e+01 6.474688877243649499e-01 0.000000000000000000e+00 2.148133299171655075e+00
-6.855708400000003166e+01 6.461577988983938647e-01 0.000000000000000000e+00 2.950907983419696734e+00
-6.904062200000004168e+01 6.507151959102582817e-01 0.000000000000000000e+00 2.186472248543879005e+00
-6.896004000000006329e+01 6.499557020007621366e-01 0.000000000000000000e+00 2.416062334134664535e+00
-6.818618600000000640e+01 6.426620458512568579e-01 0.000000000000000000e+00 1.837620810789446724e+00
-6.809796600000002798e+01 6.418305629804450518e-01 0.000000000000000000e+00 1.959017979933060261e+00
-6.901653200000006905e+01 6.504881451013959648e-01 0.000000000000000000e+00 2.593688700777604161e+00
-6.816949800000004700e+01 6.425047596786420678e-01 0.000000000000000000e+00 2.465620859463639736e+00
-6.838093800000004308e+01 6.444976041379990583e-01 0.000000000000000000e+00 2.639275442459099175e+00
-6.804990000000003647e+01 6.413775358248291480e-01 0.000000000000000000e+00 2.056376350513080098e+00
-6.851974400000004550e+01 6.458058654321038317e-01 0.000000000000000000e+00 2.132787666403674898e+00
-6.846688000000004592e+01 6.453076166168397743e-01 0.000000000000000000e+00 2.539495206500375524e+00
-6.851460200000005329e+01 6.457574015359158759e-01 0.000000000000000000e+00 2.450564416783211463e+00
-6.849587000000001069e+01 6.455808504461846287e-01 0.000000000000000000e+00 3.146975355990593304e+00
-6.821659800000006157e+01 6.429486821816488007e-01 0.000000000000000000e+00 2.005279766268552866e+00
-6.855485400000000595e+01 6.461367809115209360e-01 0.000000000000000000e+00 2.836417847415177551e+00
-6.886487000000008152e+01 6.490587146417148290e-01 0.000000000000000000e+00 2.327608114708437537e+00
-6.884069400000005601e+01 6.488308532737169232e-01 0.000000000000000000e+00 2.693351616567856155e+00
-6.749417000000001110e+01 6.361397215446619180e-01 0.000000000000000000e+00 2.284893902693439838e+00
-6.840395200000003229e+01 6.447145135325678122e-01 0.000000000000000000e+00 2.318660888890984761e+00
-6.869825400000001991e+01 6.474883411436048730e-01 0.000000000000000000e+00 2.943633180355339274e+00
-6.836714400000006719e+01 6.443675942227875542e-01 0.000000000000000000e+00 2.294087492115064020e+00
-6.946406800000004012e+01 6.547062194390934620e-01 0.000000000000000000e+00 3.031836649236320902e+00
-6.796577400000006719e+01 6.405846393388859861e-01 0.000000000000000000e+00 2.832014541087904291e+00
-6.759236400000003187e+01 6.370652104249218128e-01 0.000000000000000000e+00 1.895326995241962686e+00
-6.919057600000002139e+01 6.521285282885140866e-01 0.000000000000000000e+00 3.076794192081798052e+00
-6.925922800000000734e+01 6.527755806807943317e-01 0.000000000000000000e+00 2.619784345665485237e+00
-6.839135600000005866e+01 6.445957948946090532e-01 0.000000000000000000e+00 2.114763697873222270e+00
-6.893641400000005603e+01 6.497330244411859690e-01 0.000000000000000000e+00 2.668653519412121700e+00
-6.914179000000002873e+01 6.516687150564189901e-01 0.000000000000000000e+00 2.372595535537510347e+00
-6.720429200000002368e+01 6.334075906035463444e-01 0.000000000000000000e+00 1.917764895043869933e+00
-6.858666800000010255e+01 6.464366312408350579e-01 0.000000000000000000e+00 2.017649710259214579e+00
-6.919270800000001032e+01 6.521486226149769694e-01 0.000000000000000000e+00 2.316406601216111305e+00
-6.822870200000004104e+01 6.430627636673469372e-01 0.000000000000000000e+00 2.709593724586619512e+00
-6.796823200000000043e+01 6.406078062499764858e-01 0.000000000000000000e+00 2.967614393083501501e+00
-6.877589000000004660e+01 6.482200686901745668e-01 0.000000000000000000e+00 2.360726166721254682e+00
-6.933684000000003778e+01 6.535070820248147783e-01 0.000000000000000000e+00 2.687178743288923144e+00
-6.867619400000003793e+01 6.472804233003709440e-01 0.000000000000000000e+00 2.930628655619021306e+00
-6.846256400000008568e+01 6.452669378583905102e-01 0.000000000000000000e+00 2.362731962703301658e+00
-6.891817000000006033e+01 6.495610728032911174e-01 0.000000000000000000e+00 2.734381797933251423e+00
-6.826035400000003506e+01 6.433610871294522804e-01 0.000000000000000000e+00 2.549255306409415667e+00
-6.853310200000004215e+01 6.459317660010032158e-01 0.000000000000000000e+00 2.833300991115943024e+00
-6.825817800000007196e+01 6.433405780983159072e-01 0.000000000000000000e+00 2.354362662501641168e+00
-6.841679400000005273e+01 6.448355507466574377e-01 0.000000000000000000e+00 2.128788685672315051e+00
-6.786926400000007220e+01 6.396750223375025080e-01 0.000000000000000000e+00 2.647177373500257058e+00
-6.873383000000005438e+01 6.478236487225216278e-01 0.000000000000000000e+00 2.539840300455558086e+00
-6.844484800000002167e+01 6.450999626765796524e-01 0.000000000000000000e+00 2.228714416972305212e+00
-6.848588800000003118e+01 6.454867690358873089e-01 0.000000000000000000e+00 2.377673045005443075e+00
-6.684732000000003893e+01 6.300430915856425340e-01 0.000000000000000000e+00 2.101316876185364002e+00
-6.764833800000002384e+01 6.375927713205330472e-01 0.000000000000000000e+00 2.892241478063389604e+00
-6.827865400000000307e+01 6.435335665732953014e-01 0.000000000000000000e+00 2.667127339883785364e+00
-6.823215799999999831e+01 6.430953368344460852e-01 0.000000000000000000e+00 2.656811545161043675e+00
-6.758107800000003351e+01 6.369588386761122489e-01 0.000000000000000000e+00 2.868206578911131288e+00
-6.872953600000005281e+01 6.477831773164088869e-01 0.000000000000000000e+00 2.655451286400954736e+00
-6.888487200000005828e+01 6.492472356163460079e-01 0.000000000000000000e+00 2.829974780131048195e+00
-6.885372000000005244e+01 6.489536247073509623e-01 0.000000000000000000e+00 2.287807249951204103e+00
-6.832052600000002940e+01 6.439282146209790447e-01 0.000000000000000000e+00 2.330005113213273304e+00
-6.891865800000003617e+01 6.495656722551267359e-01 0.000000000000000000e+00 2.921323692956030449e+00
-6.943948800000005406e+01 6.544745503281826915e-01 0.000000000000000000e+00 2.460872277366526362e+00
-6.883217200000007097e+01 6.487505325185022320e-01 0.000000000000000000e+00 3.042887257562854053e+00
-6.858252400000000648e+01 6.463975736006545292e-01 0.000000000000000000e+00 2.619324237901173635e+00
-6.936604000000001236e+01 6.537822951264662397e-01 0.000000000000000000e+00 2.674333872616174723e+00
-6.800988800000004630e+01 6.410004184747166711e-01 0.000000000000000000e+00 2.166066281631336299e+00
-6.812757400000005248e+01 6.421096215254351591e-01 0.000000000000000000e+00 2.077630193643564827e+00
-6.797257200000004218e+01 6.406487112109757742e-01 0.000000000000000000e+00 1.861822770595276344e+00
-6.810677000000002579e+01 6.419135416156143137e-01 0.000000000000000000e+00 2.480622994309894747e+00
-6.949229200000000617e+01 6.549722336370731313e-01 0.000000000000000000e+00 3.066468648602925118e+00
-6.878259200000000817e+01 6.482832357520670330e-01 0.000000000000000000e+00 2.049723726526790468e+00
-6.954965400000000386e+01 6.555128765801191415e-01 0.000000000000000000e+00 2.723221402077200093e+00
-6.873030400000007489e+01 6.477904157979867961e-01 0.000000000000000000e+00 2.192319008984676909e+00
-7.006784600000004559e+01 6.603968912229645216e-01 0.000000000000000000e+00 2.509790555365530196e+00
-6.972187800000004643e+01 6.571361060739159266e-01 0.000000000000000000e+00 2.907336938411250848e+00
-6.933764400000004002e+01 6.535146598102165028e-01 0.000000000000000000e+00 2.128209643083389224e+00
-6.947375200000001882e+01 6.547974921677369720e-01 0.000000000000000000e+00 2.541690612126844773e+00
-7.027368000000004145e+01 6.623368985368469630e-01 0.000000000000000000e+00 1.904218738390199617e+00
-7.051056999999998709e+01 6.645696119495265730e-01 0.000000000000000000e+00 2.617663520347406347e+00
-7.117295800000000838e+01 6.708126892090074955e-01 0.000000000000000000e+00 2.583513970348497502e+00
-7.055850200000004691e+01 6.650213761409096147e-01 0.000000000000000000e+00 2.557762925098036266e+00
-7.046477400000004820e+01 6.641379797850326394e-01 0.000000000000000000e+00 2.794686785819177288e+00
-7.035300600000003612e+01 6.630845545129296914e-01 0.000000000000000000e+00 2.896315798738847480e+00
-7.090807400000005600e+01 6.683161293727786223e-01 0.000000000000000000e+00 2.279375428658410918e+00
-7.012060600000003774e+01 6.608941598271816931e-01 0.000000000000000000e+00 2.332572273191252155e+00
-7.100029000000003521e+01 6.691852749680492485e-01 0.000000000000000000e+00 2.328810134017591071e+00
-7.039778000000001157e+01 6.635065542188661736e-01 0.000000000000000000e+00 2.343825463302299905e+00
-7.069209000000007848e+01 6.662804572307537976e-01 0.000000000000000000e+00 2.730359031909780576e+00
-7.030767600000004336e+01 6.626573144479342981e-01 0.000000000000000000e+00 2.542228331666389174e+00
-7.112348400000001902e+01 6.703463915038324616e-01 0.000000000000000000e+00 2.178092176061008800e+00
-7.029144000000002279e+01 6.625042884233307561e-01 0.000000000000000000e+00 2.057303934274126167e+00
-7.058009200000002181e+01 6.652248641842195553e-01 0.000000000000000000e+00 2.149073963863871839e+00
-7.064131400000003680e+01 6.658018880372785775e-01 0.000000000000000000e+00 2.329486180524916517e+00
-7.085503400000007446e+01 6.678162217388197153e-01 0.000000000000000000e+00 2.814962985429359854e+00
-7.034872400000003267e+01 6.630441962080916296e-01 0.000000000000000000e+00 2.279903479931117527e+00
-7.148980200000001162e+01 6.737989775644772639e-01 0.000000000000000000e+00 2.682587472548611185e+00
-7.077053400000002625e+01 6.670198002631492207e-01 0.000000000000000000e+00 1.850218767311889501e+00
-7.111986600000003023e+01 6.703122914695252010e-01 0.000000000000000000e+00 2.150978922465984322e+00
-7.076970600000007039e+01 6.670119962751986931e-01 0.000000000000000000e+00 2.797493260652825331e+00
-7.077237200000003270e+01 6.670371236083834088e-01 0.000000000000000000e+00 2.009487122067104892e+00
-7.093810000000003413e+01 6.685991276121685534e-01 0.000000000000000000e+00 2.238327085530214422e+00
-7.068762800000003210e+01 6.662384024067954380e-01 0.000000000000000000e+00 2.620700019062684127e+00
-7.022400000000000375e+01 6.618686592597898821e-01 0.000000000000000000e+00 2.395533687274860490e+00
-7.143257000000004098e+01 6.732595598852403329e-01 0.000000000000000000e+00 2.923640148147268913e+00
-7.090946600000005162e+01 6.683292491206380692e-01 0.000000000000000000e+00 2.607704004095122041e+00
-7.008362400000001458e+01 6.605456005489183102e-01 0.000000000000000000e+00 2.099205025531370783e+00
-7.063981400000001543e+01 6.657877503779469075e-01 0.000000000000000000e+00 2.298444221511147134e+00
-7.054837600000007569e+01 6.649259375153165896e-01 0.000000000000000000e+00 2.280288568710087560e+00
-7.004206800000002886e+01 6.601539308348007840e-01 0.000000000000000000e+00 2.123747830380637414e+00
-7.102686800000002165e+01 6.694357754411894845e-01 0.000000000000000000e+00 2.698841267291643753e+00
-7.040555800000001341e+01 6.635798626950527579e-01 0.000000000000000000e+00 2.196151431789140851e+00
-7.142722600000004718e+01 6.732091921175956672e-01 0.000000000000000000e+00 2.424623417292014693e+00
-7.102685400000002858e+01 6.694356434897024144e-01 0.000000000000000000e+00 2.333906685895707600e+00
-7.102728400000003717e+01 6.694396962853774724e-01 0.000000000000000000e+00 2.787264417429876850e+00
-7.100776800000005551e+01 6.692557559123696320e-01 0.000000000000000000e+00 2.666877934012963358e+00
-7.101398600000003114e+01 6.693143612228512618e-01 0.000000000000000000e+00 2.318533462682778712e+00
-7.114664799999999900e+01 6.705647146643343159e-01 0.000000000000000000e+00 2.433373365734626592e+00
-7.098039600000006999e+01 6.689977719048900706e-01 0.000000000000000000e+00 2.562776104934693322e+00
-7.065086800000004530e+01 6.658919355021135633e-01 0.000000000000000000e+00 2.588527908972841907e+00
-6.925713800000005449e+01 6.527558822087929924e-01 0.000000000000000000e+00 2.062753244092991878e+00
-7.059378000000005215e+01 6.653538750381722267e-01 0.000000000000000000e+00 2.631272099386549712e+00
-7.085045600000003674e+01 6.677730736025399016e-01 0.000000000000000000e+00 2.284433691613258155e+00
-7.129189200000003268e+01 6.719336547922898362e-01 0.000000000000000000e+00 2.945168698969534482e+00
-7.064685599999999965e+01 6.658541219759547269e-01 0.000000000000000000e+00 2.281049088092333754e+00
-7.094056400000003748e+01 6.686223510738970033e-01 0.000000000000000000e+00 2.372644529834492033e+00
-7.035840400000003569e+01 6.631354312363103576e-01 0.000000000000000000e+00 2.310611031518229996e+00
-7.032323600000003694e+01 6.628039691007321377e-01 0.000000000000000000e+00 1.974240602118836341e+00
-6.984975600000005613e+01 6.583413698072383413e-01 0.000000000000000000e+00 2.058113164047167043e+00
-7.021158000000004051e+01 6.617515994405260837e-01 0.000000000000000000e+00 2.304059574934746557e+00
-7.104172000000004061e+01 6.695757571187831436e-01 0.000000000000000000e+00 2.291955985792066386e+00
-7.079497400000002472e+01 6.672501498591891789e-01 0.000000000000000000e+00 3.117176312199451793e+00
-7.033263000000003728e+01 6.628925085485717350e-01 0.000000000000000000e+00 2.472722826943789087e+00
-7.011468800000007207e+01 6.608383820485663751e-01 0.000000000000000000e+00 1.990946992444357244e+00
-7.046060200000005125e+01 6.640986582418788586e-01 0.000000000000000000e+00 2.433055470311377366e+00
-7.069706200000003093e+01 6.663273188588838547e-01 0.000000000000000000e+00 2.258132239141566355e+00
-7.014391200000001447e+01 6.611138213527668617e-01 0.000000000000000000e+00 2.171625837578933904e+00
-7.117009200000005364e+01 6.707856768545786830e-01 0.000000000000000000e+00 2.079889101826092102e+00
-7.106040800000005220e+01 6.697518935038403454e-01 0.000000000000000000e+00 2.269687363318587447e+00
-7.014054800000002388e+01 6.610821152954395874e-01 0.000000000000000000e+00 2.185671083892921196e+00
-7.015767600000005189e+01 6.612435485147922787e-01 0.000000000000000000e+00 2.275672548523853589e+00
-7.019657800000003078e+01 6.616102039969993243e-01 0.000000000000000000e+00 2.690848798517079032e+00
-7.076073000000002367e+01 6.669273965217590305e-01 0.000000000000000000e+00 2.396880804590444836e+00
-7.053333000000007758e+01 6.647841273671162288e-01 0.000000000000000000e+00 2.662449200444864772e+00
-7.064689600000004077e+01 6.658544989802038794e-01 0.000000000000000000e+00 2.327287434332948379e+00
-7.098960000000006687e+01 6.690845205825476372e-01 0.000000000000000000e+00 2.552470363068576997e+00
-7.119248600000003080e+01 6.709967426832903481e-01 0.000000000000000000e+00 1.887995553250840786e+00
-7.097467200000004084e+01 6.689438225968811214e-01 0.000000000000000000e+00 2.350386736889368944e+00
-7.180542400000004477e+01 6.767737484401453729e-01 0.000000000000000000e+00 2.807303649056160921e+00
-7.064407200000005105e+01 6.658278824802360552e-01 0.000000000000000000e+00 1.689109145039048743e+00
-7.064007400000002690e+01 6.657902009055645109e-01 0.000000000000000000e+00 2.409941729570080682e+00
-7.080648400000002596e+01 6.673586328317923089e-01 0.000000000000000000e+00 2.467048166760258621e+00
-7.171380400000002453e+01 6.759102202081820332e-01 0.000000000000000000e+00 2.250756736130398838e+00
-7.081922600000008572e+01 6.674787275352601634e-01 0.000000000000000000e+00 3.012094159078622990e+00
-7.142314400000006458e+01 6.731707188340019243e-01 0.000000000000000000e+00 2.808477020991694495e+00
-7.199987600000001464e+01 6.786064791950207065e-01 0.000000000000000000e+00 3.204658539717743171e+00
-7.129097599999998636e+01 6.719250213949909956e-01 0.000000000000000000e+00 2.610113323795452800e+00
-7.136182600000002196e+01 6.725927901707454692e-01 0.000000000000000000e+00 2.428160535962990974e+00
-7.150744800000002499e+01 6.739652929888522159e-01 0.000000000000000000e+00 2.435598753526076798e+00
-7.126556800000004444e+01 6.716855482961296975e-01 0.000000000000000000e+00 2.386578373975443146e+00
-7.139133000000003904e+01 6.728708685046884685e-01 0.000000000000000000e+00 2.593820996350965302e+00
-7.205049400000005733e+01 6.790835592217130401e-01 0.000000000000000000e+00 2.308277265080798557e+00
-7.191878800000006322e+01 6.778422161817769798e-01 0.000000000000000000e+00 2.634004283502802579e+00
-7.126189600000006408e+01 6.716509393060866584e-01 0.000000000000000000e+00 2.511515450352151735e+00
-7.173833400000002314e+01 6.761414180637818072e-01 0.000000000000000000e+00 2.165145565275536477e+00
-7.178822600000005139e+01 6.766116554633575531e-01 0.000000000000000000e+00 2.366421172355787306e+00
-7.158301400000003412e+01 6.746775105655444804e-01 0.000000000000000000e+00 2.279847960597018997e+00
-7.137996400000004371e+01 6.727637427473811549e-01 0.000000000000000000e+00 2.833182363233502254e+00
-7.118579800000001967e+01 6.709337075728845079e-01 0.000000000000000000e+00 2.394105478802536435e+00
-7.092342400000003977e+01 6.684608047532699659e-01 0.000000000000000000e+00 2.536397519155023872e+00
-7.204489800000001765e+01 6.790308163273002240e-01 0.000000000000000000e+00 1.976809223229814005e+00
-7.171215200000000323e+01 6.758946499327047608e-01 0.000000000000000000e+00 2.406952550319782613e+00
-7.070341400000008036e+01 6.663871871335997898e-01 0.000000000000000000e+00 2.057769200328895209e+00
-7.143756000000001904e+01 6.733065911652826863e-01 0.000000000000000000e+00 2.156231739012120396e+00
-7.230520400000003178e+01 6.814842280272501718e-01 0.000000000000000000e+00 2.475361314955818237e+00
-7.145989200000003905e+01 6.735170726374090089e-01 0.000000000000000000e+00 2.005352892679435506e+00
-7.119742599999999300e+01 6.710433027080214829e-01 0.000000000000000000e+00 2.416702879002252669e+00
-7.141846800000007534e+01 6.731266470373128419e-01 0.000000000000000000e+00 1.812308904304733126e+00
-7.204704000000006658e+01 6.790510049048259500e-01 0.000000000000000000e+00 2.414380514979175718e+00
-7.183232200000001910e+01 6.770272649472761639e-01 0.000000000000000000e+00 2.403878676730670794e+00
-7.140783600000006004e+01 6.730264393079715690e-01 0.000000000000000000e+00 1.939028751226976377e+00
-7.183384200000004682e+01 6.770415911087322991e-01 0.000000000000000000e+00 2.630113755391388253e+00
-7.271956800000005217e+01 6.853896527413869677e-01 0.000000000000000000e+00 2.724166990197335103e+00
-7.253987200000004520e+01 6.836959988539075272e-01 0.000000000000000000e+00 2.014335378678024036e+00
-7.251249000000007072e+01 6.834379205953657888e-01 0.000000000000000000e+00 2.365884471914139198e+00
-7.166896600000002593e+01 6.754876172954471514e-01 0.000000000000000000e+00 2.469277734346092767e+00
-7.220063600000003134e+01 6.804986635199381517e-01 0.000000000000000000e+00 3.050344549027505625e+00
-7.239614000000001681e+01 6.823413094865581341e-01 0.000000000000000000e+00 2.214429198678430577e+00
-7.243302000000001328e+01 6.826889074039865779e-01 0.000000000000000000e+00 2.296706094484978866e+00
-7.222938600000006204e+01 6.807696353237907561e-01 0.000000000000000000e+00 2.556193400194116450e+00
-7.272750800000002869e+01 6.854644880847809985e-01 0.000000000000000000e+00 2.214424571158271515e+00
-7.254358400000002405e+01 6.837309848481994967e-01 0.000000000000000000e+00 2.877521615526496657e+00
-7.230957000000002211e+01 6.815253780410107654e-01 0.000000000000000000e+00 2.346629399045499831e+00
-7.178276200000001950e+01 6.765601566829659852e-01 0.000000000000000000e+00 2.313985105579645651e+00
-7.242444800000004079e+01 6.826081153934608903e-01 0.000000000000000000e+00 2.053739198990637504e+00
-7.255376600000002441e+01 6.838269512797411354e-01 0.000000000000000000e+00 2.414130622202233845e+00
-7.268352600000004315e+01 6.850499530629714506e-01 0.000000000000000000e+00 2.039352831720510739e+00
-7.266775800000004892e+01 6.849013379880796171e-01 0.000000000000000000e+00 2.313344721183218766e+00
-7.180561400000004824e+01 6.767755392103274037e-01 0.000000000000000000e+00 1.824622639221489706e+00
-7.267970400000005782e+01 6.850139303069950891e-01 0.000000000000000000e+00 2.129144536606571769e+00
-7.167488400000003423e+01 6.755433950740628024e-01 0.000000000000000000e+00 2.053058553275029396e+00
-7.232979400000004944e+01 6.817159913892234524e-01 0.000000000000000000e+00 2.561620233873456165e+00
-7.257219200000004378e+01 6.840006182869685647e-01 0.000000000000000000e+00 2.230383354813764374e+00
-7.196528799999998682e+01 6.782804836210503119e-01 0.000000000000000000e+00 2.169453957705029801e+00
-7.222233600000004117e+01 6.807031883249328175e-01 0.000000000000000000e+00 2.926320118211003685e+00
-7.240763200000004929e+01 6.824496228072495230e-01 0.000000000000000000e+00 2.478720101094860961e+00
-7.235323200000006238e+01 6.819368970288300913e-01 0.000000000000000000e+00 2.546989251934666409e+00
-7.283430400000005989e+01 6.864710517287535563e-01 0.000000000000000000e+00 2.832147141997257922e+00
-7.266185799999999517e+01 6.848457298613754851e-01 0.000000000000000000e+00 2.006980720877945767e+00
-7.251644000000001711e+01 6.834751497649380614e-01 0.000000000000000000e+00 2.341889195594967443e+00
-7.296685200000005977e+01 6.877203307081276584e-01 0.000000000000000000e+00 1.776416498077639572e+00
-7.261969600000003311e+01 6.844483485328882733e-01 0.000000000000000000e+00 2.648338955461355670e+00
-7.217687200000005987e+01 6.802746852957038959e-01 0.000000000000000000e+00 2.530209083630214462e+00
-7.149292600000002551e+01 6.738284215963116219e-01 0.000000000000000000e+00 2.164125494719040699e+00
-7.284091800000007311e+01 6.865333893812990418e-01 0.000000000000000000e+00 2.158410766664335956e+00
-7.262131600000002152e+01 6.844636172049661793e-01 0.000000000000000000e+00 2.206230691195214977e+00
-7.187896799999998620e+01 6.774669084520581475e-01 0.000000000000000000e+00 2.160427509455506989e+00
-7.284384600000005605e+01 6.865609860923138630e-01 0.000000000000000000e+00 2.180924130665991445e+00
-7.221302600000007033e+01 6.806154405860160850e-01 0.000000000000000000e+00 2.455303933648520509e+00
-7.277067399999999964e+01 6.858713322199141427e-01 0.000000000000000000e+00 2.322617504203462691e+00
-7.256468400000002816e+01 6.839298545894615389e-01 0.000000000000000000e+00 1.947188041052059670e+00
-7.308685000000004095e+01 6.888513246044286609e-01 0.000000000000000000e+00 2.210730191062845851e+00
-7.253881200000006402e+01 6.836860082413135364e-01 0.000000000000000000e+00 2.562801135408778741e+00
-7.248217600000003813e+01 6.831522079253836699e-01 0.000000000000000000e+00 2.361816929464913173e+00
-7.170710800000001939e+01 6.758471096969265179e-01 0.000000000000000000e+00 2.354122630349411605e+00
-7.261822800000000200e+01 6.844345124769556366e-01 0.000000000000000000e+00 2.460224370817352124e+00
-7.280829000000004214e+01 6.862258670155216844e-01 0.000000000000000000e+00 1.884198039597812846e+00
-7.205812800000003904e+01 6.791555104826035860e-01 0.000000000000000000e+00 1.701736837189129936e+00
-7.214211400000004915e+01 6.799470874536760467e-01 0.000000000000000000e+00 2.133743895579605532e+00
-7.267940200000002449e+01 6.850110839249160533e-01 0.000000000000000000e+00 2.020717951919090094e+00
-7.217434600000005673e+01 6.802508774773897704e-01 0.000000000000000000e+00 2.426541651434291236e+00
-7.285404400000001601e+01 6.866571033255546297e-01 0.000000000000000000e+00 2.669076754625998138e+00
-7.310921800000004112e+01 6.890621453803789098e-01 0.000000000000000000e+00 2.562516964866433877e+00
-7.276225200000003213e+01 6.857919539753216664e-01 0.000000000000000000e+00 1.971577230404759851e+00
-7.332631400000002486e+01 6.911082982405214459e-01 0.000000000000000000e+00 2.331245717239059267e+00
-7.382732200000006628e+01 6.958303518580660763e-01 0.000000000000000000e+00 1.960337390440634708e+00
-7.063190000000000168e+01 6.657131600873141819e-01 0.000000000000000000e+00 1.850504189335294480e+00
-7.371451800000006926e+01 6.947671621759183846e-01 0.000000000000000000e+00 2.388451302649328145e+00
-7.225098200000003601e+01 6.809731799177380918e-01 0.000000000000000000e+00 2.308151315365225997e+00
-7.412870200000003251e+01 6.986708903709347718e-01 0.000000000000000000e+00 2.474818801406263979e+00
-7.396253400000003353e+01 6.971047393204125031e-01 0.000000000000000000e+00 2.509159504502322058e+00
-7.410583800000009091e+01 6.984553947422996734e-01 0.000000000000000000e+00 2.326496943656802596e+00
-7.327864000000000999e+01 6.906589657265438387e-01 0.000000000000000000e+00 2.268586527761151217e+00
-7.430518200000004470e+01 7.003342331168076473e-01 0.000000000000000000e+00 2.593749439717792260e+00
-7.337519600000005937e+01 6.915690162828140863e-01 0.000000000000000000e+00 2.550751768286788845e+00
-7.555709200000002568e+01 7.121336178458733679e-01 0.000000000000000000e+00 2.879412826425877814e+00
-7.329526600000006908e+01 6.908156675425738413e-01 0.000000000000000000e+00 1.920147409967276397e+00
-7.456431800000002852e+01 7.027766174424788792e-01 0.000000000000000000e+00 2.313970816556411236e+00
-7.481393200000002253e+01 7.051292559067142696e-01 0.000000000000000000e+00 2.620779645309519346e+00
-7.460671800000001497e+01 7.031762419462469493e-01 0.000000000000000000e+00 2.266439701309683752e+00
-7.509064600000003509e+01 7.077373147495376049e-01 0.000000000000000000e+00 2.069894118378273529e+00
-7.470452800000002469e+01 7.040981115857178896e-01 0.000000000000000000e+00 2.098830011262889261e+00
-7.432318000000006464e+01 7.005038661785725207e-01 0.000000000000000000e+00 2.297918244099571350e+00
-7.430452400000005753e+01 7.003280313969144633e-01 0.000000000000000000e+00 2.147907549085431356e+00
-7.416735600000002648e+01 6.990352084267992261e-01 0.000000000000000000e+00 2.242770957035340018e+00
-7.507619800000004773e+01 7.076011408148574766e-01 0.000000000000000000e+00 2.650943234686724104e+00
-7.338873200000003294e+01 6.916965945206206001e-01 0.000000000000000000e+00 2.116903720291940960e+00
-7.484258000000002653e+01 7.053992663497320459e-01 0.000000000000000000e+00 2.492181034898361069e+00
-7.393079200000005358e+01 6.968055675987473441e-01 0.000000000000000000e+00 2.471246020630242235e+00
-7.463810200000004613e+01 7.034720394798854581e-01 0.000000000000000000e+00 2.244338525302627119e+00
-7.370069600000005039e+01 6.946368883577322961e-01 0.000000000000000000e+00 2.335973082119714661e+00
-7.446961200000002634e+01 7.018840033327178318e-01 0.000000000000000000e+00 2.871722502254622889e+00
-7.361188800000002175e+01 6.937998635244621015e-01 0.000000000000000000e+00 2.017170503216438870e+00
-7.493472000000006972e+01 7.062676956369304815e-01 0.000000000000000000e+00 2.480026304519997282e+00
-7.386918800000002250e+01 6.962249433551118694e-01 0.000000000000000000e+00 2.414162944266751154e+00
-7.556577000000008582e+01 7.122154089176593317e-01 0.000000000000000000e+00 2.431618985699890434e+00
-7.438912000000001967e+01 7.011253576827812806e-01 0.000000000000000000e+00 2.317390021449809989e+00
-7.521150000000008617e+01 7.088763765367643854e-01 0.000000000000000000e+00 2.609283900137190582e+00
-7.493685400000003938e+01 7.062878088136057553e-01 0.000000000000000000e+00 2.220287786943963670e+00
-7.514546000000005677e+01 7.082539425219327445e-01 0.000000000000000000e+00 2.401170354117956318e+00
-7.433570200000002615e+01 7.006218873586708140e-01 0.000000000000000000e+00 1.908665100496822475e+00
-7.493269000000005065e+01 7.062485626713017606e-01 0.000000000000000000e+00 2.647230355570619142e+00
-7.552765800000004504e+01 7.118561992693662743e-01 0.000000000000000000e+00 2.133191523372877541e+00
-7.439753000000003169e+01 7.012046228260996328e-01 0.000000000000000000e+00 2.672698561889699675e+00
