-1.861177400000001114e+01 3.764349887343202972e-01 0.000000000000000000e+00 1.960591796383031715e+00
-1.931999200000002048e+01 3.907591490669917733e-01 0.000000000000000000e+00 2.258727147936253399e+00
-1.896851200000001469e+01 3.836502421008776698e-01 0.000000000000000000e+00 2.380842198890166017e+00
-1.781953000000001097e+01 3.604113490095507966e-01 0.000000000000000000e+00 1.986603224403937551e+00
-1.846315000000000239e+01 3.734289736298142537e-01 0.000000000000000000e+00 2.544636578346421540e+00
-1.872372399999999715e+01 3.786992488198340223e-01 0.000000000000000000e+00 2.217072624076234622e+00
-1.919828000000001822e+01 3.882974463110464014e-01 0.000000000000000000e+00 2.390566599335518738e+00
-1.867964400000001035e+01 3.778077027316747993e-01 0.000000000000000000e+00 1.963699528040958597e+00
-1.886199800000001403e+01 3.814959285792301480e-01 0.000000000000000000e+00 2.025391313530610748e+00
-1.880852400000000912e+01 3.804143828551320161e-01 0.000000000000000000e+00 2.325331540480960246e+00
-1.818983200000002043e+01 3.679009429192071079e-01 0.000000000000000000e+00 2.181287169941989568e+00
-1.792997800000001973e+01 3.626452301879774520e-01 0.000000000000000000e+00 1.787722672523494261e+00
-1.888722199999999773e+01 3.820061000521821071e-01 0.000000000000000000e+00 2.651322631304739108e+00
-1.727056800000000791e+01 3.493082427561882142e-01 0.000000000000000000e+00 2.048359454471610164e+00
-1.829605400000000515e+01 3.700493505547893247e-01 0.000000000000000000e+00 2.131244387458826495e+00
-1.841353000000000151e+01 3.724253775115185516e-01 0.000000000000000000e+00 2.287523360569573505e+00
-1.935488000000000852e+01 3.914647810979286491e-01 0.000000000000000000e+00 2.153424716139574979e+00
-1.914121800000000562e+01 3.871433310006432982e-01 0.000000000000000000e+00 2.014636944829193421e+00
-1.810012200000001670e+01 3.660865010052145041e-01 0.000000000000000000e+00 2.043960639462689244e+00
-1.935385400000000899e+01 3.914440295941525316e-01 0.000000000000000000e+00 2.201440607274603334e+00
-1.864726200000000844e+01 3.771527561475825907e-01 0.000000000000000000e+00 2.260363115317286287e+00
-1.824697400000001224e+01 3.690566762805864709e-01 0.000000000000000000e+00 1.712454167232725366e+00
-1.852650400000002051e+01 3.747103486495346192e-01 0.000000000000000000e+00 1.816500746269034350e+00
-1.912476600000001525e+01 3.868105788172859771e-01 0.000000000000000000e+00 2.169664335823735968e+00
-1.829746200000001011e+01 3.700778282519792683e-01 0.000000000000000000e+00 1.845993134297835514e+00
-1.817506600000001171e+01 3.676022911601832255e-01 0.000000000000000000e+00 2.341997458625021622e+00
-1.922316400000000769e+01 3.888007410673474662e-01 0.000000000000000000e+00 1.945770363267386616e+00
-1.805631400000001108e+01 3.652004562903756746e-01 0.000000000000000000e+00 2.080749155347368706e+00
-1.892418000000001754e+01 3.827535991521416325e-01 0.000000000000000000e+00 2.024072754611255576e+00
-1.828789800000000554e+01 3.698843902577151899e-01 0.000000000000000000e+00 2.005134912107795042e+00
-1.853164000000001366e+01 3.748142275222383635e-01 0.000000000000000000e+00 2.210145119966815841e+00
-1.953900200000001774e+01 3.951887658720691365e-01 0.000000000000000000e+00 2.006648125857161791e+00
-1.876253000000001236e+01 3.794841248973551684e-01 0.000000000000000000e+00 2.620460455702201319e+00
-1.873294000000001347e+01 3.788856482923497193e-01 0.000000000000000000e+00 2.314741654367642010e+00
-2.082498800000002603e+01 4.211986521635369685e-01 0.000000000000000000e+00 2.299255973082060756e+00
-1.954403800000000757e+01 3.952906221810519871e-01 0.000000000000000000e+00 2.100846143856702319e+00
-2.039028599999999969e+01 4.124065272176399843e-01 0.000000000000000000e+00 2.097892857083511586e+00
-2.036002400000000989e+01 4.117944589844305114e-01 0.000000000000000000e+00 1.658534641846850510e+00
-1.979698200000002117e+01 4.004065757591697139e-01 0.000000000000000000e+00 2.257752802153575100e+00
-1.930649400000001847e+01 3.904861434159486722e-01 0.000000000000000000e+00 2.151052462429787315e+00
-2.040242400000000700e+01 4.126520260020793418e-01 0.000000000000000000e+00 2.311569688080488127e+00
-1.962217200000000972e+01 3.968709321187166017e-01 0.000000000000000000e+00 2.511819212921184707e+00
-1.975903000000000986e+01 3.996389723758249080e-01 0.000000000000000000e+00 1.969768116050744755e+00
-2.039003600000000560e+01 4.124014708083379444e-01 0.000000000000000000e+00 2.313374071317136238e+00
-1.982217200000001611e+01 4.009160595604567834e-01 0.000000000000000000e+00 2.228544693046349945e+00
-2.040284000000001186e+01 4.126604398671582796e-01 0.000000000000000000e+00 1.914631659171818434e+00
-1.845440200000001241e+01 3.732520397555127434e-01 0.000000000000000000e+00 1.583654436975925339e+00
-1.970546600000001902e+01 3.985556063443782548e-01 0.000000000000000000e+00 1.928355592560037968e+00
-2.001142800000001643e+01 4.047438827560265739e-01 0.000000000000000000e+00 1.689673460299475849e+00
-2.000485400000001235e+01 4.046109194170164902e-01 0.000000000000000000e+00 1.837485405338590283e+00
-1.909500999999999493e+01 3.862087447565034637e-01 0.000000000000000000e+00 2.294740134470017345e+00
-1.977623600000002213e+01 3.999869746896380640e-01 0.000000000000000000e+00 2.451914838664802421e+00
-1.894959600000001032e+01 3.832676539474378363e-01 0.000000000000000000e+00 2.356788529699092916e+00
-1.865844600000000852e+01 3.773789596741247143e-01 0.000000000000000000e+00 1.653641875622446022e+00
-2.019444600000001344e+01 4.084455384266884037e-01 0.000000000000000000e+00 2.398950713529445444e+00
-1.846308600000001121e+01 3.734276791890330793e-01 0.000000000000000000e+00 1.980971799116011844e+00
-2.022634200000001670e+01 4.090906553510971766e-01 0.000000000000000000e+00 2.216595946430772734e+00
-2.069910400000000550e+01 4.186525680491565149e-01 0.000000000000000000e+00 1.979647492440831602e+00
-1.932661000000001295e+01 3.908930023340387860e-01 0.000000000000000000e+00 2.034598877574216758e+00
-1.991128000000001208e+01 4.027183256408495837e-01 0.000000000000000000e+00 1.921246608771807862e+00
-1.955341200000001223e+01 3.954802173042464286e-01 0.000000000000000000e+00 2.370021951024798401e+00
-2.032863600000001014e+01 4.111596166837238053e-01 0.000000000000000000e+00 2.320939862634022521e+00
-2.022173200000002069e+01 4.089974151635651367e-01 0.000000000000000000e+00 2.005489046424659971e+00
-1.885722000000001941e+01 3.813992904846471022e-01 0.000000000000000000e+00 2.059138487206470192e+00
-1.878534200000001064e+01 3.799455121333599750e-01 0.000000000000000000e+00 1.832282763299056816e+00
-1.944526800000001288e+01 3.932929359939487668e-01 0.000000000000000000e+00 2.023714435721970517e+00
-1.944990200000001579e+01 3.933866615967739344e-01 0.000000000000000000e+00 2.365675948418390462e+00
-1.934700600000001458e+01 3.913055244305475022e-01 0.000000000000000000e+00 1.916540978530821393e+00
-2.006015000000000725e+01 4.057293162521086738e-01 0.000000000000000000e+00 1.890526818859833869e+00
-2.020121000000000322e+01 4.085823446367678469e-01 0.000000000000000000e+00 2.046048536283604946e+00
-2.097246800000000633e+01 4.241815291390756415e-01 0.000000000000000000e+00 2.651755268537838273e+00
-2.023175200000001794e+01 4.092000760483962551e-01 0.000000000000000000e+00 2.038708886361486616e+00
-2.054942600000000752e+01 4.156252351230327324e-01 0.000000000000000000e+00 2.082854579396538508e+00
-2.142089399999999699e+01 4.332512307300240839e-01 0.000000000000000000e+00 2.123816529665594643e+00
-2.119608400000001325e+01 4.287043052291364953e-01 0.000000000000000000e+00 2.068525897842336203e+00
-2.114580600000000388e+01 4.276874006415573026e-01 0.000000000000000000e+00 2.273352947654653455e+00
-2.112918600000000069e+01 4.273512505511486426e-01 0.000000000000000000e+00 2.200368784747895212e+00
-2.169753200000001669e+01 4.388464105561649120e-01 0.000000000000000000e+00 2.540334592806644309e+00
-2.129946000000000694e+01 4.307951507012229841e-01 0.000000000000000000e+00 2.107387571800160231e+00
-2.187415400000002208e+01 4.424187030512400920e-01 0.000000000000000000e+00 2.204147498933441529e+00
-2.162880800000000647e+01 4.374564238646340142e-01 0.000000000000000000e+00 1.815033093038317835e+00
-2.058695800000000986e+01 4.163843437387497182e-01 0.000000000000000000e+00 1.957927157113261041e+00
-2.097571400000001063e+01 4.242471815574551663e-01 0.000000000000000000e+00 2.550100234315221037e+00
-2.159101200000001342e+01 4.366919756806940667e-01 0.000000000000000000e+00 1.894437280554718050e+00
-2.209509000000001322e+01 4.468872744335812830e-01 0.000000000000000000e+00 2.042604567331828935e+00
-2.150630200000001579e+01 4.349786619527451492e-01 0.000000000000000000e+00 1.837726348319871805e+00
-2.119463600000001335e+01 4.286750185064583385e-01 0.000000000000000000e+00 2.077677958222796661e+00
-2.163668800000001013e+01 4.376158018858385956e-01 0.000000000000000000e+00 2.296844517601563940e+00
-2.183932400000000840e+01 4.417142441072607895e-01 0.000000000000000000e+00 2.219715742613012743e+00
-2.160123800000000571e+01 4.368988030467901296e-01 0.000000000000000000e+00 2.502108695116536552e+00
-2.147048999999999808e+01 4.342543414330268248e-01 0.000000000000000000e+00 2.261336746419486676e+00
-2.276307400000001024e+01 4.603976764787977016e-01 0.000000000000000000e+00 1.929892527212305309e+00
-2.285578400000001409e+01 4.622727953044163396e-01 0.000000000000000000e+00 2.017114154145105864e+00
-2.134112000000001430e+01 4.316377507473375674e-01 0.000000000000000000e+00 1.797824661510502686e+00
-2.148754000000001696e+01 4.345991885474355110e-01 0.000000000000000000e+00 1.875540113883965576e+00
-2.321122800000001618e+01 4.694618766964256396e-01 0.000000000000000000e+00 2.226393991473361478e+00
-2.319289200000001117e+01 4.690910194125668120e-01 0.000000000000000000e+00 1.884924257497104350e+00
-2.322724400000000955e+01 4.697858105019600550e-01 0.000000000000000000e+00 2.055741358093906346e+00
-2.302313200000002524e+01 4.656575152400181383e-01 0.000000000000000000e+00 1.723290407816606473e+00
-2.329287600000001390e+01 4.711132595232415676e-01 0.000000000000000000e+00 1.840632488960841417e+00
-2.281546400000000929e+01 4.614572976121614767e-01 0.000000000000000000e+00 2.373172244427532718e+00
-2.412469200000001024e+01 4.879372681636336972e-01 0.000000000000000000e+00 1.772671888129796258e+00
-2.397728800000001570e+01 4.849559283365225681e-01 0.000000000000000000e+00 2.165131445902618523e+00
-2.458150400000000957e+01 4.971765819482144577e-01 0.000000000000000000e+00 2.078877116386233848e+00
-2.457891600000001731e+01 4.971242379991185345e-01 0.000000000000000000e+00 2.039642781594142473e+00
-2.372909400000001057e+01 4.799360465351463212e-01 0.000000000000000000e+00 2.359865488968437397e+00
-2.411959200000000081e+01 4.878341174138691172e-01 0.000000000000000000e+00 1.863674012314862516e+00
-2.385097000000001444e+01 4.824010662955939277e-01 0.000000000000000000e+00 1.920138214801057952e+00
-2.399740399999999241e+01 4.853627872546122934e-01 0.000000000000000000e+00 1.681744368563771852e+00
-2.431126400000002263e+01 4.917108057489355533e-01 0.000000000000000000e+00 1.896483444285366193e+00
-2.420650400000001312e+01 4.895919679949519709e-01 0.000000000000000000e+00 1.760742293530277669e+00
-2.418706000000001310e+01 4.891987007050659919e-01 0.000000000000000000e+00 1.625505968533297541e+00
-2.462865000000001814e+01 4.981301398400560521e-01 0.000000000000000000e+00 1.669861342184198127e+00
-2.418839400000001305e+01 4.892256817051023887e-01 0.000000000000000000e+00 1.923406983822763872e+00
-2.379667600000001215e+01 4.813029355489847338e-01 0.000000000000000000e+00 2.123216720413256819e+00
-2.468118400000001600e+01 4.991926734651778719e-01 0.000000000000000000e+00 1.931358074899314436e+00
-2.460734800000001243e+01 4.976992933162361910e-01 0.000000000000000000e+00 1.699053264750874925e+00
-2.448503600000001512e+01 4.952254551779656788e-01 0.000000000000000000e+00 1.690399451299466227e+00
-2.499580599999999819e+01 5.055561038950532327e-01 0.000000000000000000e+00 1.844931991619476852e+00
-2.485074800000000650e+01 5.026222134128337515e-01 0.000000000000000000e+00 1.638010514049703659e+00
-2.485157200000001509e+01 5.026388793378938624e-01 0.000000000000000000e+00 1.908624442429254664e+00
-2.527663400000001204e+01 5.112360291410983359e-01 0.000000000000000000e+00 1.695297680973802290e+00
-2.580826600000002102e+01 5.219886251016342404e-01 0.000000000000000000e+00 2.305828245078548999e+00
-2.462222600000002259e+01 4.980002103466274477e-01 0.000000000000000000e+00 2.124374184288805090e+00
-2.508477800000001423e+01 5.073556192887860306e-01 0.000000000000000000e+00 1.808810985741012844e+00
-2.549006400000000738e+01 5.155527868905511735e-01 0.000000000000000000e+00 2.181034476986097648e+00
-2.517729600000001611e+01 5.092268547920605348e-01 0.000000000000000000e+00 1.850019148244884226e+00
-2.506155400000002587e+01 5.068858990902513906e-01 0.000000000000000000e+00 1.926988969131778529e+00
-2.502246400000001358e+01 5.060952789317629819e-01 0.000000000000000000e+00 2.096782788879528514e+00
-2.558992400000001410e+01 5.175725190222121297e-01 0.000000000000000000e+00 1.644747458624121084e+00
-2.541010200000000196e+01 5.139355044880689061e-01 0.000000000000000000e+00 1.885486413461920030e+00
-2.418246000000001317e+01 4.891056627739059359e-01 0.000000000000000000e+00 2.089177168942912388e+00
-2.487949000000001121e+01 5.032035386774862395e-01 0.000000000000000000e+00 2.040742191463733590e+00
-2.369571600000000799e+01 4.792609552163942799e-01 0.000000000000000000e+00 1.794738460039076111e+00
-2.441387600000002323e+01 4.937861988341947228e-01 0.000000000000000000e+00 1.940389241963393463e+00
-2.492754600000001730e+01 5.041755018991876947e-01 0.000000000000000000e+00 1.929078446201708763e+00
-2.425541600000001452e+01 4.905812443621039298e-01 0.000000000000000000e+00 1.812563794751634205e+00
-2.577556600000002263e+01 5.213272467649098241e-01 0.000000000000000000e+00 2.023358663523737722e+00
-2.567075800000001351e+01 5.192074381803400973e-01 0.000000000000000000e+00 2.020168537682542897e+00
-2.523811600000001221e+01 5.104569780470936680e-01 0.000000000000000000e+00 2.382416131234775580e+00
-2.447872200000001897e+01 4.950977505046300076e-01 0.000000000000000000e+00 1.670488498297864721e+00
-2.417394800000001354e+01 4.889335021499854883e-01 0.000000000000000000e+00 1.957983123630078870e+00
-2.492499400000000165e+01 5.041238860730307136e-01 0.000000000000000000e+00 2.003400402942230318e+00
-2.511222400000001187e+01 5.079107321276159492e-01 0.000000000000000000e+00 1.932849996903353240e+00
-2.484247000000001648e+01 5.024547855880202585e-01 0.000000000000000000e+00 1.635906432921127251e+00
-2.569887200000001215e+01 5.197760617448254905e-01 0.000000000000000000e+00 1.946329379356293465e+00
-2.556613200000001029e+01 5.170913106617426314e-01 0.000000000000000000e+00 1.756422446647408320e+00
-2.475141600000001318e+01 5.006131604176192740e-01 0.000000000000000000e+00 2.252838443894028764e+00
-2.420381200000002409e+01 4.895375205795863272e-01 0.000000000000000000e+00 1.753966578772385043e+00
-2.472217600000001170e+01 5.000217627856368141e-01 0.000000000000000000e+00 2.206056502711468692e+00
-2.467684200000001482e+01 4.991048537484176206e-01 0.000000000000000000e+00 1.658639197691038403e+00
-2.541274200000001926e+01 5.139889001703003002e-01 0.000000000000000000e+00 1.946647188631278613e+00
-2.495503600000001398e+01 5.047315046660547644e-01 0.000000000000000000e+00 1.816527396692197538e+00
-2.479422600000001609e+01 5.014790199465237741e-01 0.000000000000000000e+00 2.299666766664468565e+00
-2.528926000000002006e+01 5.114913980364955703e-01 0.000000000000000000e+00 1.909880899454468706e+00
-2.475335200000001024e+01 5.006523172512552522e-01 0.000000000000000000e+00 2.117146157691117914e+00
-2.425881400000001520e+01 4.906499710773390976e-01 0.000000000000000000e+00 2.148936346008405884e+00
-2.542946000000001661e+01 5.143270323731552462e-01 0.000000000000000000e+00 2.051238484428370867e+00
-2.519975200000001436e+01 5.096810417012190841e-01 0.000000000000000000e+00 2.039868565803575784e+00
-2.568606400000001599e+01 5.195170117834565504e-01 0.000000000000000000e+00 2.037752707289244292e+00
-2.532474800000002091e+01 5.122091654497579194e-01 0.000000000000000000e+00 1.632873573788172550e+00
-2.505905400000002103e+01 5.068353349972295474e-01 0.000000000000000000e+00 1.877066423401853479e+00
-2.445683800000000829e+01 4.946551326599546439e-01 0.000000000000000000e+00 1.661048475917995315e+00
-2.485261200000001836e+01 5.026599140005909572e-01 0.000000000000000000e+00 1.620712294539881304e+00
-2.520476400000001505e+01 5.097824125949090845e-01 0.000000000000000000e+00 2.182375091385298393e+00
-2.519171200000000610e+01 5.095184275780609839e-01 0.000000000000000000e+00 1.678622190019017468e+00
-2.499606400000001116e+01 5.055613221094532594e-01 0.000000000000000000e+00 1.624155308760137695e+00
-2.499343200000000920e+01 5.055080882323199631e-01 0.000000000000000000e+00 2.019416242426948838e+00
-2.537501200000001589e+01 5.132257868784159127e-01 0.000000000000000000e+00 1.726326053644243741e+00
-2.533993400000002083e+01 5.125163119764092334e-01 0.000000000000000000e+00 1.565983890690779257e+00
-2.594519200000002357e+01 5.247580407020727700e-01 0.000000000000000000e+00 2.134886258635127376e+00
-2.569519200000002002e+01 5.197016313998976678e-01 0.000000000000000000e+00 2.089715125125378936e+00
-2.554884400000001676e+01 5.167416498456787188e-01 0.000000000000000000e+00 1.578705846048425343e+00
-2.560344600000001947e+01 5.178460100885482476e-01 0.000000000000000000e+00 2.078632248020098494e+00
-2.689499200000000911e+01 5.439683509228959712e-01 0.000000000000000000e+00 1.975377739899102814e+00
-2.640213200000000882e+01 5.339999433682159902e-01 0.000000000000000000e+00 1.429539997842069088e+00
-2.673908400000001606e+01 5.408150122769621593e-01 0.000000000000000000e+00 2.130022889653650164e+00
-2.618695600000001278e+01 5.296478716561967559e-01 0.000000000000000000e+00 2.058378281649822394e+00
-2.598731400000001912e+01 5.256099849925776057e-01 0.000000000000000000e+00 2.033830010129914712e+00
-2.613422200000001538e+01 5.285812929036332042e-01 0.000000000000000000e+00 1.987516469639149630e+00
-2.624382800000002192e+01 5.307981440955301666e-01 0.000000000000000000e+00 1.978882288345436447e+00
-2.504203600000001373e+01 5.064911351032117537e-01 0.000000000000000000e+00 1.824965188848568731e+00
-2.526041200000000586e+01 5.109079288542986985e-01 0.000000000000000000e+00 1.761978978496232306e+00
-2.728282400000001928e+01 5.518125002528208034e-01 0.000000000000000000e+00 1.529054713802622700e+00
-2.701360000000001804e+01 5.463672733009456994e-01 0.000000000000000000e+00 1.952908220365646486e+00
-2.692602800000000940e+01 5.445960737993051914e-01 0.000000000000000000e+00 1.798239013342517456e+00
-2.735812200000000871e+01 5.533354502833613964e-01 0.000000000000000000e+00 1.945582617814888504e+00
-2.784349800000001807e+01 5.631524891691715995e-01 0.000000000000000000e+00 1.946774369061901266e+00
-2.723922200000000871e+01 5.509306220192469183e-01 0.000000000000000000e+00 2.088685841905808971e+00
-2.753177800000000985e+01 5.568477535384754873e-01 0.000000000000000000e+00 1.809929102667512391e+00
-2.721891999999999356e+01 5.505200011326355503e-01 0.000000000000000000e+00 1.742430503577683476e+00
-2.866767400000001942e+01 5.798219739412894258e-01 0.000000000000000000e+00 2.324770164750298296e+00
-2.775572200000000223e+01 5.613771636375404217e-01 0.000000000000000000e+00 2.045909766446312172e+00
-2.808127600000002033e+01 5.679617007333820355e-01 0.000000000000000000e+00 2.073627188720773784e+00
-2.685041800000001544e+01 5.430668133699555478e-01 0.000000000000000000e+00 2.051908100427993986e+00
-2.759683200000001690e+01 5.581635121414503242e-01 0.000000000000000000e+00 2.363630188428918366e+00
-2.803571200000000374e+01 5.670401397996044368e-01 0.000000000000000000e+00 1.778592187191710527e+00
-2.911846600000002283e+01 5.889395293898739281e-01 0.000000000000000000e+00 2.114647592304780499e+00
-2.812904600000000954e+01 5.689278794228413982e-01 0.000000000000000000e+00 1.904448466803738693e+00
-2.902903400000000289e+01 5.871307102030249858e-01 0.000000000000000000e+00 1.559411184410528062e+00
-2.864370200000003663e+01 5.793371249661227740e-01 0.000000000000000000e+00 1.597398960683247493e+00
-2.787899600000001854e+01 5.638704588388060435e-01 0.000000000000000000e+00 2.041817588184160037e+00
-2.836898800000000875e+01 5.737808592659713325e-01 0.000000000000000000e+00 2.268891452157358657e+00
-2.931875600000001469e+01 5.929905222664042519e-01 0.000000000000000000e+00 2.408567505122352514e+00
-2.913407000000000480e+01 5.892551302328781215e-01 0.000000000000000000e+00 2.082840950953695813e+00
-2.851306000000002072e+01 5.766948072699034089e-01 0.000000000000000000e+00 1.872103371163898133e+00
-2.889519600000001986e+01 5.844237513702873477e-01 0.000000000000000000e+00 2.216480977409045927e+00
-2.923823800000000972e+01 5.913619944096341063e-01 0.000000000000000000e+00 2.091313334724368644e+00
-2.838183000000001144e+01 5.740405968990055507e-01 0.000000000000000000e+00 1.876268693552189504e+00
-2.786381800000001618e+01 5.635634741172523832e-01 0.000000000000000000e+00 1.590055872748063592e+00
-2.867279800000001799e+01 5.799256101063468005e-01 0.000000000000000000e+00 1.827407986379294691e+00
-2.795334600000001402e+01 5.653742349652728372e-01 0.000000000000000000e+00 1.636320095591435209e+00
-2.828163200000001964e+01 5.720140285019683635e-01 0.000000000000000000e+00 1.915164013172108159e+00
-2.942970400000000453e+01 5.952345162634349318e-01 0.000000000000000000e+00 1.808000541360426539e+00
-2.942695400000001271e+01 5.951788957611111597e-01 0.000000000000000000e+00 2.272853946940993630e+00
-2.847058000000000888e+01 5.758356222012775971e-01 0.000000000000000000e+00 1.613207361598362866e+00
-2.861501799999999918e+01 5.787569727884276372e-01 0.000000000000000000e+00 2.073791998198936781e+00
-2.921619600000001427e+01 5.909161809142799981e-01 0.000000000000000000e+00 1.909298696143416851e+00
-2.846466400000002039e+01 5.757159673315511705e-01 0.000000000000000000e+00 1.974962990652858963e+00
-2.895351600000001113e+01 5.856033105322985266e-01 0.000000000000000000e+00 2.048205445065498953e+00
-2.884513000000001526e+01 5.834111346177964785e-01 0.000000000000000000e+00 2.054690409351936253e+00
-2.996702400000001276e+01 6.061021556484139650e-01 0.000000000000000000e+00 1.957849872037788153e+00
-2.976132200000002825e+01 6.019417016233101769e-01 0.000000000000000000e+00 1.591534517984248387e+00
-2.892350600000003524e+01 5.849963391596659790e-01 0.000000000000000000e+00 1.952514430361967479e+00
-2.917263200000001433e+01 5.900350712549201626e-01 0.000000000000000000e+00 1.841955215178488592e+00
-3.008106200000001351e+01 6.084086468644197554e-01 0.000000000000000000e+00 1.693179339858968735e+00
-2.934796200000002386e+01 5.935812322267217667e-01 0.000000000000000000e+00 1.560155428852451731e+00
-3.010439800000000332e+01 6.088806323343217697e-01 0.000000000000000000e+00 1.834610237304982405e+00
-3.011533200000000932e+01 6.091017794515618533e-01 0.000000000000000000e+00 2.106616774863756092e+00
-2.984967200000001597e+01 6.037286366706986485e-01 0.000000000000000000e+00 2.048440203148421901e+00
-2.948290800000002676e+01 5.963106010654871669e-01 0.000000000000000000e+00 1.672064844187472588e+00
-2.936083000000000709e+01 5.938414957263230542e-01 0.000000000000000000e+00 2.174411498392940345e+00
-2.915611400000001296e+01 5.897009841795068930e-01 0.000000000000000000e+00 1.761292087525461403e+00
-3.028720200000001128e+01 6.125779597186211678e-01 0.000000000000000000e+00 1.891779386094616822e+00
-2.939009800000001960e+01 5.944334596761474687e-01 0.000000000000000000e+00 1.498198413447486388e+00
-2.979178400000001403e+01 6.025578149839613262e-01 0.000000000000000000e+00 1.651210948519022725e+00
-3.016346999999999667e+01 6.100754011755139539e-01 0.000000000000000000e+00 1.655386826012993806e+00
-2.897527200000001102e+01 5.860433394954109865e-01 0.000000000000000000e+00 1.777353761168382063e+00
-2.953486399999999890e+01 5.973614442723017559e-01 0.000000000000000000e+00 1.834774507242860730e+00
-2.946045800000001691e+01 5.958565355101516081e-01 0.000000000000000000e+00 1.636920285057376523e+00
-2.923736200000001517e+01 5.913442767514394127e-01 0.000000000000000000e+00 1.624522008380659299e+00
-3.272696600000002576e+01 6.619237412574688895e-01 0.000000000000000000e+00 2.258692845910141855e+00
-3.386776200000001324e+01 6.849970672826050100e-01 0.000000000000000000e+00 1.553569813887429207e+00
-3.375010400000002875e+01 6.826173592599040774e-01 0.000000000000000000e+00 1.693111599531669453e+00
-3.372019600000001560e+01 6.820124509022660320e-01 0.000000000000000000e+00 2.011527467651175183e+00
-3.385609800000001712e+01 6.847611554502027742e-01 0.000000000000000000e+00 1.649801905340349206e+00
-3.309972400000001613e+01 6.694630093321093378e-01 0.000000000000000000e+00 1.801438784967126727e+00
-3.376921200000001733e+01 6.830038307356877114e-01 0.000000000000000000e+00 1.888867512948091409e+00
-3.320205600000002022e+01 6.715327392389501826e-01 0.000000000000000000e+00 1.451767538249547407e+00
-3.395829800000002763e+01 6.868282155729321659e-01 0.000000000000000000e+00 1.814101667770045223e+00
-3.412676600000002480e+01 6.902355882222074301e-01 0.000000000000000000e+00 1.782948855989634929e+00
-3.448036000000001877e+01 6.973872521853804463e-01 0.000000000000000000e+00 1.929650812814053706e+00
-3.595266000000000872e+01 7.271654578477496633e-01 0.000000000000000000e+00 1.643466509447870871e+00
-3.634445600000002230e+01 7.350897816035698584e-01 0.000000000000000000e+00 1.849201721973428914e+00
-3.726889400000000308e+01 7.537871292135059909e-01 0.000000000000000000e+00 1.500599185767895971e+00
-3.702469200000003013e+01 7.488479881558675055e-01 0.000000000000000000e+00 1.698384070356409037e+00
-3.768265600000002991e+01 7.621557293162527502e-01 0.000000000000000000e+00 1.738498411890403439e+00
-3.688115800000002764e+01 7.459449215447537807e-01 0.000000000000000000e+00 1.358363475343574933e+00
-3.785229400000002187e+01 7.655867659610620102e-01 0.000000000000000000e+00 1.689954432582743138e+00
-3.738370200000003507e+01 7.561091941701630903e-01 0.000000000000000000e+00 1.730396856097444314e+00
-3.728840000000002419e+01 7.541816504928993137e-01 0.000000000000000000e+00 1.908638480300774098e+00
-3.774047200000001823e+01 7.633250947571107448e-01 0.000000000000000000e+00 1.989564941127998532e+00
-3.759746200000001437e+01 7.604326263798943941e-01 0.000000000000000000e+00 1.660963910406462185e+00
-3.792637400000003112e+01 7.670850811654827961e-01 0.000000000000000000e+00 1.645475335126324490e+00
-3.762039400000001876e+01 7.608964406923643953e-01 0.000000000000000000e+00 1.696709340763568274e+00
-3.825563600000002396e+01 7.737446149240936322e-01 0.000000000000000000e+00 1.833350324192340564e+00
-3.701866200000000617e+01 7.487260275634984863e-01 0.000000000000000000e+00 1.851833170637881221e+00
-3.750342200000002180e+01 7.585306074567883527e-01 0.000000000000000000e+00 1.596310489505425201e+00
-3.816513200000003536e+01 7.719141138541576463e-01 0.000000000000000000e+00 1.680191443449949418e+00
-3.730058400000000063e+01 7.544280796566495972e-01 0.000000000000000000e+00 1.860467782315604390e+00
-3.865165000000002493e+01 7.817542504176598905e-01 0.000000000000000000e+00 1.608160843348950486e+00
-3.815075600000001543e+01 7.716233500936450218e-01 0.000000000000000000e+00 1.734715713927055702e+00
-3.747229200000002436e+01 7.579009833704816179e-01 0.000000000000000000e+00 1.383693345317071222e+00
-3.803662000000001342e+01 7.693148767651927233e-01 0.000000000000000000e+00 1.566042629165514288e+00
-3.816973600000001454e+01 7.720072326878660851e-01 0.000000000000000000e+00 1.742090778202728840e+00
-3.813405400000000611e+01 7.712855415009851612e-01 0.000000000000000000e+00 1.357998957425106346e+00
-3.779804200000001657e+01 7.644894846912155817e-01 0.000000000000000000e+00 1.510861893639694920e+00
-3.752048400000001749e+01 7.588756972788430755e-01 0.000000000000000000e+00 1.393609661211567818e+00
-3.794201400000002167e+01 7.674014101314265979e-01 0.000000000000000000e+00 1.597924524899961618e+00
-3.794921400000001910e+01 7.675470347193291687e-01 0.000000000000000000e+00 1.610269198964990656e+00
-3.743092000000002173e+01 7.570642083078832352e-01 0.000000000000000000e+00 1.662836023548961428e+00
-3.858570800000003942e+01 7.804205314488440459e-01 0.000000000000000000e+00 1.984235836915816398e+00
-3.764586600000001226e+01 7.614116281233442862e-01 0.000000000000000000e+00 1.570417627798736504e+00
-3.798255200000004095e+01 7.682213170125933299e-01 0.000000000000000000e+00 1.450562837505330105e+00
-3.811907600000001395e+01 7.709826019068733993e-01 0.000000000000000000e+00 1.739444692018087490e+00
-3.868973400000001561e+01 7.825245235851158165e-01 0.000000000000000000e+00 1.594302265310991062e+00
-3.821037200000004219e+01 7.728291216814794362e-01 0.000000000000000000e+00 1.657784799432146627e+00
-3.850006200000001400e+01 7.786882865244671992e-01 0.000000000000000000e+00 1.998783334920410049e+00
-3.726675000000002314e+01 7.537437654473309045e-01 0.000000000000000000e+00 1.585714170270916323e+00
-3.813106800000000618e+01 7.712251477482799933e-01 0.000000000000000000e+00 1.916250002293252708e+00
-3.756949200000001099e+01 7.598669153071669902e-01 0.000000000000000000e+00 1.470125075808589310e+00
-3.876921400000004070e+01 7.841320572304638636e-01 0.000000000000000000e+00 1.837748833094281498e+00
-3.831394800000001055e+01 7.749240122810071574e-01 0.000000000000000000e+00 1.663522309449549708e+00
-3.814330600000002391e+01 7.714726690964404110e-01 0.000000000000000000e+00 1.623574324083200571e+00
-3.795638400000003543e+01 7.676920525381158988e-01 0.000000000000000000e+00 1.366565288384781862e+00
-3.866731600000002800e+01 7.820711052501714278e-01 0.000000000000000000e+00 1.457095132375343605e+00
-3.730711800000002398e+01 7.545602339701716899e-01 0.000000000000000000e+00 1.509382024885173035e+00
-3.793747200000003517e+01 7.673095452872249478e-01 0.000000000000000000e+00 1.865387400719656030e+00
-3.892887200000001968e+01 7.873612420159301628e-01 0.000000000000000000e+00 1.461427178893317524e+00
-3.876594400000001883e+01 7.840659193967909335e-01 0.000000000000000000e+00 1.572234971793113445e+00
-3.874485600000002705e+01 7.836394011593340592e-01 0.000000000000000000e+00 1.537673442648425981e+00
-3.889135000000001696e+01 7.866023356565852165e-01 0.000000000000000000e+00 1.415778880862032407e+00
-3.822471000000002306e+01 7.731191168677773451e-01 0.000000000000000000e+00 1.744394036288356764e+00
-3.866469400000001855e+01 7.820180736294101154e-01 0.000000000000000000e+00 1.427196991338213206e+00
-3.889544800000000890e+01 7.866852203178662517e-01 0.000000000000000000e+00 1.549361083337778888e+00
-3.865780800000001705e+01 7.818787998915909254e-01 0.000000000000000000e+00 1.428053307982725117e+00
-3.960022200000000936e+01 8.009397235559908568e-01 0.000000000000000000e+00 1.745227185209982323e+00
-3.933971800000002617e+01 7.956708641605758636e-01 0.000000000000000000e+00 1.514178965736477256e+00
-3.950164400000001308e+01 7.989459206912316036e-01 0.000000000000000000e+00 1.635756446166652944e+00
-3.897566600000002524e+01 7.883076804834741047e-01 0.000000000000000000e+00 1.420606999601639053e+00
-3.885278400000002819e+01 7.858223137319947371e-01 0.000000000000000000e+00 1.609881198372329569e+00
-3.945729800000002996e+01 7.980489945835749221e-01 0.000000000000000000e+00 1.541195392405427134e+00
-3.934945600000003196e+01 7.958678214157143271e-01 0.000000000000000000e+00 1.427427416847412811e+00
-3.928360600000001313e+01 7.945359632055211119e-01 0.000000000000000000e+00 1.739618763635273568e+00
-3.866518000000001365e+01 7.820279032890934401e-01 0.000000000000000000e+00 1.474966339900129153e+00
-3.872069600000003220e+01 7.831507497643719340e-01 0.000000000000000000e+00 1.555918980643681504e+00
-3.907592600000001681e+01 7.903355028700183027e-01 0.000000000000000000e+00 1.527367915605209125e+00
-3.933427200000004120e+01 7.955607153403376763e-01 0.000000000000000000e+00 1.548579112963580195e+00
-3.924603199999999248e+01 7.937760051130409167e-01 0.000000000000000000e+00 1.586509272488796141e+00
-3.907858200000001148e+01 7.903892221624444492e-01 0.000000000000000000e+00 1.527426002795605031e+00
-3.948712000000001865e+01 7.986521635364125515e-01 0.000000000000000000e+00 1.425269743174280679e+00
-3.937824400000002356e+01 7.964500770596782964e-01 0.000000000000000000e+00 1.642783172663963898e+00
-3.898949200000000559e+01 7.885873201435212865e-01 0.000000000000000000e+00 1.427439153486077528e+00
-3.937323000000002793e+01 7.963486657147139658e-01 0.000000000000000000e+00 1.228615633322498679e+00
-3.916775400000001639e+01 7.921927826836188125e-01 0.000000000000000000e+00 1.569032170287779415e+00
-3.890209000000000827e+01 7.868195590002065032e-01 0.000000000000000000e+00 1.351521421894001707e+00
-3.927083000000001789e+01 7.942775604645427867e-01 0.000000000000000000e+00 1.464752405974497851e+00
-3.892387600000003545e+01 7.872601947324358029e-01 0.000000000000000000e+00 1.435164215790955877e+00
-3.910722000000002652e+01 7.909684439608275497e-01 0.000000000000000000e+00 1.354383187202860439e+00
-3.907006800000000624e+01 7.902170210872494494e-01 0.000000000000000000e+00 1.502375307781083080e+00
-3.890598800000001489e+01 7.868983985340460841e-01 0.000000000000000000e+00 1.620276028315963623e+00
-3.934472800000003900e+01 7.957721946029917559e-01 0.000000000000000000e+00 1.507779615897884229e+00
-3.924209600000002496e+01 7.936963970049881745e-01 0.000000000000000000e+00 1.491611091154985358e+00
-3.927695600000000553e+01 7.944014627180830956e-01 0.000000000000000000e+00 1.577866049180206565e+00
-3.906459800000001792e+01 7.901063868517180788e-01 0.000000000000000000e+00 1.711684245519481395e+00
-3.874416600000003541e+01 7.836254454696602867e-01 0.000000000000000000e+00 1.444755530277239242e+00
-3.879057800000001066e+01 7.845641577437899583e-01 0.000000000000000000e+00 1.541769422395691258e+00
-3.866199400000002129e+01 7.819634644089465958e-01 0.000000000000000000e+00 1.536465542732423417e+00
-3.913925000000003962e+01 7.916162711206224945e-01 0.000000000000000000e+00 1.681332672091523817e+00
-3.917221600000002013e+01 7.922830294768440362e-01 0.000000000000000000e+00 1.508058310283843406e+00
-3.885808600000001434e+01 7.859295500604749352e-01 0.000000000000000000e+00 1.679174700906864048e+00
-3.885302600000001405e+01 7.858272083361989013e-01 0.000000000000000000e+00 1.472170321628183176e+00
-3.874722400000002409e+01 7.836872954682442272e-01 0.000000000000000000e+00 1.799624961665764467e+00
-3.909399600000004682e+01 7.907009801343800603e-01 0.000000000000000000e+00 1.743320511681223595e+00
-3.903837600000001373e+01 7.895760301928315128e-01 0.000000000000000000e+00 1.579416140756072728e+00
-3.883436800000001909e+01 7.854498383971590947e-01 0.000000000000000000e+00 1.552087223343020073e+00
-3.841765000000002317e+01 7.770214513108240073e-01 0.000000000000000000e+00 1.208133829089269140e+00
-3.915206200000001502e+01 7.918754019845398728e-01 0.000000000000000000e+00 1.535729449472060137e+00
-3.939001000000002506e+01 7.966880519070758115e-01 0.000000000000000000e+00 1.361716100693859399e+00
-3.907979000000001690e+01 7.904136547321927164e-01 0.000000000000000000e+00 1.417506708052465036e+00
-3.874432600000002935e+01 7.836286815716134724e-01 0.000000000000000000e+00 1.579259416936887206e+00
-3.897498600000002966e+01 7.882939270501723161e-01 0.000000000000000000e+00 1.788899976031769201e+00
-3.944034200000004375e+01 7.977060486790644722e-01 0.000000000000000000e+00 1.519642470789186461e+00
-3.882894600000000906e+01 7.853401749922133135e-01 0.000000000000000000e+00 1.620755116904999404e+00
-3.887373800000001012e+01 7.862461217340654951e-01 0.000000000000000000e+00 1.577012510136578838e+00
-3.891218000000002775e+01 7.870236356796426191e-01 0.000000000000000000e+00 1.610245458044057054e+00
-3.960543600000002584e+01 8.010451800283973078e-01 0.000000000000000000e+00 1.448431561443570326e+00
-3.940535800000002098e+01 7.969984749869548635e-01 0.000000000000000000e+00 1.363711507538870604e+00
-3.968774800000003466e+01 8.027099926783199946e-01 0.000000000000000000e+00 1.686215630823152622e+00
-3.974931800000001658e+01 8.039552851612593587e-01 0.000000000000000000e+00 1.637064663845664958e+00
-4.020747200000003119e+01 8.132217417509745028e-01 0.000000000000000000e+00 1.431130510116340959e+00
-4.011048400000003511e+01 8.112600976493771210e-01 0.000000000000000000e+00 1.525479280520378067e+00
-4.052991000000003652e+01 8.197432557612734927e-01 0.000000000000000000e+00 1.363755450507120326e+00
-4.028344600000001918e+01 8.147583643122680019e-01 0.000000000000000000e+00 1.567380736520696427e+00
-4.082042400000003113e+01 8.256190865293216996e-01 0.000000000000000000e+00 1.629366017943262079e+00
-4.053065800000001673e+01 8.197583845379051715e-01 0.000000000000000000e+00 1.554073991789179709e+00
-4.021929800000001620e+01 8.134609301366042544e-01 0.000000000000000000e+00 1.183165400459481376e+00
-4.032280000000003639e+01 8.155543240389795390e-01 0.000000000000000000e+00 1.523057752673810494e+00
-4.004522000000001469e+01 8.099400916625881797e-01 0.000000000000000000e+00 1.340144108186530403e+00
-3.979402000000003170e+01 8.048594115957630191e-01 0.000000000000000000e+00 1.218856463404875079e+00
-4.077374600000001692e+01 8.246749942356937924e-01 0.000000000000000000e+00 1.218423623352499430e+00
-4.053079200000001947e+01 8.197610947732911768e-01 0.000000000000000000e+00 1.231359428418671076e+00
-4.110099000000001013e+01 8.312937126584175607e-01 0.000000000000000000e+00 1.407543357245258475e+00
-4.133818800000001659e+01 8.360911933530469353e-01 0.000000000000000000e+00 1.284486503012080005e+00
-4.102830200000003913e+01 8.298235515409920771e-01 0.000000000000000000e+00 1.072533657118752481e+00
-4.102487600000003454e+01 8.297542585079149546e-01 0.000000000000000000e+00 1.545502669828973552e+00
-4.059893200000002622e+01 8.211392696926922419e-01 0.000000000000000000e+00 1.354514725796659214e+00
-4.134292400000001777e+01 8.361869819708673823e-01 0.000000000000000000e+00 1.440406119998555390e+00
-4.143600400000003248e+01 8.380695842822534214e-01 0.000000000000000000e+00 1.431691046176168047e+00
-4.169013000000001767e+01 8.432094445635512914e-01 0.000000000000000000e+00 1.497276854320819250e+00
-4.165468200000002952e+01 8.424924861757775441e-01 0.000000000000000000e+00 1.363998201099261065e+00
-4.135446800000001133e+01 8.364204667268044791e-01 0.000000000000000000e+00 1.518520198385602704e+00
-4.197618600000001265e+01 8.489951094409231569e-01 0.000000000000000000e+00 1.412140203716874431e+00
-4.190675000000003791e+01 8.475907220957004107e-01 0.000000000000000000e+00 1.386008818131902576e+00
-4.206574000000001234e+01 8.508063961555111243e-01 0.000000000000000000e+00 1.224772245824264916e+00
-4.187572000000001538e+01 8.469631205731139589e-01 0.000000000000000000e+00 1.476136381151001986e+00
-4.259173000000004095e+01 8.614448790709159365e-01 0.000000000000000000e+00 1.415004458393233300e+00
-4.217636200000004720e+01 8.530437965948126644e-01 0.000000000000000000e+00 1.373459645763724035e+00
-4.233497200000000049e+01 8.562517849124836600e-01 0.000000000000000000e+00 1.091002774031970102e+00
-4.207829200000002601e+01 8.510602683537550339e-01 0.000000000000000000e+00 1.279382952413096852e+00
-4.223444600000001969e+01 8.542185825064422255e-01 0.000000000000000000e+00 1.343923015728973658e+00
-4.204518600000002237e+01 8.503906784083237191e-01 0.000000000000000000e+00 1.357424284103812440e+00
-4.271791600000000955e+01 8.639970713277324021e-01 0.000000000000000000e+00 1.176833674534847107e+00
-4.251768600000000475e+01 8.599472919894342038e-01 0.000000000000000000e+00 1.231157814352986657e+00
-4.268201400000003076e+01 8.632709305006660561e-01 0.000000000000000000e+00 1.325932252411049284e+00
-4.231194000000002831e+01 8.557859480362934868e-01 0.000000000000000000e+00 1.107568750813139324e+00
-4.334978000000001686e+01 8.767769233569706611e-01 0.000000000000000000e+00 1.352643788954793092e+00
-4.339507799999999804e+01 8.776931042712500242e-01 0.000000000000000000e+00 1.257669682475562434e+00
-4.322165800000004765e+01 8.741855742665182172e-01 0.000000000000000000e+00 1.343357964822677220e+00
-4.291518200000003702e+01 8.679869018773443967e-01 0.000000000000000000e+00 1.075280913672836958e+00
-4.339844200000000285e+01 8.777611433148202469e-01 0.000000000000000000e+00 1.187249162890350540e+00
-4.408992200000002981e+01 8.917467669318928092e-01 0.000000000000000000e+00 1.167218629566920685e+00
-4.362463800000001157e+01 8.823361015488795367e-01 0.000000000000000000e+00 9.554725055408159751e-01
-4.391156600000000765e+01 8.881394031818974355e-01 0.000000000000000000e+00 1.118522128508701696e+00
-4.304757600000001361e+01 8.706646548899525939e-01 0.000000000000000000e+00 1.309626630508624601e+00
-4.377541200000004551e+01 8.853856017733847672e-01 0.000000000000000000e+00 9.541789781161538198e-01
-4.365799400000000929e+01 8.830107479036128915e-01 0.000000000000000000e+00 1.027928586701224001e+00
-4.393209400000004194e+01 8.885545950625183265e-01 0.000000000000000000e+00 1.147943718204710750e+00
-4.339291800000001587e+01 8.776494168948796304e-01 0.000000000000000000e+00 1.271003821877921380e+00
-4.351225400000001287e+01 8.800630635368169585e-01 0.000000000000000000e+00 1.171472689612988782e+00
-4.423250200000000376e+01 8.946305382851087451e-01 0.000000000000000000e+00 1.110582948387235147e+00
-4.361330600000001567e+01 8.821069046280306525e-01 0.000000000000000000e+00 1.225949390902636660e+00
-4.372943000000002911e+01 8.844555865232539560e-01 0.000000000000000000e+00 1.164643331668541171e+00
-4.381651600000002134e+01 8.862169563652106952e-01 0.000000000000000000e+00 1.237957377305148876e+00
-4.359319200000002326e+01 8.817000861612149798e-01 0.000000000000000000e+00 1.127032411110226118e+00
-4.377583000000001334e+01 8.853940560897374246e-01 0.000000000000000000e+00 1.240335329170252354e+00
-4.468612600000002999e+01 9.038053727382687752e-01 0.000000000000000000e+00 9.631889683816573511e-01
-4.448659200000002301e+01 8.997696704434677839e-01 0.000000000000000000e+00 1.044722208080485437e+00
-4.411929600000003404e+01 8.923408747992612744e-01 0.000000000000000000e+00 1.237601224748501094e+00
-4.429384400000004263e+01 8.958712193227655884e-01 0.000000000000000000e+00 8.669221001574560770e-01
-4.485185400000001010e+01 9.071573271415918072e-01 0.000000000000000000e+00 1.016269966461330609e+00
-4.460619600000001839e+01 9.021887375561771227e-01 0.000000000000000000e+00 1.093424650281135557e+00
-4.501007400000003145e+01 9.103574274607527661e-01 0.000000000000000000e+00 1.103077644512036271e+00
-4.435746400000000733e+01 8.971579743619824132e-01 0.000000000000000000e+00 9.623517544520657774e-01
-4.468596199999998220e+01 9.038020557337654859e-01 0.000000000000000000e+00 9.725924580473085390e-01
-4.459556400000001730e+01 9.019736985813742169e-01 0.000000000000000000e+00 9.623338803537820896e-01
-4.451590600000004372e+01 9.003625647726040127e-01 0.000000000000000000e+00 1.027801701762287356e+00
-4.454100000000001103e+01 9.008701069127185157e-01 0.000000000000000000e+00 9.990720175050529228e-01
-4.468850000000004741e+01 9.038533884010024888e-01 0.000000000000000000e+00 1.023551845390364479e+00
-4.482594000000001699e+01 9.066331999789656315e-01 0.000000000000000000e+00 9.409615325062788971e-01
-4.430638600000005312e+01 8.961248892646374031e-01 0.000000000000000000e+00 8.947566663195264391e-01
-4.477306200000001724e+01 9.055637087346440905e-01 0.000000000000000000e+00 9.999438552703493466e-01
-4.493247400000001335e+01 9.087879180133572321e-01 0.000000000000000000e+00 9.405013795703531798e-01
-4.447938800000002857e+01 8.996239649530164417e-01 0.000000000000000000e+00 8.473008490161182404e-01
-4.483459000000001282e+01 9.068081517408208558e-01 0.000000000000000000e+00 9.490057271702951880e-01
-4.453186800000004553e+01 9.006854063937294042e-01 0.000000000000000000e+00 1.037443547241550634e+00
-4.413267200000002788e+01 8.926114129225647398e-01 0.000000000000000000e+00 1.077652107999027997e+00
-4.463202600000006015e+01 9.027111657652786558e-01 0.000000000000000000e+00 9.977292815775086199e-01
-4.440215600000002638e+01 8.980618985401140897e-01 0.000000000000000000e+00 1.073262653641227526e+00
-4.467929200000005352e+01 9.036671507335849451e-01 0.000000000000000000e+00 1.003606276141750575e+00
-4.508308800000001781e+01 9.118341821359086108e-01 0.000000000000000000e+00 8.826066807960716298e-01
-4.474572200000000777e+01 9.050107398133580006e-01 0.000000000000000000e+00 1.027433578927158919e+00
-4.456979800000005554e+01 9.014525648130555791e-01 0.000000000000000000e+00 1.146079824284645277e+00
-4.433339600000004310e+01 8.966711837256441386e-01 0.000000000000000000e+00 1.017616346106245739e+00
-4.467490800000003048e+01 9.035784815400615955e-01 0.000000000000000000e+00 9.418872468581038770e-01
-4.486665800000004367e+01 9.074567474748300722e-01 0.000000000000000000e+00 9.355197228030714962e-01
-4.493309800000004373e+01 9.088005388109761107e-01 0.000000000000000000e+00 1.035835413194723387e+00
-4.466948800000004383e+01 9.034688585863906995e-01 0.000000000000000000e+00 1.031803021808979537e+00
-4.491163800000002482e+01 9.083664966364770610e-01 0.000000000000000000e+00 9.122782646083199554e-01
-4.472626200000002683e+01 9.046171489132770471e-01 0.000000000000000000e+00 1.060633635542661990e+00
-4.489488600000004226e+01 9.080276767619572809e-01 0.000000000000000000e+00 1.097131145353667847e+00
-4.442018000000005173e+01 8.984264454251641441e-01 0.000000000000000000e+00 9.510319271531568752e-01
-4.483402000000001664e+01 9.067966231276120004e-01 0.000000000000000000e+00 9.546938765802356341e-01
-4.481338800000003175e+01 9.063793277807223880e-01 0.000000000000000000e+00 9.926531870464805341e-01
-4.463676199999999739e+01 9.028069543830977706e-01 0.000000000000000000e+00 9.680280151614278905e-01
-4.489558800000003203e+01 9.080418751592775894e-01 0.000000000000000000e+00 8.784406973976357502e-01
-4.516787600000000680e+01 9.135490734635596244e-01 0.000000000000000000e+00 1.092046042533986405e+00
-4.474467800000005013e+01 9.049896242481129116e-01 0.000000000000000000e+00 1.009732188473955627e+00
-4.492803800000003633e+01 9.086981970866999658e-01 0.000000000000000000e+00 1.046378966711276393e+00
-4.495368200000005032e+01 9.092168633272801337e-01 0.000000000000000000e+00 1.022199904580925356e+00
-4.452048400000003880e+01 9.004551577397453821e-01 0.000000000000000000e+00 9.161269168746342118e-01
-4.452969000000001643e+01 9.006413549558882625e-01 0.000000000000000000e+00 1.000771912328203728e+00
-4.474171600000001092e+01 9.049297159107000388e-01 0.000000000000000000e+00 1.000506463335323559e+00
-4.483400200000002656e+01 9.067962590661424738e-01 0.000000000000000000e+00 1.083958015324329116e+00
-4.504857200000000716e+01 9.111360740420128002e-01 0.000000000000000000e+00 9.776231960993536640e-01
-4.478223600000001170e+01 9.057492587303965781e-01 0.000000000000000000e+00 8.885219434225775093e-01
-4.498648200000002362e+01 9.098802642277249442e-01 0.000000000000000000e+00 9.606436016388687493e-01
-4.510447400000001039e+01 9.122667276132536696e-01 0.000000000000000000e+00 9.739838982573821857e-01
-4.523182800000002857e+01 9.148425434143307999e-01 0.000000000000000000e+00 8.374408881994498399e-01
-4.505796200000001051e+01 9.113259927754026046e-01 0.000000000000000000e+00 9.687970959323056741e-01
-4.508078000000001850e+01 9.117875013652309013e-01 0.000000000000000000e+00 1.055490384186948072e+00
-4.495437000000003280e+01 9.092307785656793540e-01 0.000000000000000000e+00 1.030159481769103325e+00
-4.486903000000000930e+01 9.075047226862884564e-01 0.000000000000000000e+00 9.871474751407548487e-01
-4.474119000000001733e+01 9.049190772255283344e-01 0.000000000000000000e+00 9.670628589871105296e-01
-4.485557800000005102e+01 9.072326474145577802e-01 0.000000000000000000e+00 1.099612303723913165e+00
-4.482434000000000651e+01 9.066008389594315542e-01 0.000000000000000000e+00 8.534003759175187165e-01
-4.519808800000005533e+01 9.141601304149098439e-01 0.000000000000000000e+00 1.148654615501601084e+00
-4.507789200000001273e+01 9.117290897249720194e-01 0.000000000000000000e+00 8.102560879229244728e-01
-4.519226800000002697e+01 9.140424172063545960e-01 0.000000000000000000e+00 8.174268700345893590e-01
-4.500828200000003676e+01 9.103211831188748882e-01 0.000000000000000000e+00 8.315365094458656570e-01
-4.501957600000005755e+01 9.105496114655103890e-01 0.000000000000000000e+00 1.032117998218451849e+00
-4.493273400000001772e+01 9.087931766790315891e-01 0.000000000000000000e+00 9.763891214101481086e-01
-4.443273600000002688e+01 8.986803985259561589e-01 0.000000000000000000e+00 1.152791604032260553e+00
-4.484382200000004559e+01 9.069948748235322489e-01 0.000000000000000000e+00 8.594453846569199973e-01
-4.423139000000004017e+01 8.946080473765334329e-01 0.000000000000000000e+00 9.112349836647763990e-01
-4.503626400000003116e+01 9.108871368992486062e-01 0.000000000000000000e+00 9.390576496669310602e-01
-4.465465600000003121e+01 9.031688719353109240e-01 0.000000000000000000e+00 9.092848769991693780e-01
-4.500137600000002891e+01 9.101815048683115084e-01 0.000000000000000000e+00 9.320745751063033158e-01
-4.500766400000004097e+01 9.103086836750799993e-01 0.000000000000000000e+00 9.478818964406909853e-01
-4.476538400000003293e+01 9.054084162921559598e-01 0.000000000000000000e+00 1.040388910064817596e+00
-4.482483400000005958e+01 9.066108304242137539e-01 0.000000000000000000e+00 1.053207018530938344e+00
-4.538145000000004359e+01 9.178687437047713393e-01 0.000000000000000000e+00 8.580534636988869091e-01
-4.538655800000004348e+01 9.179720562596332956e-01 0.000000000000000000e+00 8.728914506872137435e-01
-4.501741400000003779e+01 9.105058836378647769e-01 0.000000000000000000e+00 1.044743352082803112e+00
-4.531504600000003080e+01 9.165256804915644651e-01 0.000000000000000000e+00 9.970667034837540355e-01
-4.552754200000003948e+01 9.208235474958647027e-01 0.000000000000000000e+00 8.960756341160974747e-01
-4.447548600000004626e+01 8.995450445166284226e-01 0.000000000000000000e+00 1.159109521761590766e+00
-4.482344600000003254e+01 9.065827572397675560e-01 0.000000000000000000e+00 1.010734456771436474e+00
-4.434866600000002279e+01 8.969800292058206503e-01 0.000000000000000000e+00 9.741635745312151595e-01
-4.517444400000003668e+01 9.136819154487469952e-01 0.000000000000000000e+00 9.291897674334508306e-01
-4.492073200000004363e+01 9.085504285812533443e-01 0.000000000000000000e+00 1.121683810115287283e+00
-4.527238599999999025e+01 9.156628548082405006e-01 0.000000000000000000e+00 8.551189066138605854e-01
-4.483880000000003463e+01 9.068933016734699315e-01 0.000000000000000000e+00 9.792649116928099362e-01
-4.522049000000001229e+01 9.146132251396582591e-01 0.000000000000000000e+00 8.752073607685406653e-01
-4.520697800000004207e+01 9.143399363296949023e-01 0.000000000000000000e+00 1.042515101707830905e+00
-4.528158800000002060e+01 9.158489711218356089e-01 0.000000000000000000e+00 1.088027629929915641e+00
-4.510469800000002749e+01 9.122712581559887512e-01 0.000000000000000000e+00 9.764702367344757494e-01
-4.476407600000002418e+01 9.053819611586868543e-01 0.000000000000000000e+00 8.946878301159438829e-01
-4.514713800000003374e+01 9.131296341991261833e-01 0.000000000000000000e+00 9.276411478300620184e-01
-4.493220800000002413e+01 9.087825379938599957e-01 0.000000000000000000e+00 9.210960234306724281e-01
-4.454265000000003027e+01 9.009034792141132897e-01 0.000000000000000000e+00 8.983295651239348034e-01
-4.543841800000001996e+01 9.190209578052760397e-01 0.000000000000000000e+00 8.243672831029291714e-01
-4.451253600000003274e+01 9.002944043752104664e-01 0.000000000000000000e+00 9.809934967730984390e-01
-4.500693800000002653e+01 9.102939998624661744e-01 0.000000000000000000e+00 9.563879258982941334e-01
-4.489130000000001530e+01 9.079551476269263066e-01 0.000000000000000000e+00 9.487571670454996164e-01
-4.509812200000003912e+01 9.121382543657046149e-01 0.000000000000000000e+00 1.009029169531612924e+00
-4.473440200000003131e+01 9.047817856001559855e-01 0.000000000000000000e+00 9.861678569169459729e-01
-4.474757000000003160e+01 9.050481167909201208e-01 0.000000000000000000e+00 8.148693456033551108e-01
-4.508853800000002821e+01 9.119444118586962356e-01 0.000000000000000000e+00 1.058074655743758807e+00
-4.528482600000004510e+01 9.159144617351179241e-01 0.000000000000000000e+00 9.366519561683196438e-01
-4.488308800000002918e+01 9.077890546941687067e-01 0.000000000000000000e+00 9.613462800456330504e-01
-4.513270800000005067e+01 9.128377782542049790e-01 0.000000000000000000e+00 9.943784391967644964e-01
-4.485433400000004411e+01 9.072074867218700156e-01 0.000000000000000000e+00 9.786379692163589272e-01
-4.497844200000001535e+01 9.097176501045668440e-01 0.000000000000000000e+00 8.566549242421260812e-01
-4.472899600000001641e+01 9.046724458054054008e-01 0.000000000000000000e+00 9.730959992838438266e-01
-4.510118400000001060e+01 9.122001852668371047e-01 0.000000000000000000e+00 9.752772840333741033e-01
-4.520884400000003467e+01 9.143776773687262160e-01 0.000000000000000000e+00 1.069604453493595786e+00
-4.521356600000001436e+01 9.144731828276252417e-01 0.000000000000000000e+00 9.495576582320157666e-01
-4.546667200000000975e+01 9.195924129589704288e-01 0.000000000000000000e+00 9.956196980004287100e-01
-4.511659200000001135e+01 9.125118218849487262e-01 0.000000000000000000e+00 1.078638106120749951e+00
-4.521625200000001854e+01 9.145275088891678950e-01 0.000000000000000000e+00 9.865359469590675445e-01
-4.497845600000002264e+01 9.097179332634879323e-01 0.000000000000000000e+00 9.363037036769599197e-01
-4.548252800000004470e+01 9.199131106625523246e-01 0.000000000000000000e+00 9.099606347440738485e-01
-4.528423600000001414e+01 9.159025286091641016e-01 0.000000000000000000e+00 9.449697319207981394e-01
-4.497556600000002902e+01 9.096594811719549423e-01 0.000000000000000000e+00 7.747779193335788683e-01
-4.517065600000003656e+01 9.136053007350003474e-01 0.000000000000000000e+00 9.907002551832726489e-01
-4.541207200000000910e+01 9.184880931673754523e-01 0.000000000000000000e+00 8.778010361158502528e-01
-4.506934200000001312e+01 9.115561605268376333e-01 0.000000000000000000e+00 8.687751672023521499e-01
-4.465817200000002174e+01 9.032399852757365677e-01 0.000000000000000000e+00 1.046366198145860738e+00
-4.505567600000000539e+01 9.112797569687434152e-01 0.000000000000000000e+00 9.896693584294411483e-01
-4.483311600000001818e+01 9.067783391515753522e-01 0.000000000000000000e+00 9.375196005191445137e-01
-4.510182400000004321e+01 9.122131296746512907e-01 0.000000000000000000e+00 9.115300039521739839e-01
-4.463652800000001974e+01 9.028022215839913711e-01 0.000000000000000000e+00 8.068113957418985294e-01
-4.553122400000003722e+01 9.208980182920670776e-01 0.000000000000000000e+00 9.925200194016901012e-01
-4.513936000000003901e+01 9.129723191929169923e-01 0.000000000000000000e+00 1.145787928621058827e+00
-4.536000400000004618e+01 9.174349846891936000e-01 0.000000000000000000e+00 9.172683490812613138e-01
-4.535564400000003360e+01 9.173468009109634336e-01 0.000000000000000000e+00 8.619545262466992153e-01
-4.536112600000000583e+01 9.174576778541408961e-01 0.000000000000000000e+00 9.388114887656543450e-01
-4.506424600000003977e+01 9.114530906796226573e-01 0.000000000000000000e+00 8.709344355311366970e-01
-4.508069800000001237e+01 9.117858428629797007e-01 0.000000000000000000e+00 8.798992281580496622e-01
-4.508555200000000696e+01 9.118840181059906236e-01 0.000000000000000000e+00 8.444120321839151400e-01
-4.514861800000002034e+01 9.131595681421947885e-01 0.000000000000000000e+00 9.167464089150204609e-01
-4.561283800000003197e+01 9.225487134472177830e-01 0.000000000000000000e+00 9.263912591373369976e-01
-4.565843600000003732e+01 9.234709620526602158e-01 0.000000000000000000e+00 1.012611113994833723e+00
-4.570757200000002030e+01 9.244647689625465903e-01 0.000000000000000000e+00 1.122049477300850251e+00
-4.553130000000001587e+01 9.208995554404945105e-01 0.000000000000000000e+00 9.210250677118057006e-01
-4.577362800000004484e+01 9.258007936540050276e-01 0.000000000000000000e+00 9.000116093617118729e-01
-4.548353600000003638e+01 9.199334981048585824e-01 0.000000000000000000e+00 8.601748532041892936e-01
-4.518898200000002419e+01 9.139759557624868025e-01 0.000000000000000000e+00 1.008310073398640760e+00
-4.590176200000002638e+01 9.283923854521042296e-01 0.000000000000000000e+00 8.234782067093538993e-01
-4.617176600000002651e+01 9.338533884010020714e-01 0.000000000000000000e+00 8.791890492305216576e-01
-4.594837400000002248e+01 9.293351428536760217e-01 0.000000000000000000e+00 9.411426185271182243e-01
-4.628774600000004114e+01 9.361991578044674966e-01 0.000000000000000000e+00 7.896934302767262270e-01
-4.604879800000002632e+01 9.313662822447226208e-01 0.000000000000000000e+00 8.101928886158137333e-01
-4.638552800000004339e+01 9.381768610620085935e-01 0.000000000000000000e+00 8.315530712583486528e-01
-4.595588200000002388e+01 9.294869969378389829e-01 0.000000000000000000e+00 9.247670890368322461e-01
-4.650147600000003933e+01 9.405219832450829598e-01 0.000000000000000000e+00 8.178237753324305581e-01
-4.628096400000002575e+01 9.360619875329178052e-01 0.000000000000000000e+00 9.041310409984659735e-01
-4.609076200000000512e+01 9.322150308845481570e-01 0.000000000000000000e+00 8.861143646439113564e-01
-4.621821600000001951e+01 9.347928692493461256e-01 0.000000000000000000e+00 7.695372770382955530e-01
-4.581525200000004361e+01 9.266426655771798915e-01 0.000000000000000000e+00 9.905742661015509709e-01
-4.608809200000001027e+01 9.321610284332010332e-01 0.000000000000000000e+00 9.569432084391307214e-01
-4.597990599999999972e+01 9.299728976461403285e-01 0.000000000000000000e+00 8.932104472037595277e-01
-4.611170000000001323e+01 9.326385152764240516e-01 0.000000000000000000e+00 8.838197985809300716e-01
-4.612189400000003303e+01 9.328446954221299992e-01 0.000000000000000000e+00 8.828213306110235248e-01
-4.620295600000002167e+01 9.344842260255413757e-01 0.000000000000000000e+00 9.548478648000066071e-01
-4.603565000000003948e+01 9.311003555667028975e-01 0.000000000000000000e+00 8.813040298502571313e-01
-4.634904400000002056e+01 9.374389489140859677e-01 0.000000000000000000e+00 8.357363711630887426e-01
-4.632478200000003454e+01 9.369482345041287852e-01 0.000000000000000000e+00 9.408843607366358386e-01
-4.598058600000003082e+01 9.299866510794428942e-01 0.000000000000000000e+00 8.980518053289271441e-01
-4.602184000000001873e+01 9.308210395168503570e-01 0.000000000000000000e+00 8.899573867905312685e-01
-4.636117800000002376e+01 9.376843667959764428e-01 0.000000000000000000e+00 9.532518015125218680e-01
-4.554935800000004065e+01 9.212647899972097321e-01 0.000000000000000000e+00 9.679759903087176154e-01
-4.595411200000002339e+01 9.294511975599796250e-01 0.000000000000000000e+00 1.038654326110219461e+00
-4.654568000000003281e+01 9.414160373122562042e-01 0.000000000000000000e+00 8.095093638130509417e-01
-4.646207599999998195e+01 9.397250931390589423e-01 0.000000000000000000e+00 9.467351626009516963e-01
-4.650885999999999143e+01 9.406713293502310114e-01 0.000000000000000000e+00 8.832636128002609999e-01
-4.646659400000000772e+01 9.398164725679684084e-01 0.000000000000000000e+00 8.305392885725673136e-01
-4.653242800000002433e+01 9.411480071679663162e-01 0.000000000000000000e+00 8.881339361273220545e-01
-4.641069400000002076e+01 9.386858594480023132e-01 0.000000000000000000e+00 8.583078967481319044e-01
-4.639133000000004614e+01 9.382942102090935377e-01 0.000000000000000000e+00 9.138647409477371752e-01
-4.642985200000001811e+01 9.390733422056465329e-01 0.000000000000000000e+00 9.087142310057234607e-01
-4.643740600000000995e+01 9.392261266691208643e-01 0.000000000000000000e+00 7.370943962984289888e-01
-4.654030400000001322e+01 9.413073042866217932e-01 0.000000000000000000e+00 7.983148800195354333e-01
-4.657468000000002206e+01 9.420025807913082749e-01 0.000000000000000000e+00 7.965964462523151823e-01
-4.621342800000004303e+01 9.346960288983913179e-01 0.000000000000000000e+00 8.100436207334200667e-01
-4.676531400000003202e+01 9.458582749149518909e-01 0.000000000000000000e+00 7.445530904163149000e-01
-4.611244200000002991e+01 9.326535226992332950e-01 0.000000000000000000e+00 7.916992334201035098e-01
-4.610643200000000519e+01 9.325319666196084656e-01 0.000000000000000000e+00 8.264612808006351896e-01
-4.667283800000005556e+01 9.439878888884405406e-01 0.000000000000000000e+00 9.450823300975564889e-01
-4.642031600000004232e+01 9.388804705292248531e-01 0.000000000000000000e+00 8.487392609481121397e-01
-4.657199400000003919e+01 9.419482547297660657e-01 0.000000000000000000e+00 7.899119068413242850e-01
-4.655179600000001017e+01 9.415397373094241962e-01 0.000000000000000000e+00 8.879394687622905735e-01
-4.660032200000004110e+01 9.425212065806141126e-01 0.000000000000000000e+00 8.514618872091083146e-01
-4.622032000000001517e+01 9.348354239900331653e-01 0.000000000000000000e+00 8.964177124262520113e-01
-4.654072600000001358e+01 9.413158395055238881e-01 0.000000000000000000e+00 9.065143827793676889e-01
-4.652895399999999881e+01 9.410777433043028273e-01 0.000000000000000000e+00 8.447957662959225678e-01
-4.645793800000002705e+01 9.396413994522903046e-01 0.000000000000000000e+00 8.728000433736990971e-01
-4.670908800000002259e+01 9.447210682372553237e-01 0.000000000000000000e+00 8.658503294368249392e-01
-4.652784200000001391e+01 9.410552523957269599e-01 0.000000000000000000e+00 7.985241873695133608e-01
-4.647300800000001431e+01 9.399461998050251399e-01 0.000000000000000000e+00 8.612603407105241526e-01
-4.667160400000000919e+01 9.439629304521240938e-01 0.000000000000000000e+00 9.763204396057263423e-01
-4.676736400000001481e+01 9.458997374712293515e-01 0.000000000000000000e+00 8.588869082220026430e-01
-4.636493800000000931e+01 9.377604151918808029e-01 0.000000000000000000e+00 9.201019186827269492e-01
-4.600886200000002901e+01 9.305585511971560253e-01 0.000000000000000000e+00 8.913900019133662589e-01
-4.684849200000004998e+01 9.475406029666975094e-01 0.000000000000000000e+00 8.404198188135175718e-01
-4.705534600000000722e+01 9.517243569258651004e-01 0.000000000000000000e+00 7.832819587821071572e-01
-4.660572000000004067e+01 9.426303845702667106e-01 0.000000000000000000e+00 8.737327312494167497e-01
-4.692507600000004686e+01 9.490895631666884658e-01 0.000000000000000000e+00 6.808303704723930316e-01
-4.638541800000002269e+01 9.381746362419152163e-01 0.000000000000000000e+00 9.104347684219418202e-01
-4.685022200000004489e+01 9.475755933190683766e-01 0.000000000000000000e+00 8.254966607351292840e-01
-4.711028200000001931e+01 9.528354725315625329e-01 0.000000000000000000e+00 7.511067734531973183e-01
-4.703709599999999824e+01 9.513552390468061892e-01 0.000000000000000000e+00 6.692378275940682464e-01
-4.696047200000003130e+01 9.498054698213274083e-01 0.000000000000000000e+00 7.335916506580152374e-01
-4.669053200000003301e+01 9.443457613132107964e-01 0.000000000000000000e+00 9.237355134255886835e-01
-4.668391400000001568e+01 9.442119080461632841e-01 0.000000000000000000e+00 7.294892151043325113e-01
-4.650210600000001904e+01 9.405347253965240517e-01 0.000000000000000000e+00 9.341050045683277903e-01
-4.725458400000003678e+01 9.557540724320526815e-01 0.000000000000000000e+00 6.493347163696300273e-01
-4.720525200000003707e+01 9.547563012972731800e-01 0.000000000000000000e+00 6.290973566447197740e-01
-4.717002199999999590e+01 9.540437520984097475e-01 0.000000000000000000e+00 7.106213692397674864e-01
-4.733283800000002373e+01 9.573368094461820466e-01 0.000000000000000000e+00 5.882611861986803969e-01
-4.721025000000002336e+01 9.548573890320419810e-01 0.000000000000000000e+00 6.849163596359557626e-01
-4.752783399999998437e+01 9.612807277993290489e-01 0.000000000000000000e+00 5.655667135884075991e-01
-4.734051600000000093e+01 9.574921018886700663e-01 0.000000000000000000e+00 6.256812872995067831e-01
-4.672156000000001086e+01 9.449733223845219188e-01 0.000000000000000000e+00 9.531949685561746932e-01
-4.701343000000004935e+01 9.508765791166260417e-01 0.000000000000000000e+00 7.966458120130799347e-01
-4.725741200000001641e+01 9.558112705340785498e-01 0.000000000000000000e+00 7.505806467857356612e-01
-4.706696800000003122e+01 9.519594192815050704e-01 0.000000000000000000e+00 7.117684402254781384e-01
-4.677828199999999725e+01 9.461205609782735726e-01 0.000000000000000000e+00 8.861528176552757596e-01
-4.721463200000001592e+01 9.549460177742903344e-01 0.000000000000000000e+00 6.972150306509871109e-01
-4.742935800000001478e+01 9.592889879495656302e-01 0.000000000000000000e+00 6.202611755502268620e-01
-4.712034600000003337e+01 9.530390233444311354e-01 0.000000000000000000e+00 7.074988221312963343e-01
-4.741400200000003196e+01 9.589784030645891466e-01 0.000000000000000000e+00 7.208207821615298938e-01
-4.714582400000004014e+01 9.535543321292345720e-01 0.000000000000000000e+00 6.048886754777378361e-01
-4.753148399999999185e+01 9.613545513751409199e-01 0.000000000000000000e+00 5.682898422389047743e-01
-4.722545600000001542e+01 9.551649400714372629e-01 0.000000000000000000e+00 7.650406847727615478e-01
-4.706493800000001215e+01 9.519183612379710224e-01 0.000000000000000000e+00 6.235600182173258732e-01
-4.726686400000004085e+01 9.560024432569756980e-01 0.000000000000000000e+00 6.450986556012848760e-01
-4.741870800000000230e+01 9.590735849132927537e-01 0.000000000000000000e+00 5.619078061048946582e-01
-4.735265000000003255e+01 9.577375197705609855e-01 0.000000000000000000e+00 6.145863113024921942e-01
-4.758354800000002172e+01 9.624075789507753331e-01 0.000000000000000000e+00 4.821981583699311846e-01
-4.705922800000004003e+01 9.518028728495099289e-01 0.000000000000000000e+00 7.102878818955564721e-01
-4.705454400000003545e+01 9.517081359648242866e-01 0.000000000000000000e+00 7.942223392130510762e-01
-4.736844800000003630e+01 9.580570443871841979e-01 0.000000000000000000e+00 6.291982861779685798e-01
-4.731504999999998518e+01 9.569770358115129438e-01 0.000000000000000000e+00 7.029125453167245352e-01
-4.718375000000003183e+01 9.543214096460115314e-01 0.000000000000000000e+00 7.255240615854128272e-01
-4.751876600000003492e+01 9.610973217211215003e-01 0.000000000000000000e+00 5.623764626129100774e-01
-4.729254600000002995e+01 9.565218780717692493e-01 0.000000000000000000e+00 6.823957599634994375e-01
-4.726874800000003773e+01 9.560405483574767604e-01 0.000000000000000000e+00 6.696156790822084259e-01
-4.719963800000002863e+01 9.546427545699832651e-01 0.000000000000000000e+00 7.031381654792568936e-01
-4.659439400000002252e+01 9.424013090032405948e-01 0.000000000000000000e+00 8.469904374759832377e-01
-4.762070200000000852e+01 9.631590422756270975e-01 0.000000000000000000e+00 5.682650665442535720e-01
-4.735282600000002873e+01 9.577410794827097007e-01 0.000000000000000000e+00 6.870393767286976372e-01
-4.742794600000001992e+01 9.592604293498270263e-01 0.000000000000000000e+00 6.159020733227257294e-01
-4.729675400000001417e+01 9.566069875531431066e-01 0.000000000000000000e+00 6.574516488608865838e-01
-4.730027200000004228e+01 9.566781413448439686e-01 0.000000000000000000e+00 6.585531637697225049e-01
-4.725504000000000815e+01 9.557632953226192773e-01 0.000000000000000000e+00 6.343510190372007029e-01
-4.743857600000001185e+01 9.594754278733553798e-01 0.000000000000000000e+00 5.620116029428787741e-01
-4.759791199999999378e+01 9.626981000036405334e-01 0.000000000000000000e+00 5.921656615877318730e-01
-4.740127599999998864e+01 9.587210116054704079e-01 0.000000000000000000e+00 6.519087348778975777e-01
-4.762923400000001806e+01 9.633316074122918460e-01 0.000000000000000000e+00 5.182585478973669169e-01
-4.783264400000002325e+01 9.674457042769136761e-01 0.000000000000000000e+00 4.540852592750717620e-01
-4.776633400000002183e+01 9.661045422736047605e-01 0.000000000000000000e+00 4.468439974132392689e-01
-4.777256600000003317e+01 9.662305884446896753e-01 0.000000000000000000e+00 4.825382208591345590e-01
-4.757734000000003505e+01 9.622820181949839347e-01 0.000000000000000000e+00 5.774223057623586453e-01
-4.771528200000000197e+01 9.650719830428258206e-01 0.000000000000000000e+00 4.773086341121220988e-01
-4.776785800000001103e+01 9.661353661447106278e-01 0.000000000000000000e+00 5.049443760105132295e-01
-4.787452000000002528e+01 9.682926730606652432e-01 0.000000000000000000e+00 4.358282990612546981e-01
-4.769321800000001588e+01 9.646257245834533034e-01 0.000000000000000000e+00 4.912505453010567735e-01
-4.746462399999998638e+01 9.600022652713671167e-01 0.000000000000000000e+00 5.516384640085725266e-01
-4.756843400000002475e+01 9.621018886700030137e-01 0.000000000000000000e+00 5.219900831559270982e-01
-4.740376000000003387e+01 9.587712520882977207e-01 0.000000000000000000e+00 6.271814416961652983e-01
-4.778885400000001482e+01 9.665600236235445397e-01 0.000000000000000000e+00 4.511991061806106540e-01
-4.783222800000001484e+01 9.674372904118346828e-01 0.000000000000000000e+00 4.525319315883367111e-01
-4.784390399999998778e+01 9.676734449518830106e-01 0.000000000000000000e+00 4.171548582258320925e-01
-4.764432800000002999e+01 9.636368931803203086e-01 0.000000000000000000e+00 5.642506624871365117e-01
-4.780123400000002221e+01 9.668104170121883945e-01 0.000000000000000000e+00 4.285501600051087046e-01
-4.756459600000000165e+01 9.620242626743955583e-01 0.000000000000000000e+00 5.204045489129516255e-01
-4.768690800000003094e+01 9.644981008126667366e-01 0.000000000000000000e+00 4.613860097969633145e-01
-4.766558800000001384e+01 9.640668902273769048e-01 0.000000000000000000e+00 5.090644743512009462e-01
-4.777057200000004400e+01 9.661902585240956798e-01 0.000000000000000000e+00 4.895536924525637490e-01
-4.775626200000002086e+01 9.659008296556387263e-01 0.000000000000000000e+00 4.648375232119912881e-01
-4.781652200000001329e+01 9.671196265538348769e-01 0.000000000000000000e+00 5.113611330556909751e-01
-4.761316000000001480e+01 9.630065005197991912e-01 0.000000000000000000e+00 5.089178949873778279e-01
-4.765997199999999623e+01 9.639533030488124377e-01 0.000000000000000000e+00 5.342346966711094547e-01
-4.767105600000003562e+01 9.641774840116345002e-01 0.000000000000000000e+00 4.581335441845211243e-01
-4.787795600000003304e+01 9.683621683501145716e-01 0.000000000000000000e+00 4.461328185437814509e-01
-4.755325800000003511e+01 9.617949443997240166e-01 0.000000000000000000e+00 6.151778058119750092e-01
-4.795421000000001754e+01 9.699044540898265065e-01 0.000000000000000000e+00 3.441261436265385942e-01
-4.782024200000001457e+01 9.671948659242511903e-01 0.000000000000000000e+00 4.417142970726486984e-01
-4.749234000000001288e+01 9.605628390322439314e-01 0.000000000000000000e+00 6.514721092195039365e-01
-4.753599600000003278e+01 9.614458094502273955e-01 0.000000000000000000e+00 5.891642846670805955e-01
-4.789679600000000192e+01 9.687432193551258619e-01 0.000000000000000000e+00 3.696366219776808792e-01
-4.784901800000002225e+01 9.677768788605689565e-01 0.000000000000000000e+00 4.288995155280573846e-01
-4.785579000000000605e+01 9.679138468757459979e-01 0.000000000000000000e+00 3.886385034497179536e-01
-4.788163800000001658e+01 9.684366391463166135e-01 0.000000000000000000e+00 4.020812890273046669e-01
-4.779670400000004093e+01 9.667187948756333915e-01 0.000000000000000000e+00 4.292597852305313211e-01
-4.762276000000003506e+01 9.632006666370031001e-01 0.000000000000000000e+00 5.825764155885477802e-01
-4.754760400000004239e+01 9.616805886469461662e-01 0.000000000000000000e+00 6.533272355806966081e-01
-4.791025800000000601e+01 9.690154968832294102e-01 0.000000000000000000e+00 3.882127483946944402e-01
-4.760465800000003611e+01 9.628345421522512826e-01 0.000000000000000000e+00 6.005231842184269864e-01
-4.781478200000002943e+01 9.670844339450920257e-01 0.000000000000000000e+00 4.550518523856335595e-01
-4.769528000000003232e+01 9.646674298473779663e-01 0.000000000000000000e+00 5.622905241379706487e-01
-4.781648400000002397e+01 9.671188579796211604e-01 0.000000000000000000e+00 4.547292387228856758e-01
-4.752249000000003321e+01 9.611726419940866961e-01 0.000000000000000000e+00 5.029604521874923018e-01
-4.769132800000004124e+01 9.645874981291293615e-01 0.000000000000000000e+00 5.044812761599377637e-01
-4.758345400000003167e+01 9.624056777408778185e-01 0.000000000000000000e+00 5.692356376720977273e-01
-4.769965800000001366e+01 9.647559776870773263e-01 0.000000000000000000e+00 4.917611864317962822e-01
-4.775198400000000731e+01 9.658143043796596494e-01 0.000000000000000000e+00 4.285703296055182188e-01
-4.779071999999999321e+01 9.665977646625755204e-01 0.000000000000000000e+00 4.807029423540894464e-01
-4.797467400000003579e+01 9.703183515296657236e-01 0.000000000000000000e+00 3.559908121104681245e-01
-4.786177600000002741e+01 9.680349175400776440e-01 0.000000000000000000e+00 4.366501447533613911e-01
-4.777894200000005043e+01 9.663595471075326904e-01 0.000000000000000000e+00 4.552626870036439732e-01
-4.781942200000001009e+01 9.671782809017400728e-01 0.000000000000000000e+00 4.181751582117888555e-01
-4.794746199999998026e+01 9.697679714899414272e-01 0.000000000000000000e+00 2.786432028616706580e-01
-4.793351200000002876e+01 9.694858238508810011e-01 0.000000000000000000e+00 4.029905493741124389e-01
-4.749584200000003165e+01 9.606336692137492639e-01 0.000000000000000000e+00 5.498648276833428827e-01
-4.801507999999998333e+01 9.711355886267193371e-01 0.000000000000000000e+00 2.906085346373031841e-01
-4.771833600000002207e+01 9.651337521388615448e-01 0.000000000000000000e+00 4.890917072337751526e-01
-4.792837799999998083e+01 9.693819854294505323e-01 0.000000000000000000e+00 3.621900576975433661e-01
-4.800573600000003438e+01 9.709466002726423461e-01 0.000000000000000000e+00 3.418323020595233075e-01
-4.792854600000001852e+01 9.693853833365023709e-01 0.000000000000000000e+00 3.662119724581892610e-01
-4.812341599999999886e+01 9.733267532593614657e-01 0.000000000000000000e+00 1.771625622945993961e-01
-4.795281599999999855e+01 9.698762595515570961e-01 0.000000000000000000e+00 3.068835302774586826e-01
-4.785626600000004061e+01 9.679234742790580048e-01 0.000000000000000000e+00 4.158834433207014847e-01
-4.798855399999999349e+01 9.705990833741215962e-01 0.000000000000000000e+00 2.753749163037424452e-01
-4.788342000000002230e+01 9.684726812318226186e-01 0.000000000000000000e+00 3.513772101864098274e-01
-4.807624200000000769e+01 9.723726290496783609e-01 0.000000000000000000e+00 2.307175846673749919e-01
-4.780500400000001804e+01 9.668866676644651825e-01 0.000000000000000000e+00 3.936883656863229830e-01
-4.804996600000002616e+01 9.718411802063828819e-01 0.000000000000000000e+00 2.342538760154944943e-01
-4.794809400000002597e+01 9.697807540926581815e-01 0.000000000000000000e+00 3.886077989152794676e-01
-4.791739600000001076e+01 9.691598674816251924e-01 0.000000000000000000e+00 2.854238782703173993e-01
-4.741419000000005468e+01 9.589822054843848420e-01 0.000000000000000000e+00 6.281020140876877322e-01
-4.807350999999999885e+01 9.723173726088240043e-01 0.000000000000000000e+00 2.445970033348811024e-01
-4.798735000000001349e+01 9.705747317069226554e-01 0.000000000000000000e+00 2.936992543746110296e-01
-4.802312200000000075e+01 9.712982432011521006e-01 0.000000000000000000e+00 2.753055835968390430e-01
-4.803642200000000173e+01 9.715672441760278000e-01 0.000000000000000000e+00 2.523388116694452177e-01
-4.799743600000002886e+01 9.707787274838100000e-01 0.000000000000000000e+00 2.837688138274011562e-01
-4.785285200000003414e+01 9.678544239536273075e-01 0.000000000000000000e+00 4.277433494822134863e-01
-4.790441000000001281e+01 9.688972173568330959e-01 0.000000000000000000e+00 3.546057345414727613e-01
-4.792548400000001152e+01 9.693234524353692150e-01 0.000000000000000000e+00 3.524660805286554677e-01
-4.812435000000001395e+01 9.733456440045146207e-01 0.000000000000000000e+00 2.063572529827479574e-01
-4.794079800000002933e+01 9.696331878435836549e-01 0.000000000000000000e+00 3.523032205187450194e-01
-4.814865000000002482e+01 9.738371269886862969e-01 0.000000000000000000e+00 2.080598444892450272e-01
-4.806753999999999394e+01 9.721966255546879987e-01 0.000000000000000000e+00 2.456092067171799231e-01
-4.804977800000001764e+01 9.718373777865875196e-01 0.000000000000000000e+00 2.728072955791548404e-01
-4.804579200000002714e+01 9.717567583966738587e-01 0.000000000000000000e+00 2.761153966344253030e-01
-4.808595000000001107e+01 9.725689795357005396e-01 0.000000000000000000e+00 2.681722428182714557e-01
-4.787819000000001779e+01 9.683669011492210821e-01 0.000000000000000000e+00 3.478942418830098804e-01
-4.815409200000002699e+01 9.739471949063760459e-01 0.000000000000000000e+00 2.276471297709003472e-01
-4.815674600000003380e+01 9.740008737475280842e-01 0.000000000000000000e+00 1.861238185789886590e-01
-4.810389800000000804e+01 9.729319892723221619e-01 0.000000000000000000e+00 1.886009211820212639e-01
-4.819374399999999525e+01 9.747491818729747681e-01 0.000000000000000000e+00 1.706514673156069861e-01
-4.824161000000001565e+01 9.757173022236068638e-01 0.000000000000000000e+00 1.466865809483033634e-01
-4.796132399999999052e+01 9.700483392729286614e-01 0.000000000000000000e+00 2.695272191123275762e-01
-4.814628800000001974e+01 9.737893540335992304e-01 0.000000000000000000e+00 1.742822007868594369e-01
-4.816066200000000919e+01 9.740800773428368586e-01 0.000000000000000000e+00 2.300324486464958573e-01
-4.826778400000000602e+01 9.762466880519071744e-01 0.000000000000000000e+00 1.199230988609114867e-01
-4.802077599999999791e+01 9.712507938562604526e-01 0.000000000000000000e+00 3.052842970813344214e-01
-4.825251600000002838e+01 9.759378830230052149e-01 0.000000000000000000e+00 1.464066129212429346e-01
-4.797745600000000366e+01 9.703746192523796665e-01 0.000000000000000000e+00 3.224130496895269427e-01
-4.819890400000001307e+01 9.748535461609720842e-01 0.000000000000000000e+00 1.820399766950970555e-01
-4.817615400000001102e+01 9.743934129144741219e-01 0.000000000000000000e+00 1.665459195452467789e-01
-4.820777600000000973e+01 9.750329880142876160e-01 0.000000000000000000e+00 1.572131931647292868e-01
-4.830015399999999204e+01 9.769013919283525693e-01 0.000000000000000000e+00 1.151367280473716559e-01
-4.818786800000000170e+01 9.746303360287366102e-01 0.000000000000000000e+00 1.962203074777602307e-01
-4.836469600000000213e+01 9.782067950050766791e-01 0.000000000000000000e+00 1.026601669725323851e-01
-4.838035400000000408e+01 9.785234880324905626e-01 0.000000000000000000e+00 7.906805075695857998e-02
-4.829267600000000016e+01 9.767501446133060039e-01 0.000000000000000000e+00 1.137739306562342151e-01
-4.828111800000001352e+01 9.765163766984481519e-01 0.000000000000000000e+00 1.357918820411687932e-01
-4.840040000000001186e+01 9.789289311559763451e-01 0.000000000000000000e+00 8.088364007834442093e-02
-4.839266999999999541e+01 9.787725869803527434e-01 0.000000000000000000e+00 7.348204412018449760e-02
-4.838357800000000708e+01 9.785886954868514565e-01 0.000000000000000000e+00 7.635424562028192419e-02
-4.837394800000001283e+01 9.783939226005318179e-01 0.000000000000000000e+00 8.803047507206863964e-02
-4.838014999999999333e+01 9.785193620024997818e-01 0.000000000000000000e+00 7.372513174287972926e-02
-4.835728800000000405e+01 9.780569634846346672e-01 0.000000000000000000e+00 7.965984411004298216e-02
-4.835252800000000661e+01 9.779606894515212590e-01 0.000000000000000000e+00 1.068588061911889403e-01
-4.837312800000000124e+01 9.783773375780204784e-01 0.000000000000000000e+00 8.722575154926034968e-02
-4.827775000000001882e+01 9.764482567523293799e-01 0.000000000000000000e+00 1.203573446202610975e-01
-4.838079799999999864e+01 9.785324682154110665e-01 0.000000000000000000e+00 7.185541878021967088e-02
-4.833233600000000507e+01 9.775522933850031571e-01 0.000000000000000000e+00 1.076553793877069731e-01
-4.838733799999999974e+01 9.786647438827560386e-01 0.000000000000000000e+00 7.489495239967398910e-02
-4.832301799999999048e+01 9.773638308974922362e-01 0.000000000000000000e+00 1.223022158260415049e-01
-4.838711200000000190e+01 9.786601728887468488e-01 0.000000000000000000e+00 8.711605318902071460e-02
-4.830944400000000627e+01 9.770892880980216466e-01 0.000000000000000000e+00 1.081541869067234596e-01
-4.838431600000001254e+01 9.786036220071115954e-01 0.000000000000000000e+00 8.825001298537676897e-02
-4.834506199999999865e+01 9.778096848441210076e-01 0.000000000000000000e+00 1.103536196492754806e-01
-4.836948399999999992e+01 9.783036353560319309e-01 0.000000000000000000e+00 7.393932636857269980e-02
-4.834953000000001566e+01 9.779000529911697770e-01 0.000000000000000000e+00 9.331997469335068240e-02
-4.837550600000000145e+01 9.784254341433027413e-01 0.000000000000000000e+00 8.477273935277583605e-02
-4.835795799999999645e+01 9.780705146615643608e-01 0.000000000000000000e+00 8.033843210274375923e-02
-4.840523799999999710e+01 9.790267827887917385e-01 0.000000000000000000e+00 7.221334662168076013e-02
-4.834455400000000935e+01 9.777994102204191629e-01 0.000000000000000000e+00 6.989272504446646106e-02
-4.839187800000000550e+01 9.787565682756836916e-01 0.000000000000000000e+00 8.394012245389979865e-02
-4.837200199999998773e+01 9.783545635105231897e-01 0.000000000000000000e+00 8.757661463143574798e-02
-4.837304199999999810e+01 9.783755981732203955e-01 0.000000000000000000e+00 1.094698124340378886e-01
-4.834245800000002191e+01 9.777570172848299990e-01 0.000000000000000000e+00 9.745285436682910030e-02
-4.838777199999999112e+01 9.786735218093044475e-01 0.000000000000000000e+00 9.158572082254852476e-02
-4.841985599999999579e+01 9.793224411535084162e-01 0.000000000000000000e+00 8.656911563495459094e-02
-4.840853800000000717e+01 9.790935273915806203e-01 0.000000000000000000e+00 7.620482603556738566e-02
-4.838069399999999121e+01 9.785303647491412349e-01 0.000000000000000000e+00 9.452709495593332456e-02
-4.835081199999998347e+01 9.779259822580707029e-01 0.000000000000000000e+00 1.049448564001515122e-01
-4.839822199999998986e+01 9.788848797181353145e-01 0.000000000000000000e+00 7.570181212887776290e-02
-4.835067599999999999e+01 9.779232315714107004e-01 0.000000000000000000e+00 8.913242800020702850e-02
-4.834113000000000682e+01 9.777301576386165927e-01 0.000000000000000000e+00 1.248952672353027676e-01
-4.833949799999999897e+01 9.776971493986917894e-01 0.000000000000000000e+00 1.273708702247818292e-01
-4.838868399999999781e+01 9.786919675904388605e-01 0.000000000000000000e+00 7.566016087370069920e-02
-4.837792999999999921e+01 9.784744610878965965e-01 0.000000000000000000e+00 8.167850439869732415e-02
-4.837550800000000351e+01 9.784254745945771825e-01 0.000000000000000000e+00 9.530457044378669307e-02
-4.834231399999999468e+01 9.777541047930714546e-01 0.000000000000000000e+00 1.061982908230509476e-01
-4.839002599999999887e+01 9.787191103955730220e-01 0.000000000000000000e+00 8.090551493856697196e-02
-4.837720200000001114e+01 9.784597368240088855e-01 0.000000000000000000e+00 9.344537644954915845e-02
-4.839990400000001358e+01 9.789188992399208145e-01 0.000000000000000000e+00 7.455089769730946503e-02
-4.837014400000001046e+01 9.783169842765898627e-01 0.000000000000000000e+00 9.357572887422987984e-02
-4.838077400000000239e+01 9.785319828001182163e-01 0.000000000000000000e+00 7.997832865561389781e-02
-4.840644400000000047e+01 9.790511749072654535e-01 0.000000000000000000e+00 8.224815164175301729e-02
-4.837310800000000199e+01 9.783769330652762886e-01 0.000000000000000000e+00 8.123513406193486053e-02
-4.835799999999999699e+01 9.780713641383270707e-01 0.000000000000000000e+00 1.105594917323754617e-01
-4.833098600000001710e+01 9.775249887747716748e-01 0.000000000000000000e+00 9.482497755168052544e-02
-4.840322599999998943e+01 9.789860888067276612e-01 0.000000000000000000e+00 8.418079463784185201e-02
-4.831642799999999482e+01 9.772305439482870115e-01 0.000000000000000000e+00 1.097733607175815224e-01
-4.837785000000000224e+01 9.784728430369199481e-01 0.000000000000000000e+00 8.916449615030251630e-02
-4.831031199999999615e+01 9.771068439511185755e-01 0.000000000000000000e+00 1.082682165883979419e-01
-4.838645599999999547e+01 9.786469048707379104e-01 0.000000000000000000e+00 8.829277321514000798e-02
-4.837118799999999652e+01 9.783380998418355068e-01 0.000000000000000000e+00 7.859907635615279164e-02
-4.837971199999999072e+01 9.785105031734022685e-01 0.000000000000000000e+00 1.022601725250277399e-01
-4.832949999999999591e+01 9.774949334778791910e-01 0.000000000000000000e+00 1.239056418441391166e-01
-4.837958199999999920e+01 9.785078738405653676e-01 0.000000000000000000e+00 8.576936466566306705e-02
-4.820334600000001046e+01 9.749433884414531182e-01 0.000000000000000000e+00 2.061664657503732845e-01
-4.838098999999999705e+01 9.785363515377550891e-01 0.000000000000000000e+00 1.177320511100774930e-01
-4.834744600000001213e+01 9.778579027632268161e-01 0.000000000000000000e+00 1.194883667216948275e-01
-4.840025599999999883e+01 9.789260186642180228e-01 0.000000000000000000e+00 8.659038638406325872e-02
-4.832138199999999273e+01 9.773307417550188836e-01 0.000000000000000000e+00 1.173055824448569900e-01
-4.839749400000000179e+01 9.788701554542476035e-01 0.000000000000000000e+00 6.703882460216871453e-02
-4.838040399999999153e+01 9.785244993143507042e-01 0.000000000000000000e+00 9.040413407906644494e-02
-4.833191800000003013e+01 9.775438390686504997e-01 0.000000000000000000e+00 1.081189957800425261e-01
-4.832956000000000785e+01 9.774961470161118715e-01 0.000000000000000000e+00 1.188945207766403528e-01
-4.836050599999999378e+01 9.781220495851720154e-01 0.000000000000000000e+00 1.069778470601092102e-01
-4.836187000000000324e+01 9.781496373543249190e-01 0.000000000000000000e+00 8.561468001659176819e-02
-4.838068199999999308e+01 9.785301220414948098e-01 0.000000000000000000e+00 9.570709142741144759e-02
-4.834706399999999604e+01 9.778501765698127679e-01 0.000000000000000000e+00 1.033920766751103421e-01
-4.837675600000001452e+01 9.784507161898138294e-01 0.000000000000000000e+00 8.682169621317757657e-02
-4.840439600000000553e+01 9.790097528022621010e-01 0.000000000000000000e+00 7.573327987620780133e-02
-4.835476600000001213e+01 9.780059544275945260e-01 0.000000000000000000e+00 9.595933505312718992e-02
-4.827348599999999834e+01 9.763620146352710583e-01 0.000000000000000000e+00 1.606498048614442287e-01
-4.836782799999999582e+01 9.782701417008141664e-01 0.000000000000000000e+00 8.654386180522337380e-02
-4.843447400000000158e+01 9.796180995182253159e-01 0.000000000000000000e+00 6.868167329400644283e-02
-4.840975999999999857e+01 9.791182431202495318e-01 0.000000000000000000e+00 7.974805782759027128e-02
-4.833534399999999920e+01 9.776131321017268450e-01 0.000000000000000000e+00 1.343547214494433539e-01
-4.840159200000000084e+01 9.789530401155288608e-01 0.000000000000000000e+00 9.650688537743039308e-02
-4.836132800000001453e+01 9.781386750589580181e-01 0.000000000000000000e+00 1.106308979070365212e-01
-4.844869800000001447e+01 9.799057889818821865e-01 0.000000000000000000e+00 6.348648465093469084e-02
-4.844213800000001413e+01 9.797731088017931356e-01 0.000000000000000000e+00 5.351440244165012183e-02
-4.839157800000000975e+01 9.787505005845210659e-01 0.000000000000000000e+00 9.658181393946962956e-02
-4.837279799999999597e+01 9.783706631177414570e-01 0.000000000000000000e+00 9.340902339991143111e-02
-4.839338000000000051e+01 9.787869471827710388e-01 0.000000000000000000e+00 9.331642054555179533e-02
-4.837562400000000196e+01 9.784278207684933282e-01 0.000000000000000000e+00 9.044386296192057084e-02
-4.837336600000000431e+01 9.783821512796762043e-01 0.000000000000000000e+00 9.866215409418638282e-02
-4.844489599999999285e+01 9.798288911092142284e-01 0.000000000000000000e+00 6.809253644263764393e-02
-4.839079800000001086e+01 9.787347245874983281e-01 0.000000000000000000e+00 7.529061000918699231e-02
-4.840069000000001154e+01 9.789347965907668758e-01 0.000000000000000000e+00 8.618199851875597839e-02
-4.842739600000000166e+01 9.794749424580622144e-01 0.000000000000000000e+00 7.302802550453424413e-02
-4.836804199999998843e+01 9.782744699871767091e-01 0.000000000000000000e+00 9.469887755459914513e-02
-4.840609800000000007e+01 9.790441768367912356e-01 0.000000000000000000e+00 8.876247953801950918e-02
-4.838159799999999677e+01 9.785486487251779941e-01 0.000000000000000000e+00 9.502859323021171922e-02
-4.838948199999997968e+01 9.787081076489311249e-01 0.000000000000000000e+00 9.580044956770136788e-02
-4.837381600000000503e+01 9.783912528164201428e-01 0.000000000000000000e+00 9.338738988695929888e-02
-4.839673799999999915e+01 9.788548648725178269e-01 0.000000000000000000e+00 8.757636180770879408e-02
-4.837469400000001940e+01 9.784090109258896106e-01 0.000000000000000000e+00 1.120923156882918520e-01
-4.833813600000000577e+01 9.776696020808136600e-01 0.000000000000000000e+00 1.145122705435991789e-01
-4.841370599999999769e+01 9.791980534846750350e-01 0.000000000000000000e+00 7.475116676904301760e-02
-4.838819200000000365e+01 9.786820165769323232e-01 0.000000000000000000e+00 9.509732991822494874e-02
-4.837114200000000608e+01 9.783371694625240256e-01 0.000000000000000000e+00 9.402771263534108470e-02
-4.835299200000000042e+01 9.779700741471860637e-01 0.000000000000000000e+00 7.908378842670045483e-02
-4.840082800000001129e+01 9.789375877287016525e-01 0.000000000000000000e+00 7.269133870848870638e-02
-4.837630800000000164e+01 9.784416551043441101e-01 0.000000000000000000e+00 7.929311646789924395e-02
-4.834362800000000959e+01 9.777806812803638836e-01 0.000000000000000000e+00 1.139386828540028124e-01
-4.836673400000000100e+01 9.782480148537079367e-01 0.000000000000000000e+00 1.001790036470572437e-01
-4.835026600000002617e+01 9.779149390601555858e-01 0.000000000000000000e+00 1.142764716100225925e-01
-4.839031800000000061e+01 9.787250162816379939e-01 0.000000000000000000e+00 8.617553659287886803e-02
-4.833597400000001443e+01 9.776258742531686030e-01 0.000000000000000000e+00 1.023648166159059070e-01
-4.836399399999999105e+01 9.781925966077559265e-01 0.000000000000000000e+00 9.519841886047955559e-02
-4.838190400000000579e+01 9.785548377701640543e-01 0.000000000000000000e+00 8.312476435145436937e-02
-4.837284799999999763e+01 9.783716743996019316e-01 0.000000000000000000e+00 9.323363558308976617e-02
-4.840919599999999434e+01 9.791068358608636668e-01 0.000000000000000000e+00 8.217027396347345580e-02
-4.843154400000000948e+01 9.795588384012040573e-01 0.000000000000000000e+00 6.903001297196088848e-02
-4.842049799999999493e+01 9.793354260125963773e-01 0.000000000000000000e+00 7.655391178836636057e-02
-4.838820199999999261e+01 9.786822188333041961e-01 0.000000000000000000e+00 9.888127559162146474e-02
-4.836174800000000573e+01 9.781471698265855608e-01 0.000000000000000000e+00 1.031430843757611543e-01
-4.834780200000000860e+01 9.778651030900730179e-01 0.000000000000000000e+00 9.228019910833892836e-02
-4.832869400000000581e+01 9.774786316142891618e-01 0.000000000000000000e+00 1.008240569937887826e-01
-4.840897199999999145e+01 9.791023053181289182e-01 0.000000000000000000e+00 7.764832932178648839e-02
-4.838547400000000209e+01 9.786270432949990550e-01 0.000000000000000000e+00 9.108675697910016689e-02
-4.838480799999999249e+01 9.786135730206179106e-01 0.000000000000000000e+00 8.895126764786176476e-02
-4.839351600000001241e+01 9.787896978694315964e-01 0.000000000000000000e+00 7.770546399934491477e-02
-4.838832200000000228e+01 9.786846459097694462e-01 0.000000000000000000e+00 9.057414126927500198e-02
-4.837443800000000493e+01 9.784038331627639140e-01 0.000000000000000000e+00 1.053381268376105961e-01
-4.838472199999999646e+01 9.786118336158180497e-01 0.000000000000000000e+00 9.551255412750488116e-02
-4.835184399999999982e+01 9.779468551156704770e-01 0.000000000000000000e+00 1.231828585084101257e-01
-4.839184400000000608e+01 9.787558806040185244e-01 0.000000000000000000e+00 9.212794607764147881e-02
-4.840958600000001155e+01 9.791147238593754798e-01 0.000000000000000000e+00 7.456320892539736178e-02
-4.837797800000000592e+01 9.784754319184827409e-01 0.000000000000000000e+00 8.582310628098414884e-02
-4.838942000000000121e+01 9.787068536594245582e-01 0.000000000000000000e+00 1.019506693940700481e-01
-4.836999000000000137e+01 9.783138695284595565e-01 0.000000000000000000e+00 8.967629046022711214e-02
-4.831093600000000521e+01 9.771194647487370100e-01 0.000000000000000000e+00 9.223554335821848582e-02
-4.840244799999999969e+01 9.789703532609794756e-01 0.000000000000000000e+00 9.027835795555588794e-02
-4.840771999999999764e+01 9.790769828203437219e-01 0.000000000000000000e+00 6.903296826206054004e-02
-4.839120399999998767e+01 9.787429361962046714e-01 0.000000000000000000e+00 7.780654060948935524e-02
-4.840456200000000564e+01 9.790131102580388323e-01 0.000000000000000000e+00 9.016876968364714862e-02
-4.839201799999999309e+01 9.787593998648925764e-01 0.000000000000000000e+00 8.464032085921836812e-02
-4.839144800000001112e+01 9.787478712516840540e-01 0.000000000000000000e+00 8.019835067197458867e-02
-4.836168199999998762e+01 9.781458349345293346e-01 0.000000000000000000e+00 1.064249879331240212e-01
-4.843326800000001242e+01 9.795937073997519340e-01 0.000000000000000000e+00 5.961136912781756642e-02
-4.842257199999999528e+01 9.793773739841672432e-01 0.000000000000000000e+00 7.779956126697190610e-02
-4.837039000000001465e+01 9.783219597833432424e-01 0.000000000000000000e+00 1.024720208179045466e-01
-4.837053000000000225e+01 9.783247913725522382e-01 0.000000000000000000e+00 9.023596172191414300e-02
-4.834609000000000378e+01 9.778304767991716773e-01 0.000000000000000000e+00 1.178066945157499185e-01
-4.838659800000000644e+01 9.786497769112216805e-01 0.000000000000000000e+00 8.075600609993074941e-02
-4.836946999999999974e+01 9.783033521971109536e-01 0.000000000000000000e+00 9.054399622573103268e-02
-4.839287600000000822e+01 9.787767534616179654e-01 0.000000000000000000e+00 7.911743364815763957e-02
-4.837263400000001212e+01 9.783673461132394999e-01 0.000000000000000000e+00 1.112228413972814051e-01
-4.837311200000000611e+01 9.783770139678251709e-01 0.000000000000000000e+00 8.883895460070098671e-02
-4.844779200000000685e+01 9.798874645545709861e-01 0.000000000000000000e+00 5.583917686290953281e-02
-4.842543799999999976e+01 9.794353406604074941e-01 0.000000000000000000e+00 7.440327295396770291e-02
-4.840419399999999683e+01 9.790056672235458723e-01 0.000000000000000000e+00 8.473145912620953790e-02
-4.838032599999999661e+01 9.785229217146486080e-01 0.000000000000000000e+00 9.281530549070712843e-02
-4.839354400000000567e+01 9.787902641872733289e-01 0.000000000000000000e+00 1.041328214785850331e-01
-4.838763399999999848e+01 9.786707306713697818e-01 0.000000000000000000e+00 9.632580259963892388e-02
-4.838886800000000932e+01 9.786956891076855625e-01 0.000000000000000000e+00 9.317680042464265844e-02
-4.838832999999998918e+01 9.786848077148668779e-01 0.000000000000000000e+00 8.835512081219344671e-02
-4.839245200000001290e+01 9.787681777914415404e-01 0.000000000000000000e+00 9.374270663078068666e-02
-4.838565799999998518e+01 9.786307648122450908e-01 0.000000000000000000e+00 8.506883389943722951e-02
-4.839211200000000446e+01 9.787613010747904241e-01 0.000000000000000000e+00 8.993378628275058850e-02
-4.837026399999999882e+01 9.783194113530546687e-01 0.000000000000000000e+00 1.089765534230162647e-01
-4.838896399999999431e+01 9.786976307688572962e-01 0.000000000000000000e+00 7.861904763163282683e-02
-4.836113599999999479e+01 9.781347917366135514e-01 0.000000000000000000e+00 8.226717685613585407e-02
-4.834098800000000296e+01 9.777272855981328226e-01 0.000000000000000000e+00 1.019375916029904156e-01
-4.840751999999999811e+01 9.790729376929019345e-01 0.000000000000000000e+00 7.017356260650335631e-02
-4.839366200000000617e+01 9.787926508124640268e-01 0.000000000000000000e+00 7.613814502122216721e-02
-4.838865400000000250e+01 9.786913608213226867e-01 0.000000000000000000e+00 8.737356396993321839e-02
-4.825980000000002690e+01 9.760852065644333164e-01 0.000000000000000000e+00 1.626858880844255228e-01
-4.840181999999998652e+01 9.789576515608121587e-01 0.000000000000000000e+00 9.223356167355702129e-02
-4.838554999999999495e+01 9.786285804434268210e-01 0.000000000000000000e+00 9.224564209136630610e-02
-4.841035599999999306e+01 9.791302976000257896e-01 0.000000000000000000e+00 6.480910635602522840e-02
-4.836025999999999669e+01 9.781170740784187467e-01 0.000000000000000000e+00 8.928159288611936528e-02
-4.836037000000000319e+01 9.781192988985119019e-01 0.000000000000000000e+00 1.011710917109221175e-01
-4.841402400000001194e+01 9.792044852373076314e-01 0.000000000000000000e+00 8.500443377622199370e-02
-4.840286400000000100e+01 9.789787671260583579e-01 0.000000000000000000e+00 8.524861741821447569e-02
-4.839574400000001475e+01 9.788347605891326575e-01 0.000000000000000000e+00 8.724284037076941722e-02
-4.835878600000001626e+01 9.780872614891735761e-01 0.000000000000000000e+00 1.246473012183176438e-01
-4.841232199999999608e+01 9.791700612027781636e-01 0.000000000000000000e+00 6.992443768711002761e-02
-4.839989200000000125e+01 9.789186565322740563e-01 0.000000000000000000e+00 7.358258149174877472e-02
-4.839264599999999916e+01 9.787721015650597822e-01 0.000000000000000000e+00 9.269706872115700269e-02
-4.835820200000001279e+01 9.780754497170436323e-01 0.000000000000000000e+00 9.940087390628558894e-02
-4.838422999999999519e+01 9.786018826023112904e-01 0.000000000000000000e+00 9.053385716365587588e-02
-4.841488600000000275e+01 9.792219197365813477e-01 0.000000000000000000e+00 5.978978835820673160e-02
-4.830958400000002229e+01 9.770921196872311976e-01 0.000000000000000000e+00 1.698757351653840120e-01
-4.839922200000001595e+01 9.789051053553445847e-01 0.000000000000000000e+00 7.271198973006441635e-02
-4.837139400000000222e+01 9.783422663231005068e-01 0.000000000000000000e+00 8.322042996546163973e-02
-4.839356800000000192e+01 9.787907496025662901e-01 0.000000000000000000e+00 7.998111756956584328e-02
-4.836246199999999362e+01 9.781616109315522944e-01 0.000000000000000000e+00 8.673226745670707671e-02
-4.839878400000000624e+01 9.788962465262469603e-01 0.000000000000000000e+00 8.169186589578730784e-02
-4.840721800000000030e+01 9.790668295504649787e-01 0.000000000000000000e+00 6.680791155592713526e-02
-4.837792800000000426e+01 9.784744206366222663e-01 0.000000000000000000e+00 9.230386585904830354e-02
-4.841922800000001104e+01 9.793097394533416544e-01 0.000000000000000000e+00 7.410385297852324638e-02
-4.840933600000001036e+01 9.791096674500732178e-01 0.000000000000000000e+00 8.440392005832479672e-02
-4.832915599999999756e+01 9.774879758586794143e-01 0.000000000000000000e+00 1.396949362581245135e-01
-4.840406999999999016e+01 9.790031592445318509e-01 0.000000000000000000e+00 8.869604150004517518e-02
-4.836486600000000635e+01 9.782102333634022928e-01 0.000000000000000000e+00 9.021751965402956264e-02
-4.839718000000000586e+01 9.788638046041642227e-01 0.000000000000000000e+00 7.866252428744378855e-02
-4.837729800000001035e+01 9.784616784851808413e-01 0.000000000000000000e+00 1.018261362134572218e-01
-4.840707199999999233e+01 9.790638766074323263e-01 0.000000000000000000e+00 8.413306209436162419e-02
-4.840419800000000095e+01 9.790057481260947547e-01 0.000000000000000000e+00 7.423622408000359052e-02
-4.837018799999999885e+01 9.783178742046267917e-01 0.000000000000000000e+00 8.983212545429543339e-02
-4.836352000000000828e+01 9.781830096557193599e-01 0.000000000000000000e+00 1.087770623473959253e-01
-4.841830600000000118e+01 9.792910914158350355e-01 0.000000000000000000e+00 6.994686268875803525e-02
-4.839046199999999942e+01 9.787279287733959832e-01 0.000000000000000000e+00 7.731367929454993626e-02
-4.837768800000000624e+01 9.784695664836922102e-01 0.000000000000000000e+00 8.133439800594718938e-02
-4.845491399999999516e+01 9.800315115427710166e-01 0.000000000000000000e+00 5.151186000536311926e-02
-4.841204199999999958e+01 9.791643980243597278e-01 0.000000000000000000e+00 9.160211410819536770e-02
-4.839069799999999333e+01 9.787327020237771569e-01 0.000000000000000000e+00 1.117250792315356150e-01
-4.845181000000000182e+01 9.799687311648753729e-01 0.000000000000000000e+00 5.525860141464873643e-02
-4.844507400000000530e+01 9.798324912726376068e-01 0.000000000000000000e+00 7.657411359413365814e-02
-4.845267199999999264e+01 9.799861656641490892e-01 0.000000000000000000e+00 5.349530344721013797e-02
-4.842327000000000226e+01 9.793914914789391135e-01 0.000000000000000000e+00 1.016934723727748457e-01
-4.843534799999999763e+01 9.796357767251456794e-01 0.000000000000000000e+00 6.107531776752409686e-02
-4.846205199999999991e+01 9.801758821411669098e-01 0.000000000000000000e+00 2.964446046673244184e-02
-4.846406600000000964e+01 9.802166165745054283e-01 0.000000000000000000e+00 3.816339199925630754e-02
-4.846137400000000639e+01 9.801621691591394514e-01 0.000000000000000000e+00 5.441681005132148474e-02
-4.843433000000000277e+01 9.796151870264673267e-01 0.000000000000000000e+00 7.862108270982172409e-02
