-2.660375200000001072e+01 2.716978002730893738e-01 0.000000000000000000e+00 3.136021122200047806e+00
-2.700327000000001476e+01 2.757779827138783779e-01 0.000000000000000000e+00 2.564435437485276914e+00
-2.821831200000001516e+01 2.881869180640280192e-01 0.000000000000000000e+00 2.915016372020486024e+00
-2.645912800000001752e+01 2.702207897120717517e-01 0.000000000000000000e+00 2.914298968464272388e+00
-2.676962600000000947e+01 2.733918320368232124e-01 0.000000000000000000e+00 2.599250291080258624e+00
-2.753380200000000855e+01 2.811961800183217508e-01 0.000000000000000000e+00 2.438800519960084401e+00
-2.686775800000000913e+01 2.743940308445853016e-01 0.000000000000000000e+00 2.393018221223372155e+00
-2.779371400000001202e+01 2.838505995402215154e-01 0.000000000000000000e+00 3.457782514762601789e+00
-2.637863200000001385e+01 2.693987031834202961e-01 0.000000000000000000e+00 3.087557751241016391e+00
-2.715130800000002509e+01 2.772898596460054432e-01 0.000000000000000000e+00 2.795020899641056822e+00
-2.731713400000001712e+01 2.789834011971401573e-01 0.000000000000000000e+00 3.190737204712946973e+00
-2.720888000000001128e+01 2.778778288075477443e-01 0.000000000000000000e+00 2.937164205849106313e+00
-2.664977000000000729e+01 2.721677711769290298e-01 0.000000000000000000e+00 2.739569459114540084e+00
-2.760417200000000193e+01 2.819148521140928954e-01 0.000000000000000000e+00 2.957125468761168552e+00
-2.731163800000001984e+01 2.789272718545459107e-01 0.000000000000000000e+00 2.719041454793370782e+00
-2.755368400000000761e+01 2.813992301619642755e-01 0.000000000000000000e+00 3.487751828776719965e+00
-2.740447000000000699e+01 2.798753430211598503e-01 0.000000000000000000e+00 2.835555952809809988e+00
-2.793275800000001041e+01 2.852706228865965477e-01 0.000000000000000000e+00 2.570280838374898291e+00
-2.672070400000000845e+01 2.728922032707393752e-01 0.000000000000000000e+00 2.515913005349924347e+00
-2.805459000000001524e+01 2.865148641651527606e-01 0.000000000000000000e+00 2.476584468700000041e+00
-2.716880599999999646e+01 2.774685625638935171e-01 0.000000000000000000e+00 2.787328680311105700e+00
-2.725661600000000817e+01 2.783653452373293646e-01 0.000000000000000000e+00 2.731400590910136206e+00
-2.694380200000001935e+01 2.751706501546724581e-01 0.000000000000000000e+00 2.486497139480040364e+00
-2.779376600000002639e+01 2.838511306038706827e-01 0.000000000000000000e+00 3.293810673915548382e+00
-2.782386800000001159e+01 2.841585551800664411e-01 0.000000000000000000e+00 2.948348728975683120e+00
-2.793840800000001678e+01 2.853283249946129141e-01 0.000000000000000000e+00 3.508911263927483315e+00
-2.743000600000001654e+01 2.801361361238687286e-01 0.000000000000000000e+00 2.921173943268754236e+00
-2.725636200000002418e+01 2.783627511956593970e-01 0.000000000000000000e+00 3.039815899887373885e+00
-2.805336800000002029e+01 2.865023841694013251e-01 0.000000000000000000e+00 3.125496347131980546e+00
-2.724381200000001968e+01 2.782345810265258179e-01 0.000000000000000000e+00 2.163747093516945608e+00
-2.739721400000000529e+01 2.798012392165994400e-01 0.000000000000000000e+00 2.825645241017500364e+00
-2.690528600000001447e+01 2.747772953949634278e-01 0.000000000000000000e+00 3.458246837940469387e+00
-2.835777600000002607e+01 2.896112307706451006e-01 0.000000000000000000e+00 2.944876878327698844e+00
-2.759504200000001006e+01 2.818216095926436293e-01 0.000000000000000000e+00 3.059270374530634662e+00
-2.755708000000001334e+01 2.814339127033489985e-01 0.000000000000000000e+00 2.813856653539171138e+00
-2.841696600000001283e+01 2.902157241818812405e-01 0.000000000000000000e+00 3.282271657554236999e+00
-2.790705400000001646e+01 2.850081140397910939e-01 0.000000000000000000e+00 3.304802129605102667e+00
-2.706253600000001214e+01 2.763832522950631643e-01 0.000000000000000000e+00 3.460962475507748604e+00
-2.740665800000000729e+01 2.798976885454677599e-01 0.000000000000000000e+00 2.734662728790953512e+00
-2.694963600000000170e+01 2.752302314109850712e-01 0.000000000000000000e+00 2.230338042391191600e+00
-2.725734600000001251e+01 2.783728005539403694e-01 0.000000000000000000e+00 2.578441081583203065e+00
-2.685235000000001193e+01 2.742366726002817834e-01 0.000000000000000000e+00 3.123659042345736658e+00
-2.665868000000000748e+01 2.722587668906326086e-01 0.000000000000000000e+00 2.560145134695896552e+00
-2.696905800000000752e+01 2.754285836838864521e-01 0.000000000000000000e+00 2.824498349208727888e+00
-2.694449000000001249e+01 2.751776765352591525e-01 0.000000000000000000e+00 2.931490142720709180e+00
-2.796067400000001513e+01 2.855557223640095565e-01 0.000000000000000000e+00 3.230937408790085730e+00
-2.778287600000000879e+01 2.837399136204550310e-01 0.000000000000000000e+00 3.126003585731154999e+00
-2.709530000000001237e+01 2.767178632449828202e-01 0.000000000000000000e+00 2.951953934517805411e+00
-2.796002600000001692e+01 2.855491044939220124e-01 0.000000000000000000e+00 3.171746782236927409e+00
-2.681885800000001296e+01 2.738946267592761163e-01 0.000000000000000000e+00 2.783726619181451589e+00
-2.660927600000001192e+01 2.717542155730330866e-01 0.000000000000000000e+00 2.639355809112319928e+00
-2.776599200000001488e+01 2.835674813387298876e-01 0.000000000000000000e+00 3.062477629608834739e+00
-2.699285599999999619e+01 2.756716270054035411e-01 0.000000000000000000e+00 2.820123724283504885e+00
-2.700862800000001940e+01 2.758327026952503425e-01 0.000000000000000000e+00 2.333059970916939285e+00
-2.709932000000001295e+01 2.767589185501554971e-01 0.000000000000000000e+00 2.801920816262668534e+00
-2.735554200000001757e+01 2.793756529785012543e-01 0.000000000000000000e+00 2.856348684299413243e+00
-2.778219000000001060e+01 2.837329076653932192e-01 0.000000000000000000e+00 3.035360070747935790e+00
-2.756082800000001853e+01 2.814721901371269319e-01 0.000000000000000000e+00 2.744662845776482119e+00
-2.687575600000000975e+01 2.744757125189064562e-01 0.000000000000000000e+00 2.755069030733177549e+00
-2.776976000000003353e+01 2.836059630277575905e-01 0.000000000000000000e+00 2.884923356788782201e+00
-2.749622200000000660e+01 2.808123844042947348e-01 0.000000000000000000e+00 3.008137708659394338e+00
-2.752104800000001816e+01 2.810659264456422113e-01 0.000000000000000000e+00 3.102385716287099360e+00
-2.775329200000001961e+01 2.834377792552242870e-01 0.000000000000000000e+00 3.268683452996779426e+00
-2.644380000000002084e+01 2.700642484887666450e-01 0.000000000000000000e+00 2.950577667871397303e+00
-2.726737800000000433e+01 2.784752549871472582e-01 0.000000000000000000e+00 3.328457631571667630e+00
-2.697522000000001796e+01 2.754915147262930186e-01 0.000000000000000000e+00 2.431004028849567344e+00
-2.769451000000001883e+01 2.828374526510801235e-01 0.000000000000000000e+00 3.424543670654853766e+00
-2.733795200000000847e+01 2.791960104864645853e-01 0.000000000000000000e+00 2.928713082652687927e+00
-2.762481200000001635e+01 2.821256435316959466e-01 0.000000000000000000e+00 3.407266340070552513e+00
-2.745646800000001875e+01 2.804063862446346533e-01 0.000000000000000000e+00 3.539813762460541025e+00
-2.720129800000001552e+01 2.778003956424186516e-01 0.000000000000000000e+00 2.955673420744750146e+00
-2.760592800000002001e+01 2.819327857250092939e-01 0.000000000000000000e+00 2.404633963874373226e+00
-2.674134200000001371e+01 2.731029742628173773e-01 0.000000000000000000e+00 3.307766563807431393e+00
-2.800982400000002670e+01 2.860576796399391108e-01 0.000000000000000000e+00 3.027721596528460513e+00
-2.725242000000001141e+01 2.783224924859600824e-01 0.000000000000000000e+00 3.583383149364788967e+00
-2.711588800000001953e+01 2.769281235989368151e-01 0.000000000000000000e+00 2.960668206289474469e+00
-2.644896200000001230e+01 2.701169667686922904e-01 0.000000000000000000e+00 2.775296256923381222e+00
-2.705050400000001787e+01 2.762603723368947106e-01 0.000000000000000000e+00 3.035680957934756119e+00
-2.741142200000001594e+01 2.799463421459262302e-01 0.000000000000000000e+00 2.757365131241391598e+00
-2.693332400000002025e+01 2.750636408293990476e-01 0.000000000000000000e+00 3.079890465621506479e+00
-2.749593000000002618e+01 2.808094022776505549e-01 0.000000000000000000e+00 3.115800092441844082e+00
-2.724196000000002726e+01 2.782156669904115032e-01 0.000000000000000000e+00 2.613674515993825054e+00
-2.719269600000000864e+01 2.777125454595590903e-01 0.000000000000000000e+00 3.563825772020451588e+00
-2.707152800000001847e+01 2.764750854552902037e-01 0.000000000000000000e+00 3.002331091913532646e+00
-2.766827400000000026e+01 2.825695106146346447e-01 0.000000000000000000e+00 3.145151999815498645e+00
-2.738499800000000661e+01 2.796764801101344622e-01 0.000000000000000000e+00 3.124369943498103375e+00
-2.763654400000000422e+01 2.822454596611201350e-01 0.000000000000000000e+00 3.279970845839882632e+00
-2.767742600000001829e+01 2.826629778168587848e-01 0.000000000000000000e+00 3.411190132745669068e+00
-2.712372000000001648e+01 2.770081099546861103e-01 0.000000000000000000e+00 2.546566467725798866e+00
-2.835018800000001704e+01 2.895337363289409716e-01 0.000000000000000000e+00 2.916592230852072198e+00
-2.750069000000002006e+01 2.808580150270589271e-01 0.000000000000000000e+00 3.116813691865135905e+00
-2.739811600000001945e+01 2.798104511283572293e-01 0.000000000000000000e+00 3.010338871045798559e+00
-2.711109000000001856e+01 2.768791227645541198e-01 0.000000000000000000e+00 2.657754361478802174e+00
-2.792728000000002808e+01 2.852146773737271324e-01 0.000000000000000000e+00 3.114461354080446664e+00
-2.653309400000001617e+01 2.709761869017237590e-01 0.000000000000000000e+00 2.683165944179383366e+00
-2.716437600000000785e+01 2.774233200261038701e-01 0.000000000000000000e+00 2.973344990842754054e+00
-2.730480600000002767e+01 2.788574982612774811e-01 0.000000000000000000e+00 2.794935731388093370e+00
-2.801788000000001588e+01 2.861399536544840250e-01 0.000000000000000000e+00 3.739197277059298941e+00
-2.758370200000000239e+01 2.817057968661116907e-01 0.000000000000000000e+00 3.619662946806070369e+00
-2.696755800000001102e+01 2.754132645401653479e-01 0.000000000000000000e+00 3.220959599318253375e+00
-2.770310800000001095e+01 2.829252619828896420e-01 0.000000000000000000e+00 3.161607211903400216e+00
-2.683140200000001130e+01 2.740227356518347701e-01 0.000000000000000000e+00 3.083936235960579531e+00
-2.750043000000001570e+01 2.808553597088138676e-01 0.000000000000000000e+00 2.562590201043632998e+00
-2.762674800000003117e+01 2.821454154398588821e-01 0.000000000000000000e+00 2.929279585736073610e+00
-2.786519400000001312e+01 2.845806078023463970e-01 0.000000000000000000e+00 3.110831649816330202e+00
-2.757245400000000402e+01 2.815909237137281251e-01 0.000000000000000000e+00 2.975205251061417755e+00
-2.669629200000001745e+01 2.726428893130591335e-01 0.000000000000000000e+00 3.522822951012125170e+00
-2.706309200000000814e+01 2.763889305910024463e-01 0.000000000000000000e+00 2.488564437407091212e+00
-2.735195200000002203e+01 2.793389891611953724e-01 0.000000000000000000e+00 3.116445617002378210e+00
-2.731895200000002788e+01 2.790019679993303026e-01 0.000000000000000000e+00 3.145957083786468989e+00
-2.762176400000003085e+01 2.820945150316547800e-01 0.000000000000000000e+00 3.601122054754096080e+00
-2.837955000000002315e+01 2.898336034609011458e-01 0.000000000000000000e+00 3.449230932447628017e+00
-2.645619000000000298e+01 2.701907846159031235e-01 0.000000000000000000e+00 2.799124567673531683e+00
-2.752440000000000708e+01 2.811001596254776302e-01 0.000000000000000000e+00 2.959747725599585433e+00
-2.669621200000000982e+01 2.726420722920605555e-01 0.000000000000000000e+00 2.842635994820030820e+00
-2.763266000000002265e+01 2.822057932916450240e-01 0.000000000000000000e+00 3.131573808870555808e+00
-2.710340400000001182e+01 2.768006274721269144e-01 0.000000000000000000e+00 2.994711612156308433e+00
-2.797488200000002578e+01 2.857008252933362913e-01 0.000000000000000000e+00 2.632278461536063485e+00
-2.732023800000001046e+01 2.790151016118803673e-01 0.000000000000000000e+00 3.079999005207106677e+00
-2.745096600000001175e+01 2.803501956254654259e-01 0.000000000000000000e+00 2.629735122822460358e+00
-2.770223800000001901e+01 2.829163768795314726e-01 0.000000000000000000e+00 2.717340223575734903e+00
-2.673010400000000786e+01 2.729882032380585577e-01 0.000000000000000000e+00 2.758609449438120809e+00
-2.699217600000001838e+01 2.756646823269168212e-01 0.000000000000000000e+00 3.108961610372780626e+00
-2.624823200000000512e+01 2.680669589559289134e-01 0.000000000000000000e+00 2.590040710763075626e+00
-2.670328600000000563e+01 2.727143173738494353e-01 0.000000000000000000e+00 3.603501424078721538e+00
-2.778619400000001249e+01 2.837737995663662249e-01 0.000000000000000000e+00 2.816795719540236664e+00
-2.764323000000002750e+01 2.823137421910667522e-01 0.000000000000000000e+00 3.202923594061203971e+00
-2.795703000000001381e+01 2.855185070575296247e-01 0.000000000000000000e+00 2.773894886675273952e+00
-2.682954400000000916e+01 2.740037603391454746e-01 0.000000000000000000e+00 2.554050301044728410e+00
-2.802004000000002293e+01 2.861620132214425238e-01 0.000000000000000000e+00 3.122089449601520794e+00
-2.786605600000000393e+01 2.845894112036047030e-01 0.000000000000000000e+00 3.315660761068430329e+00
-2.704325600000001728e+01 2.761863502344341081e-01 0.000000000000000000e+00 2.753784874204587840e+00
-2.746522800000002107e+01 2.804958500439661551e-01 0.000000000000000000e+00 2.757090193037111003e+00
-2.849004400000001169e+01 2.909620524384503581e-01 0.000000000000000000e+00 3.541039957051936860e+00
-2.767952600000001695e+01 2.826844246180683640e-01 0.000000000000000000e+00 2.668361481373310085e+00
-2.711383000000001431e+01 2.769071057337513797e-01 0.000000000000000000e+00 3.341532015227129282e+00
-2.588391200000001646e+01 2.643462453289379122e-01 0.000000000000000000e+00 2.696609442224615183e+00
-2.713964000000001775e+01 2.771706971333798841e-01 0.000000000000000000e+00 3.002252099523107898e+00
-2.728908200000001116e+01 2.786969127840298044e-01 0.000000000000000000e+00 3.183112387584824177e+00
-2.752865800000000363e+01 2.811436455681206592e-01 0.000000000000000000e+00 2.667411649164217469e+00
-2.741620600000002383e+01 2.799952000016342479e-01 0.000000000000000000e+00 3.382488588909805749e+00
-2.732282000000000011e+01 2.790414709646056313e-01 0.000000000000000000e+00 3.137221620053854743e+00
-2.791153200000000112e+01 2.850538467901798101e-01 0.000000000000000000e+00 2.860246038681626857e+00
-2.760402600000001883e+01 2.819133610507708609e-01 0.000000000000000000e+00 2.771705841907587509e+00
-2.747507600000000494e+01 2.805964253288765198e-01 0.000000000000000000e+00 2.647982261419422390e+00
-2.784016000000001512e+01 2.843249415064030283e-01 0.000000000000000000e+00 2.986968428005055465e+00
-2.710886200000001978e+01 2.768563687297470044e-01 0.000000000000000000e+00 3.211684936268584867e+00
-2.717753400000000497e+01 2.775576995548257320e-01 0.000000000000000000e+00 2.797136343853308116e+00
-2.769961800000001162e+01 2.828896194418317744e-01 0.000000000000000000e+00 3.010629809487333386e+00
-2.757445800000001412e+01 2.816113900897396771e-01 0.000000000000000000e+00 3.172352698148568351e+00
-2.680687600000001680e+01 2.737722574392316699e-01 0.000000000000000000e+00 2.625460522224932092e+00
-2.792874200000001039e+01 2.852296084324738024e-01 0.000000000000000000e+00 3.858435046900164700e+00
-2.707036400000001564e+01 2.764631977997625834e-01 0.000000000000000000e+00 2.746972975106168668e+00
-2.710417400000000399e+01 2.768084912992370139e-01 0.000000000000000000e+00 3.041341524128435836e+00
-2.741507800000001893e+01 2.799836800055559016e-01 0.000000000000000000e+00 2.368201284936683138e+00
-2.713006600000003132e+01 2.770729201453892010e-01 0.000000000000000000e+00 3.110673484523435839e+00
-2.782987400000002864e+01 2.842198930315260608e-01 0.000000000000000000e+00 2.725868393134728507e+00
-2.748138200000001063e+01 2.806608270090802382e-01 0.000000000000000000e+00 3.450998024123022923e+00
-2.748862000000001515e+01 2.807347469839160392e-01 0.000000000000000000e+00 3.137097535730577924e+00
-2.760947000000001594e+01 2.819689593297161068e-01 0.000000000000000000e+00 2.587452807962754342e+00
-2.817194400000001764e+01 2.877133726933200908e-01 0.000000000000000000e+00 3.274173551311085451e+00
-2.718482200000001825e+01 2.776321301677856512e-01 0.000000000000000000e+00 2.267138123856247134e+00
-2.850015200000003190e+01 2.910652830416060599e-01 0.000000000000000000e+00 3.260106765633495662e+00
-2.705548800000001464e+01 2.763112727450987571e-01 0.000000000000000000e+00 2.596415350785374443e+00
-2.666574000000001732e+01 2.723308689937468663e-01 0.000000000000000000e+00 3.131238306181919118e+00
-2.750904800000001771e+01 2.809433732958731000e-01 0.000000000000000000e+00 2.933977447686214379e+00
-2.740507600000000821e+01 2.798815319552232506e-01 0.000000000000000000e+00 2.684150816831831321e+00
-2.809124000000000265e+01 2.868891619100725765e-01 0.000000000000000000e+00 3.001401922469235206e+00
-2.719580800000000309e+01 2.777443275763991637e-01 0.000000000000000000e+00 3.288203123493056435e+00
-2.765428800000000820e+01 2.824266749185788128e-01 0.000000000000000000e+00 3.384874739704692548e+00
-2.847296400000001526e+01 2.907876184552789511e-01 0.000000000000000000e+00 3.278219355400923352e+00
-2.702747800000002343e+01 2.760252132680127146e-01 0.000000000000000000e+00 3.104728244376679935e+00
-2.733007800000001097e+01 2.791155951946910907e-01 0.000000000000000000e+00 2.320792768921600135e+00
-2.766458000000000794e+01 2.825317846700308166e-01 0.000000000000000000e+00 2.576803959492566243e+00
-2.674758000000001701e+01 2.731666814751724237e-01 0.000000000000000000e+00 2.463167869950311673e+00
-2.804203599999999952e+01 2.863866531449691388e-01 0.000000000000000000e+00 3.076595451144664484e+00
-2.771799600000002073e+01 2.830773095907033188e-01 0.000000000000000000e+00 2.994360106881069239e+00
-2.746177400000001967e+01 2.804605751623575616e-01 0.000000000000000000e+00 2.970271555745824799e+00
-2.710783599999999893e+01 2.768458904354414996e-01 0.000000000000000000e+00 3.161643063681486510e+00
-2.771171200000001988e+01 2.830131325912741969e-01 0.000000000000000000e+00 3.119899103240359572e+00
-2.777718400000001964e+01 2.836817825764146317e-01 0.000000000000000000e+00 3.559335384242287237e+00
-2.795093200000000877e+01 2.854562296319219095e-01 0.000000000000000000e+00 3.621541890134084785e+00
-2.792766400000001070e+01 2.852185990745195743e-01 0.000000000000000000e+00 3.531516214894764971e+00
-2.760252800000002793e+01 2.818980623325748058e-01 0.000000000000000000e+00 3.328356116220107186e+00
-2.684132600000001645e+01 2.741240871066938922e-01 0.000000000000000000e+00 2.935002351301520651e+00
-2.774346200000001517e+01 2.833373878000383095e-01 0.000000000000000000e+00 3.504706818694832915e+00
-2.666219000000001671e+01 2.722946136869401901e-01 0.000000000000000000e+00 3.301430417304449083e+00
-2.776845400000002329e+01 2.835926251599575898e-01 0.000000000000000000e+00 2.847318797044693373e+00
-2.755691000000000912e+01 2.814321765337272074e-01 0.000000000000000000e+00 3.542019273128270029e+00
-2.685283000000000797e+01 2.742415747262724746e-01 0.000000000000000000e+00 2.432325790475054816e+00
-2.892492200000002356e+01 2.954033581605591263e-01 0.000000000000000000e+00 3.478070838190434166e+00
-2.731447000000000358e+01 2.789561943978912661e-01 0.000000000000000000e+00 2.402438513429236533e+00
-2.721696200000002008e+01 2.779603683539173531e-01 0.000000000000000000e+00 2.307783331687825790e+00
-2.793174400000002677e+01 2.852602671454412264e-01 0.000000000000000000e+00 2.919021982965243733e+00
-2.830501600000000906e+01 2.890724054221599504e-01 0.000000000000000000e+00 3.579174632487554852e+00
-2.779564200000001151e+01 2.838702897462844210e-01 0.000000000000000000e+00 3.242477569782312496e+00
-2.810163600000000628e+01 2.869953337888225819e-01 0.000000000000000000e+00 2.863291516240310752e+00
-2.720742400000001737e+01 2.778629590253758330e-01 0.000000000000000000e+00 2.683950275590519130e+00
-2.751946600000002263e+01 2.810497698553977020e-01 0.000000000000000000e+00 3.298345553201979197e+00
-2.725928400000000806e+01 2.783925928876280209e-01 0.000000000000000000e+00 2.602133521163669361e+00
-2.804417400000002303e+01 2.864084880311532078e-01 0.000000000000000000e+00 3.154960509337444208e+00
-2.772648800000000691e+01 2.831640363696897866e-01 0.000000000000000000e+00 3.001790246552711761e+00
-2.755121400000000520e+01 2.813740046386367655e-01 0.000000000000000000e+00 3.140009854614272733e+00
-2.735977800000001992e+01 2.794189142403697979e-01 0.000000000000000000e+00 3.309253448953419330e+00
-2.791818400000000366e+01 2.851217820862018693e-01 0.000000000000000000e+00 3.197996312867660507e+00
-2.814739000000001923e+01 2.874626085233674688e-01 0.000000000000000000e+00 3.115680703467476942e+00
-2.801303400000001886e+01 2.860904626075022605e-01 0.000000000000000000e+00 3.409082555223218236e+00
-2.746561800000002052e+01 2.804998330213336333e-01 0.000000000000000000e+00 2.875164428864210198e+00
-2.777094800000000419e+01 2.836180957895844124e-01 0.000000000000000000e+00 3.142630404275174261e+00
-2.762568200000000829e+01 2.821345286350541715e-01 0.000000000000000000e+00 2.767641107272152290e+00
-2.758653800000000800e+01 2.817347602605071999e-01 0.000000000000000000e+00 2.959307309161481214e+00
-2.790727600000002084e+01 2.850103812730618857e-01 0.000000000000000000e+00 3.123104582455338285e+00
-2.783202000000001419e+01 2.842418096198096045e-01 0.000000000000000000e+00 3.905299380756017680e+00
-2.788114400000002036e+01 2.847435013639146306e-01 0.000000000000000000e+00 2.750246242430673060e+00
-2.826281400000002719e+01 2.886414064199470109e-01 0.000000000000000000e+00 3.469976560716691250e+00
-2.763292800000002103e+01 2.822085303119898914e-01 0.000000000000000000e+00 2.703506979293167856e+00
-2.798766000000001242e+01 2.858313239723153654e-01 0.000000000000000000e+00 2.528294122066649052e+00
-2.784738600000001441e+01 2.843987389280889788e-01 0.000000000000000000e+00 3.117292203535988904e+00
-2.718822000000002248e+01 2.776668331346953122e-01 0.000000000000000000e+00 3.282820268542820497e+00
-2.727594600000000824e+01 2.785627579360824835e-01 0.000000000000000000e+00 2.903352267252738539e+00
-2.700741000000000724e+01 2.758202635505486167e-01 0.000000000000000000e+00 3.359976665788985351e+00
-2.853157800000003164e+01 2.913862293153264837e-01 0.000000000000000000e+00 3.146194681075581201e+00
-2.857535800000001558e+01 2.918333440567340564e-01 0.000000000000000000e+00 3.093947010221177685e+00
-2.738506000000002416e+01 2.796771133014084865e-01 0.000000000000000000e+00 2.669407902872694027e+00
-2.698452200000002321e+01 2.755865138428891248e-01 0.000000000000000000e+00 3.258602755646516247e+00
-2.769677200000000994e+01 2.828605539198115193e-01 0.000000000000000000e+00 2.862233282817578051e+00
-2.781806600000001595e+01 2.840993007321531150e-01 0.000000000000000000e+00 3.203612150077666865e+00
-2.799819200000001373e+01 2.859388847867627703e-01 0.000000000000000000e+00 3.135439624925269175e+00
-2.702250800000001263e+01 2.759744558384832347e-01 0.000000000000000000e+00 3.152204666472227856e+00
-2.812483400000001765e+01 2.872322494528514181e-01 0.000000000000000000e+00 2.767226543285284723e+00
-2.817736800000001196e+01 2.877687667170156782e-01 0.000000000000000000e+00 3.430238067212469044e+00
-2.725580800000001247e+01 2.783570933252449420e-01 0.000000000000000000e+00 3.301531041030032032e+00
-2.825988200000002237e+01 2.886114626003533634e-01 0.000000000000000000e+00 3.330831780861950975e+00
-2.874995200000001461e+01 2.936164311093001911e-01 0.000000000000000000e+00 3.049185665174069193e+00
-2.745177800000002932e+01 2.803584883886000023e-01 0.000000000000000000e+00 3.106035785454058118e+00
-2.745111200000001972e+01 2.803516866887876824e-01 0.000000000000000000e+00 2.963716353992947639e+00
-2.739143400000000739e+01 2.797422094494606548e-01 0.000000000000000000e+00 2.784821487277782115e+00
-2.771168199999999970e+01 2.830128262083995705e-01 0.000000000000000000e+00 3.477751798707046760e+00
-2.831963400000001840e+01 2.892216955841038217e-01 0.000000000000000000e+00 3.380355483912926839e+00
-2.811276600000000414e+01 2.871090018352334683e-01 0.000000000000000000e+00 2.988980339909862671e+00
-2.758251000000001696e+01 2.816936232532347706e-01 0.000000000000000000e+00 3.125956321889932443e+00
-2.834426600000000462e+01 2.894732563495298061e-01 0.000000000000000000e+00 3.613289678261949245e+00
-2.773690400000000977e+01 2.832704125036894505e-01 0.000000000000000000e+00 3.167908296292872627e+00
-2.845510799999999918e+01 2.906052593684222973e-01 0.000000000000000000e+00 3.219658594225433657e+00
-2.742618600000001194e+01 2.800971233711921360e-01 0.000000000000000000e+00 2.970481117954674399e+00
-2.808426800000001933e+01 2.868179585300568712e-01 0.000000000000000000e+00 3.292854637853964483e+00
-2.710746000000001388e+01 2.768420504367489210e-01 0.000000000000000000e+00 2.707899766731897806e+00
-2.795578600000001757e+01 2.855058023810035928e-01 0.000000000000000000e+00 2.662655601599897892e+00
-2.696422800000001629e+01 2.753792560411044699e-01 0.000000000000000000e+00 2.849277893778659809e+00
-2.738129400000001823e+01 2.796386520379058327e-01 0.000000000000000000e+00 3.180260869987831196e+00
-2.728764800000001856e+01 2.786822676826324341e-01 0.000000000000000000e+00 2.889589982255529765e+00
-2.711744800000001732e+01 2.769440555084067834e-01 0.000000000000000000e+00 2.564869364995205459e+00
-2.814705800000001545e+01 2.874592178862238612e-01 0.000000000000000000e+00 3.562236326338109382e+00
-2.745697400000000954e+01 2.804115539024498172e-01 0.000000000000000000e+00 2.710638556496169471e+00
-2.726743400000000861e+01 2.784758269018462462e-01 0.000000000000000000e+00 2.514994163104257829e+00
-2.812333400000002470e+01 2.872169303091303694e-01 0.000000000000000000e+00 3.059052949248683539e+00
-2.780291000000000423e+01 2.839445161039945709e-01 0.000000000000000000e+00 2.834886985989623742e+00
-2.811653200000002428e+01 2.871474630987361776e-01 0.000000000000000000e+00 3.026872777619658894e+00
-2.851612000000001501e+01 2.912283604328987363e-01 0.000000000000000000e+00 2.993093721191901313e+00
-2.805588800000002081e+01 2.865281203308528424e-01 0.000000000000000000e+00 3.098369281851863111e+00
-2.806754200000001376e+01 2.866471398648035573e-01 0.000000000000000000e+00 2.994874552445368376e+00
-2.777540400000003018e+01 2.836636038591989761e-01 0.000000000000000000e+00 2.911645301891053084e+00
-2.805661400000001748e+01 2.865355347964138599e-01 0.000000000000000000e+00 3.155948775845643262e+00
-2.823086400000001461e+01 2.883151086586865364e-01 0.000000000000000000e+00 3.152245425555144642e+00
-2.811247600000000091e+01 2.871060401341140045e-01 0.000000000000000000e+00 3.042034465736920712e+00
-2.828973800000002115e+01 2.889163748369789619e-01 0.000000000000000000e+00 3.712825822094012462e+00
-2.796001000000001113e+01 2.855489410897222857e-01 0.000000000000000000e+00 3.164713658724461975e+00
-2.740237800000001300e+01 2.798539779220501900e-01 0.000000000000000000e+00 2.956632368205968753e+00
-2.839837200000000195e+01 2.900258280763138297e-01 0.000000000000000000e+00 3.439778392030333531e+00
-2.756934000000001816e+01 2.815591211713631692e-01 0.000000000000000000e+00 2.977787080461874680e+00
-2.776295200000000918e+01 2.835364345407883069e-01 0.000000000000000000e+00 2.920266061853981299e+00
-2.758015000000002814e+01 2.816695211337802984e-01 0.000000000000000000e+00 2.831793109399844965e+00
-2.796159200000002798e+01 2.855650976799670171e-01 0.000000000000000000e+00 2.944686156509618957e+00
-2.702225200000002658e+01 2.759718413712882734e-01 0.000000000000000000e+00 3.619700490776171176e+00
-2.835699400000002157e+01 2.896032443903850950e-01 0.000000000000000000e+00 3.184003868386944713e+00
-2.820852000000002491e+01 2.880869146938165315e-01 0.000000000000000000e+00 3.104417909555946320e+00
-2.761779800000003959e+01 2.820540112156561530e-01 0.000000000000000000e+00 2.592285457297704987e+00
-2.723384800000001249e+01 2.781328210611674345e-01 0.000000000000000000e+00 2.972064507044953618e+00
-2.712260800000001026e+01 2.769967533628074352e-01 0.000000000000000000e+00 3.158575153824837223e+00
-2.792680000000001428e+01 2.852097752477362191e-01 0.000000000000000000e+00 3.718791901636439690e+00
-2.727120600000001716e+01 2.785143494419237697e-01 0.000000000000000000e+00 2.548992275026634502e+00
-2.759380400000000932e+01 2.818089661926924117e-01 0.000000000000000000e+00 3.205173594123832626e+00
-2.813355200000000522e+01 2.873212843161585539e-01 0.000000000000000000e+00 3.261924671435128431e+00
-2.729468800000000783e+01 2.787541655304969224e-01 0.000000000000000000e+00 2.987431256003976188e+00
-2.747328400000001025e+01 2.805781240585110692e-01 0.000000000000000000e+00 2.718325672535142346e+00
-2.746900400000002307e+01 2.805344134350934993e-01 0.000000000000000000e+00 3.000968563308125781e+00
-2.719764200000002319e+01 2.777630577827890357e-01 0.000000000000000000e+00 3.248833523477109075e+00
-2.819696000000001135e+01 2.879688551595387946e-01 0.000000000000000000e+00 3.168368466417676554e+00
-2.805093000000001169e+01 2.864774854544731575e-01 0.000000000000000000e+00 3.731456960434590631e+00
-2.735352600000000223e+01 2.793550640493399073e-01 0.000000000000000000e+00 2.371599664319849143e+00
-2.792934400000001460e+01 2.852357565154872709e-01 0.000000000000000000e+00 3.017698665275922121e+00
-2.757941400000001764e+01 2.816620045405943684e-01 0.000000000000000000e+00 2.854093914667387377e+00
-2.757782000000001688e+01 2.816457253972000085e-01 0.000000000000000000e+00 3.038719523786692633e+00
-2.768706600000001927e+01 2.827614288471733128e-01 0.000000000000000000e+00 3.792920676926764045e+00
-2.750747600000002180e+01 2.809273188332533921e-01 0.000000000000000000e+00 3.023298392672373325e+00
-2.833539200000001301e+01 2.893826282952756124e-01 0.000000000000000000e+00 3.534713739546869959e+00
-2.779242400000001112e+01 2.838374250766213525e-01 0.000000000000000000e+00 2.841251412692169964e+00
-2.815133400000001274e+01 2.875028876585915549e-01 0.000000000000000000e+00 3.211809939538952108e+00
-2.745852000000001070e+01 2.804273428332451079e-01 0.000000000000000000e+00 2.962548347404152072e+00
-2.872775200000000950e+01 2.933897077822272270e-01 0.000000000000000000e+00 3.407350897261194334e+00
-2.804357800000001077e+01 2.864024012247145534e-01 0.000000000000000000e+00 3.100231261871743804e+00
-2.774827000000001220e+01 2.833864907620458062e-01 0.000000000000000000e+00 3.377402672890587265e+00
-2.748749200000002801e+01 2.807232269878379149e-01 0.000000000000000000e+00 3.396729316211717364e+00
-2.854493000000001501e+01 2.915225901199694492e-01 0.000000000000000000e+00 3.588010101938979179e+00
-2.815411600000000547e+01 2.875312995638129587e-01 0.000000000000000000e+00 2.694309266730884556e+00
-2.760823200000001876e+01 2.819563159297649446e-01 0.000000000000000000e+00 2.483387753273150977e+00
-2.911755600000000754e+01 2.973706834482780503e-01 0.000000000000000000e+00 3.768466574522980839e+00
-2.714843200000002099e+01 2.772604877411107283e-01 0.000000000000000000e+00 2.241655806704796028e+00
-2.907394200000002371e+01 2.969252640254422815e-01 0.000000000000000000e+00 2.878947852744860647e+00
-2.810203200000002965e+01 2.869993780427652075e-01 0.000000000000000000e+00 2.793433147738611844e+00
-2.763413200000002945e+01 2.822208264780168285e-01 0.000000000000000000e+00 2.664543433928013183e+00
-2.745803200000001354e+01 2.804223590051544979e-01 0.000000000000000000e+00 2.856494653174082465e+00
-2.811614600000000763e+01 2.871435209724184645e-01 0.000000000000000000e+00 2.999959783953340509e+00
-2.740228400000001940e+01 2.798530179223770453e-01 0.000000000000000000e+00 3.367417759682671541e+00
-2.712314600000002329e+01 2.770022478290222190e-01 0.000000000000000000e+00 3.203521562641192588e+00
-2.816526200000000557e+01 2.876451310144235163e-01 0.000000000000000000e+00 3.458966004860966503e+00
-2.699241800000002200e+01 2.756671538154372159e-01 0.000000000000000000e+00 3.289636678854466645e+00
-2.774378599999999651e+01 2.833406967350818872e-01 0.000000000000000000e+00 2.949286914295101258e+00
-2.730628600000001427e+01 2.788726131497488714e-01 0.000000000000000000e+00 2.754033800289196421e+00
-2.780554600000001031e+01 2.839714369458938847e-01 0.000000000000000000e+00 3.132071533537501562e+00
-2.773255800000002225e+01 2.832260278379482021e-01 0.000000000000000000e+00 3.369292249308225795e+00
-2.819691400000001380e+01 2.879683853724646636e-01 0.000000000000000000e+00 3.498244345036491953e+00
-2.783326000000001699e+01 2.842544734452858157e-01 0.000000000000000000e+00 2.997720977170773349e+00
-2.769496400000003078e+01 2.828420892452465085e-01 0.000000000000000000e+00 3.044316836652063873e+00
-2.864555400000002550e+01 2.925502391318337558e-01 0.000000000000000000e+00 3.237325728593609231e+00
-2.823162000000001726e+01 2.883228295071220137e-01 0.000000000000000000e+00 3.844126507761778555e+00
-2.758439000000002395e+01 2.817128232466987181e-01 0.000000000000000000e+00 3.017984423168027064e+00
-2.762966200000002814e+01 2.821751754297278092e-01 0.000000000000000000e+00 2.897263741329781261e+00
-2.719765600000001626e+01 2.777632007614637133e-01 0.000000000000000000e+00 2.700058960011687326e+00
-2.809186000000000050e+01 2.868954938228105989e-01 0.000000000000000000e+00 3.335357937631464154e+00
-2.765387800000001306e+01 2.824224876859617317e-01 0.000000000000000000e+00 2.848703793118064986e+00
-2.747821600000003528e+01 2.806284934030663925e-01 0.000000000000000000e+00 3.033068057022343833e+00
-2.692909600000002257e+01 2.750204612696304229e-01 0.000000000000000000e+00 2.529140309399678710e+00
-2.832823800000000247e+01 2.893095661924880990e-01 0.000000000000000000e+00 3.493905497868590171e+00
-2.739883000000002156e+01 2.798177430407685073e-01 0.000000000000000000e+00 3.150347377398694082e+00
-2.700539400000002388e+01 2.757996746213876027e-01 0.000000000000000000e+00 2.930102060959720589e+00
-2.740858200000002398e+01 2.799173379004809559e-01 0.000000000000000000e+00 2.935799781120000507e+00
-2.747005600000001735e+01 2.805451572612231992e-01 0.000000000000000000e+00 2.543572934038203837e+00
-2.842289600000000505e+01 2.902762858633921028e-01 0.000000000000000000e+00 3.432965228278564762e+00
-2.790990000000001814e+01 2.850371795618114046e-01 0.000000000000000000e+00 3.158264546592419730e+00
-2.746799599999999586e+01 2.805241189705126592e-01 0.000000000000000000e+00 2.969570511336954155e+00
-2.694234800000001329e+01 2.751558007980253739e-01 0.000000000000000000e+00 2.462592193935553286e+00
-2.753709400000002461e+01 2.812298004324085832e-01 0.000000000000000000e+00 2.516865351571957454e+00
-2.736802000000002266e+01 2.795030878287362852e-01 0.000000000000000000e+00 2.874689018578419297e+00
-2.811563000000002077e+01 2.871382511869784993e-01 0.000000000000000000e+00 3.190238280626028100e+00
-2.786280600000002039e+01 2.845562197255424031e-01 0.000000000000000000e+00 2.796810043994024664e+00
-2.741228200000000825e+01 2.799551251216595982e-01 0.000000000000000000e+00 2.743463678201722100e+00
-2.701662000000001029e+01 2.759143230929964608e-01 0.000000000000000000e+00 2.673817094293731600e+00
-2.814204000000003347e+01 2.874079702440955342e-01 0.000000000000000000e+00 2.916411033022497712e+00
-2.817203800000001479e+01 2.877143326929932354e-01 0.000000000000000000e+00 2.919501478503796932e+00
-2.690456200000001274e+01 2.747699013549272928e-01 0.000000000000000000e+00 3.350787024776433309e+00
-2.809063200000001359e+01 2.868829525504843492e-01 0.000000000000000000e+00 3.080340587389516660e+00
-2.745753200000001470e+01 2.804172526239141483e-01 0.000000000000000000e+00 2.774645715372386690e+00
-2.751653200000001931e+01 2.810198056102791164e-01 0.000000000000000000e+00 3.057639387570123102e+00
-2.856370800000000898e+01 2.917143653738331621e-01 0.000000000000000000e+00 4.088013473254596519e+00
-2.825798200000001259e+01 2.885920583516398130e-01 0.000000000000000000e+00 3.598499518960028176e+00
-2.792639000000000493e+01 2.852055880151190270e-01 0.000000000000000000e+00 3.012893698470429982e+00
-2.789966600000001407e+01 2.849326621505832158e-01 0.000000000000000000e+00 2.768931586250800603e+00
-2.761420000000000741e+01 2.820172656962500191e-01 0.000000000000000000e+00 3.080190269145952620e+00
-2.783759400000004192e+01 2.842987355578776576e-01 0.000000000000000000e+00 2.990777167125290958e+00
-2.879925000000002555e+01 2.941198998740768844e-01 0.000000000000000000e+00 3.325165310009246866e+00
-2.686796600000002400e+01 2.743961550991814713e-01 0.000000000000000000e+00 2.799739259729142393e+00
-2.752796200000001292e+01 2.811365374854341570e-01 0.000000000000000000e+00 2.974702171758145219e+00
-2.794942400000001825e+01 2.854408287861009974e-01 0.000000000000000000e+00 2.634220707684137519e+00
-2.771340200000000564e+01 2.830303921598665284e-01 0.000000000000000000e+00 3.018272325336955220e+00
-2.772388799999999875e+01 2.831374831872397468e-01 0.000000000000000000e+00 2.802578865334605318e+00
-2.833878000000000696e+01 2.894172291345603609e-01 0.000000000000000000e+00 2.775136394209237078e+00
-2.806524600000002323e+01 2.866236913621478255e-01 0.000000000000000000e+00 3.244155946861925433e+00
-2.782133000000001388e+01 2.841326351888902590e-01 0.000000000000000000e+00 2.902448953343998550e+00
-2.846497000000002586e+01 2.907059776320078393e-01 0.000000000000000000e+00 3.491859189007853637e+00
-2.783059600000000344e+01 2.842272666460369246e-01 0.000000000000000000e+00 3.665694512720596876e+00
-2.714596800000002119e+01 2.772353234943581435e-01 0.000000000000000000e+00 2.533123601401194414e+00
-2.772532800000002240e+01 2.831521895652122645e-01 0.000000000000000000e+00 2.950738437147658377e+00
-2.760047400000002327e+01 2.818770853184392466e-01 0.000000000000000000e+00 2.223132423552520720e+00
-2.765233600000002312e+01 2.824067396062165392e-01 0.000000000000000000e+00 2.838493363965603589e+00
-2.816304600000001201e+01 2.876224995327661960e-01 0.000000000000000000e+00 3.316512736108775616e+00
-2.736461600000001582e+01 2.794683235852516989e-01 0.000000000000000000e+00 2.857606588579846729e+00
-2.762821400000001404e+01 2.821603873496554837e-01 0.000000000000000000e+00 3.287642170341240178e+00
-2.750143600000001953e+01 2.808656337478695475e-01 0.000000000000000000e+00 3.255639807699675981e+00
-2.741258400000002027e+01 2.799582093759289125e-01 0.000000000000000000e+00 2.739512878498399306e+00
-2.812195800000001711e+01 2.872028775479567586e-01 0.000000000000000000e+00 2.785392710145794037e+00
-2.859701800000002336e+01 2.920545524920674652e-01 0.000000000000000000e+00 3.273389036012503972e+00
-2.652332200000002516e+01 2.708763877867618186e-01 0.000000000000000000e+00 3.140574676858560732e+00
-2.723882600000001730e+01 2.781836601927966668e-01 0.000000000000000000e+00 3.262216487828265343e+00
-2.647670200000000307e+01 2.704002687999085275e-01 0.000000000000000000e+00 3.035069422399401695e+00
-2.765317999999999543e+01 2.824153591777500139e-01 0.000000000000000000e+00 3.086421866462485841e+00
-2.781266000000001881e+01 2.840440905381821368e-01 0.000000000000000000e+00 3.177760441797736313e+00
-2.751869400000001420e+01 2.810418856027624979e-01 0.000000000000000000e+00 2.613623672408432075e+00
-2.823727600000002624e+01 2.883805928917133055e-01 0.000000000000000000e+00 3.355555799123945526e+00
-2.789728000000001984e+01 2.849082944993041600e-01 0.000000000000000000e+00 2.709159402747455481e+00
-2.804800600000001154e+01 2.864476233369793734e-01 0.000000000000000000e+00 2.900407038721749320e+00
-2.893664800000002302e+01 2.955231130134085560e-01 0.000000000000000000e+00 4.138999845775460429e+00
-2.764936400000001626e+01 2.823763872761236304e-01 0.000000000000000000e+00 2.884843919434636028e+00
-2.773108400000001339e+01 2.832109742260514595e-01 0.000000000000000000e+00 3.010874610431562459e+00
-2.774826000000001613e+01 2.833863886344210603e-01 0.000000000000000000e+00 3.229036201079013235e+00
-2.777839400000002001e+01 2.836941400190163276e-01 0.000000000000000000e+00 3.018821389044660908e+00
-2.896974800000000982e+01 2.958611554515216402e-01 0.000000000000000000e+00 2.819032187262898503e+00
-2.894972800000001811e+01 2.956566959466568889e-01 0.000000000000000000e+00 2.873403875393654605e+00
-2.788307000000001423e+01 2.847631711444524871e-01 0.000000000000000000e+00 3.024228578338681750e+00
-2.705178800000001260e+01 2.762734855239199483e-01 0.000000000000000000e+00 2.611915008644002167e+00
-2.679416400000000564e+01 2.736424328025761077e-01 0.000000000000000000e+00 2.333660371173114534e+00
-2.672223000000001036e+01 2.729077879462850631e-01 0.000000000000000000e+00 2.641816194429793097e+00
-2.811574400000001361e+01 2.871394154419012468e-01 0.000000000000000000e+00 3.463005234096214302e+00
-2.840864199999999684e+01 2.901307131469912370e-01 0.000000000000000000e+00 3.327107945505594966e+00
-2.779744400000003424e+01 2.838886931442750061e-01 0.000000000000000000e+00 3.010609142977848318e+00
-2.785397400000002222e+01 2.844660206073123532e-01 0.000000000000000000e+00 2.736108922850296388e+00
-2.799075600000000819e+01 2.858629426849557675e-01 0.000000000000000000e+00 3.090779849298931126e+00
-2.822410000000001062e+01 2.882460295332666123e-01 0.000000000000000000e+00 3.301166469200505826e+00
-2.759529200000001126e+01 2.818241627832638319e-01 0.000000000000000000e+00 2.691806132410135000e+00
-2.838929800000003922e+01 2.899331574695637737e-01 0.000000000000000000e+00 2.693799053268431720e+00
-2.682688600000000889e+01 2.739766148164716197e-01 0.000000000000000000e+00 2.545030559361684652e+00
-2.910296400000000716e+01 2.972216588181587626e-01 0.000000000000000000e+00 2.404050316937579534e+00
-2.767304000000002517e+01 2.826181846406182196e-01 0.000000000000000000e+00 3.273924604933333260e+00
-2.796415000000002493e+01 2.855912219263927465e-01 0.000000000000000000e+00 3.189716718541860452e+00
-2.650218400000001395e+01 2.706605104134434114e-01 0.000000000000000000e+00 2.558001196828050272e+00
-2.892194999999999894e+01 2.953730058304660511e-01 0.000000000000000000e+00 2.802391451668349465e+00
-2.668488400000001803e+01 2.725263821186785784e-01 0.000000000000000000e+00 2.841848003623876018e+00
-2.662592600000000687e+01 2.719242580683377541e-01 0.000000000000000000e+00 2.363226450317190253e+00
-2.701171400000001199e+01 2.758642192802658877e-01 0.000000000000000000e+00 2.786679540097131369e+00
-2.656409600000000992e+01 2.712928029641522576e-01 0.000000000000000000e+00 2.789242757956381435e+00
-2.736049400000002052e+01 2.794262265783060140e-01 0.000000000000000000e+00 3.266523268028210136e+00
-2.807583800000000451e+01 2.867318649423438726e-01 0.000000000000000000e+00 3.287176807995922712e+00
-2.775108400000002362e+01 2.834152294756667745e-01 0.000000000000000000e+00 3.071126342082712846e+00
-2.857286200000002552e+01 2.918078530015821848e-01 0.000000000000000000e+00 3.527833245640511262e+00
-2.668176000000001835e+01 2.724944774486887100e-01 0.000000000000000000e+00 2.848794719090013583e+00
-2.773966400000001542e+01 2.832985997281364243e-01 0.000000000000000000e+00 2.564217372146948559e+00
-2.739055600000000723e+01 2.797332426440025666e-01 0.000000000000000000e+00 3.266573624658898112e+00
-2.688329000000000590e+01 2.745526554714364798e-01 0.000000000000000000e+00 2.922328866838842742e+00
-2.818146600000001456e+01 2.878106186176618841e-01 0.000000000000000000e+00 3.374092315868675307e+00
-2.667831600000000947e+01 2.724593046947048625e-01 0.000000000000000000e+00 2.879571634905005784e+00
-2.810633600000001309e+01 2.870433337724822564e-01 0.000000000000000000e+00 2.774299344780315035e+00
-2.647096000000001936e+01 2.703416271177441210e-01 0.000000000000000000e+00 3.642372552403865704e+00
-2.828358200000001688e+01 2.888535050711473762e-01 0.000000000000000000e+00 3.129610511939210138e+00
-2.927057000000000642e+01 2.989333790865092988e-01 0.000000000000000000e+00 2.699925957290029377e+00
-2.821325800000000683e+01 2.881353027624501961e-01 0.000000000000000000e+00 3.034663809352518893e+00
-2.790255600000000413e+01 2.849621770341524973e-01 0.000000000000000000e+00 3.171301150431998117e+00
-2.844289600000001528e+01 2.904805411130074178e-01 0.000000000000000000e+00 3.421223557602594223e+00
-2.873734400000003575e+01 2.934876685999429635e-01 0.000000000000000000e+00 2.887562028065064901e+00
-2.806525400000001369e+01 2.866237730642475778e-01 0.000000000000000000e+00 3.511325081930458225e+00
-2.822407600000002859e+01 2.882457844269672997e-01 0.000000000000000000e+00 2.677839680520418764e+00
-2.840384200000001513e+01 2.900816918870837702e-01 0.000000000000000000e+00 2.424893458252288969e+00
-2.896538600000002006e+01 2.958166073815806651e-01 0.000000000000000000e+00 2.534287040777848166e+00
-2.787007200000000395e+01 2.846304256577274483e-01 0.000000000000000000e+00 3.131089267076236027e+00
-2.902032600000001139e+01 2.963776965522736395e-01 0.000000000000000000e+00 2.624644382207720561e+00
-2.839509800000002215e+01 2.899923914919520507e-01 0.000000000000000000e+00 3.871563066328845615e+00
-2.806478800000002138e+01 2.866190139169316198e-01 0.000000000000000000e+00 3.271771219104045780e+00
-2.731003400000003012e+01 2.789108905835269159e-01 0.000000000000000000e+00 2.656812065076368246e+00
-2.756374000000001701e+01 2.815019297014709210e-01 0.000000000000000000e+00 2.611265516019294797e+00
-2.886130400000001828e+01 2.947536426370579998e-01 0.000000000000000000e+00 2.382193032061851845e+00
-2.877103199999998751e+01 2.938317161423943391e-01 0.000000000000000000e+00 3.085002898051451670e+00
-2.973887000000000924e+01 3.037160157562500129e-01 0.000000000000000000e+00 3.228039835080831921e+00
-2.952794600000002134e+01 3.015618990427579860e-01 0.000000000000000000e+00 2.857671098527186260e+00
-3.003004400000001439e+01 3.066897066588233911e-01 0.000000000000000000e+00 2.882842774465313340e+00
-2.960597400000002111e+01 3.023587804736068696e-01 0.000000000000000000e+00 2.741125500412948668e+00
-2.967915200000000553e+01 3.031061300064238906e-01 0.000000000000000000e+00 2.720413928786454161e+00
-2.956053400000002540e+01 3.018947125464810921e-01 0.000000000000000000e+00 3.083997408723642142e+00
-3.025590000000003243e+01 3.089963203416785098e-01 0.000000000000000000e+00 2.533371895878748337e+00
-3.048446000000004474e+01 3.113305493342815033e-01 0.000000000000000000e+00 3.059788743747456685e+00
-3.045402400000001819e+01 3.110197136954167552e-01 0.000000000000000000e+00 2.941566201911196554e+00
-3.066127600000002928e+01 3.131363291450797171e-01 0.000000000000000000e+00 2.846312467110433175e+00
-2.964078400000000713e+01 3.027142867355619993e-01 0.000000000000000000e+00 3.124471268425453196e+00
-3.067299200000001846e+01 3.132559818703042342e-01 0.000000000000000000e+00 3.377876822774084520e+00
-3.055806000000001887e+01 3.120822086528652894e-01 0.000000000000000000e+00 2.875099189224397556e+00
-2.997971000000001851e+01 3.061756574721167801e-01 0.000000000000000000e+00 2.944275791508778717e+00
-2.917070000000002494e+01 2.979134304975558090e-01 0.000000000000000000e+00 2.639937296929071309e+00
-3.077644800000001624e+01 3.143125534255138964e-01 0.000000000000000000e+00 2.729055026390392769e+00
-3.024335200000001578e+01 3.088681705980697023e-01 0.000000000000000000e+00 2.543169086816166491e+00
-2.902179000000000642e+01 2.963926480365454141e-01 0.000000000000000000e+00 3.114002277413645547e+00
-3.094959599999998900e+01 3.160808728235325327e-01 0.000000000000000000e+00 3.351386289793848672e+00
-3.061470000000002756e+01 3.126606595197757299e-01 0.000000000000000000e+00 3.158719192548419485e+00
-3.133116400000000468e+01 3.199777361777919604e-01 0.000000000000000000e+00 2.972529307091722028e+00
-3.070693799999999385e+01 3.136026643054758978e-01 0.000000000000000000e+00 3.172196371275799898e+00
-3.049500800000003409e+01 3.114382735529284685e-01 0.000000000000000000e+00 2.651373883067821957e+00
-2.965923400000001564e+01 3.029027122033321473e-01 0.000000000000000000e+00 2.885942646980463877e+00
-3.034024800000003452e+01 3.098577464314057894e-01 0.000000000000000000e+00 2.738714129832731103e+00
-3.078416800000000464e+01 3.143913959518652157e-01 0.000000000000000000e+00 3.201888606598715992e+00
-3.099026800000001813e+01 3.164962462991503522e-01 0.000000000000000000e+00 2.935838218056645132e+00
-3.146391000000000560e+01 3.213334395460631931e-01 0.000000000000000000e+00 2.922386095714295084e+00
-3.165280400000002103e+01 3.232625691021043246e-01 0.000000000000000000e+00 3.231905523106587630e+00
-3.272318800000002170e+01 3.341941466573119524e-01 0.000000000000000000e+00 2.799680632626341037e+00
-3.187130000000002283e+01 3.254940168531008649e-01 0.000000000000000000e+00 3.119915277922485686e+00
-3.371890600000001825e+01 3.443631780891310279e-01 0.000000000000000000e+00 2.870292498867414110e+00
-3.413586800000001631e+01 3.486215119586343891e-01 0.000000000000000000e+00 3.567579597885446319e+00
-3.371003400000000028e+01 3.442725704604015502e-01 0.000000000000000000e+00 3.368356973099237983e+00
-3.372568400000000821e+01 3.444324001932255186e-01 0.000000000000000000e+00 2.975262081681361526e+00
-3.391278000000003345e+01 3.463431672023263852e-01 0.000000000000000000e+00 3.000191651117365410e+00
-3.410978600000002103e+01 3.483551426876111967e-01 0.000000000000000000e+00 3.130772960646484471e+00
-3.343640000000002033e+01 3.414780114117410004e-01 0.000000000000000000e+00 2.256313628085161671e+00
-3.416654600000001096e+01 3.489348190860191434e-01 0.000000000000000000e+00 3.038051023019311181e+00
-3.448147600000002910e+01 3.521511243740855779e-01 0.000000000000000000e+00 3.162612001326329914e+00
-3.341824600000001055e+01 3.412926089216651304e-01 0.000000000000000000e+00 2.661872004732721120e+00
-3.476408000000002829e+01 3.550372919021987927e-01 0.000000000000000000e+00 3.814047456390121660e+00
-3.318005000000002980e+01 3.388599697497978180e-01 0.000000000000000000e+00 3.225164680518600946e+00
-3.372053600000001694e+01 3.443798248919746618e-01 0.000000000000000000e+00 3.890443249486976729e+00
-3.409244400000001463e+01 3.481780329606697366e-01 0.000000000000000000e+00 2.967300943033801985e+00
-3.427248200000003209e+01 3.500167182921813391e-01 0.000000000000000000e+00 2.597622321844623716e+00
-3.386109200000000641e+01 3.458152899352204823e-01 0.000000000000000000e+00 3.036764464635466343e+00
-3.478238200000002678e+01 3.552242058811216352e-01 0.000000000000000000e+00 3.568504470168436971e+00
-3.436732999999999549e+01 3.509853783879562372e-01 0.000000000000000000e+00 3.176908548694418410e+00
-3.434306200000001041e+01 3.507375350680732584e-01 0.000000000000000000e+00 3.817344023598214786e+00
-3.423011000000002468e+01 3.495839831203463866e-01 0.000000000000000000e+00 3.124767483341679863e+00
-3.467030200000001372e+01 3.540795594622777598e-01 0.000000000000000000e+00 2.564004692867480895e+00
-3.382349000000002093e+01 3.454312696404190364e-01 0.000000000000000000e+00 2.502183040301351635e+00
-3.344698600000001676e+01 3.415861237153622887e-01 0.000000000000000000e+00 2.869856896901116894e+00
-3.432020000000002824e+01 3.505040508922382392e-01 0.000000000000000000e+00 2.965968497009455085e+00
-3.375309000000002158e+01 3.447122911617734320e-01 0.000000000000000000e+00 2.845454898197609328e+00
-3.429192000000002594e+01 3.502152339692822802e-01 0.000000000000000000e+00 2.951618072731078790e+00
-3.370632800000002760e+01 3.442347219626480936e-01 0.000000000000000000e+00 2.943203822679350878e+00
-3.380676800000001236e+01 3.452604918262156541e-01 0.000000000000000000e+00 2.406429670731679682e+00
-3.423762200000003020e+01 3.496607013921019247e-01 0.000000000000000000e+00 3.215444637823056784e+00
-3.371183000000003460e+01 3.442909125818173210e-01 0.000000000000000000e+00 3.224745332095030115e+00
-3.462371000000001686e+01 3.536037264327741569e-01 0.000000000000000000e+00 2.575515990255274446e+00
-3.444534000000001583e+01 3.517820759890806781e-01 0.000000000000000000e+00 3.076431078540538433e+00
-3.453369400000001832e+01 3.526844144053059016e-01 0.000000000000000000e+00 2.887420355867635458e+00
-3.374285400000001545e+01 3.446077533250203051e-01 0.000000000000000000e+00 3.096210756125537422e+00
-3.363777400000002871e+01 3.435345962435419898e-01 0.000000000000000000e+00 2.710202143067352409e+00
-3.404468000000002093e+01 3.476902305735387055e-01 0.000000000000000000e+00 2.946454889894263740e+00
-3.369781200000001320e+01 3.441477500773618137e-01 0.000000000000000000e+00 2.996106556252664532e+00
-3.372051600000003191e+01 3.443796206367251700e-01 0.000000000000000000e+00 2.877211082818733168e+00
-3.401300600000002561e+01 3.473667515347231283e-01 0.000000000000000000e+00 3.075790188882239207e+00
-3.362216800000000916e+01 3.433752158722669923e-01 0.000000000000000000e+00 2.796490372920017897e+00
-3.361856000000003775e+01 3.433383682252367231e-01 0.000000000000000000e+00 2.618451015544892790e+00
-3.358485400000003551e+01 3.429941368530601276e-01 0.000000000000000000e+00 2.894654372886111382e+00
-3.359840000000002647e+01 3.431324789336244185e-01 0.000000000000000000e+00 2.690617097254903722e+00
-3.481156200000000922e+01 3.555222142903101124e-01 0.000000000000000000e+00 3.410020975520664521e+00
-3.442345800000001077e+01 3.515586003204765886e-01 0.000000000000000000e+00 3.296975605255902497e+00
-3.438442800000002819e+01 3.511599962008526421e-01 0.000000000000000000e+00 2.907106992853023097e+00
-3.391568000000002314e+01 3.463727842135204682e-01 0.000000000000000000e+00 2.631886677045210288e+00
-3.455871200000000698e+01 3.529399172970494880e-01 0.000000000000000000e+00 3.111660050739748939e+00
-3.444983000000001283e+01 3.518279312926192448e-01 0.000000000000000000e+00 3.343702913120739861e+00
-3.443037000000001058e+01 3.516291909347435962e-01 0.000000000000000000e+00 2.871958613749666878e+00
-3.401304200000000577e+01 3.473671191941722358e-01 0.000000000000000000e+00 3.095291907553414212e+00
-3.472034800000001553e+01 3.545906673733899561e-01 0.000000000000000000e+00 3.004676365922851478e+00
-3.480160400000000465e+01 3.554205156015266542e-01 0.000000000000000000e+00 2.986905797986345146e+00
-3.428768399999999872e+01 3.501719727074135147e-01 0.000000000000000000e+00 3.411370490281528500e+00
-3.473181800000003250e+01 3.547078077590444800e-01 0.000000000000000000e+00 3.463980002169513295e+00
-3.431816000000000599e+01 3.504832168567773021e-01 0.000000000000000000e+00 3.102102412587601332e+00
-3.424916600000000244e+01 3.497785975221795463e-01 0.000000000000000000e+00 3.175941068462617700e+00
-3.467314800000001895e+01 3.541086249842980704e-01 0.000000000000000000e+00 3.084502201524271570e+00
-3.367749000000001303e+01 3.439402063182277480e-01 0.000000000000000000e+00 2.522457445416947053e+00
-3.453916600000001580e+01 3.527402986416006136e-01 0.000000000000000000e+00 3.178799200518359402e+00
-3.481723200000003260e+01 3.555801206535762482e-01 0.000000000000000000e+00 3.335487132926036047e+00
-3.483130599999999077e+01 3.557238550727300774e-01 0.000000000000000000e+00 3.425997141342778995e+00
-3.439373600000003961e+01 3.512550565940236735e-01 0.000000000000000000e+00 3.432130262930183306e+00
-3.384963200000002814e+01 3.456982516771912040e-01 0.000000000000000000e+00 2.812163031355979559e+00
-3.493019000000000318e+01 3.567337338778778233e-01 0.000000000000000000e+00 3.331028994336601379e+00
-3.453625600000001583e+01 3.527105795027815627e-01 0.000000000000000000e+00 2.574134105832895258e+00
-3.524849200000001304e+01 3.599844766010293351e-01 0.000000000000000000e+00 3.147128261331063825e+00
-3.453818200000002037e+01 3.527302492833195857e-01 0.000000000000000000e+00 2.833841492697382947e+00
-3.483697600000003547e+01 3.557817614359964353e-01 0.000000000000000000e+00 2.715288857938404465e+00
-3.510888800000001453e+01 3.585587341076650891e-01 0.000000000000000000e+00 2.683309659947520132e+00
-3.476840400000000386e+01 3.550814518871653336e-01 0.000000000000000000e+00 3.011567336421688168e+00
-3.424978800000002366e+01 3.497849498604428398e-01 0.000000000000000000e+00 2.797496472886809915e+00
-3.485341200000003425e+01 3.559496184001302299e-01 0.000000000000000000e+00 3.148879191246730436e+00
-3.512475000000002723e+01 3.587207289461351034e-01 0.000000000000000000e+00 2.950939789681116920e+00
-3.422657800000002482e+01 3.495479116432643751e-01 0.000000000000000000e+00 2.684641620744627755e+00
-3.438072000000001083e+01 3.511221272775738034e-01 0.000000000000000000e+00 3.014121327043988607e+00
-3.459663000000003308e+01 3.533271648247952590e-01 0.000000000000000000e+00 2.968906108707924485e+00
-3.447312400000003407e+01 3.520658273818463302e-01 0.000000000000000000e+00 3.023100953854495287e+00
-3.497941000000000855e+01 3.572364060471809877e-01 0.000000000000000000e+00 3.233205183386725245e+00
-3.478665800000001695e+01 3.552678756534892734e-01 0.000000000000000000e+00 3.291735158080833834e+00
-3.460057000000001182e+01 3.533674031089692469e-01 0.000000000000000000e+00 2.508283651154004090e+00
-3.443476600000003174e+01 3.516740862386092403e-01 0.000000000000000000e+00 3.074596653130030166e+00
-3.392525400000000957e+01 3.464705612015111513e-01 0.000000000000000000e+00 2.317584542448879237e+00
-3.492389600000001337e+01 3.566694547508240110e-01 0.000000000000000000e+00 3.244101199081623310e+00
-3.425246400000002467e+01 3.498122792128413594e-01 0.000000000000000000e+00 2.800133361958232481e+00
-3.449354200000001214e+01 3.522743515661783120e-01 0.000000000000000000e+00 2.778890442814843098e+00
-3.444997800000002286e+01 3.518294427814664949e-01 0.000000000000000000e+00 3.035997475397866907e+00
-3.476695800000002379e+01 3.550666842326183348e-01 0.000000000000000000e+00 2.918646195547490052e+00
-3.442976200000003928e+01 3.516229815751555909e-01 0.000000000000000000e+00 2.329575303332122260e+00
-3.386426200000003206e+01 3.458476643922847593e-01 0.000000000000000000e+00 2.846440208534799954e+00
-3.424593800000002375e+01 3.497456307248918983e-01 0.000000000000000000e+00 3.441366638526566213e+00
-3.466186800000001966e+01 3.539934250235150515e-01 0.000000000000000000e+00 3.051320901679511088e+00
-3.570929800000001819e+01 3.646905788287392869e-01 0.000000000000000000e+00 2.572717082985781722e+00
-3.429795400000000427e+01 3.502768577780909776e-01 0.000000000000000000e+00 2.754974240485999815e+00
-3.467195600000002997e+01 3.540964513714210948e-01 0.000000000000000000e+00 2.906387417372747084e+00
-3.486817200000002970e+01 3.561003587743462040e-01 0.000000000000000000e+00 3.562607943233142116e+00
-3.421416200000003016e+01 3.494211099843032575e-01 0.000000000000000000e+00 2.674481857522720496e+00
-3.588985400000000681e+01 3.665345543712155707e-01 0.000000000000000000e+00 3.255614712872318517e+00
-3.438678000000003721e+01 3.511840166182074729e-01 0.000000000000000000e+00 3.328096278958918575e+00
-3.415395800000003135e+01 3.488062608319115188e-01 0.000000000000000000e+00 2.584671363873612737e+00
-3.483772400000000147e+01 3.557894005823317163e-01 0.000000000000000000e+00 3.073622169859942854e+00
-3.482109600000000427e+01 3.556195827678016452e-01 0.000000000000000000e+00 2.671212139937503061e+00
-3.466834400000002603e+01 3.540595628733405609e-01 0.000000000000000000e+00 3.230954980141476529e+00
-3.437963800000002124e+01 3.511110770685696991e-01 0.000000000000000000e+00 2.668979669105212782e+00
-3.484674200000002742e+01 3.558814992743835059e-01 0.000000000000000000e+00 3.032515462606160561e+00
-3.499074000000002371e+01 3.573521166460881804e-01 0.000000000000000000e+00 2.941879904984826766e+00
-3.353334599999999455e+01 3.424680978832006506e-01 0.000000000000000000e+00 2.585667792274181753e+00
-3.435309000000002300e+01 3.508399486502304376e-01 0.000000000000000000e+00 2.951369061173564123e+00
-3.536644400000000843e+01 3.611890923611600912e-01 0.000000000000000000e+00 3.038620881498510951e+00
-3.407333000000000567e+01 3.479828262186123733e-01 0.000000000000000000e+00 3.062442086378817319e+00
-3.431993000000002780e+01 3.505012934463684338e-01 0.000000000000000000e+00 2.892300622202318650e+00
-3.453728000000000975e+01 3.527210373715618519e-01 0.000000000000000000e+00 2.811616286520310926e+00
-3.449518000000001905e+01 3.522910800711218648e-01 0.000000000000000000e+00 3.031733373314462465e+00
-3.479937600000000941e+01 3.553977615667195389e-01 0.000000000000000000e+00 2.773897366271884657e+00
-3.404309000000000651e+01 3.476739922811941663e-01 0.000000000000000000e+00 2.843901714248055601e+00
-3.448494600000002208e+01 3.521865626598937871e-01 0.000000000000000000e+00 2.514885863041353087e+00
-3.536504400000002590e+01 3.611747944936872234e-01 0.000000000000000000e+00 2.879386680496772488e+00
-3.379437000000002911e+01 3.451338739969793679e-01 0.000000000000000000e+00 2.921588560607867091e+00
-3.544527800000000894e+01 3.619942052785684594e-01 0.000000000000000000e+00 2.937010274933791631e+00
-3.569438400000001366e+01 3.645382656891011375e-01 0.000000000000000000e+00 3.349576258583261801e+00
-3.433785400000000010e+01 3.506843470010733155e-01 0.000000000000000000e+00 3.187943363989397927e+00
-3.503926400000003838e+01 3.578476807327047871e-01 0.000000000000000000e+00 2.614396276467682245e+00
-3.377941600000001188e+01 3.449811523468418462e-01 0.000000000000000000e+00 2.815141216642675914e+00
-3.436644200000001348e+01 3.509763094548735141e-01 0.000000000000000000e+00 3.046723942873191593e+00
-3.524819000000000813e+01 3.599813923467601318e-01 0.000000000000000000e+00 3.128181457623291806e+00
-3.509092800000004786e+01 3.583753128935109888e-01 0.000000000000000000e+00 2.931867686187269673e+00
-3.465695200000001819e+01 3.539432190831596214e-01 0.000000000000000000e+00 3.417460913285526480e+00
-3.487551399999999546e+01 3.561753408764796180e-01 0.000000000000000000e+00 3.188640111427763824e+00
-3.423912800000002221e+01 3.496760818123978987e-01 0.000000000000000000e+00 3.022237846768583314e+00
-3.476934000000002811e+01 3.550910110328475700e-01 0.000000000000000000e+00 2.529028367742933270e+00
-3.564761800000002978e+01 3.640606556389260340e-01 0.000000000000000000e+00 3.126667992646225969e+00
-3.498899400000003368e+01 3.573342851627968608e-01 0.000000000000000000e+00 2.958979374062153056e+00
-3.413016400000001482e+01 3.485632583614440838e-01 0.000000000000000000e+00 3.090526434824247382e+00
-3.511794799999999128e+01 3.586512617357405786e-01 0.000000000000000000e+00 3.013974010346881727e+00
-3.489063400000003412e+01 3.563297578451891656e-01 0.000000000000000000e+00 2.706878789128605245e+00
-3.418441800000002218e+01 3.491173415770754129e-01 0.000000000000000000e+00 2.958242832260769895e+00
-3.454716800000002763e+01 3.528220211669717554e-01 0.000000000000000000e+00 2.975914573176529743e+00
-3.410609000000003022e+01 3.483173963174823751e-01 0.000000000000000000e+00 2.497589664460557746e+00
-3.418796600000001717e+01 3.491535764583570955e-01 0.000000000000000000e+00 2.584454864123361784e+00
-3.417855000000001553e+01 3.490574130868382419e-01 0.000000000000000000e+00 3.011330276915281878e+00
-3.522119200000000205e+01 3.597056681853044724e-01 0.000000000000000000e+00 2.668705622986090376e+00
-3.476658200000001386e+01 3.550628442339254787e-01 0.000000000000000000e+00 2.434929432216618839e+00
-3.470589200000001995e+01 3.544430316789681235e-01 0.000000000000000000e+00 3.099741639532969995e+00
-3.470759000000001748e+01 3.544603729496604294e-01 0.000000000000000000e+00 3.098282863934391784e+00
-3.429114000000002704e+01 3.502072680145473238e-01 0.000000000000000000e+00 2.736606572993921738e+00
-3.512340000000005347e+01 3.587069417167862984e-01 0.000000000000000000e+00 3.629434943415413617e+00
-3.435698000000000718e+01 3.508796762962804738e-01 0.000000000000000000e+00 3.174475206831496976e+00
-3.509562800000001914e+01 3.584233128771702748e-01 0.000000000000000000e+00 3.169191107263743756e+00
-3.507339000000001050e+01 3.581962014651229875e-01 0.000000000000000000e+00 2.786933847040108159e+00
-3.531879400000003244e+01 3.607024542289520852e-01 0.000000000000000000e+00 3.147585128856402736e+00
-3.444154200000001254e+01 3.517432879171786819e-01 0.000000000000000000e+00 2.654171116753036408e+00
-3.483768800000002130e+01 3.557890329228826087e-01 0.000000000000000000e+00 3.350411690405834086e+00
-3.556792600000001414e+01 3.632467801713090139e-01 0.000000000000000000e+00 3.234724664679649475e+00
-3.485816200000002141e+01 3.559981290219137451e-01 0.000000000000000000e+00 2.846413928414970762e+00
-3.523789200000002353e+01 3.598762213187333692e-01 0.000000000000000000e+00 3.020372958697704391e+00
-3.475267200000001111e+01 3.549207847078180711e-01 0.000000000000000000e+00 3.032664805587070855e+00
-3.470775000000001853e+01 3.544620069916573635e-01 0.000000000000000000e+00 3.511667839654058820e+00
-3.472263800000001766e+01 3.546140545994709292e-01 0.000000000000000000e+00 3.084048142360945821e+00
-3.463892600000001210e+01 3.537591238266813432e-01 0.000000000000000000e+00 3.203813345507588561e+00
-3.461070800000002379e+01 3.534709400949993530e-01 0.000000000000000000e+00 3.051302186124223770e+00
-3.477747800000000922e+01 3.551741224939158337e-01 0.000000000000000000e+00 2.996822954079365164e+00
-3.494550400000001389e+01 3.568901321225083079e-01 0.000000000000000000e+00 3.533467062875820908e+00
-3.549022200000003124e+01 3.624532076755040411e-01 0.000000000000000000e+00 2.894395014526726762e+00
-3.411439400000001143e+01 3.484022030971224426e-01 0.000000000000000000e+00 2.601651406156396895e+00
-3.460442000000002594e+01 3.534067222445203549e-01 0.000000000000000000e+00 2.915932389650023548e+00
-3.413372400000002926e+01 3.485996157958757280e-01 0.000000000000000000e+00 2.595014929643902679e+00
-3.524549800000002620e+01 3.599538995901621075e-01 0.000000000000000000e+00 3.129341372017795830e+00
-3.460284600000002087e+01 3.533906473563755424e-01 0.000000000000000000e+00 3.162472889185348190e+00
-3.494466400000003858e+01 3.568815534020247648e-01 0.000000000000000000e+00 3.619894184108901847e+00
-3.528151000000003279e+01 3.603216815926193473e-01 0.000000000000000000e+00 3.164960544203297754e+00
-3.542550000000003507e+01 3.617922172622242694e-01 0.000000000000000000e+00 2.998121719485132619e+00
-3.496081400000002759e+01 3.570464895160889163e-01 0.000000000000000000e+00 2.401240232787964501e+00
-3.366419800000002027e+01 3.438044582793335358e-01 0.000000000000000000e+00 2.998254134078898847e+00
-3.472461400000000964e+01 3.546342350181328484e-01 0.000000000000000000e+00 2.901569787358755370e+00
-3.515433200000001079e+01 3.590228428858407983e-01 0.000000000000000000e+00 2.854595581145418226e+00
-3.356973800000000807e+01 3.428397607354006782e-01 0.000000000000000000e+00 2.517451389870238199e+00
-3.499035600000003399e+01 3.573481949452956830e-01 0.000000000000000000e+00 3.340668657689458865e+00
-3.470663000000002540e+01 3.544505686976789915e-01 0.000000000000000000e+00 2.164765931103094232e+00
-3.522791200000000345e+01 3.597742979491752036e-01 0.000000000000000000e+00 2.779196436559649985e+00
-3.494429000000001651e+01 3.568777338288567358e-01 0.000000000000000000e+00 2.622147883612850894e+00
-3.399468000000000245e+01 3.471795924495004737e-01 0.000000000000000000e+00 2.673849575712020421e+00
-3.442598200000001896e+01 3.515843773329780930e-01 0.000000000000000000e+00 2.755250304286107177e+00
-3.540425800000001999e+01 3.615752777616077496e-01 0.000000000000000000e+00 3.523207582549363615e+00
-3.424207400000003076e+01 3.497061686106662792e-01 0.000000000000000000e+00 2.573874954722838559e+00
-3.546757199999999699e+01 3.622218886053144571e-01 0.000000000000000000e+00 3.342068248101115024e+00
-3.387258800000001457e+01 3.459326958526994233e-01 0.000000000000000000e+00 2.989201151933946310e+00
-3.439433600000001690e+01 3.512611842515118710e-01 0.000000000000000000e+00 2.545323272259747416e+00
-3.459316000000002589e+01 3.532917265389869388e-01 0.000000000000000000e+00 2.928696391698442092e+00
-3.458713600000002231e+01 3.532302048578028209e-01 0.000000000000000000e+00 2.494274743905500191e+00
-3.448052000000000561e+01 3.521413609731537386e-01 0.000000000000000000e+00 2.499692235520851291e+00
-3.485938600000000065e+01 3.560106294431899521e-01 0.000000000000000000e+00 2.947603958740012242e+00
-3.455755800000001443e+01 3.529281317691467801e-01 0.000000000000000000e+00 3.230747301147947059e+00
-3.434815800000001218e+01 3.507895793056752254e-01 0.000000000000000000e+00 3.190737612235981846e+00
-3.487473400000002499e+01 3.561673749217449392e-01 0.000000000000000000e+00 3.435245152330484775e+00
-3.437369800000003295e+01 3.510504132594340909e-01 0.000000000000000000e+00 2.782018227724235793e+00
-3.492206400000000599e+01 3.566507449699591881e-01 0.000000000000000000e+00 2.977109319882172755e+00
-3.477020200000001893e+01 3.550998144341058760e-01 0.000000000000000000e+00 2.834655327309199890e+00
-3.516997800000000751e+01 3.591826317676147795e-01 0.000000000000000000e+00 3.339005444726790284e+00
-3.467955200000002236e+01 3.541740275152248651e-01 0.000000000000000000e+00 3.024909913425422481e+00
-3.476366200000001783e+01 3.550330229674816818e-01 0.000000000000000000e+00 3.000841626818796293e+00
-3.402313400000000598e+01 3.474701863931280998e-01 0.000000000000000000e+00 2.558628232701217975e+00
-3.508737800000003659e+01 3.583390575867041461e-01 0.000000000000000000e+00 2.971291046658936175e+00
-3.470566600000002921e+01 3.544407235946475665e-01 0.000000000000000000e+00 3.136254303239757402e+00
-3.443667000000002787e+01 3.516935313383725559e-01 0.000000000000000000e+00 2.780366798180456733e+00
-3.434885600000001205e+01 3.507967078138867767e-01 0.000000000000000000e+00 2.467407549763577457e+00
-3.519885800000002973e+01 3.594775763480593800e-01 0.000000000000000000e+00 2.874521444762588640e+00
-3.484510600000001546e+01 3.558647911949648357e-01 0.000000000000000000e+00 3.473698890604926870e+00
-3.408083400000001006e+01 3.480594627882680481e-01 0.000000000000000000e+00 2.938492635507758965e+00
-3.513136200000000997e+01 3.587882557316576793e-01 0.000000000000000000e+00 2.481673458963780110e+00
-3.469690400000000352e+01 3.543512393697908491e-01 0.000000000000000000e+00 3.051096985964492969e+00
-3.393685200000001601e+01 3.465890088207631003e-01 0.000000000000000000e+00 2.520869644415865807e+00
-3.446752600000002076e+01 3.520086563374789090e-01 0.000000000000000000e+00 2.521241251568381969e+00
-3.437998400000002164e+01 3.511146106843880399e-01 0.000000000000000000e+00 2.823489213997389502e+00
-3.457347000000001458e+01 3.530906372457406350e-01 0.000000000000000000e+00 2.913204525600596728e+00
-3.526882599999999002e+01 3.601921429133129182e-01 0.000000000000000000e+00 4.208368842733356985e+00
-3.408126000000002165e+01 3.480638134250849669e-01 0.000000000000000000e+00 2.754711485011918093e+00
-3.500249800000000988e+01 3.574721983073368414e-01 0.000000000000000000e+00 3.043917844959788788e+00
-3.422312400000004118e+01 3.495126367616559482e-01 0.000000000000000000e+00 2.514398172992390990e+00
-3.467126400000002207e+01 3.540893841397843023e-01 0.000000000000000000e+00 2.783919839403832253e+00
-3.503524000000003724e+01 3.578065845764821784e-01 0.000000000000000000e+00 3.081178694898915715e+00
-3.531450200000000450e+01 3.606586210523843317e-01 0.000000000000000000e+00 3.208273181458313417e+00
-3.508602800000002730e+01 3.583252703573550080e-01 0.000000000000000000e+00 3.171798110115032543e+00
-3.525418799999999209e+01 3.600426484961195550e-01 0.000000000000000000e+00 2.758397441689501850e+00
-3.413438200000001643e+01 3.486063357935879625e-01 0.000000000000000000e+00 3.085454929781526801e+00
-3.542741400000002727e+01 3.618117644896123308e-01 0.000000000000000000e+00 3.399843875946676253e+00
-3.490043000000002138e+01 3.564298020664505851e-01 0.000000000000000000e+00 2.906897347862511083e+00
-3.500374800000002296e+01 3.574849642604379096e-01 0.000000000000000000e+00 3.101101431065023117e+00
-3.489547000000001020e+01 3.563791467645458511e-01 0.000000000000000000e+00 3.059780413904425345e+00
-3.377920999999999907e+01 3.449790485177706700e-01 0.000000000000000000e+00 2.780342782932719636e+00
-3.456761200000003242e+01 3.530308108831285430e-01 0.000000000000000000e+00 2.873874996869613785e+00
-3.520471600000001899e+01 3.595374027106715831e-01 0.000000000000000000e+00 3.504781553870008892e+00
-3.552098000000002287e+01 3.627673318238872624e-01 0.000000000000000000e+00 3.447694534384425857e+00
-3.504343400000001907e+01 3.578902679522493746e-01 0.000000000000000000e+00 2.732497921121502138e+00
-3.492145800000001543e+01 3.566445560358959543e-01 0.000000000000000000e+00 3.706908244939440600e+00
-3.410301000000000471e+01 3.482859410090413665e-01 0.000000000000000000e+00 2.916783426978936333e+00
-3.465364400000001410e+01 3.539094352648732289e-01 0.000000000000000000e+00 2.761279461318428385e+00
-3.358761600000001124e+01 3.430223445030317619e-01 0.000000000000000000e+00 2.173868958941753693e+00
-3.495402800000000099e+01 3.569771857098942291e-01 0.000000000000000000e+00 2.878511039278551120e+00
-3.477807000000001381e+01 3.551801684493045008e-01 0.000000000000000000e+00 3.042659616008482892e+00
-3.493638600000003436e+01 3.567970121542089479e-01 0.000000000000000000e+00 3.090652938795433347e+00
-3.381321800000000621e+01 3.453263641442165244e-01 0.000000000000000000e+00 2.829581576105262730e+00
-3.466160800000001529e+01 3.539907697052700475e-01 0.000000000000000000e+00 3.531453241529196596e+00
-3.421168000000000831e+01 3.493957619078257859e-01 0.000000000000000000e+00 3.458615292193385926e+00
-3.470648000000002042e+01 3.544490367833068034e-01 0.000000000000000000e+00 2.621995170695688770e+00
-3.471758200000002148e+01 3.545624188723682235e-01 0.000000000000000000e+00 2.756422804661245340e+00
-3.548312400000001077e+01 3.623807174874154047e-01 0.000000000000000000e+00 2.756269264276616227e+00
-3.412602600000003150e+01 3.485209979502988942e-01 0.000000000000000000e+00 3.034857004689534232e+00
-3.493886800000000648e+01 3.568223602306859199e-01 0.000000000000000000e+00 2.726905292324815822e+00
-3.493979600000000829e+01 3.568318376742680709e-01 0.000000000000000000e+00 2.865258541472093690e+00
-3.413216800000002138e+01 3.485837247374555803e-01 0.000000000000000000e+00 2.889916172035082109e+00
-3.487753600000004184e+01 3.561959910822162234e-01 0.000000000000000000e+00 2.972002728818573747e+00
-3.525603200000003312e+01 3.600614808301345060e-01 0.000000000000000000e+00 3.527387293645212196e+00
-3.490651000000001858e+01 3.564918956623335800e-01 0.000000000000000000e+00 3.105486458014120821e+00
-3.396609000000002254e+01 3.468876095701756701e-01 0.000000000000000000e+00 2.908101182208005397e+00
-3.429464400000000524e+01 3.502430535342797024e-01 0.000000000000000000e+00 3.205799428634034776e+00
-3.460063000000004507e+01 3.533680158747184441e-01 0.000000000000000000e+00 2.995210771069594546e+00
-3.505805400000001271e+01 3.580395785397180730e-01 0.000000000000000000e+00 3.165177714110699370e+00
-3.467810000000001480e+01 3.541591985841027190e-01 0.000000000000000000e+00 3.200723378086631765e+00
-3.458174200000001974e+01 3.531751172169815267e-01 0.000000000000000000e+00 2.931404310660952639e+00
-3.544266800000001894e+01 3.619675499684937847e-01 0.000000000000000000e+00 3.113519369916372348e+00
-3.526917000000003100e+01 3.601956561036067095e-01 0.000000000000000000e+00 3.175601466532351314e+00
-3.434777600000000319e+01 3.507856780304074995e-01 0.000000000000000000e+00 2.645477766826195953e+00
-3.446444400000002872e+01 3.519771806035132400e-01 0.000000000000000000e+00 2.778329035074023068e+00
-3.405826200000000625e+01 3.478289403135522706e-01 0.000000000000000000e+00 2.584131203269898425e+00
-3.460781400000001184e+01 3.534413843603799177e-01 0.000000000000000000e+00 2.886660090167468606e+00
-3.486504000000005021e+01 3.560683724022566943e-01 0.000000000000000000e+00 3.256880410156412609e+00
-3.469141000000002606e+01 3.542951304527218181e-01 0.000000000000000000e+00 3.122786493363148619e+00
-3.399470399999999870e+01 3.471798375557999528e-01 0.000000000000000000e+00 2.993545916319833022e+00
-3.467105600000001431e+01 3.540872598851882436e-01 0.000000000000000000e+00 3.066023225986207468e+00
-3.465269800000000799e+01 3.538997739915663576e-01 0.000000000000000000e+00 3.152865217159102507e+00
-3.511300600000000571e+01 3.586007902635607869e-01 0.000000000000000000e+00 3.626870809478950797e+00
-3.529504000000000730e+01 3.604598602689838005e-01 0.000000000000000000e+00 2.786776677326859186e+00
-3.428069400000001821e+01 3.501005854976732001e-01 0.000000000000000000e+00 2.646834851301577807e+00
-3.484432400000002161e+01 3.558568048147049412e-01 0.000000000000000000e+00 2.502283832019029486e+00
-3.530764400000002468e+01 3.605885819272914850e-01 0.000000000000000000e+00 2.754822026637743448e+00
-3.524849200000002014e+01 3.599844766010294461e-01 0.000000000000000000e+00 3.612282413975849593e+00
-3.410275000000000745e+01 3.482832856907964181e-01 0.000000000000000000e+00 3.183840068235370691e+00
-3.455905200000000832e+01 3.529433896362929590e-01 0.000000000000000000e+00 2.854812574381099921e+00
-3.489100600000001151e+01 3.563335569928317570e-01 0.000000000000000000e+00 3.224143515047089625e+00
-3.516791400000001033e+01 3.591615526258545299e-01 0.000000000000000000e+00 3.283788626209092953e+00
-3.459647000000002492e+01 3.533255307827982694e-01 0.000000000000000000e+00 2.617715862902024071e+00
-3.547839000000001874e+01 3.623323702698315607e-01 0.000000000000000000e+00 3.546741140750893528e+00
-3.534761800000003973e+01 3.609968268946975867e-01 0.000000000000000000e+00 3.012004276908844425e+00
-3.557245800000002589e+01 3.632930644108719465e-01 0.000000000000000000e+00 3.063551141172905723e+00
-3.577367800000001807e+01 3.653480764772507050e-01 0.000000000000000000e+00 2.767607781503437892e+00
-3.486057200000002609e+01 3.560227417794923910e-01 0.000000000000000000e+00 3.072727188831747558e+00
-3.521603800000002593e+01 3.596530316074788569e-01 0.000000000000000000e+00 3.241061949011356358e+00
-3.479204800000002251e+01 3.553229224432606359e-01 0.000000000000000000e+00 2.721331504256063294e+00
-3.435019600000002526e+01 3.508103929156111689e-01 0.000000000000000000e+00 2.714973102529486759e+00
-3.498511600000002630e+01 3.572946800698963976e-01 0.000000000000000000e+00 3.503770357042956363e+00
-3.433158800000001065e+01 3.506203538313689694e-01 0.000000000000000000e+00 3.124725664541196046e+00
-3.408470000000001932e+01 3.480989453280187718e-01 0.000000000000000000e+00 2.564687157482871793e+00
-3.507946800000000565e+01 3.582582746354809888e-01 0.000000000000000000e+00 2.959143572215761520e+00
-3.487482000000002813e+01 3.561682532193183315e-01 0.000000000000000000e+00 2.643422158773537145e+00
-3.483124600000001436e+01 3.557232423069814908e-01 0.000000000000000000e+00 2.747456523214431900e+00
-3.467494000000002075e+01 3.541269262546635765e-01 0.000000000000000000e+00 3.449639704565265586e+00
-3.535571200000001824e+01 3.610794889942166574e-01 0.000000000000000000e+00 2.870867272730023512e+00
-3.456987400000002708e+01 3.530539121518599388e-01 0.000000000000000000e+00 2.957880094366657442e+00
-3.453163200000002320e+01 3.526633556890706456e-01 0.000000000000000000e+00 2.802488876409681584e+00
-3.441931400000004260e+01 3.515162786327566402e-01 0.000000000000000000e+00 3.362272983137352789e+00
-3.472930400000001327e+01 3.546821328741676660e-01 0.000000000000000000e+00 3.635625777986451812e+00
-3.467713600000001861e+01 3.541493534810713495e-01 0.000000000000000000e+00 3.217498447882337853e+00
-3.460176200000002211e+01 3.533795767218464445e-01 0.000000000000000000e+00 3.349635633637989329e+00
-3.534440000000002158e+01 3.609639622250343516e-01 0.000000000000000000e+00 3.063531504982477394e+00
-3.470584800000001025e+01 3.544425823174188750e-01 0.000000000000000000e+00 2.367228252213285700e+00
-3.447115200000001778e+01 3.520456878142341206e-01 0.000000000000000000e+00 2.995503786990554307e+00
-3.486205800000003308e+01 3.560379179445388731e-01 0.000000000000000000e+00 3.023926704698693957e+00
-3.415147600000002370e+01 3.487809127554341582e-01 0.000000000000000000e+00 2.755372577755404784e+00
-3.406691000000001424e+01 3.479172602834859629e-01 0.000000000000000000e+00 3.315948509472779193e+00
-3.429643600000002834e+01 3.502613548046454306e-01 0.000000000000000000e+00 2.373286436016052381e+00
-3.336151000000000977e+01 3.407131776295566072e-01 0.000000000000000000e+00 3.166760414226359899e+00
-3.485036200000001827e+01 3.559184694745637367e-01 0.000000000000000000e+00 3.077351343061500710e+00
-3.476150999999999414e+01 3.550110451026228797e-01 0.000000000000000000e+00 2.935194732600007850e+00
-3.426582800000001328e+01 3.499487625706341198e-01 0.000000000000000000e+00 3.267431801737575192e+00
-3.478155999999999892e+01 3.552158109903622019e-01 0.000000000000000000e+00 3.183858314382189914e+00
-3.495890600000002024e+01 3.570270035652755580e-01 0.000000000000000000e+00 3.101060982003586375e+00
-3.516861000000002946e+01 3.591686607085413097e-01 0.000000000000000000e+00 3.377214768806755529e+00
-3.469560400000002431e+01 3.543379627785661068e-01 0.000000000000000000e+00 2.753988651558522793e+00
-3.439908800000002032e+01 3.513097152988204908e-01 0.000000000000000000e+00 3.281317320564773432e+00
-3.407528400000001767e+01 3.480027819564999181e-01 0.000000000000000000e+00 2.812741673772722439e+00
-3.415582000000003404e+01 3.488252769956506905e-01 0.000000000000000000e+00 2.660609356648748758e+00
-3.455916600000002603e+01 3.529445538912159286e-01 0.000000000000000000e+00 2.825473350035638376e+00
-3.494340800000004066e+01 3.568687261723489379e-01 0.000000000000000000e+00 2.907314344635132830e+00
-3.457371000000001260e+01 3.530930883087359806e-01 0.000000000000000000e+00 2.773172030037411417e+00
-3.470314800000002720e+01 3.544150078587209873e-01 0.000000000000000000e+00 3.106465559769874929e+00
-3.398238400000001036e+01 3.470540163220370844e-01 0.000000000000000000e+00 2.631476218365315756e+00
-3.373611800000001182e+01 3.445389601569498472e-01 0.000000000000000000e+00 3.105065438057984295e+00
-3.445212000000001495e+01 3.518513185187002179e-01 0.000000000000000000e+00 2.902867456829400616e+00
-3.433419000000002086e+01 3.506469274393440583e-01 0.000000000000000000e+00 3.163846086153478510e+00
-3.447323000000003645e+01 3.520669099346693254e-01 0.000000000000000000e+00 2.669240772829107655e+00
-3.448013400000001383e+01 3.521374188468362476e-01 0.000000000000000000e+00 2.813677941561955276e+00
-3.518210400000001670e+01 3.593064717254565998e-01 0.000000000000000000e+00 3.215596816148479586e+00
-3.481905800000001960e+01 3.555987691578659793e-01 0.000000000000000000e+00 3.135523713869563966e+00
-3.501783400000000768e+01 3.576288212327417559e-01 0.000000000000000000e+00 2.843945645541053224e+00
-3.472271200000002267e+01 3.546148103438945820e-01 0.000000000000000000e+00 3.131995138200749373e+00
-3.450852400000002973e+01 3.524273591736652445e-01 0.000000000000000000e+00 2.930465369914250662e+00
-3.556837600000002197e+01 3.632513759144254117e-01 0.000000000000000000e+00 3.595449936332128171e+00
-3.499438000000002802e+01 3.573892911015181806e-01 0.000000000000000000e+00 2.737778376934868252e+00
-3.447420600000000945e+01 3.520768775908502679e-01 0.000000000000000000e+00 2.532400049213505255e+00
-3.541987400000001429e+01 3.617347602605072709e-01 0.000000000000000000e+00 2.973976606954249036e+00
-3.486828799999999262e+01 3.561015434547936120e-01 0.000000000000000000e+00 2.545814970514740150e+00
-3.482063800000002374e+01 3.556149053225856616e-01 0.000000000000000000e+00 3.184629955154709258e+00
-3.467415000000004000e+01 3.541188581723039852e-01 0.000000000000000000e+00 3.062864350999936036e+00
-3.522089200000002052e+01 3.597026043565604292e-01 0.000000000000000000e+00 2.876742845428355899e+00
-3.541807600000001344e+01 3.617163977135668396e-01 0.000000000000000000e+00 3.150035096329094397e+00
-3.491571200000001340e+01 3.565858735026814497e-01 0.000000000000000000e+00 2.939533981044126332e+00
-3.571170800000000156e+01 3.647151915863177662e-01 0.000000000000000000e+00 3.327475690769599925e+00
-3.411390600000000717e+01 3.483972192690317771e-01 0.000000000000000000e+00 2.456398894078956729e+00
-3.419729000000002372e+01 3.492488002557277982e-01 0.000000000000000000e+00 3.330138284552524031e+00
-3.490324200000002719e+01 3.564585203545465042e-01 0.000000000000000000e+00 2.835598559482884973e+00
-3.464385800000000870e+01 3.538094931712364444e-01 0.000000000000000000e+00 3.248410936871109378e+00
-3.474594000000001159e+01 3.548520323907976004e-01 0.000000000000000000e+00 2.552165116725464422e+00
-3.565512000000000370e+01 3.641372717830564376e-01 0.000000000000000000e+00 3.334094574349544704e+00
-3.470688400000000229e+01 3.544531627393488482e-01 0.000000000000000000e+00 3.132399539473361472e+00
-3.536803800000002695e+01 3.612053715045546176e-01 0.000000000000000000e+00 2.583116473196082730e+00
-3.469966200000001066e+01 3.543794061687128849e-01 0.000000000000000000e+00 2.492914137455044976e+00
-3.419207600000002145e+01 3.491955509121530965e-01 0.000000000000000000e+00 3.078744875482064103e+00
-3.435396200000000988e+01 3.508488541791135451e-01 0.000000000000000000e+00 3.190392378350089597e+00
-3.431213400000005009e+01 3.504216747500686346e-01 0.000000000000000000e+00 2.648155042007377169e+00
-3.483826800000003487e+01 3.557949563251215919e-01 0.000000000000000000e+00 2.668332926953956186e+00
-3.496732400000001206e+01 3.571129745998385396e-01 0.000000000000000000e+00 2.710154847308153148e+00
-3.484397800000002832e+01 3.558532711988866559e-01 0.000000000000000000e+00 2.779800077382936774e+00
-3.479960800000001342e+01 3.554001309276151321e-01 0.000000000000000000e+00 3.063288300578416834e+00
-3.390181400000002299e+01 3.462311740489622536e-01 0.000000000000000000e+00 2.711297300317895953e+00
-3.503550600000000514e+01 3.578093011713017746e-01 0.000000000000000000e+00 3.236580518587012012e+00
-3.428431000000000495e+01 3.501375148468034992e-01 0.000000000000000000e+00 2.344727283898616399e+00
-3.485002200000003114e+01 3.559149971353204323e-01 0.000000000000000000e+00 3.398962258374539136e+00
-3.426949600000001794e+01 3.499862229834136418e-01 0.000000000000000000e+00 3.079042614548563872e+00
-3.524241600000001284e+01 3.599224238561962164e-01 0.000000000000000000e+00 3.284264909919614617e+00
-3.489985600000000687e+01 3.564239399407864717e-01 0.000000000000000000e+00 2.723914843531662022e+00
-3.468483800000002049e+01 3.542280121776981705e-01 0.000000000000000000e+00 3.160482144996938025e+00
-3.470673200000003789e+01 3.544516103994521661e-01 0.000000000000000000e+00 3.034141295754371637e+00
-3.530883200000003797e+01 3.606007146891187509e-01 0.000000000000000000e+00 3.275441688863881318e+00
-3.460177800000003145e+01 3.533797401260462268e-01 0.000000000000000000e+00 2.564190312181774623e+00
-3.520837600000001544e+01 3.595747814213511306e-01 0.000000000000000000e+00 2.761143887650020723e+00
-3.436098400000000908e+01 3.509205681972534241e-01 0.000000000000000000e+00 2.858839345075818716e+00
-3.556367600000003648e+01 3.632033759307660148e-01 0.000000000000000000e+00 3.109169228904022919e+00
-3.495117000000001184e+01 3.569479976347242900e-01 0.000000000000000000e+00 2.732992198279860840e+00
-3.465939600000002230e+01 3.539681790746626588e-01 0.000000000000000000e+00 3.043910410882487483e+00
-3.520589599999999564e+01 3.595494537703986526e-01 0.000000000000000000e+00 2.904221480824216606e+00
-3.457370799999999633e+01 3.530930678832108760e-01 0.000000000000000000e+00 3.050277439002040403e+00
-3.515450000000003428e+01 3.590245586299378178e-01 0.000000000000000000e+00 2.806424514710431417e+00
-3.419031400000001497e+01 3.491775560246618837e-01 0.000000000000000000e+00 2.740237697166750586e+00
-3.514821800000003549e+01 3.589604020560336894e-01 0.000000000000000000e+00 2.961902692744798227e+00
-3.466551800000002004e+01 3.540307016065698531e-01 0.000000000000000000e+00 3.269466163213805121e+00
-3.553462400000001509e+01 3.629066747551746852e-01 0.000000000000000000e+00 2.606512811359618098e+00
-3.514350800000002550e+01 3.589122999447492135e-01 0.000000000000000000e+00 2.561384627429532657e+00
-3.519779200000002106e+01 3.594666895432548359e-01 0.000000000000000000e+00 3.203981452350506132e+00
-3.491963200000002132e+01 3.566259075316061677e-01 0.000000000000000000e+00 2.701718237291433677e+00
-3.507277200000002182e+01 3.581898899779100143e-01 0.000000000000000000e+00 3.285109642315818146e+00
-3.518093800000001181e+01 3.592945636444039859e-01 0.000000000000000000e+00 3.223783076730526442e+00
-3.510795600000000150e+01 3.585492158130328955e-01 0.000000000000000000e+00 2.978148502457677704e+00
-3.526350600000003510e+01 3.601378110169157210e-01 0.000000000000000000e+00 3.121518371077404375e+00
-3.541203600000000051e+01 3.616547126281829394e-01 0.000000000000000000e+00 2.839194522264469001e+00
-3.561392000000002156e+01 3.637165059688492463e-01 0.000000000000000000e+00 3.165607310970949495e+00
-3.416946399999999073e+01 3.489646199269377802e-01 0.000000000000000000e+00 2.911667571126813403e+00
-3.414757600000002213e+01 3.487410829817592095e-01 0.000000000000000000e+00 2.794936164397059386e+00
-3.465498000000001610e+01 3.539230795155475229e-01 0.000000000000000000e+00 3.217684875242390330e+00
-3.465158000000005245e+01 3.538883561231133124e-01 0.000000000000000000e+00 2.585191860883009785e+00
-3.359392199999999917e+01 3.430867461832353138e-01 0.000000000000000000e+00 2.448658272043791051e+00
-3.437513800000001396e+01 3.510651196374062200e-01 0.000000000000000000e+00 3.206420632997662779e+00
-3.503291400000000522e+01 3.577828296909516537e-01 0.000000000000000000e+00 2.904455833419897104e+00
-3.424992199999999087e+01 3.497863183706149126e-01 0.000000000000000000e+00 2.494054181795843039e+00
-3.476858400000001836e+01 3.550832901844120371e-01 0.000000000000000000e+00 3.400018657130034594e+00
-3.518181600000000486e+01 3.593035304498620186e-01 0.000000000000000000e+00 3.205120221849578677e+00
-3.498906000000004468e+01 3.573349592051207058e-01 0.000000000000000000e+00 3.117415510879924856e+00
-3.406902400000003439e+01 3.479388500633704973e-01 0.000000000000000000e+00 2.659699310380856829e+00
-3.531218800000002744e+01 3.606349887200041016e-01 0.000000000000000000e+00 2.958365915493814224e+00
-3.453277600000001968e+01 3.526750390893485521e-01 0.000000000000000000e+00 3.536522465946660976e+00
-3.439288000000001944e+01 3.512463144693399597e-01 0.000000000000000000e+00 2.879383832444964320e+00
-3.571906400000000303e+01 3.647903166671262465e-01 0.000000000000000000e+00 3.068949503865575856e+00
-3.466913200000001183e+01 3.540676105301752141e-01 0.000000000000000000e+00 3.437247755795795445e+00
-3.480661200000000832e+01 3.554716611160303463e-01 0.000000000000000000e+00 3.248849153730121397e+00
-3.399264800000002396e+01 3.471588401161397330e-01 0.000000000000000000e+00 2.520324185435859565e+00
-3.488280000000001735e+01 3.562497510639147102e-01 0.000000000000000000e+00 2.870903438489583070e+00
-3.493298400000000470e+01 3.567622683362490776e-01 0.000000000000000000e+00 3.148421184096671599e+00
-3.487488199999999949e+01 3.561688864105918562e-01 0.000000000000000000e+00 3.577445186145379097e+00
-3.430567600000002670e+01 3.503557207299676790e-01 0.000000000000000000e+00 2.688030339577454519e+00
-3.603310600000001074e+01 3.679975530221096802e-01 0.000000000000000000e+00 3.192853529520847999e+00
-3.598769600000002100e+01 3.675337914778584181e-01 0.000000000000000000e+00 3.498025527796380985e+00
-3.599999600000002431e+01 3.676594084563717946e-01 0.000000000000000000e+00 3.190931892569025319e+00
-3.537156400000001355e+01 3.612413817050616482e-01 0.000000000000000000e+00 2.560675943728905057e+00
-3.608786200000000832e+01 3.685567630445062415e-01 0.000000000000000000e+00 3.034405462569016443e+00
-3.603685800000000938e+01 3.680358713069374899e-01 0.000000000000000000e+00 3.002787138884557283e+00
-3.631820600000001775e+01 3.709092116053749333e-01 0.000000000000000000e+00 2.529847366570847633e+00
-3.620040600000002229e+01 3.697061481851412479e-01 0.000000000000000000e+00 3.691236118427516200e+00
-3.643133000000003818e+01 3.720645201482488118e-01 0.000000000000000000e+00 3.061260314879240330e+00
-3.576647000000001952e+01 3.652744628852894193e-01 0.000000000000000000e+00 2.717553183388589311e+00
-3.611115200000001835e+01 3.687946182826832842e-01 0.000000000000000000e+00 2.387207930941817491e+00
-3.603726400000000751e+01 3.680400176885046948e-01 0.000000000000000000e+00 2.067521373285881481e+00
-3.745441400000002119e+01 3.825130340381162619e-01 0.000000000000000000e+00 3.293315942691784848e+00
-3.566637800000001590e+01 3.642522470630649711e-01 0.000000000000000000e+00 3.112799292448304556e+00
-3.722816800000002502e+01 3.802024373778938870e-01 0.000000000000000000e+00 2.819401796315428754e+00
-3.705261600000002176e+01 3.784095664988711971e-01 0.000000000000000000e+00 3.309349362300936459e+00
-3.713201800000003061e+01 3.792204802653686979e-01 0.000000000000000000e+00 3.285109195189589659e+00
-3.714624000000001303e+01 3.793657261733699437e-01 0.000000000000000000e+00 2.987256411268819800e+00
-3.681557200000002439e+01 3.759886924293815436e-01 0.000000000000000000e+00 2.628935021388476123e+00
-3.751706800000003028e+01 3.831529044585860189e-01 0.000000000000000000e+00 3.328528792454404694e+00
-3.675210200000002203e+01 3.753404883947275561e-01 0.000000000000000000e+00 2.680316446641584971e+00
-3.651730600000002624e+01 3.729425726152946763e-01 0.000000000000000000e+00 3.020288752194118409e+00
-3.643569000000000813e+01 3.721090477926646267e-01 0.000000000000000000e+00 2.303101640651518789e+00
-3.700818200000000502e+01 3.779557726108008220e-01 0.000000000000000000e+00 3.185809282667641629e+00
-3.755373399999999862e+01 3.835273656077052840e-01 0.000000000000000000e+00 2.352639492884277317e+00
-3.784358800000001821e+01 3.864875756638042059e-01 0.000000000000000000e+00 3.118241347566401256e+00
-3.682446000000000907e+01 3.760794634623103594e-01 0.000000000000000000e+00 2.792515047426066932e+00
-3.808147400000001426e+01 3.889170488793026181e-01 0.000000000000000000e+00 3.112385230324715479e+00
-3.835463200000003781e+01 3.917067466530227970e-01 0.000000000000000000e+00 2.749276525031061347e+00
-3.883954800000000773e+01 3.966590785841435096e-01 0.000000000000000000e+00 3.248189329720964746e+00
-3.860775000000001711e+01 3.942917806666280112e-01 0.000000000000000000e+00 2.824533608322877143e+00
-3.838662200000002400e+01 3.920334529247821997e-01 0.000000000000000000e+00 3.117329908219986123e+00
-3.764735600000003757e+01 3.844835048566795366e-01 0.000000000000000000e+00 2.893512216657022407e+00
-3.847860800000000836e+01 3.929728840943373935e-01 0.000000000000000000e+00 2.816043183125621852e+00
-3.843340599999999796e+01 3.925112468046819125e-01 0.000000000000000000e+00 2.961937237408563739e+00
-3.737974800000002773e+01 3.817504879147277652e-01 0.000000000000000000e+00 3.218104485577957252e+00
-3.717698000000002168e+01 3.796796664920286113e-01 0.000000000000000000e+00 2.956901443447621514e+00
-3.874731200000002929e+01 3.957170942239682243e-01 0.000000000000000000e+00 3.397382805740830403e+00
-3.703127800000002168e+01 3.781916465730567056e-01 0.000000000000000000e+00 2.186524023783369852e+00
-3.800506600000002067e+01 3.881367121236726780e-01 0.000000000000000000e+00 3.001738699797606991e+00
-3.801960200000003454e+01 3.882851648390931443e-01 0.000000000000000000e+00 2.747077351688076430e+00
-3.822250200000001286e+01 3.903573343464394885e-01 0.000000000000000000e+00 2.834385260910853521e+00
-3.851915000000002465e+01 3.933869299108325723e-01 0.000000000000000000e+00 2.826506823578774696e+00
-3.803385600000002142e+01 3.884307375554937880e-01 0.000000000000000000e+00 2.765449511100950275e+00
-3.692753200000001357e+01 3.771321133167275241e-01 0.000000000000000000e+00 2.750763305154745098e+00
-3.800702600000003883e+01 3.881567291381351481e-01 0.000000000000000000e+00 2.303104453418814757e+00
-3.721094600000002828e+01 3.800265531824502663e-01 0.000000000000000000e+00 2.987131553491179314e+00
-3.845329200000000469e+01 3.927143377993743689e-01 0.000000000000000000e+00 2.942493871973571373e+00
-3.854941000000001594e+01 3.936959681035003822e-01 0.000000000000000000e+00 2.859291770242018860e+00
-3.861738600000001753e+01 3.943901908458926076e-01 0.000000000000000000e+00 2.929569993923505589e+00
-3.790763800000002703e+01 3.871417031006970655e-01 0.000000000000000000e+00 3.484712225811943842e+00
-3.895890600000000603e+01 3.978780534883222808e-01 0.000000000000000000e+00 3.273877077402790103e+00
-3.773357200000002365e+01 3.853640083867207466e-01 0.000000000000000000e+00 2.819185663998909241e+00
-3.972821400000002257e+01 4.057348133668722268e-01 0.000000000000000000e+00 2.888519392738477798e+00
-3.822956200000000138e+01 3.904294364495535241e-01 0.000000000000000000e+00 3.427665421562871462e+00
-3.852513600000003891e+01 3.934480635070425891e-01 0.000000000000000000e+00 3.420321863805253493e+00
-3.863988600000001128e+01 3.946199780017097258e-01 0.000000000000000000e+00 3.386342086003477192e+00
-3.900722400000002210e+01 3.983715137458678779e-01 0.000000000000000000e+00 2.958338498847218556e+00
-3.850391800000002718e+01 3.932313691127256594e-01 0.000000000000000000e+00 2.923413500036896817e+00
-3.848908200000002466e+01 3.930798525685610390e-01 0.000000000000000000e+00 2.858500739205145358e+00
-3.841660000000003095e+01 3.923396111184305757e-01 0.000000000000000000e+00 2.903967240333349853e+00
-3.890107200000003473e+01 3.972874085830101487e-01 0.000000000000000000e+00 3.053572448493400149e+00
-3.835045600000002253e+01 3.916640981569029512e-01 0.000000000000000000e+00 3.616194806205588641e+00
-3.849140000000002004e+01 3.931035257519914228e-01 0.000000000000000000e+00 2.543621149527427683e+00
-3.708329599999999715e+01 3.787228940517807230e-01 0.000000000000000000e+00 2.185512622109050618e+00
-3.818003600000002251e+01 3.899236391749315578e-01 0.000000000000000000e+00 2.684409870536603293e+00
-3.886309400000002512e+01 3.968995482895157356e-01 0.000000000000000000e+00 3.316877258604922218e+00
-3.844267600000002005e+01 3.926059191128787873e-01 0.000000000000000000e+00 2.275254630621736496e+00
-3.835779400000002681e+01 3.917390394079868221e-01 0.000000000000000000e+00 2.688126950834357487e+00
-3.938509800000003480e+01 4.022306511555233666e-01 0.000000000000000000e+00 2.518781389256449010e+00
-3.801573600000001107e+01 3.882456822993423096e-01 0.000000000000000000e+00 1.733920547474288476e+00
-3.847996800000002793e+01 3.929867734513114441e-01 0.000000000000000000e+00 2.777289795585369703e+00
-3.756088000000002580e+01 3.836003460083931005e-01 0.000000000000000000e+00 2.514128010289295556e+00
-3.849122400000003097e+01 3.931017283057949285e-01 0.000000000000000000e+00 3.551741137143410221e+00
-3.827290800000003657e+01 3.908721188520449807e-01 0.000000000000000000e+00 3.007866017180468532e+00
-3.883079000000000747e+01 3.965696352103370015e-01 0.000000000000000000e+00 3.253743297986478211e+00
-3.926728000000003505e+01 4.010274039055649609e-01 0.000000000000000000e+00 3.041234076934406616e+00
-3.874024200000003049e+01 3.956448899932292207e-01 0.000000000000000000e+00 2.775891982629778987e+00
-3.898587600000004016e+01 3.981534916924287515e-01 0.000000000000000000e+00 3.229957802805329514e+00
-3.870088400000000206e+01 3.952429360875110986e-01 0.000000000000000000e+00 3.727431529649641195e+00
-3.882161000000001394e+01 3.964758820507636727e-01 0.000000000000000000e+00 2.798860941670393565e+00
-3.816104200000000901e+01 3.897296579643718117e-01 0.000000000000000000e+00 3.034574372603948245e+00
-3.862150200000002087e+01 3.944322265762634783e-01 0.000000000000000000e+00 3.285114810778454242e+00
-3.915348200000000389e+01 3.998652119607788991e-01 0.000000000000000000e+00 3.811790750729831423e+00
-3.912887600000002664e+01 3.996139167271775539e-01 0.000000000000000000e+00 2.776080536525690867e+00
-3.915042400000001521e+01 3.998339813331128756e-01 0.000000000000000000e+00 3.279088667775751809e+00
-3.787606200000000456e+01 3.868192249126042870e-01 0.000000000000000000e+00 2.433400395040203001e+00
-3.790901200000003257e+01 3.871557354363456827e-01 0.000000000000000000e+00 2.703860150785550864e+00
-3.892849200000001986e+01 3.975674425302325177e-01 0.000000000000000000e+00 3.065668219665439231e+00
-3.815115400000002666e+01 3.896286741689622413e-01 0.000000000000000000e+00 2.810755190063461750e+00
-3.865404400000002738e+01 3.947645702929125089e-01 0.000000000000000000e+00 3.092145564030832183e+00
-3.861193800000003762e+01 3.943345517158976521e-01 0.000000000000000000e+00 3.042024227676981774e+00
-3.920273400000002084e+01 4.003682109384815724e-01 0.000000000000000000e+00 3.209880037917651308e+00
-3.807648400000000777e+01 3.888660871945235908e-01 0.000000000000000000e+00 3.040722765579780607e+00
-3.915108200000001659e+01 3.998407013308252211e-01 0.000000000000000000e+00 2.982813014804797991e+00
-3.827644600000002129e+01 3.909082516057017509e-01 0.000000000000000000e+00 2.996738210607181596e+00
-3.881704000000001997e+01 3.964292097262266390e-01 0.000000000000000000e+00 2.866098521782818764e+00
-3.854720400000000069e+01 3.936734387494676413e-01 0.000000000000000000e+00 2.814008033483396343e+00
-3.923383400000001586e+01 4.006858278516332028e-01 0.000000000000000000e+00 3.915230288677510107e+00
-3.887121400000003746e+01 3.969824759208596121e-01 0.000000000000000000e+00 2.752676419286685494e+00
-3.886915199999999970e+01 3.969614172046239120e-01 0.000000000000000000e+00 3.262690671435266143e+00
