-3.353840399999992883e+01 3.213485014999844513e-01 0.000000000000000000e+00 2.577180400309884156e+00
-3.310020199999996038e+01 3.171498653318982619e-01 0.000000000000000000e+00 2.467999847992890849e+00
-3.318770199999995185e+01 3.179882473217283678e-01 0.000000000000000000e+00 3.038825161940786668e+00
-3.331178399999994610e+01 3.191771400538667147e-01 0.000000000000000000e+00 2.356619158953663362e+00
-3.398745999999994183e+01 3.256511353608438353e-01 0.000000000000000000e+00 3.286777824415685778e+00
-3.353943399999994313e+01 3.213583704536934760e-01 0.000000000000000000e+00 2.588303516783520219e+00
-3.400804599999994338e+01 3.258483802939026730e-01 0.000000000000000000e+00 2.637316929332046200e+00
-3.320666999999993863e+01 3.181699893741065099e-01 0.000000000000000000e+00 2.380080748375541955e+00
-3.374099399999993665e+01 3.232896192979239358e-01 0.000000000000000000e+00 2.334437211861832839e+00
-3.364725999999994599e+01 3.223915061843841134e-01 0.000000000000000000e+00 2.732542065365124007e+00
-3.364275199999994470e+01 3.223483127442680618e-01 0.000000000000000000e+00 2.348360851699315965e+00
-3.395141399999996423e+01 3.253057603070678150e-01 0.000000000000000000e+00 2.680176247220628305e+00
-3.330541399999993502e+01 3.191161058450069921e-01 0.000000000000000000e+00 1.980440842109389088e+00
-3.352842799999994838e+01 3.212529163716355551e-01 0.000000000000000000e+00 2.531774996388776788e+00
-3.294083599999994760e+01 3.156228986554264204e-01 0.000000000000000000e+00 2.484062788919991771e+00
-3.345015999999995415e+01 3.205029908678638795e-01 0.000000000000000000e+00 1.991906799267901373e+00
-3.300928399999992280e+01 3.162787337461678838e-01 0.000000000000000000e+00 2.195090163616993717e+00
-3.354458199999995571e+01 3.214076960592209820e-01 0.000000000000000000e+00 2.589430865137992033e+00
-3.386195399999994038e+01 3.244485985606652134e-01 0.000000000000000000e+00 3.258131903854282641e+00
-3.377695999999993148e+01 3.236342278310236908e-01 0.000000000000000000e+00 2.743067724761141246e+00
-3.343679799999995339e+01 3.203749627518854282e-01 0.000000000000000000e+00 2.196832268093622531e+00
-3.371813999999993428e+01 3.230706435036887481e-01 0.000000000000000000e+00 3.094992188564090529e+00
-3.373646799999993107e+01 3.232462533906556579e-01 0.000000000000000000e+00 2.575897147033819223e+00
-3.380367599999993899e+01 3.238902074109129559e-01 0.000000000000000000e+00 2.279193244701051224e+00
-3.380344399999994920e+01 3.238879845009514646e-01 0.000000000000000000e+00 2.791013685742877559e+00
-3.383215999999994494e+01 3.241631270977509693e-01 0.000000000000000000e+00 2.902283404981030657e+00
-3.389886599999994843e+01 3.248022712007637147e-01 0.000000000000000000e+00 2.376245718691566200e+00
-3.404883999999994160e+01 3.262392483498241513e-01 0.000000000000000000e+00 2.886072696887099109e+00
-3.380662599999993745e+01 3.239184728608557884e-01 0.000000000000000000e+00 2.342306003636311029e+00
-3.376139799999994295e+01 3.234851203964439481e-01 0.000000000000000000e+00 2.403193649955799316e+00
-3.357704399999992972e+01 3.217187309866935130e-01 0.000000000000000000e+00 2.853849770465832325e+00
-3.390795399999993975e+01 3.248893479496045011e-01 0.000000000000000000e+00 2.567682957844296787e+00
-3.386324999999995100e+01 3.244610161956232863e-01 0.000000000000000000e+00 2.143312804345815614e+00
-3.344905199999993783e+01 3.204923745564953186e-01 0.000000000000000000e+00 2.447720738861053569e+00
-3.327604399999994200e+01 3.188346969416777643e-01 0.000000000000000000e+00 2.035590026410082132e+00
-3.360459999999993386e+01 3.219827590336850620e-01 0.000000000000000000e+00 2.588295716247947187e+00
-3.352713199999993776e+01 3.212404987366775377e-01 0.000000000000000000e+00 2.326588321633115353e+00
-3.338376799999993949e+01 3.198668553585059526e-01 0.000000000000000000e+00 2.467515091144582673e+00
-3.421619999999994377e+01 3.278428096048868201e-01 0.000000000000000000e+00 2.726426543698146077e+00
-3.325749199999994943e+01 3.186569407968169454e-01 0.000000000000000000e+00 2.522855706755158689e+00
-3.316688399999995340e+01 3.177887794787079834e-01 0.000000000000000000e+00 2.627917581641979083e+00
-3.430240399999992462e+01 3.286687739597588531e-01 0.000000000000000000e+00 2.519321773647771323e+00
-3.403818199999994931e+01 3.261371286327086616e-01 0.000000000000000000e+00 2.687191461805428450e+00
-3.418949599999995570e+01 3.275869450030992058e-01 0.000000000000000000e+00 2.902710195241611668e+00
-3.334608999999993983e+01 3.195058432829308570e-01 0.000000000000000000e+00 2.650899548542842155e+00
-3.351417399999996150e+01 3.211163415501152585e-01 0.000000000000000000e+00 2.954540642025047070e+00
-3.329853199999994473e+01 3.190501659038183502e-01 0.000000000000000000e+00 2.026726755831687488e+00
-3.357183999999993063e+01 3.216688688166925991e-01 0.000000000000000000e+00 2.411438595653237815e+00
-3.369325599999994125e+01 3.228322172472895546e-01 0.000000000000000000e+00 2.572058282101961524e+00
-3.390281799999993950e+01 3.248401373221785904e-01 0.000000000000000000e+00 2.675079217872799564e+00
-3.427178199999993780e+01 3.283753690078438092e-01 0.000000000000000000e+00 2.639781698365654794e+00
-3.424020799999993869e+01 3.280728424598792214e-01 0.000000000000000000e+00 2.644271464298824093e+00
-3.300989799999995000e+01 3.162846167923595853e-01 0.000000000000000000e+00 2.684551344791945571e+00
-3.367507999999994439e+01 3.226580637496078152e-01 0.000000000000000000e+00 2.758565760197376981e+00
-3.349394199999992594e+01 3.209224884710492609e-01 0.000000000000000000e+00 2.478098187747444392e+00
-3.388986599999994809e+01 3.247160376246668867e-01 0.000000000000000000e+00 2.421918007946627593e+00
-3.388194199999995249e+01 3.246401137516679025e-01 0.000000000000000000e+00 2.586850666104100860e+00
-3.353733599999994652e+01 3.213382684489544672e-01 0.000000000000000000e+00 3.157157265179350247e+00
-3.404655799999993349e+01 3.262173833475293105e-01 0.000000000000000000e+00 2.194619294067866822e+00
-3.354279799999994083e+01 3.213906026481367362e-01 0.000000000000000000e+00 2.669948090819880715e+00
-3.385264199999994617e+01 3.243593755539304624e-01 0.000000000000000000e+00 2.516767071052732785e+00
-3.375903799999994703e+01 3.234625080364897376e-01 0.000000000000000000e+00 2.543579884105125366e+00
-3.326756999999996367e+01 3.187535032390285683e-01 0.000000000000000000e+00 2.154401581423575518e+00
-3.380116799999994726e+01 3.238661769877073660e-01 0.000000000000000000e+00 2.314135751886126968e+00
-3.383152799999993476e+01 3.241570715844072081e-01 0.000000000000000000e+00 2.607210557846345811e+00
-3.343364999999993614e+01 3.203448001632682729e-01 0.000000000000000000e+00 2.445301601422448901e+00
-3.348793799999993581e+01 3.208649610942843067e-01 0.000000000000000000e+00 2.579370628065158488e+00
-3.302690799999995619e+01 3.164475982511826824e-01 0.000000000000000000e+00 2.296844379440996509e+00
-3.373565999999994602e+01 3.232385115318239799e-01 0.000000000000000000e+00 2.292771497598925734e+00
-3.335468799999994616e+01 3.195882250926287416e-01 0.000000000000000000e+00 2.479759864362888866e+00
-3.415710199999992369e+01 3.272765616182010673e-01 0.000000000000000000e+00 2.283549594977789976e+00
-3.367692799999995401e+01 3.226757703772331065e-01 0.000000000000000000e+00 2.823245109568602196e+00
-3.419670399999994004e+01 3.276560085160441504e-01 0.000000000000000000e+00 3.036694052895834162e+00
-3.409092399999993717e+01 3.266424765516528494e-01 0.000000000000000000e+00 2.784929377307420850e+00
-3.396038999999993990e+01 3.253917639269615081e-01 0.000000000000000000e+00 2.633916437378168496e+00
-3.363716799999993867e+01 3.222948096010541663e-01 0.000000000000000000e+00 2.662614604613861236e+00
-3.373197599999995333e+01 3.232032132546751035e-01 0.000000000000000000e+00 2.493316056459345287e+00
-3.351218599999993586e+01 3.210972935113060589e-01 0.000000000000000000e+00 2.555828395822560939e+00
-3.400511799999993201e+01 3.258203256371456913e-01 0.000000000000000000e+00 2.649243754581272370e+00
-3.298116599999995202e+01 3.160093208914247498e-01 0.000000000000000000e+00 2.671210616182116304e+00
-3.393687199999994419e+01 3.251664260111121196e-01 0.000000000000000000e+00 2.466177439120770032e+00
-3.393823999999992935e+01 3.251795335146786536e-01 0.000000000000000000e+00 2.525910807145922199e+00
-3.338511399999994467e+01 3.198797520688866913e-01 0.000000000000000000e+00 2.676168728091739890e+00
-3.349448399999993597e+01 3.209276816486320572e-01 0.000000000000000000e+00 2.598253371472396989e+00
-3.314737399999994238e+01 3.176018442487469340e-01 0.000000000000000000e+00 1.857697259404770485e+00
-3.405474999999993457e+01 3.262958750647943496e-01 0.000000000000000000e+00 2.620033874308736799e+00
-3.348598799999993503e+01 3.208462771527966773e-01 0.000000000000000000e+00 2.115107459183799055e+00
-3.370842999999995016e+01 3.229776070565888446e-01 0.000000000000000000e+00 3.030336359018232617e+00
-3.349261799999993627e+01 3.209098025538546506e-01 0.000000000000000000e+00 2.371021182561972473e+00
-3.358301799999996007e+01 3.217759709182051453e-01 0.000000000000000000e+00 2.496898332917310892e+00
-3.380197599999993940e+01 3.238739188465390995e-01 0.000000000000000000e+00 2.543127916209890316e+00
-3.389595199999993724e+01 3.247743506851251682e-01 0.000000000000000000e+00 2.311556860404874847e+00
-3.379889999999995354e+01 3.238444461265310159e-01 0.000000000000000000e+00 2.156614973292706683e+00
-3.375413999999992853e+01 3.234155778080759491e-01 0.000000000000000000e+00 1.933308653760973828e+00
-3.391922799999995419e+01 3.249973698759285878e-01 0.000000000000000000e+00 2.622061937725477687e+00
-3.344317399999994933e+01 3.204360544497957819e-01 0.000000000000000000e+00 2.248290328255061254e+00
-3.364400399999993851e+01 3.223603087928539335e-01 0.000000000000000000e+00 3.207330276130891278e+00
-3.344966599999995083e+01 3.204982576026869645e-01 0.000000000000000000e+00 2.661645422135668237e+00
-3.405511399999995348e+01 3.262993627338722225e-01 0.000000000000000000e+00 3.007858341180665196e+00
-3.335228799999993754e+01 3.195652294723361764e-01 0.000000000000000000e+00 2.688679679103525899e+00
-3.278148999999994828e+01 3.140961236091238118e-01 0.000000000000000000e+00 2.528434211427133871e+00
-3.427598199999992801e+01 3.284156113433555624e-01 0.000000000000000000e+00 2.671624064023736089e+00
-3.384917399999993393e+01 3.243261468826076910e-01 0.000000000000000000e+00 2.342844831819605567e+00
-3.322743999999995879e+01 3.183689973047212907e-01 0.000000000000000000e+00 2.585728003304041511e+00
-3.359133199999995156e+01 3.218556315795016443e-01 0.000000000000000000e+00 2.268841552261568584e+00
-3.422135399999996253e+01 3.278921926994650682e-01 0.000000000000000000e+00 2.711334159771427554e+00
-3.334121799999994096e+01 3.194591621737370990e-01 0.000000000000000000e+00 2.846524114249879833e+00
-3.328070199999994117e+01 3.188793276080620909e-01 0.000000000000000000e+00 2.671243228357624844e+00
-3.351781199999994243e+01 3.211511990778750936e-01 0.000000000000000000e+00 2.345299781371457559e+00
-3.325019999999996401e+01 3.185870724371617224e-01 0.000000000000000000e+00 2.629133590897937189e+00
-3.377925399999993061e+01 3.236562078114199048e-01 0.000000000000000000e+00 3.167675859967718832e+00
-3.307251599999995761e+01 3.168845916888075043e-01 0.000000000000000000e+00 2.188136131838827492e+00
-3.348283399999994003e+01 3.208160570751290019e-01 0.000000000000000000e+00 2.184471479995361953e+00
-3.351536799999995253e+01 3.211277818712106602e-01 0.000000000000000000e+00 2.403167342348279778e+00
-3.401079799999995146e+01 3.258747486051714604e-01 0.000000000000000000e+00 2.881702984505004839e+00
-3.372272999999993459e+01 3.231146226274981270e-01 0.000000000000000000e+00 2.592908444647290089e+00
-3.392830799999995151e+01 3.250843699727018477e-01 0.000000000000000000e+00 1.946883118294210124e+00
-3.396861999999993031e+01 3.254706197415477287e-01 0.000000000000000000e+00 2.293047905070780157e+00
-3.369906199999992680e+01 3.228878474853802971e-01 0.000000000000000000e+00 2.251601604370550014e+00
-3.349001599999994028e+01 3.208848714688542492e-01 0.000000000000000000e+00 2.666662744872873247e+00
-3.374937999999993110e+01 3.233699698278292289e-01 0.000000000000000000e+00 2.274592242023774968e+00
-3.321623999999992094e+01 3.182616844100226716e-01 0.000000000000000000e+00 2.445704740060735904e+00
-3.313580999999994958e+01 3.174910436849709972e-01 0.000000000000000000e+00 2.678205157970877881e+00
-3.326375199999994692e+01 3.187169210397464703e-01 0.000000000000000000e+00 2.304695140578479240e+00
-3.449818199999992174e+01 3.305446225221013723e-01 0.000000000000000000e+00 2.796613644470827609e+00
-3.429526199999994418e+01 3.286003428263720161e-01 0.000000000000000000e+00 3.139574503461231902e+00
-3.376394399999993112e+01 3.235095149169707751e-01 0.000000000000000000e+00 2.452354158940492024e+00
-3.326913799999994126e+01 3.187685270442861540e-01 0.000000000000000000e+00 2.280943057259563922e+00
-3.347042799999994145e+01 3.206971888812337745e-01 0.000000000000000000e+00 2.386648788915604502e+00
-3.432868799999994991e+01 3.289206143279956307e-01 0.000000000000000000e+00 2.570359581938022053e+00
-3.361366599999994520e+01 3.220696249893400531e-01 0.000000000000000000e+00 2.440582109575458514e+00
-3.360031199999994556e+01 3.219416735254292949e-01 0.000000000000000000e+00 2.169280690877540607e+00
-3.422716199999992170e+01 3.279478421005725397e-01 0.000000000000000000e+00 2.615907074106340158e+00
-3.390409399999995088e+01 3.248523633269675415e-01 0.000000000000000000e+00 2.999242135715372015e+00
-3.402865599999993407e+01 3.260458551831642571e-01 0.000000000000000000e+00 2.975266560617940925e+00
-3.387127399999992861e+01 3.245378982194676021e-01 0.000000000000000000e+00 2.915019300337027719e+00
-3.404161399999993165e+01 3.261700123697267584e-01 0.000000000000000000e+00 2.602524947435516989e+00
-3.373179799999995510e+01 3.232015077461700692e-01 0.000000000000000000e+00 3.001284756616570792e+00
-3.344227599999992151e+01 3.204274502552027504e-01 0.000000000000000000e+00 2.296544150715561283e+00
-3.374636199999994801e+01 3.233410528353115598e-01 0.000000000000000000e+00 2.548120428103265667e+00
-3.385035999999994516e+01 3.243375105516356771e-01 0.000000000000000000e+00 3.141617315519463993e+00
-3.386243599999993137e+01 3.244532168477405332e-01 0.000000000000000000e+00 2.585724939769397324e+00
-3.423249599999994075e+01 3.279989498666727177e-01 0.000000000000000000e+00 2.350116895778212367e+00
-3.416852399999994105e+01 3.273860016077765334e-01 0.000000000000000000e+00 3.230356664209703688e+00
-3.383878999999994619e+01 3.242266524988089982e-01 0.000000000000000000e+00 2.601925108958031085e+00
-3.454849799999993820e+01 3.310267257015335196e-01 0.000000000000000000e+00 2.763356622118481098e+00
-3.498026399999993430e+01 3.351636952812022674e-01 0.000000000000000000e+00 3.110771890228266834e+00
-3.398427199999995452e+01 3.256205895118887694e-01 0.000000000000000000e+00 2.296741840001204960e+00
-3.402877599999993663e+01 3.260470049641789325e-01 0.000000000000000000e+00 2.911059662634584821e+00
-3.457515799999994499e+01 3.312821687169492657e-01 0.000000000000000000e+00 2.964828783827170522e+00
-3.410338399999994152e+01 3.267618621470047002e-01 0.000000000000000000e+00 2.747556189321481934e+00
-3.302773799999994964e+01 3.164555509032004332e-01 0.000000000000000000e+00 2.337685693451901692e+00
-3.439538999999992797e+01 3.295597201049743075e-01 0.000000000000000000e+00 2.604910077957092618e+00
-3.380581799999995951e+01 3.239107310020241659e-01 0.000000000000000000e+00 2.614305749987977379e+00
-3.411944799999994160e+01 3.269157794988290511e-01 0.000000000000000000e+00 2.535249274954551435e+00
-3.403982599999991976e+01 3.261528806326087215e-01 0.000000000000000000e+00 2.993329875499791459e+00
-3.400778199999994200e+01 3.258458507756704647e-01 0.000000000000000000e+00 2.390640560302114803e+00
-3.414627799999994551e+01 3.271728513706821939e-01 0.000000000000000000e+00 2.845283369942031459e+00
-3.396960399999996127e+01 3.254800479458679341e-01 0.000000000000000000e+00 2.927146115691887207e+00
-3.393005799999993144e+01 3.251011376124982588e-01 0.000000000000000000e+00 2.234518891348635794e+00
-3.405689599999994499e+01 3.263164369819392951e-01 0.000000000000000000e+00 2.568195005494415817e+00
-3.412332599999997029e+01 3.269529365886186256e-01 0.000000000000000000e+00 2.866622670085915647e+00
-3.460353799999995061e+01 3.315540919269079345e-01 0.000000000000000000e+00 2.850351476990126809e+00
-3.391724199999993772e+01 3.249783410001363948e-01 0.000000000000000000e+00 2.337777316523650839e+00
-3.402597399999994821e+01 3.260201575774875349e-01 0.000000000000000000e+00 2.600629588831725680e+00
-3.434239999999996229e+01 3.290519959719334642e-01 0.000000000000000000e+00 2.709233075945657987e+00
-3.375500199999993356e+01 3.234238370683643615e-01 0.000000000000000000e+00 2.181283287840930285e+00
-3.336013999999993729e+01 3.196404634767264219e-01 0.000000000000000000e+00 2.588428219611432990e+00
-3.396336199999992544e+01 3.254202401700902469e-01 0.000000000000000000e+00 2.753372944567216596e+00
-3.429950799999993905e+01 3.286410259112727550e-01 0.000000000000000000e+00 2.558603159146794592e+00
-3.403041599999994560e+01 3.260627186380455345e-01 0.000000000000000000e+00 2.313688734411224246e+00
-3.429269599999993545e+01 3.285757566756758452e-01 0.000000000000000000e+00 2.778559422984246297e+00
-3.421710599999995139e+01 3.278514904515472672e-01 0.000000000000000000e+00 2.160368675879468903e+00
-3.410543199999994357e+01 3.267814850763209877e-01 0.000000000000000000e+00 2.562088928383526643e+00
-3.399254199999993631e+01 3.256998285868131227e-01 0.000000000000000000e+00 2.430146807602579617e+00
-3.451141999999993004e+01 3.306714625310314681e-01 0.000000000000000000e+00 2.648362946379814620e+00
-3.415813199999995220e+01 3.272864305719102029e-01 0.000000000000000000e+00 2.443369030244009643e+00
-3.406576399999994464e+01 3.264014057989200190e-01 0.000000000000000000e+00 2.403865902221382633e+00
-3.415012999999996168e+01 3.272097593412517935e-01 0.000000000000000000e+00 2.685507128584239567e+00
-3.320616599999994634e+01 3.181651602938451728e-01 0.000000000000000000e+00 2.067308391483715813e+00
-3.374970399999995152e+01 3.233730742365689137e-01 0.000000000000000000e+00 2.446672492764923934e+00
-3.446614199999994810e+01 3.302376309911969621e-01 0.000000000000000000e+00 3.067375382045666399e+00
-3.466176399999991986e+01 3.321119848382202422e-01 0.000000000000000000e+00 2.312565143937254319e+00
-3.366570999999994029e+01 3.225682850153825387e-01 0.000000000000000000e+00 2.669651402261344231e+00
-3.329673999999996425e+01 3.190329958406668553e-01 0.000000000000000000e+00 2.427597411417138140e+00
-3.375192399999993143e+01 3.233943451853392714e-01 0.000000000000000000e+00 2.763879550837806232e+00
-3.310153799999993396e+01 3.171626662271941899e-01 0.000000000000000000e+00 2.019281775644623966e+00
-3.347263799999993239e+01 3.207183640149196546e-01 0.000000000000000000e+00 1.839500167001893782e+00
-3.399885999999993658e+01 3.257603645572331175e-01 0.000000000000000000e+00 2.684613521081899989e+00
-3.439608999999994410e+01 3.295664271608931273e-01 0.000000000000000000e+00 2.913179607812354632e+00
-3.417239799999993011e+01 3.274231203715319283e-01 0.000000000000000000e+00 2.903031122773908290e+00
-3.403452999999995399e+01 3.261021369638303358e-01 0.000000000000000000e+00 2.251543351870786136e+00
-3.371154399999994666e+01 3.230074438739183318e-01 0.000000000000000000e+00 2.630356936500820808e+00
-3.332332599999994471e+01 3.192877298244566342e-01 0.000000000000000000e+00 2.187249684408123063e+00
-3.485404199999995001e+01 3.339542981209698835e-01 0.000000000000000000e+00 2.924052866950805907e+00
-3.492547599999994645e+01 3.346387435959587986e-01 0.000000000000000000e+00 3.211720241823905475e+00
-3.355219199999992696e+01 3.214806113385647590e-01 0.000000000000000000e+00 2.274375863755223826e+00
-3.373671599999994442e+01 3.232486296047526464e-01 0.000000000000000000e+00 2.637490559807702084e+00
-3.408911399999993819e+01 3.266251340213489063e-01 0.000000000000000000e+00 3.495352679508243465e+00
-3.379848199999995018e+01 3.238404410559967417e-01 0.000000000000000000e+00 2.475387435704650585e+00
-3.396757199999994725e+01 3.254605783206868108e-01 0.000000000000000000e+00 2.200321135151397822e+00
-3.500442599999994542e+01 3.353952036884969568e-01 0.000000000000000000e+00 2.773795801425194885e+00
-3.480740399999992718e+01 3.335074357296359815e-01 0.000000000000000000e+00 3.004934483963523473e+00
-3.462968799999993763e+01 3.318046483730113794e-01 0.000000000000000000e+00 2.608480124489074736e+00
-3.390142399999993472e+01 3.248267806993920259e-01 0.000000000000000000e+00 2.442466610634554502e+00
-3.369290799999993880e+01 3.228288828823471235e-01 0.000000000000000000e+00 2.412180355908383866e+00
-3.438372599999994605e+01 3.294479613903530391e-01 0.000000000000000000e+00 2.777615045817457773e+00
-3.391772999999993488e+01 3.249830167762625122e-01 0.000000000000000000e+00 2.746893717502103538e+00
-3.442099999999994253e+01 3.298051025365121847e-01 0.000000000000000000e+00 3.320613547481425343e+00
-3.445935999999993982e+01 3.301726492008537073e-01 0.000000000000000000e+00 3.141593227981784420e+00
-3.495072799999991986e+01 3.348806958474692674e-01 0.000000000000000000e+00 3.130672461408606999e+00
-3.422165999999993602e+01 3.278951246410521381e-01 0.000000000000000000e+00 2.662439867125755200e+00
-3.475721599999993572e+01 3.330265589832863693e-01 0.000000000000000000e+00 2.581600952377646419e+00
-3.378817599999994314e+01 3.237416940298573631e-01 0.000000000000000000e+00 2.397929933817706249e+00
-3.413130599999996662e+01 3.270293970260910732e-01 0.000000000000000000e+00 2.508837571297821700e+00
-3.387047199999994973e+01 3.245302138496867217e-01 0.000000000000000000e+00 1.714977239892556460e+00
-3.455864599999994624e+01 3.311239588493369856e-01 0.000000000000000000e+00 2.869704956481861746e+00
-3.339386599999993166e+01 3.199636094308864753e-01 0.000000000000000000e+00 2.408128905247156393e+00
-3.428003799999993362e+01 3.284544739416498937e-01 0.000000000000000000e+00 2.933200847517052345e+00
-3.429850799999992716e+01 3.286314444028174409e-01 0.000000000000000000e+00 2.333679702070218465e+00
-3.341989399999995669e+01 3.202129969329587378e-01 0.000000000000000000e+00 2.264265047742485493e+00
-3.509840399999993110e+01 3.362956546900998100e-01 0.000000000000000000e+00 2.749977123942317192e+00
-3.432717999999993452e+01 3.289061654132450219e-01 0.000000000000000000e+00 2.407488089148924093e+00
-3.415578799999993009e+01 3.272639715160909901e-01 0.000000000000000000e+00 3.029557293433808418e+00
-3.440103799999992162e+01 3.296138364647292485e-01 0.000000000000000000e+00 2.595607533747828377e+00
-3.442701399999995004e+01 3.298627257283618386e-01 0.000000000000000000e+00 2.902244586488536449e+00
-3.511298199999993841e+01 3.364353339203598470e-01 0.000000000000000000e+00 3.013859963379957652e+00
-3.348269599999993318e+01 3.208147348269621002e-01 0.000000000000000000e+00 2.556500673048409222e+00
-3.504895399999992378e+01 3.358218490969900327e-01 0.000000000000000000e+00 2.720565662045116628e+00
-3.374894399999995187e+01 3.233657922901429504e-01 0.000000000000000000e+00 2.292672243083616390e+00
-3.419784399999994662e+01 3.276669314356831508e-01 0.000000000000000000e+00 3.288463051529813441e+00
-3.458866199999993540e+01 3.314115574071282433e-01 0.000000000000000000e+00 2.409556950548243481e+00
-3.416325199999993600e+01 3.273354878952006719e-01 0.000000000000000000e+00 3.255712673163586146e+00
-3.415654399999995405e+01 3.272712151364833844e-01 0.000000000000000000e+00 2.970590474320763175e+00
-3.357625199999994692e+01 3.217111424319971102e-01 0.000000000000000000e+00 2.816142676327018979e+00
-3.400691599999993286e+01 3.258375531893481503e-01 0.000000000000000000e+00 2.431885033114614014e+00
-3.330254199999994569e+01 3.190885877527237513e-01 0.000000000000000000e+00 2.491582074703913463e+00
-3.440008199999993366e+01 3.296046765426461911e-01 0.000000000000000000e+00 3.701865997290414434e+00
-3.387326199999994714e+01 3.245569462582767462e-01 0.000000000000000000e+00 2.614684891487641938e+00
-3.353615199999994445e+01 3.213269239429434876e-01 0.000000000000000000e+00 2.705022262925991683e+00
-3.430196399999994128e+01 3.286645580960387281e-01 0.000000000000000000e+00 2.372891126471007084e+00
-3.316853599999994628e+01 3.178046081306759585e-01 0.000000000000000000e+00 2.683294240766243899e+00
-3.391694199999995618e+01 3.249754665476000115e-01 0.000000000000000000e+00 3.222919674286818470e+00
-3.393395599999994516e+01 3.251384863324567331e-01 0.000000000000000000e+00 2.483072960127666207e+00
-3.399506999999992019e+01 3.257240506401877234e-01 0.000000000000000000e+00 2.384612664543025673e+00
-3.328681399999994994e+01 3.189378897877403474e-01 0.000000000000000000e+00 2.272841173465937281e+00
-3.439718199999994397e+01 3.295768901681261909e-01 0.000000000000000000e+00 2.566681748730972767e+00
-3.427863199999995203e+01 3.284410023407620671e-01 0.000000000000000000e+00 3.075260287936878445e+00
-3.436822799999995226e+01 3.292994671723143418e-01 0.000000000000000000e+00 2.682889700277397260e+00
-3.426145799999994779e+01 3.282764495145523709e-01 0.000000000000000000e+00 2.686355271268248579e+00
-3.444759599999993327e+01 3.300599323353866632e-01 0.000000000000000000e+00 2.784846298495926575e+00
-3.391252399999991951e+01 3.249331354432445917e-01 0.000000000000000000e+00 2.291331079301666129e+00
-3.382169399999994397e+01 3.240628470302588382e-01 0.000000000000000000e+00 2.768777483711371445e+00
-3.397810999999994408e+01 3.255615482567877361e-01 0.000000000000000000e+00 3.267696646451797360e+00
-3.430104999999993964e+01 3.286558005973106433e-01 0.000000000000000000e+00 3.118615534628832897e+00
-3.405774399999994984e+01 3.263245621011093278e-01 0.000000000000000000e+00 2.458272652741384068e+00
-3.413384199999993029e+01 3.270536957315331450e-01 0.000000000000000000e+00 2.765150437436004083e+00
-3.365782799999994523e+01 3.224927635657386937e-01 0.000000000000000000e+00 2.142402281876561343e+00
-3.352871399999992974e+01 3.212556566830535587e-01 0.000000000000000000e+00 2.148726974821899116e+00
-3.372449799999993303e+01 3.231315627344468755e-01 0.000000000000000000e+00 2.543445357474896973e+00
-3.495402199999994508e+01 3.349122573363209621e-01 0.000000000000000000e+00 2.845084252665222913e+00
-3.393771799999993277e+01 3.251745319672650902e-01 0.000000000000000000e+00 3.117394305997666315e+00
-3.435347799999995289e+01 3.291581399226001237e-01 0.000000000000000000e+00 2.099612299352410449e+00
-3.375411399999994444e+01 3.234153286888562517e-01 0.000000000000000000e+00 2.938141092424586542e+00
-3.330924999999994185e+01 3.191528605114412054e-01 0.000000000000000000e+00 2.802583398609507448e+00
-3.392714799999993858e+01 3.250732554228936699e-01 0.000000000000000000e+00 2.538014758913075486e+00
-3.441949199999995557e+01 3.297906536217618534e-01 0.000000000000000000e+00 3.403847785522446046e+00
-3.421646199999995730e+01 3.278453199601021884e-01 0.000000000000000000e+00 2.320852399433352975e+00
-3.434272799999995129e+01 3.290551387067066624e-01 0.000000000000000000e+00 2.669012962038834313e+00
-3.377929199999995546e+01 3.236565719087414750e-01 0.000000000000000000e+00 3.111123451234979242e+00
-3.502882399999993623e+01 3.356289733317869284e-01 0.000000000000000000e+00 2.495460816338903154e+00
-3.377813799999994160e+01 3.236455148479840394e-01 0.000000000000000000e+00 2.387909770674939480e+00
-3.366666799999995874e+01 3.225774641004828247e-01 0.000000000000000000e+00 2.421572756438102214e+00
-3.427318399999995080e+01 3.283888022826981223e-01 0.000000000000000000e+00 2.524206033016154649e+00
-3.462928999999993351e+01 3.318008349326461714e-01 0.000000000000000000e+00 3.528912172942737513e+00
-3.436921999999994881e+01 3.293089720287018518e-01 0.000000000000000000e+00 2.213033382924756598e+00
-3.358688599999995006e+01 3.218130321929097981e-01 0.000000000000000000e+00 2.775200482084424269e+00
-3.413004999999994027e+01 3.270173626514710774e-01 0.000000000000000000e+00 2.738327844606167183e+00
-3.395182799999992795e+01 3.253097270515679651e-01 0.000000000000000000e+00 2.624278293711329368e+00
-3.427160599999994872e+01 3.283736826623557814e-01 0.000000000000000000e+00 2.436976770128400638e+00
-3.328800599999993892e+01 3.189493109458188536e-01 0.000000000000000000e+00 2.194765299056697483e+00
-3.367117999999993572e+01 3.226206958666324454e-01 0.000000000000000000e+00 2.391242272471897579e+00
-3.400141199999992381e+01 3.257848165668106311e-01 0.000000000000000000e+00 2.319242203009030057e+00
-3.327771399999993918e+01 3.188506980607979102e-01 0.000000000000000000e+00 2.290861692804608385e+00
-3.411870799999994119e+01 3.269086891825722097e-01 0.000000000000000000e+00 2.479453960727985073e+00
-3.321764599999994516e+01 3.182751560109108868e-01 0.000000000000000000e+00 2.651223639558446532e+00
-3.360130799999993911e+01 3.219512167078505960e-01 0.000000000000000000e+00 2.417070013223498126e+00
-3.522606199999995624e+01 3.375188108964742861e-01 0.000000000000000000e+00 3.390875011854043830e+00
-3.378008199999994332e+01 3.236641413004209267e-01 0.000000000000000000e+00 2.902807596012988878e+00
-3.403528799999994447e+01 3.261093997472392925e-01 0.000000000000000000e+00 2.705621115392279119e+00
-3.410486599999994439e+01 3.267760619425353341e-01 0.000000000000000000e+00 2.284417040956869371e+00
-3.340645799999994381e+01 3.200842597853544858e-01 0.000000000000000000e+00 2.453372023952981706e+00
-3.402590599999993515e+01 3.260195060349124763e-01 0.000000000000000000e+00 2.707495275831614201e+00
-3.395624799999995247e+01 3.253520773189401694e-01 0.000000000000000000e+00 2.401312909175673305e+00
-3.395561799999995145e+01 3.253460409686134147e-01 0.000000000000000000e+00 2.775205640733600099e+00
-3.360842599999994462e+01 3.220194178850347977e-01 0.000000000000000000e+00 2.990518490858343092e+00
-3.425189999999994228e+01 3.281848694567375269e-01 0.000000000000000000e+00 2.498431975653869319e+00
-3.440200999999994025e+01 3.296231496909478587e-01 0.000000000000000000e+00 2.991318543145423003e+00
-3.397191599999994338e+01 3.255022003934162078e-01 0.000000000000000000e+00 3.119196790897856175e+00
-3.380827399999994753e+01 3.239342631867900280e-01 0.000000000000000000e+00 2.896475336800039990e+00
-3.421348199999995643e+01 3.278167670649057008e-01 0.000000000000000000e+00 2.813703374787201117e+00
-3.388151599999993380e+01 3.246360320290658241e-01 0.000000000000000000e+00 2.459907670055109463e+00
-3.340069199999995675e+01 3.200290128076019314e-01 0.000000000000000000e+00 2.035937136994641072e+00
-3.343169799999994041e+01 3.203260970587638035e-01 0.000000000000000000e+00 2.922830672584716183e+00
-3.475942999999995209e+01 3.330477724430063180e-01 0.000000000000000000e+00 3.508579464870809961e+00
-3.379623199999993233e+01 3.238188826619723404e-01 0.000000000000000000e+00 2.594336841321569942e+00
-3.400830799999994980e+01 3.258508906491179857e-01 0.000000000000000000e+00 2.743754477769245081e+00
-3.363386399999996001e+01 3.222631522971183826e-01 0.000000000000000000e+00 2.689446461072192207e+00
-3.483276999999994672e+01 3.337504802731108278e-01 0.000000000000000000e+00 3.211212939581137515e+00
-3.337927999999994455e+01 3.198238535485590228e-01 0.000000000000000000e+00 2.343439478694304690e+00
-3.373422999999992555e+01 3.232248099747328518e-01 0.000000000000000000e+00 2.595345311973696223e+00
-3.400635999999992976e+01 3.258322258706470298e-01 0.000000000000000000e+00 2.404679718777324116e+00
-3.418161599999996270e+01 3.275114427164722564e-01 0.000000000000000000e+00 2.676364470986639432e+00
-3.417401799999995404e+01 3.274386424152295749e-01 0.000000000000000000e+00 3.079706614663156206e+00
-3.381843599999994154e+01 3.240316304757117627e-01 0.000000000000000000e+00 3.018061475484225653e+00
-3.430929399999994445e+01 3.287347905530154102e-01 0.000000000000000000e+00 2.378100572238442734e+00
-3.413769999999994553e+01 3.270906611911534312e-01 0.000000000000000000e+00 2.766712845032654577e+00
-3.430066999999993982e+01 3.286521596240976617e-01 0.000000000000000000e+00 2.455469611958682297e+00
-3.359865599999994146e+01 3.219258065474274177e-01 0.000000000000000000e+00 2.441104218032684958e+00
-3.405103399999993741e+01 3.262602701793748117e-01 0.000000000000000000e+00 2.362079112087826172e+00
-3.416004999999994851e+01 3.273048079051272263e-01 0.000000000000000000e+00 2.954396977815482828e+00
-3.370224599999994552e+01 3.229183550083018495e-01 0.000000000000000000e+00 2.229267021243538593e+00
-3.409840399999993821e+01 3.267141462348977510e-01 0.000000000000000000e+00 2.287245487212011152e+00
-3.398273999999996420e+01 3.256059106409355253e-01 0.000000000000000000e+00 2.344995088879438416e+00
-3.376130399999994580e+01 3.234842197346491921e-01 0.000000000000000000e+00 2.947572657235240090e+00
-3.437077199999994548e+01 3.293238425298243288e-01 0.000000000000000000e+00 2.378447784045364166e+00
-3.447403399999995344e+01 3.303132482559255068e-01 0.000000000000000000e+00 3.081222619079523550e+00
-3.368349799999995042e+01 3.227387208877837699e-01 0.000000000000000000e+00 2.807834774916124765e+00
-3.406169599999994801e+01 3.263624282225243145e-01 0.000000000000000000e+00 2.694391032786369600e+00
-3.394949599999994660e+01 3.252873829738505695e-01 0.000000000000000000e+00 2.895819935383699750e+00
-3.430782199999994475e+01 3.287206865725693650e-01 0.000000000000000000e+00 3.095237994197414189e+00
-3.372472799999995630e+01 3.231337664813918042e-01 0.000000000000000000e+00 2.686966424667210696e+00
-3.339432799999995183e+01 3.199680360877930063e-01 0.000000000000000000e+00 2.609914887581624487e+00
-3.407871199999992484e+01 3.265254671703977651e-01 0.000000000000000000e+00 2.636766688340747233e+00
-3.418095799999993289e+01 3.275051380839084647e-01 0.000000000000000000e+00 2.803216022810481878e+00
-3.338623599999993274e+01 3.198905025213732989e-01 0.000000000000000000e+00 2.489042989329696809e+00
-3.439039199999994167e+01 3.295118317257153540e-01 0.000000000000000000e+00 2.984046280738943402e+00
-3.387392199999992926e+01 3.245632700538569893e-01 0.000000000000000000e+00 2.982586773139902281e+00
-3.364684199999994263e+01 3.223875011138497837e-01 0.000000000000000000e+00 2.877591929050638431e+00
-3.405059599999994191e+01 3.262560734786714711e-01 0.000000000000000000e+00 2.693357870797316700e+00
-3.353678199999995257e+01 3.213329602932703533e-01 0.000000000000000000e+00 2.935084616486440368e+00
-3.363631799999993888e+01 3.222866653188672381e-01 0.000000000000000000e+00 2.488714059423404290e+00
-3.376441199999994325e+01 3.235139990629279372e-01 0.000000000000000000e+00 2.522353553237791424e+00
-3.326489799999995256e+01 3.187279014484361572e-01 0.000000000000000000e+00 2.526286914373213843e+00
-3.448674599999991131e+01 3.304350483914075820e-01 0.000000000000000000e+00 2.890917521382853739e+00
-3.421433799999994818e+01 3.278249688361432601e-01 0.000000000000000000e+00 2.453000698414127712e+00
-3.377132599999995222e+01 3.235802456123872961e-01 0.000000000000000000e+00 2.696370809804103708e+00
-3.336453599999993713e+01 3.196825837878954912e-01 0.000000000000000000e+00 2.114177616723472930e+00
-3.338396199999994707e+01 3.198687141711463178e-01 0.000000000000000000e+00 2.499150187312365379e+00
-3.434632799999993580e+01 3.290896321371452604e-01 0.000000000000000000e+00 2.733717125017165905e+00
-3.418780399999993591e+01 3.275707330907928205e-01 0.000000000000000000e+00 3.348507259338469044e+00
-3.373128199999993626e+01 3.231965636878070258e-01 0.000000000000000000e+00 3.018937681925464744e+00
-3.421210999999993163e+01 3.278036212353049317e-01 0.000000000000000000e+00 2.687952126704369338e+00
-3.345378399999994912e+01 3.205377142545054459e-01 0.000000000000000000e+00 2.752113240737455335e+00
-3.398282799999992676e+01 3.256067538136792061e-01 0.000000000000000000e+00 2.201186472446350351e+00
-3.376525599999993688e+01 3.235220858560640678e-01 0.000000000000000000e+00 2.820187459430183896e+00
-3.456306799999993729e+01 3.311663282797258079e-01 0.000000000000000000e+00 2.674707914984513213e+00
-3.373883799999995148e+01 3.232689615656946791e-01 0.000000000000000000e+00 2.997394218713948177e+00
-3.434801799999993221e+01 3.291058248864345281e-01 0.000000000000000000e+00 2.675593081213656355e+00
-3.390732199999995089e+01 3.248832924362609620e-01 0.000000000000000000e+00 2.507991705702940610e+00
-3.321043199999993334e+01 3.182060350089149781e-01 0.000000000000000000e+00 2.776425591371070478e+00
-3.387637399999993448e+01 3.245867639125891713e-01 0.000000000000000000e+00 2.375624492766123197e+00
-3.363388399999993794e+01 3.222633439272872824e-01 0.000000000000000000e+00 3.184856629306312303e+00
-3.389410999999995511e+01 3.247567015465508411e-01 0.000000000000000000e+00 2.448734358455981308e+00
-3.421023599999995213e+01 3.277856654884600540e-01 0.000000000000000000e+00 2.509535130661501690e+00
-3.348946199999993212e+01 3.208795633131700242e-01 0.000000000000000000e+00 2.527441658980779771e+00
-3.321242799999993167e+01 3.182251596997915377e-01 0.000000000000000000e+00 2.610928988046634203e+00
-3.439565799999994766e+01 3.295622879492405288e-01 0.000000000000000000e+00 2.349045115828551911e+00
-3.368432799999994387e+01 3.227466735398015207e-01 0.000000000000000000e+00 2.068056278862210107e+00
-3.385984799999994266e+01 3.244284199038586225e-01 0.000000000000000000e+00 3.166157697358332079e+00
-3.428539199999995901e+01 3.285057733379193046e-01 0.000000000000000000e+00 2.397548791413446789e+00
-3.355371799999993243e+01 3.214952327204674831e-01 0.000000000000000000e+00 2.798449733041419751e+00
-3.265940199999995741e+01 3.129263364048451290e-01 0.000000000000000000e+00 1.926128717495171339e+00
-3.384929999999993555e+01 3.243273541526730530e-01 0.000000000000000000e+00 2.321849479108488712e+00
-3.398660999999994203e+01 3.256429910786569071e-01 0.000000000000000000e+00 2.306222377667106915e+00
-3.363580599999993836e+01 3.222817595865381524e-01 0.000000000000000000e+00 2.429977150402609531e+00
-3.372563999999993456e+01 3.231425048171027714e-01 0.000000000000000000e+00 3.083520731340404275e+00
-3.305860199999992943e+01 3.167512745801615570e-01 0.000000000000000000e+00 3.200126578745903672e+00
-3.433072599999992036e+01 3.289401414422270520e-01 0.000000000000000000e+00 2.441482279794283450e+00
-3.398477999999996513e+01 3.256254569181841196e-01 0.000000000000000000e+00 2.555563152628145041e+00
-3.501750199999993640e+01 3.355204914930571269e-01 0.000000000000000000e+00 2.824973569340199386e+00
-3.380382999999993388e+01 3.238916829632150218e-01 0.000000000000000000e+00 3.128489666312200601e+00
-3.386919399999994340e+01 3.245179686818809306e-01 0.000000000000000000e+00 3.510623606458867396e+00
-3.396442999999993617e+01 3.254304732211205087e-01 0.000000000000000000e+00 2.341090147578881009e+00
-3.407718599999995490e+01 3.265108457884954296e-01 0.000000000000000000e+00 2.369095042544747010e+00
-3.365147199999995564e+01 3.224318634979975173e-01 0.000000000000000000e+00 2.806912755067677789e+00
-3.344840599999994168e+01 3.204861849020332887e-01 0.000000000000000000e+00 2.511799942566841803e+00
-3.488004599999994326e+01 3.342034556668389000e-01 0.000000000000000000e+00 2.443785448245108238e+00
-3.342105199999994625e+01 3.202240923197497424e-01 0.000000000000000000e+00 2.215084999645052566e+00
-3.248290599999995010e+01 3.112352384885357370e-01 0.000000000000000000e+00 2.459777232987416351e+00
-3.472804999999996056e+01 3.327471047076821509e-01 0.000000000000000000e+00 3.040026019741782992e+00
-3.365569199999993799e+01 3.224722974636782813e-01 0.000000000000000000e+00 2.440372221968102551e+00
-3.433442399999993455e+01 3.289755738604945301e-01 0.000000000000000000e+00 2.965288863545449960e+00
-3.384746399999994537e+01 3.243097625031494124e-01 0.000000000000000000e+00 2.494050491802562775e+00
-3.431434999999993352e+01 3.287832346597647781e-01 0.000000000000000000e+00 2.055410104105894753e+00
-3.396287799999995372e+01 3.254156027199981982e-01 0.000000000000000000e+00 2.980947427305553621e+00
-3.428462799999994814e+01 3.284984530654594392e-01 0.000000000000000000e+00 2.645478994725021238e+00
-3.315669799999994893e+01 3.176911822335832802e-01 0.000000000000000000e+00 2.715996146066946615e+00
-3.385667999999994038e+01 3.243980656850725119e-01 0.000000000000000000e+00 2.087400581071726879e+00
-3.459232399999994101e+01 3.314466448910912133e-01 0.000000000000000000e+00 2.825380840803553451e+00
-3.355323199999993733e+01 3.214905761073582613e-01 0.000000000000000000e+00 2.310520925691122773e+00
-3.352229399999994541e+01 3.211941433987713368e-01 0.000000000000000000e+00 2.323570317456661982e+00
-3.312744599999994222e+01 3.174109039482516104e-01 0.000000000000000000e+00 2.412337014138326463e+00
-3.304761999999995226e+01 3.166460504543067711e-01 0.000000000000000000e+00 2.327935650122467059e+00
-3.408053799999994737e+01 3.265429630048372056e-01 0.000000000000000000e+00 2.352148157515816074e+00
-3.322687199999995045e+01 3.183635550079186305e-01 0.000000000000000000e+00 3.004095513151566088e+00
-3.418839999999993751e+01 3.275764436698321291e-01 0.000000000000000000e+00 2.971707499439038891e+00
-3.314702799999993488e+01 3.175985290468213429e-01 0.000000000000000000e+00 2.250958379508334328e+00
-3.410497999999993368e+01 3.267771542344991009e-01 0.000000000000000000e+00 2.571183362350550006e+00
-3.422631799999995650e+01 3.279397553074366312e-01 0.000000000000000000e+00 2.696323660111442422e+00
-3.276231399999995375e+01 3.139123886029868693e-01 0.000000000000000000e+00 2.098505845028838301e+00
-3.281088199999994259e+01 3.143777433056390569e-01 0.000000000000000000e+00 2.432502886785168350e+00
-3.432118199999995056e+01 3.288486955255309208e-01 0.000000000000000000e+00 3.227659873948144575e+00
-3.376632999999992535e+01 3.235323763961448496e-01 0.000000000000000000e+00 2.257573123954128125e+00
-3.440970799999992380e+01 3.296969081430358717e-01 0.000000000000000000e+00 2.507400674596233614e+00
-3.496989399999995385e+01 3.350643350385220098e-01 0.000000000000000000e+00 2.524583467826769567e+00
-3.227951799999993909e+01 3.092864746468489967e-01 0.000000000000000000e+00 2.392894731667995156e+00
-3.429509399999993491e+01 3.285987331329514594e-01 0.000000000000000000e+00 2.402745263480037696e+00
-3.432097799999992560e+01 3.288467408978058004e-01 0.000000000000000000e+00 2.950585276629474230e+00
-3.359455199999994335e+01 3.218864840367273161e-01 0.000000000000000000e+00 2.882646552451339161e+00
-3.503858999999992818e+01 3.357225463433603507e-01 0.000000000000000000e+00 3.513000646128173976e+00
-3.470219199999993975e+01 3.324993460620473407e-01 0.000000000000000000e+00 2.879409591196561369e+00
-3.331576599999994670e+01 3.192152936205353564e-01 0.000000000000000000e+00 2.997491737841537329e+00
-3.305698199999994813e+01 3.167357525364643545e-01 0.000000000000000000e+00 2.935505126060466985e+00
-3.387664399999992781e+01 3.245893509198720106e-01 0.000000000000000000e+00 2.856449862156545283e+00
-3.378539199999994480e+01 3.237150191103180807e-01 0.000000000000000000e+00 2.497353768691164433e+00
-3.322213599999994926e+01 3.183181769838748232e-01 0.000000000000000000e+00 2.368552951134356377e+00
-3.319627599999995482e+01 3.180703991752233395e-01 0.000000000000000000e+00 2.508752997214820368e+00
-3.475973199999993568e+01 3.330506660585596523e-01 0.000000000000000000e+00 2.770051352726774052e+00
-3.431617199999992351e+01 3.288006921681700945e-01 0.000000000000000000e+00 3.625511248603918268e+00
-3.460374399999994921e+01 3.315560657176497283e-01 0.000000000000000000e+00 2.461192819551962785e+00
-3.438159799999994704e+01 3.294275719403603753e-01 0.000000000000000000e+00 2.556395960303204262e+00
-3.376102599999995846e+01 3.234815560752987706e-01 0.000000000000000000e+00 3.125349734243734190e+00
-3.378542199999994011e+01 3.237153065555716802e-01 0.000000000000000000e+00 2.167671421836451451e+00
-3.251649199999994266e+01 3.115570430315120487e-01 0.000000000000000000e+00 2.350395056055749610e+00
-3.360317999999993788e+01 3.219691532916787446e-01 0.000000000000000000e+00 2.636660907935326925e+00
-3.356501999999994013e+01 3.216035229290282182e-01 0.000000000000000000e+00 2.697287271285426780e+00
-3.466103799999993385e+01 3.321050286630818915e-01 0.000000000000000000e+00 2.902458877975603091e+00
-3.443080199999995727e+01 3.298990204823902261e-01 0.000000000000000000e+00 3.153628173863536333e+00
-3.333265999999995444e+01 3.193771636243776246e-01 0.000000000000000000e+00 2.674495432296293274e+00
-3.308145199999991348e+01 3.169702120483627872e-01 0.000000000000000000e+00 2.622545240078535400e+00
-3.370065199999994121e+01 3.229030820838242333e-01 0.000000000000000000e+00 2.821205617221549389e+00
-3.384490599999994487e+01 3.242852530045209902e-01 0.000000000000000000e+00 2.396891934700081883e+00
-3.277843599999992819e+01 3.140668616823014125e-01 0.000000000000000000e+00 2.881373270778986306e+00
-3.361698199999995751e+01 3.221013972713775986e-01 0.000000000000000000e+00 2.797113582681297395e+00
-3.342154599999992826e+01 3.202288255849264353e-01 0.000000000000000000e+00 2.454240508964518952e+00
-3.361099999999995447e+01 3.220440806877985507e-01 0.000000000000000000e+00 2.452097389352364765e+00
-3.330657599999994289e+01 3.191272395578320098e-01 0.000000000000000000e+00 2.362913003571753379e+00
-3.449382399999993964e+01 3.305028663082538176e-01 0.000000000000000000e+00 2.817640544678143399e+00
-3.287779999999994374e+01 3.150189186884442827e-01 0.000000000000000000e+00 2.060246125828149477e+00
-3.399068999999995810e+01 3.256820836331543179e-01 0.000000000000000000e+00 2.331465925359216929e+00
-3.355795599999992618e+01 3.215358391533005289e-01 0.000000000000000000e+00 1.739396485857706232e+00
-3.418492199999992920e+01 3.275431191834248246e-01 0.000000000000000000e+00 2.404255363484595343e+00
-3.329169999999994189e+01 3.189847050380524296e-01 0.000000000000000000e+00 2.547447201502798464e+00
-3.499530599999994962e+01 3.353078203313855643e-01 0.000000000000000000e+00 3.067446561497104263e+00
-3.462560799999994998e+01 3.317655558185142461e-01 0.000000000000000000e+00 2.795259059701701965e+00
-3.312857599999993141e+01 3.174217310528059111e-01 0.000000000000000000e+00 2.040693778398895208e+00
-3.337430199999992908e+01 3.197761567994689136e-01 0.000000000000000000e+00 2.754658989031953276e+00
-3.328235199999993199e+01 3.188951370970130594e-01 0.000000000000000000e+00 2.372100182806089919e+00
-3.387293399999994392e+01 3.245538035235033814e-01 0.000000000000000000e+00 2.873046512725972335e+00
-3.301696399999995180e+01 3.163523197311041146e-01 0.000000000000000000e+00 2.817756611046268400e+00
-3.430037199999994613e+01 3.286493043345781184e-01 0.000000000000000000e+00 3.314998983258677256e+00
-3.432945199999993235e+01 3.289279346004552185e-01 0.000000000000000000e+00 2.501431511628830595e+00
-3.548703199999993529e+01 3.400192971580281442e-01 0.000000000000000000e+00 3.396327144445447477e+00
-3.386756399999994471e+01 3.245023508230989728e-01 0.000000000000000000e+00 2.612043876049573665e+00
-3.510640399999994798e+01 3.363723067577416015e-01 0.000000000000000000e+00 2.295003838993288969e+00
-3.403577199999993042e+01 3.261140371973314522e-01 0.000000000000000000e+00 2.508165462220294462e+00
-3.464494199999992219e+01 3.319508047029868791e-01 0.000000000000000000e+00 2.895395187596953246e+00
-3.477805599999994968e+01 3.332262376194928821e-01 0.000000000000000000e+00 2.997201308100069905e+00
-3.349795199999994821e+01 3.209609103199548286e-01 0.000000000000000000e+00 2.642239259480374081e+00
-3.385503599999994861e+01 3.243823136851722300e-01 0.000000000000000000e+00 2.810935147156404135e+00
-3.515857599999994676e+01 3.368721932168664002e-01 0.000000000000000000e+00 2.698245891375964156e+00
-3.459521799999993164e+01 3.314743737765604714e-01 0.000000000000000000e+00 3.007931626411691539e+00
-3.489789399999995112e+01 3.343744664297474412e-01 0.000000000000000000e+00 2.477115389906801912e+00
-3.365358599999994027e+01 3.224521188068716904e-01 0.000000000000000000e+00 2.344468601805646646e+00
-3.492974399999992841e+01 3.346796374740453883e-01 0.000000000000000000e+00 3.057321026495997796e+00
-3.428315599999994134e+01 3.284843490850132830e-01 0.000000000000000000e+00 2.885133442087298938e+00
-3.354966799999991878e+01 3.214564276112237828e-01 0.000000000000000000e+00 2.544303176890551743e+00
-3.540322799999992753e+01 3.392163284234483434e-01 0.000000000000000000e+00 2.873257564847878420e+00
-3.344943599999993467e+01 3.204960538557420913e-01 0.000000000000000000e+00 3.044786129508686212e+00
-3.314319399999995142e+01 3.175617935434042471e-01 0.000000000000000000e+00 2.706311284395134908e+00
-3.716865599999993464e+01 3.561317917324989812e-01 0.000000000000000000e+00 2.636427484623995010e+00
-3.770324999999994020e+01 3.612540086635993575e-01 0.000000000000000000e+00 2.588374543858157129e+00
-3.744959199999992450e+01 3.588235823918695666e-01 0.000000000000000000e+00 2.256284399012740138e+00
-3.841168599999994626e+01 3.680418941875689964e-01 0.000000000000000000e+00 3.399169888949864937e+00
-3.772165199999992780e+01 3.614303275821919015e-01 0.000000000000000000e+00 2.546344736294864131e+00
-3.821422599999993253e+01 3.661499295280046806e-01 0.000000000000000000e+00 3.010983068251459116e+00
-3.761855799999993621e+01 3.604425315495113358e-01 0.000000000000000000e+00 3.154347788296546273e+00
-3.788102999999993870e+01 3.629574092367651716e-01 0.000000000000000000e+00 2.784119927228696501e+00
-3.782390599999994407e+01 3.624100751477702942e-01 0.000000000000000000e+00 2.526705054550472340e+00
-3.812822399999993195e+01 3.653259006378403728e-01 0.000000000000000000e+00 2.989530059185175670e+00
-3.732611799999995128e+01 3.576405152168721790e-01 0.000000000000000000e+00 2.419353079254239258e+00
-3.769561199999992596e+01 3.611808251020183769e-01 0.000000000000000000e+00 2.219812438399408006e+00
-3.745535199999994802e+01 3.588787718805717675e-01 0.000000000000000000e+00 2.793759967942988531e+00
-3.836040999999994483e+01 3.675505927600200562e-01 0.000000000000000000e+00 2.682882393786370390e+00
-3.775905799999993206e+01 3.617887334874672067e-01 0.000000000000000000e+00 2.694073971117820321e+00
-3.707907599999992954e+01 3.552734802050819263e-01 0.000000000000000000e+00 2.867119823982727578e+00
-3.799287799999995485e+01 3.640290817944628055e-01 0.000000000000000000e+00 3.315709473924202122e+00
-3.775947599999992832e+01 3.617927385580014810e-01 0.000000000000000000e+00 2.427537444379102460e+00
-3.722997199999994677e+01 3.567192915049383073e-01 0.000000000000000000e+00 2.678011522296256608e+00
-3.730495599999992606e+01 3.574377513349429325e-01 0.000000000000000000e+00 2.518630453576071293e+00
-3.754817199999992994e+01 3.597681274953834496e-01 0.000000000000000000e+00 2.383007218632910984e+00
-3.774412199999992623e+01 3.616456240771802610e-01 0.000000000000000000e+00 2.441430851186916939e+00
-3.803053199999992273e+01 3.643898639138346551e-01 0.000000000000000000e+00 3.204171706482382032e+00
-3.757756999999993752e+01 3.600498046809495478e-01 0.000000000000000000e+00 2.543778427295056765e+00
-3.788287799999993410e+01 3.629751158643903519e-01 0.000000000000000000e+00 3.218837080032778353e+00
-3.771018999999994037e+01 3.613205043322784693e-01 0.000000000000000000e+00 2.807434621111982498e+00
-3.765900399999992487e+01 3.608300652404903275e-01 0.000000000000000000e+00 2.846113565666469558e+00
-3.751530199999993442e+01 3.594531833124610110e-01 0.000000000000000000e+00 2.828264873012277913e+00
-3.858102999999994154e+01 3.696644651554067407e-01 0.000000000000000000e+00 3.338723274325869017e+00
-3.755855599999997452e+01 3.598676218791826975e-01 0.000000000000000000e+00 2.982634741173744164e+00
-3.764139599999993635e+01 3.606613540396112483e-01 0.000000000000000000e+00 3.218953023273940950e+00
-3.777791199999993665e+01 3.619693832478816375e-01 0.000000000000000000e+00 2.621864934045954332e+00
-3.782471999999994239e+01 3.624178744956528253e-01 0.000000000000000000e+00 2.922421087130506745e+00
-3.722785599999992456e+01 3.566990170330468501e-01 0.000000000000000000e+00 2.340471900371436931e+00
-3.799680799999993042e+01 3.640667371226914972e-01 0.000000000000000000e+00 3.595316568399236967e+00
-3.755014399999993202e+01 3.597870222300570964e-01 0.000000000000000000e+00 2.771860570280321401e+00
-3.769250999999994889e+01 3.611511032627905959e-01 0.000000000000000000e+00 2.766780511768692108e+00
-3.747305799999994491e+01 3.590484220692795048e-01 0.000000000000000000e+00 2.348799393680425673e+00
-3.701639599999992924e+01 3.546729112551098573e-01 0.000000000000000000e+00 2.477371023864375577e+00
-3.777962199999992521e+01 3.619857676273399161e-01 0.000000000000000000e+00 2.414439437109720643e+00
-3.808082199999993378e+01 3.648717179740468830e-01 0.000000000000000000e+00 2.697434202774738221e+00
-3.745937799999992990e+01 3.589173470336122218e-01 0.000000000000000000e+00 2.822166439678652772e+00
-3.811133999999991318e+01 3.651641264490825822e-01 0.000000000000000000e+00 2.881411400790601984e+00
-3.728223999999993765e+01 3.572200977888747020e-01 0.000000000000000000e+00 2.679898514813008781e+00
-3.751097199999993137e+01 3.594116953808499382e-01 0.000000000000000000e+00 2.624593693849380571e+00
-3.750778799999993396e+01 3.593811878579286079e-01 0.000000000000000000e+00 2.544850270258815161e+00
-3.734311199999991970e+01 3.578033433715596123e-01 0.000000000000000000e+00 2.626316738853834210e+00
-3.718319799999991915e+01 3.562711260284543990e-01 0.000000000000000000e+00 2.526022953340692823e+00
-3.700952399999993503e+01 3.546070671290057486e-01 0.000000000000000000e+00 3.116083507429921795e+00
-3.745924799999992416e+01 3.589161014375130132e-01 0.000000000000000000e+00 2.577905763081592916e+00
-3.764611999999995362e+01 3.607066170855537934e-01 0.000000000000000000e+00 2.981757180190258705e+00
-3.790734599999993293e+01 3.632095562132722222e-01 0.000000000000000000e+00 2.613906126753366532e+00
-3.834292799999991530e+01 3.673830888292059504e-01 0.000000000000000000e+00 3.045339980624810483e+00
-3.760261199999992954e+01 3.602897448156846538e-01 0.000000000000000000e+00 2.473446237939235015e+00
-3.794316199999995121e+01 3.635527275201039243e-01 0.000000000000000000e+00 2.543383340339232301e+00
-3.780052199999995111e+01 3.621860211540539054e-01 0.000000000000000000e+00 2.703909651962460803e+00
-3.787244599999993255e+01 3.628751615681856668e-01 0.000000000000000000e+00 2.780643736071475747e+00
-3.767508599999992214e+01 3.609841550594669046e-01 0.000000000000000000e+00 2.061132588377740493e+00
-3.772058199999993633e+01 3.614200753681449108e-01 0.000000000000000000e+00 3.161060289333951001e+00
-3.742517199999992528e+01 3.585896019553935221e-01 0.000000000000000000e+00 2.518673054601520800e+00
-3.757896199999995446e+01 3.600631421407193278e-01 0.000000000000000000e+00 2.843514459497207714e+00
-3.760142599999991830e+01 3.602783811466566677e-01 0.000000000000000000e+00 2.507687551567553186e+00
-3.782714199999993099e+01 3.624410809091311858e-01 0.000000000000000000e+00 2.444691983952170578e+00
-3.753209799999993379e+01 3.596141143284745656e-01 0.000000000000000000e+00 3.084388809288583833e+00
-3.786294199999993282e+01 3.627840989118274462e-01 0.000000000000000000e+00 2.578372671701625318e+00
-3.774770799999992477e+01 3.616799833665005903e-01 0.000000000000000000e+00 2.852617865541061004e+00
-3.760740799999993556e+01 3.603356977302358266e-01 0.000000000000000000e+00 2.391070697055857952e+00
-3.739768999999991905e+01 3.583262829400276073e-01 0.000000000000000000e+00 2.469530912701413783e+00
-3.756203399999994019e+01 3.599009463655895580e-01 0.000000000000000000e+00 2.542888567815599465e+00
-3.800685199999991681e+01 3.641629737936154521e-01 0.000000000000000000e+00 3.586195540210019406e+00
-3.801285599999991405e+01 3.642205011703804618e-01 0.000000000000000000e+00 2.887527701745469688e+00
-3.787124199999994545e+01 3.628636254320057319e-01 0.000000000000000000e+00 2.732666382088003942e+00
-3.759062999999992627e+01 3.601749391813743872e-01 0.000000000000000000e+00 2.664102927058110915e+00
-3.787520199999993054e+01 3.629015682054881897e-01 0.000000000000000000e+00 2.446034483844734098e+00
-3.796408399999992866e+01 3.637531918400034314e-01 0.000000000000000000e+00 2.330693483425224866e+00
-3.805646999999992630e+01 3.646383890801457306e-01 0.000000000000000000e+00 2.588576491358938636e+00
-3.834425199999996181e+01 3.673957747464010604e-01 0.000000000000000000e+00 2.631176646127596719e+00
-3.804654799999994452e+01 3.645433213532534023e-01 0.000000000000000000e+00 2.621180334189044725e+00
-3.800709199999993615e+01 3.641652733556448585e-01 0.000000000000000000e+00 2.788719422116339164e+00
-3.805855999999992889e+01 3.646584144328171573e-01 0.000000000000000000e+00 2.272276905074143816e+00
-3.730794599999990879e+01 3.574664000452238422e-01 0.000000000000000000e+00 2.351038394412996002e+00
-3.802300799999992620e+01 3.643177726442177744e-01 0.000000000000000000e+00 2.648789677092294959e+00
-3.721177999999993347e+01 3.565449847031211261e-01 0.000000000000000000e+00 2.580989121960178156e+00
-3.734108999999994438e+01 3.577839695614634108e-01 0.000000000000000000e+00 2.267575826112925075e+00
-3.736863999999993524e+01 3.580479401194041622e-01 0.000000000000000000e+00 3.226627276932126254e+00
-3.757506599999992147e+01 3.600258125837775824e-01 0.000000000000000000e+00 3.109007931288069848e+00
-3.781679799999994174e+01 3.623419697856706811e-01 0.000000000000000000e+00 3.073999400444859198e+00
-3.750711799999993445e+01 3.593747682472636096e-01 0.000000000000000000e+00 2.536106324937875467e+00
-3.759899799999995906e+01 3.602551172441278426e-01 0.000000000000000000e+00 2.242589519174453816e+00
-3.733207399999995602e+01 3.576975826812314185e-01 0.000000000000000000e+00 2.344730160806129060e+00
-3.777026799999993756e+01 3.618961421972500814e-01 0.000000000000000000e+00 2.335463696344999729e+00
-3.763554999999993100e+01 3.606053405411820956e-01 0.000000000000000000e+00 3.158079946323991027e+00
-3.724750799999992523e+01 3.568873128372084813e-01 0.000000000000000000e+00 2.373935679763149231e+00
-3.718724799999992570e+01 3.563099311376980438e-01 0.000000000000000000e+00 2.324886951807082713e+00
-3.775769799999994802e+01 3.617757026359683104e-01 0.000000000000000000e+00 2.947123033972232964e+00
-3.774214599999994135e+01 3.616266910164729342e-01 0.000000000000000000e+00 2.381368057172433605e+00
-3.775190199999993723e+01 3.617201682129618234e-01 0.000000000000000000e+00 2.812773369878737384e+00
-3.816779999999992157e+01 3.657050984164633700e-01 0.000000000000000000e+00 2.970143475159122026e+00
-3.740528599999993986e+01 3.583990640782535042e-01 0.000000000000000000e+00 2.736891700525996729e+00
-3.775074799999993047e+01 3.617091111522044988e-01 0.000000000000000000e+00 2.525920995448686757e+00
-3.781329999999994129e+01 3.623084536690943658e-01 0.000000000000000000e+00 2.517928238802204621e+00
-3.727296999999995109e+01 3.571312772054950901e-01 0.000000000000000000e+00 2.477521911205842642e+00
-3.758114599999992578e+01 3.600840681551852329e-01 0.000000000000000000e+00 2.283259872979769067e+00
-3.703174799999995059e+01 3.548200065729143482e-01 0.000000000000000000e+00 2.487861960852849830e+00
-3.893262799999993007e+01 3.730333043652387937e-01 0.000000000000000000e+00 3.133888588264191366e+00
-3.741390399999993122e+01 3.584816375181203441e-01 0.000000000000000000e+00 2.521606246143497376e+00
-3.737120399999994191e+01 3.580725071070833265e-01 0.000000000000000000e+00 2.817079405080605170e+00
-3.745272599999992735e+01 3.588536108393681756e-01 0.000000000000000000e+00 1.920743234020190426e+00
-3.783865599999992213e+01 3.625514023974842903e-01 0.000000000000000000e+00 2.331666226192692370e+00
-3.794811599999992779e+01 3.636001943129907876e-01 0.000000000000000000e+00 2.999210691677853813e+00
-3.739204799999994577e+01 3.582722240693236304e-01 0.000000000000000000e+00 2.581054066977797046e+00
-3.749152799999995267e+01 3.592253925304471629e-01 0.000000000000000000e+00 2.974238874882890737e+00
-3.782215799999993777e+01 3.623933266709905010e-01 0.000000000000000000e+00 2.521610304530648605e+00
-3.796899799999992808e+01 3.638002753725523286e-01 0.000000000000000000e+00 2.830223579631657493e+00
-3.788098199999994620e+01 3.629569493243594014e-01 0.000000000000000000e+00 2.786789631344586127e+00
-3.767014599999993862e+01 3.609368224076983656e-01 0.000000000000000000e+00 2.909209298921844322e+00
-3.838667599999994451e+01 3.678022606611043854e-01 0.000000000000000000e+00 2.788927281743380338e+00
-3.794546599999993930e+01 3.635748033155846159e-01 0.000000000000000000e+00 2.472582830193087222e+00
-3.764436799999992900e+01 3.606898302827400427e-01 0.000000000000000000e+00 2.501300426904437213e+00
-3.785963999999990648e+01 3.627524607709081139e-01 0.000000000000000000e+00 2.229204511375155295e+00
-3.763353599999993548e+01 3.605860433831533651e-01 0.000000000000000000e+00 2.438847031019188538e+00
-3.815798199999993301e+01 3.656110271664502753e-01 0.000000000000000000e+00 2.609529865795906733e+00
-3.685209599999993202e+01 3.530986694159201633e-01 0.000000000000000000e+00 2.226071514180634203e+00
-3.755090399999993167e+01 3.597943041764830596e-01 0.000000000000000000e+00 2.477673695831261735e+00
-3.657773999999994885e+01 3.504699250821848855e-01 0.000000000000000000e+00 3.004427150225164045e+00
-3.784459599999992463e+01 3.626083165577082545e-01 0.000000000000000000e+00 2.690435527129464433e+00
-3.736052599999992196e+01 3.579701957597984929e-01 0.000000000000000000e+00 2.399608802571322475e+00
-3.667560399999993592e+01 3.514076098256446734e-01 0.000000000000000000e+00 2.302674173362507570e+00
-3.744598399999993887e+01 3.587890123093633310e-01 0.000000000000000000e+00 2.770917878071117002e+00
-3.812333199999992672e+01 3.652790278984774930e-01 0.000000000000000000e+00 2.599920796108289078e+00
-3.798645599999992584e+01 3.639675493471631884e-01 0.000000000000000000e+00 2.512565243549895744e+00
-3.811317999999993589e+01 3.651817564246403469e-01 0.000000000000000000e+00 2.721148538259667404e+00
-3.807261199999991419e+01 3.647930537896295067e-01 0.000000000000000000e+00 2.970297113638447950e+00
-3.710271999999991976e+01 3.555000253909966212e-01 0.000000000000000000e+00 2.656263995566218838e+00
-3.794305599999994882e+01 3.635517118802076841e-01 0.000000000000000000e+00 2.590183199570518902e+00
-3.761710599999994997e+01 3.604286191992345234e-01 0.000000000000000000e+00 2.775445723993233305e+00
-3.814662199999993675e+01 3.655021812303992368e-01 0.000000000000000000e+00 2.908199605628502660e+00
-3.845892599999993422e+01 3.684945246469926716e-01 0.000000000000000000e+00 2.611337390803818881e+00
-3.780225799999992375e+01 3.622026546527318813e-01 0.000000000000000000e+00 2.481093546340590095e+00
-3.786367999999990985e+01 3.627911700650671700e-01 0.000000000000000000e+00 2.662518656225242975e+00
-3.801951999999992182e+01 3.642843523427259922e-01 0.000000000000000000e+00 2.725185099672083222e+00
-3.779285599999992940e+01 3.621125693102361098e-01 0.000000000000000000e+00 2.800417845529413086e+00
-3.767543199999993675e+01 3.609874702613925512e-01 0.000000000000000000e+00 2.529291189441393417e+00
-3.707771599999995260e+01 3.552604493535830854e-01 0.000000000000000000e+00 2.659240221966653550e+00
-3.756123399999994916e+01 3.598932811588254621e-01 0.000000000000000000e+00 2.137408024943985296e+00
-3.767766399999992899e+01 3.610088561882644487e-01 0.000000000000000000e+00 2.684600747831334733e+00
-3.753633199999994474e+01 3.596546824352739868e-01 0.000000000000000000e+00 2.201614988629386094e+00
-3.773203799999992469e+01 3.615298411290076008e-01 0.000000000000000000e+00 2.678063747054741484e+00
-3.771530799999992922e+01 3.613695424925520983e-01 0.000000000000000000e+00 2.743195117387125848e+00
-3.748488599999997462e+01 3.591617521512879274e-01 0.000000000000000000e+00 2.847859092141131754e+00
-3.729515999999993880e+01 3.573438908781159107e-01 0.000000000000000000e+00 2.447652561912817770e+00
-3.751285199999994546e+01 3.594297086167458355e-01 0.000000000000000000e+00 2.882713798302781960e+00
-3.750611399999992557e+01 3.593651484127745044e-01 0.000000000000000000e+00 3.123711594992552243e+00
-3.751570599999995181e+01 3.594570542418770720e-01 0.000000000000000000e+00 2.376764031913553676e+00
-3.798900399999990896e+01 3.639919630307069109e-01 0.000000000000000000e+00 2.608910208099012085e+00
-3.806691999999991083e+01 3.647385158435024755e-01 0.000000000000000000e+00 2.795960582733959310e+00
-3.806568599999992841e+01 3.647266922620688856e-01 0.000000000000000000e+00 2.727158827369797756e+00
-3.816092599999991108e+01 3.656392351273421992e-01 0.000000000000000000e+00 2.918460086360751049e+00
-3.865231599999990664e+01 3.703474925671439433e-01 0.000000000000000000e+00 2.776205703769156763e+00
-3.747868599999995354e+01 3.591023467988654905e-01 0.000000000000000000e+00 3.102602329456922714e+00
-3.768146199999995360e+01 3.610452467573775359e-01 0.000000000000000000e+00 2.902999354926388165e+00
-3.845000599999993085e+01 3.684090575915722199e-01 0.000000000000000000e+00 3.103788730633592063e+00
-3.825968999999991382e+01 3.665855432284118032e-01 0.000000000000000000e+00 2.653226731127152238e+00
-3.811162999999994128e+01 3.651669050865348209e-01 0.000000000000000000e+00 2.842746799765282439e+00
-3.778846399999994787e+01 3.620704873251010536e-01 0.000000000000000000e+00 2.470275607145195895e+00
-3.767181599999995001e+01 3.609528235268186225e-01 0.000000000000000000e+00 3.021961007065819160e+00
-3.777632999999994468e+01 3.619542253015056166e-01 0.000000000000000000e+00 2.964284449930710608e+00
-3.685411599999993371e+01 3.531180240629996914e-01 0.000000000000000000e+00 2.549148666552395692e+00
-3.676457599999992709e+01 3.522600957959208245e-01 0.000000000000000000e+00 2.692981999254185688e+00
-3.678526399999994823e+01 3.524583180428422780e-01 0.000000000000000000e+00 1.975117049364646382e+00
-3.792583799999994909e+01 3.633867374676260087e-01 0.000000000000000000e+00 2.761313315803978874e+00
-3.674274399999994500e+01 3.520509123033270238e-01 0.000000000000000000e+00 2.339824493906939917e+00
-3.886876399999992771e+01 3.724213909092557451e-01 0.000000000000000000e+00 3.264188697615443946e+00
-3.802310199999992335e+01 3.643186733060125304e-01 0.000000000000000000e+00 2.859128973881536417e+00
-3.809253399999992240e+01 3.649839366010740882e-01 0.000000000000000000e+00 2.700235754175041691e+00
-3.786110999999993965e+01 3.627665455883375967e-01 0.000000000000000000e+00 2.490129712150218388e+00
-3.806920399999994231e+01 3.647604000088144338e-01 0.000000000000000000e+00 3.233985338507398222e+00
-3.782440599999991093e+01 3.624148659019975627e-01 0.000000000000000000e+00 3.083792349578222236e+00
-3.781457399999995772e+01 3.623206605108664768e-01 0.000000000000000000e+00 3.187605324371830307e+00
-3.718049599999994115e+01 3.562452367926086660e-01 0.000000000000000000e+00 2.322528304159112267e+00
-3.793865599999992355e+01 3.635095532430045462e-01 0.000000000000000000e+00 2.860030776069489189e+00
-3.779802999999991897e+01 3.621621440349832022e-01 0.000000000000000000e+00 3.240605064761452159e+00
-3.796138799999992841e+01 3.637273600932082185e-01 0.000000000000000000e+00 2.851191825272549440e+00
-3.782047399999994042e+01 3.623771914107519754e-01 0.000000000000000000e+00 2.840931599040759092e+00
-3.777349799999993252e+01 3.619270904695603419e-01 0.000000000000000000e+00 2.872061027107589926e+00
-3.765038999999993052e+01 3.607475301266572787e-01 0.000000000000000000e+00 2.206687421009238204e+00
-3.721471599999994595e+01 3.565731160119456900e-01 0.000000000000000000e+00 2.712050886963367713e+00
-3.746651399999993970e+01 3.589857206779486498e-01 0.000000000000000000e+00 2.343576520206807068e+00
-3.760667599999992206e+01 3.603286840660465118e-01 0.000000000000000000e+00 2.873097951728459165e+00
-3.749297599999994191e+01 3.592392665546902397e-01 0.000000000000000000e+00 2.769747641464467502e+00
-3.804008399999994339e+01 3.644813864825989791e-01 0.000000000000000000e+00 2.413409332920187111e+00
-3.784371399999992747e+01 3.625998656672507758e-01 0.000000000000000000e+00 2.361949385657549971e+00
-3.811874999999992752e+01 3.652351254267357517e-01 0.000000000000000000e+00 2.848015516978355421e+00
-3.795046399999993270e+01 3.636226916948436250e-01 0.000000000000000000e+00 2.799908154681239658e+00
-3.791117399999995996e+01 3.632462342276390199e-01 0.000000000000000000e+00 2.815972751196074153e+00
-3.738241799999993020e+01 3.581799541428998812e-01 0.000000000000000000e+00 2.360378104978225977e+00
-3.743240999999993335e+01 3.586589529135923438e-01 0.000000000000000000e+00 2.604781836480085211e+00
-3.734322799999991105e+01 3.578044548265403302e-01 0.000000000000000000e+00 2.358465097082755868e+00
-3.818403199999992381e+01 3.658606254617082221e-01 0.000000000000000000e+00 2.513908747927229737e+00
-3.868869799999995962e+01 3.706960870077615766e-01 0.000000000000000000e+00 3.026872446414722084e+00
-3.812169999999992598e+01 3.652633908766785842e-01 0.000000000000000000e+00 2.487268736277735481e+00
-3.782217599999991364e+01 3.623934991381425053e-01 0.000000000000000000e+00 2.895388496712129722e+00
-3.757697199999993387e+01 3.600440749388932882e-01 0.000000000000000000e+00 2.528770340294972829e+00
-3.681786999999993526e+01 3.527707327075324528e-01 0.000000000000000000e+00 2.167484376861662732e+00
-3.689701799999992460e+01 3.535290899387447117e-01 0.000000000000000000e+00 2.690710012729357725e+00
-3.782383799999993812e+01 3.624094236051952911e-01 0.000000000000000000e+00 3.164782735765919952e+00
-3.807057599999993158e+01 3.647735458384148699e-01 0.000000000000000000e+00 3.291859196367777685e+00
-3.811201599999992595e+01 3.651706035487983781e-01 0.000000000000000000e+00 3.041835207907332084e+00
-3.773205999999992599e+01 3.615300519221936182e-01 0.000000000000000000e+00 2.344610352155414912e+00
-3.727692799999993412e+01 3.571692008159606524e-01 0.000000000000000000e+00 2.355697861818823569e+00
-3.732389799999992164e+01 3.576192442681013772e-01 0.000000000000000000e+00 2.274642822798579544e+00
-3.790566799999993464e+01 3.631934784420844387e-01 0.000000000000000000e+00 2.547980993969994667e+00
-3.753798399999993052e+01 3.596705110872418509e-01 0.000000000000000000e+00 2.610256716997449100e+00
-3.738061799999994861e+01 3.581627074276806932e-01 0.000000000000000000e+00 2.778022319302242860e+00
-3.757462599999995234e+01 3.600215967200575684e-01 0.000000000000000000e+00 2.314205111720900820e+00
-3.743725399999993897e+01 3.587053657405493978e-01 0.000000000000000000e+00 2.278463355976850124e+00
-3.708719599999993477e+01 3.553512820537382266e-01 0.000000000000000000e+00 2.432866043380593091e+00
-3.806632599999992550e+01 3.647328244274802289e-01 0.000000000000000000e+00 2.927526637186821823e+00
-3.729739399999993310e+01 3.573652959680048147e-01 0.000000000000000000e+00 2.306986787990696453e+00
-3.774820599999995352e+01 3.616847549577115739e-01 0.000000000000000000e+00 2.780105226328418055e+00
-3.764418799999992160e+01 3.606881056112180572e-01 0.000000000000000000e+00 2.764957472969392871e+00
-3.771014599999992356e+01 3.613200827459062681e-01 0.000000000000000000e+00 3.474638239244512761e+00
-3.698533399999993065e+01 3.543752904394744108e-01 0.000000000000000000e+00 2.427425275206450017e+00
-3.737442199999992454e+01 3.581033404012919918e-01 0.000000000000000000e+00 2.372933381672259312e+00
-3.817900799999993922e+01 3.658124879632294046e-01 0.000000000000000000e+00 2.627595105168036849e+00
-3.794109199999994075e+01 3.635328937976015640e-01 0.000000000000000000e+00 2.908321217294549843e+00
-3.703062399999992493e+01 3.548092369574104565e-01 0.000000000000000000e+00 2.379374021367719472e+00
-3.808227199999993218e+01 3.648856111613069109e-01 0.000000000000000000e+00 2.386744345446575988e+00
-3.826009799999994243e+01 3.665894524838618218e-01 0.000000000000000000e+00 3.013555163931227465e+00
-3.765608599999993800e+01 3.608021063988182120e-01 0.000000000000000000e+00 2.607573680414787098e+00
-3.753311399999995501e+01 3.596238491410652660e-01 0.000000000000000000e+00 2.713593548724791749e+00
-3.786718399999993068e+01 3.628247436706943940e-01 0.000000000000000000e+00 3.045697930488481475e+00
-3.789231999999994116e+01 3.630655844672244781e-01 0.000000000000000000e+00 2.256273021752213115e+00
-3.759162399999992488e+01 3.601844632007788483e-01 0.000000000000000000e+00 2.623847107331238160e+00
-3.749747399999992581e+01 3.592823641797215362e-01 0.000000000000000000e+00 2.923103893232381623e+00
-3.806082999999991756e+01 3.646801644570103473e-01 0.000000000000000000e+00 3.512359776833688496e+00
-3.807645199999991803e+01 3.648298467820975111e-01 0.000000000000000000e+00 2.912692383847846234e+00
-3.762144599999992778e+01 3.604702029459299073e-01 0.000000000000000000e+00 2.577628843497900224e+00
-3.745767599999994246e+01 3.589010393062215809e-01 0.000000000000000000e+00 2.824496729467342870e+00
-3.720731799999992262e+01 3.565022320123938937e-01 0.000000000000000000e+00 2.936629572509508623e+00
-3.781349999999993372e+01 3.623103699707853620e-01 0.000000000000000000e+00 2.812987183070910557e+00
-3.708826199999994344e+01 3.553614959417515373e-01 0.000000000000000000e+00 2.221995091084595142e+00
-3.796775999999994156e+01 3.637884134650848922e-01 0.000000000000000000e+00 2.261808910379190962e+00
-3.813306799999993046e+01 3.653723134647973714e-01 0.000000000000000000e+00 3.090778898100842387e+00
-3.911224399999992585e+01 3.747542965879283039e-01 0.000000000000000000e+00 2.786513687127607053e+00
-3.795327799999992635e+01 3.636496540596365068e-01 0.000000000000000000e+00 2.413303083502866819e+00
-3.746680199999995153e+01 3.589884801523838265e-01 0.000000000000000000e+00 2.752929263987946129e+00
-3.854738199999994919e+01 3.693420665589061680e-01 0.000000000000000000e+00 2.870953017582781097e+00
-3.801974599999993387e+01 3.642865177636369634e-01 0.000000000000000000e+00 2.826875541718750107e+00
-3.866800399999993942e+01 3.704978072717894366e-01 0.000000000000000000e+00 2.561820910713646260e+00
-3.765224399999995342e+01 3.607652942433334786e-01 0.000000000000000000e+00 2.463297186609766598e+00
-3.807318999999993281e+01 3.647985919015167555e-01 0.000000000000000000e+00 2.019217701377331142e+00
-3.703029999999994715e+01 3.548061325486711604e-01 0.000000000000000000e+00 2.353770336968311394e+00
-3.833473999999991833e+01 3.673046354379747580e-01 0.000000000000000000e+00 2.408651550330411339e+00
-3.800566799999995737e+01 3.641516292876048611e-01 0.000000000000000000e+00 2.386639182120397606e+00
-3.825030399999992881e+01 3.664956111900514180e-01 0.000000000000000000e+00 2.503757782840694279e+00
-3.819721999999993045e+01 3.659869863952154856e-01 0.000000000000000000e+00 2.762333720138488768e+00
-3.797084199999993359e+01 3.638179436741437733e-01 0.000000000000000000e+00 2.711356898705438834e+00
-3.738246999999994813e+01 3.581804523813397201e-01 0.000000000000000000e+00 2.492770326546168924e+00
-3.780550599999994432e+01 3.622337753921945902e-01 0.000000000000000000e+00 3.049343533320911792e+00
-3.807793199999992595e+01 3.648440274146113049e-01 0.000000000000000000e+00 2.486525080983418956e+00
-3.829092199999994506e+01 3.668847929004849795e-01 0.000000000000000000e+00 2.613979752905904785e+00
-3.823144799999993637e+01 3.663149422666202026e-01 0.000000000000000000e+00 2.925194837004948312e+00
-3.774021799999994187e+01 3.616082178681713222e-01 0.000000000000000000e+00 2.354178701127942031e+00
-3.798752399999995077e+01 3.639777823981936167e-01 0.000000000000000000e+00 2.542600282504093645e+00
-3.718059399999994952e+01 3.562461757804373241e-01 0.000000000000000000e+00 2.180220601655443957e+00
-3.750649599999995587e+01 3.593688085490046591e-01 0.000000000000000000e+00 3.033919815694649191e+00
-3.806643599999991778e+01 3.647338783934102047e-01 0.000000000000000000e+00 2.747159437097221879e+00
-3.849666999999993067e+01 3.688561691021257638e-01 0.000000000000000000e+00 2.999783585106556849e+00
-3.795703199999993416e+01 3.636856230423774483e-01 0.000000000000000000e+00 2.582842130461102226e+00
-3.770820399999992389e+01 3.613014754564862763e-01 0.000000000000000000e+00 2.508010934437201467e+00
-3.766617799999995242e+01 3.608988029821482146e-01 0.000000000000000000e+00 2.681793287538558168e+00
-3.846371399999993912e+01 3.685404009094762068e-01 0.000000000000000000e+00 2.727162768420430705e+00
-3.781982199999992389e+01 3.623709442672390368e-01 0.000000000000000000e+00 2.281981297189621838e+00
-3.856805399999995387e+01 3.695401355016921241e-01 0.000000000000000000e+00 2.653637058123523129e+00
-3.785579799999994322e+01 3.627156486154236026e-01 0.000000000000000000e+00 2.883397352029881677e+00
-3.785841399999991097e+01 3.627407138415421062e-01 0.000000000000000000e+00 2.751843854399071532e+00
-3.747707199999995709e+01 3.590868822442188080e-01 0.000000000000000000e+00 2.428214281896068805e+00
-3.848061599999993376e+01 3.687023475653860016e-01 0.000000000000000000e+00 3.041816202309124417e+00
-3.773868799999993939e+01 3.615935581602348070e-01 0.000000000000000000e+00 2.757783637665902177e+00
-3.786843799999993365e+01 3.628367588822972167e-01 0.000000000000000000e+00 2.391708865883863222e+00
-3.816903199999992324e+01 3.657169028348801754e-01 0.000000000000000000e+00 2.188153252664783111e+00
-3.827302599999992339e+01 3.667133222251704461e-01 0.000000000000000000e+00 2.163058003799717355e+00
-3.830068399999996132e+01 3.669783275860248328e-01 0.000000000000000000e+00 3.087011034351198724e+00
-3.684812799999993871e+01 3.530606499903700124e-01 0.000000000000000000e+00 2.589279861355314960e+00
-3.771476799999993545e+01 3.613643684779863641e-01 0.000000000000000000e+00 2.103493890855080206e+00
-3.715221399999993679e+01 3.559742525704785998e-01 0.000000000000000000e+00 2.597137974461094956e+00
-3.803732799999994540e+01 3.644549798452964562e-01 0.000000000000000000e+00 1.887332456251467949e+00
-3.657734399999993258e+01 3.504661308048364621e-01 0.000000000000000000e+00 2.465762631809534700e+00
-3.760783599999994209e+01 3.603397986158547450e-01 0.000000000000000000e+00 2.520860750685661067e+00
-3.690347599999992667e+01 3.535909673203483927e-01 0.000000000000000000e+00 1.978198166841979688e+00
-3.814753599999994549e+01 3.655109387291273770e-01 0.000000000000000000e+00 2.630281265964696580e+00
-3.739993799999993485e+01 3.583478221710350575e-01 0.000000000000000000e+00 2.975598815917374740e+00
-3.823171799999993681e+01 3.663175292739030975e-01 0.000000000000000000e+00 2.933968540189932472e+00
-3.717654599999994502e+01 3.562073898342106304e-01 0.000000000000000000e+00 2.633736059554560249e+00
-3.772325599999992107e+01 3.614456963217539398e-01 0.000000000000000000e+00 2.529491970006481516e+00
-3.756732599999993738e+01 3.599516517083344302e-01 0.000000000000000000e+00 2.369616257328164721e+00
-3.796201199999994458e+01 3.637333389544844531e-01 0.000000000000000000e+00 2.153364687138279887e+00
-3.679826999999995252e+01 3.525829351418106605e-01 0.000000000000000000e+00 2.469411904695226756e+00
-3.857494399999992396e+01 3.696061520949481816e-01 0.000000000000000000e+00 2.718313030722166790e+00
-3.718846399999992514e+01 3.563215822519795184e-01 0.000000000000000000e+00 2.728555403987667383e+00
-3.793156999999994383e+01 3.634416586740911725e-01 0.000000000000000000e+00 2.599061908990949465e+00
-3.842778999999993772e+01 3.681961947997314799e-01 0.000000000000000000e+00 3.191790212894844547e+00
-3.756665399999992871e+01 3.599452129346524809e-01 0.000000000000000000e+00 2.322316515348110233e+00
-3.814722799999992020e+01 3.655079876245229120e-01 0.000000000000000000e+00 2.991598031594890905e+00
-3.718538799999993927e+01 3.562921095319714904e-01 0.000000000000000000e+00 2.137444954706436029e+00
-3.729662799999993439e+01 3.573579565325281093e-01 0.000000000000000000e+00 2.354745183412429999e+00
-3.777633799999993869e+01 3.619543019535731987e-01 0.000000000000000000e+00 2.125896063993968799e+00
-3.774983599999993089e+01 3.617003728164933096e-01 0.000000000000000000e+00 3.276181682025647746e+00
-3.738503799999991628e+01 3.582050576950523424e-01 0.000000000000000000e+00 2.562698746164269625e+00
-3.717513999999994923e+01 3.561939182333226372e-01 0.000000000000000000e+00 1.947653894335748426e+00
-3.704381399999993363e+01 3.549356170539346156e-01 0.000000000000000000e+00 2.526781643063209515e+00
-3.732705799999991569e+01 3.576495218348197391e-01 0.000000000000000000e+00 2.026958724429634540e+00
-3.786739799999995171e+01 3.628267941135039920e-01 0.000000000000000000e+00 2.690109781620014129e+00
-3.799591999999993419e+01 3.640582287431833319e-01 0.000000000000000000e+00 2.550601089860183635e+00
-3.771518799999994087e+01 3.613683927115375893e-01 0.000000000000000000e+00 2.972042997271796327e+00
-3.755057599999992135e+01 3.597911614417096393e-01 0.000000000000000000e+00 2.483763278588490664e+00
-3.710528999999994682e+01 3.555246498677267497e-01 0.000000000000000000e+00 2.090054987508242590e+00
-3.824938599999992306e+01 3.664868153652894867e-01 0.000000000000000000e+00 2.680167731409526688e+00
-3.771206999999994736e+01 3.613385175681743111e-01 0.000000000000000000e+00 2.581023348275530704e+00
-3.828777599999994408e+01 3.668546494748848863e-01 0.000000000000000000e+00 2.427197248984677369e+00
-3.763686199999992965e+01 3.606179114802753327e-01 0.000000000000000000e+00 2.518925599198790444e+00
-3.841255999999994941e+01 3.680502684259588930e-01 0.000000000000000000e+00 2.622136952790970810e+00
-3.767991399999994684e+01 3.610304145822888500e-01 0.000000000000000000e+00 2.335697301416093108e+00
-3.724708399999994413e+01 3.568832502776236870e-01 0.000000000000000000e+00 2.813985974232237730e+00
-3.712574599999992842e+01 3.557206492046862123e-01 0.000000000000000000e+00 2.278989797266420148e+00
-3.779747999999994335e+01 3.621568742053331014e-01 0.000000000000000000e+00 2.233068193487980579e+00
-3.751699199999993084e+01 3.594693760617502232e-01 0.000000000000000000e+00 2.691807331334518771e+00
-3.815855199999992209e+01 3.656164886262696645e-01 0.000000000000000000e+00 1.987000593782730862e+00
-3.810468999999993400e+01 3.651004094178556536e-01 0.000000000000000000e+00 2.811251946332376406e+00
-3.781827599999992628e+01 3.623561312551673019e-01 0.000000000000000000e+00 2.478656176690600788e+00
-3.844104399999993404e+01 3.683231881127967400e-01 0.000000000000000000e+00 2.795158472814279094e+00
-3.764714199999994548e+01 3.607164093871949584e-01 0.000000000000000000e+00 2.753815279163353225e+00
-3.715535199999992955e+01 3.560043193440109444e-01 0.000000000000000000e+00 1.943326810866958132e+00
-3.734404399999994695e+01 3.578122733374400899e-01 0.000000000000000000e+00 2.731341396587235959e+00
-3.884229199999993654e+01 3.721677492174296775e-01 0.000000000000000000e+00 2.411835155919510143e+00
-3.827522999999992237e+01 3.667344398698056951e-01 0.000000000000000000e+00 2.885772867067508241e+00
-3.765584999999995119e+01 3.607998451628228742e-01 0.000000000000000000e+00 2.827778135593634001e+00
-3.837781999999993587e+01 3.677174068222250347e-01 0.000000000000000000e+00 3.277486305944933953e+00
-3.738639599999994090e+01 3.582180693835347873e-01 0.000000000000000000e+00 2.259687293192166546e+00
-3.738517399999993529e+01 3.582063607802024596e-01 0.000000000000000000e+00 2.616589946090873475e+00
-3.732926399999992384e+01 3.576706586424719947e-01 0.000000000000000000e+00 1.888387297713488788e+00
-3.825987999999993860e+01 3.665873637150185438e-01 0.000000000000000000e+00 2.854265063183356599e+00
-3.816874799999992973e+01 3.657141816864789563e-01 0.000000000000000000e+00 2.747319774090207556e+00
-3.781418599999992836e+01 3.623169428855855800e-01 0.000000000000000000e+00 2.608973835233564298e+00
-3.748719599999994045e+01 3.591838854358191391e-01 0.000000000000000000e+00 2.792859602915979345e+00
-3.821282599999993579e+01 3.661365154161674296e-01 0.000000000000000000e+00 2.574628435705515805e+00
-3.779839599999994704e+01 3.621656508670780816e-01 0.000000000000000000e+00 2.814222989948656384e+00
-3.774823199999993761e+01 3.616850040769312713e-01 0.000000000000000000e+00 2.531797225228103354e+00
-3.767983199999990518e+01 3.610296288985951341e-01 0.000000000000000000e+00 2.436059152259872906e+00
-3.784091199999993194e+01 3.625730182805593227e-01 0.000000000000000000e+00 2.580538415328448298e+00
-3.764616199999995416e+01 3.607070195089089326e-01 0.000000000000000000e+00 3.116703165781419038e+00
-3.838783599999992191e+01 3.678133752109122301e-01 0.000000000000000000e+00 2.889711297296186920e+00
-3.690663799999994410e+01 3.536212640500839277e-01 0.000000000000000000e+00 2.638690216210928696e+00
-3.791150999999992877e+01 3.632494536144796893e-01 0.000000000000000000e+00 2.385785246480333299e+00
-3.785122399999993803e+01 3.626718227957494434e-01 0.000000000000000000e+00 3.010965924920828485e+00
-3.826801599999992476e+01 3.666653188678098974e-01 0.000000000000000000e+00 2.797282535601979259e+00
-3.757985799999993048e+01 3.600717271722949642e-01 0.000000000000000000e+00 2.590162842241640284e+00
-3.799922199999995343e+01 3.640898668841026087e-01 0.000000000000000000e+00 2.483655115844508821e+00
-3.824083599999992344e+01 3.664048934679974834e-01 0.000000000000000000e+00 3.018958231432716577e+00
-3.849846799999994573e+01 3.688733966543283338e-01 0.000000000000000000e+00 2.921721214546541656e+00
-3.865595399999992310e+01 3.703823500949041114e-01 0.000000000000000000e+00 3.147370976115933860e+00
-3.818947199999993813e+01 3.659127488677046403e-01 0.000000000000000000e+00 2.537961452058989487e+00
-3.713530799999994514e+01 3.558122675885350139e-01 0.000000000000000000e+00 1.709768986680404890e+00
-3.836576599999992254e+01 3.676019113193059185e-01 0.000000000000000000e+00 2.722593057066714284e+00
-3.773866199999994109e+01 3.615933090410149986e-01 0.000000000000000000e+00 2.845882503973100608e+00
-3.825469399999993669e+01 3.665376740121698007e-01 0.000000000000000000e+00 2.602928840411597111e+00
-3.858095199999995373e+01 3.696637177977473154e-01 0.000000000000000000e+00 2.813183242387257366e+00
-3.768518799999994684e+01 3.610809474578815514e-01 0.000000000000000000e+00 2.647206000359509925e+00
-3.846535799999993088e+01 3.685561529093764888e-01 0.000000000000000000e+00 2.788688848178575874e+00
-3.785168999999994099e+01 3.626762877786895989e-01 0.000000000000000000e+00 2.150810871449991613e+00
-3.738485799999994441e+01 3.582033330235306900e-01 0.000000000000000000e+00 1.970247647520893208e+00
-3.871193999999992741e+01 3.709187804272771061e-01 0.000000000000000000e+00 2.547768849544061354e+00
-3.775885599999992337e+01 3.617867980227592040e-01 0.000000000000000000e+00 2.066512886278610406e+00
-3.735627199999995440e+01 3.579294360228303939e-01 0.000000000000000000e+00 2.919302986551566281e+00
-3.822726199999991792e+01 3.662748340722265517e-01 0.000000000000000000e+00 2.963222602382191706e+00
-3.735073399999994592e+01 3.578763736290053732e-01 0.000000000000000000e+00 2.438717558170542254e+00
-3.809487199999995255e+01 3.650063381678426699e-01 0.000000000000000000e+00 2.363730378926196973e+00
-3.808157399999994652e+01 3.648789232684053196e-01 0.000000000000000000e+00 3.077953504896894010e+00
-3.807168599999994285e+01 3.647841813128002708e-01 0.000000000000000000e+00 2.132331420268111177e+00
-3.861714599999993425e+01 3.700105109147747151e-01 0.000000000000000000e+00 2.573222341436643745e+00
-3.854551399999994743e+01 3.693241683011118104e-01 0.000000000000000000e+00 2.971626270294949190e+00
-3.871600999999996162e+01 3.709577771666900947e-01 0.000000000000000000e+00 3.140206231196359887e+00
-3.796462999999994992e+01 3.637584233436201853e-01 0.000000000000000000e+00 2.571981771519833426e+00
-3.816125799999993973e+01 3.656424161881495771e-01 0.000000000000000000e+00 2.825071666103750712e+00
-3.784720599999992885e+01 3.626333242947763491e-01 0.000000000000000000e+00 2.955627358375849667e+00
-3.737082599999994414e+01 3.580688852968872959e-01 0.000000000000000000e+00 2.333308978514452736e+00
-3.808786999999993128e+01 3.649392484456391306e-01 0.000000000000000000e+00 2.262259799203201194e+00
-3.850940799999992237e+01 3.689782183568280360e-01 0.000000000000000000e+00 3.048551545901128090e+00
-3.767025599999995222e+01 3.609378763736285634e-01 0.000000000000000000e+00 2.834726528285517411e+00
-3.809213399999990202e+01 3.649801039976918182e-01 0.000000000000000000e+00 2.305278102823513198e+00
-3.792289199999992633e+01 3.633585103437167452e-01 0.000000000000000000e+00 2.621720116802028322e+00
-3.742509399999993036e+01 3.585888545977340969e-01 0.000000000000000000e+00 2.563311909664187205e+00
-3.704377799999993925e+01 3.549352721196303295e-01 0.000000000000000000e+00 2.444589017764281280e+00
-3.771791999999992839e+01 3.613945693926370883e-01 0.000000000000000000e+00 2.200076594901719584e+00
-3.817389399999994026e+01 3.657634881289895112e-01 0.000000000000000000e+00 3.297339252583861846e+00
-3.835513599999994483e+01 3.675000598844272992e-01 0.000000000000000000e+00 3.316010233243217975e+00
-3.805489199999993843e+01 3.646232694598035562e-01 0.000000000000000000e+00 2.638805965349410698e+00
-3.811778399999992217e+01 3.652258696895679391e-01 0.000000000000000000e+00 2.705433668581609830e+00
-3.772650599999995080e+01 3.614768362242336552e-01 0.000000000000000000e+00 2.533324576293476404e+00
-3.800555199999992340e+01 3.641505178326237546e-01 0.000000000000000000e+00 2.473803797388902215e+00
-3.761815199999993808e+01 3.604386414570785457e-01 0.000000000000000000e+00 2.772021197846274099e+00
-3.687602799999994829e+01 3.533279740762702570e-01 0.000000000000000000e+00 2.181200955737249370e+00
-3.776147199999993376e+01 3.618118632488780961e-01 0.000000000000000000e+00 2.396955808077142258e+00
-3.839440999999992954e+01 3.678763640474967955e-01 0.000000000000000000e+00 2.537159515276797173e+00
-3.812392799999992832e+01 3.652847384775168016e-01 0.000000000000000000e+00 2.645905088507503500e+00
-3.834224199999995619e+01 3.673765159144060655e-01 0.000000000000000000e+00 3.279048509231747843e+00
-3.760579399999994621e+01 3.603202331755892551e-01 0.000000000000000000e+00 2.750575051935007842e+00
-3.849230999999993941e+01 3.688143937252611471e-01 0.000000000000000000e+00 2.846777764261009480e+00
-3.747512799999993405e+01 3.590682557917816986e-01 0.000000000000000000e+00 2.128341055304090457e+00
-3.837178999999992612e+01 3.676596303262400500e-01 0.000000000000000000e+00 2.889799181918733417e+00
-3.741474599999992989e+01 3.584897051482396346e-01 0.000000000000000000e+00 2.642956384579950413e+00
-3.866402799999993078e+01 3.704597111941714815e-01 0.000000000000000000e+00 3.227163883618762164e+00
-3.761804999999992560e+01 3.604376641432159856e-01 0.000000000000000000e+00 2.486873189307603038e+00
-3.796264599999993550e+01 3.637394136308449433e-01 0.000000000000000000e+00 3.005786163870133532e+00
-3.769247999999993937e+01 3.611508158175368299e-01 0.000000000000000000e+00 2.519204561087896366e+00
-3.779837999999994480e+01 3.621654975629428064e-01 0.000000000000000000e+00 2.133169404875991049e+00
-3.763684999999994574e+01 3.606177965021740150e-01 0.000000000000000000e+00 2.276311587976380668e+00
-3.783829199999995296e+01 3.625479147284069170e-01 0.000000000000000000e+00 2.486941588819081339e+00
-3.773314599999993391e+01 3.615404574403760507e-01 0.000000000000000000e+00 2.660085245061507564e+00
-3.755903799999992998e+01 3.598722401662576842e-01 0.000000000000000000e+00 2.245715623666495908e+00
-3.744616199999995843e+01 3.587907178178685319e-01 0.000000000000000000e+00 2.382393134609471552e+00
-3.853327399999993474e+01 3.692068906376200221e-01 0.000000000000000000e+00 3.131406599958980852e+00
-3.806210399999994820e+01 3.646923712987825694e-01 0.000000000000000000e+00 2.659749942371169240e+00
-3.873884799999991913e+01 3.711765996567896186e-01 0.000000000000000000e+00 2.982081383306402600e+00
-3.737884599999995316e+01 3.581457289946980982e-01 0.000000000000000000e+00 2.186444022821835809e+00
-3.809846199999992677e+01 3.650407357831965682e-01 0.000000000000000000e+00 2.747018092948398937e+00
-3.779366599999995202e+01 3.621203303320850719e-01 0.000000000000000000e+00 2.456481032261927044e+00
-3.851153599999992849e+01 3.689986078068207553e-01 0.000000000000000000e+00 3.500802890348833962e+00
-3.807815799999994510e+01 3.648461928355223316e-01 0.000000000000000000e+00 3.128024097700326411e+00
-3.894075799999993848e+01 3.731112020289796272e-01 0.000000000000000000e+00 3.169344302742965525e+00
-3.778114399999994077e+01 3.620003506832089046e-01 0.000000000000000000e+00 2.662994811660985839e+00
-3.911080599999991136e+01 3.747405183787695937e-01 0.000000000000000000e+00 2.263248964099837224e+00
-3.855915999999993460e+01 3.694549175654913697e-01 0.000000000000000000e+00 2.736499503180858106e+00
-3.803618599999992966e+01 3.644440377626404493e-01 0.000000000000000000e+00 2.822121505485050807e+00
-3.748234599999993577e+01 3.591374151198113429e-01 0.000000000000000000e+00 2.484307926530489929e+00
-3.859009399999995793e+01 3.697513119480448363e-01 0.000000000000000000e+00 2.597968943983555157e+00
-3.839792599999993428e+01 3.679100526312253372e-01 0.000000000000000000e+00 3.050467168282870123e+00
-3.807518199999991992e+01 3.648176782663594131e-01 0.000000000000000000e+00 2.982677309973425395e+00
-3.750167399999993023e+01 3.593226065152334558e-01 0.000000000000000000e+00 3.031415483975908653e+00
-3.806958199999991876e+01 3.647640218190102979e-01 0.000000000000000000e+00 2.417033243352417760e+00
-3.819259399999993576e+01 3.659426623371017651e-01 0.000000000000000000e+00 2.890401358513548846e+00
-3.900043999999993360e+01 3.736830456166029824e-01 0.000000000000000000e+00 2.837760788531917377e+00
-3.817547999999993635e+01 3.657786844013994343e-01 0.000000000000000000e+00 2.312507986641954005e+00
-3.799828799999993834e+01 3.640809177552052911e-01 0.000000000000000000e+00 2.591921826015934460e+00
-3.739434799999994397e+01 3.582942615387705865e-01 0.000000000000000000e+00 2.865664287628595375e+00
-3.847411199999994835e+01 3.686400294343935014e-01 0.000000000000000000e+00 2.730472431512262599e+00
-3.774315999999991789e+01 3.616364066660462950e-01 0.000000000000000000e+00 2.329893759835673261e+00
-3.785448799999991820e+01 3.627030968393470389e-01 0.000000000000000000e+00 2.637989873518062023e+00
-3.757718999999992349e+01 3.600461637077364552e-01 0.000000000000000000e+00 2.272797593209075817e+00
-3.888834599999992747e+01 3.726090160078254776e-01 0.000000000000000000e+00 2.019467030770166538e+00
-3.755856799999993711e+01 3.598677368572837931e-01 0.000000000000000000e+00 2.724283272804209233e+00
-4.022979399999993433e+01 3.854621113620395612e-01 0.000000000000000000e+00 3.101040708524031686e+00
-3.922745799999993466e+01 3.758582205030860379e-01 0.000000000000000000e+00 2.886690179524226796e+00
-3.875940399999992536e+01 3.713735571445948014e-01 0.000000000000000000e+00 2.299117598053828537e+00
-3.888382199999993816e+01 3.725656692635742617e-01 0.000000000000000000e+00 2.475137178346348055e+00
-3.980504399999993126e+01 3.813923656456923994e-01 0.000000000000000000e+00 2.493261982139020283e+00
-3.868977399999991462e+01 3.707063967108589764e-01 0.000000000000000000e+00 2.600719869831691788e+00
-4.084776799999993102e+01 3.913832344681346109e-01 0.000000000000000000e+00 2.878525504170073912e+00
-4.000112399999991197e+01 3.832711078235882529e-01 0.000000000000000000e+00 2.959302955502949306e+00
-4.029610599999991649e+01 3.860974803507207231e-01 0.000000000000000000e+00 2.788651773800233880e+00
-3.998743599999991716e+01 3.831399561358534989e-01 0.000000000000000000e+00 2.742092453683773634e+00
-4.040418999999995719e+01 3.871330881105932153e-01 0.000000000000000000e+00 2.189677516107212618e+00
-4.034835199999995581e+01 3.865980758414716001e-01 0.000000000000000000e+00 2.715420577669750202e+00
-3.803163599999992783e+01 3.644004418991692584e-01 0.000000000000000000e+00 1.897439774028320203e+00
-4.072556199999993964e+01 3.902123166458582593e-01 0.000000000000000000e+00 3.185832853725183877e+00
-3.951777199999992973e+01 3.786398665487495929e-01 0.000000000000000000e+00 2.793684130792603248e+00
-3.971137599999992318e+01 3.804948849117104626e-01 0.000000000000000000e+00 2.303459571821076857e+00
-4.063287799999994121e+01 3.893242641161963058e-01 0.000000000000000000e+00 2.661837145015039763e+00
-3.968130599999992825e+01 3.802067689524625815e-01 0.000000000000000000e+00 2.323856424997903236e+00
-4.009837999999994196e+01 3.842029670099076921e-01 0.000000000000000000e+00 2.628908254409235035e+00
-3.899825199999992265e+01 3.736620812761028976e-01 0.000000000000000000e+00 2.038858802433014539e+00
-3.964174999999992366e+01 3.798277628040085396e-01 0.000000000000000000e+00 2.514740955773867359e+00
-3.967445599999993533e+01 3.801411356195444902e-01 0.000000000000000000e+00 2.519649028883093500e+00
-4.105739199999992906e+01 3.933917485965478522e-01 0.000000000000000000e+00 2.463615137433177615e+00
-4.115317199999995523e+01 3.943094654763873996e-01 0.000000000000000000e+00 2.327858490357020749e+00
-4.142208199999991081e+01 3.968860289150753506e-01 0.000000000000000000e+00 3.266344204380627225e+00
-4.036766599999991456e+01 3.867831330957750002e-01 0.000000000000000000e+00 2.559263086496390116e+00
-4.286434399999992451e+01 4.107050744626922212e-01 0.000000000000000000e+00 2.957724970321724101e+00
-4.217371599999993492e+01 4.040878164412929907e-01 0.000000000000000000e+00 3.209486211775927966e+00
-4.253027599999993669e+01 4.075041990960798777e-01 0.000000000000000000e+00 2.511594564090246617e+00
-4.220310799999993634e+01 4.043694361378082913e-01 0.000000000000000000e+00 2.722606783379680095e+00
-3.975634999999993369e+01 3.809258036729747943e-01 0.000000000000000000e+00 2.793779807289072270e+00
-4.225771199999992689e+01 4.048926248254960947e-01 0.000000000000000000e+00 2.797354625799312267e+00
-4.281475999999993576e+01 4.102299849474496107e-01 0.000000000000000000e+00 3.097426745548698346e+00
-4.299049799999991706e+01 4.119138200803497130e-01 0.000000000000000000e+00 2.623881886275994280e+00
-4.244517199999994972e+01 4.066887744005084904e-01 0.000000000000000000e+00 2.283753808578757205e+00
-4.224066599999991922e+01 4.047292984323686560e-01 0.000000000000000000e+00 2.460313885215017926e+00
-4.279100599999993193e+01 4.100023857956047180e-01 0.000000000000000000e+00 2.393049292076339096e+00
-4.246682599999990515e+01 4.068962523845970347e-01 0.000000000000000000e+00 2.480873105293717629e+00
-4.250928799999995533e+01 4.073031023966222630e-01 0.000000000000000000e+00 2.658815746681976844e+00
-4.267028599999991911e+01 4.088457060948925692e-01 0.000000000000000000e+00 2.608759450255421442e+00
-4.310224599999992279e+01 4.129845344872017376e-01 0.000000000000000000e+00 3.329110605631675046e+00
-4.328968799999992711e+01 4.147805115950617405e-01 0.000000000000000000e+00 2.921654953295678148e+00
-4.311063799999991630e+01 4.130649425061577174e-01 0.000000000000000000e+00 2.606695737991031159e+00
-4.297249599999992853e+01 4.117413337651392724e-01 0.000000000000000000e+00 3.000091508904689785e+00
-4.260509999999990782e+01 4.082211258847316393e-01 0.000000000000000000e+00 2.874575010907410189e+00
-4.322935799999992668e+01 4.142024591899594044e-01 0.000000000000000000e+00 2.785571345023885481e+00
-4.362728599999991985e+01 4.180152096865210054e-01 0.000000000000000000e+00 2.479889289033408328e+00
-4.261791999999993408e+01 4.083439608231275719e-01 0.000000000000000000e+00 3.138228501443566021e+00
-4.296214799999993517e+01 4.116421843156449212e-01 0.000000000000000000e+00 3.134880137237220588e+00
-4.218110999999993282e+01 4.041586621148107183e-01 0.000000000000000000e+00 2.294060848377959871e+00
-4.201832599999993789e+01 4.025989458424391598e-01 0.000000000000000000e+00 2.594164152287619096e+00
-4.274476999999993154e+01 4.095593751706699814e-01 0.000000000000000000e+00 3.177587349600862865e+00
-4.319321999999993977e+01 4.138562026374054681e-01 0.000000000000000000e+00 2.648675889968610253e+00
-4.359388599999991953e+01 4.176951873041172547e-01 0.000000000000000000e+00 2.696234829453768356e+00
-4.298459599999993941e+01 4.118572700174473744e-01 0.000000000000000000e+00 3.293789116722318333e+00
-4.327224599999991028e+01 4.146133909245859894e-01 0.000000000000000000e+00 2.617505556916524867e+00
-4.302212599999992904e+01 4.122168640297709796e-01 0.000000000000000000e+00 2.750988844607617612e+00
-4.276827799999993118e+01 4.097846172714348367e-01 0.000000000000000000e+00 3.328480690068304604e+00
-4.247574399999992778e+01 4.069817002770007019e-01 0.000000000000000000e+00 2.571615873978258637e+00
-4.339546999999991783e+01 4.157940627224698815e-01 0.000000000000000000e+00 3.016575527754354447e+00
-4.351858999999992506e+01 4.169737380434744289e-01 0.000000000000000000e+00 2.198089754212904978e+00
-4.324090199999994155e+01 4.143130681235663859e-01 0.000000000000000000e+00 2.681709344293054631e+00
-4.231750199999994777e+01 4.054655032160328076e-01 0.000000000000000000e+00 2.481470506115926344e+00
-4.320029199999991931e+01 4.139239630652004620e-01 0.000000000000000000e+00 2.296009004649219420e+00
-4.277611799999993281e+01 4.098597362977236536e-01 0.000000000000000000e+00 2.428449270848964670e+00
-4.237933799999992601e+01 4.060579853728684685e-01 0.000000000000000000e+00 2.687857127891204900e+00
-4.299252799999992902e+01 4.119332705425139407e-01 0.000000000000000000e+00 2.840681002149969547e+00
