-5.251937800000001744e+01 7.073745614212311184e-01 0.000000000000000000e+00 1.661185804261156695e+00
-5.280663000000001261e+01 7.112435097076591495e-01 0.000000000000000000e+00 1.675241788760082340e+00
-5.244908400000002757e+01 7.064277835020307261e-01 0.000000000000000000e+00 1.679815478245612281e+00
-5.207611400000003243e+01 7.014043140661727627e-01 0.000000000000000000e+00 1.523409756389470182e+00
-5.225467600000003898e+01 7.038093352459076080e-01 0.000000000000000000e+00 1.893612057435378082e+00
-5.185959000000002561e+01 6.984879891710611410e-01 0.000000000000000000e+00 1.721339244966727966e+00
-5.252065999999999946e+01 7.073918284609841400e-01 0.000000000000000000e+00 1.707863126065358728e+00
-5.148002200000004080e+01 6.933756523964420548e-01 0.000000000000000000e+00 1.339386201317150915e+00
-5.231233200000001915e+01 7.045858940945918247e-01 0.000000000000000000e+00 1.324674098199403849e+00
-5.256394200000004702e+01 7.079747863506884453e-01 0.000000000000000000e+00 1.913425337096387402e+00
-5.288333200000003131e+01 7.122765958879666570e-01 0.000000000000000000e+00 1.904958495843111166e+00
-5.323241800000003821e+01 7.169783757938196223e-01 0.000000000000000000e+00 1.960202087931576465e+00
-5.340468600000001942e+01 7.192986241590401120e-01 0.000000000000000000e+00 2.003534103438322944e+00
-5.279413200000003314e+01 7.110751762733098502e-01 0.000000000000000000e+00 1.889195103200184356e+00
-5.327749800000005109e+01 7.175855506394333005e-01 0.000000000000000000e+00 1.709993351867282296e+00
-5.227129200000003095e+01 7.040331333212117570e-01 0.000000000000000000e+00 1.511448420560940420e+00
-5.347543400000003544e+01 7.202515169269522177e-01 0.000000000000000000e+00 1.701533667804051131e+00
-5.344006600000001583e+01 7.197751513559745851e-01 0.000000000000000000e+00 1.671891962836707268e+00
-5.424539400000003297e+01 7.306219770895209242e-01 0.000000000000000000e+00 1.851329731547876278e+00
-5.432028400000003643e+01 7.316306577503017827e-01 0.000000000000000000e+00 1.774797748654843410e+00
-5.381954200000005528e+01 7.248862489982564883e-01 0.000000000000000000e+00 1.577500582156162068e+00
-5.427036600000003119e+01 7.309583207063057309e-01 0.000000000000000000e+00 1.661764757702917095e+00
-5.451151400000003377e+01 7.342063020654454597e-01 0.000000000000000000e+00 1.927556536922936159e+00
-5.466985199999999878e+01 7.363389296320987931e-01 0.000000000000000000e+00 1.751357743106585874e+00
-5.483814000000005251e+01 7.386055720548726500e-01 0.000000000000000000e+00 1.974199690655901396e+00
-5.490121400000003860e+01 7.394551050232005540e-01 0.000000000000000000e+00 1.555655953565127536e+00
-5.379682000000001807e+01 7.245802102484327767e-01 0.000000000000000000e+00 1.418380091527093212e+00
-5.437284400000003615e+01 7.323385794425255613e-01 0.000000000000000000e+00 1.932694086393342836e+00
-5.514490200000000897e+01 7.427372972099319792e-01 0.000000000000000000e+00 1.931464881137284761e+00
-5.519849000000004935e+01 7.434590648591502537e-01 0.000000000000000000e+00 1.677425597350435282e+00
-5.419325600000004073e+01 7.299197392434563225e-01 0.000000000000000000e+00 2.025665730016089405e+00
-5.483441000000002674e+01 7.385553333198647818e-01 0.000000000000000000e+00 1.836074854523676914e+00
-5.540641400000004069e+01 7.462595578183194300e-01 0.000000000000000000e+00 1.535321707677139047e+00
-5.544857000000003922e+01 7.468273498057126369e-01 0.000000000000000000e+00 2.044100058507880124e+00
-5.560002400000003320e+01 7.488672579482935632e-01 0.000000000000000000e+00 1.656649585371363864e+00
-5.417638000000005150e+01 7.296924392724144504e-01 0.000000000000000000e+00 2.070518062142073124e+00
-5.518543400000003629e+01 7.432832158177941073e-01 0.000000000000000000e+00 1.805548071257091047e+00
-5.599767400000001061e+01 7.542231381026460735e-01 0.000000000000000000e+00 1.800585752875598633e+00
-5.517845600000002548e+01 7.431892303237236375e-01 0.000000000000000000e+00 2.059753648617703270e+00
-5.488522000000003942e+01 7.392396845600074373e-01 0.000000000000000000e+00 1.790516905897018063e+00
-5.546719200000002559e+01 7.470781663535166484e-01 0.000000000000000000e+00 1.744284480879877197e+00
-5.560744600000001014e+01 7.489672236027773433e-01 0.000000000000000000e+00 1.672238937510203138e+00
-5.526060400000000783e+01 7.442956677509074970e-01 0.000000000000000000e+00 1.869868087710570004e+00
-5.504275600000001845e+01 7.413615101251929129e-01 0.000000000000000000e+00 1.667709186692265311e+00
-5.563610000000004163e+01 7.493531594507416571e-01 0.000000000000000000e+00 2.004334770723521952e+00
-5.582036400000004051e+01 7.518349798977720377e-01 0.000000000000000000e+00 1.602161665225825926e+00
-5.632575200000002269e+01 7.586419648328857068e-01 0.000000000000000000e+00 2.123098733173763630e+00
-5.607728000000002311e+01 7.552953377645785782e-01 0.000000000000000000e+00 1.506042899170343841e+00
-5.638068000000005497e+01 7.593817807139833231e-01 0.000000000000000000e+00 2.051506378003709496e+00
-5.705596600000004059e+01 7.684770928877848739e-01 0.000000000000000000e+00 1.698842409455819658e+00
-5.545460400000002466e+01 7.469086207244886033e-01 0.000000000000000000e+00 1.684395289022386333e+00
-5.689447200000000038e+01 7.663019576944056777e-01 0.000000000000000000e+00 1.688164738004684029e+00
-5.744717000000002116e+01 7.737461529654997561e-01 0.000000000000000000e+00 1.924642972295921961e+00
-5.795735200000002152e+01 7.806177074704866437e-01 0.000000000000000000e+00 1.807785373561985320e+00
-5.825701800000006614e+01 7.846538578095649807e-01 0.000000000000000000e+00 1.635060965371263553e+00
-5.641084400000001153e+01 7.597880544948852899e-01 0.000000000000000000e+00 1.665645853704693202e+00
-5.798458000000005796e+01 7.809844367672121868e-01 0.000000000000000000e+00 1.895449616445883834e+00
-5.778882800000002362e+01 7.783478864038900769e-01 0.000000000000000000e+00 1.558112229077225130e+00
-5.805265800000002940e+01 7.819013677596625689e-01 0.000000000000000000e+00 1.456957691833891122e+00
-5.794321400000002598e+01 7.804272851553295531e-01 0.000000000000000000e+00 1.747816312437963759e+00
-5.710532600000004066e+01 7.691419143247744117e-01 0.000000000000000000e+00 1.588697143276384782e+00
-5.859676600000005919e+01 7.892298657831121611e-01 0.000000000000000000e+00 1.742826807474720852e+00
-5.932344000000001216e+01 7.990173141806574675e-01 0.000000000000000000e+00 1.737340856166414538e+00
-5.789826600000003509e+01 7.798218881952445614e-01 0.000000000000000000e+00 2.013200597883174403e+00
-5.877454800000002422e+01 7.916243812756331710e-01 0.000000000000000000e+00 1.797391584147326693e+00
-5.892434400000003336e+01 7.936419580984709343e-01 0.000000000000000000e+00 1.959027800026524879e+00
-5.943474200000004970e+01 8.005164218706863899e-01 0.000000000000000000e+00 1.507629092261867809e+00
-5.842000000000003723e+01 7.868490346216273634e-01 0.000000000000000000e+00 1.742914511948189693e+00
-5.892232599999999820e+01 7.936147780000133434e-01 0.000000000000000000e+00 1.247845508326453468e+00
-5.899459600000003690e+01 7.945881703268216079e-01 0.000000000000000000e+00 1.791912081961273717e+00
-5.963704000000002736e+01 8.032411391936215006e-01 0.000000000000000000e+00 1.473462398707222398e+00
-5.970794800000003733e+01 8.041961869742951796e-01 0.000000000000000000e+00 1.587287058523938699e+00
-6.043908600000003872e+01 8.140437602278930429e-01 0.000000000000000000e+00 1.608309982246562519e+00
-5.867774200000003759e+01 7.903205177418164418e-01 0.000000000000000000e+00 1.675521343450926404e+00
-6.052115200000002915e+01 8.151490932110366794e-01 0.000000000000000000e+00 1.515836698813795902e+00
-5.977886400000004130e+01 8.051513425056068263e-01 0.000000000000000000e+00 1.469995369299378574e+00
-5.956303600000001808e+01 8.022443919160084924e-01 0.000000000000000000e+00 1.626097788474238026e+00
-5.917311800000006627e+01 7.969926527533663929e-01 0.000000000000000000e+00 1.622462982185300273e+00
-6.094241000000003083e+01 8.208229454983807516e-01 0.000000000000000000e+00 1.594514788139627104e+00
-5.935568600000006256e+01 7.994516300651225427e-01 0.000000000000000000e+00 1.769117225334075227e+00
-6.151620000000005462e+01 8.285512253267881544e-01 0.000000000000000000e+00 1.597926195309584907e+00
-6.135459800000002417e+01 8.263746354997948407e-01 0.000000000000000000e+00 1.708370727276179668e+00
-6.160410800000002496e+01 8.297352432133936473e-01 0.000000000000000000e+00 1.375599863690694535e+00
-6.080209800000004350e+01 8.189331070569938476e-01 0.000000000000000000e+00 1.904626301477218897e+00
-6.068511200000004635e+01 8.173574425386055387e-01 0.000000000000000000e+00 1.496959448671091542e+00
-6.117816600000001870e+01 8.239983029274503545e-01 0.000000000000000000e+00 1.487596214100473269e+00
-6.087213000000004115e+01 8.198763561427969693e-01 0.000000000000000000e+00 1.467154008943708732e+00
-6.061079800000001683e+01 8.163565199237665659e-01 0.000000000000000000e+00 1.582153502748258722e+00
-6.011852000000002505e+01 8.097261113468159355e-01 0.000000000000000000e+00 1.589108035053220735e+00
-6.035928800000002781e+01 8.129689745506464282e-01 0.000000000000000000e+00 1.353755156180336927e+00
-6.097419400000001133e+01 8.212510387834953685e-01 0.000000000000000000e+00 1.557609912772666805e+00
-6.151189400000006202e+01 8.284932285458385115e-01 0.000000000000000000e+00 1.476952091562795610e+00
-6.156716000000002964e+01 8.292375968913944240e-01 0.000000000000000000e+00 1.369904360150589362e+00
-6.177413200000003712e+01 8.320252675246315732e-01 0.000000000000000000e+00 1.534363871800581425e+00
-6.146904399999998958e+01 8.279160891905904540e-01 0.000000000000000000e+00 1.681209953678443947e+00
-6.080794400000005595e+01 8.190118458357752429e-01 0.000000000000000000e+00 1.409396225648673617e+00
-6.163111600000002710e+01 8.300990093675714165e-01 0.000000000000000000e+00 1.673443786208548500e+00
-6.159950400000004578e+01 8.296732327211755464e-01 0.000000000000000000e+00 1.432424454892382126e+00
-6.159828000000006654e+01 8.296567468735487338e-01 0.000000000000000000e+00 1.647783492814488771e+00
-6.102764000000004785e+01 8.219708938588876634e-01 0.000000000000000000e+00 1.650771358725331872e+00
-6.134780000000004918e+01 8.262830743950817514e-01 0.000000000000000000e+00 1.496923298642987232e+00
-6.077083600000004537e+01 8.185120445010141133e-01 0.000000000000000000e+00 1.334156000110295004e+00
-6.144515200000002153e+01 8.275942919099475992e-01 0.000000000000000000e+00 1.681860423140175698e+00
-6.126491800000004417e+01 8.251667508468532031e-01 0.000000000000000000e+00 1.260891333631999345e+00
-6.201986200000001048e+01 8.353349630617344923e-01 0.000000000000000000e+00 1.504132077720663929e+00
-6.150934000000004431e+01 8.284588291546294281e-01 0.000000000000000000e+00 1.321937949918355004e+00
-6.102476200000005235e+01 8.219321305668363387e-01 0.000000000000000000e+00 1.414022623708543813e+00
-6.146222000000004471e+01 8.278241778963040254e-01 0.000000000000000000e+00 1.568732597617670033e+00
-6.150483800000003498e+01 8.283981924830464694e-01 0.000000000000000000e+00 1.484872718061869712e+00
-6.221325000000003769e+01 8.379396731115020813e-01 0.000000000000000000e+00 1.730469177781714940e+00
-6.118042200000004271e+01 8.240286886073908690e-01 0.000000000000000000e+00 1.593643335354304691e+00
-6.168359000000001657e+01 8.308057727404355441e-01 0.000000000000000000e+00 1.450990083537875508e+00
-6.182088200000001876e+01 8.326549353159452549e-01 0.000000000000000000e+00 1.931162178605610569e+00
-6.196863800000004119e+01 8.346450357260714048e-01 0.000000000000000000e+00 1.479899454322843200e+00
-6.186174800000002705e+01 8.332053525129472504e-01 0.000000000000000000e+00 1.593625657251571459e+00
-6.129948200000003311e+01 8.256322874787027644e-01 0.000000000000000000e+00 1.154096294529388000e+00
-6.093802000000002295e+01 8.207638173357310052e-01 0.000000000000000000e+00 1.478631633325456773e+00
-6.219509400000006138e+01 8.376951330383667349e-01 0.000000000000000000e+00 1.534158180367291902e+00
-6.194807000000002262e+01 8.343680088355525104e-01 0.000000000000000000e+00 1.631699929923737802e+00
-6.198695200000002359e+01 8.348917038743091101e-01 0.000000000000000000e+00 1.399503540724712947e+00
-6.105072000000005517e+01 8.222817544497652564e-01 0.000000000000000000e+00 1.629949487102299477e+00
-6.069637800000001704e+01 8.175091823746895026e-01 0.000000000000000000e+00 1.376589583253931215e+00
-6.170301200000002240e+01 8.310673643520485321e-01 0.000000000000000000e+00 1.546259713264446001e+00
-6.164227600000000251e+01 8.302493215077008104e-01 0.000000000000000000e+00 1.394054325646072234e+00
-6.170021000000004108e+01 8.310296246910592322e-01 0.000000000000000000e+00 1.682912850063571497e+00
-6.183643000000004264e+01 8.328643486810652918e-01 0.000000000000000000e+00 1.575338980324327620e+00
-6.112757600000004743e+01 8.233169148298555839e-01 0.000000000000000000e+00 1.400316220212384222e+00
-6.148927800000002009e+01 8.281886174919693699e-01 0.000000000000000000e+00 1.788587996529466650e+00
-6.192174200000004447e+01 8.340134014856124267e-01 0.000000000000000000e+00 1.687155353877399122e+00
-6.187589000000005512e+01 8.333958287034237689e-01 0.000000000000000000e+00 1.605656635715799530e+00
-6.147134000000004761e+01 8.279470136237219169e-01 0.000000000000000000e+00 1.519943611394245275e+00
-6.228526400000004770e+01 8.389096174178911625e-01 0.000000000000000000e+00 1.547689360782320778e+00
-6.156905200000004186e+01 8.292630799173018596e-01 0.000000000000000000e+00 1.516473610655371784e+00
-6.133173600000003489e+01 8.260667111138052521e-01 0.000000000000000000e+00 1.655768600526320133e+00
-6.181077800000002043e+01 8.325188462600429107e-01 0.000000000000000000e+00 1.470425274536574234e+00
-6.154366200000005449e+01 8.289211063296771931e-01 0.000000000000000000e+00 1.470629914564544949e+00
-6.174193000000003195e+01 8.315915442686765413e-01 0.000000000000000000e+00 1.641346811941554851e+00
-6.039871400000001955e+01 8.134999966327927101e-01 0.000000000000000000e+00 1.399556836426402162e+00
-6.132445800000007097e+01 8.259686849708072209e-01 0.000000000000000000e+00 1.491886310369080260e+00
-6.113712600000003050e+01 8.234455421540702869e-01 0.000000000000000000e+00 1.463414466627740440e+00
-6.215941000000003669e+01 8.372145113171846065e-01 0.000000000000000000e+00 1.707676567767154374e+00
-6.109175200000002803e+01 8.228344074725070234e-01 0.000000000000000000e+00 1.602474385838565496e+00
-6.140624000000001814e+01 8.270701928062982322e-01 0.000000000000000000e+00 1.804297363899237450e+00
-6.173617000000002975e+01 8.315139638092547969e-01 0.000000000000000000e+00 1.426446821740132265e+00
-6.153348600000002477e+01 8.287840475180316968e-01 0.000000000000000000e+00 1.801172440441519917e+00
-6.137545000000005047e+01 8.266554875379659162e-01 0.000000000000000000e+00 1.529072840718264326e+00
-6.111692000000003588e+01 8.231733909799251458e-01 0.000000000000000000e+00 1.574529123775156192e+00
-6.170923000000005487e+01 8.311511135355010849e-01 0.000000000000000000e+00 1.227651599106146740e+00
-6.185013600000005596e+01 8.330489524617660235e-01 0.000000000000000000e+00 1.474680308551071128e+00
-6.164257400000002463e+01 8.302533352189697125e-01 0.000000000000000000e+00 1.637929383575432940e+00
-6.142292400000002317e+01 8.272949067620262165e-01 0.000000000000000000e+00 1.436540096591512272e+00
-6.119026200000006099e+01 8.241612218922366173e-01 0.000000000000000000e+00 1.287612258185786951e+00
-6.203828800000003696e+01 8.355831397189059651e-01 0.000000000000000000e+00 1.372713985032217199e+00
-6.193223599999999607e+01 8.341547433851208559e-01 0.000000000000000000e+00 1.763999265415912454e+00
-6.106119800000003295e+01 8.224228808479978614e-01 0.000000000000000000e+00 1.488901611145856618e+00
-6.174463200000005259e+01 8.316279370466903575e-01 0.000000000000000000e+00 1.736675247630751873e+00
-6.147956400000003185e+01 8.280577812796738879e-01 0.000000000000000000e+00 1.460941434643629799e+00
-6.151230200000004089e+01 8.284987238283806343e-01 0.000000000000000000e+00 1.459661090177367004e+00
-6.153024200000002963e+01 8.287403546342879679e-01 0.000000000000000000e+00 1.578993720036641069e+00
-6.161340400000002404e+01 8.298604494548493804e-01 0.000000000000000000e+00 1.654582290838251257e+00
-6.134094200000004804e+01 8.261907051605826835e-01 0.000000000000000000e+00 1.553429288568300981e+00
-6.127067400000005648e+01 8.252442774309560747e-01 0.000000000000000000e+00 1.492708224049648091e+00
-6.107419000000002285e+01 8.225978678842491565e-01 0.000000000000000000e+00 1.653501516952934791e+00
-6.196979800000007543e+01 8.346606595685943653e-01 0.000000000000000000e+00 1.651674951389184409e+00
-6.148594600000001975e+01 8.281437393512066647e-01 0.000000000000000000e+00 1.583033223195714712e+00
-6.158281600000003664e+01 8.294484648901284674e-01 0.000000000000000000e+00 1.668859263496349277e+00
-6.051214800000005312e+01 8.150278198678714281e-01 0.000000000000000000e+00 1.596840776012234064e+00
-6.214405000000002843e+01 8.370076300920598067e-01 0.000000000000000000e+00 1.519087675002148918e+00
-6.160186600000003665e+01 8.297050460970702979e-01 0.000000000000000000e+00 1.510365493810332582e+00
-6.098951800000003942e+01 8.214574351307490918e-01 0.000000000000000000e+00 1.549774110120568649e+00
-6.105474200000004004e+01 8.223359260830627182e-01 0.000000000000000000e+00 1.421210030553349712e+00
-6.133107400000005072e+01 8.260577947485039374e-01 0.000000000000000000e+00 1.692600196495249953e+00
-6.136077000000001647e+01 8.264577651170779138e-01 0.000000000000000000e+00 1.296847526959826746e+00
-6.123585600000004092e+01 8.247753197163468775e-01 0.000000000000000000e+00 1.543568957359939819e+00
-6.116930599999999885e+01 8.238789690957700751e-01 0.000000000000000000e+00 1.736562884459070810e+00
-6.126818600000004267e+01 8.252107669825111680e-01 0.000000000000000000e+00 1.805666513334557965e+00
-6.100930200000004078e+01 8.217239024587353891e-01 0.000000000000000000e+00 1.282378797311441332e+00
-6.144358200000001347e+01 8.275731458472231905e-01 0.000000000000000000e+00 1.461255286042058898e+00
-6.137666400000003364e+01 8.266718386972952137e-01 0.000000000000000000e+00 1.601587299614625426e+00
-6.146001800000000515e+01 8.277945195331704031e-01 0.000000000000000000e+00 1.645807936582264874e+00
-6.122044000000003194e+01 8.245676842367554160e-01 0.000000000000000000e+00 1.348338915671854377e+00
-6.080706000000003542e+01 8.189999393902664959e-01 0.000000000000000000e+00 1.613194575300133327e+00
-6.151274000000000797e+01 8.285046231758154134e-01 0.000000000000000000e+00 1.538900944823869077e+00
-6.223047000000002527e+01 8.381716063599816691e-01 0.000000000000000000e+00 1.444418481114756236e+00
-6.152017600000003483e+01 8.286047773939164696e-01 0.000000000000000000e+00 1.615400145888743033e+00
-6.182326000000003319e+01 8.326869641931164967e-01 0.000000000000000000e+00 1.534860837833564418e+00
-6.188963200000005571e+01 8.335809173619956880e-01 0.000000000000000000e+00 1.547737983781623194e+00
-6.136571400000004672e+01 8.265243550114154125e-01 0.000000000000000000e+00 1.445038582059456234e+00
-6.158601000000005854e+01 8.294914843323845099e-01 0.000000000000000000e+00 1.508158976261046336e+00
-6.164428000000003749e+01 8.302763130425416804e-01 0.000000000000000000e+00 1.403612468459923601e+00
-6.154019000000005946e+01 8.288743425527480557e-01 0.000000000000000000e+00 1.505889871186274265e+00
-6.176680200000002685e+01 8.319265410024853091e-01 0.000000000000000000e+00 1.360720366999655484e+00
-6.192989400000002576e+01 8.341231993858215787e-01 0.000000000000000000e+00 1.460824288815023575e+00
-6.190999800000003006e+01 8.338552235489022912e-01 0.000000000000000000e+00 1.449774011088722503e+00
-6.211328200000004784e+01 8.365932211379819572e-01 0.000000000000000000e+00 1.541399021902904343e+00
-6.165522600000004871e+01 8.304237428531028309e-01 0.000000000000000000e+00 1.498931160380487793e+00
-6.111034000000001498e+01 8.230847660800992838e-01 0.000000000000000000e+00 1.341887461598758602e+00
-6.150971600000005424e+01 8.284638934346195693e-01 0.000000000000000000e+00 1.670795494725778374e+00
-6.228900800000003102e+01 8.389600447165151964e-01 0.000000000000000000e+00 1.422971301745723505e+00
-6.090465800000004037e+01 8.203144702372539010e-01 0.000000000000000000e+00 1.745560351764591900e+00
-6.173612600000005557e+01 8.315133711807456418e-01 0.000000000000000000e+00 1.756814966462853844e+00
-6.221544200000003855e+01 8.379691967863376334e-01 0.000000000000000000e+00 1.557585685058446190e+00
-6.148578200000002170e+01 8.281415304631258856e-01 0.000000000000000000e+00 1.580600983795643621e+00
-6.165551400000001792e+01 8.304276218760734407e-01 0.000000000000000000e+00 1.716853579293036614e+00
-6.220761000000003094e+01 8.378637089116515169e-01 0.000000000000000000e+00 1.796740659043086552e+00
-6.220660400000004131e+01 8.378501592689123756e-01 0.000000000000000000e+00 1.754710248256780458e+00
-6.239483400000003854e+01 8.403853970947738894e-01 0.000000000000000000e+00 1.550037945460586819e+00
-6.204642600000003938e+01 8.356927490554987292e-01 0.000000000000000000e+00 1.610868400886223073e+00
-6.178643600000004454e+01 8.321909880060076592e-01 0.000000000000000000e+00 1.636631106909877342e+00
-6.167833200000005434e+01 8.307349536335542073e-01 0.000000000000000000e+00 1.562564157026597345e+00
-6.137367200000003464e+01 8.266315399586511292e-01 0.000000000000000000e+00 1.392506948504144138e+00
-6.165659800000002377e+01 8.304422220875341543e-01 0.000000000000000000e+00 1.483541157111741837e+00
-6.188502600000005316e+01 8.335188799321177067e-01 0.000000000000000000e+00 1.574747372949103053e+00
-6.114085000000005721e+01 8.234957000760996237e-01 0.000000000000000000e+00 1.461867204342211624e+00
-6.128066800000004832e+01 8.253788849155846430e-01 0.000000000000000000e+00 1.549286282266838510e+00
-6.158801000000003256e+01 8.295184219919056190e-01 0.000000000000000000e+00 1.720356719498381537e+00
-6.113977800000002816e+01 8.234812614905956396e-01 0.000000000000000000e+00 1.396998453364580728e+00
-6.142836400000004460e+01 8.273681771959248143e-01 0.000000000000000000e+00 1.460044196613460743e+00
-6.178940600000003514e+01 8.322309904303968331e-01 0.000000000000000000e+00 1.370701967902622442e+00
-6.068324800000000607e+01 8.173323366399309897e-01 0.000000000000000000e+00 1.212798429085361063e+00
-6.169738000000000966e+01 8.309915079028359353e-01 0.000000000000000000e+00 1.475157820832617483e+00
-6.117108200000004103e+01 8.239028897374256477e-01 0.000000000000000000e+00 1.492565076758663789e+00
-6.195091400000001158e+01 8.344063141873918621e-01 0.000000000000000000e+00 1.407333419822571985e+00
-6.150821599999999023e+01 8.284436901899776551e-01 0.000000000000000000e+00 1.581721869121296198e+00
-6.218919800000005438e+01 8.376157208180973202e-01 0.000000000000000000e+00 1.774622967723487266e+00
-6.144719600000006920e+01 8.276218221979791956e-01 0.000000000000000000e+00 1.706679817061078408e+00
-6.170228000000005153e+01 8.310575051686640569e-01 0.000000000000000000e+00 1.648607163944794785e+00
-6.074236000000001212e+01 8.181285061047471885e-01 0.000000000000000000e+00 1.853280892325441576e+00
-6.144993400000002737e+01 8.276586998538635331e-01 0.000000000000000000e+00 1.274801485850747262e+00
-6.174591600000002245e+01 8.316452310241027046e-01 0.000000000000000000e+00 1.574930328599787543e+00
-6.182346000000004693e+01 8.326896579590687963e-01 0.000000000000000000e+00 1.470614887684328576e+00
-6.170692600000004546e+01 8.311200813517323205e-01 0.000000000000000000e+00 1.965688921134447265e+00
-6.223183200000001847e+01 8.381899509061156994e-01 0.000000000000000000e+00 1.402385466749243692e+00
-6.209282200000004792e+01 8.363176488810775133e-01 0.000000000000000000e+00 1.463726172684638671e+00
-6.228108000000003130e+01 8.388532638341721359e-01 0.000000000000000000e+00 1.596566117286937869e+00
-6.203010600000003905e+01 8.354729377538037127e-01 0.000000000000000000e+00 1.681280257844652848e+00
-6.191409200000003210e+01 8.339103649379426830e-01 0.000000000000000000e+00 1.452152871692107938e+00
-6.148764200000006497e+01 8.281665824864814507e-01 0.000000000000000000e+00 1.661777631453739801e+00
-6.057251200000001745e+01 8.158408523075474372e-01 0.000000000000000000e+00 1.684742603322687327e+00
-6.227940400000002796e+01 8.388306900754930462e-01 0.000000000000000000e+00 1.424519736181887986e+00
-6.128979400000005029e+01 8.255018014559810657e-01 0.000000000000000000e+00 1.647053683498893362e+00
-6.212944600000005124e+01 8.368109313022343843e-01 0.000000000000000000e+00 1.360651742781874951e+00
-6.132831600000003647e+01 8.260206477160235705e-01 0.000000000000000000e+00 1.507629183484098911e+00
-6.187618000000003349e+01 8.333997346640540371e-01 0.000000000000000000e+00 1.548379628495348603e+00
-6.136844000000005650e+01 8.265610710413432427e-01 0.000000000000000000e+00 1.440644174519079002e+00
-6.079943000000005071e+01 8.188971722191923375e-01 0.000000000000000000e+00 1.410400820850068015e+00
-6.161467800000003336e+01 8.298776087439646565e-01 0.000000000000000000e+00 1.528289217933740840e+00
-6.104475400000001173e+01 8.222013994114122371e-01 0.000000000000000000e+00 1.428637965139657906e+00
-6.155316400000001664e+01 8.290490871500630909e-01 0.000000000000000000e+00 1.738078859291244838e+00
-6.088107200000002450e+01 8.199967944185172497e-01 0.000000000000000000e+00 1.536142405809192368e+00
-6.152416800000002439e+01 8.286585449623211641e-01 0.000000000000000000e+00 1.488725023546434878e+00
-6.202478800000003645e+01 8.354013105171361753e-01 0.000000000000000000e+00 1.533969248192414536e+00
-6.099969200000004577e+01 8.215944670047348186e-01 0.000000000000000000e+00 1.416708437151042776e+00
-6.081159800000001781e+01 8.190610609397204200e-01 0.000000000000000000e+00 1.472305856590095496e+00
-6.114266600000005525e+01 8.235201594709450346e-01 0.000000000000000000e+00 1.605841604590671823e+00
-6.166605400000008075e+01 8.305695833417523488e-01 0.000000000000000000e+00 1.468410940158018985e+00
-6.191503600000004326e+01 8.339230795132369645e-01 0.000000000000000000e+00 1.280361299980942169e+00
-6.153216000000003305e+01 8.287661878497690759e-01 0.000000000000000000e+00 1.660868900134608861e+00
-6.125111800000002660e+01 8.249808809961549638e-01 0.000000000000000000e+00 1.516572304782176639e+00
-6.070246200000001835e+01 8.175911267349538214e-01 0.000000000000000000e+00 1.639762860089621244e+00
-6.117328600000006844e+01 8.239325750382185953e-01 0.000000000000000000e+00 1.229362885089819279e+00
-6.142919200000002178e+01 8.273793293869664556e-01 0.000000000000000000e+00 1.637048236066390494e+00
-6.206485600000003444e+01 8.359409795879888527e-01 0.000000000000000000e+00 1.352627231403890962e+00
-6.239809400000003592e+01 8.404293054797937756e-01 0.000000000000000000e+00 2.041224611726791593e+00
-6.234085400000004284e+01 8.396583496642898714e-01 0.000000000000000000e+00 1.950096124407276532e+00
-6.239937600000001794e+01 8.404465725195467973e-01 0.000000000000000000e+00 1.617659496148305509e+00
-6.213982200000004497e+01 8.369506838798316251e-01 0.000000000000000000e+00 1.631590012102279719e+00
-6.198304200000001885e+01 8.348390407499446386e-01 0.000000000000000000e+00 1.450660274689293150e+00
-6.190693600000000174e+01 8.338139819921746021e-01 0.000000000000000000e+00 1.323874073287649056e+00
-6.196976200000003843e+01 8.346601746907224006e-01 0.000000000000000000e+00 1.444252844674192016e+00
-6.120902600000000859e+01 8.244139510138661642e-01 0.000000000000000000e+00 1.556847665203793696e+00
-6.239441000000002191e+01 8.403796863109550541e-01 0.000000000000000000e+00 1.505743441029054663e+00
-6.120720600000004197e+01 8.243894377437021026e-01 0.000000000000000000e+00 1.100714181914027145e+00
-6.183676800000002771e+01 8.328689011455242541e-01 0.000000000000000000e+00 1.569551001155516046e+00
-6.091561800000004467e+01 8.204620886114315503e-01 0.000000000000000000e+00 1.775854384123912499e+00
-6.206194400000005373e+01 8.359017583557258879e-01 0.000000000000000000e+00 1.561039950330962212e+00
-6.218572800000001877e+01 8.375689839788271751e-01 0.000000000000000000e+00 1.786733686671539312e+00
-6.260899800000003523e+01 8.432699355516499740e-01 0.000000000000000000e+00 1.679986627530954291e+00
-6.145817600000003011e+01 8.277697099487514310e-01 0.000000000000000000e+00 1.529011067675688063e+00
-6.170674400000003601e+01 8.311176300247157256e-01 0.000000000000000000e+00 1.459479144557393138e+00
-6.203031000000004980e+01 8.354756853950749962e-01 0.000000000000000000e+00 1.445479925299706592e+00
-6.234742000000002093e+01 8.397467860004985685e-01 0.000000000000000000e+00 1.401806017791031866e+00
-6.198006400000002003e+01 8.347989305749171640e-01 0.000000000000000000e+00 1.527805024944761447e+00
-6.205526200000002746e+01 8.358117596352643286e-01 0.000000000000000000e+00 1.565091796886952213e+00
-6.228508000000003619e+01 8.389071391532151312e-01 0.000000000000000000e+00 1.501155332173566004e+00
-6.191498400000004665e+01 8.339223791340895087e-01 0.000000000000000000e+00 1.754627845471811165e+00
-6.148682600000001486e+01 8.281555919213959838e-01 0.000000000000000000e+00 1.633634520568146842e+00
-6.230603600000002729e+01 8.391893919496807852e-01 0.000000000000000000e+00 1.290692210140423235e+00
-6.259434199999999038e+01 8.430725363826762075e-01 0.000000000000000000e+00 1.356577625637322981e+00
-6.211858000000002988e+01 8.366645789980541315e-01 0.000000000000000000e+00 1.498633431907991254e+00
-6.114970600000003742e+01 8.236149800324602532e-01 0.000000000000000000e+00 1.436457032713587267e+00
-6.254644800000006200e+01 8.424274602501169440e-01 0.000000000000000000e+00 1.583952796108200944e+00
-6.191520400000004543e+01 8.339253422766368384e-01 0.000000000000000000e+00 1.529149661497058554e+00
-6.250053400000001602e+01 8.418090524004823161e-01 0.000000000000000000e+00 1.316760894842285978e+00
-6.176905800000002955e+01 8.319569266824254905e-01 0.000000000000000000e+00 1.543907453209798497e+00
-6.264697800000003980e+01 8.437814817059624550e-01 0.000000000000000000e+00 1.756715919933981240e+00
-6.221729600000004012e+01 8.379941679967141122e-01 0.000000000000000000e+00 1.443134525878241758e+00
-6.275988200000003303e+01 8.453021664612673236e-01 0.000000000000000000e+00 1.363683907239740645e+00
-6.235434600000003513e+01 8.398400711154215825e-01 0.000000000000000000e+00 1.790617918254968632e+00
-6.288450400000004237e+01 8.469806789637087663e-01 0.000000000000000000e+00 1.386328176921054256e+00
-6.234701000000004711e+01 8.397412637802970092e-01 0.000000000000000000e+00 1.399849537188792237e+00
-6.311863800000006108e+01 8.501341899509068378e-01 0.000000000000000000e+00 1.638842140096958166e+00
-6.255051000000002404e+01 8.424821706366044660e-01 0.000000000000000000e+00 1.402612860004678774e+00
-6.255330000000002144e+01 8.425197486716369255e-01 0.000000000000000000e+00 1.608547909065059844e+00
-6.290403800000004964e+01 8.472437790842548555e-01 0.000000000000000000e+00 1.408735864495240131e+00
-6.266218400000003186e+01 8.439862887313038797e-01 0.000000000000000000e+00 1.440488536147274123e+00
-6.342168800000003870e+01 8.542159188098946698e-01 0.000000000000000000e+00 1.531969595874156820e+00
-6.258206600000003306e+01 8.429071930285341185e-01 0.000000000000000000e+00 1.586418559938445938e+00
-6.245627000000000351e+01 8.412128681199533276e-01 0.000000000000000000e+00 1.873965942442483046e+00
-6.338654400000006461e+01 8.537425702567840169e-01 0.000000000000000000e+00 1.763641727189178443e+00
-6.301095400000004076e+01 8.486838124869525712e-01 0.000000000000000000e+00 1.343664561571913607e+00
-6.227468600000003107e+01 8.387671441366820746e-01 0.000000000000000000e+00 1.501785199574361851e+00
-6.343277600000004668e+01 8.543652611942816888e-01 0.000000000000000000e+00 1.322045791098635181e+00
-6.261711400000005057e+01 8.433792485739882716e-01 0.000000000000000000e+00 1.370802455617612159e+00
-6.321359000000003903e+01 8.514130822743470883e-01 0.000000000000000000e+00 1.410017731638631977e+00
-6.286906599999999656e+01 8.467727471698620612e-01 0.000000000000000000e+00 1.292818277653260850e+00
-6.280264400000003633e+01 8.458781205594956276e-01 0.000000000000000000e+00 1.429197816698782209e+00
-6.293002400000003860e+01 8.475937800944168821e-01 0.000000000000000000e+00 1.619416621928334132e+00
-6.322618200000002986e+01 8.515826817786940062e-01 0.000000000000000000e+00 1.285674245652977277e+00
-6.252994600000004510e+01 8.422051976214052216e-01 0.000000000000000000e+00 1.558101648336684297e+00
-6.246111399999999492e+01 8.412781111313142324e-01 0.000000000000000000e+00 1.434174947911222908e+00
-6.364152400000004661e+01 8.571768524691737445e-01 0.000000000000000000e+00 1.453183094341799153e+00
-6.314036600000001442e+01 8.504268406839472494e-01 0.000000000000000000e+00 1.228430006986416467e+00
-6.351438400000005657e+01 8.554644254533951830e-01 0.000000000000000000e+00 1.608086925430778580e+00
-6.419111800000003143e+01 8.645792404926900820e-01 0.000000000000000000e+00 1.242391903586371971e+00
-6.387213200000004321e+01 8.602828723626352314e-01 0.000000000000000000e+00 1.592004680648923420e+00
-6.352183400000003388e+01 8.555647682351122940e-01 0.000000000000000000e+00 1.520176864259649818e+00
-6.305119400000004504e+01 8.492257981965242175e-01 0.000000000000000000e+00 1.323919050122312813e+00
-6.377188200000001927e+01 8.589326221791221405e-01 0.000000000000000000e+00 1.573513556728406204e+00
-6.360920800000005926e+01 8.567415937666262860e-01 0.000000000000000000e+00 1.208384609125636722e+00
-6.370073800000002251e+01 8.579743957546250854e-01 0.000000000000000000e+00 1.309771303252687202e+00
-6.396572400000004421e+01 8.615434470776012210e-01 0.000000000000000000e+00 1.259487742680982070e+00
-6.404296200000004546e+01 8.625837525506602210e-01 0.000000000000000000e+00 1.535027492714674535e+00
-6.431117600000006007e+01 8.661962812561038172e-01 0.000000000000000000e+00 1.610120735740213638e+00
-6.360085600000000738e+01 8.566291021004640571e-01 0.000000000000000000e+00 1.434297874358001490e+00
-6.380557800000002544e+01 8.593864678667396673e-01 0.000000000000000000e+00 1.497199512597172877e+00
-6.398192600000002273e+01 8.617616690573841609e-01 0.000000000000000000e+00 1.340823909424667670e+00
-6.373404800000002268e+01 8.584230424739548448e-01 0.000000000000000000e+00 1.215479300936902263e+00
-6.443803400000003023e+01 8.679049100618896340e-01 0.000000000000000000e+00 1.389350458236517261e+00
-6.451496800000003873e+01 8.689411210107014227e-01 0.000000000000000000e+00 1.481938949169859576e+00
-6.389330400000005028e+01 8.605680344263294534e-01 0.000000000000000000e+00 1.502752294078294248e+00
-6.369161600000004597e+01 8.578515330895480906e-01 0.000000000000000000e+00 1.467024520855708225e+00
-6.375832200000003525e+01 8.587499848475669273e-01 0.000000000000000000e+00 1.380440827818081750e+00
-6.427117599999999698e+01 8.656575280656738647e-01 0.000000000000000000e+00 1.369745786863497905e+00
-6.453032200000002661e+01 8.691479214228474692e-01 0.000000000000000000e+00 1.255049929191518920e+00
-6.407910400000004358e+01 8.630705429958722696e-01 0.000000000000000000e+00 1.201326355537532420e+00
-6.391762800000001477e+01 8.608956502414288892e-01 0.000000000000000000e+00 1.591687438105302776e+00
-6.371041200000008331e+01 8.581046932137311734e-01 0.000000000000000000e+00 1.487237416822196678e+00
-6.410035200000004352e+01 8.633567286906281835e-01 0.000000000000000000e+00 1.625055609210424024e+00
-6.439324400000003834e+01 8.673016411769067791e-01 0.000000000000000000e+00 1.353988978389411013e+00
-6.466775799999999208e+01 8.709990235098421518e-01 0.000000000000000000e+00 1.395123393346490159e+00
-6.443093400000005033e+01 8.678092813705886588e-01 0.000000000000000000e+00 1.327309019777926480e+00
-6.380847400000004654e+01 8.594254735977270299e-01 0.000000000000000000e+00 1.308479146062637044e+00
-6.425156600000005369e+01 8.653934043140668608e-01 0.000000000000000000e+00 1.428898371192283134e+00
-6.393789000000001721e+01 8.611685556700408029e-01 0.000000000000000000e+00 1.378119617852931578e+00
-6.381403000000006642e+01 8.595003064158778239e-01 0.000000000000000000e+00 1.443663748414030223e+00
-6.405634200000007183e+01 8.627639654928590529e-01 0.000000000000000000e+00 1.541224791788738946e+00
-6.370894800000004921e+01 8.580849748469610017e-01 0.000000000000000000e+00 1.412144797028172194e+00
-6.391253000000001094e+01 8.608269861473086815e-01 0.000000000000000000e+00 1.527905636563470448e+00
-6.432541000000003351e+01 8.663879965789176296e-01 0.000000000000000000e+00 1.367179193881262300e+00
-6.392183200000000909e+01 8.609522732017429458e-01 0.000000000000000000e+00 1.466833306296460693e+00
-6.603375200000000689e+01 8.893973641500158012e-01 0.000000000000000000e+00 1.251574084336128045e+00
-6.618428200000001027e+01 8.914248270938980312e-01 0.000000000000000000e+00 1.275372090239399903e+00
-6.658953600000005224e+01 8.968831242297519157e-01 0.000000000000000000e+00 1.424753525345292537e+00
-6.665665200000005086e+01 8.977870982079727558e-01 0.000000000000000000e+00 1.093414558741873543e+00
-6.643523800000002666e+01 8.948049107353310827e-01 0.000000000000000000e+00 1.250729223639012400e+00
-6.639958200000005206e+01 8.943246661413829512e-01 0.000000000000000000e+00 1.220168946108064256e+00
-6.632217200000005164e+01 8.932820440296050934e-01 0.000000000000000000e+00 9.925306284951661562e-01
-6.686748400000003301e+01 9.006267585240860241e-01 0.000000000000000000e+00 1.354275823383855659e+00
-6.711978200000005756e+01 9.040249173350580758e-01 0.000000000000000000e+00 1.231854049499649717e+00
-6.678786800000000312e+01 8.995544241738555602e-01 0.000000000000000000e+00 1.130316066540145936e+00
-6.709707800000003886e+01 9.037191210241702910e-01 0.000000000000000000e+00 1.109582853965463300e+00
-6.754026600000003100e+01 9.096883447481668439e-01 0.000000000000000000e+00 1.331411913753534071e+00
-6.665468200000005083e+01 8.977605646133441919e-01 0.000000000000000000e+00 1.117231932946762596e+00
-6.733345600000004083e+01 9.069028560653512594e-01 0.000000000000000000e+00 1.271127398928632468e+00
-6.711792800000004888e+01 9.039999461246814860e-01 0.000000000000000000e+00 1.321785645917497254e+00
-6.701714600000003941e+01 9.026425305237358865e-01 0.000000000000000000e+00 1.098838507396502795e+00
-6.697665600000001973e+01 9.020971776067238102e-01 0.000000000000000000e+00 1.172466269362116620e+00
-6.705867600000004813e+01 9.032018910236989662e-01 0.000000000000000000e+00 1.109037779422261005e+00
-6.725781400000001042e+01 9.058840468445900074e-01 0.000000000000000000e+00 1.184940036416624931e+00
-6.725749200000001338e+01 9.058797098814070914e-01 0.000000000000000000e+00 1.052713649677909036e+00
-6.643431000000003905e+01 8.947924116613132917e-01 0.000000000000000000e+00 1.274998919033013767e+00
-6.668787400000007892e+01 8.982076220107625408e-01 0.000000000000000000e+00 9.894771890245873669e-01
-6.654904400000002340e+01 8.963377443750801810e-01 0.000000000000000000e+00 1.222389787254391624e+00
-6.706197600000002979e+01 9.032463381619091347e-01 0.000000000000000000e+00 1.254379738157065827e+00
-6.640888800000006142e+01 8.944500070711364215e-01 0.000000000000000000e+00 1.125356130323448500e+00
-6.695164600000001087e+01 9.017603221744079356e-01 0.000000000000000000e+00 1.298102695616828228e+00
-6.572036600000002693e+01 8.851764214666211217e-01 0.000000000000000000e+00 1.264027363869193232e+00
-6.714362200000000769e+01 9.043460142365530308e-01 0.000000000000000000e+00 1.116857935277320468e+00
-6.717025600000003749e+01 9.047047430484006503e-01 0.000000000000000000e+00 1.395189453723693296e+00
-6.745680800000003785e+01 9.085642631539962988e-01 0.000000000000000000e+00 1.132039187107705791e+00
-6.665567800000002308e+01 8.977739795677854850e-01 0.000000000000000000e+00 1.112533429172472665e+00
-6.750469600000000980e+01 9.092092584735775862e-01 0.000000000000000000e+00 1.347900588001709199e+00
-6.614953000000006966e+01 8.909567583220540099e-01 0.000000000000000000e+00 1.268470715093771739e+00
-6.725538000000003080e+01 9.058512637129526590e-01 0.000000000000000000e+00 1.199991390878208719e+00
-6.618229200000004653e+01 8.913980241226746593e-01 0.000000000000000000e+00 1.309268467170607630e+00
-6.712575400000001480e+01 9.041053531863885162e-01 0.000000000000000000e+00 1.197816333319793980e+00
-6.668508800000005010e+01 8.981700978510488431e-01 0.000000000000000000e+00 1.124334116493452385e+00
-6.698493000000001985e+01 9.022086187041640226e-01 0.000000000000000000e+00 1.209903397220646104e+00
-6.612510000000001753e+01 8.906277148109987829e-01 0.000000000000000000e+00 1.425143098113663465e+00
-6.695239400000002661e+01 9.017703968590691233e-01 0.000000000000000000e+00 1.232311737240790572e+00
-6.663771400000003098e+01 8.975320255099639155e-01 0.000000000000000000e+00 1.454483729922786628e+00
-6.710206800000005956e+01 9.037863304846766033e-01 0.000000000000000000e+00 1.223150241015783735e+00
-6.676567000000007113e+01 8.992554430908279439e-01 0.000000000000000000e+00 1.112565512904768017e+00
-6.706898400000000038e+01 9.033407277208719277e-01 0.000000000000000000e+00 1.039219040182958187e+00
-6.737519600000001674e+01 9.074650450195635987e-01 0.000000000000000000e+00 1.225766230280868507e+00
-6.671017600000004677e+01 8.985080038520858459e-01 0.000000000000000000e+00 1.151159606404855706e+00
-6.630469200000003127e+01 8.930466088853873385e-01 0.000000000000000000e+00 1.199159070305082508e+00
-6.700411800000003382e+01 9.024670586096130709e-01 0.000000000000000000e+00 1.335270817488483974e+00
-6.724958600000002207e+01 9.057732253133188305e-01 0.000000000000000000e+00 1.088464391479663007e+00
-6.719856800000006558e+01 9.050860725565866849e-01 0.000000000000000000e+00 1.190810374177385000e+00
-6.706455000000009647e+01 9.032810069297141364e-01 0.000000000000000000e+00 1.235250641519257453e+00
-6.643986600000000919e+01 8.948672444794634195e-01 0.000000000000000000e+00 1.307918475529076252e+00
-6.678393200000004981e+01 8.995014108599179714e-01 0.000000000000000000e+00 1.176137202440963536e+00
-6.674988600000003203e+01 8.990428510818840868e-01 0.000000000000000000e+00 1.220050374934485315e+00
-6.766996000000003164e+01 9.114351711551544888e-01 0.000000000000000000e+00 1.311533838255379392e+00
-6.776173600000005592e+01 9.126712864752752896e-01 0.000000000000000000e+00 1.070163287221708170e+00
-6.743498600000005183e+01 9.082703463509579356e-01 0.000000000000000000e+00 1.230363321639735608e+00
-6.759842400000005114e+01 9.104716649493914682e-01 0.000000000000000000e+00 1.002012829523301285e+00
-6.678943800000006092e+01 8.995755702365807460e-01 0.000000000000000000e+00 1.274599866924376546e+00
-6.767997400000001562e+01 9.115700480163781982e-01 0.000000000000000000e+00 1.288948748902364549e+00
-6.766855800000004706e+01 9.114162878558301761e-01 0.000000000000000000e+00 9.986156884245696030e-01
-6.752747200000003147e+01 9.095160245402081900e-01 0.000000000000000000e+00 1.249014512542353739e+00
-6.730252400000003377e+01 9.064862382231922977e-01 0.000000000000000000e+00 1.135053668033883412e+00
-6.793255400000001032e+01 9.149720050373423286e-01 0.000000000000000000e+00 1.121246196612581958e+00
-6.759897600000000750e+01 9.104790997434187849e-01 0.000000000000000000e+00 1.108677166363663869e+00
-6.782100200000003554e+01 9.134695301398741973e-01 0.000000000000000000e+00 1.120205214783560832e+00
-6.738694200000003320e+01 9.076232498939332816e-01 0.000000000000000000e+00 1.367634571457764681e+00
-6.738535000000003095e+01 9.076018075169541843e-01 0.000000000000000000e+00 1.020627342581141406e+00
-6.782284000000001356e+01 9.134942858489740747e-01 0.000000000000000000e+00 1.262949372050849783e+00
-6.720894000000005519e+01 9.052257712588648308e-01 0.000000000000000000e+00 9.888561260263285524e-01
-6.725612600000005159e+01 9.058613114599544103e-01 0.000000000000000000e+00 1.136659536334162945e+00
-6.734922600000004422e+01 9.071152595106779515e-01 0.000000000000000000e+00 1.066503997692905825e+00
-6.678337200000002838e+01 8.994938683152516878e-01 0.000000000000000000e+00 1.009820510311838726e+00
-6.743882000000006371e+01 9.083219858442607153e-01 0.000000000000000000e+00 1.032128734434054396e+00
-6.758197200000006433e+01 9.102500757621682093e-01 0.000000000000000000e+00 1.282509866469618620e+00
-6.770934200000003500e+01 9.119656006087915046e-01 0.000000000000000000e+00 1.129240976973810762e+00
-6.674853600000000142e+01 8.990246681617066749e-01 0.000000000000000000e+00 9.869384700888979012e-01
-6.734001400000005333e+01 9.069911846509222109e-01 0.000000000000000000e+00 1.253234409782394421e+00
-6.723802400000003843e+01 9.056174987036256230e-01 0.000000000000000000e+00 1.009516800418533533e+00
-6.732974600000004273e+01 9.068528867069389765e-01 0.000000000000000000e+00 1.172978143847290378e+00
-6.682516000000003942e+01 9.000567037732930542e-01 0.000000000000000000e+00 1.266925615157983520e+00
-6.702904800000003149e+01 9.028028365355479368e-01 0.000000000000000000e+00 1.211706794090238182e+00
-6.766844000000006076e+01 9.114146985339186546e-01 0.000000000000000000e+00 1.213130364475360601e+00
-6.762486400000004494e+01 9.108277808082649862e-01 0.000000000000000000e+00 1.215124422404237681e+00
-6.725069200000005765e+01 9.057881218390346767e-01 0.000000000000000000e+00 1.350919084648924073e+00
-6.728188200000003860e+01 9.062082146392714810e-01 0.000000000000000000e+00 1.162648360675667236e+00
-6.711913599999999747e+01 9.040162164710318082e-01 0.000000000000000000e+00 1.053018155523743005e+00
-6.755928200000003869e+01 9.099444680148969233e-01 0.000000000000000000e+00 1.160797373489012907e+00
-6.742667000000001565e+01 9.081583395626672273e-01 0.000000000000000000e+00 1.212721415251706292e+00
-6.749631200000007425e+01 9.090963358048644860e-01 0.000000000000000000e+00 1.249145186123758577e+00
-6.672866600000006088e+01 8.987570425143618369e-01 0.000000000000000000e+00 1.145085466548680930e+00
-6.750484400000001983e+01 9.092112518603823190e-01 0.000000000000000000e+00 1.039193477899611917e+00
-6.718556000000005213e+01 9.049108700190590104e-01 0.000000000000000000e+00 1.177240193817469693e+00
-6.762435800000004349e+01 9.108209655804060390e-01 0.000000000000000000e+00 1.294776942622734683e+00
-6.750936600000004262e+01 9.092721579085606409e-01 0.000000000000000000e+00 1.308223837473286633e+00
-6.734362800000005223e+01 9.070398610016774388e-01 0.000000000000000000e+00 1.118812772096412500e+00
-6.768074200000002349e+01 9.115803920776345270e-01 0.000000000000000000e+00 1.059415842962144083e+00
-6.764529800000005366e+01 9.111030028755957577e-01 0.000000000000000000e+00 1.295749953586023295e+00
-6.733847199999999589e+01 9.069704157154304669e-01 0.000000000000000000e+00 1.078145714564753277e+00
-6.752584800000002474e+01 9.094941511606766671e-01 0.000000000000000000e+00 1.253060724259933423e+00
-6.704907400000003292e+01 9.030725633203362523e-01 0.000000000000000000e+00 1.032661731958004259e+00
-6.770453600000003291e+01 9.119008694129614456e-01 0.000000000000000000e+00 1.067840152748632088e+00
-6.702761800000006076e+01 9.027835761089905153e-01 0.000000000000000000e+00 1.067276421208998460e+00
-6.730019200000005242e+01 9.064548289121905356e-01 0.000000000000000000e+00 1.028636854345192253e+00
-6.779918200000005868e+01 9.131756402744954926e-01 0.000000000000000000e+00 1.061881996942364514e+00
-6.756448600000004490e+01 9.100145598049718121e-01 0.000000000000000000e+00 1.252044329823199353e+00
-6.789702200000004950e+01 9.144934305782848050e-01 0.000000000000000000e+00 1.369179217049397046e+00
-6.729581200000006902e+01 9.063958354378388593e-01 0.000000000000000000e+00 1.135027257918584942e+00
-6.741330800000007173e+01 9.079783690594052104e-01 0.000000000000000000e+00 1.107632568592157529e+00
-6.742697400000005814e+01 9.081624340869151046e-01 0.000000000000000000e+00 1.169552042590356056e+00
-6.768659400000004212e+01 9.116592116693945647e-01 0.000000000000000000e+00 1.005061652244340076e+00
-6.734038200000004792e+01 9.069961411802741624e-01 0.000000000000000000e+00 1.275522179018333313e+00
-6.762840000000002760e+01 9.108754065902986419e-01 0.000000000000000000e+00 1.204268168229195135e+00
-6.748830200000000445e+01 9.089884504784802033e-01 0.000000000000000000e+00 1.035093825248062593e+00
-6.746948000000004697e+01 9.087349401647243363e-01 0.000000000000000000e+00 1.301503888941286879e+00
-6.772961600000006399e+01 9.122386676633608138e-01 0.000000000000000000e+00 1.110920041374388934e+00
-6.745683600000003821e+01 9.085646402812296296e-01 0.000000000000000000e+00 1.222003698147787532e+00
-6.732132200000002342e+01 9.067394252850343728e-01 0.000000000000000000e+00 9.954023268198558538e-01
-6.709282000000004587e+01 9.036617707470492311e-01 0.000000000000000000e+00 1.166183925753938588e+00
-6.767698000000002878e+01 9.115297223400747884e-01 0.000000000000000000e+00 1.057164167750570538e+00
-6.775115800000001798e+01 9.125288131940657577e-01 0.000000000000000000e+00 1.133653965445231115e+00
-6.731755400000007228e+01 9.066886747344965469e-01 0.000000000000000000e+00 9.737813650679165711e-01
-6.758899400000004221e+01 9.103446538847477232e-01 0.000000000000000000e+00 1.207230686349816118e+00
-6.787989800000005403e+01 9.142627903374621612e-01 0.000000000000000000e+00 1.329293139872891105e+00
-6.789260800000005247e+01 9.144339791637209336e-01 0.000000000000000000e+00 1.179998837328650962e+00
-6.740237400000003731e+01 9.078311008748009003e-01 0.000000000000000000e+00 1.146654328564699510e+00
-6.746102800000002730e+01 9.086211016155864018e-01 0.000000000000000000e+00 1.059729044660459918e+00
-6.748356600000005301e+01 9.089246621007339710e-01 0.000000000000000000e+00 1.171359642020133096e+00
-6.795380400000003362e+01 9.152582176697581229e-01 0.000000000000000000e+00 1.210063474244640780e+00
-6.748084800000006567e+01 9.088880538214445526e-01 0.000000000000000000e+00 9.063766530911347985e-01
-6.741740799999999467e+01 9.080335912614231342e-01 0.000000000000000000e+00 1.263650347822337539e+00
-6.749143800000000226e+01 9.090306887286098148e-01 0.000000000000000000e+00 1.196370537072756868e+00
-6.791308200000007389e+01 9.147097399842424315e-01 0.000000000000000000e+00 1.115050424042596910e+00
-6.764828799999997955e+01 9.111432746765794066e-01 0.000000000000000000e+00 1.138497101071176854e+00
-6.741167400000006182e+01 9.079563609915759503e-01 0.000000000000000000e+00 1.283936457301481315e+00
-6.753279200000004323e+01 9.095876787145353859e-01 0.000000000000000000e+00 1.211762908910031022e+00
-6.689402800000007687e+01 9.009842751412553419e-01 0.000000000000000000e+00 9.870739280368530100e-01
-6.728779800000003775e+01 9.062878962361359259e-01 0.000000000000000000e+00 1.106235751627011377e+00
-6.735398600000002034e+01 9.071793711403386418e-01 0.000000000000000000e+00 1.160576697209215080e+00
-6.744976000000002614e+01 9.084693348418425574e-01 0.000000000000000000e+00 1.124969484659091190e+00
-6.735031600000004914e+01 9.071299405351171963e-01 0.000000000000000000e+00 1.230942454301589439e+00
-6.782646800000004816e+01 9.135431507633464676e-01 0.000000000000000000e+00 1.149411660383808043e+00
-6.780895400000001416e+01 9.133072576789166286e-01 0.000000000000000000e+00 1.120935853544536176e+00
-6.790628600000005122e+01 9.146182058171882234e-01 0.000000000000000000e+00 1.100347082526346387e+00
-6.748664400000006935e+01 9.089661191587377065e-01 0.000000000000000000e+00 9.810828835052983754e-01
-6.764037200000005612e+01 9.110366554201945188e-01 0.000000000000000000e+00 9.890591107009762961e-01
-6.737089600000004452e+01 9.074071290515928201e-01 0.000000000000000000e+00 1.149710853761311657e+00
-6.757638800000003698e+01 9.101748658167839734e-01 0.000000000000000000e+00 1.239407921637659005e+00
-6.750700600000007512e+01 9.092403714703257700e-01 0.000000000000000000e+00 1.148798447023161806e+00
-6.765221600000005253e+01 9.111961802398804711e-01 0.000000000000000000e+00 1.098539980994058141e+00
-6.748689000000004512e+01 9.089694324908585976e-01 0.000000000000000000e+00 1.195308101062084516e+00
-6.763003400000003751e+01 9.108974146581279019e-01 0.000000000000000000e+00 1.161693108539549879e+00
-6.749700600000002737e+01 9.091056831727177823e-01 0.000000000000000000e+00 1.198320716064566138e+00
-6.786434400000005951e+01 9.140532961593639261e-01 0.000000000000000000e+00 1.121280997077932051e+00
-6.728498800000005531e+01 9.062500488245085473e-01 0.000000000000000000e+00 1.148257399194117845e+00
-6.774030400000002317e+01 9.123826225158429004e-01 0.000000000000000000e+00 1.213294754624778538e+00
-6.720849800000000585e+01 9.052198180361099578e-01 0.000000000000000000e+00 1.261223838701555966e+00
-6.786051800000004164e+01 9.140017644166991140e-01 0.000000000000000000e+00 1.069214810213456879e+00
-6.718378200000006473e+01 9.048869224397445565e-01 0.000000000000000000e+00 1.115808142552230819e+00
-6.739408000000003085e+01 9.077193904007653247e-01 0.000000000000000000e+00 1.281170643504517148e+00
-6.744083200000001455e+01 9.083490851297386648e-01 0.000000000000000000e+00 1.138252522876336048e+00
-6.766426200000003632e+01 9.113584257631779373e-01 0.000000000000000000e+00 1.090381578542229279e+00
-6.741870800000006625e+01 9.080511007401129708e-01 0.000000000000000000e+00 1.050617770712724219e+00
-6.780425800000003278e+01 9.132440080543605676e-01 0.000000000000000000e+00 1.175515489174382866e+00
-6.726743800000002693e+01 9.060136708622074098e-01 0.000000000000000000e+00 1.254085521770804013e+00
-6.778692600000006507e+01 9.130105662969481006e-01 0.000000000000000000e+00 1.054160308915550903e+00
-6.704847400000002722e+01 9.030644820224797975e-01 0.000000000000000000e+00 1.220921014381182168e+00
-6.760222600000003013e+01 9.105228734401414892e-01 0.000000000000000000e+00 1.222300756407828981e+00
-6.720132800000004636e+01 9.051232465267260441e-01 0.000000000000000000e+00 1.072625040539292085e+00
-6.748722800000001598e+01 9.089739849553173379e-01 0.000000000000000000e+00 1.108206051482040655e+00
-6.719915399999999295e+01 9.050939652908255306e-01 0.000000000000000000e+00 1.229911251739553180e+00
-6.759466799999999864e+01 9.104210760248094836e-01 0.000000000000000000e+00 1.248481582723589778e+00
-6.720778600000002712e+01 9.052102282293206237e-01 0.000000000000000000e+00 1.097018755032442838e+00
-6.769608000000003756e+01 9.117869769885047493e-01 0.000000000000000000e+00 1.114017470258165998e+00
-6.736431800000006831e+01 9.073185310894271716e-01 0.000000000000000000e+00 1.231430852431101952e+00
-6.744699800000002199e+01 9.084321339340433177e-01 0.000000000000000000e+00 1.209611010683879995e+00
-6.697603000000003703e+01 9.020887461192937939e-01 0.000000000000000000e+00 1.218337069471533640e+00
-6.753699400000004971e+01 9.096442747371900062e-01 0.000000000000000000e+00 1.068340467221489121e+00
-6.723730400000006568e+01 9.056078011461982102e-01 0.000000000000000000e+00 1.221916912640945929e+00
-6.733507000000003018e+01 9.069245947565849342e-01 0.000000000000000000e+00 1.249339758521364807e+00
-6.768824200000004510e+01 9.116814083008403236e-01 0.000000000000000000e+00 1.191763457410992544e+00
-6.758431000000007316e+01 9.102815658861488357e-01 0.000000000000000000e+00 1.101399416307464740e+00
-6.706984800000005009e+01 9.033523647897858666e-01 0.000000000000000000e+00 1.136129181238034525e+00
-6.733359400000003347e+01 9.069047147638581441e-01 0.000000000000000000e+00 1.085612805375820722e+00
-6.730858200000004388e+01 9.065678323938829442e-01 0.000000000000000000e+00 1.072983347454727454e+00
-6.769901800000003789e+01 9.118265484103418306e-01 0.000000000000000000e+00 1.346044076632849862e+00
-6.751025200000002258e+01 9.092840912917283802e-01 0.000000000000000000e+00 1.207195602511553112e+00
-6.782998600000003364e+01 9.135905341064445295e-01 0.000000000000000000e+00 1.147749979199091719e+00
-6.766913600000002305e+01 9.114240728394316093e-01 0.000000000000000000e+00 9.536648134793941356e-01
-6.756366400000003125e+01 9.100034884269083690e-01 0.000000000000000000e+00 1.040252169265032167e+00
-6.772658400000001677e+01 9.121978301715256698e-01 0.000000000000000000e+00 1.126514566451887411e+00
-6.746646600000005378e+01 9.086943451118255632e-01 0.000000000000000000e+00 1.046716647737345518e+00
-6.724003000000003283e+01 9.056445171761254853e-01 0.000000000000000000e+00 9.730814395413159845e-01
-6.766453600000005508e+01 9.113621162225327144e-01 0.000000000000000000e+00 1.061094810786853193e+00
-6.729361800000002347e+01 9.063662848253432047e-01 0.000000000000000000e+00 1.293992112474985134e+00
-6.759075000000002831e+01 9.103683051498073775e-01 0.000000000000000000e+00 1.025022441488748770e+00
-6.796907199999999705e+01 9.154638597625444074e-01 0.000000000000000000e+00 1.217502941823754625e+00
-6.764921600000005242e+01 9.111557737505983079e-01 0.000000000000000000e+00 1.132095801771157539e+00
-6.747672600000002774e+01 9.088325353051702749e-01 0.000000000000000000e+00 1.276168212735280250e+00
-6.763146800000005499e+01 9.109167289600049733e-01 0.000000000000000000e+00 1.051844603002099809e+00
-6.772789400000004889e+01 9.122154743385126885e-01 0.000000000000000000e+00 1.116226688339611695e+00
-6.768585200000005386e+01 9.116492177977122413e-01 0.000000000000000000e+00 1.134700846659638884e+00
-6.778137600000005136e+01 9.129358142917758379e-01 0.000000000000000000e+00 1.088749208316635020e+00
-6.792487600000004022e+01 9.148685913624399202e-01 0.000000000000000000e+00 1.300405320583555069e+00
-6.731417800000004092e+01 9.066432039652239094e-01 0.000000000000000000e+00 1.114563946584610443e+00
-6.768545800000002544e+01 9.116439110787861733e-01 0.000000000000000000e+00 1.123683988538134670e+00
-6.799643200000005550e+01 9.158323669447986370e-01 0.000000000000000000e+00 1.106509716953778533e+00
-6.783982800000006819e+01 9.137230943289500473e-01 0.000000000000000000e+00 1.116720979057287844e+00
-6.794186800000007054e+01 9.150974537177346546e-01 0.000000000000000000e+00 9.999541608564572748e-01
-6.785676600000003589e+01 9.139512293674367793e-01 0.000000000000000000e+00 1.189782932771835666e+00
-6.792966800000004923e+01 9.149331339946534802e-01 0.000000000000000000e+00 1.071852596800831670e+00
-6.777833400000002939e+01 9.128948421116434009e-01 0.000000000000000000e+00 1.233556324167213836e+00
-6.746323800000004667e+01 9.086508677293578806e-01 0.000000000000000000e+00 1.144351136933948743e+00
-6.773008600000005686e+01 9.122449980133482406e-01 0.000000000000000000e+00 1.057818427930184546e+00
-6.795688200000007839e+01 9.152996747277623024e-01 0.000000000000000000e+00 1.044466980236350873e+00
-6.817947400000007008e+01 9.182977284818617525e-01 0.000000000000000000e+00 1.096194427071874200e+00
-6.786631200000002195e+01 9.140798028163324984e-01 0.000000000000000000e+00 9.563934162901956970e-01
-6.835959200000003477e+01 9.207237071607037304e-01 0.000000000000000000e+00 1.121197331650860551e+00
-6.803988200000001996e+01 9.164175875979017061e-01 0.000000000000000000e+00 1.017697238657803149e+00
-6.834343200000006391e+01 9.205060508717707313e-01 0.000000000000000000e+00 1.047063064956432976e+00
-6.819852200000005382e+01 9.185542827511438135e-01 0.000000000000000000e+00 1.173596888063668686e+00
-6.789928800000004117e+01 9.145239509465225014e-01 0.000000000000000000e+00 1.194314209987378916e+00
-6.823343800000000670e+01 9.190245604110687250e-01 0.000000000000000000e+00 1.112275705482260291e+00
-6.809579400000002636e+01 9.171706568074835531e-01 0.000000000000000000e+00 8.580051020332865042e-01
-6.812003600000001313e+01 9.174971681785428768e-01 0.000000000000000000e+00 9.608432238992639096e-01
-6.806692200000004789e+01 9.167817847546321230e-01 0.000000000000000000e+00 1.073730810609683228e+00
-6.759535200000004806e+01 9.104302887043664860e-01 0.000000000000000000e+00 1.199596694051711987e+00
-6.793746200000003910e+01 9.150381100538084178e-01 0.000000000000000000e+00 1.089353630868722611e+00
-6.833828800000004833e+01 9.204367672114813770e-01 0.000000000000000000e+00 1.108173201581336587e+00
-6.811112200000005146e+01 9.173771070300562602e-01 0.000000000000000000e+00 1.204250232694789258e+00
-6.815557000000002574e+01 9.179757695752607249e-01 0.000000000000000000e+00 9.828718421446454023e-01
-6.806480000000007635e+01 9.167532038978802866e-01 0.000000000000000000e+00 1.036425254361735382e+00
-6.822869200000005208e+01 9.189606373450248666e-01 0.000000000000000000e+00 1.213363449816045270e+00
-6.790550600000000259e+01 9.146077001299741660e-01 0.000000000000000000e+00 9.529213792937754057e-01
-6.846552400000004468e+01 9.221504872349171045e-01 0.000000000000000000e+00 1.310821382489589348e+00
-6.839179600000005621e+01 9.211574573543184208e-01 0.000000000000000000e+00 1.185899680115046539e+00
-6.812346000000000856e+01 9.175432854516435421e-01 0.000000000000000000e+00 1.310235537773436487e+00
-6.819175800000002141e+01 9.184631795866418091e-01 0.000000000000000000e+00 9.765428595827322367e-01
-6.803782800000001885e+01 9.163899226215731497e-01 0.000000000000000000e+00 1.078516300535699024e+00
-6.845952600000006782e+01 9.220697011940125476e-01 0.000000000000000000e+00 1.115002378275309347e+00
-6.809816800000004378e+01 9.172026318093357000e-01 0.000000000000000000e+00 1.139719836642480555e+00
-6.819542800000007787e+01 9.185126101918644759e-01 0.000000000000000000e+00 1.124342004304039078e+00
-6.830319800000003738e+01 9.199641459751773942e-01 0.000000000000000000e+00 9.461709779907223616e-01
-6.825133200000003342e+01 9.192655716508074670e-01 0.000000000000000000e+00 1.141199097076263103e+00
-6.837605800000000045e+01 9.209454849115433772e-01 0.000000000000000000e+00 1.103652321660707925e+00
-6.830648600000004933e+01 9.200084314874308333e-01 0.000000000000000000e+00 9.152193975548186256e-01
-6.827079000000007625e+01 9.195276481402923086e-01 0.000000000000000000e+00 1.159396386796669454e+00
-6.814943200000001866e+01 9.178930978981892919e-01 0.000000000000000000e+00 1.126908637175797701e+00
-6.857901400000007186e+01 9.236790647244622621e-01 0.000000000000000000e+00 1.122947548989629674e+00
-6.852717800000004900e+01 9.229808944649849911e-01 0.000000000000000000e+00 1.005637435275896108e+00
-6.891815400000005809e+01 9.282468836495147979e-01 0.000000000000000000e+00 1.265410961904902098e+00
-6.883912600000002158e+01 9.271824689711836154e-01 0.000000000000000000e+00 1.088405519219131312e+00
-6.895563200000000847e+01 9.287516684512866494e-01 0.000000000000000000e+00 1.007019393640299354e+00
-6.886576600000003623e+01 9.275412785960095441e-01 0.000000000000000000e+00 8.978298365492101141e-01
-6.906676000000004478e+01 9.302484325649371666e-01 0.000000000000000000e+00 1.269504359340226207e+00
-6.911823000000005379e+01 9.309416732327218114e-01 0.000000000000000000e+00 9.870166502029118494e-01
-6.928287000000005946e+01 9.331591813645279121e-01 0.000000000000000000e+00 1.011530304373856382e+00
-6.920817200000007574e+01 9.321530867190613856e-01 0.000000000000000000e+00 1.252192902336787261e+00
-6.903670200000009061e+01 9.298435864799897699e-01 0.000000000000000000e+00 1.075628672172696865e+00
-6.906231600000005244e+01 9.301885770854805280e-01 0.000000000000000000e+00 1.127530493190649130e+00
-6.941095800000005056e+01 9.348843768309196278e-01 0.000000000000000000e+00 1.104374877172281222e+00
-6.935799000000004355e+01 9.341709598561533934e-01 0.000000000000000000e+00 1.023636666671107420e+00
-6.981134799999999530e+01 9.402771615788160231e-01 0.000000000000000000e+00 9.795253520192750418e-01
-7.010576600000003111e+01 9.442426274993100943e-01 0.000000000000000000e+00 1.019907241991480307e+00
-6.963983200000004103e+01 9.379670417735759269e-01 0.000000000000000000e+00 8.265586426096627193e-01
-6.997824000000005640e+01 9.425250015152439875e-01 0.000000000000000000e+00 1.078650939878610160e+00
-7.007391400000005888e+01 9.438136183337717533e-01 0.000000000000000000e+00 1.042680990080258496e+00
-6.962482600000004140e+01 9.377649285141864688e-01 0.000000000000000000e+00 8.916903904654835955e-01
-6.992514600000001224e+01 9.418098874679273758e-01 0.000000000000000000e+00 1.103319830313782557e+00
-7.006013200000008112e+01 9.436279909220097739e-01 0.000000000000000000e+00 1.046703029177276756e+00
-6.975543400000000815e+01 9.395240654315749618e-01 0.000000000000000000e+00 9.326855167610123010e-01
-6.997987600000003283e+01 9.425470365207322399e-01 0.000000000000000000e+00 8.924438666805650788e-01
-6.999514200000004394e+01 9.427526516758596431e-01 0.000000000000000000e+00 9.198847601496374926e-01
-6.974815800000004629e+01 9.394260662262364781e-01 0.000000000000000000e+00 1.062694046753843713e+00
-6.971944800000008513e+01 9.390393761238065018e-01 0.000000000000000000e+00 1.018087468457550715e+00
-6.985563000000003342e+01 9.408735882982810494e-01 0.000000000000000000e+00 1.125444632358718389e+00
-6.973457400000006601e+01 9.392431056427670288e-01 0.000000000000000000e+00 1.203027153410272554e+00
-6.976030800000005172e+01 9.395897125078294110e-01 0.000000000000000000e+00 1.056434798733815850e+00
-6.983134800000003395e+01 9.405465381740311104e-01 0.000000000000000000e+00 1.217819012981731230e+00
-6.967219800000007979e+01 9.384029739176121820e-01 0.000000000000000000e+00 9.813690830506517360e-01
-6.945521400000004064e+01 9.354804533608102046e-01 0.000000000000000000e+00 1.032233091778022915e+00
-7.001682000000003825e+01 9.430446289674125904e-01 0.000000000000000000e+00 1.139830040848283987e+00
-6.977483400000004110e+01 9.397853607289334832e-01 0.000000000000000000e+00 1.003684973738817598e+00
-6.969440000000007274e+01 9.387020088759596703e-01 0.000000000000000000e+00 9.913727242484723368e-01
-6.984321000000001334e+01 9.407063054326525453e-01 0.000000000000000000e+00 9.796615483900238397e-01
-6.984840600000002553e+01 9.407762894720894664e-01 0.000000000000000000e+00 9.553069820024485681e-01
-6.963583200000006457e+01 9.379131664545333757e-01 0.000000000000000000e+00 1.022863144264641866e+00
-6.993362800000004142e+01 9.419241300819582996e-01 0.000000000000000000e+00 1.084799991999642499e+00
-6.969718400000002134e+01 9.387395060980128214e-01 0.000000000000000000e+00 8.724511233127593135e-01
-6.988506200000006174e+01 9.412700028957990961e-01 0.000000000000000000e+00 9.604938509607094943e-01
-7.006227400000007322e+01 9.436568411553570845e-01 0.000000000000000000e+00 1.137808984574202986e+00
-7.010005600000008030e+01 9.441657204813769244e-01 0.000000000000000000e+00 9.157864161826412275e-01
-6.969005800000000761e+01 9.386435272171377298e-01 0.000000000000000000e+00 9.392177670677647194e-01
-6.998677400000002535e+01 9.426399445084215900e-01 0.000000000000000000e+00 1.217241112592676533e+00
-6.999117800000003342e+01 9.426992612346879463e-01 0.000000000000000000e+00 7.255589805512607793e-01
-6.969253200000005677e+01 9.386768491019664706e-01 0.000000000000000000e+00 1.104454916052221680e+00
-6.999356000000007327e+01 9.427313439871786160e-01 0.000000000000000000e+00 1.062966145208108504e+00
-6.990378600000003928e+01 9.415221932642386937e-01 0.000000000000000000e+00 1.129605855371194734e+00
-6.959366000000002828e+01 9.373451589658635674e-01 0.000000000000000000e+00 1.165091976947517205e+00
-6.987996400000004371e+01 9.412013388016786664e-01 0.000000000000000000e+00 8.824339754991032958e-01
-6.941414400000006424e+01 9.349272885225374807e-01 0.000000000000000000e+00 1.054697868971071983e+00
-6.970266200000003209e+01 9.388132883474422652e-01 0.000000000000000000e+00 1.083442370156578294e+00
-6.975617000000003998e+01 9.395339784902793090e-01 0.000000000000000000e+00 1.051471327149810175e+00
-6.925133399999999995e+01 9.327344283491928456e-01 0.000000000000000000e+00 8.235333483241705776e-01
-6.978585600000005229e+01 9.399338141705564365e-01 0.000000000000000000e+00 9.783406514950077071e-01
-6.978637000000001933e+01 9.399407371490530183e-01 0.000000000000000000e+00 1.063623338196165946e+00
-6.966100200000003895e+01 9.382521768996104905e-01 0.000000000000000000e+00 1.077901173294610659e+00
-7.021099400000002788e+01 9.456599255173716578e-01 0.000000000000000000e+00 9.215456377130109011e-01
-6.992863200000002166e+01 9.418568398084734561e-01 0.000000000000000000e+00 1.098667304067186823e+00
-6.953116400000004660e+01 9.365034109811374297e-01 0.000000000000000000e+00 9.550502940397720408e-01
-7.026436800000001881e+01 9.463788108370205787e-01 0.000000000000000000e+00 1.075566121159390987e+00
-7.024035000000004914e+01 9.460553164838279017e-01 0.000000000000000000e+00 1.039349736249749467e+00
-6.988019599999999798e+01 9.412044635701826145e-01 0.000000000000000000e+00 9.018546127897226761e-01
-7.041202200000006428e+01 9.483675374265114755e-01 0.000000000000000000e+00 1.149541823491234904e+00
-7.014135800000006782e+01 9.447220100881542626e-01 0.000000000000000000e+00 1.043661115436782083e+00
-7.028354199999999707e+01 9.466370621788524620e-01 0.000000000000000000e+00 8.840185711724486417e-01
-6.896528000000003544e+01 9.288816157208185098e-01 0.000000000000000000e+00 7.846073783631003495e-01
-7.037698000000006004e+01 9.478955626940360757e-01 0.000000000000000000e+00 9.438846997725133248e-01
-7.008462600000004272e+01 9.439578964381684090e-01 0.000000000000000000e+00 1.094783302631718191e+00
-7.026794400000004259e+01 9.464269753722452938e-01 0.000000000000000000e+00 9.963110919706943402e-01
-6.995514200000003768e+01 9.422138984854304677e-01 0.000000000000000000e+00 1.126609260970745874e+00
-7.009750600000000986e+01 9.441313749654861587e-01 0.000000000000000000e+00 8.970822087504383147e-01
-7.006278600000004531e+01 9.436637371961942300e-01 0.000000000000000000e+00 9.354884327894311680e-01
-7.021307800000008115e+01 9.456879945585937586e-01 0.000000000000000000e+00 9.707312615432630576e-01
-6.992176800000005699e+01 9.417643897609963011e-01 0.000000000000000000e+00 1.125892042555993511e+00
-7.014623600000004444e+01 9.447877110397268074e-01 0.000000000000000000e+00 9.832201010840643240e-01
-6.993221400000004451e+01 9.419050851566767024e-01 0.000000000000000000e+00 1.032516813375467191e+00
-7.007475800000003119e+01 9.438249860260894408e-01 0.000000000000000000e+00 9.117418278451544511e-01
-7.006062000000001433e+01 9.436345637109321283e-01 0.000000000000000000e+00 8.962087189258919340e-01
-7.044230199999999797e+01 9.487753735916654163e-01 0.000000000000000000e+00 1.095562660843433012e+00
-7.013156200000004503e+01 9.445900694318178914e-01 0.000000000000000000e+00 1.110349952549768204e+00
-7.030838600000002714e+01 9.469716817854283430e-01 0.000000000000000000e+00 9.764742084673917466e-01
-7.039880000000003690e+01 9.481894525594147805e-01 0.000000000000000000e+00 1.075430018948962063e+00
-7.006457200000008356e+01 9.436877925261474287e-01 0.000000000000000000e+00 9.583426293177593758e-01
-6.998024800000003154e+01 9.425520469254031752e-01 0.000000000000000000e+00 9.358009887802105631e-01
-7.028075000000005446e+01 9.465994572061613432e-01 0.000000000000000000e+00 1.023269202363214614e+00
-7.018793000000002280e+01 9.453492804277702222e-01 0.000000000000000000e+00 9.644068521452162646e-01
-6.981693600000005517e+01 9.403524253995197979e-01 0.000000000000000000e+00 9.445609232234882802e-01
-6.983803400000005013e+01 9.406365907698115425e-01 0.000000000000000000e+00 1.192884496954649487e+00
-6.986552000000007467e+01 9.410067950246151502e-01 0.000000000000000000e+00 9.359699142622265322e-01
-7.029727200000002085e+01 9.468219892114675407e-01 0.000000000000000000e+00 9.624649306039274599e-01
-6.990085600000004717e+01 9.414827295930398021e-01 0.000000000000000000e+00 1.013452899875799229e+00
-6.970389000000004387e+01 9.388298280703886167e-01 0.000000000000000000e+00 1.133372801941981090e+00
-7.011804800000001592e+01 9.444080516664310476e-01 0.000000000000000000e+00 1.205271872132397393e+00
-6.992178400000003080e+01 9.417646052622721253e-01 0.000000000000000000e+00 1.056855713202749625e+00
-7.025888800000002732e+01 9.463050016499319206e-01 0.000000000000000000e+00 9.543728859890729943e-01
-7.022894600000005028e+01 9.459017179492366090e-01 0.000000000000000000e+00 1.093787016682235880e+00
-7.022610200000003999e+01 9.458634125973969242e-01 0.000000000000000000e+00 1.089538247295244400e+00
-6.953833000000003040e+01 9.365999286152025816e-01 0.000000000000000000e+00 1.074643071917462667e+00
-6.978165800000004992e+01 9.398772720232208000e-01 0.000000000000000000e+00 8.931840446470814543e-01
-6.977745000000000175e+01 9.398205951875870934e-01 0.000000000000000000e+00 1.020938604936901140e+00
-6.991811400000005960e+01 9.417151746570506798e-01 0.000000000000000000e+00 1.080727693958514424e+00
-6.953626800000003527e+01 9.365721558882360576e-01 0.000000000000000000e+00 9.013562825301467685e-01
-7.004338600000005499e+01 9.434024418988362637e-01 0.000000000000000000e+00 1.064820760467803273e+00
-7.023825600000002112e+01 9.460271127543085079e-01 0.000000000000000000e+00 1.022370779596980084e+00
-6.961312800000007428e+01 9.376073701436460350e-01 0.000000000000000000e+00 9.840267217444201853e-01
-7.010739200000001858e+01 9.442645278165008316e-01 0.000000000000000000e+00 9.450646356688623406e-01
-7.004268600000006018e+01 9.433930137180038811e-01 0.000000000000000000e+00 1.023853825683957774e+00
-7.044796600000005071e+01 9.488516610434308829e-01 0.000000000000000000e+00 1.141003298025492274e+00
-7.064852200000005666e+01 9.515529156649231712e-01 0.000000000000000000e+00 1.075132188403553846e+00
-7.057816000000002532e+01 9.506052218652984998e-01 0.000000000000000000e+00 1.027831773170782226e+00
-7.039379600000003734e+01 9.481220545352920803e-01 0.000000000000000000e+00 1.051327780573717563e+00
-6.954986000000000956e+01 9.367552242223434744e-01 0.000000000000000000e+00 1.023978790815710083e+00
-6.985897200000003693e+01 9.409186011273414918e-01 0.000000000000000000e+00 1.101576598535210394e+00
-7.003658400000003326e+01 9.433108269188035244e-01 0.000000000000000000e+00 8.955070691248190329e-01
-7.028591800000002365e+01 9.466690641183642674e-01 0.000000000000000000e+00 1.057070756916145049e+00
-6.968253400000004660e+01 9.385421877420185854e-01 0.000000000000000000e+00 1.084934776815378088e+00
-7.031201800000003743e+01 9.470206005751194978e-01 0.000000000000000000e+00 9.636274925090054788e-01
-7.023765600000004383e+01 9.460190314564523861e-01 0.000000000000000000e+00 1.200467478498827623e+00
-7.022771200000001102e+01 9.458850974133112821e-01 0.000000000000000000e+00 1.156412729375902781e+00
-6.969906400000002122e+01 9.387648274979630836e-01 0.000000000000000000e+00 1.057157473769861467e+00
-6.994813600000003362e+01 9.421195358641267781e-01 0.000000000000000000e+00 1.015375581754968559e+00
-6.916795200000002808e+01 9.316113703860843254e-01 0.000000000000000000e+00 1.168971500847620471e+00
-7.010198400000004426e+01 9.441916883851552145e-01 0.000000000000000000e+00 9.342491922805001847e-01
-6.910301800000003425e+01 9.307367853944014113e-01 0.000000000000000000e+00 1.149410764492534431e+00
-7.051787600000001532e+01 9.497932669320027221e-01 0.000000000000000000e+00 1.056131264905604272e+00
-7.006889400000009971e+01 9.437460048083734510e-01 0.000000000000000000e+00 9.639625913589147110e-01
-7.030399200000005067e+01 9.469124997474600569e-01 0.000000000000000000e+00 9.530350855444867930e-01
-6.941905599999999765e+01 9.349934474143213325e-01 0.000000000000000000e+00 9.318784420576096128e-01
-7.030143600000002380e+01 9.468780734185912040e-01 0.000000000000000000e+00 9.579969304183125756e-01
-6.976814199999999744e+01 9.396952273201741868e-01 0.000000000000000000e+00 8.836684913827278498e-01
-7.038350800000003460e+01 9.479834872147137048e-01 0.000000000000000000e+00 1.119634896450399042e+00
-6.955132600000003151e+01 9.367749695267729715e-01 0.000000000000000000e+00 1.062139378955169633e+00
-7.027728199999999958e+01 9.465527473045503015e-01 0.000000000000000000e+00 1.049290485473421741e+00
-6.969707999999998549e+01 9.387381053397172437e-01 0.000000000000000000e+00 1.203994747295498380e+00
-7.019967400000007274e+01 9.455074583644809127e-01 0.000000000000000000e+00 9.599521615416487519e-01
-7.035431800000003477e+01 9.475903320739981206e-01 0.000000000000000000e+00 9.333797188018964075e-01
-7.047495000000002108e+01 9.492151039456938610e-01 0.000000000000000000e+00 1.149323220223734898e+00
-7.045372400000005086e+01 9.489292145651930799e-01 0.000000000000000000e+00 1.062409135092160950e+00
-7.006282000000007315e+01 9.436641951364064251e-01 0.000000000000000000e+00 8.790709154234565004e-01
-7.013264400000002752e+01 9.446046427056188355e-01 0.000000000000000000e+00 1.005242217589492393e+00
-7.050728400000001272e+01 9.496506050871771354e-01 0.000000000000000000e+00 1.034150347461893160e+00
-6.973071600000002945e+01 9.391911428975496801e-01 0.000000000000000000e+00 9.442919659263920851e-01
-7.001173600000004171e+01 9.429761534369091036e-01 0.000000000000000000e+00 9.249172985710446548e-01
-7.001651200000004849e+01 9.430404805678463953e-01 0.000000000000000000e+00 1.092942537630233524e+00
-7.051520400000002553e+01 9.497572782188822282e-01 0.000000000000000000e+00 1.076680514585867554e+00
-7.021966600000001790e+01 9.457767272090565891e-01 0.000000000000000000e+00 1.202876426663280096e+00
-6.999215400000005616e+01 9.427124068125347645e-01 0.000000000000000000e+00 1.113085482429789774e+00
-7.000054400000003341e+01 9.428254102942269510e-01 0.000000000000000000e+00 8.258233658475623296e-01
-7.024381600000000958e+01 9.461019994477780637e-01 0.000000000000000000e+00 1.184966878002772006e+00
-7.005570000000007269e+01 9.435682970685100868e-01 0.000000000000000000e+00 1.005949012102251183e+00
-7.046145000000001346e+01 9.490332747439239602e-01 0.000000000000000000e+00 1.082108775642832921e+00
-7.013288400000004685e+01 9.446078752247616395e-01 0.000000000000000000e+00 1.124609682118712151e+00
-6.994005200000003697e+01 9.420106538443411281e-01 0.000000000000000000e+00 1.204783482495062508e+00
-6.946442600000004575e+01 9.356045282205660563e-01 0.000000000000000000e+00 9.192926238179334186e-01
-7.012941400000005387e+01 9.445611383854920495e-01 0.000000000000000000e+00 1.176288624052254761e+00
-7.046368000000001075e+01 9.490633102342903582e-01 0.000000000000000000e+00 9.956633719802240323e-01
-7.020847000000006233e+01 9.456259301910561188e-01 0.000000000000000000e+00 1.072146255805794146e+00
-6.965635000000000332e+01 9.381895199035631405e-01 0.000000000000000000e+00 1.089548385498980032e+00
-6.972008600000006595e+01 9.390479692371935805e-01 0.000000000000000000e+00 9.921579498133241692e-01
-7.025018600000005620e+01 9.461877958933544441e-01 0.000000000000000000e+00 1.050740752369921704e+00
-7.023084800000006567e+01 9.459273356634416707e-01 0.000000000000000000e+00 9.196794841858347835e-01
-7.030509800000005782e+01 9.469273962731754590e-01 0.000000000000000000e+00 9.989843381528797917e-01
-7.031464600000003884e+01 9.470559966597306145e-01 0.000000000000000000e+00 1.233524403170103589e+00
-6.970170600000001571e+01 9.388004121461908102e-01 0.000000000000000000e+00 1.030669347464074459e+00
-7.015189399999999864e+01 9.448639176785124105e-01 0.000000000000000000e+00 9.135081670553190092e-01
-6.956097200000003511e+01 9.369048898586450624e-01 0.000000000000000000e+00 8.439526208732266443e-01
-7.023620000000006769e+01 9.459994208403210703e-01 0.000000000000000000e+00 1.107877484201208906e+00
-7.011019600000003038e+01 9.443022944151500120e-01 0.000000000000000000e+00 1.011086758251294127e+00
-7.005219999999999914e+01 9.435211561643465084e-01 0.000000000000000000e+00 9.973519081482062898e-01
-6.930725199999999120e+01 9.334875783717530018e-01 0.000000000000000000e+00 9.934191616855595486e-01
-7.050706600000003732e+01 9.496476688822895751e-01 0.000000000000000000e+00 9.715738039954047167e-01
-7.033536800000007361e+01 9.473350977500328840e-01 0.000000000000000000e+00 1.119043991054485598e+00
-7.055578400000003114e+01 9.503038433305726063e-01 0.000000000000000000e+00 9.806710669534384195e-01
-7.005829800000005037e+01 9.436032890882282143e-01 0.000000000000000000e+00 9.236294825340187753e-01
-7.022560600000001330e+01 9.458567320578352700e-01 0.000000000000000000e+00 1.049063772490268498e+00
-7.027747600000007822e+01 9.465553602575249581e-01 0.000000000000000000e+00 1.086164489758398188e+00
-7.013095400000003110e+01 9.445818803833232469e-01 0.000000000000000000e+00 1.095666032157718961e+00
-7.027576600000006124e+01 9.465323285586338953e-01 0.000000000000000000e+00 8.458375964926146962e-01
-7.018286600000006104e+01 9.452810742738624317e-01 0.000000000000000000e+00 1.122869572844594099e+00
-6.979869800000003011e+01 9.401067808823433403e-01 0.000000000000000000e+00 1.135220436207804662e+00
-7.012030600000002778e+01 9.444384642840309985e-01 0.000000000000000000e+00 8.305645447488948507e-01
-7.028165400000001739e+01 9.466116330282644542e-01 0.000000000000000000e+00 1.104814910721943377e+00
-7.026896000000000697e+01 9.464406597032817281e-01 0.000000000000000000e+00 1.190095241583799979e+00
-7.002538600000008273e+01 9.431600029631436177e-01 0.000000000000000000e+00 1.006235493554509697e+00
-7.002341600000006849e+01 9.431334693685147208e-01 0.000000000000000000e+00 9.940717955414029028e-01
-7.023363600000001838e+01 9.459648867608139167e-01 0.000000000000000000e+00 1.141411753847935806e+00
-7.044062200000004736e+01 9.487527459576680089e-01 0.000000000000000000e+00 1.002427829345566845e+00
-7.047580000000002087e+01 9.492265524509905239e-01 0.000000000000000000e+00 1.117966264466351722e+00
-6.988384800000004304e+01 9.412536517364693545e-01 0.000000000000000000e+00 1.212018741269242028e+00
-7.041242600000005325e+01 9.483729788337346145e-01 0.000000000000000000e+00 9.697152320327669939e-01
-7.045325600000003874e+01 9.489229111528648675e-01 0.000000000000000000e+00 1.038949848034693257e+00
-7.028509800000003338e+01 9.466580196779605938e-01 0.000000000000000000e+00 1.172778875364409279e+00
-7.002460800000002905e+01 9.431495242135889967e-01 0.000000000000000000e+00 1.145191783477970571e+00
-7.011656800000002931e+01 9.443881177983853847e-01 0.000000000000000000e+00 9.603076077965434498e-01
-7.004580600000004154e+01 9.434350364668570021e-01 0.000000000000000000e+00 9.680919258693009288e-01
-7.039018400000001918e+01 9.480734051221961778e-01 0.000000000000000000e+00 1.225059315547660121e+00
-6.993030000000000257e+01 9.418793058165141341e-01 0.000000000000000000e+00 9.860684066667295689e-01
-7.064024600000001897e+01 9.514414476298228562e-01 0.000000000000000000e+00 8.801737738685818657e-01
-7.022770400000003121e+01 9.458849896626735365e-01 0.000000000000000000e+00 1.045652801360920092e+00
-7.047921600000002229e+01 9.492725619734531106e-01 0.000000000000000000e+00 1.032408627964213066e+00
-7.056678200000004608e+01 9.504519735202812125e-01 0.000000000000000000e+00 1.097610410210298593e+00
-7.048425800000003960e+01 9.493404718131069897e-01 0.000000000000000000e+00 9.650385676262173140e-01
-6.989501600000002668e+01 9.414040716272369380e-01 0.000000000000000000e+00 9.918118427698799922e-01
-7.003557600000003447e+01 9.432972503384047247e-01 0.000000000000000000e+00 9.187273370387000204e-01
-7.019183400000004269e+01 9.454018627391563845e-01 0.000000000000000000e+00 1.051456494411634246e+00
-6.949693000000003451e+01 9.360423190631085300e-01 0.000000000000000000e+00 1.179586208007372239e+00
-7.019050600000007023e+01 9.453839761332345493e-01 0.000000000000000000e+00 9.326820621490187202e-01
-7.015491399999999089e+01 9.449045935443897148e-01 0.000000000000000000e+00 1.155033635525805069e+00
-7.026053600000005872e+01 9.463271982813780125e-01 0.000000000000000000e+00 9.633484735645718722e-01
-7.014349000000004253e+01 9.447507256332038361e-01 0.000000000000000000e+00 1.112963078108309078e+00
-7.061987400000002424e+01 9.511670606299373887e-01 0.000000000000000000e+00 1.088764504373576303e+00
-7.032624200000005033e+01 9.472121812096362392e-01 0.000000000000000000e+00 9.854573249148248504e-01
-7.058966800000004582e+01 9.507602211581851481e-01 0.000000000000000000e+00 1.033102756569898251e+00
-7.032864600000002042e+01 9.472445602763805983e-01 0.000000000000000000e+00 1.028635492312240274e+00
-7.023909199999999942e+01 9.460383726959882278e-01 0.000000000000000000e+00 1.016473719562692501e+00
-7.043850400000000889e+01 9.487242189762342681e-01 0.000000000000000000e+00 1.066053994493597612e+00
-7.016808200000008355e+01 9.450819510946801838e-01 0.000000000000000000e+00 1.039079998707092889e+00
-7.006585400000003006e+01 9.437050595658998953e-01 0.000000000000000000e+00 9.585468255920129854e-01
-7.020012800000003494e+01 9.455135732131917381e-01 0.000000000000000000e+00 1.102497653318008863e+00
-7.061103600000005542e+01 9.510480231125125750e-01 0.000000000000000000e+00 8.483336349966716927e-01
-7.032548000000006994e+01 9.472019179613587747e-01 0.000000000000000000e+00 1.166789908468979675e+00
-7.018585200000006807e+01 9.453212921995280960e-01 0.000000000000000000e+00 8.862733094744916773e-01
-7.040012800000002358e+01 9.482073391653368377e-01 0.000000000000000000e+00 1.141645024000122799e+00
-7.046845400000006521e+01 9.491276104275687686e-01 0.000000000000000000e+00 1.085878158559404172e+00
-7.002967800000003251e+01 9.432178111804759846e-01 0.000000000000000000e+00 9.904236150702832031e-01
-7.009878000000004761e+01 9.441485342546018789e-01 0.000000000000000000e+00 1.032198145569527048e+00
-7.037083600000003969e+01 9.478128102039858893e-01 0.000000000000000000e+00 1.123133934601989292e+00
-6.995856200000001479e+01 9.422599618832119273e-01 0.000000000000000000e+00 1.060171086515204308e+00
-7.025470000000005655e+01 9.462485941908943543e-01 0.000000000000000000e+00 9.893456603005614802e-01
-6.975482800000006023e+01 9.395159033207407528e-01 0.000000000000000000e+00 1.122595761282076499e+00
-7.025671799999999223e+01 9.462757742893507240e-01 0.000000000000000000e+00 9.209975935633567534e-01
-7.041841200000006040e+01 9.484536032486824420e-01 0.000000000000000000e+00 1.112620058693020164e+00
-7.032803800000000649e+01 9.472363712278858427e-01 0.000000000000000000e+00 1.184141596329415069e+00
-7.043746800000003816e+01 9.487102652686025817e-01 0.000000000000000000e+00 1.248895405837987749e+00
-7.050108199999999670e+01 9.495670714050008510e-01 0.000000000000000000e+00 1.049582403960274135e+00
-7.016269000000001199e+01 9.450093271646093918e-01 0.000000000000000000e+00 9.863633106036795439e-01
-6.966376400000004310e+01 9.382893778074097302e-01 0.000000000000000000e+00 1.008582268847883379e+00
-7.055718800000005331e+01 9.503227535675569104e-01 0.000000000000000000e+00 1.028472492256984339e+00
-7.030275400000006414e+01 9.468958253362164124e-01 0.000000000000000000e+00 1.050658848938381462e+00
-6.987968000000006441e+01 9.411975136540269293e-01 0.000000000000000000e+00 8.761370136380871587e-01
-6.998039800000005073e+01 9.425540672498675665e-01 0.000000000000000000e+00 1.053904514677000748e+00
-7.044210600000000966e+01 9.487727337010324336e-01 0.000000000000000000e+00 9.730826594826662568e-01
-6.997360400000000880e+01 9.424625600204726839e-01 0.000000000000000000e+00 1.243166686201334414e+00
-6.999412200000003281e+01 9.427389134695035589e-01 0.000000000000000000e+00 1.092081338553205994e+00
-7.013473000000003310e+01 9.446327386844997065e-01 0.000000000000000000e+00 9.101120651942387063e-01
-7.006262200000000462e+01 9.436615283081128958e-01 0.000000000000000000e+00 1.088158230062396203e+00
-7.027543200000002344e+01 9.465278299694933617e-01 0.000000000000000000e+00 9.209764235326713955e-01
-7.036379000000002293e+01 9.477179088294915843e-01 0.000000000000000000e+00 8.864405578070381209e-01
-7.045720600000001355e+01 9.489761130304193992e-01 0.000000000000000000e+00 1.179355756148074086e+00
-7.023310600000006332e+01 9.459577482810413995e-01 0.000000000000000000e+00 1.137747329339068081e+00
-7.016056200000002718e+01 9.449806654948788021e-01 0.000000000000000000e+00 1.004323085242749602e+00
-6.987985200000008490e+01 9.411998302927461202e-01 0.000000000000000000e+00 1.001612663746708431e+00
-7.045708800000002725e+01 9.489745237085078777e-01 0.000000000000000000e+00 9.761568166865589591e-01
-7.015399200000003077e+01 9.448921752833507881e-01 0.000000000000000000e+00 1.039526131910715190e+00
-7.014702400000003024e+01 9.447983244775780554e-01 0.000000000000000000e+00 1.142530296936664191e+00
-6.969386200000003839e+01 9.386947626455479643e-01 0.000000000000000000e+00 1.261472810116265109e+00
-7.047429000000003896e+01 9.492062145180519828e-01 0.000000000000000000e+00 1.184071175643549356e+00
-6.971274000000002502e+01 9.389490272137708260e-01 0.000000000000000000e+00 1.051991575416587832e+00
-6.995109600000006367e+01 9.421594036002189920e-01 0.000000000000000000e+00 1.038729733558146684e+00
-7.028069400000002531e+01 9.465987029516943485e-01 0.000000000000000000e+00 9.397787684880993808e-01
-7.020326400000006117e+01 9.455558114633217937e-01 0.000000000000000000e+00 1.181563774425376856e+00
-6.982790000000002806e+01 9.405000976490160980e-01 0.000000000000000000e+00 1.031409902154631908e+00
-7.035080200000005846e+01 9.475429756685597171e-01 0.000000000000000000e+00 1.032279541458190231e+00
-7.032356200000003810e+01 9.471760847458773336e-01 0.000000000000000000e+00 1.053502812869160365e+00
-6.994086600000002818e+01 9.420216174717662705e-01 0.000000000000000000e+00 9.318459061302551971e-01
-7.015050000000003649e+01 9.448451421298263986e-01 0.000000000000000000e+00 1.049657428676498139e+00
-6.986564599999999814e+01 9.410084920971639733e-01 0.000000000000000000e+00 1.059701938599107551e+00
-7.015622400000000880e+01 9.449222377113765114e-01 0.000000000000000000e+00 1.074516826451439311e+00
-7.009276400000000251e+01 9.440675057747607291e-01 0.000000000000000000e+00 1.034896581718447228e+00
-7.077846400000007066e+01 9.533030823416915878e-01 0.000000000000000000e+00 9.149609564468981215e-01
-7.036478600000003780e+01 9.477313237839334326e-01 0.000000000000000000e+00 9.794259086368360956e-01
-7.065020000000001232e+01 9.515755163612610312e-01 0.000000000000000000e+00 1.126688383688850603e+00
-7.053154200000003016e+01 9.499773319595130605e-01 0.000000000000000000e+00 1.037935782173036170e+00
-7.035074200000003941e+01 9.475421675387738496e-01 0.000000000000000000e+00 1.068453602947981862e+00
-7.047193200000002378e+01 9.491744550174759931e-01 0.000000000000000000e+00 9.368754745019383101e-01
-7.067068400000000850e+01 9.518514118700797111e-01 0.000000000000000000e+00 9.591778064508580393e-01
-7.042148200000004010e+01 9.484949525560476546e-01 0.000000000000000000e+00 1.009837022192144884e+00
-7.046028000000002578e+01 9.490175162131040398e-01 0.000000000000000000e+00 9.876589042331928026e-01
-7.038500600000000418e+01 9.480036635216948504e-01 0.000000000000000000e+00 9.855589320017773547e-01
-7.041565400000003194e+01 9.484164562162019640e-01 0.000000000000000000e+00 1.054039388164418556e+00
-7.061720000000001107e+01 9.511310449791570143e-01 0.000000000000000000e+00 1.025076898815327375e+00
-7.016914400000007390e+01 9.450962549918859867e-01 0.000000000000000000e+00 1.044652604411165253e+00
-7.029184000000005028e+01 9.467488265282076876e-01 0.000000000000000000e+00 1.061173611211338574e+00
-7.027851000000005399e+01 9.465692870274972082e-01 0.000000000000000000e+00 1.219717990050373624e+00
-7.043467200000004880e+01 9.486726064205917019e-01 0.000000000000000000e+00 1.070712388932780090e+00
-7.066375000000002160e+01 9.517580190045189514e-01 0.000000000000000000e+00 9.377927945743428362e-01
-7.077233800000004749e+01 9.532205722905771061e-01 0.000000000000000000e+00 9.522010184575080416e-01
-7.046208600000004196e+01 9.490418409196521576e-01 0.000000000000000000e+00 1.041697023462631932e+00
-7.021052800000002492e+01 9.456536490427032149e-01 0.000000000000000000e+00 1.040426581130659001e+00
-7.031262800000003210e+01 9.470288165612734677e-01 0.000000000000000000e+00 1.278396302038873111e+00
-7.023232000000008668e+01 9.459471617808496990e-01 0.000000000000000000e+00 1.110680993941568717e+00
-7.075823800000004837e+01 9.530306617909508615e-01 0.000000000000000000e+00 9.321579311696179815e-01
-7.049076600000003623e+01 9.494281269571896997e-01 0.000000000000000000e+00 9.360865206730939470e-01
-7.022273600000005445e+01 9.458180765164224679e-01 0.000000000000000000e+00 9.613192973295513477e-01
-7.029754400000004466e+01 9.468256527331627703e-01 0.000000000000000000e+00 1.107195578456460217e+00
-7.024965600000004429e+01 9.461806574135811498e-01 0.000000000000000000e+00 9.180646844929450934e-01
-7.040597000000002481e+01 9.482860240687990272e-01 0.000000000000000000e+00 1.048840375670370140e+00
-7.065642000000003975e+01 9.516592924823731314e-01 0.000000000000000000e+00 1.017961010545049616e+00
-7.018999600000002204e+01 9.453771070300559520e-01 0.000000000000000000e+00 1.027234911408369644e+00
-7.071088200000004065e+01 9.523928318888017497e-01 0.000000000000000000e+00 1.009607797075255498e+00
-7.049035800000004315e+01 9.494226316746474659e-01 0.000000000000000000e+00 1.093136498281320756e+00
-6.992729600000004098e+01 9.418388454519133202e-01 0.000000000000000000e+00 1.326870460966652843e+00
-7.025101600000003543e+01 9.461989750220556328e-01 0.000000000000000000e+00 1.160423039955949642e+00
-7.053809600000006697e+01 9.500656066697653612e-01 0.000000000000000000e+00 9.883804260761669402e-01
-7.059528800000005333e+01 9.508359159814405714e-01 0.000000000000000000e+00 1.164280168240263258e+00
-7.061854800000006094e+01 9.511492009616752119e-01 0.000000000000000000e+00 1.067617244665461484e+00
-7.031386800000002779e+01 9.470455179101766596e-01 0.000000000000000000e+00 9.811464153012973144e-01
-7.010528800000005845e+01 9.442361893986848109e-01 0.000000000000000000e+00 1.143723754108976420e+00
-7.067501800000002277e+01 9.519097857782629069e-01 0.000000000000000000e+00 1.187293326906695645e+00
-7.037339600000005646e+01 9.478472904081735040e-01 0.000000000000000000e+00 1.127123947538668958e+00
-7.047629799999998568e+01 9.492332599282108374e-01 0.000000000000000000e+00 1.047472767561925533e+00
-7.091954400000004455e+01 9.552032648443344875e-01 0.000000000000000000e+00 9.294750779169319577e-01
-7.084752200000002631e+01 9.542332127873072167e-01 0.000000000000000000e+00 7.091159201413966828e-01
-7.046061199999999758e+01 9.490219878645842488e-01 0.000000000000000000e+00 9.815807545140251555e-01
-7.028655200000001457e+01 9.466776033564324733e-01 0.000000000000000000e+00 1.015327555891956779e+00
-7.073804800000006310e+01 9.527587261180819889e-01 0.000000000000000000e+00 1.144547342969694848e+00
-7.063512600000005648e+01 9.513724872214484041e-01 0.000000000000000000e+00 9.465315894476123981e-01
-7.034111200000008068e+01 9.474124627081785821e-01 0.000000000000000000e+00 1.082360401457123089e+00
-7.065207600000003652e+01 9.516007838858925316e-01 0.000000000000000000e+00 9.391512606216700920e-01
-7.046302000000007126e+01 9.490544208066490350e-01 0.000000000000000000e+00 9.438277950276026118e-01
-7.074317000000006317e+01 9.528277134641164325e-01 0.000000000000000000e+00 1.058128102983391328e+00
-7.063013200000003167e+01 9.513052238856229970e-01 0.000000000000000000e+00 9.828614768124854795e-01
-7.065358000000007621e+01 9.516210410058530966e-01 0.000000000000000000e+00 1.136831731372125454e+00
-7.051637200000004668e+01 9.497730098120430453e-01 0.000000000000000000e+00 1.146426299866791787e+00
-7.076727000000005319e+01 9.531523122613497767e-01 0.000000000000000000e+00 1.042909349954357578e+00
-7.083375800000003153e+01 9.540478278144807200e-01 0.000000000000000000e+00 9.896786342173204964e-01
-7.075148400000007598e+01 9.529396933147472604e-01 0.000000000000000000e+00 8.815654857127745991e-01
-7.097828600000006816e+01 9.559944508421394094e-01 0.000000000000000000e+00 1.010169170852790455e+00
-7.132625000000004434e+01 9.606811187210004821e-01 0.000000000000000000e+00 1.062742396592490923e+00
-7.104531800000006569e+01 9.568972934386603679e-01 0.000000000000000000e+00 8.868424601741144997e-01
-7.089340600000004144e+01 9.548512165720486333e-01 0.000000000000000000e+00 9.929463543363752365e-01
-7.026540400000000375e+01 9.463927645446524872e-01 0.000000000000000000e+00 1.082338824254626797e+00
-7.097837400000001651e+01 9.559956360991576085e-01 0.000000000000000000e+00 9.372618920380078045e-01
-7.071565800000006163e+01 9.524571590197392634e-01 0.000000000000000000e+00 9.626810874832745224e-01
-7.104621200000005388e+01 9.569093345724662969e-01 0.000000000000000000e+00 1.049493677757290744e+00
-7.079701000000004285e+01 9.535528752584336853e-01 0.000000000000000000e+00 1.069569175373472403e+00
-7.057795800000002373e+01 9.506025011616867637e-01 0.000000000000000000e+00 1.040201428549084373e+00
-7.107081800000003113e+01 9.572407485975584773e-01 0.000000000000000000e+00 9.186607358277127933e-01
-7.099355600000002653e+01 9.562001198725851303e-01 0.000000000000000000e+00 1.053253690153621136e+00
-7.104113400000007061e+01 9.568409398549415634e-01 0.000000000000000000e+00 1.036253233375320937e+00
-7.080514600000003611e+01 9.536624576573667911e-01 0.000000000000000000e+00 1.015168153799600459e+00
-7.058056400000005226e+01 9.506376009320436360e-01 0.000000000000000000e+00 1.025501594689696594e+00
-7.091869600000006812e+01 9.551918432766977052e-01 0.000000000000000000e+00 1.035291030367594844e+00
-7.093662400000000900e+01 9.554333124566471991e-01 0.000000000000000000e+00 9.058845127991163038e-01
-7.101872800000003849e+01 9.565391572553223476e-01 0.000000000000000000e+00 9.136914356674900040e-01
-7.059357200000002308e+01 9.508128034695707553e-01 0.000000000000000000e+00 1.010078967417993745e+00
-7.095341200000002857e+01 9.556594271706705390e-01 0.000000000000000000e+00 1.001187938570672786e+00
-7.086262600000000589e+01 9.544366459920129442e-01 0.000000000000000000e+00 1.041529233757611417e+00
-7.092279000000007727e+01 9.552469846657383190e-01 0.000000000000000000e+00 9.905856108505927127e-01
-7.065386000000006561e+01 9.516248122781859609e-01 0.000000000000000000e+00 1.013405661294347393e+00
-7.088308000000003517e+01 9.547121374359393009e-01 0.000000000000000000e+00 8.604930010456131040e-01
-7.068992800000008003e+01 9.521106060299960872e-01 0.000000000000000000e+00 1.106016863999145228e+00
-7.082376200000004474e+01 9.539131933921926043e-01 0.000000000000000000e+00 9.769668562123141609e-01
-7.077084000000004949e+01 9.532003959835955165e-01 0.000000000000000000e+00 9.214212743628639180e-01
-7.083352200000001631e+01 9.540446491706568999e-01 0.000000000000000000e+00 7.695842271924718814e-01
-7.099728600000004519e+01 9.562503586075928874e-01 0.000000000000000000e+00 1.110391894512013922e+00
-7.120123600000002284e+01 9.589973264372927408e-01 0.000000000000000000e+00 8.521479488749104103e-01
-7.088237600000002203e+01 9.547026553797874904e-01 0.000000000000000000e+00 9.957468080193923043e-01
-7.125131000000001791e+01 9.596717646187312711e-01 0.000000000000000000e+00 1.056667892695971167e+00
-7.074207600000006835e+01 9.528129785643583149e-01 0.000000000000000000e+00 1.063209290486956116e+00
-7.106302200000001790e+01 9.571357456007436593e-01 0.000000000000000000e+00 1.048205398136657474e+00
-7.139257800000009979e+01 9.615744792613706293e-01 0.000000000000000000e+00 1.038374514439940555e+00
-7.098237800000003972e+01 9.560495652935199207e-01 0.000000000000000000e+00 9.317481421066489133e-01
-7.077273600000006581e+01 9.532259328848220470e-01 0.000000000000000000e+00 9.816042743479580501e-01
-7.100312200000009000e+01 9.563289626980771008e-01 0.000000000000000000e+00 9.816761147438520796e-01
-7.087773600000004137e+01 9.546401600096979800e-01 0.000000000000000000e+00 8.586174771248499260e-01
-7.102552200000005200e+01 9.566306644847168972e-01 0.000000000000000000e+00 9.287961405078193344e-01
-7.129071400000006520e+01 9.602024903866235306e-01 0.000000000000000000e+00 9.891211053324763247e-01
-7.117486800000004621e+01 9.586421803341621528e-01 0.000000000000000000e+00 9.390129060633486402e-01
-7.092329000000003703e+01 9.552537190806180689e-01 0.000000000000000000e+00 9.647358616363715944e-01
-7.118586000000007630e+01 9.587902297108925609e-01 0.000000000000000000e+00 1.020466895320197631e+00
-7.080103600000002473e+01 9.536071007670501309e-01 0.000000000000000000e+00 9.490176887921547566e-01
-7.088765000000002203e+01 9.547736899879456507e-01 0.000000000000000000e+00 9.179175858672955490e-01
-7.080157000000002654e+01 9.536142931221422980e-01 0.000000000000000000e+00 1.030949349048258856e+00
-7.118871800000005123e+01 9.588287236263483004e-01 0.000000000000000000e+00 8.496139035628317293e-01
-7.121760800000005531e+01 9.592178381181357683e-01 0.000000000000000000e+00 1.010284208205539658e+00
-7.088022400000005518e+01 9.546736704581428867e-01 0.000000000000000000e+00 9.368537933558532815e-01
-7.102946400000004701e+01 9.566837586116335723e-01 0.000000000000000000e+00 8.498870871551879036e-01
-7.103318000000004417e+01 9.567338087830243865e-01 0.000000000000000000e+00 1.035577735011971034e+00
-7.073385600000003137e+01 9.527022647837245506e-01 0.000000000000000000e+00 9.901291133356029395e-01
-7.110032800000000464e+01 9.576382137637970970e-01 0.000000000000000000e+00 8.289759651058843382e-01
-7.112827600000004225e+01 9.580146406179503860e-01 0.000000000000000000e+00 9.017030944436714712e-01
-7.091936600000005342e+01 9.552008673926372095e-01 0.000000000000000000e+00 1.042548594824095343e+00
-7.094928600000002916e+01 9.556038547790778326e-01 0.000000000000000000e+00 8.764898133654104306e-01
-7.097647400000005291e+01 9.559700453226127603e-01 0.000000000000000000e+00 9.312559980277312910e-01
-7.130547399999998959e+01 9.604012903138908763e-01 0.000000000000000000e+00 8.700410089742725006e-01
-7.122059200000003898e+01 9.592580291061415521e-01 0.000000000000000000e+00 9.229346542940991549e-01
-7.130500800000007189e+01 9.603950138392234326e-01 0.000000000000000000e+00 1.074717630350343622e+00
