-3.926073800000001768e+01 7.786275707514430655e-01 0.000000000000000000e+00 1.320002310893294117e+00
-3.817794600000001992e+01 7.571534022172424772e-01 0.000000000000000000e+00 1.537935608812190935e+00
-3.798534600000001404e+01 7.533337167562423886e-01 0.000000000000000000e+00 1.427385610652913028e+00
-3.956022200000001732e+01 7.845670031533231725e-01 0.000000000000000000e+00 1.349594432426409751e+00
-3.948897800000000302e+01 7.831540765127025239e-01 0.000000000000000000e+00 1.267492159048128064e+00
-3.939441600000002808e+01 7.812787021795614129e-01 0.000000000000000000e+00 1.182851774547214685e+00
-3.975120800000004095e+01 7.883546794121738532e-01 0.000000000000000000e+00 1.363289977504285710e+00
-4.005101000000001221e+01 7.943004184598300155e-01 0.000000000000000000e+00 1.249160776988965882e+00
-3.979661800000001648e+01 7.892552604962024265e-01 0.000000000000000000e+00 1.061917420021658565e+00
-3.920837600000000833e+01 7.775891160779804245e-01 0.000000000000000000e+00 1.678054256663672472e+00
-4.043710400000001925e+01 8.019575193859947992e-01 0.000000000000000000e+00 1.227355405947719635e+00
-3.998992200000003550e+01 7.930889078396770042e-01 0.000000000000000000e+00 1.166092642817166292e+00
-4.039250000000001961e+01 8.010729230708212301e-01 0.000000000000000000e+00 1.123759002345936731e+00
-4.071920400000001194e+01 8.075521884854136578e-01 0.000000000000000000e+00 1.405116946131911959e+00
-4.033002400000003718e+01 7.998338853301080187e-01 0.000000000000000000e+00 1.242593532533849077e+00
-4.073205400000001219e+01 8.078070325050078493e-01 0.000000000000000000e+00 1.437873749211211694e+00
-4.114602000000002135e+01 8.160168970509493747e-01 0.000000000000000000e+00 1.413163084800344027e+00
-4.038753200000003574e+01 8.009743966047246921e-01 0.000000000000000000e+00 1.337344650612253938e+00
-4.152339600000003372e+01 8.235011006881786111e-01 0.000000000000000000e+00 1.339735192281812148e+00
-4.109124200000001537e+01 8.149305277353591226e-01 0.000000000000000000e+00 1.384582200278947628e+00
-4.144284600000002428e+01 8.219036154136013517e-01 0.000000000000000000e+00 1.542403463797768159e+00
-4.138832800000000844e+01 8.208224024750611081e-01 0.000000000000000000e+00 1.469787720952459908e+00
-4.151369400000001519e+01 8.233086884953297879e-01 0.000000000000000000e+00 1.193226573675449487e+00
-4.139583400000003621e+01 8.209712631140557715e-01 0.000000000000000000e+00 1.276806481798881121e+00
-4.019174600000001618e+01 7.970915256926405235e-01 0.000000000000000000e+00 1.435424940947784611e+00
-4.039081800000002431e+01 8.010395652777506648e-01 0.000000000000000000e+00 1.548489234176199991e+00
-4.130077400000001830e+01 8.190860123356408229e-01 0.000000000000000000e+00 1.300457517208711389e+00
-4.113014600000000343e+01 8.157020803998176195e-01 0.000000000000000000e+00 1.303814534699214489e+00
-4.167058200000001733e+01 8.264201257362714381e-01 0.000000000000000000e+00 1.351836853791420490e+00
-4.062213400000000263e+01 8.056270749459572000e-01 0.000000000000000000e+00 1.362795343819222849e+00
-4.136609200000001607e+01 8.203814132439564144e-01 0.000000000000000000e+00 1.316786644758421332e+00
-4.042039800000002003e+01 8.016262023283029503e-01 0.000000000000000000e+00 1.549193659404592971e+00
-4.071547400000004302e+01 8.074782143069638707e-01 0.000000000000000000e+00 1.416227688324076528e+00
-4.071037600000001078e+01 8.073771096523413293e-01 0.000000000000000000e+00 1.488009940848732171e+00
-4.130594600000002714e+01 8.191885845745002781e-01 0.000000000000000000e+00 1.426923971375086531e+00
-4.150095600000002349e+01 8.230560656843112222e-01 0.000000000000000000e+00 1.164045055735308365e+00
-4.110258200000003370e+01 8.151554251036239318e-01 0.000000000000000000e+00 1.349167374239805373e+00
-4.165817400000001669e+01 8.261740475576624387e-01 0.000000000000000000e+00 1.232879884424342709e+00
-4.174996200000001778e+01 8.279944073141228822e-01 0.000000000000000000e+00 1.592138099358941572e+00
-4.186051200000002837e+01 8.301868591714104406e-01 0.000000000000000000e+00 1.381151753983360209e+00
-4.107814800000003430e+01 8.146708446542259008e-01 0.000000000000000000e+00 1.531907825277837754e+00
-4.210929600000003603e+01 8.351207980485102489e-01 0.000000000000000000e+00 1.354075446171014496e+00
-4.236115000000001629e+01 8.401156218392402675e-01 0.000000000000000000e+00 1.277828440256074671e+00
-4.138966600000001250e+01 8.208489379846500844e-01 0.000000000000000000e+00 1.145662354778036462e+00
-4.240083200000002961e+01 8.409026039704108335e-01 0.000000000000000000e+00 1.172669705482995761e+00
-4.282754400000002448e+01 8.493652499851263027e-01 0.000000000000000000e+00 1.235522375134738393e+00
-4.152222000000002566e+01 8.234777779981362622e-01 0.000000000000000000e+00 1.301436522703379062e+00
-4.264826400000001172e+01 8.458097296868494208e-01 0.000000000000000000e+00 1.346414647249231100e+00
-4.232728000000003021e+01 8.394439045673607325e-01 0.000000000000000000e+00 1.231896667252525113e+00
-4.243260800000002320e+01 8.415327925748175009e-01 0.000000000000000000e+00 1.349396707075672275e+00
-4.317826600000002202e+01 8.563208456458366591e-01 0.000000000000000000e+00 1.306214846143952668e+00
-4.253850200000002957e+01 8.436329056184682651e-01 0.000000000000000000e+00 1.544894387026720439e+00
-4.355545400000002587e+01 8.638013208258140674e-01 0.000000000000000000e+00 1.217833300315595668e+00
-4.325152000000001351e+01 8.577736350474983729e-01 0.000000000000000000e+00 1.230433621192795979e+00
-4.383079600000001363e+01 8.692619637863675530e-01 0.000000000000000000e+00 9.983327689501110269e-01
-4.423246000000000322e+01 8.772278523689586160e-01 0.000000000000000000e+00 1.172729584509506040e+00
-4.405742400000001879e+01 8.737565000099164481e-01 0.000000000000000000e+00 1.177576844057578453e+00
-4.304764600000002872e+01 8.537303611447162321e-01 0.000000000000000000e+00 1.552589172208992840e+00
-4.427468600000003107e+01 8.780652876663432860e-01 0.000000000000000000e+00 1.139858328696592649e+00
-4.455178600000002831e+01 8.835607956686437614e-01 0.000000000000000000e+00 1.181339051992109646e+00
-4.487761000000002554e+01 8.900226087301434941e-01 0.000000000000000000e+00 1.178422239627411328e+00
-4.503526600000004265e+01 8.931492771156027688e-01 0.000000000000000000e+00 1.174574419744952802e+00
-4.469866000000001804e+01 8.864736330642765116e-01 0.000000000000000000e+00 1.004429751278069327e+00
-4.508935200000002652e+01 8.942219225353513767e-01 0.000000000000000000e+00 1.141575534737456765e+00
-4.472354200000003033e+01 8.869670983479767123e-01 0.000000000000000000e+00 1.111635044135211858e+00
-4.470571200000003387e+01 8.866134898756525828e-01 0.000000000000000000e+00 1.019293970867317878e+00
-4.528220000000003154e+01 8.980465263867685177e-01 0.000000000000000000e+00 9.498063811199426443e-01
-4.509727400000001296e+01 8.943790333776254764e-01 0.000000000000000000e+00 1.209435224285043908e+00
-4.560380800000000789e+01 9.044247268111775817e-01 0.000000000000000000e+00 1.165891658053693547e+00
-4.579046200000003353e+01 9.081264898954848341e-01 0.000000000000000000e+00 1.104308599708387018e+00
-4.503977600000002468e+01 8.932387204252032475e-01 0.000000000000000000e+00 1.076515155219926578e+00
-4.544060000000004607e+01 9.011879499434790608e-01 0.000000000000000000e+00 1.093840869264230520e+00
-4.513662600000002101e+01 8.951594708763861430e-01 0.000000000000000000e+00 8.179831485039061878e-01
-4.539084200000002056e+01 9.002011383693953039e-01 0.000000000000000000e+00 9.049515865369577305e-01
-4.534459600000002411e+01 8.992839775499280597e-01 0.000000000000000000e+00 1.181467059255165930e+00
-4.504674000000005663e+01 8.933768320012703823e-01 0.000000000000000000e+00 1.112306209020817560e+00
-4.533076200000002132e+01 8.990096186264209255e-01 0.000000000000000000e+00 1.262923697782333043e+00
-4.503349800000000869e+01 8.931142137516611124e-01 0.000000000000000000e+00 9.417181089708513975e-01
-4.557946000000002584e+01 9.039418519326503088e-01 0.000000000000000000e+00 9.586121620195091619e-01
-4.528771400000004377e+01 8.981558812446709394e-01 0.000000000000000000e+00 1.136157918051674320e+00
-4.495587400000003697e+01 8.915747575511182577e-01 0.000000000000000000e+00 1.057358801196967013e+00
-4.549915000000003573e+01 9.023491263907350568e-01 0.000000000000000000e+00 1.136912323005613290e+00
-4.531408200000001329e+01 8.986788172064338331e-01 0.000000000000000000e+00 8.911397501055500214e-01
-4.528045200000004655e+01 8.980118596672161946e-01 0.000000000000000000e+00 8.410422411568285739e-01
-4.550452600000001269e+01 9.024557444023563191e-01 0.000000000000000000e+00 1.046546316437301671e+00
-4.530248600000003023e+01 8.984488427899971486e-01 0.000000000000000000e+00 1.072340073924990866e+00
-4.597101800000003635e+01 9.117073161057460684e-01 0.000000000000000000e+00 1.001297480734498535e+00
-4.547094000000002723e+01 9.017896594807930377e-01 0.000000000000000000e+00 9.962020923933503358e-01
-4.582823800000004155e+01 9.088756718164338055e-01 0.000000000000000000e+00 1.043686078309261633e+00
-4.593519800000001396e+01 9.109969260059895824e-01 0.000000000000000000e+00 8.408296665061048003e-01
-4.564567800000000375e+01 9.052551018384468184e-01 0.000000000000000000e+00 1.053893927882821879e+00
-4.511271200000002324e+01 8.946852031810884620e-01 0.000000000000000000e+00 1.083653456970465667e+00
-4.568804400000004051e+01 9.060953136465509372e-01 0.000000000000000000e+00 1.123198334332127235e+00
-4.612706400000003271e+01 9.148020546179329582e-01 0.000000000000000000e+00 1.146757779988274439e+00
-4.609447200000003164e+01 9.141556829224763980e-01 0.000000000000000000e+00 1.052192283199341105e+00
-4.561137000000002928e+01 9.045746980544597804e-01 0.000000000000000000e+00 1.068140088559491607e+00
-4.512104000000000781e+01 8.948503659044484415e-01 0.000000000000000000e+00 1.282758848826397235e+00
-4.575625600000000759e+01 9.074481089978780890e-01 0.000000000000000000e+00 8.626163589284113753e-01
-4.555630400000001856e+01 9.034826170596754746e-01 0.000000000000000000e+00 9.600992139304663775e-01
-4.591092400000001561e+01 9.105155187116993343e-01 0.000000000000000000e+00 8.856922071932371576e-01
-4.544466400000001016e+01 9.012685480832162144e-01 0.000000000000000000e+00 1.028695109832811205e+00
-4.604194600000001003e+01 9.131139757650280631e-01 0.000000000000000000e+00 8.578849282892538897e-01
-4.573102800000002333e+01 9.069477817662578989e-01 0.000000000000000000e+00 9.660412053950971911e-01
-4.625220400000001320e+01 9.172838585566113201e-01 0.000000000000000000e+00 9.412919876661247631e-01
-4.522216399999999936e+01 8.968558792614480524e-01 0.000000000000000000e+00 1.015610076445570442e+00
-4.583881800000003182e+01 9.090854966979360352e-01 0.000000000000000000e+00 8.804854698988681116e-01
-4.566264000000001744e+01 9.055914959443114309e-01 0.000000000000000000e+00 1.266301137689266554e+00
-4.578835000000002253e+01 9.080846042480618108e-01 0.000000000000000000e+00 9.034849826302505660e-01
-4.643368800000003205e+01 9.208830890664980728e-01 0.000000000000000000e+00 8.878305026696858837e-01
-4.652846600000003008e+01 9.227627471590351682e-01 0.000000000000000000e+00 7.417212278494018651e-01
-4.655225800000002323e+01 9.232345953235631120e-01 0.000000000000000000e+00 8.660050538938538489e-01
-4.577084600000003434e+01 9.077374610792700027e-01 0.000000000000000000e+00 9.784756212072783788e-01
-4.585023800000002581e+01 9.093119806437542918e-01 0.000000000000000000e+00 9.519387170220870997e-01
-4.660363800000002499e+01 9.242535747575515437e-01 0.000000000000000000e+00 8.685959903781561575e-01
-4.527231000000001870e+01 8.978503857366680885e-01 0.000000000000000000e+00 1.019989738659020206e+00
-4.628417600000001642e+01 9.179179342760250826e-01 0.000000000000000000e+00 8.583800798238410135e-01
-4.570525800000000771e+01 9.064367054717095140e-01 0.000000000000000000e+00 1.097369375046018281e+00
-4.593467600000003159e+01 9.109865735874507209e-01 0.000000000000000000e+00 9.204756819353479003e-01
-4.629026000000003194e+01 9.180385934989990782e-01 0.000000000000000000e+00 8.614691240649148263e-01
-4.591028800000002974e+01 9.105029054201461136e-01 0.000000000000000000e+00 9.046682263982442906e-01
-4.581081800000003312e+01 9.085301945540731339e-01 0.000000000000000000e+00 8.666199675506999212e-01
-4.608598600000001255e+01 9.139873867084467030e-01 0.000000000000000000e+00 9.487745909585081350e-01
-4.626221400000003570e+01 9.174823790730427531e-01 0.000000000000000000e+00 8.895478389506760175e-01
-4.547848200000002095e+01 9.019392340796862362e-01 0.000000000000000000e+00 1.000078113755181075e+00
-4.572154600000003910e+01 9.067597326616828601e-01 0.000000000000000000e+00 1.135298341016647505e+00
-4.648600600000001748e+01 9.219206711223055795e-01 0.000000000000000000e+00 8.297961002827406451e-01
-4.554846000000003414e+01 9.033270531305165330e-01 0.000000000000000000e+00 1.122337366770119305e+00
-4.639336200000003885e+01 9.200833349860190191e-01 0.000000000000000000e+00 1.008323072602940185e+00
-4.617640400000003353e+01 9.157805763242971020e-01 0.000000000000000000e+00 9.116011878230543264e-01
-4.657728600000001506e+01 9.237309561112986289e-01 0.000000000000000000e+00 9.769440343574788965e-01
-4.641777200000002068e+01 9.205674394621505829e-01 0.000000000000000000e+00 8.266752580296473640e-01
-4.635488200000001768e+01 9.193201911825955586e-01 0.000000000000000000e+00 7.584190953009892766e-01
-4.611925200000003144e+01 9.146471253197950846e-01 0.000000000000000000e+00 7.948502429916206591e-01
-4.634859000000002993e+01 9.191954068579820669e-01 0.000000000000000000e+00 9.532834199160648003e-01
-4.585954800000002507e+01 9.094966186065887026e-01 0.000000000000000000e+00 9.253509463086654341e-01
-4.589161600000002039e+01 9.101325982190671127e-01 0.000000000000000000e+00 1.035863787184396312e+00
-4.566197400000003626e+01 9.055782876861756536e-01 0.000000000000000000e+00 8.435283093116084929e-01
-4.609139200000002745e+01 9.140945996866514101e-01 0.000000000000000000e+00 9.418512610360256776e-01
-4.628298200000003249e+01 9.178942546060335772e-01 0.000000000000000000e+00 8.805602051104979289e-01
-4.630551000000003370e+01 9.183410348452101246e-01 0.000000000000000000e+00 9.247635327012746487e-01
-4.612635200000003977e+01 9.147879340777034241e-01 0.000000000000000000e+00 1.024417905617378111e+00
-4.587448000000001258e+01 9.097927533070228057e-01 0.000000000000000000e+00 9.244850246532285709e-01
-4.614948800000004070e+01 9.152467723062895910e-01 0.000000000000000000e+00 9.976051607846873059e-01
-4.608867800000001580e+01 9.140407750431354117e-01 0.000000000000000000e+00 9.313949025851578911e-01
-4.612377400000002581e+01 9.147368066160288524e-01 0.000000000000000000e+00 9.185634219395265587e-01
-4.526311000000003304e+01 8.976679293179705699e-01 0.000000000000000000e+00 1.132371342302818551e+00
-4.590189000000005137e+01 9.103363544414265762e-01 0.000000000000000000e+00 1.024188447138770108e+00
-4.554728200000003824e+01 9.033036907760354506e-01 0.000000000000000000e+00 1.068242845728678336e+00
-4.674262600000001555e+01 9.270100152708092844e-01 0.000000000000000000e+00 7.906759014510014172e-01
-4.581027000000001692e+01 9.085193264978286276e-01 0.000000000000000000e+00 1.018050523790395179e+00
-4.626165800000003969e+01 9.174713523590432018e-01 0.000000000000000000e+00 1.104222295836405410e+00
-4.631209400000003740e+01 9.184716101778956920e-01 0.000000000000000000e+00 9.941926526939873776e-01
-4.662887800000002159e+01 9.247541399758051339e-01 0.000000000000000000e+00 8.906661961961195306e-01
-4.610793200000003367e+01 9.144226245959191646e-01 0.000000000000000000e+00 9.510226360708730065e-01
-4.688858600000002497e+01 9.299047260178890939e-01 0.000000000000000000e+00 7.506145001815700546e-01
-4.686338600000003396e+01 9.294049540884127270e-01 0.000000000000000000e+00 7.872595399462390953e-01
-4.682703400000002603e+01 9.286840132479230459e-01 0.000000000000000000e+00 8.523009152555544032e-01
-4.644211000000003509e+01 9.210501160184842995e-01 0.000000000000000000e+00 1.084206172713241711e+00
-4.655204800000001342e+01 9.232304305574838832e-01 0.000000000000000000e+00 7.741299205135681039e-01
-4.605437200000003628e+01 9.133604109235871071e-01 0.000000000000000000e+00 8.941969593083861634e-01
-4.669775800000002164e+01 9.261201832497079067e-01 0.000000000000000000e+00 9.372090340856282786e-01
-4.722537000000002649e+01 9.365839002042724015e-01 0.000000000000000000e+00 8.519335059057420168e-01
-4.703597200000002232e+01 9.328277175098669272e-01 0.000000000000000000e+00 8.091503147965485310e-01
-4.655934000000004858e+01 9.233750471015220729e-01 0.000000000000000000e+00 9.561160478570038812e-01
-4.686264200000004365e+01 9.293901989171616806e-01 0.000000000000000000e+00 8.486173326111602355e-01
-4.694686000000002224e+01 9.310604287725843253e-01 0.000000000000000000e+00 7.996340039055493953e-01
-4.677001600000004089e+01 9.275532197608241658e-01 0.000000000000000000e+00 7.843385625809269346e-01
-4.697942200000004220e+01 9.317062055014584399e-01 0.000000000000000000e+00 6.928297593714537461e-01
-4.650784200000006052e+01 9.223537274656418150e-01 0.000000000000000000e+00 1.063879603689945164e+00
-4.698495400000003031e+01 9.318159173393100181e-01 0.000000000000000000e+00 8.473553261599986453e-01
-4.693458000000001107e+01 9.308168891180613747e-01 0.000000000000000000e+00 8.312057774368777352e-01
-4.668402600000001712e+01 9.258478472125818426e-01 0.000000000000000000e+00 9.377123216131109107e-01
-4.626327799999999968e+01 9.175034805545088101e-01 0.000000000000000000e+00 9.230202326136418556e-01
-4.706995400000002405e+01 9.335016559903223099e-01 0.000000000000000000e+00 7.605733259359370724e-01
-4.668361000000001582e+01 9.258395970093016292e-01 0.000000000000000000e+00 9.858518360926615820e-01
-4.666416400000001374e+01 9.254539396703888032e-01 0.000000000000000000e+00 9.515216960662790102e-01
-4.639970200000001910e+01 9.202090712571647790e-01 0.000000000000000000e+00 9.257505550076489120e-01
-4.649687800000003790e+01 9.221362870118802180e-01 0.000000000000000000e+00 9.025831615710071532e-01
-4.680913400000002156e+01 9.283290165202391364e-01 0.000000000000000000e+00 8.005885976397036918e-01
-4.680946200000003188e+01 9.283355214882103024e-01 0.000000000000000000e+00 9.228743380297992349e-01
-4.653188800000001635e+01 9.228306130139026786e-01 0.000000000000000000e+00 7.889528635252212041e-01
-4.675329600000004149e+01 9.272216250520604053e-01 0.000000000000000000e+00 8.868605814291947720e-01
-4.706783400000001194e+01 9.334596116851439085e-01 0.000000000000000000e+00 8.938105125627443526e-01
-4.663521000000000782e+01 9.248797175891955158e-01 0.000000000000000000e+00 8.640208122142624125e-01
-4.603303600000003115e+01 9.129372706899635537e-01 0.000000000000000000e+00 1.002007036157476660e+00
-4.682064800000001981e+01 9.285573646946833071e-01 0.000000000000000000e+00 9.375856715042638623e-01
-4.716331400000001395e+01 9.353531919957165375e-01 0.000000000000000000e+00 7.447419116402244077e-01
-4.716466600000003240e+01 9.353800051563776474e-01 0.000000000000000000e+00 8.650115814276940762e-01
-4.686935600000002466e+01 9.295233524383718082e-01 0.000000000000000000e+00 9.361983885325317889e-01
-4.699529200000001339e+01 9.320209428237116178e-01 0.000000000000000000e+00 6.610423403178716795e-01
-4.685492600000004160e+01 9.292371735120885656e-01 0.000000000000000000e+00 8.841954629440875735e-01
-4.701430600000002613e+01 9.323980326438336963e-01 0.000000000000000000e+00 9.465885543765929500e-01
-4.708038200000002860e+01 9.337084663744724677e-01 0.000000000000000000e+00 8.783180239456993554e-01
-4.688374200000003356e+01 9.298086587470010267e-01 0.000000000000000000e+00 8.009077548341854147e-01
-4.610876600000002412e+01 9.144391646669183249e-01 0.000000000000000000e+00 1.230794564106595379e+00
-4.671636800000002410e+01 9.264892608531825058e-01 0.000000000000000000e+00 9.113579995863869687e-01
-4.693797600000002745e+01 9.308842393352244615e-01 0.000000000000000000e+00 8.840372313929365511e-01
-4.682064400000003701e+01 9.285572853658059511e-01 0.000000000000000000e+00 9.852589415391412864e-01
-4.665952200000003103e+01 9.253618785078243647e-01 0.000000000000000000e+00 9.625636194721433059e-01
-4.687044000000005184e+01 9.295448505642276427e-01 0.000000000000000000e+00 8.042774660676762499e-01
-4.628767800000003518e+01 9.179873867084472616e-01 0.000000000000000000e+00 8.019730013314950723e-01
-4.628458000000002670e+01 9.179259464926724510e-01 0.000000000000000000e+00 1.065783729838225335e+00
-4.676733200000004587e+01 9.274999900838911682e-01 0.000000000000000000e+00 8.383089853540000025e-01
-4.652077800000002838e+01 9.226102770561058763e-01 0.000000000000000000e+00 9.761231309542039991e-01
-4.744370600000002014e+01 9.409139876643598521e-01 0.000000000000000000e+00 8.714268130306108695e-01
-4.721586600000002676e+01 9.363954147908697401e-01 0.000000000000000000e+00 9.177264727751525131e-01
-4.728568800000002881e+01 9.377801400154697209e-01 0.000000000000000000e+00 7.299948323160114771e-01
-4.728557200000003036e+01 9.377778394780165172e-01 0.000000000000000000e+00 7.283639089456216409e-01
-4.701566600000003149e+01 9.324250044622499622e-01 0.000000000000000000e+00 8.652651731362034360e-01
-4.685694800000003113e+01 9.292772742597630309e-01 0.000000000000000000e+00 7.979313535295212700e-01
-4.707977800000001878e+01 9.336964877139404262e-01 0.000000000000000000e+00 8.911678379916474491e-01
-4.735519000000001455e+01 9.391585189298536918e-01 0.000000000000000000e+00 8.199189777045050587e-01
-4.732462400000003555e+01 9.385523273109500630e-01 0.000000000000000000e+00 7.966344769862976349e-01
-4.751767600000002290e+01 9.423809769351292331e-01 0.000000000000000000e+00 7.030897442781329776e-01
-4.730439800000001327e+01 9.381512008408863235e-01 0.000000000000000000e+00 8.019530238868182170e-01
-4.737967800000004104e+01 9.396441703191011907e-01 0.000000000000000000e+00 7.711491998310056051e-01
-4.742428000000003863e+01 9.405287269698359154e-01 0.000000000000000000e+00 7.474978431102965448e-01
-4.740327400000001035e+01 9.401121313686215952e-01 0.000000000000000000e+00 7.340803433060194561e-01
-4.691606600000002203e+01 9.304497154076516452e-01 0.000000000000000000e+00 1.004663830626790988e+00
-4.753917400000004534e+01 9.428073299882998581e-01 0.000000000000000000e+00 6.495481274102958835e-01
-4.726227000000002221e+01 9.373157091010059228e-01 0.000000000000000000e+00 7.004799978398653648e-01
-4.726699800000004359e+01 9.374094758344414524e-01 0.000000000000000000e+00 7.270838732799944637e-01
-4.720047400000001403e+01 9.360901572695002892e-01 0.000000000000000000e+00 8.701687335061617512e-01
-4.732800200000001212e+01 9.386193205481627722e-01 0.000000000000000000e+00 7.138104422538998906e-01
-4.742730000000003088e+01 9.405886202724952350e-01 0.000000000000000000e+00 7.386760520681509012e-01
-4.709274200000002253e+01 9.339535926065489768e-01 0.000000000000000000e+00 6.744942271514311471e-01
-4.731387600000001470e+01 9.383391706165840063e-01 0.000000000000000000e+00 8.124765849145089147e-01
-4.731773000000002583e+01 9.384156039902430413e-01 0.000000000000000000e+00 7.423078450809252882e-01
-4.759945400000003701e+01 9.440028161751589098e-01 0.000000000000000000e+00 6.771218745647947790e-01
-4.721724400000001509e+01 9.364227435892353846e-01 0.000000000000000000e+00 7.818882921995878865e-01
-4.758177200000003637e+01 9.436521428713093851e-01 0.000000000000000000e+00 8.063420368678552164e-01
-4.705909600000004644e+01 9.332863177518204711e-01 0.000000000000000000e+00 9.692516061082562251e-01
-4.717011600000003568e+01 9.354880907522367117e-01 1.000000000000000048e-04 7.838754050552324548e-01
-4.727154200000001794e+01 9.374995934395021768e-01 0.000000000000000000e+00 8.548948228982218289e-01
-4.726421200000000766e+01 9.373542232711263855e-01 0.000000000000000000e+00 8.706371570571088681e-01
-4.750461400000003209e+01 9.421219284850174125e-01 0.000000000000000000e+00 7.179859075485980346e-01
-4.737327800000003464e+01 9.395172441147895404e-01 0.000000000000000000e+00 7.458142065033505075e-01
-4.775885600000002285e+01 9.471641116157313300e-01 1.000000000000000048e-04 8.040755530509191562e-01
-4.743635800000002689e+01 9.407682605160347933e-01 0.000000000000000000e+00 8.538297667225089871e-01
-4.698137600000001157e+01 9.317449576582117476e-01 0.000000000000000000e+00 8.629396506305078152e-01
-4.735499600000003539e+01 9.391546714792858852e-01 0.000000000000000000e+00 8.226353576773917098e-01
-4.877643600000001811e+01 9.673449814568751970e-01 0.000000000000000000e+00 4.844209859411562347e-01
-4.894643000000002786e+01 9.707163397655836912e-01 1.000000000000000048e-04 4.411919103034092071e-01
-4.900850400000000917e+01 9.719474049540886007e-01 0.000000000000000000e+00 4.094482915072200080e-01
-4.895092799999999755e+01 9.708055450885507698e-01 0.000000000000000000e+00 4.643384341515384706e-01
-4.894975800000000277e+01 9.707823413918251765e-01 1.000000000000000048e-04 4.744129048400641535e-01
-4.880532000000002313e+01 9.679178152827087045e-01 0.000000000000000000e+00 4.163744352179057362e-01
-4.892223000000002742e+01 9.702364000555306900e-01 1.000000000000000048e-04 4.142989369910566877e-01
-4.888803800000001587e+01 9.695582968089961895e-01 2.000000000000000096e-04 4.817354290395496341e-01
-4.870146200000007042e+01 9.658580806378055383e-01 0.000000000000000000e+00 3.805674080590294439e-01
-4.877668000000005577e+01 9.673498205184153376e-01 2.999999999999999737e-04 4.669415709776447709e-01
-4.898215000000001140e+01 9.714247466433970635e-01 0.000000000000000000e+00 4.203160017333757437e-01
-4.860543000000001967e+01 9.639535529421101590e-01 1.000000000000000048e-04 5.273141737890116865e-01
-4.876749800000002466e+01 9.671677210796665314e-01 1.000000000000000048e-04 4.951263415910868160e-01
-4.900842200000003146e+01 9.719457787120963088e-01 1.000000000000000048e-04 4.384240840680503903e-01
-4.903922200000003073e+01 9.725566110703454115e-01 1.000000000000000048e-04 3.644191258826720570e-01
-4.873391600000002910e+01 9.665017154869807170e-01 0.000000000000000000e+00 3.971914544128379854e-01
-4.907077000000001732e+01 9.731822779287233605e-01 1.000000000000000048e-04 4.538317548576469296e-01
-4.884804200000001373e+01 9.687650873609268132e-01 0.000000000000000000e+00 4.616310094927033036e-01
-4.901087400000000116e+01 9.719944073141225660e-01 2.000000000000000096e-04 4.604436013500912694e-01
-4.872069600000002509e+01 9.662395335461996249e-01 0.000000000000000000e+00 4.846170992785241993e-01
-4.904158800000001861e+01 9.726035341015016877e-01 2.000000000000000096e-04 4.240357339811460791e-01
-4.885281400000001639e+01 9.688597267120165890e-01 1.000000000000000048e-04 3.764044174270353427e-01
-4.899854200000002891e+01 9.717498363841903242e-01 2.000000000000000096e-04 4.444088347002068118e-01
-4.914611599999999925e+01 9.746765563334192084e-01 0.000000000000000000e+00 3.807978590254729179e-01
-4.900928000000001106e+01 9.719627947563613812e-01 0.000000000000000000e+00 3.459295169641793399e-01
-4.933998600000001034e+01 9.785214287130874489e-01 2.000000000000000096e-04 3.076680990872464050e-01
-4.923177200000002074e+01 9.763753049203740542e-01 0.000000000000000000e+00 3.159131692747423337e-01
-4.935108200000000522e+01 9.787414870198124506e-01 1.000000000000000048e-04 2.636247119744968281e-01
-4.936654400000002596e+01 9.790481327965417924e-01 2.000000000000000096e-04 3.808842715937147960e-01
-4.925449000000000410e+01 9.768258532812407191e-01 2.000000000000000096e-04 3.508756726773282208e-01
-4.940351200000000631e+01 9.797812902841958049e-01 2.999999999999999737e-04 3.654834842072655632e-01
-4.934747400000001960e+01 9.786699323721320676e-01 0.000000000000000000e+00 3.696299232005602620e-01
-4.933356399999998843e+01 9.783940661999481758e-01 2.000000000000000096e-04 2.980202967530358737e-01
-4.920869000000001137e+01 9.759175376316365780e-01 2.000000000000000096e-04 4.476084881756245415e-01
-4.929608799999999746e+01 9.776508339448266582e-01 1.000000000000000048e-04 3.882719554251847227e-01
-4.895073800000002251e+01 9.708017769668607633e-01 0.000000000000000000e+00 3.547243251092911942e-01
-4.935596999999998502e+01 9.788384269083549860e-01 1.000000000000000048e-04 3.629701196762306625e-01
-4.926998400000001510e+01 9.771331336889913510e-01 1.000000000000000048e-04 3.333309329368115415e-01
-4.938259600000001370e+01 9.793664795827303760e-01 2.000000000000000096e-04 4.375367606882132332e-01
-4.936888600000001048e+01 9.790945798544317125e-01 2.000000000000000096e-04 3.554621589827628436e-01
-4.922077400000001290e+01 9.761571901711523225e-01 0.000000000000000000e+00 3.477648289963615191e-01
-4.920997800000001376e+01 9.759430815302543305e-01 1.000000000000000048e-04 4.095554307102303171e-01
-4.930497800000001973e+01 9.778271423755036107e-01 1.000000000000000048e-04 3.285728944783155581e-01
-4.899545400000000228e+01 9.716885944906094030e-01 0.000000000000000000e+00 3.406239869546606736e-01
-4.931157600000000940e+01 9.779579953592607566e-01 2.000000000000000096e-04 3.470092599468908579e-01
-4.910525199999999302e+01 9.738661325188899820e-01 1.000000000000000048e-04 3.551543521264288739e-01
-4.932407200000001524e+01 9.782058187731791365e-01 1.000000000000000048e-04 3.436962089644946539e-01
-4.929648800000000364e+01 9.776587668325962266e-01 1.000000000000000048e-04 2.913062803055480043e-01
-4.942660199999998838e+01 9.802392162306881040e-01 4.000000000000000192e-04 3.453895104593557308e-01
-4.926919200000002519e+01 9.771174265712080365e-01 1.000000000000000048e-04 3.708102010299588747e-01
-4.967586800000000125e+01 9.851827142375503277e-01 5.000000000000000104e-04 3.448037406579529951e-01
-4.954620799999999292e+01 9.826112686670763763e-01 2.999999999999999737e-04 3.087651926266586355e-01
-4.958733799999998837e+01 9.834269678519720337e-01 1.000000000000000048e-04 3.078785273972887149e-01
-4.957453600000003746e+01 9.831730757789111097e-01 2.999999999999999737e-04 3.479833862050705773e-01
-4.955829400000001073e+01 9.828509608710312984e-01 1.000000000000000048e-04 3.234927397808313732e-01
-4.952473599999999010e+01 9.821854312516111740e-01 2.000000000000000096e-04 3.082301460489114686e-01
-4.956359400000000903e+01 9.829560716339766913e-01 2.000000000000000096e-04 3.624157403487395790e-01
-4.964965799999999518e+01 9.846629117664557063e-01 6.999999999999999929e-04 3.679523226635965094e-01
-4.946405000000001451e+01 9.809818931836664646e-01 4.000000000000000192e-04 3.776052819941729255e-01
-4.950521199999999311e+01 9.817982269995833011e-01 4.000000000000000192e-04 3.474761967808625562e-01
-4.942597200000000868e+01 9.802267219324516390e-01 2.000000000000000096e-04 3.501783522720955943e-01
-4.939628000000001151e+01 9.796378636733238388e-01 2.000000000000000096e-04 3.144409578276913253e-01
-4.944127800000001116e+01 9.805302738829504428e-01 2.000000000000000096e-04 3.302912322435604953e-01
-4.961790199999999373e+01 9.840331198064373730e-01 4.000000000000000192e-04 3.184299621644298695e-01
-4.962688999999997463e+01 9.842113717946170404e-01 5.999999999999999474e-04 3.587896762982204502e-01
-4.943312400000001361e+01 9.803685619657698247e-01 0.000000000000000000e+00 3.619682979365881903e-01
-4.954844399999999638e+01 9.826556135097077593e-01 2.000000000000000096e-04 3.309054069480800164e-01
-4.950624200000001451e+01 9.818186541855901117e-01 1.000000000000000048e-04 3.500968504326025799e-01
-4.967558599999998847e+01 9.851771215516725855e-01 5.000000000000000104e-04 3.196458156753937963e-01
-4.963560000000000372e+01 9.843841104257977648e-01 4.000000000000000192e-04 3.203156082505017044e-01
-4.952700799999999504e+01 9.822304900541418693e-01 2.999999999999999737e-04 3.577068761266447572e-01
-4.956811800000000545e+01 9.830457925946493036e-01 0.000000000000000000e+00 2.430693679847897859e-01
-4.944918200000000752e+01 9.806870277452750528e-01 1.000000000000000048e-04 2.786466704366920566e-01
-4.936148999999998210e+01 9.789479007595736082e-01 0.000000000000000000e+00 2.498223876147518396e-01
-4.947590800000000399e+01 9.812170636415922242e-01 1.000000000000000048e-04 3.194337027309481769e-01
-4.955061199999997967e+01 9.826986097614179849e-01 1.000000000000000048e-04 3.244780484022756206e-01
-4.944388000000000005e+01 9.805818773178905934e-01 1.000000000000000048e-04 3.587613821092355826e-01
-4.933561799999998243e+01 9.784348015786442643e-01 2.000000000000000096e-04 3.383936588643406962e-01
-4.968655399999998679e+01 9.853946413343114274e-01 5.999999999999999474e-04 3.800586141450533195e-01
-4.961313200000002155e+01 9.839385201197869968e-01 8.000000000000000383e-04 4.419882143133672669e-01
-4.952046399999999693e+01 9.821007080102333031e-01 5.000000000000000104e-04 3.868787316903623541e-01
-4.955086399999999003e+01 9.827036074807129484e-01 4.000000000000000192e-04 3.941156922693248577e-01
-4.945531999999999329e+01 9.808087579080972951e-01 2.999999999999999737e-04 3.860943653951696697e-01
-4.944221800000001821e+01 9.805489161692088063e-01 4.000000000000000192e-04 3.704726787947165700e-01
-4.938855399999999918e+01 9.794846399460562791e-01 5.000000000000000104e-04 3.869193310907545480e-01
-4.949441400000001323e+01 9.815840786942469087e-01 1.000000000000000048e-04 3.242056190728096476e-01
-4.953227400000002234e+01 9.823349265216274606e-01 4.000000000000000192e-04 3.921222873110637441e-01
-4.929161000000003412e+01 9.775620252662481358e-01 1.000000000000000048e-04 4.053376568499473254e-01
-4.956975400000000320e+01 9.830782381056264452e-01 5.000000000000000104e-04 3.718864623684613457e-01
-4.952025800000001965e+01 9.820966225730325405e-01 2.999999999999999737e-04 3.555087511687660129e-01
-4.953243599999998992e+01 9.823381393411734219e-01 2.999999999999999737e-04 3.428001477788065188e-01
-4.950708800000003151e+01 9.818354322432228942e-01 2.000000000000000096e-04 3.066113076779127256e-01
-4.959781800000000374e+01 9.836348095115324819e-01 5.000000000000000104e-04 3.799635858097640817e-01
-4.967280400000002061e+01 9.851219483172365399e-01 1.000000000000000021e-03 3.831814370780663448e-01
-4.936143999999999465e+01 9.789469091486027175e-01 2.000000000000000096e-04 3.271767310389495087e-01
-4.944099000000002064e+01 9.805245622037566111e-01 5.000000000000000104e-04 3.816943304781873492e-01
-4.941956000000000415e+01 9.800995577415069215e-01 2.000000000000000096e-04 3.211737602022058380e-01
-4.948546400000000034e+01 9.814065803304047320e-01 5.000000000000000104e-04 4.083531763935561720e-01
-4.951326800000000361e+01 9.819579953592606492e-01 2.999999999999999737e-04 3.862845062563823317e-01
-4.959853800000000490e+01 9.836490887095175051e-01 5.000000000000000104e-04 4.323114652491396592e-01
-4.941743199999999092e+01 9.800573547785730311e-01 5.999999999999999474e-04 3.941467539028086775e-01
-4.950514399999998716e+01 9.817968784086624767e-01 2.000000000000000096e-04 3.844518396813092487e-01
-4.943507199999999102e+01 9.804071951292067100e-01 1.000000000000000048e-04 3.466766659630152181e-01
-4.956203000000000713e+01 9.829250540427980631e-01 4.000000000000000192e-04 3.681488449258015772e-01
-4.954763799999999918e+01 9.826396287408523111e-01 4.000000000000000192e-04 3.621143719039523479e-01
-4.948118000000000194e+01 9.813216191023937940e-01 5.999999999999999474e-04 4.024319318816284019e-01
-4.947968800000001011e+01 9.812920294310137903e-01 2.999999999999999737e-04 3.937560751572374840e-01
-4.957299400000002265e+01 9.831424944965595492e-01 8.000000000000000383e-04 4.075514849597891565e-01
-4.947163999999999362e+01 9.811324197290917093e-01 8.000000000000000383e-04 4.296042209600212103e-01
-4.918560400000001209e+01 9.754596910140216348e-01 1.000000000000000048e-04 4.056837898629613304e-01
-4.953832399999998870e+01 9.824549114491399893e-01 4.000000000000000192e-04 3.903066753622373986e-01
-4.939229399999999259e+01 9.795588124467007329e-01 2.000000000000000096e-04 3.811577795256565482e-01
-4.937495800000002077e+01 9.792150010907724189e-01 0.000000000000000000e+00 3.745876604880337690e-01
-4.950724199999999087e+01 9.818384864050133665e-01 2.999999999999999737e-04 3.654606483479567181e-01
-4.947955199999998399e+01 9.812893322491716974e-01 4.000000000000000192e-04 4.268289001414490302e-01
-4.948283800000001520e+01 9.813545009221984472e-01 5.000000000000000104e-04 4.316093779183559631e-01
-4.953722799999998472e+01 9.824331753366515319e-01 2.000000000000000096e-04 3.731992562487850829e-01
-4.948763399999999280e+01 9.814496162465540241e-01 2.000000000000000096e-04 3.336081522330701654e-01
-4.951993599999999418e+01 9.820902365983775750e-01 8.000000000000000383e-04 4.025651215328367449e-01
-4.925259200000003545e+01 9.767882117287752797e-01 0.000000000000000000e+00 3.420750876517010819e-01
-4.951161600000001073e+01 9.819252325327729736e-01 5.000000000000000104e-04 4.162423698381562676e-01
-4.950888000000000488e+01 9.818709715804295746e-01 6.999999999999999929e-04 3.712582133907627036e-01
-4.948919799999998048e+01 9.814806338377323192e-01 2.999999999999999737e-04 3.154928771803178211e-01
-4.944836399999999799e+01 9.806708049897863155e-01 2.999999999999999737e-04 3.784336141347258153e-01
-4.942035400000000323e+01 9.801153045237293027e-01 4.000000000000000192e-04 3.490874277399008130e-01
-4.941875799999999685e+01 9.800836523015289403e-01 2.999999999999999737e-04 3.976426305774130032e-01
-4.957711999999998653e+01 9.832243222339008826e-01 5.000000000000000104e-04 3.773776930772715366e-01
-4.936281200000000524e+01 9.789741189536521615e-01 2.000000000000000096e-04 4.115392547964087933e-01
-4.954940200000000772e+01 9.826746127759158345e-01 2.000000000000000096e-04 3.107592637331339502e-01
-4.944053799999998944e+01 9.805155980405765304e-01 2.000000000000000096e-04 4.131806508763269381e-01
-4.945156000000000773e+01 9.807341887630646182e-01 4.000000000000000192e-04 3.894919539890678295e-01
-4.960575399999999746e+01 9.837921980048786041e-01 6.999999999999999929e-04 4.551235541913841165e-01
-4.976201199999998437e+01 9.868911409475831231e-01 8.999999999999999754e-04 3.636052513983319967e-01
-4.927670000000000528e+01 9.772663268746406562e-01 4.000000000000000192e-04 3.190920724603967251e-01
-4.971831599999998730e+01 9.860245522876461832e-01 1.100000000000000066e-03 4.183653501499144944e-01
-4.946994000000002245e+01 9.810987049560720985e-01 2.999999999999999737e-04 4.440808939867151861e-01
-4.972158000000001010e+01 9.860892846518455324e-01 1.199999999999999895e-03 4.199663146664803781e-01
-4.970024000000001507e+01 9.856660650893444009e-01 1.299999999999999940e-03 4.166850168080483696e-01
-4.949054000000002418e+01 9.815072486761997617e-01 4.000000000000000192e-04 3.728826267518148274e-01
-4.971388599999999514e+01 9.859366955555994849e-01 1.299999999999999940e-03 4.099590245649217812e-01
-4.967498400000000203e+01 9.851651825555798325e-01 5.999999999999999474e-04 3.622067479027172854e-01
-4.951196000000000197e+01 9.819320548162544515e-01 5.999999999999999474e-04 4.248105155730186877e-01
-4.974027000000000953e+01 9.864599488328740229e-01 1.500000000000000031e-03 4.626452412950219917e-01
-4.958338200000000029e+01 9.833485115919322617e-01 6.999999999999999929e-04 3.669931638314125610e-01
-4.972037600000000168e+01 9.860654066596592493e-01 1.000000000000000021e-03 3.640578212261885716e-01
-4.958089999999999264e+01 9.832992880233225597e-01 5.000000000000000104e-04 3.493858883668587434e-01
-4.974541400000001090e+01 9.865619657695894329e-01 1.299999999999999940e-03 4.012655145104714882e-01
-4.987858200000001574e+01 9.892029827658016528e-01 1.199999999999999895e-03 3.447008975381937179e-01
-4.988960000000001571e+01 9.894214941594116075e-01 1.399999999999999986e-03 3.555985410884621722e-01
-4.983571400000000295e+01 9.883528151835472286e-01 1.100000000000000066e-03 3.395590512664474758e-01
-4.968718600000001828e+01 9.854071752969878473e-01 1.100000000000000066e-03 3.917900275155126733e-01
-4.986288199999998483e+01 9.888916169208492590e-01 2.000000000000000042e-03 3.755227070512667242e-01
-4.982616200000000362e+01 9.881633778236122989e-01 1.399999999999999986e-03 3.473183416702989024e-01
-4.984662800000003102e+01 9.885692640263377129e-01 1.100000000000000066e-03 3.265814484020855279e-01
-4.983837000000001183e+01 9.884054895583366251e-01 1.799999999999999951e-03 3.890282629757634281e-01
-4.974213000000000306e+01 9.864968367610019717e-01 1.199999999999999895e-03 3.766589909381498069e-01
-4.985930600000000368e+01 9.888206969041906103e-01 1.199999999999999895e-03 3.317525333708544744e-01
-4.967420800000000014e+01 9.851497927533069410e-01 4.000000000000000192e-04 3.598661052012636086e-01
-4.972369600000000389e+01 9.861312496281459117e-01 8.000000000000000383e-04 3.752384696093238881e-01
-4.975821999999998724e+01 9.868159371715286010e-01 1.000000000000000021e-03 3.530131362193686395e-01
-4.983549999999999613e+01 9.883485710885904219e-01 8.000000000000000383e-04 3.464062314273766985e-01
-4.982840600000000109e+01 9.882078813239989490e-01 1.299999999999999940e-03 3.733586944362098925e-01
-4.980999199999999405e+01 9.878426908355312230e-01 1.199999999999999895e-03 3.588619339134780928e-01
-4.965475600000002032e+01 9.847640164210780256e-01 5.000000000000000104e-04 3.527708256335573278e-01
-4.981863000000001307e+01 9.880140015469133230e-01 1.199999999999999895e-03 3.812775593615855829e-01
-4.979182799999999531e+01 9.874824584019196161e-01 1.100000000000000066e-03 3.769413093881223698e-01
-4.984034200000001391e+01 9.884445986950401997e-01 1.100000000000000066e-03 3.765380078418311127e-01
-4.987039400000001166e+01 9.890405965531604560e-01 2.000000000000000042e-03 3.764706805276741841e-01
-4.990874999999999773e+01 9.898012811613746686e-01 1.399999999999999986e-03 3.309251340461079050e-01
-4.975162200000001178e+01 9.866850841877716771e-01 1.000000000000000021e-03 4.066977691980949716e-01
-4.978109000000000606e+01 9.872695000297484480e-01 1.600000000000000077e-03 4.218173249838910732e-01
-4.974406799999999862e+01 9.865352716022449675e-01 6.999999999999999929e-04 3.552466904657499702e-01
-4.982484000000000890e+01 9.881371596295343007e-01 1.299999999999999940e-03 3.841809548384795825e-01
-4.975886799999999965e+01 9.868287884497153328e-01 1.000000000000000021e-03 4.209233076046614008e-01
-4.982126600000001559e+01 9.880662792773141634e-01 6.999999999999999929e-04 3.465444528804667024e-01
-4.984714999999999918e+01 9.885796164448762413e-01 1.600000000000000077e-03 3.402748459820104099e-01
-4.979293400000001668e+01 9.875043928366026291e-01 1.399999999999999986e-03 4.093698661567212183e-01
-4.997362200000002730e+01 9.910878368998279342e-01 1.899999999999999996e-03 3.319908601577499785e-01
-4.997650800000000970e+01 9.911450726850843385e-01 1.600000000000000077e-03 3.125372781579563997e-01
-5.001152400000000853e+01 9.918395176804237767e-01 2.200000000000000133e-03 2.912243104792963666e-01
-5.001808799999999167e+01 9.919696963687204549e-01 2.200000000000000133e-03 2.870051762036304188e-01
-4.990118200000001991e+01 9.896511909247767136e-01 1.699999999999999905e-03 3.620730302973241832e-01
-4.994973799999999642e+01 9.906141641711122547e-01 1.699999999999999905e-03 3.587031655361528348e-01
-4.994606600000002317e+01 9.905413402613890694e-01 1.899999999999999996e-03 3.736643684464234227e-01
-5.001065600000000444e+01 9.918223033139639266e-01 1.799999999999999951e-03 3.311748759318629554e-01
-4.988304400000001237e+01 9.892914741288699743e-01 1.699999999999999905e-03 3.574886066758362069e-01
-4.994383600000001167e+01 9.904971144120739979e-01 1.600000000000000077e-03 3.430368138561891711e-01
-5.000374800000000164e+01 9.916853023421851043e-01 2.299999999999999961e-03 3.524005705403605582e-01
-5.008237800000001272e+01 9.932447097554689686e-01 2.700000000000000143e-03 3.120598633259168420e-01
-4.986151000000000266e+01 9.888644071158003701e-01 1.899999999999999996e-03 3.957943138662921023e-01
-4.995385799999999676e+01 9.906958729151378318e-01 1.299999999999999940e-03 3.283852889764724559e-01
-5.009874000000002070e+01 9.935692045296793395e-01 2.700000000000000143e-03 3.156319522686660828e-01
-5.001801999999999282e+01 9.919683477777996305e-01 2.399999999999999790e-03 3.371091499646651779e-01
-5.020375800000000055e+01 9.956519445491144316e-01 3.599999999999999901e-03 2.260188144398784238e-01
-4.992610200000001441e+01 9.901454098328146269e-01 1.899999999999999996e-03 3.663082341692606714e-01
-5.003000599999999309e+01 9.922060567598117720e-01 2.399999999999999790e-03 3.362622959548216550e-01
-5.023140800000000894e+01 9.962003054161793214e-01 4.100000000000000346e-03 2.290286805206068477e-01
-5.012277400000002103e+01 9.940458520913079132e-01 2.899999999999999800e-03 2.880699335055626475e-01
-5.009535600000000954e+01 9.935020922991493197e-01 2.399999999999999790e-03 2.996380733720956924e-01
-5.016622800000001092e+01 9.949076413541441122e-01 3.599999999999999901e-03 2.479671483943559074e-01
-4.998238199999999409e+01 9.912615671419786612e-01 2.500000000000000052e-03 3.571473974581242383e-01
-5.017919799999999952e+01 9.951648652400689743e-01 2.599999999999999881e-03 2.303115790191690992e-01
-5.003077000000001107e+01 9.922212085754518185e-01 2.399999999999999790e-03 3.259450240253234932e-01
-4.982257000000000602e+01 9.880921404914424500e-01 2.000000000000000042e-03 4.186032111485036289e-01
-5.003744800000001902e+01 9.923536481367633000e-01 1.799999999999999951e-03 3.115810112340226534e-01
-5.006992800000000443e+01 9.929977986236440124e-01 3.200000000000000153e-03 3.386835792961460645e-01
-5.017313799999999446e+01 9.950446819903614459e-01 2.899999999999999800e-03 2.527730609847417265e-01
-5.006372400000000056e+01 9.928747595343394572e-01 2.599999999999999881e-03 3.257038895386515365e-01
-5.020033400000001222e+01 9.955840390298080766e-01 3.200000000000000153e-03 2.337612440854208440e-01
-5.005771000000000726e+01 9.927554885667255746e-01 2.299999999999999961e-03 3.413591436441897331e-01
-5.023174000000000916e+01 9.962068897130279543e-01 3.599999999999999901e-03 2.320628398002612947e-01
-5.004998600000000408e+01 9.926023045038970816e-01 3.000000000000000062e-03 3.507064791952029248e-01
-5.004529200000000344e+01 9.925092120659223527e-01 2.399999999999999790e-03 3.221780101719916578e-01
-5.009813600000001088e+01 9.935572258691471870e-01 2.799999999999999972e-03 3.178123414020840865e-01
-5.010407000000000011e+01 9.936749102592070670e-01 3.200000000000000153e-03 3.029800065077470905e-01
-4.997936199999999474e+01 9.912016738393192306e-01 2.000000000000000042e-03 3.429834789377503856e-01
-5.004689200000000682e+01 9.925409436170002930e-01 2.299999999999999961e-03 3.385093197111613827e-01
-4.997001200000000409e+01 9.910162425877080405e-01 1.699999999999999905e-03 3.282356419132788639e-01
-5.007788000000000750e+01 9.931555044325011128e-01 2.599999999999999881e-03 3.121838567319592528e-01
-4.982638600000002072e+01 9.881678202407635503e-01 1.600000000000000077e-03 4.001328711184513054e-01
-5.013374000000001018e+01 9.942633322095076887e-01 3.000000000000000062e-03 2.840315639025516314e-01
-5.006943600000002448e+01 9.929880411716879296e-01 3.099999999999999891e-03 3.343862997773505152e-01
-5.006457800000001157e+01 9.928916962497275067e-01 2.299999999999999961e-03 3.066153183559245932e-01
-4.997110800000000097e+01 9.910379787001962759e-01 2.700000000000000143e-03 3.637267588271019814e-01
-5.001893799999999857e+01 9.919865537552307044e-01 1.500000000000000031e-03 3.385870589984382173e-01
-5.002568199999998910e+01 9.921203022430237217e-01 3.000000000000000062e-03 3.330380280952551231e-01
-5.008942000000000405e+01 9.933843682446502621e-01 3.099999999999999891e-03 3.224980657682190999e-01
-4.998755400000001003e+01 9.913641393808382274e-01 2.899999999999999800e-03 3.370010950496256652e-01
-4.996744999999999948e+01 9.909654324415444471e-01 2.599999999999999881e-03 3.691844425571898514e-01
-4.995622600000001512e+01 9.907428356107335077e-01 2.399999999999999790e-03 3.953785631594873839e-01
-4.998669999999999192e+01 9.913472026654500668e-01 2.099999999999999870e-03 3.363139496471607703e-01
-4.980458200000000346e+01 9.877353985284493820e-01 1.299999999999999940e-03 4.306977267109026175e-01
-4.974468199999999740e+01 9.865474485849710096e-01 1.299999999999999940e-03 4.092688677842153955e-01
-4.958456199999999825e+01 9.833719136108520775e-01 1.600000000000000077e-03 4.619767073537084379e-01
-5.005063799999997798e+01 9.926152351109608363e-01 2.700000000000000143e-03 3.226703965411768515e-01
-5.012265599999999921e+01 9.940435118894155320e-01 3.000000000000000062e-03 3.231385918759875353e-01
-5.015022199999999941e+01 9.945902068500485083e-01 3.599999999999999901e-03 2.965111855351743597e-01
-4.992515799999999615e+01 9.901266882176783524e-01 2.000000000000000042e-03 3.743081788628676576e-01
-4.994504200000000083e+01 9.905210320686987924e-01 2.399999999999999790e-03 3.486718793225276891e-01
-5.003923199999999838e+01 9.923890288162147133e-01 2.899999999999999800e-03 3.503745133021484159e-01
-5.000673599999999652e+01 9.917445610138229117e-01 2.700000000000000143e-03 3.555897021381058121e-01
-4.965147799999999023e+01 9.846990064058066539e-01 1.299999999999999940e-03 4.861335601447299704e-01
-4.996672200000000430e+01 9.909509945858041569e-01 2.500000000000000052e-03 3.491074933818433812e-01
-4.975791999999998438e+01 9.868099875057013692e-01 2.200000000000000133e-03 5.046754516668625623e-01
-5.007635800000002035e+01 9.931253197945385525e-01 3.000000000000000062e-03 3.324335106848627097e-01
-5.011699000000000126e+01 9.939311425341610384e-01 3.099999999999999891e-03 3.070047364159358416e-01
-5.004867400000000544e+01 9.925762846320131949e-01 2.500000000000000052e-03 3.027320629590372070e-01
-5.022708600000000700e+01 9.961145905638301157e-01 5.000000000000000104e-03 2.372938258826398916e-01
-5.004276000000000835e+01 9.924589968863416489e-01 3.099999999999999891e-03 3.618916027227105925e-01
-4.994976799999999173e+01 9.906147591376949224e-01 1.199999999999999895e-03 2.803545946897187391e-01
-5.003983000000001624e+01 9.924008884834304434e-01 2.599999999999999881e-03 3.240949909074704038e-01
-5.002195400000000092e+01 9.920463677290125570e-01 2.299999999999999961e-03 3.332839100996523585e-01
-5.002613399999998478e+01 9.921292664062031363e-01 2.500000000000000052e-03 3.298079282543010526e-01
-4.983023200000001651e+01 9.882440949566668742e-01 1.699999999999999905e-03 4.150972603273999084e-01
-5.000593400000000344e+01 9.917286555738452636e-01 1.399999999999999986e-03 3.254093131035822317e-01
-4.976855999999998659e+01 9.870210023203693783e-01 1.699999999999999905e-03 4.471530188003007833e-01
-4.994728599999999830e+01 9.905655355690854424e-01 2.099999999999999870e-03 3.524106629453425121e-01
-4.986914799999999559e+01 9.890158856077582161e-01 2.399999999999999790e-03 4.092582466123342311e-01
-5.004417200000001031e+01 9.924869999801679832e-01 2.099999999999999870e-03 3.064117662904154993e-01
-5.004608399999998625e+01 9.925249191837055562e-01 2.099999999999999870e-03 3.283465257217371702e-01
-5.006141000000000219e+01 9.928288677785931382e-01 2.700000000000000143e-03 3.306956810034621386e-01
-5.003061999999999188e+01 9.922182337425379250e-01 2.899999999999999800e-03 3.372067908538914915e-01
-4.994646000000000896e+01 9.905491541558417712e-01 1.299999999999999940e-03 3.390060390987958416e-01
-5.021880000000000877e+01 9.959502607936855378e-01 4.599999999999999922e-03 2.523820864795233709e-01
-5.015621799999999553e+01 9.947091208377127902e-01 3.200000000000000153e-03 2.519579812571772770e-01
-5.002967000000000297e+01 9.921993931340856721e-01 2.700000000000000143e-03 3.387888867687070538e-01
-5.001010599999998618e+01 9.918113955932805759e-01 1.699999999999999905e-03 3.348041917783033949e-01
-4.975544600000002049e+01 9.867609225948479335e-01 1.199999999999999895e-03 3.988058040923903591e-01
-5.007755999999999830e+01 9.931491581222854359e-01 2.399999999999999790e-03 3.014582296810358608e-01
-4.990180800000001682e+01 9.896636058941359337e-01 1.699999999999999905e-03 3.627501039491946577e-01
-4.999319200000002894e+01 9.914759534339493419e-01 2.399999999999999790e-03 3.651004144925425465e-01
-4.995386600000002630e+01 9.906960315728937649e-01 2.500000000000000052e-03 3.935191446628257816e-01
-5.006367200000000395e+01 9.928737282589294999e-01 2.500000000000000052e-03 3.220573379152391058e-01
-4.983760600000002938e+01 9.883903377426973558e-01 1.699999999999999905e-03 4.032547706657002573e-01
-4.996226200000000262e+01 9.908625428871745688e-01 2.399999999999999790e-03 3.487042087616393782e-01
-5.000823800000001285e+01 9.917743490073975821e-01 3.399999999999999811e-03 3.721259303466556423e-01
-5.000166999999999717e+01 9.916440909902226597e-01 2.899999999999999800e-03 3.488729089018761664e-01
-5.007098599999999067e+01 9.930187811117939800e-01 3.700000000000000164e-03 3.446221883908716643e-01
-5.006131200000000092e+01 9.928269242210895351e-01 2.799999999999999972e-03 3.331035878800854833e-01
-4.981042800000001591e+01 9.878513376832004367e-01 1.699999999999999905e-03 3.868529269462346876e-01
-5.023121199999999931e+01 9.961964183011720042e-01 3.299999999999999982e-03 2.101107814002081686e-01
-4.991739200000002086e+01 9.899726712016345687e-01 1.699999999999999905e-03 3.566617727446741992e-01
-4.983670600000001372e+01 9.883724887452156604e-01 1.299999999999999940e-03 3.617138446592579326e-01
-4.970010000000002037e+01 9.856632885786251741e-01 1.100000000000000066e-03 4.313523863526447788e-01
-5.005064800000000957e+01 9.926154334331556139e-01 2.599999999999999881e-03 3.281794595533477632e-01
-4.993523200000001339e+01 9.903264779961528097e-01 2.599999999999999881e-03 3.745328173723755372e-01
-4.991506399999999388e+01 9.899265017948156720e-01 2.000000000000000042e-03 3.697390528139509192e-01
-4.987384600000001456e+01 9.891090573746110781e-01 1.799999999999999951e-03 3.480413929347480617e-01
-5.020502999999999361e+01 9.956771711322212060e-01 3.899999999999999821e-03 2.565767246976344285e-01
-5.015633199999999903e+01 9.947113817107271494e-01 2.399999999999999790e-03 2.483458165989966826e-01
-5.004275400000000218e+01 9.924588778930250044e-01 2.200000000000000133e-03 3.194389941662402754e-01
-5.015826400000000973e+01 9.947496975586539447e-01 3.200000000000000153e-03 2.680162498917943448e-01
-4.991717600000001198e+01 9.899683874422389174e-01 1.399999999999999986e-03 3.173488349664223551e-01
-5.014401800000000264e+01 9.944671677607441751e-01 3.099999999999999891e-03 2.783163683379918374e-01
-5.008944800000000441e+01 9.933849235467941963e-01 2.500000000000000052e-03 2.870160437848362500e-01
-5.007923600000000164e+01 9.931823969220395787e-01 2.399999999999999790e-03 3.024211277157878852e-01
-4.993959199999999754e+01 9.904129464728397281e-01 1.699999999999999905e-03 3.068207451140215203e-01
-4.981339200000000744e+01 9.879101203815719989e-01 1.100000000000000066e-03 3.381713102657716297e-01
-4.992098200000001640e+01 9.900438688693654621e-01 1.799999999999999951e-03 3.490817230530652848e-01
-5.000599600000000322e+01 9.917298851714495544e-01 2.799999999999999972e-03 3.577437342257416830e-01
-5.008074599999999776e+01 9.932123435733691830e-01 2.599999999999999881e-03 3.057340362029214997e-01
-5.004047400000001034e+01 9.924136604327391531e-01 2.500000000000000052e-03 3.449930471031190660e-01
-5.012921800000001582e+01 9.941736509132740318e-01 2.500000000000000052e-03 2.910148249825012523e-01
-4.997572800000000370e+01 9.911296035539337579e-01 2.200000000000000133e-03 3.719092770007114135e-01
-5.005268799999999629e+01 9.926558911607796798e-01 3.000000000000000062e-03 3.378193603963308145e-01
-4.982975999999999317e+01 9.882347341490984594e-01 1.500000000000000031e-03 3.697085677266691017e-01
-4.986660399999998816e+01 9.889654324415442233e-01 1.699999999999999905e-03 3.433708470002906910e-01
-4.997192600000001761e+01 9.910542014556852353e-01 2.500000000000000052e-03 3.714195337138887498e-01
-4.985789399999999461e+01 9.887926938103641650e-01 1.500000000000000031e-03 3.402944802622718812e-01
-4.997897200000001305e+01 9.911939392737443288e-01 2.500000000000000052e-03 3.871642848333315401e-01
-5.009912600000000538e+01 9.935768597663765522e-01 3.299999999999999982e-03 3.207212826354896018e-01
-5.004496600000000939e+01 9.925027467623903643e-01 2.899999999999999800e-03 3.426498333974101196e-01
-5.009191000000003413e+01 9.934337504710158973e-01 2.899999999999999800e-03 2.922019771571467972e-01
-5.001159000000000532e+01 9.918408266069056456e-01 1.799999999999999951e-03 3.232796173749607482e-01
-5.008219000000000420e+01 9.932409812982171404e-01 2.700000000000000143e-03 3.032940092725309733e-01
-5.017108400000000046e+01 9.950039466116652465e-01 3.500000000000000073e-03 2.852414057239832101e-01
-4.998341399999998913e+01 9.912820339924238722e-01 2.099999999999999870e-03 3.521058728005058147e-01
-5.005928199999999606e+01 9.927866648156593588e-01 2.799999999999999972e-03 3.486910671049489041e-01
-5.000866400000000311e+01 9.917827975328719070e-01 2.500000000000000052e-03 3.236369482096641548e-01
-5.012867599999999157e+01 9.941629018503458370e-01 2.099999999999999870e-03 2.451012782298352677e-01
-4.999098200000000958e+01 9.914321242290226044e-01 2.200000000000000133e-03 3.439683742744529815e-01
-5.003111400000000941e+01 9.922280308589336295e-01 2.700000000000000143e-03 3.264193699132229565e-01
-5.007490800000000775e+01 9.930965630763739505e-01 3.000000000000000062e-03 3.253636280231770317e-01
-5.020377000000001289e+01 9.956521825357478317e-01 4.000000000000000083e-03 2.452527887793337635e-01
-5.008661800000000142e+01 9.933287983658251052e-01 2.299999999999999961e-03 2.936933549528049081e-01
-5.006935600000000619e+01 9.929864545941337051e-01 3.099999999999999891e-03 3.081712216979843877e-01
-5.011148200000001651e+01 9.938219066695757054e-01 2.799999999999999972e-03 2.966150409217480077e-01
-4.995270400000001842e+01 9.906729865339233276e-01 2.599999999999999881e-03 3.570790858048006333e-01
-4.994109200000000470e+01 9.904426948019753318e-01 2.399999999999999790e-03 3.509414091591736007e-01
-5.024370999999998588e+01 9.964442813795288956e-01 3.399999999999999811e-03 2.099299534452752358e-01
-5.015712199999999399e+01 9.947270491640718415e-01 2.899999999999999800e-03 2.574101328246580223e-01
-4.963389999999998992e+01 9.843503956527772658e-01 8.999999999999999754e-04 4.509534379870309695e-01
-5.026822599999999142e+01 9.969304880709197736e-01 4.199999999999999740e-03 1.942056905094770858e-01
-5.018526200000001580e+01 9.952851278186544137e-01 3.200000000000000153e-03 2.577591918160369588e-01
-5.032636600000000016e+01 9.980835333082125338e-01 4.599999999999999922e-03 1.605835672310419460e-01
-5.026740800000001030e+01 9.969142653154315914e-01 4.000000000000000083e-03 2.068631166406005029e-01
-5.023478599999999972e+01 9.962672986533922526e-01 3.099999999999999891e-03 2.281371291592185491e-01
-5.020729000000000042e+01 9.957219919481188342e-01 4.400000000000000265e-03 2.605070353263913008e-01
-5.020157200000000586e+01 9.956085913174543833e-01 3.200000000000000153e-03 2.441946847426570977e-01
-5.032928600000000330e+01 9.981414433889297388e-01 4.100000000000000346e-03 1.523933487108708185e-01
-5.015362799999999055e+01 9.946577553894053736e-01 3.500000000000000073e-03 2.808383783666975608e-01
-5.016425600000000173e+01 9.948685322174404266e-01 3.099999999999999891e-03 3.045096446765028220e-01
-5.034433200000000852e+01 9.984398389623784231e-01 4.599999999999999922e-03 1.393407311940665916e-01
-5.000394200000000922e+01 9.916891497927534660e-01 1.899999999999999996e-03 3.691508063300702469e-01
-5.025762600000000191e+01 9.967202665450290988e-01 4.100000000000000346e-03 2.063227375846988787e-01
-5.017750200000001826e+01 9.951312297959268305e-01 2.599999999999999881e-03 2.354925266265787409e-01
-5.040055200000001179e+01 9.995548063383775661e-01 5.499999999999999681e-03 4.635582292648867536e-02
-5.028019000000000460e+01 9.971677607441049584e-01 4.199999999999999740e-03 1.893374655438960774e-01
-5.032607000000000141e+01 9.980776629712631021e-01 4.799999999999999580e-03 1.641861406692990966e-01
-5.042041000000000395e+01 9.999486345516926944e-01 6.300000000000000044e-03 3.396656109659795635e-03
-5.040160199999999691e+01 9.995756301687720446e-01 5.300000000000000024e-03 4.889584473473455178e-02
-5.034384400000000426e+01 9.984301608392995853e-01 4.899999999999999842e-03 1.394955778018177051e-01
-5.040380999999999290e+01 9.996194197092594935e-01 5.499999999999999681e-03 4.066544831756691708e-02
-5.040468800000000726e+01 9.996368323979137882e-01 6.400000000000000307e-03 4.167861957038607873e-02
-5.039187999999998624e+01 9.993828213315348874e-01 5.499999999999999681e-03 6.716938937259268882e-02
-5.033989799999999093e+01 9.983519029014534807e-01 4.799999999999999580e-03 1.486199450839879865e-01
-5.039023199999999747e+01 9.993501378339249008e-01 5.899999999999999863e-03 6.878874537967105685e-02
-5.025418000000001228e+01 9.966519247168952322e-01 3.700000000000000164e-03 2.109100368317348151e-01
-5.042104000000000497e+01 9.999611288499296036e-01 7.199999999999999803e-03 3.158826018981748026e-03
-5.042110999999999876e+01 9.999625171052891615e-01 7.300000000000000065e-03 3.123372303371548062e-03
-5.040665399999999607e+01 9.996758225413004961e-01 6.300000000000000044e-03 3.950137555461979283e-02
-5.042181000000000068e+01 9.999763996588858506e-01 8.300000000000000086e-03 2.642676176482346585e-03
-5.039932400000000001e+01 9.995304523729250379e-01 5.499999999999999681e-03 4.755351928048704574e-02
-5.032917599999998259e+01 9.981392618447926246e-01 4.400000000000000265e-03 1.401332188103221466e-01
-5.041609000000000407e+01 9.998629593637824442e-01 6.599999999999999964e-03 2.116166488266162798e-02
-5.042195000000000249e+01 9.999791761696051884e-01 8.500000000000000611e-03 2.512091968980252089e-03
-5.039693799999999868e+01 9.994831326973800945e-01 4.599999999999999922e-03 4.823364595404575073e-02
-5.038627400000000733e+01 9.992716419094461733e-01 4.899999999999999842e-03 5.695941957909999437e-02
-5.042096999999999696e+01 9.999597405945698236e-01 7.100000000000000408e-03 3.192336151006761828e-03
-5.042173999999999978e+01 9.999750114035261817e-01 8.200000000000000691e-03 2.702860437659515037e-03
-5.039946399999999471e+01 9.995332288836442647e-01 6.199999999999999782e-03 4.841438871186446585e-02
-5.041749599999999276e+01 9.998908434642919119e-01 6.400000000000000307e-03 1.837040835230159888e-02
-5.042062000000000666e+01 9.999527993177717011e-01 6.599999999999999964e-03 3.332666599989044746e-03
-5.040479600000000460e+01 9.996389742776115028e-01 5.899999999999999863e-03 4.179219375177511270e-02
-5.042222999999999900e+01 9.999847291910437530e-01 8.899999999999999925e-03 2.201262264148114243e-03
-5.042271999999999821e+01 9.999944469785613244e-01 9.599999999999999159e-03 1.378624698969513514e-03
-5.042167000000000598e+01 9.999736231481666238e-01 8.099999999999999561e-03 2.759940710827610538e-03
-5.042300000000000892e+01 1.000000000000000222e+00 1.200000000000000025e-02 7.141223187966347277e-15
-5.042222999999999900e+01 9.999847291910437530e-01 8.899999999999999925e-03 2.201262264148114243e-03
-5.042300000000000892e+01 1.000000000000000222e+00 1.439999999999999961e-02 7.141223187966347277e-15
-5.042279000000000622e+01 9.999958352339211043e-01 9.700000000000000289e-03 1.200126255985214507e-03
-5.042208999999999719e+01 9.999819526803244152e-01 8.699999999999999400e-03 2.365983682929108985e-03
-5.042062000000000666e+01 9.999527993177717011e-01 6.599999999999999964e-03 3.332666599989045179e-03
-5.040501200000000637e+01 9.996432580370070431e-01 3.200000000000000153e-03 3.883139227818955402e-02
-5.042300000000000892e+01 1.000000000000000222e+00 1.129999999999999928e-02 7.141223187966347277e-15
-5.042054999999999865e+01 9.999514110624119212e-01 6.499999999999999702e-03 3.355607398090113859e-03
-5.042167000000000598e+01 9.999736231481666238e-01 8.099999999999999561e-03 2.759940710827610538e-03
-5.042300000000000892e+01 1.000000000000000222e+00 1.030000000000000013e-02 7.141223187966347277e-15
-5.042271999999999821e+01 9.999944469785613244e-01 9.599999999999999159e-03 1.378624698969513514e-03
-5.042208999999999719e+01 9.999819526803244152e-01 8.699999999999999400e-03 2.365983682929108985e-03
-5.042300000000000892e+01 1.000000000000000222e+00 1.000000000000000021e-02 7.141223187966347277e-15
-5.042279000000000622e+01 9.999958352339211043e-01 9.700000000000000289e-03 1.200126255985214507e-03
-5.042104000000000497e+01 9.999611288499296036e-01 7.199999999999999803e-03 3.158826018981748026e-03
-5.042208999999999719e+01 9.999819526803244152e-01 8.699999999999999400e-03 2.365983682929108985e-03
-5.042229999999999990e+01 9.999861174464034219e-01 8.999999999999999320e-03 2.110579412045854482e-03
-5.042286000000000001e+01 9.999972234892806622e-01 9.799999999999999684e-03 9.849370589547329878e-04
-5.042300000000000892e+01 1.000000000000000222e+00 1.020000000000000073e-02 7.141223187966347277e-15
-5.042300000000000892e+01 1.000000000000000222e+00 1.009999999999999960e-02 7.141223187966347277e-15
-5.042258000000000351e+01 9.999916704678420976e-01 9.400000000000000369e-03 1.670782796032787860e-03
-5.042286000000000001e+01 9.999972234892806622e-01 9.799999999999999684e-03 9.849370589547329878e-04
-5.042244000000000170e+01 9.999888939571227597e-01 9.199999999999999845e-03 1.908619470411399358e-03
-5.042300000000000892e+01 1.000000000000000222e+00 1.050000000000000065e-02 7.141223187966347277e-15
-5.042167000000000598e+01 9.999736231481666238e-01 8.099999999999999561e-03 2.759940710827610538e-03
-5.042153000000000418e+01 9.999708466374472859e-01 7.900000000000000772e-03 2.865521265184373806e-03
-5.042159999999999798e+01 9.999722348928067328e-01 8.000000000000000167e-03 2.814105882727804819e-03
-5.042244000000000170e+01 9.999888939571227597e-01 9.199999999999999845e-03 1.908619470411399358e-03
-5.042216000000000520e+01 9.999833409356841951e-01 8.800000000000000530e-03 2.286190426599266339e-03
-5.042300000000000892e+01 1.000000000000000222e+00 1.030000000000000013e-02 7.141223187966347277e-15
-5.042229999999999990e+01 9.999861174464034219e-01 8.999999999999999320e-03 2.110579412045854482e-03
-5.042125000000000767e+01 9.999652936160087213e-01 7.499999999999999722e-03 3.046358979226889124e-03
-5.042167000000000598e+01 9.999736231481666238e-01 8.099999999999999561e-03 2.759940710827610538e-03
-5.042090000000000316e+01 9.999583523392102657e-01 7.000000000000000146e-03 3.223963305305171598e-03
-5.042146000000000328e+01 9.999694583820876170e-01 7.799999999999999642e-03 2.914332399254668769e-03
-5.042159999999999798e+01 9.999722348928067328e-01 8.000000000000000167e-03 2.814105882727804819e-03
-5.042229999999999990e+01 9.999861174464034219e-01 8.999999999999999320e-03 2.110579412045854482e-03
-5.042083000000000226e+01 9.999569640838505968e-01 6.899999999999999883e-03 3.253762390984447830e-03
-5.042181000000000068e+01 9.999763996588858506e-01 8.300000000000000086e-03 2.642676176482346585e-03
-5.042201999999999629e+01 9.999805644249646353e-01 8.600000000000000006e-03 2.441145616140183612e-03
-5.042300000000000892e+01 1.000000000000000222e+00 1.060000000000000005e-02 7.141223187966347277e-15
-5.042187999999999448e+01 9.999777879142452974e-01 8.399999999999999481e-03 2.579170644244138059e-03
-5.042083000000000226e+01 9.999569640838505968e-01 6.899999999999999883e-03 3.253762390984447830e-03
-5.042300000000000892e+01 1.000000000000000222e+00 1.050000000000000065e-02 7.141223187966347277e-15
-5.042300000000000892e+01 1.000000000000000222e+00 1.089999999999999997e-02 7.141223187966347277e-15
-5.042216000000000520e+01 9.999833409356841951e-01 8.800000000000000530e-03 2.286190426599266339e-03
-5.042300000000000892e+01 1.000000000000000222e+00 1.179999999999999973e-02 7.141223187966347277e-15
-5.042300000000000892e+01 1.000000000000000222e+00 1.030000000000000013e-02 7.141223187966347277e-15
-5.042265000000000441e+01 9.999930587232017665e-01 9.499999999999999764e-03 1.533300394904228486e-03
-5.042300000000000892e+01 1.000000000000000222e+00 1.039999999999999952e-02 7.141223187966347277e-15
-5.042146000000000328e+01 9.999694583820876170e-01 7.799999999999999642e-03 2.914332399254668769e-03
-5.039406199999999103e+01 9.994260952343174687e-01 5.100000000000000366e-03 5.173312007922372530e-02
-5.042300000000000892e+01 1.000000000000000222e+00 1.159999999999999920e-02 7.141223187966347277e-15
-5.042187999999999448e+01 9.999777879142452974e-01 8.399999999999999481e-03 2.579170644244138059e-03
-5.042244000000000170e+01 9.999888939571227597e-01 9.199999999999999845e-03 1.908619470411399358e-03
-5.042237000000000080e+01 9.999875057017630908e-01 9.100000000000000450e-03 2.013364438854068229e-03
-5.042222999999999900e+01 9.999847291910437530e-01 8.899999999999999925e-03 2.201262264148114243e-03
-5.041999000000000564e+01 9.999403050195347920e-01 5.700000000000000205e-03 3.482988963696190352e-03
-5.042117999999999967e+01 9.999639053606488304e-01 7.400000000000000328e-03 3.085908015939861464e-03
-5.042300000000000892e+01 1.000000000000000222e+00 1.020000000000000073e-02 7.141223187966347277e-15
-5.042250999999999550e+01 9.999902822124823176e-01 9.299999999999999239e-03 1.795026799834983314e-03
-5.042300000000000892e+01 1.000000000000000222e+00 1.050000000000000065e-02 7.141223187966347277e-15
-5.042173999999999978e+01 9.999750114035261817e-01 8.200000000000000691e-03 2.702860437659515037e-03
-5.042300000000000892e+01 1.000000000000000222e+00 1.039999999999999952e-02 7.141223187966347277e-15
-5.042167000000000598e+01 9.999736231481666238e-01 8.099999999999999561e-03 2.759940710827610538e-03
-5.041911200000000548e+01 9.999228923308808303e-01 5.700000000000000205e-03 9.813094529374321792e-03
-5.042300000000000892e+01 1.000000000000000222e+00 1.069999999999999944e-02 7.141223187966347277e-15
-5.042083000000000226e+01 9.999569640838505968e-01 6.899999999999999883e-03 3.253762390984447830e-03
-5.042300000000000892e+01 1.000000000000000222e+00 1.089999999999999997e-02 7.141223187966347277e-15
-5.038949999999999818e+01 9.993356206493068106e-01 4.499999999999999660e-03 5.382941631307279484e-02
-5.042286000000000001e+01 9.999972234892806622e-01 9.799999999999999684e-03 9.849370589547329878e-04
-5.042153000000000418e+01 9.999708466374472859e-01 7.900000000000000772e-03 2.865521265184373806e-03
-5.042195000000000249e+01 9.999791761696051884e-01 8.500000000000000611e-03 2.512091968980252089e-03
-5.041399000000000541e+01 9.998213117029927099e-01 5.000000000000000104e-03 2.542197212386735836e-02
-5.042300000000000892e+01 1.000000000000000222e+00 1.110000000000000049e-02 7.141223187966347277e-15
-5.042279000000000622e+01 9.999958352339211043e-01 9.700000000000000289e-03 1.200126255985214507e-03
-5.042300000000000892e+01 1.000000000000000222e+00 1.069999999999999944e-02 7.141223187966347277e-15
-5.042090000000000316e+01 9.999583523392102657e-01 7.000000000000000146e-03 3.223963305305171598e-03
-5.042300000000000892e+01 1.000000000000000222e+00 1.009999999999999960e-02 7.141223187966347277e-15
-5.042300000000000892e+01 1.000000000000000222e+00 1.060000000000000005e-02 7.141223187966347277e-15
-5.042222999999999900e+01 9.999847291910437530e-01 8.899999999999999925e-03 2.201262264148114243e-03
-5.042117999999999967e+01 9.999639053606488304e-01 7.400000000000000328e-03 3.085908015939861464e-03
-5.042181000000000068e+01 9.999763996588858506e-01 8.300000000000000086e-03 2.642676176482346585e-03
-5.042208999999999719e+01 9.999819526803244152e-01 8.699999999999999400e-03 2.365983682929108985e-03
-5.042286000000000001e+01 9.999972234892806622e-01 9.799999999999999684e-03 9.849370589547329878e-04
-5.042300000000000892e+01 1.000000000000000222e+00 1.000000000000000021e-02 7.141223187966347277e-15
-5.042229999999999990e+01 9.999861174464034219e-01 8.999999999999999320e-03 2.110579412045854482e-03
-5.042300000000000892e+01 1.000000000000000222e+00 1.099999999999999936e-02 7.141223187966347277e-15
-5.042229999999999990e+01 9.999861174464034219e-01 8.999999999999999320e-03 2.110579412045854482e-03
-5.042300000000000892e+01 1.000000000000000222e+00 1.000000000000000021e-02 7.141223187966347277e-15
-5.042279000000000622e+01 9.999958352339211043e-01 9.700000000000000289e-03 1.200126255985214507e-03
-5.042300000000000892e+01 1.000000000000000222e+00 1.119999999999999989e-02 7.141223187966347277e-15
-5.042250999999999550e+01 9.999902822124823176e-01 9.299999999999999239e-03 1.795026799834983314e-03
-5.042167000000000598e+01 9.999736231481666238e-01 8.099999999999999561e-03 2.759940710827610538e-03
-5.042300000000000892e+01 1.000000000000000222e+00 1.250000000000000069e-02 7.141223187966347277e-15
-5.042300000000000892e+01 1.000000000000000222e+00 1.039999999999999952e-02 7.141223187966347277e-15
-5.042279000000000622e+01 9.999958352339211043e-01 9.700000000000000289e-03 1.200126255985214507e-03
-5.042159999999999798e+01 9.999722348928067328e-01 8.000000000000000167e-03 2.814105882727804819e-03
-5.042110999999999876e+01 9.999625171052891615e-01 7.300000000000000065e-03 3.123372303371548062e-03
-5.042300000000000892e+01 1.000000000000000222e+00 1.250000000000000069e-02 7.141223187966347277e-15
-5.042300000000000892e+01 1.000000000000000222e+00 1.149999999999999981e-02 7.141223187966347277e-15
-5.042300000000000892e+01 1.000000000000000222e+00 1.050000000000000065e-02 7.141223187966347277e-15
-5.042216000000000520e+01 9.999833409356841951e-01 8.800000000000000530e-03 2.286190426599266339e-03
-5.042250999999999550e+01 9.999902822124823176e-01 9.299999999999999239e-03 1.795026799834983314e-03
-5.042229999999999990e+01 9.999861174464034219e-01 8.999999999999999320e-03 2.110579412045854482e-03
-5.042300000000000892e+01 1.000000000000000222e+00 1.310000000000000053e-02 7.141223187966347277e-15
-5.042216000000000520e+01 9.999833409356841951e-01 8.800000000000000530e-03 2.286190426599266339e-03
-5.042300000000000892e+01 1.000000000000000222e+00 1.119999999999999989e-02 7.141223187966347277e-15
-5.042201999999999629e+01 9.999805644249646353e-01 8.600000000000000006e-03 2.441145616140183612e-03
-5.042300000000000892e+01 1.000000000000000222e+00 1.319999999999999993e-02 7.141223187966347277e-15
-5.042216000000000520e+01 9.999833409356841951e-01 8.800000000000000530e-03 2.286190426599266339e-03
-5.042279000000000622e+01 9.999958352339211043e-01 9.700000000000000289e-03 1.200126255985214507e-03
-5.042201999999999629e+01 9.999805644249646353e-01 8.600000000000000006e-03 2.441145616140183612e-03
-5.042286000000000001e+01 9.999972234892806622e-01 9.799999999999999684e-03 9.849370589547329878e-04
-5.042300000000000892e+01 1.000000000000000222e+00 1.039999999999999952e-02 7.141223187966347277e-15
-5.042300000000000892e+01 1.000000000000000222e+00 1.209999999999999964e-02 7.141223187966347277e-15
-5.042125000000000767e+01 9.999652936160087213e-01 7.499999999999999722e-03 3.046358979226889124e-03
-5.042271999999999821e+01 9.999944469785613244e-01 9.599999999999999159e-03 1.378624698969513514e-03
-5.042167000000000598e+01 9.999736231481666238e-01 8.099999999999999561e-03 2.759940710827610538e-03
-5.042173999999999978e+01 9.999750114035261817e-01 8.200000000000000691e-03 2.702860437659515037e-03
-5.042300000000000892e+01 1.000000000000000222e+00 1.030000000000000013e-02 7.141223187966347277e-15
-5.042300000000000892e+01 1.000000000000000222e+00 1.149999999999999981e-02 7.141223187966347277e-15
-5.042069000000000045e+01 9.999541875731312590e-01 6.700000000000000226e-03 3.308070938379189651e-03
-5.042041000000000395e+01 9.999486345516926944e-01 6.300000000000000044e-03 3.396656109659795635e-03
-5.042062000000000666e+01 9.999527993177717011e-01 6.599999999999999964e-03 3.332666599989045179e-03
-5.042173999999999978e+01 9.999750114035261817e-01 8.200000000000000691e-03 2.702860437659515037e-03
-5.042258000000000351e+01 9.999916704678420976e-01 9.400000000000000369e-03 1.670782796032787860e-03
-5.042300000000000892e+01 1.000000000000000222e+00 1.170000000000000033e-02 7.141223187966347277e-15
-5.042300000000000892e+01 1.000000000000000222e+00 1.080000000000000057e-02 7.141223187966347277e-15
-5.042300000000000892e+01 1.000000000000000222e+00 1.179999999999999973e-02 7.141223187966347277e-15
-5.042300000000000892e+01 1.000000000000000222e+00 1.020000000000000073e-02 7.141223187966347277e-15
-5.039354600000000062e+01 9.994158618090950297e-01 5.199999999999999761e-03 8.134882542470948941e-02
-5.042300000000000892e+01 1.000000000000000222e+00 1.329999999999999932e-02 7.141223187966347277e-15
-5.042027000000000214e+01 9.999458580409733566e-01 6.100000000000000387e-03 3.431449910003833183e-03
-5.042237000000000080e+01 9.999875057017630908e-01 9.100000000000000450e-03 2.013364438854068229e-03
-5.042181000000000068e+01 9.999763996588858506e-01 8.300000000000000086e-03 2.642676176482346585e-03
-5.042300000000000892e+01 1.000000000000000222e+00 1.060000000000000005e-02 7.141223187966347277e-15
-5.042159999999999798e+01 9.999722348928067328e-01 8.000000000000000167e-03 2.814105882727804819e-03
-5.042265000000000441e+01 9.999930587232017665e-01 9.499999999999999764e-03 1.533300394904228486e-03
-5.042083000000000226e+01 9.999569640838505968e-01 6.899999999999999883e-03 3.253762390984447830e-03
-5.042300000000000892e+01 1.000000000000000222e+00 1.200000000000000025e-02 7.141223187966347277e-15
-5.040122000000000213e+01 9.995680542609522989e-01 4.700000000000000185e-03 4.486621639649825827e-02
-5.042181000000000068e+01 9.999763996588858506e-01 8.300000000000000086e-03 2.642676176482346585e-03
-5.039886599999999817e+01 9.995213692164289787e-01 5.300000000000000024e-03 4.689867913972158714e-02
-5.042300000000000892e+01 1.000000000000000222e+00 1.089999999999999997e-02 7.141223187966347277e-15
-5.042286000000000001e+01 9.999972234892806622e-01 9.799999999999999684e-03 9.849370589547329878e-04
-5.042187999999999448e+01 9.999777879142452974e-01 8.399999999999999481e-03 2.579170644244138059e-03
-5.042083000000000226e+01 9.999569640838505968e-01 6.899999999999999883e-03 3.253762390984447830e-03
-5.042300000000000892e+01 1.000000000000000222e+00 1.009999999999999960e-02 7.141223187966347277e-15
-5.042229999999999990e+01 9.999861174464034219e-01 8.999999999999999320e-03 2.110579412045854482e-03
-5.042300000000000892e+01 1.000000000000000222e+00 1.000000000000000021e-02 7.141223187966347277e-15
-5.042153000000000418e+01 9.999708466374472859e-01 7.900000000000000772e-03 2.865521265184373806e-03
-5.042250999999999550e+01 9.999902822124823176e-01 9.299999999999999239e-03 1.795026799834983314e-03
-5.041992000000000473e+01 9.999389167641751230e-01 5.599999999999999943e-03 3.492213560991507242e-03
-5.042117999999999967e+01 9.999639053606488304e-01 7.400000000000000328e-03 3.085908015939861464e-03
-5.042237000000000080e+01 9.999875057017630908e-01 9.100000000000000450e-03 2.013364438854068229e-03
-5.042195000000000249e+01 9.999791761696051884e-01 8.500000000000000611e-03 2.512091968980252089e-03
-5.042020000000000124e+01 9.999444697856136877e-01 6.000000000000000125e-03 3.446561747423779448e-03
-5.042187999999999448e+01 9.999777879142452974e-01 8.399999999999999481e-03 2.579170644244138059e-03
-5.041223399999999799e+01 9.997864863256846757e-01 5.499999999999999681e-03 2.947363218097518237e-02
-5.042300000000000892e+01 1.000000000000000222e+00 1.000000000000000021e-02 7.141223187966347277e-15
-5.042187999999999448e+01 9.999777879142452974e-01 8.399999999999999481e-03 2.579170644244138059e-03
-5.042201999999999629e+01 9.999805644249646353e-01 8.600000000000000006e-03 2.441145616140183612e-03
-5.042201999999999629e+01 9.999805644249646353e-01 8.600000000000000006e-03 2.441145616140183612e-03
-5.042300000000000892e+01 1.000000000000000222e+00 1.069999999999999944e-02 7.141223187966347277e-15
-5.042265000000000441e+01 9.999930587232017665e-01 9.499999999999999764e-03 1.533300394904228486e-03
-5.042300000000000892e+01 1.000000000000000222e+00 1.020000000000000073e-02 7.141223187966347277e-15
-5.042271999999999821e+01 9.999944469785613244e-01 9.599999999999999159e-03 1.378624698969513514e-03
-5.042229999999999990e+01 9.999861174464034219e-01 8.999999999999999320e-03 2.110579412045854482e-03
-5.039964200000000005e+01 9.995367590187017592e-01 4.199999999999999740e-03 4.596946984223101301e-02
-5.042300000000000892e+01 1.000000000000000222e+00 1.069999999999999944e-02 7.141223187966347277e-15
-5.042117999999999967e+01 9.999639053606488304e-01 7.400000000000000328e-03 3.085908015939861464e-03
-5.042201999999999629e+01 9.999805644249646353e-01 8.600000000000000006e-03 2.441145616140183612e-03
-5.042110999999999876e+01 9.999625171052891615e-01 7.300000000000000065e-03 3.123372303371548062e-03
-5.042300000000000892e+01 1.000000000000000222e+00 1.099999999999999936e-02 7.141223187966347277e-15
-5.042300000000000892e+01 1.000000000000000222e+00 1.020000000000000073e-02 7.141223187966347277e-15
-5.042279000000000622e+01 9.999958352339211043e-01 9.700000000000000289e-03 1.200126255985214507e-03
-5.042125000000000767e+01 9.999652936160087213e-01 7.499999999999999722e-03 3.046358979226889124e-03
-5.042250999999999550e+01 9.999902822124823176e-01 9.299999999999999239e-03 1.795026799834983314e-03
-5.042125000000000767e+01 9.999652936160087213e-01 7.499999999999999722e-03 3.046358979226889124e-03
-5.042300000000000892e+01 1.000000000000000222e+00 1.209999999999999964e-02 7.141223187966347277e-15
-5.042265000000000441e+01 9.999930587232017665e-01 9.499999999999999764e-03 1.533300394904228486e-03
-5.042216000000000520e+01 9.999833409356841951e-01 8.800000000000000530e-03 2.286190426599266339e-03
-5.042013000000000744e+01 9.999430815302541298e-01 5.899999999999999863e-03 3.460177492968445189e-03
-5.042216000000000520e+01 9.999833409356841951e-01 8.800000000000000530e-03 2.286190426599266339e-03
-5.042229999999999990e+01 9.999861174464034219e-01 8.999999999999999320e-03 2.110579412045854482e-03
-5.041865399999999653e+01 9.999138091743845491e-01 6.899999999999999883e-03 1.643582819589187172e-02
-5.042271999999999821e+01 9.999944469785613244e-01 9.599999999999999159e-03 1.378624698969513514e-03
-5.042286000000000001e+01 9.999972234892806622e-01 9.799999999999999684e-03 9.849370589547329878e-04
-5.042300000000000892e+01 1.000000000000000222e+00 1.159999999999999920e-02 7.141223187966347277e-15
-5.042159999999999798e+01 9.999722348928067328e-01 8.000000000000000167e-03 2.814105882727804819e-03
-5.042300000000000892e+01 1.000000000000000222e+00 1.060000000000000005e-02 7.141223187966347277e-15
-5.042300000000000892e+01 1.000000000000000222e+00 1.050000000000000065e-02 7.141223187966347277e-15
-5.042237000000000080e+01 9.999875057017630908e-01 9.100000000000000450e-03 2.013364438854068229e-03
-5.042300000000000892e+01 1.000000000000000222e+00 1.099999999999999936e-02 7.141223187966347277e-15
-5.042132000000000147e+01 9.999666818713681682e-01 7.599999999999999985e-03 3.004642871938642025e-03
-5.042300000000000892e+01 1.000000000000000222e+00 1.020000000000000073e-02 7.141223187966347277e-15
-5.042300000000000892e+01 1.000000000000000222e+00 1.430000000000000021e-02 7.141223187966347277e-15
-5.042300000000000892e+01 1.000000000000000222e+00 1.060000000000000005e-02 7.141223187966347277e-15
-5.042300000000000892e+01 1.000000000000000222e+00 1.039999999999999952e-02 7.141223187966347277e-15
-5.042138999999999527e+01 9.999680701267277261e-01 7.700000000000000247e-03 2.960668092773670323e-03
-5.042110999999999876e+01 9.999625171052891615e-01 7.300000000000000065e-03 3.123372303371548062e-03
-5.042286000000000001e+01 9.999972234892806622e-01 9.799999999999999684e-03 9.849370589547329878e-04
-5.040921799999999564e+01 9.997266723519028231e-01 5.700000000000000205e-03 3.593192323089245549e-02
-5.042300000000000892e+01 1.000000000000000222e+00 1.140000000000000041e-02 7.141223187966347277e-15
-5.042090000000000316e+01 9.999583523392102657e-01 7.000000000000000146e-03 3.223963305305171598e-03
-5.042300000000000892e+01 1.000000000000000222e+00 1.140000000000000041e-02 7.141223187966347277e-15
-5.042300000000000892e+01 1.000000000000000222e+00 1.030000000000000013e-02 7.141223187966347277e-15
-5.042173999999999978e+01 9.999750114035261817e-01 8.200000000000000691e-03 2.702860437659515037e-03
-5.042187999999999448e+01 9.999777879142452974e-01 8.399999999999999481e-03 2.579170644244138059e-03
-5.042300000000000892e+01 1.000000000000000222e+00 1.099999999999999936e-02 7.141223187966347277e-15
-5.042286000000000001e+01 9.999972234892806622e-01 9.799999999999999684e-03 9.849370589547329878e-04
-5.042195000000000249e+01 9.999791761696051884e-01 8.500000000000000611e-03 2.512091968980252089e-03
-5.042300000000000892e+01 1.000000000000000222e+00 1.149999999999999981e-02 7.141223187966347277e-15
-5.042125000000000767e+01 9.999652936160087213e-01 7.499999999999999722e-03 3.046358979226889124e-03
-5.042300000000000892e+01 1.000000000000000222e+00 1.129999999999999928e-02 7.141223187966347277e-15
-5.042271999999999821e+01 9.999944469785613244e-01 9.599999999999999159e-03 1.378624698969513514e-03
-5.042300000000000892e+01 1.000000000000000222e+00 1.129999999999999928e-02 7.141223187966347277e-15
-5.042286000000000001e+01 9.999972234892806622e-01 9.799999999999999684e-03 9.849370589547329878e-04
-5.042300000000000892e+01 1.000000000000000222e+00 1.209999999999999964e-02 7.141223187966347277e-15
-5.042300000000000892e+01 1.000000000000000222e+00 1.050000000000000065e-02 7.141223187966347277e-15
-5.042181000000000068e+01 9.999763996588858506e-01 8.300000000000000086e-03 2.642676176482346585e-03
-5.042265000000000441e+01 9.999930587232017665e-01 9.499999999999999764e-03 1.533300394904228486e-03
-5.042138999999999527e+01 9.999680701267277261e-01 7.700000000000000247e-03 2.960668092773670323e-03
-5.042173999999999978e+01 9.999750114035261817e-01 8.200000000000000691e-03 2.702860437659515037e-03
-5.042300000000000892e+01 1.000000000000000222e+00 1.710000000000000062e-02 7.141223187966347277e-15
-5.042300000000000892e+01 1.000000000000000222e+00 1.439999999999999961e-02 7.141223187966347277e-15
-5.042258000000000351e+01 9.999916704678420976e-01 9.400000000000000369e-03 1.670782796032787860e-03
-5.042300000000000892e+01 1.000000000000000222e+00 1.129999999999999928e-02 7.141223187966347277e-15
-5.042244000000000170e+01 9.999888939571227597e-01 9.199999999999999845e-03 1.908619470411399358e-03
-5.042300000000000892e+01 1.000000000000000222e+00 1.039999999999999952e-02 7.141223187966347277e-15
-5.042167000000000598e+01 9.999736231481666238e-01 8.099999999999999561e-03 2.759940710827610538e-03
-5.042167000000000598e+01 9.999736231481666238e-01 8.099999999999999561e-03 2.759940710827610538e-03
-5.042244000000000170e+01 9.999888939571227597e-01 9.199999999999999845e-03 1.908619470411399358e-03
-5.042300000000000892e+01 1.000000000000000222e+00 1.140000000000000041e-02 7.141223187966347277e-15
-5.042244000000000170e+01 9.999888939571227597e-01 9.199999999999999845e-03 1.908619470411399358e-03
-5.042300000000000892e+01 1.000000000000000222e+00 1.299999999999999940e-02 7.141223187966347277e-15
-5.042300000000000892e+01 1.000000000000000222e+00 1.200000000000000025e-02 7.141223187966347277e-15
-5.042300000000000892e+01 1.000000000000000222e+00 1.179999999999999973e-02 7.141223187966347277e-15
-5.042237000000000080e+01 9.999875057017630908e-01 9.100000000000000450e-03 2.013364438854068229e-03
-5.042300000000000892e+01 1.000000000000000222e+00 1.089999999999999997e-02 7.141223187966347277e-15
-5.042300000000000892e+01 1.000000000000000222e+00 1.009999999999999960e-02 7.141223187966347277e-15
-5.042229999999999990e+01 9.999861174464034219e-01 8.999999999999999320e-03 2.110579412045854482e-03
-5.042229999999999990e+01 9.999861174464034219e-01 8.999999999999999320e-03 2.110579412045854482e-03
-5.042300000000000892e+01 1.000000000000000222e+00 1.329999999999999932e-02 7.141223187966347277e-15
-5.042300000000000892e+01 1.000000000000000222e+00 1.170000000000000033e-02 7.141223187966347277e-15
-5.042300000000000892e+01 1.000000000000000222e+00 1.129999999999999928e-02 7.141223187966347277e-15
-5.042201999999999629e+01 9.999805644249646353e-01 8.600000000000000006e-03 2.441145616140183612e-03
-5.042300000000000892e+01 1.000000000000000222e+00 1.129999999999999928e-02 7.141223187966347277e-15
-5.042250999999999550e+01 9.999902822124823176e-01 9.299999999999999239e-03 1.795026799834983314e-03
-5.042258000000000351e+01 9.999916704678420976e-01 9.400000000000000369e-03 1.670782796032787860e-03
-5.042300000000000892e+01 1.000000000000000222e+00 1.149999999999999981e-02 7.141223187966347277e-15
-5.042138999999999527e+01 9.999680701267277261e-01 7.700000000000000247e-03 2.960668092773670323e-03
-5.042250999999999550e+01 9.999902822124823176e-01 9.299999999999999239e-03 1.795026799834983314e-03
-5.042153000000000418e+01 9.999708466374472859e-01 7.900000000000000772e-03 2.865521265184373806e-03
-5.042300000000000892e+01 1.000000000000000222e+00 1.060000000000000005e-02 7.141223187966347277e-15
-5.042279000000000622e+01 9.999958352339211043e-01 9.700000000000000289e-03 1.200126255985214507e-03
-5.042300000000000892e+01 1.000000000000000222e+00 1.060000000000000005e-02 7.141223187966347277e-15
-5.042293000000000092e+01 9.999986117446403311e-01 9.900000000000000813e-03 7.000000000004981838e-04
-5.042300000000000892e+01 1.000000000000000222e+00 1.080000000000000057e-02 7.141223187966347277e-15
-5.042300000000000892e+01 1.000000000000000222e+00 1.069999999999999944e-02 7.141223187966347277e-15
-5.042300000000000892e+01 1.000000000000000222e+00 1.110000000000000049e-02 7.141223187966347277e-15
-5.042258000000000351e+01 9.999916704678420976e-01 9.400000000000000369e-03 1.670782796032787860e-03
-5.042300000000000892e+01 1.000000000000000222e+00 1.020000000000000073e-02 7.141223187966347277e-15
-5.042265000000000441e+01 9.999930587232017665e-01 9.499999999999999764e-03 1.533300394904228486e-03
-5.042258000000000351e+01 9.999916704678420976e-01 9.400000000000000369e-03 1.670782796032787860e-03
-5.042250999999999550e+01 9.999902822124823176e-01 9.299999999999999239e-03 1.795026799834983314e-03
-5.042216000000000520e+01 9.999833409356841951e-01 8.800000000000000530e-03 2.286190426599266339e-03
-5.042300000000000892e+01 1.000000000000000222e+00 1.119999999999999989e-02 7.141223187966347277e-15
-5.042208999999999719e+01 9.999819526803244152e-01 8.699999999999999400e-03 2.365983682929108985e-03
-5.042300000000000892e+01 1.000000000000000222e+00 1.000000000000000021e-02 7.141223187966347277e-15
-5.042300000000000892e+01 1.000000000000000222e+00 1.050000000000000065e-02 7.141223187966347277e-15
-5.042271999999999821e+01 9.999944469785613244e-01 9.599999999999999159e-03 1.378624698969513514e-03
-5.042279000000000622e+01 9.999958352339211043e-01 9.700000000000000289e-03 1.200126255985214507e-03
-5.042250999999999550e+01 9.999902822124823176e-01 9.299999999999999239e-03 1.795026799834983314e-03
-5.042300000000000892e+01 1.000000000000000222e+00 1.129999999999999928e-02 7.141223187966347277e-15
-5.042300000000000892e+01 1.000000000000000222e+00 1.009999999999999960e-02 7.141223187966347277e-15
-5.042300000000000892e+01 1.000000000000000222e+00 1.170000000000000033e-02 7.141223187966347277e-15
-5.042300000000000892e+01 1.000000000000000222e+00 1.009999999999999960e-02 7.141223187966347277e-15
-5.042300000000000892e+01 1.000000000000000222e+00 1.170000000000000033e-02 7.141223187966347277e-15
-5.042300000000000892e+01 1.000000000000000222e+00 1.030000000000000013e-02 7.141223187966347277e-15
-5.042300000000000892e+01 1.000000000000000222e+00 1.129999999999999928e-02 7.141223187966347277e-15
-5.042300000000000892e+01 1.000000000000000222e+00 1.000000000000000021e-02 7.141223187966347277e-15
-5.042300000000000892e+01 1.000000000000000222e+00 1.099999999999999936e-02 7.141223187966347277e-15
-5.042300000000000892e+01 1.000000000000000222e+00 1.030000000000000013e-02 7.141223187966347277e-15
-5.042300000000000892e+01 1.000000000000000222e+00 1.239999999999999956e-02 7.141223187966347277e-15
-5.042300000000000892e+01 1.000000000000000222e+00 1.080000000000000057e-02 7.141223187966347277e-15
-5.042265000000000441e+01 9.999930587232017665e-01 9.499999999999999764e-03 1.533300394904228486e-03
-5.042300000000000892e+01 1.000000000000000222e+00 1.020000000000000073e-02 7.141223187966347277e-15
-5.042300000000000892e+01 1.000000000000000222e+00 1.140000000000000041e-02 7.141223187966347277e-15
-5.042300000000000892e+01 1.000000000000000222e+00 1.039999999999999952e-02 7.141223187966347277e-15
-5.042300000000000892e+01 1.000000000000000222e+00 1.089999999999999997e-02 7.141223187966347277e-15
-5.042293000000000092e+01 9.999986117446403311e-01 9.900000000000000813e-03 7.000000000004981838e-04
-5.042293000000000092e+01 9.999986117446403311e-01 9.900000000000000813e-03 7.000000000004981838e-04
-5.042300000000000892e+01 1.000000000000000222e+00 1.009999999999999960e-02 7.141223187966347277e-15
-5.042244000000000170e+01 9.999888939571227597e-01 9.199999999999999845e-03 1.908619470411399358e-03
-5.042250999999999550e+01 9.999902822124823176e-01 9.299999999999999239e-03 1.795026799834983314e-03
-5.042300000000000892e+01 1.000000000000000222e+00 1.110000000000000049e-02 7.141223187966347277e-15
-5.042265000000000441e+01 9.999930587232017665e-01 9.499999999999999764e-03 1.533300394904228486e-03
-5.042300000000000892e+01 1.000000000000000222e+00 1.089999999999999997e-02 7.141223187966347277e-15
-5.042300000000000892e+01 1.000000000000000222e+00 1.099999999999999936e-02 7.141223187966347277e-15
-5.042300000000000892e+01 1.000000000000000222e+00 1.089999999999999997e-02 7.141223187966347277e-15
-5.042300000000000892e+01 1.000000000000000222e+00 1.020000000000000073e-02 7.141223187966347277e-15
-5.042181000000000068e+01 9.999763996588858506e-01 8.300000000000000086e-03 2.642676176482346585e-03
-5.042300000000000892e+01 1.000000000000000222e+00 1.030000000000000013e-02 7.141223187966347277e-15
-5.042300000000000892e+01 1.000000000000000222e+00 1.020000000000000073e-02 7.141223187966347277e-15
-5.042244000000000170e+01 9.999888939571227597e-01 9.199999999999999845e-03 1.908619470411399358e-03
-5.042300000000000892e+01 1.000000000000000222e+00 1.009999999999999960e-02 7.141223187966347277e-15
-5.042250999999999550e+01 9.999902822124823176e-01 9.299999999999999239e-03 1.795026799834983314e-03
-5.042300000000000892e+01 1.000000000000000222e+00 1.129999999999999928e-02 7.141223187966347277e-15
-5.042300000000000892e+01 1.000000000000000222e+00 1.039999999999999952e-02 7.141223187966347277e-15
-5.042300000000000892e+01 1.000000000000000222e+00 1.230000000000000017e-02 7.141223187966347277e-15
-5.042271999999999821e+01 9.999944469785613244e-01 9.599999999999999159e-03 1.378624698969513514e-03
-5.042300000000000892e+01 1.000000000000000222e+00 1.119999999999999989e-02 7.141223187966347277e-15
-5.042300000000000892e+01 1.000000000000000222e+00 1.060000000000000005e-02 7.141223187966347277e-15
-5.042244000000000170e+01 9.999888939571227597e-01 9.199999999999999845e-03 1.908619470411399358e-03
-5.042300000000000892e+01 1.000000000000000222e+00 1.060000000000000005e-02 7.141223187966347277e-15
-5.042300000000000892e+01 1.000000000000000222e+00 1.119999999999999989e-02 7.141223187966347277e-15
-5.042244000000000170e+01 9.999888939571227597e-01 9.199999999999999845e-03 1.908619470411399358e-03
-5.042300000000000892e+01 1.000000000000000222e+00 1.099999999999999936e-02 7.141223187966347277e-15
-5.042300000000000892e+01 1.000000000000000222e+00 1.050000000000000065e-02 7.141223187966347277e-15
-5.042300000000000892e+01 1.000000000000000222e+00 1.080000000000000057e-02 7.141223187966347277e-15
-5.042300000000000892e+01 1.000000000000000222e+00 1.099999999999999936e-02 7.141223187966347277e-15
-5.042250999999999550e+01 9.999902822124823176e-01 9.299999999999999239e-03 1.795026799834983314e-03
-5.042300000000000892e+01 1.000000000000000222e+00 1.129999999999999928e-02 7.141223187966347277e-15
-5.042279000000000622e+01 9.999958352339211043e-01 9.700000000000000289e-03 1.200126255985214507e-03
-5.042250999999999550e+01 9.999902822124823176e-01 9.299999999999999239e-03 1.795026799834983314e-03
-5.042300000000000892e+01 1.000000000000000222e+00 1.129999999999999928e-02 7.141223187966347277e-15
-5.042300000000000892e+01 1.000000000000000222e+00 1.209999999999999964e-02 7.141223187966347277e-15
-5.042265000000000441e+01 9.999930587232017665e-01 9.499999999999999764e-03 1.533300394904228486e-03
-5.042300000000000892e+01 1.000000000000000222e+00 1.110000000000000049e-02 7.141223187966347277e-15
-5.042300000000000892e+01 1.000000000000000222e+00 1.089999999999999997e-02 7.141223187966347277e-15
-5.042300000000000892e+01 1.000000000000000222e+00 1.140000000000000041e-02 7.141223187966347277e-15
-5.042300000000000892e+01 1.000000000000000222e+00 1.080000000000000057e-02 7.141223187966347277e-15
-5.042279000000000622e+01 9.999958352339211043e-01 9.700000000000000289e-03 1.200126255985214507e-03
-5.042300000000000892e+01 1.000000000000000222e+00 1.000000000000000021e-02 7.141223187966347277e-15
-5.042300000000000892e+01 1.000000000000000222e+00 1.020000000000000073e-02 7.141223187966347277e-15
-5.042300000000000892e+01 1.000000000000000222e+00 1.080000000000000057e-02 7.141223187966347277e-15
-5.042300000000000892e+01 1.000000000000000222e+00 1.060000000000000005e-02 7.141223187966347277e-15
-5.042300000000000892e+01 1.000000000000000222e+00 1.269999999999999948e-02 7.141223187966347277e-15
-5.042195000000000249e+01 9.999791761696051884e-01 8.500000000000000611e-03 2.512091968980252089e-03
-5.042229999999999990e+01 9.999861174464034219e-01 8.999999999999999320e-03 2.110579412045854482e-03
-5.042271999999999821e+01 9.999944469785613244e-01 9.599999999999999159e-03 1.378624698969513514e-03
-5.042300000000000892e+01 1.000000000000000222e+00 1.179999999999999973e-02 7.141223187966347277e-15
-5.042258000000000351e+01 9.999916704678420976e-01 9.400000000000000369e-03 1.670782796032787860e-03
-5.042222999999999900e+01 9.999847291910437530e-01 8.899999999999999925e-03 2.201262264148114243e-03
-5.042300000000000892e+01 1.000000000000000222e+00 1.060000000000000005e-02 7.141223187966347277e-15
-5.042300000000000892e+01 1.000000000000000222e+00 1.060000000000000005e-02 7.141223187966347277e-15
-5.042216000000000520e+01 9.999833409356841951e-01 8.800000000000000530e-03 2.286190426599266339e-03
-5.042300000000000892e+01 1.000000000000000222e+00 1.159999999999999920e-02 7.141223187966347277e-15
-5.042222999999999900e+01 9.999847291910437530e-01 8.899999999999999925e-03 2.201262264148114243e-03
-5.042300000000000892e+01 1.000000000000000222e+00 1.129999999999999928e-02 7.141223187966347277e-15
-5.042258000000000351e+01 9.999916704678420976e-01 9.400000000000000369e-03 1.670782796032787860e-03
-5.042271999999999821e+01 9.999944469785613244e-01 9.599999999999999159e-03 1.378624698969513514e-03
-5.042293000000000092e+01 9.999986117446403311e-01 9.900000000000000813e-03 7.000000000004981838e-04
-5.042300000000000892e+01 1.000000000000000222e+00 1.060000000000000005e-02 7.141223187966347277e-15
-5.042300000000000892e+01 1.000000000000000222e+00 1.280000000000000061e-02 7.141223187966347277e-15
-5.042300000000000892e+01 1.000000000000000222e+00 1.230000000000000017e-02 7.141223187966347277e-15
-5.042300000000000892e+01 1.000000000000000222e+00 1.170000000000000033e-02 7.141223187966347277e-15
-5.042237000000000080e+01 9.999875057017630908e-01 9.100000000000000450e-03 2.013364438854068229e-03
-5.042173999999999978e+01 9.999750114035261817e-01 8.200000000000000691e-03 2.702860437659515037e-03
-5.042300000000000892e+01 1.000000000000000222e+00 1.089999999999999997e-02 7.141223187966347277e-15
-5.042300000000000892e+01 1.000000000000000222e+00 1.039999999999999952e-02 7.141223187966347277e-15
-5.042216000000000520e+01 9.999833409356841951e-01 8.800000000000000530e-03 2.286190426599266339e-03
-5.042293000000000092e+01 9.999986117446403311e-01 9.900000000000000813e-03 7.000000000004981838e-04
-5.042237000000000080e+01 9.999875057017630908e-01 9.100000000000000450e-03 2.013364438854068229e-03
-5.042300000000000892e+01 1.000000000000000222e+00 1.009999999999999960e-02 7.141223187966347277e-15
-5.042216000000000520e+01 9.999833409356841951e-01 8.800000000000000530e-03 2.286190426599266339e-03
-5.042300000000000892e+01 1.000000000000000222e+00 1.039999999999999952e-02 7.141223187966347277e-15
-5.042250999999999550e+01 9.999902822124823176e-01 9.299999999999999239e-03 1.795026799834983314e-03
-5.042244000000000170e+01 9.999888939571227597e-01 9.199999999999999845e-03 1.908619470411399358e-03
-5.042208999999999719e+01 9.999819526803244152e-01 8.699999999999999400e-03 2.365983682929108985e-03
-5.042300000000000892e+01 1.000000000000000222e+00 1.030000000000000013e-02 7.141223187966347277e-15
-5.042300000000000892e+01 1.000000000000000222e+00 1.080000000000000057e-02 7.141223187966347277e-15
-5.042300000000000892e+01 1.000000000000000222e+00 1.050000000000000065e-02 7.141223187966347277e-15
-5.042279000000000622e+01 9.999958352339211043e-01 9.700000000000000289e-03 1.200126255985214507e-03
-5.042300000000000892e+01 1.000000000000000222e+00 1.099999999999999936e-02 7.141223187966347277e-15
-5.042300000000000892e+01 1.000000000000000222e+00 1.030000000000000013e-02 7.141223187966347277e-15
-5.042244000000000170e+01 9.999888939571227597e-01 9.199999999999999845e-03 1.908619470411399358e-03
-5.042300000000000892e+01 1.000000000000000222e+00 1.099999999999999936e-02 7.141223187966347277e-15
-5.042265000000000441e+01 9.999930587232017665e-01 9.499999999999999764e-03 1.533300394904228486e-03
