-3.127421800000000118e+01 2.402521116211181196e-01 0.000000000000000000e+00 4.161397111460126474e+00
-2.940519600000001077e+01 2.258940713284296464e-01 0.000000000000000000e+00 3.841994095608542992e+00
-2.939217800000002967e+01 2.257940655668441987e-01 0.000000000000000000e+00 3.250713654282298304e+00
-3.039124800000000803e+01 2.334690353185197020e-01 0.000000000000000000e+00 3.473539361378601864e+00
-2.941129200000001020e+01 2.259409014960917783e-01 0.000000000000000000e+00 3.615464089848750895e+00
-3.144828200000000251e+01 2.415892911329197701e-01 0.000000000000000000e+00 3.729358949446156313e+00
-2.993307800000001251e+01 2.299493210931649045e-01 0.000000000000000000e+00 3.388745024031012854e+00
-3.167056000000002314e+01 2.432968560947974535e-01 0.000000000000000000e+00 3.754237964775490433e+00
-2.989213400000001286e+01 2.296347846127254899e-01 0.000000000000000000e+00 2.710787990406725800e+00
-2.987306800000003548e+01 2.294883174249555957e-01 0.000000000000000000e+00 3.703528225046102129e+00
-3.078258800000002182e+01 2.364753538573816927e-01 0.000000000000000000e+00 3.216819876058661265e+00
-3.032419800000001331e+01 2.329539495669208926e-01 0.000000000000000000e+00 3.576670319464371861e+00
-2.967359000000001856e+01 2.279559046649639042e-01 0.000000000000000000e+00 3.108661298076974333e+00
-3.080713000000000434e+01 2.366638883020607265e-01 0.000000000000000000e+00 3.479737577516993863e+00
-2.948896600000001555e+01 2.265376020280782110e-01 0.000000000000000000e+00 3.761214621143955661e+00
-3.000777600000001044e+01 2.305231596535367022e-01 0.000000000000000000e+00 3.568675718818515197e+00
-3.086307600000003148e+01 2.370936718584956693e-01 0.000000000000000000e+00 3.299456352437535767e+00
-3.039278800000003500e+01 2.334808657742613314e-01 0.000000000000000000e+00 2.936567796130150843e+00
-3.017280800000001761e+01 2.317909543106264070e-01 0.000000000000000000e+00 3.722471797606498711e+00
-3.040946200000000132e+01 2.336089573450613466e-01 0.000000000000000000e+00 3.315745615700390392e+00
-3.096027400000001251e+01 2.378403579865179529e-01 0.000000000000000000e+00 3.163991501815324625e+00
-2.989697600000002353e+01 2.296719814092839929e-01 0.000000000000000000e+00 3.596263676671310971e+00
-3.082800600000001268e+01 2.368242601163841055e-01 0.000000000000000000e+00 3.502699708055505567e+00
-3.096181400000000750e+01 2.378521884422593324e-01 0.000000000000000000e+00 3.964386595857949391e+00
-3.101040400000002251e+01 2.382254623672436233e-01 0.000000000000000000e+00 3.299147280153684747e+00
-3.086659800000001042e+01 2.371207282644184344e-01 0.000000000000000000e+00 2.891510747764982181e+00
-3.049041800000002311e+01 2.342308705755825615e-01 0.000000000000000000e+00 3.346138882576589868e+00
-2.908643000000001066e+01 2.234452745395533457e-01 0.000000000000000000e+00 3.041896284483669888e+00
-3.104066400000002801e+01 2.384579231404484467e-01 0.000000000000000000e+00 4.032288611642251830e+00
-2.990491000000001520e+01 2.297329313026945929e-01 0.000000000000000000e+00 3.445335835487294052e+00
-2.992697200000001700e+01 2.299024141043616298e-01 0.000000000000000000e+00 3.300964133112774590e+00
-2.963913000000002995e+01 2.276911790124644397e-01 0.000000000000000000e+00 3.499858576464558002e+00
-3.056663600000001324e+01 2.348163859494133421e-01 0.000000000000000000e+00 3.429957927813357177e+00
-3.069590600000003988e+01 2.358094528414222402e-01 0.000000000000000000e+00 3.162644251984421562e+00
-3.052147000000002208e+01 2.344694155831686389e-01 0.000000000000000000e+00 3.915015931530982929e+00
-3.079524000000002104e+01 2.365725479652001639e-01 0.000000000000000000e+00 2.867457245249410036e+00
-3.193102599999999569e+01 2.452977856306054749e-01 0.000000000000000000e+00 3.620561942617094964e+00
-3.132208200000002307e+01 2.406198083312529046e-01 0.000000000000000000e+00 3.192110814903239113e+00
-3.127247000000003396e+01 2.402386832856404364e-01 0.000000000000000000e+00 3.237016666327315662e+00
-3.007467600000002150e+01 2.310370930880179530e-01 0.000000000000000000e+00 3.632822454522770972e+00
-2.892753000000002217e+01 2.222245866062341757e-01 0.000000000000000000e+00 2.757238554636090466e+00
-3.054728000000001842e+01 2.346676909485491680e-01 0.000000000000000000e+00 3.511075368089389137e+00
-3.005093600000001430e+01 2.308547196988612049e-01 0.000000000000000000e+00 3.937486752583647220e+00
-3.171984400000001969e+01 2.436754614069793212e-01 0.000000000000000000e+00 3.573402169970163911e+00
-3.244024000000000996e+01 2.492096256889896611e-01 0.000000000000000000e+00 3.660626535819718974e+00
-3.043421200000000226e+01 2.337990896694770449e-01 0.000000000000000000e+00 3.566850702283430152e+00
-3.204072600000002069e+01 2.461405135493289209e-01 0.000000000000000000e+00 3.373405952824162668e+00
-3.116043800000000985e+01 2.393780406767943014e-01 0.000000000000000000e+00 4.018026619185194548e+00
-3.193697200000001857e+01 2.453434634811501314e-01 0.000000000000000000e+00 3.045847651935999600e+00
-3.216320600000002372e+01 2.470814188864777217e-01 0.000000000000000000e+00 3.577364972861245995e+00
-3.126429000000000968e+01 2.401758435921566015e-01 0.000000000000000000e+00 3.241462004897160298e+00
-3.220007800000003328e+01 2.473646737982294896e-01 0.000000000000000000e+00 3.245264447476748693e+00
-3.205089000000002386e+01 2.462185945572223089e-01 0.000000000000000000e+00 2.991312688351880134e+00
-3.260262200000000377e+01 2.504570627436670804e-01 0.000000000000000000e+00 3.744129049068256609e+00
-3.286415400000000631e+01 2.524661814131249349e-01 0.000000000000000000e+00 3.384327092611146615e+00
-3.194474400000001424e+01 2.454031688720736681e-01 0.000000000000000000e+00 2.816698474065340463e+00
-3.179760400000001752e+01 2.442728226007798431e-01 0.000000000000000000e+00 3.837180727637088395e+00
-3.255624600000001578e+01 2.501007970193397933e-01 0.000000000000000000e+00 3.867661638115921452e+00
-3.179512200000001343e+01 2.442537555935394289e-01 0.000000000000000000e+00 3.145475051580789660e+00
-3.205363200000000035e+01 2.462396589141331582e-01 0.000000000000000000e+00 3.369083525199952245e+00
-3.210489800000002703e+01 2.466334901764967447e-01 0.000000000000000000e+00 3.651540382032234522e+00
-3.267704600000001847e+01 2.510287964047707154e-01 0.000000000000000000e+00 3.398133977995582367e+00
-3.264379200000001902e+01 2.507733353818972222e-01 0.000000000000000000e+00 3.189213429566809310e+00
-3.203451200000002075e+01 2.460927768922008541e-01 0.000000000000000000e+00 3.283122116549699321e+00
-3.333361600000001346e+01 2.560726420710980333e-01 0.000000000000000000e+00 3.757671924243315864e+00
-3.186636600000002417e+01 2.448010601317484047e-01 0.000000000000000000e+00 3.047524804026302547e+00
-3.244629000000001184e+01 2.492561024794023861e-01 0.000000000000000000e+00 3.293800832647826304e+00
-3.283002800000002708e+01 2.522040215867408786e-01 0.000000000000000000e+00 4.158235047361689141e+00
-3.345074600000003073e+01 2.569724480977166881e-01 0.000000000000000000e+00 3.265048995360567474e+00
-3.220756200000001712e+01 2.474221667402870251e-01 0.000000000000000000e+00 3.157066428073487696e+00
-3.378993400000000236e+01 2.595781290211066072e-01 0.000000000000000000e+00 3.027965564840958468e+00
-3.434433000000002778e+01 2.638370623595615583e-01 0.000000000000000000e+00 3.781782395373852523e+00
-3.397418200000002741e+01 2.609935431830841535e-01 0.000000000000000000e+00 2.821516450220456829e+00
-3.427114600000003719e+01 2.632748545199641299e-01 0.000000000000000000e+00 3.621065726473131630e+00
-3.389961200000002606e+01 2.604206879333194058e-01 0.000000000000000000e+00 3.858977839259373432e+00
-3.395869200000002053e+01 2.608745472353993233e-01 0.000000000000000000e+00 3.311865410811449806e+00
-3.435090800000001110e+01 2.638875953062283508e-01 0.000000000000000000e+00 3.236859241522606734e+00
-3.447302200000000028e+01 2.648256889896098976e-01 0.000000000000000000e+00 3.392885607171201912e+00
-3.392788200000003940e+01 2.606378612994298960e-01 0.000000000000000000e+00 3.492270446918479987e+00
-3.405433800000001554e+01 2.616093107223108616e-01 0.000000000000000000e+00 3.538627417481746473e+00
-3.379419000000002171e+01 2.596108240987921034e-01 0.000000000000000000e+00 3.261862938536501222e+00
-3.386291400000002483e+01 2.601387697094241780e-01 0.000000000000000000e+00 3.789211035202047384e+00
-3.268488800000001504e+01 2.510890395436825018e-01 0.000000000000000000e+00 3.440110660989634361e+00
-3.371813800000002459e+01 2.590265839559048322e-01 0.000000000000000000e+00 3.576065752417329158e+00
-3.443513400000001923e+01 2.645346290499146491e-01 0.000000000000000000e+00 3.088292755926333566e+00
-3.440273200000002163e+01 2.642857131882695443e-01 0.000000000000000000e+00 3.329504979704152046e+00
-3.326239400000002178e+01 2.555255065393997604e-01 0.000000000000000000e+00 2.834784313453497795e+00
-3.272594000000000136e+01 2.514044056924465420e-01 0.000000000000000000e+00 3.354838304252049319e+00
-3.459948400000003232e+01 2.657971845051760318e-01 0.000000000000000000e+00 3.148567873603951739e+00
-3.474298000000000997e+01 2.668995371526244331e-01 0.000000000000000000e+00 3.650945723778949326e+00
-3.561341400000002722e+01 2.735863104726422579e-01 0.000000000000000000e+00 3.283087526163213088e+00
-3.545632200000001433e+01 2.723795118016478778e-01 0.000000000000000000e+00 3.692536696810051478e+00
-3.533085599999999715e+01 2.714156676717431882e-01 0.000000000000000000e+00 3.604007270430675813e+00
-3.542673199999998701e+01 2.721521980449018163e-01 0.000000000000000000e+00 3.880379402851835469e+00
-3.546209800000003298e+01 2.724238836927924678e-01 0.000000000000000000e+00 3.424096388770608179e+00
-3.580404400000002596e+01 2.750507518869194645e-01 0.000000000000000000e+00 3.154647200057769219e+00
-3.415433400000003417e+01 2.623774914056350438e-01 0.000000000000000000e+00 3.413222490986155488e+00
-3.410059000000003238e+01 2.619646238644877112e-01 0.000000000000000000e+00 3.127074217978759840e+00
-3.570520200000001410e+01 2.742914363632872332e-01 0.000000000000000000e+00 3.599899130853417617e+00
-3.365610800000001035e+01 2.585500624171772621e-01 0.000000000000000000e+00 3.871176479220326705e+00
-3.540006000000000341e+01 2.719473006971518392e-01 0.000000000000000000e+00 3.265377155997311043e+00
-3.455655800000001676e+01 2.654674220745550373e-01 0.000000000000000000e+00 3.414164305372072494e+00
-3.520676400000002104e+01 2.704623787666367019e-01 0.000000000000000000e+00 3.396996878335065251e+00
-3.544254600000001432e+01 2.722736829975609951e-01 0.000000000000000000e+00 3.019741495907398043e+00
-3.575868200000002872e+01 2.747022758263075737e-01 0.000000000000000000e+00 3.115910399911844042e+00
-3.546437000000002371e+01 2.724413374560680778e-01 0.000000000000000000e+00 3.197368719491675115e+00
-3.529737000000001501e+01 2.711584243983945486e-01 0.000000000000000000e+00 3.030177530469397418e+00
-3.463499800000000306e+01 2.660700071059555749e-01 0.000000000000000000e+00 3.093138263637071450e+00
-3.532678600000001978e+01 2.713844014672839311e-01 0.000000000000000000e+00 3.807135208256128056e+00
-3.581989999999999696e+01 2.751725594883711601e-01 0.000000000000000000e+00 3.492144179049989638e+00
-3.532543200000002770e+01 2.713739998847684576e-01 0.000000000000000000e+00 3.191843364960192275e+00
-3.533611800000002034e+01 2.714560909562312996e-01 0.000000000000000000e+00 3.798044046648062277e+00
-3.336875800000000680e+01 2.563426069254258755e-01 0.000000000000000000e+00 3.715945096124282365e+00
-3.485715000000001851e+01 2.677766041214543202e-01 0.000000000000000000e+00 2.988807922411660822e+00
-3.459760400000001823e+01 2.657827421306344640e-01 0.000000000000000000e+00 3.038650316878641178e+00
-3.577582800000001129e+01 2.748339933549713288e-01 0.000000000000000000e+00 3.466916045636367461e+00
-3.542694200000003235e+01 2.721538112888668981e-01 0.000000000000000000e+00 3.491960115048117874e+00
-3.451964600000001582e+01 2.651838598782385592e-01 0.000000000000000000e+00 3.247497240391048479e+00
-3.637340200000002710e+01 2.794246250168048173e-01 0.000000000000000000e+00 3.289627041400150720e+00
-3.613877800000001628e+01 2.776222166740288100e-01 0.000000000000000000e+00 3.165331259208301162e+00
-3.493130400000002567e+01 2.683462636117461275e-01 0.000000000000000000e+00 2.915305324547906363e+00
-3.592056999999998368e+01 2.759459179166104947e-01 0.000000000000000000e+00 3.245730307059047082e+00
-3.596789800000003368e+01 2.763094970135783757e-01 0.000000000000000000e+00 3.258102635496663346e+00
-3.447639600000002957e+01 2.648516084426436046e-01 0.000000000000000000e+00 2.919677035063081405e+00
-3.431975200000000825e+01 2.636482513587739551e-01 0.000000000000000000e+00 3.359802147568221820e+00
-3.701027200000002182e+01 2.843171330350113823e-01 0.000000000000000000e+00 3.910226829972187179e+00
-3.610567200000002686e+01 2.773678926040448189e-01 0.000000000000000000e+00 3.101423987447565089e+00
-3.747882200000002939e+01 2.879165876049090689e-01 0.000000000000000000e+00 3.217991618711423918e+00
-3.671521400000001023e+01 2.820504638076399284e-01 0.000000000000000000e+00 3.414110773235577323e+00
-3.650706400000001395e+01 2.804514317540187651e-01 0.000000000000000000e+00 3.621379269733641770e+00
-3.647169000000003081e+01 2.801796846492156656e-01 0.000000000000000000e+00 3.348409343979389607e+00
-3.571445400000000348e+01 2.743625112831051260e-01 0.000000000000000000e+00 3.670377546413469361e+00
-3.603630200000003470e+01 2.768349843476927141e-01 0.000000000000000000e+00 2.869682940920494918e+00
-3.738965800000003270e+01 2.872316195817091189e-01 0.000000000000000000e+00 3.396419253878586009e+00
-3.630156200000002542e+01 2.788727419385816364e-01 0.000000000000000000e+00 3.590244794185736055e+00
-3.709222800000001286e+01 2.849467283796501271e-01 0.000000000000000000e+00 3.006591617220974122e+00
-3.707342200000002208e+01 2.848022585415507790e-01 0.000000000000000000e+00 4.293953013616645720e+00
-3.765967200000002890e+01 2.893058979431141209e-01 0.000000000000000000e+00 2.952235811667647258e+00
-3.761347400000001784e+01 2.889509996350996812e-01 0.000000000000000000e+00 2.718856876347971241e+00
-3.827909600000002399e+01 2.940643837984214803e-01 0.000000000000000000e+00 3.266710251778499163e+00
-3.764313600000002680e+01 2.891788665040621042e-01 0.000000000000000000e+00 3.456831195334007845e+00
-3.790268599999999566e+01 2.911727592233381845e-01 0.000000000000000000e+00 3.096502728381282488e+00
-3.839051200000003661e+01 2.949202942249709580e-01 0.000000000000000000e+00 3.692686523366767393e+00
-3.752792999999999779e+01 2.882938408650059792e-01 0.000000000000000000e+00 3.245860980035523813e+00
-3.939546600000003451e+01 3.026404655361157880e-01 0.000000000000000000e+00 3.557231510747444592e+00
-3.822540000000002181e+01 2.936518849987517776e-01 0.000000000000000000e+00 3.252207602614730408e+00
-3.819557800000002601e+01 2.934227889915306253e-01 0.000000000000000000e+00 3.584796858777779427e+00
-3.682446400000000608e+01 2.828897347750101154e-01 0.000000000000000000e+00 3.868546677587166638e+00
-3.823233200000001375e+01 2.937051374138163751e-01 0.000000000000000000e+00 3.175773346582631440e+00
-3.818076400000003190e+01 2.933089861529895037e-01 0.000000000000000000e+00 3.192546148041994769e+00
-3.938264600000002957e+01 3.025419808331254456e-01 0.000000000000000000e+00 2.970435365275057915e+00
-3.835647999999999769e+01 2.946588565173134944e-01 0.000000000000000000e+00 3.312581986452515892e+00
-3.783869400000000383e+01 2.906811653767116810e-01 0.000000000000000000e+00 3.441736617495019690e+00
-3.944294400000004686e+01 3.030051969502010056e-01 0.000000000000000000e+00 3.907772340130226674e+00
-3.894700400000002105e+01 2.991953292746165061e-01 0.000000000000000000e+00 3.917811556972008447e+00
-3.722115400000002694e+01 2.859371526244023909e-01 0.000000000000000000e+00 3.036805558458234522e+00
-3.768643600000000049e+01 2.895115020453628563e-01 0.000000000000000000e+00 3.198243293931178677e+00
-3.812531000000001313e+01 2.928829821967006142e-01 0.000000000000000000e+00 3.567878440355208181e+00
-3.721405800000001562e+01 2.858826403426223961e-01 0.000000000000000000e+00 2.804751382243705127e+00
-3.766770999999999958e+01 2.893676467763928173e-01 0.000000000000000000e+00 3.731129695135132707e+00
-3.732604200000002947e+01 2.867429142099907624e-01 0.000000000000000000e+00 3.180312135153727571e+00
-3.760962800000001494e+01 2.889214542242025674e-01 0.000000000000000000e+00 2.446564935796037066e+00
-3.808461000000002628e+01 2.925703201521060448e-01 0.000000000000000000e+00 2.991608499527376619e+00
-3.851132000000001909e+01 2.958483550673146611e-01 0.000000000000000000e+00 3.086444682049807042e+00
-3.795084000000001367e+01 2.915426837465671106e-01 0.000000000000000000e+00 3.397084199335326460e+00
-3.909046200000000937e+01 3.002973900017285036e-01 0.000000000000000000e+00 3.502614833531766614e+00
-3.847174200000001321e+01 2.955443123547600859e-01 0.000000000000000000e+00 2.915571951414463570e+00
-3.894152399999999403e+01 2.991532312892506984e-01 0.000000000000000000e+00 3.253501356848363280e+00
-3.977255400000002084e+01 3.055372985845706268e-01 0.000000000000000000e+00 3.561715371525581819e+00
-3.935839400000003252e+01 3.023556742015404697e-01 0.000000000000000000e+00 3.822794014373162241e+00
-3.915777800000000752e+01 3.008145191956826947e-01 0.000000000000000000e+00 3.200109463266037402e+00
-3.847945800000002237e+01 2.956035875472931562e-01 0.000000000000000000e+00 3.540022743098202973e+00
-3.851689200000001989e+01 2.958911598071790605e-01 0.000000000000000000e+00 3.685713023343027750e+00
-3.877683000000001101e+01 2.978880331867330700e-01 0.000000000000000000e+00 3.051539993316174648e+00
-3.915052600000003480e+01 3.007588085041005832e-01 0.000000000000000000e+00 3.051113338863356894e+00
-3.951760599999999357e+01 3.035787589544641785e-01 0.000000000000000000e+00 3.343606644553002827e+00
-3.976936200000001520e+01 3.055127772763065463e-01 0.000000000000000000e+00 3.300269958556344196e+00
-3.872505400000002851e+01 2.974902840461696729e-01 0.000000000000000000e+00 3.512382013329358177e+00
-3.817604000000000752e+01 2.932726958458968247e-01 0.000000000000000000e+00 2.986489626855103108e+00
-3.878570000000000562e+01 2.979561735389579247e-01 0.000000000000000000e+00 3.740631517470673018e+00
-3.861661800000001676e+01 2.966572663196913040e-01 0.000000000000000000e+00 3.517346818856106339e+00
-3.880348400000004716e+01 2.980927922564293175e-01 0.000000000000000000e+00 3.826111715823733661e+00
-3.872555400000001669e+01 2.974941251032284795e-01 0.000000000000000000e+00 3.325964299796254853e+00
-3.835182600000001685e+01 2.946231039582093980e-01 0.000000000000000000e+00 3.342199947794018744e+00
-3.728504000000000929e+01 2.864279321669324085e-01 0.000000000000000000e+00 2.638057369054782608e+00
-3.874180600000001107e+01 2.976189748218710518e-01 0.000000000000000000e+00 3.469802265428933552e+00
-3.878876200000001973e+01 2.979796961723867876e-01 0.000000000000000000e+00 3.791120861063107750e+00
-4.047654600000004166e+01 3.109454454665926959e-01 0.000000000000000000e+00 3.368313120219440293e+00
-3.945856000000003405e+01 3.031251608442645518e-01 0.000000000000000000e+00 3.589815735683604014e+00
-3.839012000000003866e+01 2.949172828362368048e-01 0.000000000000000000e+00 3.413965012750251660e+00
-3.916713400000000433e+01 3.008863930553688504e-01 0.000000000000000000e+00 3.434482327310784289e+00
-3.951728400000003205e+01 3.035762853137185524e-01 0.000000000000000000e+00 3.435961450105355919e+00
-3.992556600000002476e+01 3.067127542299642462e-01 0.000000000000000000e+00 3.238822791133790346e+00
-3.911609600000003439e+01 3.004943133150245194e-01 0.000000000000000000e+00 3.439209002431820927e+00
-3.907585400000002096e+01 3.001851696786956847e-01 0.000000000000000000e+00 3.145108667051043749e+00
-3.753679400000005018e+01 2.883619351245466089e-01 0.000000000000000000e+00 2.832893634966611618e+00
-3.877934800000004145e+01 2.979073767500818870e-01 0.000000000000000000e+00 3.023774793484649059e+00
-3.955009200000002068e+01 3.038283201136954270e-01 0.000000000000000000e+00 3.385950802045821995e+00
-3.918149000000001791e+01 3.009966774856441818e-01 0.000000000000000000e+00 2.941856765202836677e+00
-3.840987200000002844e+01 2.950690199542916337e-01 0.000000000000000000e+00 3.020145353786132247e+00
-3.942134600000002109e+01 3.028392786494844557e-01 0.000000000000000000e+00 3.555777470608767921e+00
-3.889032800000000378e+01 2.987599377748756391e-01 0.000000000000000000e+00 4.455156819380063027e+00
-3.892447800000002189e+01 2.990222819719988157e-01 0.000000000000000000e+00 3.323484494041965220e+00
-3.951841000000001003e+01 3.035849353742150480e-01 0.000000000000000000e+00 3.541472982183452078e+00
-3.974196799999999996e+01 3.053023334421632318e-01 0.000000000000000000e+00 3.429860906237652607e+00
-3.913281600000002669e+01 3.006227582630741635e-01 0.000000000000000000e+00 2.943768968781278694e+00
-4.043998000000001980e+01 3.106645412817608531e-01 0.000000000000000000e+00 3.141336077068307642e+00
-3.898364400000001240e+01 2.994768019358928224e-01 0.000000000000000000e+00 3.208444271999950637e+00
-3.898006000000001592e+01 2.994492692388946442e-01 0.000000000000000000e+00 2.916561085534908671e+00
-3.942484400000002154e+01 3.028661506846685447e-01 0.000000000000000000e+00 3.172638841254128206e+00
-3.907062600000002561e+01 3.001450075860878641e-01 0.000000000000000000e+00 3.664017435521018662e+00
-4.025359000000003107e+01 3.092326720313432475e-01 0.000000000000000000e+00 3.406090722040103991e+00
-3.923114400000002888e+01 3.013781251800497496e-01 0.000000000000000000e+00 3.319445586613657184e+00
-3.925585600000002273e+01 3.015679655841289053e-01 0.000000000000000000e+00 3.088838477071661259e+00
-3.983204400000001755e+01 3.059943075534388157e-01 0.000000000000000000e+00 3.466080716107127646e+00
-3.995600400000000008e+01 3.069465824194818060e-01 0.000000000000000000e+00 4.161641727863530704e+00
-3.963747800000003707e+01 3.044996293379940711e-01 0.000000000000000000e+00 2.957980256713535816e+00
-3.896685799999999489e+01 2.993478499683112082e-01 0.000000000000000000e+00 2.672076233155398217e+00
-4.011041000000003010e+01 3.081327469319558587e-01 0.000000000000000000e+00 2.974321608876603129e+00
-3.871168000000002962e+01 2.973875434519581695e-01 0.000000000000000000e+00 3.717193189665144004e+00
-3.907226200000001626e+01 3.001575755247845034e-01 0.000000000000000000e+00 3.745176007860584466e+00
-3.989575800000002204e+01 3.064837657723407105e-01 0.000000000000000000e+00 3.660230770811031764e+00
-3.984440600000001353e+01 3.060892738481630904e-01 0.000000000000000000e+00 3.275315840605484308e+00
-3.878451400000003702e+01 2.979470625516144611e-01 0.000000000000000000e+00 2.725756064328989314e+00
-3.858798600000002921e+01 2.964373120282703944e-01 0.000000000000000000e+00 3.372532958259933267e+00
-3.875915800000002065e+01 2.977522748660432761e-01 0.000000000000000000e+00 3.540798572632387842e+00
-3.794939800000002350e+01 2.915316061380093249e-01 0.000000000000000000e+00 2.792161863198298288e+00
-3.967671200000000908e+01 3.048010294032918455e-01 0.000000000000000000e+00 3.325249686053968645e+00
-4.008698200000002032e+01 3.079527703624038715e-01 0.000000000000000000e+00 3.038591451340172611e+00
-3.900386000000002440e+01 2.996321035548984435e-01 0.000000000000000000e+00 2.702989169438348327e+00
-3.954206200000002269e+01 3.037666327373294561e-01 0.000000000000000000e+00 3.473484988917957761e+00
-3.933901200000002518e+01 3.022067794657091189e-01 0.000000000000000000e+00 2.728843886229129545e+00
-3.970349600000002255e+01 3.050067871478231996e-01 0.000000000000000000e+00 2.943393772395697550e+00
-3.940764000000001488e+01 3.027339875933857671e-01 0.000000000000000000e+00 3.720040562122727934e+00
-3.930643200000000803e+01 3.019564961877508891e-01 0.000000000000000000e+00 3.574938592758756251e+00
-3.868517800000001472e+01 2.971839520636079812e-01 0.000000000000000000e+00 2.540132451473005037e+00
-3.927309600000002376e+01 3.017004052315198637e-01 0.000000000000000000e+00 3.172766728506713374e+00
-4.077029600000002318e+01 3.132020664886978611e-01 0.000000000000000000e+00 3.725985759335603831e+00
-4.034163000000001631e+01 3.099090053582747029e-01 0.000000000000000000e+00 3.332286358894861245e+00
-3.903327400000002712e+01 2.998580652595596030e-01 0.000000000000000000e+00 3.241047167684474317e+00
-3.913713200000002956e+01 3.006559142676066276e-01 0.000000000000000000e+00 3.714359687082857686e+00
-4.039192800000002137e+01 3.102954003341720779e-01 0.000000000000000000e+00 3.734049921922589999e+00
-4.003051600000002708e+01 3.075189921066279197e-01 0.000000000000000000e+00 2.812752964218722784e+00
-3.969053200000001169e+01 3.049071962203999120e-01 0.000000000000000000e+00 2.854643323856835835e+00
-4.068999600000000072e+01 3.125851927250379303e-01 0.000000000000000000e+00 3.754865928067420811e+00
-3.998508800000002594e+01 3.071700090264842808e-01 0.000000000000000000e+00 3.444771711287243576e+00
-4.140642200000001338e+01 3.180888590140007466e-01 0.000000000000000000e+00 3.990994024165565257e+00
-3.980702200000001056e+01 3.058020856939830390e-01 0.000000000000000000e+00 2.841366917437997852e+00
-4.078866800000002257e+01 3.133432022892701507e-01 0.000000000000000000e+00 3.062832981951398192e+00
-4.103529400000002880e+01 3.152378113656880143e-01 0.000000000000000000e+00 3.110228888060371233e+00
-4.116894000000002052e+01 3.162644951890761780e-01 0.000000000000000000e+00 3.107417939854452804e+00
-3.911566000000003385e+01 3.004909639132691823e-01 0.000000000000000000e+00 3.078454791454683814e+00
-3.905122800000003025e+01 2.999959899364307292e-01 0.000000000000000000e+00 2.756642081385366705e+00
-3.921509600000001683e+01 3.012548426126870904e-01 0.000000000000000000e+00 2.789732235075291555e+00
-3.992732400000002002e+01 3.067262593865833220e-01 0.000000000000000000e+00 3.637586790165127759e+00
-4.048228600000003752e+01 3.109895408016288831e-01 0.000000000000000000e+00 3.570215274527389848e+00
-4.081404600000000471e+01 3.135381589813516778e-01 0.000000000000000000e+00 3.312950887976677361e+00
-4.020180000000001996e+01 3.088348153411820118e-01 0.000000000000000000e+00 2.881286326864051617e+00
-3.967293600000001419e+01 3.047720217403830367e-01 0.000000000000000000e+00 3.506261569800892541e+00
-4.162623000000000673e+01 3.197774491540071873e-01 0.000000000000000000e+00 2.969002625904238357e+00
-4.076828400000000840e+01 3.131866100750926862e-01 0.000000000000000000e+00 3.165760852097123657e+00
-4.057609200000001692e+01 3.117101691985635359e-01 0.000000000000000000e+00 3.280635590909083632e+00
-4.149709400000002546e+01 3.187854116652904524e-01 0.000000000000000000e+00 3.002507027950630736e+00
-4.113601800000001418e+01 3.160115846280897034e-01 0.000000000000000000e+00 2.635214871977408446e+00
-4.130843000000002974e+01 3.173360732873689027e-01 0.000000000000000000e+00 3.699310723279910729e+00
-3.971708000000000993e+01 3.051111409859993961e-01 0.000000000000000000e+00 2.790847517703306302e+00
-4.057718400000001679e+01 3.117185580671801848e-01 0.000000000000000000e+00 2.942499578288204631e+00
-4.176113600000000758e+01 3.208138124411838432e-01 0.000000000000000000e+00 3.641101807867580309e+00
-4.317726200000004155e+01 3.316926539783751071e-01 0.000000000000000000e+00 3.415771579273669367e+00
-4.200648600000003796e+01 3.226986191399875969e-01 0.000000000000000000e+00 3.469279424761681607e+00
-4.197459000000002760e+01 3.224535904280859677e-01 0.000000000000000000e+00 3.016929454802105059e+00
-4.088716400000002693e+01 3.140998598014175247e-01 0.000000000000000000e+00 3.031761442985868804e+00
-4.157637400000002259e+01 3.193944496725500404e-01 0.000000000000000000e+00 3.119621776175419470e+00
-4.265242000000002065e+01 3.276607578405578702e-01 0.000000000000000000e+00 3.563677905498954246e+00
-4.353488800000003778e+01 3.344399777218692860e-01 0.000000000000000000e+00 4.196595719988555295e+00
-4.121360400000002500e+01 3.166076091340338516e-01 0.000000000000000000e+00 3.349429534238976380e+00
-4.198489800000002248e+01 3.225327776604122731e-01 0.000000000000000000e+00 3.654890314151822306e+00
-4.158339200000002478e+01 3.194483627494287825e-01 0.000000000000000000e+00 3.011486439969002227e+00
-4.283370400000001865e+01 3.290534022162900363e-01 0.000000000000000000e+00 4.396707330800073699e+00
-4.273217400000001476e+01 3.282734371699092546e-01 0.000000000000000000e+00 3.138368167837056966e+00
-4.383176600000001599e+01 3.367206283969349512e-01 0.000000000000000000e+00 4.254974411066689832e+00
-4.313405400000002032e+01 3.313607251915728358e-01 0.000000000000000000e+00 4.089973112243248110e+00
-4.258266800000001950e+01 3.271249150166126718e-01 0.000000000000000000e+00 3.513673650324665498e+00
-4.173073800000002365e+01 3.205802915362309102e-01 0.000000000000000000e+00 3.097806324220381935e+00
-4.221417400000002829e+01 3.242941020568862465e-01 0.000000000000000000e+00 3.154884542753513710e+00
-4.241653000000001583e+01 3.258486239413087571e-01 0.000000000000000000e+00 3.158846108513791329e+00
-4.285690000000001021e+01 3.292315965353665996e-01 0.000000000000000000e+00 3.097188934788734915e+00
-4.278397400000001483e+01 3.286713706812115499e-01 0.000000000000000000e+00 3.641960737051713526e+00
-4.238486400000005005e+01 3.256053621156545508e-01 0.000000000000000000e+00 2.785116574733008221e+00
-4.173882200000002030e+01 3.206423937467592356e-01 0.000000000000000000e+00 3.431963685133740949e+00
-4.240566400000004421e+01 3.257651500893049001e-01 0.000000000000000000e+00 4.124398862289698542e+00
-4.238895600000002162e+01 3.256367973266244276e-01 0.000000000000000000e+00 3.195270053692527146e+00
-4.303201800000005761e+01 3.305768729954487450e-01 0.000000000000000000e+00 3.579033167464942711e+00
-4.200781200000000837e+01 3.227088056233075597e-01 0.000000000000000000e+00 2.806249258001926705e+00
-4.209371000000001573e+01 3.233686838617988446e-01 0.000000000000000000e+00 3.173134284866931942e+00
-4.253764200000000528e+01 3.267790201463443012e-01 0.000000000000000000e+00 2.405362357262067707e+00
-4.151933600000004532e+01 3.189562772474988095e-01 0.000000000000000000e+00 2.739627483249088780e+00
-4.223449400000004061e+01 3.244502026157601304e-01 0.000000000000000000e+00 2.934640618398708600e+00
-4.222519399999999479e+01 3.243787589544642191e-01 0.000000000000000000e+00 2.813343729616723632e+00
-4.141111200000002412e+01 3.181248881292133013e-01 0.000000000000000000e+00 3.083994718886069908e+00
-4.287145800000002538e+01 3.293434327526936767e-01 0.000000000000000000e+00 3.991444563927331934e+00
-4.351921600000000723e+01 3.343195836294148293e-01 0.000000000000000000e+00 3.667344712093092873e+00
-4.221850599999999787e+01 3.243273809752443282e-01 0.000000000000000000e+00 2.927888530396654421e+00
-4.405647600000002484e+01 3.384468762603470293e-01 0.000000000000000000e+00 3.392362492218380599e+00
-4.246684000000003323e+01 3.262351111025756367e-01 0.000000000000000000e+00 2.868928379740562029e+00
-4.279079200000003169e+01 3.287237473352668804e-01 0.000000000000000000e+00 3.118633526767578878e+00
-4.243420200000004172e+01 3.259843822619987730e-01 0.000000000000000000e+00 3.857154996819664561e+00
-4.320297400000001886e+01 3.318901764965719869e-01 0.000000000000000000e+00 3.533906290955740825e+00
-4.259154600000005786e+01 3.271931168257508626e-01 0.000000000000000000e+00 3.100890436190314681e+00
-4.366446800000002071e+01 3.354354260692543610e-01 0.000000000000000000e+00 2.895307794767320253e+00
-4.302580400000003635e+01 3.305291363383205394e-01 0.000000000000000000e+00 2.878881222298872444e+00
-4.341381600000001839e+01 3.335098888013982577e-01 0.000000000000000000e+00 3.679598996177532388e+00
-4.321330600000003841e+01 3.319695480996373016e-01 0.000000000000000000e+00 2.962672863705571480e+00
-4.425718400000003072e+01 3.399887380207035070e-01 0.000000000000000000e+00 3.823569990528313145e+00
-4.182591200000002374e+01 3.213114290652789307e-01 0.000000000000000000e+00 2.410839781900896206e+00
-4.403712600000002197e+01 3.382982273521674688e-01 0.000000000000000000e+00 2.690864399986582445e+00
-4.408042800000002615e+01 3.386308782576966658e-01 0.000000000000000000e+00 2.769905651096397303e+00
-4.364302400000003246e+01 3.352706908141122599e-01 0.000000000000000000e+00 3.115543291406861925e+00
-4.435471200000001346e+01 3.407379592463846696e-01 0.000000000000000000e+00 3.212937129078329956e+00
-4.290648200000003953e+01 3.296124911175558059e-01 0.000000000000000000e+00 3.508972712554275120e+00
-4.343553000000003550e+01 3.336766982273524085e-01 0.000000000000000000e+00 3.919916732405153592e+00
-4.336475800000001612e+01 3.331330196470069227e-01 0.000000000000000000e+00 3.091464096448853116e+00
-4.375233800000003015e+01 3.361104534367860275e-01 0.000000000000000000e+00 3.677320822346155982e+00
-4.353691600000003348e+01 3.344555570493001895e-01 0.000000000000000000e+00 3.501646896536577014e+00
-4.418098600000003273e+01 3.394033762891550121e-01 0.000000000000000000e+00 3.409005587670944859e+00
-4.284588200000002445e+01 3.291469550020166834e-01 0.000000000000000000e+00 3.073795341477516541e+00
-4.394173800000000796e+01 3.375654458506981426e-01 0.000000000000000000e+00 2.885178892928128125e+00
-4.343930800000003956e+01 3.337057212544894957e-01 0.000000000000000000e+00 3.241996434412511174e+00
-4.267536200000000690e+01 3.278370009026484455e-01 0.000000000000000000e+00 3.450857659424990675e+00
-4.367605000000003201e+01 3.355244003149668863e-01 0.000000000000000000e+00 2.945138295993118938e+00
-4.348581000000001495e+01 3.340629549251954988e-01 0.000000000000000000e+00 3.765484843330740627e+00
-4.469480600000000692e+01 3.433506001651654982e-01 0.000000000000000000e+00 3.227279778145719202e+00
-4.476184400000003194e+01 3.438655937313950806e-01 0.000000000000000000e+00 3.369982717826381258e+00
-4.346554800000000540e+01 3.339072999289404708e-01 0.000000000000000000e+00 3.228001741719078943e+00
-4.499099000000003201e+01 3.456259194530336698e-01 0.000000000000000000e+00 3.826905236716489078e+00
-4.399090400000003598e+01 3.379431446734143529e-01 0.000000000000000000e+00 3.948391631428593396e+00
-4.391708200000005036e+01 3.373760356450098419e-01 0.000000000000000000e+00 3.720276919104845703e+00
-4.360396000000001493e+01 3.349705967082141633e-01 0.000000000000000000e+00 3.060755533649768267e+00
-4.424000000000003752e+01 3.398567285717031816e-01 0.000000000000000000e+00 3.979472359268477089e+00
-4.337013800000002561e+01 3.331743494209608025e-01 0.000000000000000000e+00 3.754761338520530511e+00
-4.448313000000000983e+01 3.417244809771649572e-01 0.000000000000000000e+00 3.104140508037025459e+00
-4.448723199999999878e+01 3.417559930092761156e-01 0.000000000000000000e+00 2.614750876863141560e+00
-4.507192200000000781e+01 3.462476483128157367e-01 0.000000000000000000e+00 4.159616133891359091e+00
-4.473028200000003807e+01 3.436231308456089706e-01 0.000000000000000000e+00 3.121218822811810067e+00
-4.511093200000001247e+01 3.465473275845513124e-01 0.000000000000000000e+00 4.144242693618717333e+00
-4.627824600000003841e+01 3.555147669438631919e-01 0.000000000000000000e+00 3.033012645699608267e+00
-4.624803800000002241e+01 3.552827056405924444e-01 0.000000000000000000e+00 3.789859796953129134e+00
-4.607081800000000982e+01 3.539212813766348664e-01 0.000000000000000000e+00 3.544857983346719088e+00
-4.595979600000003984e+01 3.530683977030481535e-01 0.000000000000000000e+00 3.762102831761980681e+00
-4.514461400000002556e+01 3.468060765522673616e-01 0.000000000000000000e+00 2.826164008373587055e+00
-4.570171000000002692e+01 3.510857515988401456e-01 0.000000000000000000e+00 3.336180974837648971e+00
-4.480842600000001852e+01 3.442234419712306148e-01 0.000000000000000000e+00 2.661727988994739391e+00
-4.655103000000000435e+01 3.576103247613743319e-01 0.000000000000000000e+00 3.723619293039361011e+00
-4.476317800000003189e+01 3.438758416716282684e-01 0.000000000000000000e+00 2.990477160520026878e+00
-4.559296800000002747e+01 3.502503831454418237e-01 0.000000000000000000e+00 3.216469568113776045e+00
-4.507501000000004154e+01 3.462713706812117764e-01 0.000000000000000000e+00 3.028527864317826168e+00
-4.481127800000004413e+01 3.442453513606947846e-01 0.000000000000000000e+00 3.002877385616413264e+00
-4.514310800000004065e+01 3.467945072884060509e-01 0.000000000000000000e+00 3.054967114825072549e+00
-4.460367600000004273e+01 3.426505291056101687e-01 0.000000000000000000e+00 3.340359519425138757e+00
-4.618677600000001604e+01 3.548120839655073966e-01 0.000000000000000000e+00 3.273421392974610100e+00
-4.493807000000003882e+01 3.452193819739194924e-01 0.000000000000000000e+00 3.239398292971249926e+00
-4.476031200000004162e+01 3.438538247325667041e-01 0.000000000000000000e+00 3.044501625510049436e+00
-4.488575800000003113e+01 3.448175152201887750e-01 0.000000000000000000e+00 3.333666354309403168e+00
-4.424418200000002344e+01 3.398888551729437602e-01 0.000000000000000000e+00 3.477312047259515371e+00
-4.379319600000000889e+01 3.364243292554111031e-01 0.000000000000000000e+00 2.967270020971730204e+00
-4.543711200000002748e+01 3.490530795674971487e-01 0.000000000000000000e+00 3.096404582681746120e+00
-4.505429600000002921e+01 3.461122433693754608e-01 0.000000000000000000e+00 3.071864879443690022e+00
-4.513195400000002167e+01 3.467088209875359150e-01 0.000000000000000000e+00 2.935230203056198750e+00
-4.404398800000001302e+01 3.383509420192437611e-01 0.000000000000000000e+00 2.335364264939316481e+00
-4.420948000000000633e+01 3.396222704488275346e-01 0.000000000000000000e+00 3.756759322403372625e+00
-4.445432600000003731e+01 3.415032053621159247e-01 0.000000000000000000e+00 3.273721148248410096e+00
-4.620894000000002677e+01 3.549823503428145011e-01 0.000000000000000000e+00 3.900148508853362728e+00
-4.615407800000001970e+01 3.545608941980834539e-01 0.000000000000000000e+00 3.521646491519028643e+00
-4.536970800000000992e+01 3.485352743475004789e-01 0.000000000000000000e+00 3.294455389509881815e+00
-4.556980200000002412e+01 3.500724192897887166e-01 0.000000000000000000e+00 3.385897235607863376e+00
-4.551506200000004299e+01 3.496519003629801614e-01 0.000000000000000000e+00 3.779111110674604479e+00
-4.495148999999999972e+01 3.453224759453801251e-01 0.000000000000000000e+00 3.449759201477954118e+00
-4.562253400000002301e+01 3.504775125314488204e-01 0.000000000000000000e+00 3.321163165239771509e+00
-4.489331000000002803e+01 3.448755305460064480e-01 0.000000000000000000e+00 3.150301729640793802e+00
-4.533986400000001993e+01 3.483060093337687624e-01 0.000000000000000000e+00 3.318733293264498396e+00
-4.539643800000003893e+01 3.487406172578696451e-01 0.000000000000000000e+00 3.355963802395051765e+00
-4.650925600000004323e+01 3.572894121262174538e-01 0.000000000000000000e+00 3.100247164155226720e+00
-4.568487200000000570e+01 3.509564001613244000e-01 0.000000000000000000e+00 3.213956683034200346e+00
-4.602156000000001512e+01 3.535428757994200644e-01 0.000000000000000000e+00 3.261767311062386820e+00
-4.552974000000003230e+01 3.497646584340012299e-01 0.000000000000000000e+00 3.204905617734453038e+00
-4.551709000000002447e+01 3.496674796904109539e-01 0.000000000000000000e+00 3.500534402304478210e+00
-4.650846000000003500e+01 3.572832971633795873e-01 0.000000000000000000e+00 3.017319144840032052e+00
-4.529625800000003011e+01 3.479710230655478354e-01 0.000000000000000000e+00 4.050697746334274818e+00
-4.505965800000003441e+01 3.461534348652751669e-01 0.000000000000000000e+00 4.036544914541032369e+00
-4.508744800000001618e+01 3.463669208166088032e-01 0.000000000000000000e+00 4.211486777716967111e+00
-4.474113600000001867e+01 3.437065125122434894e-01 0.000000000000000000e+00 2.838442180283424321e+00
-4.592836600000001823e+01 3.528269488563253731e-01 0.000000000000000000e+00 3.592021540964295934e+00
-4.521624800000003574e+01 3.473563771149822954e-01 0.000000000000000000e+00 3.492078133808323326e+00
-4.581037200000001519e+01 3.519205054831090473e-01 0.000000000000000000e+00 2.919506544512360691e+00
-4.508592200000003203e+01 3.463551979104651513e-01 0.000000000000000000e+00 3.431659284363113294e+00
-4.608534200000003267e+01 3.540328564020820412e-01 0.000000000000000000e+00 2.871929802650039942e+00
-4.514865400000002893e+01 3.468371122933033290e-01 0.000000000000000000e+00 3.344237934222221043e+00
-4.514502600000003696e+01 3.468092415832839670e-01 0.000000000000000000e+00 3.464486056208136766e+00
-4.594088800000002948e+01 3.529231442893085990e-01 0.000000000000000000e+00 3.393557354969959139e+00
-4.410544000000004417e+01 3.388230232960113830e-01 0.000000000000000000e+00 2.647374318417813122e+00
-4.596214800000003464e+01 3.530864660354531837e-01 0.000000000000000000e+00 3.485216173881158674e+00
-4.557886200000003640e+01 3.501420192436960899e-01 0.000000000000000000e+00 3.623253374010543038e+00
-4.571478800000001996e+01 3.511862182872727556e-01 0.000000000000000000e+00 2.898083978723414056e+00
-4.573545800000005812e+01 3.513450075860881094e-01 0.000000000000000000e+00 3.165859220603915336e+00
-4.575733000000001027e+01 3.515130307860723780e-01 0.000000000000000000e+00 3.652292057908653522e+00
-4.636619600000001640e+01 3.561904088805240010e-01 0.000000000000000000e+00 3.454498925378090668e+00
-4.496621000000002510e+01 3.454355566651944320e-01 0.000000000000000000e+00 3.109213665296202134e+00
-4.550699399999999883e+01 3.495899210662773982e-01 0.000000000000000000e+00 2.621464926173065813e+00
-4.650244800000003664e+01 3.572371122933033494e-01 0.000000000000000000e+00 2.908997820781082488e+00
-4.450127000000001942e+01 3.418638345272619894e-01 0.000000000000000000e+00 2.620894026719304382e+00
-4.531357200000002194e+01 3.481040311893834338e-01 0.000000000000000000e+00 3.332829248735716732e+00
-4.334558600000001150e+01 3.329857381551403206e-01 0.000000000000000000e+00 2.652123426482442703e+00
-4.428744800000004744e+01 3.402212295223648875e-01 0.000000000000000000e+00 3.015518737641446734e+00
-4.461156400000000843e+01 3.427111256217711399e-01 0.000000000000000000e+00 3.294095665526489025e+00
-4.389997400000002159e+01 3.372446100366822130e-01 0.000000000000000000e+00 2.948265420757833599e+00
-4.537419800000002112e+01 3.485697670398895109e-01 0.000000000000000000e+00 3.691975246915172093e+00
-4.573099200000001474e+01 3.513106992644376425e-01 0.000000000000000000e+00 4.012270482077385125e+00
-4.472139800000003618e+01 3.435548829437863882e-01 0.000000000000000000e+00 2.936541769365503818e+00
-4.446149000000000484e+01 3.415582400276556130e-01 0.000000000000000000e+00 3.084782794753640367e+00
-4.564901400000002241e+01 3.506809349132882780e-01 0.000000000000000000e+00 3.237406821872572227e+00
-4.446239400000003172e+01 3.415651846588182994e-01 0.000000000000000000e+00 3.551482015017665805e+00
-4.492083400000001348e+01 3.450869730549848136e-01 0.000000000000000000e+00 3.851749039209920511e+00
-4.423769000000000773e+01 3.398389828880908348e-01 0.000000000000000000e+00 2.896281768391879119e+00
-4.540908400000002132e+01 3.488377652730032530e-01 0.000000000000000000e+00 2.914325585227414361e+00
-4.679298000000002133e+01 3.594690122721774239e-01 0.000000000000000000e+00 3.853799279158218294e+00
-4.524863600000001185e+01 3.476051854270295616e-01 0.000000000000000000e+00 2.949412893041664763e+00
-4.455470000000001107e+01 3.422742898845763104e-01 0.000000000000000000e+00 2.789297195287078868e+00
-4.576466200000001550e+01 3.515693560467841317e-01 0.000000000000000000e+00 2.873780517081913732e+00
-4.563076200000003979e+01 3.505407209664102020e-01 0.000000000000000000e+00 3.344683435029631280e+00
-4.509438800000001635e+01 3.464202346885864037e-01 0.000000000000000000e+00 3.096285730860003582e+00
-4.500896000000002317e+01 3.457639670437305801e-01 0.000000000000000000e+00 3.893176142374699999e+00
-4.575534200000002727e+01 3.514977587432063233e-01 0.000000000000000000e+00 3.170598705632356573e+00
-4.589796000000001897e+01 3.525933664944593815e-01 0.000000000000000000e+00 3.442197776380254481e+00
-4.543947600000001330e+01 3.490712400852715169e-01 0.000000000000000000e+00 3.349821469963781162e+00
-4.588495000000001767e+01 3.524934221897867426e-01 0.000000000000000000e+00 2.929916743930387035e+00
-4.574490600000004292e+01 3.514175882002730233e-01 0.000000000000000000e+00 3.574274989387584256e+00
-4.505545600000003503e+01 3.461211546217521362e-01 0.000000000000000000e+00 3.513583398217019926e+00
-4.591662800000002420e+01 3.527367762008106200e-01 0.000000000000000000e+00 3.383350004260465393e+00
-4.535255600000001408e+01 3.484035107261518882e-01 0.000000000000000000e+00 3.098774086058595501e+00
-4.606633000000001488e+01 3.538868040484742239e-01 0.000000000000000000e+00 3.615154750072214984e+00
-4.658631600000001072e+01 3.578813958401352302e-01 0.000000000000000000e+00 2.921116514875568004e+00
-4.571406800000001880e+01 3.511806871651079187e-01 0.000000000000000000e+00 3.574552363834377910e+00
-4.551296000000003517e+01 3.496357525591045068e-01 0.000000000000000000e+00 3.080336689127316063e+00
-4.544563000000001551e+01 3.491185158155525325e-01 0.000000000000000000e+00 3.562147214827176445e+00
-4.593743200000002247e+01 3.528965949029174154e-01 0.000000000000000000e+00 3.276842969111913639e+00
-4.571458800000002753e+01 3.511846818644492885e-01 0.000000000000000000e+00 3.679995993664924914e+00
-4.582519800000002164e+01 3.520344005070196736e-01 0.000000000000000000e+00 2.873858196103121543e+00
-4.663868200000003839e+01 3.582836774280284686e-01 0.000000000000000000e+00 3.265453694292987041e+00
-4.549604800000000893e+01 3.495058326451439545e-01 0.000000000000000000e+00 3.045191466819765935e+00
-4.545314800000004141e+01 3.491762699494903588e-01 0.000000000000000000e+00 3.702678551079235270e+00
-4.483044400000003549e+01 3.443925867598765511e-01 0.000000000000000000e+00 3.452471266575478648e+00
-4.582112200000001678e+01 3.520030882098754699e-01 0.000000000000000000e+00 3.188331415405338376e+00
-4.728198400000005108e+01 3.632255968042408800e-01 0.000000000000000000e+00 3.350014352712205490e+00
-4.489536800000000483e+01 3.448913403368606967e-01 0.000000000000000000e+00 2.398274415722077890e+00
-4.581207800000002806e+01 3.519336111697941027e-01 0.000000000000000000e+00 3.030719921794093441e+00
-4.460401200000002575e+01 3.426531102959536335e-01 0.000000000000000000e+00 3.567692191768801813e+00
-4.419817800000004127e+01 3.395354471950683406e-01 0.000000000000000000e+00 2.516779509875525900e+00
-4.680589800000003464e+01 3.595682498223513601e-01 0.000000000000000000e+00 3.215937939560878700e+00
-4.622261200000001935e+01 3.550873802070330654e-01 0.000000000000000000e+00 3.427684248428558789e+00
-4.561573600000001960e+01 3.504252895196759421e-01 0.000000000000000000e+00 3.573733461923640053e+00
-4.451360400000001505e+01 3.419585857227909753e-01 0.000000000000000000e+00 2.997594814362833926e+00
-4.606508200000002518e+01 3.538772167700552918e-01 0.000000000000000000e+00 3.754745555633764997e+00
-4.509357600000002719e+01 3.464139968119228086e-01 0.000000000000000000e+00 3.454050465351651500e+00
-4.572388400000001951e+01 3.512560947972883096e-01 0.000000000000000000e+00 3.300999009688375452e+00
-4.589639400000001501e+01 3.525813363037508807e-01 0.000000000000000000e+00 2.891136180064994399e+00
-4.526034600000001973e+01 3.476951429833491369e-01 0.000000000000000000e+00 4.021219033105018603e+00
-4.525903600000002314e+01 3.476850794138548473e-01 0.000000000000000000e+00 3.431849252755780011e+00
-4.574580000000002400e+01 3.514244560102942061e-01 0.000000000000000000e+00 2.984342998065237396e+00
-4.710446000000002442e+01 3.618618371775914055e-01 0.000000000000000000e+00 3.097573808742263957e+00
-4.554395800000001060e+01 3.498738827325280631e-01 0.000000000000000000e+00 3.138620880989262840e+00
-4.632268400000002373e+01 3.558561447310301107e-01 0.000000000000000000e+00 2.836740388983258310e+00
-4.527682000000002205e+01 3.478216981313258516e-01 0.000000000000000000e+00 2.948090046046076829e+00
-4.475763800000002846e+01 3.438332827594155483e-01 0.000000000000000000e+00 2.905704285036033507e+00
-4.485296000000003858e+01 3.445655572413530709e-01 0.000000000000000000e+00 3.372837725420569477e+00
-4.478527800000004078e+01 3.440456163936317924e-01 0.000000000000000000e+00 2.800351443729875101e+00
-4.620152000000001635e+01 3.549253490560603241e-01 0.000000000000000000e+00 3.388349624250958758e+00
-4.547091800000001882e+01 3.493127811173635799e-01 0.000000000000000000e+00 2.981665869552208914e+00
-4.466645200000002092e+01 3.431327815014693083e-01 0.000000000000000000e+00 3.553512630546078022e+00
-4.604768800000002926e+01 3.537435940770902176e-01 0.000000000000000000e+00 3.735942877790982664e+00
-4.752231200000002787e+01 3.650718239259446163e-01 0.000000000000000000e+00 2.982425579563104723e+00
-4.666745800000003186e+01 3.585047379438823789e-01 0.000000000000000000e+00 3.784032055333825806e+00
-4.590433200000001790e+01 3.526423169256180379e-01 0.000000000000000000e+00 3.043430288836276976e+00
-4.472425800000003449e+01 3.435768537901632835e-01 0.000000000000000000e+00 3.409606983873772812e+00
-4.750205200000003458e+01 3.649161842939179223e-01 0.000000000000000000e+00 3.489123855654449269e+00
-4.600798400000002175e+01 3.534385834181568153e-01 0.000000000000000000e+00 2.809358985109621454e+00
-4.705109400000002751e+01 3.614518734755806650e-01 0.000000000000000000e+00 3.467557342510718676e+00
-4.652714800000001105e+01 3.574268605120129449e-01 0.000000000000000000e+00 2.900426526226162149e+00
-4.608309200000000772e+01 3.540155716453168289e-01 0.000000000000000000e+00 2.940358613862800841e+00
-4.586995200000002626e+01 3.523782058422479380e-01 0.000000000000000000e+00 3.983724343189575023e+00
-4.633290800000003173e+01 3.559346866657706054e-01 0.000000000000000000e+00 3.236863732217570178e+00
-4.721922200000000203e+01 3.627434519579788019e-01 0.000000000000000000e+00 3.651423326513936196e+00
-4.530921800000003685e+01 3.480705832645146214e-01 0.000000000000000000e+00 2.699888330514520707e+00
-4.572107800000002698e+01 3.512345387850738243e-01 0.000000000000000000e+00 2.785337719638392606e+00
-4.701429200000001885e+01 3.611691563118171189e-01 0.000000000000000000e+00 3.571009495380398580e+00
-4.724361400000004352e+01 3.629308340855406101e-01 0.000000000000000000e+00 3.218089612510107056e+00
-4.662396000000003937e+01 3.581705813439861052e-01 0.000000000000000000e+00 3.260962633668441413e+00
-4.589717800000002512e+01 3.525873590812192981e-01 0.000000000000000000e+00 3.449777445363890749e+00
-4.687873800000001978e+01 3.601278150146921542e-01 0.000000000000000000e+00 2.965309808018600890e+00
-4.801398400000002908e+01 3.688489043384741151e-01 0.000000000000000000e+00 3.156423231108722582e+00
-4.687812200000004736e+01 3.601230828323958022e-01 0.000000000000000000e+00 3.780157389903283427e+00
-4.654410600000002773e+01 3.575571338032228486e-01 0.000000000000000000e+00 3.593992937656282471e+00
-4.681340400000001267e+01 3.596259117709194042e-01 0.000000000000000000e+00 3.122570269257120223e+00
-4.733289600000004071e+01 3.636167085982064950e-01 0.000000000000000000e+00 4.260573225148527321e+00
-4.913071400000002598e+01 3.774277516372507302e-01 0.000000000000000000e+00 3.408870656468105498e+00
-4.784285800000001387e+01 3.675342948779504737e-01 0.000000000000000000e+00 2.943608436067007172e+00
-4.858523800000001103e+01 3.732373427567267088e-01 0.000000000000000000e+00 3.155447026448586989e+00
-4.825011600000001977e+01 3.706628973093396562e-01 0.000000000000000000e+00 3.268975897174383860e+00
-4.768923800000004576e+01 3.663541685071735055e-01 0.000000000000000000e+00 3.041989772221299404e+00
-4.818338400000003219e+01 3.701502544700303599e-01 0.000000000000000000e+00 3.551176631658352623e+00
-4.808601800000000992e+01 3.694022777468359831e-01 0.000000000000000000e+00 3.210956411608305139e+00
-4.863464400000002286e+01 3.736168852868310686e-01 0.000000000000000000e+00 3.763592323061314193e+00
-4.784796600000003508e+01 3.675735351168644138e-01 0.000000000000000000e+00 3.092433371181335655e+00
-4.694424000000002195e+01 3.606310088536366365e-01 0.000000000000000000e+00 2.827489331044719112e+00
-4.737090000000004864e+01 3.639086596631396220e-01 0.000000000000000000e+00 3.308450439939421894e+00
-4.636630000000001672e+01 3.561912078203922638e-01 0.000000000000000000e+00 2.917353443091733389e+00
-4.757591600000003496e+01 3.654836159711155052e-01 0.000000000000000000e+00 3.416141369544169137e+00
-4.811618400000003959e+01 3.696340164013138807e-01 0.000000000000000000e+00 3.048830369430151954e+00
-4.775236000000001724e+01 3.668390789145173914e-01 0.000000000000000000e+00 3.661095671125149664e+00
-4.715699200000003799e+01 3.622653939964280978e-01 0.000000000000000000e+00 3.266924429709126443e+00
-4.680789800000002288e+01 3.595836140505868639e-01 0.000000000000000000e+00 2.995385805810751201e+00
-4.765535600000004735e+01 3.660938831166340446e-01 0.000000000000000000e+00 3.476900044240617049e+00
-4.832444000000002404e+01 3.712338627590314188e-01 0.000000000000000000e+00 3.315940273797756799e+00
-4.724462000000001893e+01 3.629385622923429477e-01 0.000000000000000000e+00 4.185210386949538730e+00
-4.840336800000005724e+01 3.718401966621218135e-01 0.000000000000000000e+00 4.210682067949264251e+00
-4.925662800000002761e+01 3.783950373542800949e-01 0.000000000000000000e+00 4.010499518248910711e+00
-4.784628800000002258e+01 3.675606445293745916e-01 0.000000000000000000e+00 3.793418649498047301e+00
-4.769362600000002317e+01 3.663878776239222201e-01 0.000000000000000000e+00 3.491760367893523842e+00
-4.890356600000003340e+01 3.756827747796195882e-01 0.000000000000000000e+00 3.717198101541677069e+00
-4.861998800000002774e+01 3.735042962223205643e-01 0.000000000000000000e+00 3.771377556784011986e+00
-4.766256400000001747e+01 3.661492557951949167e-01 0.000000000000000000e+00 3.588230854918041501e+00
-4.782963800000003829e+01 3.674327373293133081e-01 0.000000000000000000e+00 2.591568786255721069e+00
-4.670129999999999626e+01 3.587647160498568799e-01 0.000000000000000000e+00 2.681310323424919595e+00
-4.822970000000001534e+01 3.705060592675105124e-01 0.000000000000000000e+00 3.266380833505938330e+00
-4.904432400000003867e+01 3.767640937986136418e-01 0.000000000000000000e+00 4.331313496746103553e+00
-4.804033800000001975e+01 3.690513587739346901e-01 0.000000000000000000e+00 3.542115428161566992e+00
-4.755546600000003821e+01 3.653265167374064037e-01 0.000000000000000000e+00 4.196849435840551479e+00
-4.831806400000004231e+01 3.711848815994164275e-01 0.000000000000000000e+00 3.442856437435624084e+00
-4.898785400000002710e+01 3.763302848143810775e-01 0.000000000000000000e+00 3.518779192093631103e+00
-4.767090000000001737e+01 3.662132938984809516e-01 0.000000000000000000e+00 3.219424834006561653e+00
-4.770591400000004967e+01 3.664822754422020212e-01 0.000000000000000000e+00 3.561790575034989192e+00
-4.853592200000001355e+01 3.728584916168930508e-01 0.000000000000000000e+00 3.427747437143589426e+00
-4.758173400000001863e+01 3.655283105110527231e-01 0.000000000000000000e+00 2.869181510579368322e+00
-4.902039800000001435e+01 3.765802915362308489e-01 0.000000000000000000e+00 3.911937894148209693e+00
-4.763049400000002720e+01 3.659028903954369971e-01 0.000000000000000000e+00 3.305707654853582866e+00
-4.784006400000002657e+01 3.675128310511054375e-01 0.000000000000000000e+00 3.570342280779705835e+00
-4.863558600000002485e+01 3.736241218383300478e-01 0.000000000000000000e+00 3.591074164305075200e+00
-4.914926600000001855e+01 3.775702702183642012e-01 0.000000000000000000e+00 3.952667396827543644e+00
-4.861393000000002473e+01 3.734577579749948639e-01 0.000000000000000000e+00 3.955719400776142258e+00
-4.846220400000002115e+01 3.722921815283567470e-01 0.000000000000000000e+00 3.846074081605287187e+00
-4.759433000000001357e+01 3.656250744204805891e-01 0.000000000000000000e+00 2.785461982519346069e+00
-4.858022800000001951e+01 3.731988553649965845e-01 0.000000000000000000e+00 3.073539208580692073e+00
-4.750460000000004612e+01 3.649357583206901956e-01 0.000000000000000000e+00 3.335543463117132568e+00
-4.754345600000002037e+01 3.652342545468514334e-01 0.000000000000000000e+00 3.258512248682229107e+00
-4.712877000000002425e+01 3.620485893717952930e-01 0.000000000000000000e+00 3.358896353782674371e+00
-4.808006000000001734e+01 3.693565077109221551e-01 0.000000000000000000e+00 3.836949000274445964e+00
-4.840989600000003890e+01 3.718903455030826977e-01 0.000000000000000000e+00 3.008402555802931921e+00
-4.756653000000002862e+01 3.654115116480057268e-01 0.000000000000000000e+00 2.714970462755786240e+00
-4.788000200000000461e+01 3.678196393247421536e-01 0.000000000000000000e+00 3.883989237415519824e+00
-4.813102600000001985e+01 3.697480343390502355e-01 0.000000000000000000e+00 3.505036962199953088e+00
-4.849012600000003914e+01 3.725066815187542124e-01 0.000000000000000000e+00 3.056715318823012950e+00
-4.794384000000000867e+01 3.683100501257946524e-01 0.000000000000000000e+00 3.493979706161829402e+00
-4.794004600000005922e+01 3.682809041848320586e-01 0.000000000000000000e+00 2.884814210267555357e+00
-4.798825000000003627e+01 3.686512128137666156e-01 0.000000000000000000e+00 3.700868971545121955e+00
-4.867720800000002157e+01 3.739438667921413106e-01 0.000000000000000000e+00 3.124582801264122356e+00
-4.870945200000001307e+01 3.741915688797557427e-01 0.000000000000000000e+00 3.416311313744724298e+00
-4.997611200000003606e+01 3.839221955482151061e-01 0.000000000000000000e+00 3.851250568906288141e+00
-4.921934600000003712e+01 3.781086327757401389e-01 0.000000000000000000e+00 3.586380522195579346e+00
-4.988111800000003626e+01 3.831924407997083226e-01 0.000000000000000000e+00 2.996064085448970182e+00
-4.887835400000000874e+01 3.754890933184812929e-01 0.000000000000000000e+00 3.063907193632986026e+00
-4.909094000000003177e+01 3.771222032303291893e-01 0.000000000000000000e+00 3.255954088475853769e+00
-4.952014600000003952e+01 3.804194127023759475e-01 0.000000000000000000e+00 3.843093479740538498e+00
-4.997786000000004236e+01 3.839356238836930668e-01 0.000000000000000000e+00 3.768693759504650131e+00
-4.910094000000002978e+01 3.771990243715072078e-01 0.000000000000000000e+00 3.804615049323038622e+00
-4.878974800000001721e+01 3.748084119149591165e-01 0.000000000000000000e+00 3.789550603896313152e+00
-4.824537600000000737e+01 3.706264840884211376e-01 0.000000000000000000e+00 2.485483626743921981e+00
-4.903830000000004219e+01 3.767178167431680103e-01 0.000000000000000000e+00 3.412528494009133162e+00
-4.900718400000003783e+01 3.764787800802783524e-01 0.000000000000000000e+00 3.222996665214507672e+00
-5.041426799999999986e+01 3.872881599416159171e-01 0.000000000000000000e+00 3.524693112764241132e+00
-4.873102000000002931e+01 3.743572567170487253e-01 0.000000000000000000e+00 2.820258715978111841e+00
-4.994125600000001697e+01 3.836544277785247647e-01 0.000000000000000000e+00 2.582362198473531212e+00
-4.986042200000002111e+01 3.830334517659261251e-01 0.000000000000000000e+00 3.600803822817927102e+00
-4.987212600000002283e+01 3.831233632295609204e-01 0.000000000000000000e+00 3.458153843041899211e+00
-4.978195200000003950e+01 3.824306362711020757e-01 0.000000000000000000e+00 3.956150291455295509e+00
-5.094965600000002581e+01 3.914010716549196078e-01 0.000000000000000000e+00 3.428337919247385734e+00
-5.057198200000004817e+01 3.884997368875918178e-01 0.000000000000000000e+00 3.543903734937082550e+00
-5.144360800000001888e+01 3.951956672876376642e-01 0.000000000000000000e+00 3.410167498764880900e+00
-5.012691400000002773e+01 3.850806737214083064e-01 0.000000000000000000e+00 2.821796723166416943e+00
-4.890480200000002498e+01 3.756922698726691268e-01 0.000000000000000000e+00 3.108358810391325111e+00
-4.981093400000000315e+01 3.826532793024640111e-01 0.000000000000000000e+00 3.892119420246324957e+00
-5.162660800000001160e+01 3.966014941711959452e-01 0.000000000000000000e+00 4.073220279184964099e+00
-5.092014400000002894e+01 3.911743571030749655e-01 0.000000000000000000e+00 4.000663771651151279e+00
-5.101344000000003831e+01 3.918910676218097522e-01 0.000000000000000000e+00 2.986938039145936585e+00
-5.194286400000003567e+01 3.990310088536367372e-01 0.000000000000000000e+00 2.989614410376581155e+00
-5.073168800000003387e+01 3.897266166048898861e-01 0.000000000000000000e+00 3.207305978835624405e+00
-5.105133800000001543e+01 3.921822043826461712e-01 0.000000000000000000e+00 3.974965063331126647e+00
-4.974781000000003672e+01 3.821683535308919577e-01 0.000000000000000000e+00 3.522695103385210302e+00
-5.028107000000002103e+01 3.862649177053526506e-01 0.000000000000000000e+00 2.610433817636951037e+00
-5.105421200000003523e+01 3.922042827786209052e-01 0.000000000000000000e+00 3.698779673430389714e+00
-5.114571600000004281e+01 3.929072269488566027e-01 0.000000000000000000e+00 3.074635611380918565e+00
-5.154333200000002080e+01 3.959617584359216846e-01 0.000000000000000000e+00 3.175555584854563129e+00
-5.127826800000001839e+01 3.939255065393997279e-01 0.000000000000000000e+00 3.181550822116963939e+00
-5.441108600000004714e+01 4.179921719257142509e-01 0.000000000000000000e+00 3.009925501310353635e+00
-5.439977400000003627e+01 4.179052718508135533e-01 0.000000000000000000e+00 3.224120391598177982e+00
-5.491572600000003490e+01 4.218688739941234278e-01 0.000000000000000000e+00 3.373032151563158276e+00
-5.453901800000004130e+01 4.189749601490332931e-01 0.000000000000000000e+00 3.150678751960689361e+00
-5.378512200000002252e+01 4.131834450440762807e-01 0.000000000000000000e+00 3.363404432187810045e+00
-5.429348400000000652e+01 4.170887399412318564e-01 0.000000000000000000e+00 3.471130419857572758e+00
-5.348412800000003386e+01 4.108711747873016740e-01 0.000000000000000000e+00 3.625191570447057199e+00
-5.615080200000002719e+01 4.313568687702857285e-01 0.000000000000000000e+00 3.503265038747872318e+00
-5.440229400000002613e+01 4.179246307783903713e-01 0.000000000000000000e+00 3.151568954843817494e+00
-5.412699800000004302e+01 4.158097754902151943e-01 0.000000000000000000e+00 3.436076829198901450e+00
-5.523313600000000889e+01 4.243072538362557822e-01 0.000000000000000000e+00 3.358057147934192077e+00
-5.411424999999999841e+01 4.157118438994410470e-01 0.000000000000000000e+00 3.618677475517565689e+00
-5.343903000000002379e+01 4.105247268048168308e-01 0.000000000000000000e+00 3.596862742247145306e+00
-5.477995600000003407e+01 4.208258733603489898e-01 0.000000000000000000e+00 3.051797136390426157e+00
-5.495020200000001154e+01 4.221337225604486765e-01 0.000000000000000000e+00 3.353693861274083865e+00
-5.487728400000006701e+01 4.215735581632069628e-01 0.000000000000000000e+00 3.508460098212820455e+00
-5.369028200000006024e+01 4.124548733411438906e-01 0.000000000000000000e+00 3.595686730334419767e+00
-5.314248600000004785e+01 4.082466419558665738e-01 0.000000000000000000e+00 3.344943157344026918e+00
-5.483091400000002125e+01 4.212173385315640117e-01 0.000000000000000000e+00 3.516037164310429119e+00
-5.409838600000006892e+01 4.155899748410767369e-01 0.000000000000000000e+00 3.294298125550272793e+00
-5.449394400000004168e+01 4.186286965372873481e-01 0.000000000000000000e+00 3.267041141378324021e+00
-5.459329400000004284e+01 4.193919145748912780e-01 0.000000000000000000e+00 2.701457702042220355e+00
-5.362666800000005196e+01 4.119661833336537571e-01 0.000000000000000000e+00 3.122630727831903208e+00
-5.351096400000002262e+01 4.110773320017669930e-01 0.000000000000000000e+00 2.999435867616347284e+00
-5.439334600000005082e+01 4.178558912212644305e-01 0.000000000000000000e+00 3.143405668997055535e+00
-5.378564200000002415e+01 4.131874397434175394e-01 0.000000000000000000e+00 3.911046334698372373e+00
-5.749907800000003277e+01 4.417144788645837594e-01 0.000000000000000000e+00 4.066626767503723094e+00
-5.563273400000003477e+01 4.273770112735026938e-01 0.000000000000000000e+00 3.007716282162238741e+00
-5.611228800000001371e+01 4.310609998271525134e-01 0.000000000000000000e+00 3.147174029310046084e+00
-5.657520200000003996e+01 4.346171580018823866e-01 0.000000000000000000e+00 2.763540281243709984e+00
-5.575651000000002000e+01 4.283278726305480566e-01 0.000000000000000000e+00 3.379036641312629818e+00
-5.568730000000003599e+01 4.277961935124548476e-01 0.000000000000000000e+00 3.683556263320882707e+00
-5.646275600000002015e+01 4.337533349977915065e-01 0.000000000000000000e+00 3.163575826459928297e+00
-5.576951800000001214e+01 4.284278015709923615e-01 0.000000000000000000e+00 3.526621828447848550e+00
-5.504380000000004003e+01 4.228527530776472476e-01 0.000000000000000000e+00 2.742222603007356430e+00
-5.571099200000004004e+01 4.279781981601339380e-01 0.000000000000000000e+00 3.013089626967205614e+00
-5.410882400000006243e+01 4.156701607482383709e-01 0.000000000000000000e+00 2.663858026031516335e+00
-5.519125400000000781e+01 4.239855115327738622e-01 0.000000000000000000e+00 4.007000961686125962e+00
-5.475653000000000503e+01 4.206459121550250591e-01 0.000000000000000000e+00 3.458101919895340437e+00
-5.554781600000003294e+01 4.267246615068469029e-01 0.000000000000000000e+00 2.843568392170924053e+00
-5.591933200000004689e+01 4.295786898154375089e-01 0.000000000000000000e+00 3.096619501708210098e+00
-5.410495400000002064e+01 4.156404309666021368e-01 0.000000000000000000e+00 3.349698300161530806e+00
-5.639576200000004746e+01 4.332386794445834410e-01 0.000000000000000000e+00 2.744367284324145562e+00
-5.576576800000004397e+01 4.283989936430508405e-01 0.000000000000000000e+00 2.759526699312434328e+00
-5.527909600000004531e+01 4.246603238011103509e-01 0.000000000000000000e+00 3.111496660364363454e+00
-5.496123000000003600e+01 4.222184409149400408e-01 0.000000000000000000e+00 3.094176004784772616e+00
-5.575935199999999980e+01 4.283497051988706672e-01 0.000000000000000000e+00 3.777534118316664635e+00
-5.577486600000001715e+01 4.284688855172944510e-01 0.000000000000000000e+00 3.578612399111525288e+00
-5.625214000000003267e+01 4.321353588507559351e-01 0.000000000000000000e+00 2.840427497630053644e+00
-5.550566800000000001e+01 4.264008757610093792e-01 0.000000000000000000e+00 3.389243075321113352e+00
-5.594206400000001622e+01 4.297533196335632244e-01 0.000000000000000000e+00 3.511996016815117638e+00
-5.519066200000003164e+01 4.239809637212162974e-01 0.000000000000000000e+00 2.076926290244088591e+00
-5.659724400000003186e+01 4.347864871612669990e-01 0.000000000000000000e+00 2.654968501033258210e+00
-5.503110200000002550e+01 4.227552055925792307e-01 0.000000000000000000e+00 3.447648504722772955e+00
-5.540155200000000235e+01 4.256010447675199759e-01 0.000000000000000000e+00 2.879836684289193371e+00
-5.628213800000001754e+01 4.323658069100617118e-01 0.000000000000000000e+00 3.052704950251316163e+00
-5.678345400000004872e+01 4.362169736311436452e-01 0.000000000000000000e+00 3.355144338836747675e+00
-5.516946800000003037e+01 4.238181489946035163e-01 0.000000000000000000e+00 2.446457359343683802e+00
-5.565441400000003824e+01 4.275435595075767203e-01 0.000000000000000000e+00 2.961303994813941909e+00
-5.680037600000003550e+01 4.363469703662450350e-01 0.000000000000000000e+00 4.101323671204680110e+00
-5.445098200000006727e+01 4.182986575505583948e-01 0.000000000000000000e+00 3.101072450932959690e+00
-5.630158000000004392e+01 4.325151625727403082e-01 0.000000000000000000e+00 3.607940693257111864e+00
-5.490644800000004722e+01 4.217975993393385248e-01 0.000000000000000000e+00 3.310311328105841611e+00
-5.670677399999999579e+01 4.356279091205899068e-01 0.000000000000000000e+00 3.578969094123460870e+00
-5.540707400000001570e+01 4.256434654016786334e-01 0.000000000000000000e+00 3.830860926806047839e+00
-5.695290600000001291e+01 4.375187232326336884e-01 0.000000000000000000e+00 3.322122115799909903e+00
-5.395120400000004679e+01 4.144593059209897845e-01 0.000000000000000000e+00 2.914781825954240180e+00
-5.567976400000003423e+01 4.277383011004630697e-01 0.000000000000000000e+00 3.273302077475906291e+00
-5.472152600000004696e+01 4.203770074324457151e-01 0.000000000000000000e+00 2.628086790328468147e+00
-5.561077200000001142e+01 4.272082966832472795e-01 0.000000000000000000e+00 3.292082101842036757e+00
-5.624316200000004073e+01 4.320663888302063160e-01 0.000000000000000000e+00 3.088052434355558429e+00
-5.601121200000003597e+01 4.302845224605814090e-01 0.000000000000000000e+00 3.094990188110619656e+00
-5.583856400000002651e+01 4.289582208223704507e-01 0.000000000000000000e+00 3.128530460314419059e+00
-5.648401000000001204e+01 4.339166106512512555e-01 0.000000000000000000e+00 3.131452827879149137e+00
-5.573376600000000280e+01 4.281531506270525589e-01 0.000000000000000000e+00 2.618848848975789512e+00
-5.576306800000005381e+01 4.283782519349328410e-01 0.000000000000000000e+00 3.793965898870724107e+00
-5.633771600000004298e+01 4.327927634485013164e-01 0.000000000000000000e+00 3.658627426978371844e+00
-5.550142800000002552e+01 4.263683035971501112e-01 0.000000000000000000e+00 3.872342051061631540e+00
-5.533038800000003476e+01 4.250543547984407811e-01 0.000000000000000000e+00 3.784167721027259734e+00
-5.533212200000005510e+01 4.250676755843211807e-01 0.000000000000000000e+00 3.256785497028093168e+00
-5.581116800000001632e+01 4.287477616239990241e-01 0.000000000000000000e+00 2.983635556483926532e+00
-5.602646200000005905e+01 4.304016747008780897e-01 0.000000000000000000e+00 3.240709564239525609e+00
-5.590234200000001152e+01 4.294481706965757595e-01 0.000000000000000000e+00 4.419685906596265923e+00
-5.566025600000003237e+01 4.275884384182528919e-01 0.000000000000000000e+00 2.748265605881041296e+00
-5.608019000000002308e+01 4.308144193281992496e-01 0.000000000000000000e+00 3.465846094069639616e+00
-5.533679800000003723e+01 4.251035971499358967e-01 0.000000000000000000e+00 2.915250896906671496e+00
-5.572060200000007057e+01 4.280520232768062483e-01 0.000000000000000000e+00 3.646486041229946462e+00
-5.745701800000004056e+01 4.413913691447889365e-01 0.000000000000000000e+00 4.206621538354199608e+00
-5.622088800000000930e+01 4.318952774203461131e-01 0.000000000000000000e+00 3.843622835302205498e+00
-5.508079000000002878e+01 4.231369144788647563e-01 0.000000000000000000e+00 2.777419427283266185e+00
-5.531766800000002604e+01 4.249566383068622000e-01 0.000000000000000000e+00 3.114615767241846189e+00
-5.666345600000001781e+01 4.352951353012349811e-01 0.000000000000000000e+00 3.095117486072200386e+00
-5.439814400000002337e+01 4.178927500048014720e-01 0.000000000000000000e+00 2.768250432937487293e+00
-5.701454800000002621e+01 4.379922641110835513e-01 0.000000000000000000e+00 3.755738860783587540e+00
-5.551643000000003525e+01 4.264835506731454728e-01 0.000000000000000000e+00 3.269558469604361584e+00
-5.497080400000000822e+01 4.222919894755036707e-01 0.000000000000000000e+00 2.801627720455421411e+00
-5.465009200000002210e+01 4.198282432925542484e-01 0.000000000000000000e+00 3.095176508851386288e+00
-5.652385200000004772e+01 4.342226814419331560e-01 0.000000000000000000e+00 3.311358501300844193e+00
-5.539293400000006784e+01 4.255348403080532749e-01 0.000000000000000000e+00 3.297404291171827317e+00
-5.542137800000002557e+01 4.257533503620197779e-01 0.000000000000000000e+00 3.026963530881878306e+00
-5.670068000000001263e+01 4.355810943171561367e-01 0.000000000000000000e+00 4.187483663143166446e+00
-5.530596399999998880e+01 4.248667268432271271e-01 0.000000000000000000e+00 2.600477442857777266e+00
-5.780151600000002787e+01 4.440378420941444859e-01 0.000000000000000000e+00 2.925599914330617501e+00
-5.847154200000002788e+01 4.491850582880410614e-01 0.000000000000000000e+00 3.060874621199475065e+00
-5.832167400000002999e+01 4.480337552094338371e-01 0.000000000000000000e+00 3.761703280406659466e+00
-5.839391400000005206e+01 4.485887111333042299e-01 0.000000000000000000e+00 3.610944392015233095e+00
-5.793237800000002125e+01 4.450431389118286729e-01 0.000000000000000000e+00 3.024601441031010918e+00
-5.834804200000002083e+01 4.482363171944920288e-01 0.000000000000000000e+00 3.004306424309523216e+00
-5.690307000000002802e+01 4.371358773934588271e-01 0.000000000000000000e+00 3.165651436158524401e+00
-5.713522400000003643e+01 4.389193109143638694e-01 0.000000000000000000e+00 3.549173331978628276e+00
-5.870955200000003060e+01 4.510134782692198918e-01 0.000000000000000000e+00 3.325186521220283797e+00
-5.846036800000002387e+01 4.490992183448886399e-01 0.000000000000000000e+00 3.340443478719735459e+00
-5.898614400000004565e+01 4.531382895772919639e-01 0.000000000000000000e+00 3.213680418521399407e+00
-5.815513600000002725e+01 4.467543912884827662e-01 0.000000000000000000e+00 3.018505174015706949e+00
-5.982398600000003341e+01 4.595746874339820542e-01 0.000000000000000000e+00 2.850198152849918731e+00
-5.924216800000004923e+01 4.551050951621889440e-01 0.000000000000000000e+00 3.098044119283367870e+00
-6.116411800000005172e+01 4.698697343909047364e-01 0.000000000000000000e+00 2.843922733624146826e+00
-6.118524600000004909e+01 4.700320420979857139e-01 0.000000000000000000e+00 3.641740606126014246e+00
-6.045649000000002360e+01 4.644336553419502467e-01 0.000000000000000000e+00 3.780029446561056439e+00
-6.075062400000003038e+01 4.666932262958767841e-01 0.000000000000000000e+00 3.234051495973757628e+00
-6.035121600000005770e+01 4.636249284603126686e-01 0.000000000000000000e+00 3.221150474714199241e+00
-6.081559000000002868e+01 4.671923025216541125e-01 0.000000000000000000e+00 2.385601538417724043e+00
-6.179204600000005598e+01 4.746935489446699741e-01 0.000000000000000000e+00 3.413774887497576405e+00
-6.186332000000003006e+01 4.752410839463022119e-01 0.000000000000000000e+00 3.587356632576824467e+00
-6.179349600000003306e+01 4.747046880101405963e-01 0.000000000000000000e+00 3.627518045564064764e+00
-6.261177800000005789e+01 4.809908237146866550e-01 0.000000000000000000e+00 3.845730744593951034e+00
-6.135055200000003595e+01 4.713019416543435258e-01 0.000000000000000000e+00 3.303680142100486439e+00
-6.232134200000002267e+01 4.787596612187675071e-01 0.000000000000000000e+00 3.569661530999114873e+00
-6.195342800000005212e+01 4.759333038852295861e-01 0.000000000000000000e+00 3.302598879856329717e+00
-6.117397600000006008e+01 4.699454646718780881e-01 0.000000000000000000e+00 3.168778855103254521e+00
-5.999235800000004559e+01 4.608681403522252307e-01 0.000000000000000000e+00 2.981189022405169808e+00
-6.142016000000002407e+01 4.718366782538556126e-01 0.000000000000000000e+00 2.893287426601321322e+00
-6.145330600000002619e+01 4.720913096084043969e-01 0.000000000000000000e+00 2.948901735703026272e+00
-6.253000600000003573e+01 4.803626418790453156e-01 0.000000000000000000e+00 3.617056101301669102e+00
-6.140602000000002647e+01 4.717280531602298654e-01 0.000000000000000000e+00 3.372074579857511356e+00
-6.167634800000002571e+01 4.738047437054678790e-01 0.000000000000000000e+00 3.062352114441485806e+00
-6.209613400000003480e+01 4.770295876625249565e-01 0.000000000000000000e+00 3.490441204614787463e+00
-6.166155200000007142e+01 4.736910791449812086e-01 0.000000000000000000e+00 3.105336555500104456e+00
-6.042625000000005286e+01 4.642013482110280420e-01 0.000000000000000000e+00 2.973207741793127301e+00
-6.220030999999998755e+01 4.778298795828610501e-01 0.000000000000000000e+00 3.711261821452878973e+00
-6.191029200000003385e+01 4.756019282106437873e-01 0.000000000000000000e+00 3.178820620880224102e+00
-6.211456600000006034e+01 4.771711843899445471e-01 0.000000000000000000e+00 3.062929742669474376e+00
-6.145566600000003632e+01 4.721094393977224857e-01 0.000000000000000000e+00 3.456132609461890937e+00
-6.353193000000002399e+01 4.880595363844131285e-01 0.000000000000000000e+00 3.341873478720847057e+00
-6.157492000000004140e+01 4.730255622347272482e-01 0.000000000000000000e+00 2.817998624785492900e+00
-6.220885200000003579e+01 4.778955002016557208e-01 0.000000000000000000e+00 3.306253539945174236e+00
-6.141956600000003164e+01 4.718321150780696582e-01 0.000000000000000000e+00 3.020322213469245121e+00
-6.109385600000003080e+01 4.693299736887593387e-01 0.000000000000000000e+00 3.242602231414725367e+00
-6.136258200000003882e+01 4.713943574871807263e-01 0.000000000000000000e+00 2.902512766356876384e+00
-6.193710000000002935e+01 4.758078703259138731e-01 0.000000000000000000e+00 3.073009801809978292e+00
-6.185272000000002635e+01 4.751596535366534590e-01 0.000000000000000000e+00 3.185304122359306156e+00
-6.102063600000000321e+01 4.687674892930533965e-01 0.000000000000000000e+00 2.678334769983963248e+00
-6.138571800000003265e+01 4.715720908794102106e-01 0.000000000000000000e+00 2.982533382385931020e+00
-6.218844400000003247e+01 4.777387236167395246e-01 0.000000000000000000e+00 3.036413010339267249e+00
-6.180966399999999794e+01 4.748288924311970249e-01 0.000000000000000000e+00 3.154568516286091029e+00
-6.111294600000000088e+01 4.694766252472680201e-01 0.000000000000000000e+00 2.764609240381728394e+00
-6.096170400000004719e+01 4.683147669438632588e-01 0.000000000000000000e+00 3.059670167208395242e+00
-6.206079200000004192e+01 4.767580863853735362e-01 0.000000000000000000e+00 4.263135019759874744e+00
-6.147919200000002604e+01 4.722901688144579002e-01 0.000000000000000000e+00 2.594770399436901798e+00
-6.214905400000004221e+01 4.774361251416392449e-01 0.000000000000000000e+00 3.385143744897725959e+00
-6.156876400000006555e+01 4.729782711402182316e-01 0.000000000000000000e+00 4.016975487877173734e+00
-6.144206800000003454e+01 4.720049780099485615e-01 0.000000000000000000e+00 2.836835488865162347e+00
-6.254951200000006395e+01 4.805124891970274370e-01 0.000000000000000000e+00 3.201680247862286333e+00
-6.157152400000001791e+01 4.729994737751830325e-01 0.000000000000000000e+00 3.205073915822040043e+00
-6.230481000000003888e+01 4.786326605081721031e-01 0.000000000000000000e+00 3.460938140624925996e+00
-6.273775400000002378e+01 4.819585857227910441e-01 0.000000000000000000e+00 2.835665694540871140e+00
-6.205641400000003216e+01 4.767244540897657146e-01 0.000000000000000000e+00 3.628067302423306550e+00
-6.100722200000003426e+01 4.686644414142774329e-01 0.000000000000000000e+00 3.790573540984547130e+00
-6.132971600000004031e+01 4.711418771245849402e-01 0.000000000000000000e+00 3.054736973210457673e+00
-6.217450600000002936e+01 4.776316503101655231e-01 0.000000000000000000e+00 2.819221363305332240e+00
-6.245982200000000972e+01 4.798234803818011152e-01 0.000000000000000000e+00 3.261234353275744180e+00
-6.305060200000004045e+01 4.843619197603182824e-01 0.000000000000000000e+00 3.622591787349733750e+00
-6.241710799999999892e+01 4.794953465593730924e-01 0.000000000000000000e+00 3.668792665077885928e+00
-6.257536600000005222e+01 4.807111025754290945e-01 0.000000000000000000e+00 3.781759678603481944e+00
-6.181038800000006006e+01 4.748344542818187519e-01 0.000000000000000000e+00 3.183181031206096190e+00
-6.249763000000004354e+01 4.801139257523673320e-01 0.000000000000000000e+00 3.369826430008500129e+00
-6.098396600000001655e+01 4.684857861683536240e-01 0.000000000000000000e+00 3.188444824048871418e+00
-6.185167400000003113e+01 4.751516180452862725e-01 0.000000000000000000e+00 3.477660008434789951e+00
-6.192058000000000817e+01 4.756809618006875851e-01 0.000000000000000000e+00 3.311642810119801439e+00
-6.252279000000003606e+01 4.803072077435712739e-01 0.000000000000000000e+00 3.105843770502256351e+00
-6.139952600000004423e+01 4.716781655111489391e-01 0.000000000000000000e+00 2.979592068839443275e+00
-6.196984400000003035e+01 4.760594134705872782e-01 0.000000000000000000e+00 3.173203604564989178e+00
-6.262374200000003555e+01 4.810827325279919409e-01 0.000000000000000000e+00 3.821239726411185256e+00
-6.197525800000005347e+01 4.761010044364212823e-01 0.000000000000000000e+00 3.461404431881150323e+00
-6.173946800000003776e+01 4.742896387485838749e-01 0.000000000000000000e+00 3.018810125448619708e+00
-6.205963600000002600e+01 4.767492058614531958e-01 0.000000000000000000e+00 3.196441294280534251e+00
-6.315330800000001688e+01 4.851509189729014127e-01 0.000000000000000000e+00 3.919020096027406641e+00
-6.212286400000004249e+01 4.772349305728939561e-01 0.000000000000000000e+00 2.888456130405439470e+00
-6.217579400000006729e+01 4.776415448731495816e-01 0.000000000000000000e+00 3.311899965728726247e+00
-6.148677800000003657e+01 4.723484453321556420e-01 0.000000000000000000e+00 2.660481953740294614e+00
-6.191447200000003903e+01 4.756340394476562539e-01 0.000000000000000000e+00 3.225061657294244100e+00
-6.149550000000006378e+01 4.724154487314913275e-01 0.000000000000000000e+00 2.962319500156946450e+00
-6.236694200000004429e+01 4.791099656225396020e-01 0.000000000000000000e+00 3.961398709342419888e+00
-6.213973600000002051e+01 4.773645432022893820e-01 0.000000000000000000e+00 3.408185204620480135e+00
-6.216016600000004644e+01 4.775214887937163644e-01 0.000000000000000000e+00 3.652594578929373448e+00
-6.145831599999998929e+01 4.721297970001342992e-01 0.000000000000000000e+00 4.240225281386961420e+00
-6.323886600000000158e+01 4.858081852925925093e-01 0.000000000000000000e+00 3.751020455478506488e+00
-6.184570600000002827e+01 4.751057711882311629e-01 0.000000000000000000e+00 3.175211658444713869e+00
-6.176527800000000212e+01 4.744879141139641265e-01 0.000000000000000000e+00 3.223286053351971603e+00
-6.091425800000000379e+01 4.679502813574295539e-01 0.000000000000000000e+00 2.758606375909415043e+00
-6.229168400000005335e+01 4.785318250782619187e-01 0.000000000000000000e+00 3.086838968903857783e+00
-6.183453000000002930e+01 4.750199158808505739e-01 0.000000000000000000e+00 3.316601925651060156e+00
-6.264853000000004357e+01 4.812731567727441262e-01 0.000000000000000000e+00 3.360115171351642172e+00
-6.240883400000003434e+01 4.794317847471626370e-01 0.000000000000000000e+00 3.479860350391414947e+00
-6.188548200000004584e+01 4.754113349593811488e-01 0.000000000000000000e+00 2.908669207327042372e+00
-6.224886600000007064e+01 4.782028923159658551e-01 0.000000000000000000e+00 3.740137342484965544e+00
-6.240873800000004223e+01 4.794310472642073773e-01 0.000000000000000000e+00 3.112952046692345043e+00
-6.161980800000004166e+01 4.733703969732472872e-01 0.000000000000000000e+00 3.473673080855858686e+00
-6.182234600000004576e+01 4.749263170024393688e-01 0.000000000000000000e+00 3.482912361380134936e+00
-6.215308800000005363e+01 4.774671147899905432e-01 0.000000000000000000e+00 3.400479709571589293e+00
-6.172493000000002183e+01 4.741779561735390836e-01 0.000000000000000000e+00 3.016213800579806925e+00
-6.065990600000004918e+01 4.659963202673378935e-01 0.000000000000000000e+00 2.799360576838138215e+00
-6.240923199999998161e+01 4.794348422285811262e-01 0.000000000000000000e+00 3.267260892301011133e+00
-6.086693400000003606e+01 4.675867329889187851e-01 0.000000000000000000e+00 2.481597389277456323e+00
-6.237945600000001178e+01 4.792060995986096028e-01 0.000000000000000000e+00 2.909436996956037191e+00
-6.219679200000003050e+01 4.778028539053949530e-01 0.000000000000000000e+00 3.603534349386457780e+00
-6.330262400000002998e+01 4.862979815245156989e-01 0.000000000000000000e+00 2.976958966649549509e+00
-6.289232200000004269e+01 4.831459947377521047e-01 0.000000000000000000e+00 3.995961022134750351e+00
-6.253624400000002481e+01 4.804105629069121419e-01 0.000000000000000000e+00 2.856084158718157795e+00
-6.175098200000007154e+01 4.743780906105365403e-01 0.000000000000000000e+00 2.962663185102145658e+00
-6.136478600000004491e+01 4.714112888666964207e-01 0.000000000000000000e+00 3.224755173637686489e+00
-6.144769600000005028e+01 4.720482129482037048e-01 0.000000000000000000e+00 2.525759959960045098e+00
-6.160388200000004133e+01 4.732480516238071200e-01 0.000000000000000000e+00 3.299147674086490678e+00
-6.129247600000002905e+01 4.708557951948377784e-01 0.000000000000000000e+00 2.853394133631458995e+00
-6.276957200000001791e+01 4.822030152297913097e-01 0.000000000000000000e+00 3.237157952730334465e+00
-6.180261400000003391e+01 4.747747335266667701e-01 0.000000000000000000e+00 3.360182238835545565e+00
-6.120060200000003192e+01 4.701500086423786029e-01 0.000000000000000000e+00 2.876512584587261667e+00
-6.099367800000001694e+01 4.685603948606657521e-01 0.000000000000000000e+00 2.677296924461933791e+00
-6.120364400000001837e+01 4.701733776335248471e-01 0.000000000000000000e+00 2.860241386872051983e+00
-6.124953000000002845e+01 4.705258791219344983e-01 0.000000000000000000e+00 2.989159954609727610e+00
-6.167242800000005332e+01 4.737746298181262916e-01 0.000000000000000000e+00 3.367994219088586760e+00
-6.183806600000003328e+01 4.750470798363711777e-01 0.000000000000000000e+00 3.021538090905345086e+00
-6.114358000000001425e+01 4.697119591311529341e-01 0.000000000000000000e+00 3.111825673624778243e+00
-6.196875400000003253e+01 4.760510399661989078e-01 0.000000000000000000e+00 2.905412285054473021e+00
-6.287700800000004620e+01 4.830283508421520655e-01 0.000000000000000000e+00 2.957848014128317438e+00
-6.212792000000001025e+01 4.772737713418733208e-01 0.000000000000000000e+00 3.767057295539687267e+00
-6.156668000000002650e+01 4.729622616143964176e-01 0.000000000000000000e+00 3.100043715494959606e+00
-6.207637400000005101e+01 4.768777890875572356e-01 0.000000000000000000e+00 2.999220461367058110e+00
-6.190635600000005212e+01 4.755716914094762493e-01 0.000000000000000000e+00 2.787384507090414854e+00
-6.153202000000001703e+01 4.726959995390732083e-01 0.000000000000000000e+00 2.966554692064533594e+00
-6.294179200000002794e+01 4.835260289231598230e-01 0.000000000000000000e+00 3.687036475114429557e+00
-6.159243000000004287e+01 4.731600760529300342e-01 0.000000000000000000e+00 3.362077112951805002e+00
-6.168901800000002567e+01 4.739020760913404962e-01 0.000000000000000000e+00 3.117077818557863811e+00
-6.241359800000000035e+01 4.794683823388196098e-01 0.000000000000000000e+00 3.207903270726752076e+00
-6.190946600000005162e+01 4.755955827843826311e-01 0.000000000000000000e+00 3.193886745625591050e+00
-6.174361000000006783e+01 4.743214580652600487e-01 0.000000000000000000e+00 3.086875945830912737e+00
-6.143476000000003978e+01 4.719488371199756505e-01 0.000000000000000000e+00 3.224407424503288322e+00
-6.133306800000003989e+01 4.711676275711078055e-01 0.000000000000000000e+00 3.528565566651352015e+00
-6.190097400000004058e+01 4.755303462712941465e-01 0.000000000000000000e+00 3.580859523549894785e+00
-6.178539800000003623e+01 4.746424782500146544e-01 0.000000000000000000e+00 2.930825737196625091e+00
-6.178718800000002176e+01 4.746562292342854095e-01 0.000000000000000000e+00 3.095976835232942204e+00
-6.097779400000004557e+01 4.684383721600187123e-01 0.000000000000000000e+00 2.864395699690963415e+00
-6.179901600000003725e+01 4.747470932800709198e-01 0.000000000000000000e+00 2.959251271013318085e+00
-6.173227000000005660e+01 4.742343428911640069e-01 0.000000000000000000e+00 3.329369713927877950e+00
-6.251058800000003401e+01 4.802134705871057840e-01 0.000000000000000000e+00 3.101741125684675637e+00
-6.114327200000003160e+01 4.697095930400048136e-01 0.000000000000000000e+00 2.448257443883570694e+00
-6.261024600000000362e+01 4.809790547158577789e-01 0.000000000000000000e+00 3.384063323649350252e+00
-6.109493600000001834e+01 4.693382703720064830e-01 0.000000000000000000e+00 2.891674614381532393e+00
-6.211084800000001849e+01 4.771426222896542058e-01 0.000000000000000000e+00 3.040233114217369081e+00
-6.142714200000004610e+01 4.718903147746262849e-01 0.000000000000000000e+00 3.541538231601481179e+00
-6.198508400000004315e+01 4.761764888897427328e-01 0.000000000000000000e+00 3.663684632305834299e+00
-6.202980200000006761e+01 4.765200176688629274e-01 0.000000000000000000e+00 3.066575049421314425e+00
-6.181028600000004758e+01 4.748336707061786566e-01 0.000000000000000000e+00 3.841898923920331388e+00
-6.182709400000003797e+01 4.749627916802706684e-01 0.000000000000000000e+00 3.542500186261195783e+00
-6.219333200000005490e+01 4.777762737905475454e-01 0.000000000000000000e+00 2.964862995553083191e+00
-6.202839200000007480e+01 4.765091858879568765e-01 0.000000000000000000e+00 2.997965743892267554e+00
-6.199988200000003502e+01 4.762901688144579593e-01 0.000000000000000000e+00 3.989127252424565562e+00
-6.193451600000003765e+01 4.757880197430335301e-01 0.000000000000000000e+00 3.264118185828225993e+00
-6.080519400000004993e+01 4.671124392632856059e-01 0.000000000000000000e+00 2.988406099194185650e+00
-6.205915000000003801e+01 4.767454723539920614e-01 0.000000000000000000e+00 3.270800524429159140e+00
-6.182342400000003835e+01 4.749345983214582900e-01 0.000000000000000000e+00 3.181796335123614039e+00
-6.170592000000002031e+01 4.740319191841596003e-01 0.000000000000000000e+00 3.281596819793188402e+00
-6.197058800000004908e+01 4.760651289634910688e-01 0.000000000000000000e+00 2.461448077419945868e+00
-6.211112000000006361e+01 4.771447118246945895e-01 0.000000000000000000e+00 3.115105859381268605e+00
-6.125845200000004809e+01 4.705944189440937619e-01 0.000000000000000000e+00 3.353150141163959042e+00
-6.129383400000006787e+01 4.708662275058100866e-01 0.000000000000000000e+00 2.640027172963156588e+00
-6.227447200000001004e+01 4.783996005300659160e-01 0.000000000000000000e+00 3.096525799975699655e+00
-6.173281800000003017e+01 4.742385526897003878e-01 0.000000000000000000e+00 2.600237838864481343e+00
-6.192552600000001917e+01 4.757189575371142953e-01 0.000000000000000000e+00 2.947091507376810693e+00
-6.059533200000004172e+01 4.655002554302946627e-01 0.000000000000000000e+00 3.115133261636415352e+00
-6.159566800000002473e+01 4.731849507384433551e-01 0.000000000000000000e+00 3.502393291833860278e+00
-6.142628200000004313e+01 4.718837081564849489e-01 0.000000000000000000e+00 3.149513980667524748e+00
-6.249008400000003149e+01 4.800559565192342726e-01 0.000000000000000000e+00 3.718325474278806553e+00
-6.259321199999998697e+01 4.808481975839749567e-01 0.000000000000000000e+00 3.537103169740727360e+00
-6.156399400000004363e+01 4.729416274558761457e-01 0.000000000000000000e+00 2.993074329680761370e+00
-6.188218000000001950e+01 4.753859686185639144e-01 0.000000000000000000e+00 3.311835517313228117e+00
-6.166759000000003965e+01 4.737374637500242347e-01 0.000000000000000000e+00 2.963400929300282538e+00
-6.094205400000004147e+01 4.681638134014483588e-01 0.000000000000000000e+00 3.042888830209565576e+00
-6.248338400000000803e+01 4.800044863546448215e-01 0.000000000000000000e+00 3.666591808511886263e+00
-6.168667200000002993e+01 4.738840538516201351e-01 0.000000000000000000e+00 3.210113598042816374e+00
-6.197637600000004454e+01 4.761095930400048859e-01 0.000000000000000000e+00 3.395298521949956516e+00
-6.167557400000001877e+01 4.737987977491406322e-01 0.000000000000000000e+00 3.612118794723666593e+00
-6.120929000000002418e+01 4.702167508498339976e-01 0.000000000000000000e+00 3.418787028606739664e+00
-6.147811000000003645e+01 4.722818567669824774e-01 0.000000000000000000e+00 3.129708858099207180e+00
-6.209751200000004445e+01 4.770401736157793282e-01 0.000000000000000000e+00 3.331171109726846158e+00
-6.178216000000006147e+01 4.746176035645013891e-01 0.000000000000000000e+00 3.206593219407081641e+00
-6.154068200000001099e+01 4.727625420115615928e-01 0.000000000000000000e+00 3.032143544094829668e+00
-6.131627600000004463e+01 4.710386295108416888e-01 0.000000000000000000e+00 3.282466678948635419e+00
-6.194109600000001592e+01 4.758385680539284901e-01 0.000000000000000000e+00 2.913368670471495836e+00
-6.208030000000000825e+01 4.769079490675834365e-01 0.000000000000000000e+00 3.273760768118018749e+00
-6.173294600000001964e+01 4.742395360003073823e-01 0.000000000000000000e+00 3.107916856115892301e+00
-6.182862600000002828e+01 4.749745606790990449e-01 0.000000000000000000e+00 3.008313565036032866e+00
-6.255355000000003685e+01 4.805435095738349593e-01 0.000000000000000000e+00 3.690650954859597377e+00
-6.172760600000002995e+01 4.741985135109184069e-01 0.000000000000000000e+00 2.828040991009911576e+00
-6.201567600000002756e+01 4.764115001248345194e-01 0.000000000000000000e+00 3.938326093713963694e+00
-6.235001600000002497e+01 4.789799381589814886e-01 0.000000000000000000e+00 3.293018810546047614e+00
-6.114994400000001917e+01 4.697608481053986984e-01 0.000000000000000000e+00 2.833251903083676471e+00
-6.177917200000003817e+01 4.745946494075171662e-01 0.000000000000000000e+00 2.672259744303734585e+00
-6.236110600000005633e+01 4.790651328045482105e-01 0.000000000000000000e+00 3.159076106527400896e+00
-6.188532200000005901e+01 4.754101058211223640e-01 0.000000000000000000e+00 3.012196351051652510e+00
-6.122932800000002374e+01 4.703706850525266048e-01 0.000000000000000000e+00 2.852248523890645426e+00
-6.195735000000003367e+01 4.759634331367994520e-01 0.000000000000000000e+00 3.018525030055359437e+00
-6.230304600000002324e+01 4.786191092588681917e-01 0.000000000000000000e+00 3.019217009990865730e+00
-6.149904400000004756e+01 4.724426741439247124e-01 0.000000000000000000e+00 3.714332701935936232e+00
-6.205079400000003176e+01 4.766812806084236298e-01 0.000000000000000000e+00 3.259654455685247587e+00
-6.200632400000004196e+01 4.763396569936049207e-01 0.000000000000000000e+00 3.082330014683401398e+00
-6.281879800000005076e+01 4.825811749793546546e-01 0.000000000000000000e+00 3.567099379981250706e+00
-6.165649600000003261e+01 4.736522383760012889e-01 0.000000000000000000e+00 3.350203160428551818e+00
-6.095010800000001439e+01 4.682256851485529503e-01 0.000000000000000000e+00 2.553341164940912567e+00
-6.171419000000003052e+01 4.740954502679138871e-01 0.000000000000000000e+00 3.189742946531820333e+00
-6.164354400000004830e+01 4.735527396339475614e-01 0.000000000000000000e+00 3.287073549168074482e+00
-6.208746200000003768e+01 4.769629683688953459e-01 0.000000000000000000e+00 3.102789962350111175e+00
-6.232911599999999197e+01 4.788193819739191004e-01 0.000000000000000000e+00 4.007223060614319543e+00
-6.272329200000000782e+01 4.818474869884192269e-01 0.000000000000000000e+00 3.344329949277182301e+00
-6.171101800000003834e+01 4.740710826019323143e-01 0.000000000000000000e+00 3.463539255883562706e+00
-6.198453000000003499e+01 4.761722329985214053e-01 0.000000000000000000e+00 3.234949901583882514e+00
-6.196517600000004933e+01 4.760235533618855097e-01 0.000000000000000000e+00 3.353300520446726551e+00
-6.156598800000004701e+01 4.729569455914270915e-01 0.000000000000000000e+00 4.099675346724592551e+00
-6.233518400000004078e+01 4.788659970423863044e-01 0.000000000000000000e+00 3.422263722805167774e+00
-6.169012200000002366e+01 4.739105571453265386e-01 0.000000000000000000e+00 2.936244434392512925e+00
-6.225733000000003159e+01 4.782679137298586625e-01 0.000000000000000000e+00 3.080938668242966472e+00
-6.146357199999999921e+01 4.721701741919375750e-01 0.000000000000000000e+00 2.740635862150432978e+00
-6.205794399999999911e+01 4.767362077243657015e-01 0.000000000000000000e+00 3.802236092816856150e+00
-6.205943000000001319e+01 4.767476233459448376e-01 0.000000000000000000e+00 3.188300889362719381e+00
-6.025374600000000669e+01 4.628761527972498069e-01 0.000000000000000000e+00 3.105755207412147723e+00
-6.382678400000002483e+01 4.903246384605044472e-01 0.000000000000000000e+00 3.803070717322191818e+00
-6.142394600000005056e+01 4.718657627379058139e-01 0.000000000000000000e+00 3.096119785594788176e+00
-6.182748399999998412e+01 4.749657877047762100e-01 0.000000000000000000e+00 2.971438249271952436e+00
-6.157139200000002432e+01 4.729984597361195364e-01 0.000000000000000000e+00 2.845558415796999974e+00
-6.207550000000003365e+01 4.768710749198181165e-01 0.000000000000000000e+00 3.019156168818892372e+00
-6.123231800000004910e+01 4.703936545737389952e-01 0.000000000000000000e+00 3.101712365005544036e+00
-6.240328000000005915e+01 4.793891182853525224e-01 0.000000000000000000e+00 3.101592352520253115e+00
-6.234330000000002059e+01 4.789283450805662534e-01 0.000000000000000000e+00 2.850138019837146430e+00
-6.204752200000004336e+01 4.766561447310302402e-01 0.000000000000000000e+00 2.713567838707683144e+00
-6.245289600000008789e+01 4.797702740594217974e-01 0.000000000000000000e+00 3.312008399684366111e+00
-6.224455200000004140e+01 4.781697516756613919e-01 0.000000000000000000e+00 4.299304737742575711e+00
-6.207812000000003394e+01 4.768912020588068068e-01 0.000000000000000000e+00 3.307959695808113665e+00
-6.257705800000003649e+01 4.807241007125163113e-01 0.000000000000000000e+00 3.063281101845740206e+00
-6.181588800000007211e+01 4.748767059094667897e-01 0.000000000000000000e+00 2.497706647956978276e+00
-6.223591000000003959e+01 4.781033628454553486e-01 0.000000000000000000e+00 3.591685470512542722e+00
-6.257287800000003841e+01 4.806919894755039002e-01 0.000000000000000000e+00 3.329975518082116892e+00
-6.208825400000000627e+01 4.769690526032764333e-01 0.000000000000000000e+00 3.229403330054277710e+00
-6.142165800000002918e+01 4.718481860608040868e-01 0.000000000000000000e+00 3.260003321346142346e+00
-6.167673400000003170e+01 4.738077090015174186e-01 0.000000000000000000e+00 3.641352147577971987e+00
-6.200855800000004336e+01 4.763568188365441269e-01 0.000000000000000000e+00 2.817722156664417277e+00
-6.230287200000004333e+01 4.786177725710118458e-01 0.000000000000000000e+00 3.237234295701916675e+00
-6.155072400000005217e+01 4.728396858015329607e-01 0.000000000000000000e+00 2.494920691321437012e+00
-6.277709200000004586e+01 4.822607847279574145e-01 0.000000000000000000e+00 3.453214264815207102e+00
-6.256338600000002970e+01 4.806190708482976359e-01 0.000000000000000000e+00 3.239519262533758770e+00
-6.218396600000003360e+01 4.777043231097199971e-01 0.000000000000000000e+00 3.386899151773915317e+00
-6.251772400000005092e+01 4.802682901534505722e-01 0.000000000000000000e+00 3.868944782015745876e+00
-6.213249800000004797e+01 4.773089400603048871e-01 0.000000000000000000e+00 3.225571815064326220e+00
-6.169054400000005245e+01 4.739137989974844811e-01 0.000000000000000000e+00 3.138733633792938793e+00
-6.173173000000004862e+01 4.742301945495403515e-01 0.000000000000000000e+00 3.647510076017127290e+00
-6.184284000000003800e+01 4.750837542491695986e-01 0.000000000000000000e+00 3.526257992303289956e+00
-6.205812200000004708e+01 4.767375751406790485e-01 0.000000000000000000e+00 2.812018099413710726e+00
-6.273952400000006691e+01 4.819721830647799021e-01 0.000000000000000000e+00 3.546754990729789281e+00
-6.213628600000004809e+01 4.773380399085831449e-01 0.000000000000000000e+00 2.824349859899645931e+00
-6.261079400000004824e+01 4.809832645143946595e-01 0.000000000000000000e+00 3.107858233504159351e+00
-6.101844400000002366e+01 4.687506500989073732e-01 0.000000000000000000e+00 3.172158626739204568e+00
-6.260377200000002063e+01 4.809293207090592492e-01 0.000000000000000000e+00 2.952119671621006969e+00
-6.163177000000002437e+01 4.734622904223243500e-01 0.000000000000000000e+00 3.088891190862815161e+00
-6.324386200000007108e+01 4.858465651347255720e-01 0.000000000000000000e+00 2.863869227686364205e+00
-6.253469000000004741e+01 4.803986249015732013e-01 0.000000000000000000e+00 3.376787376989250244e+00
-6.138280800000003978e+01 4.715497359273274625e-01 0.000000000000000000e+00 2.843946748484961429e+00
-6.197645600000003441e+01 4.761102076091342505e-01 0.000000000000000000e+00 3.136731491112584091e+00
-6.205419200000002888e+01 4.767073844321959020e-01 0.000000000000000000e+00 2.958416371952119039e+00
-6.159978600000003013e+01 4.732165856843805196e-01 0.000000000000000000e+00 2.870831725504936927e+00
-6.228982400000005981e+01 4.785175363460028031e-01 0.000000000000000000e+00 2.915982384253507753e+00
-6.261239400000004451e+01 4.809955558969831180e-01 0.000000000000000000e+00 3.470770147755321666e+00
-6.251883200000002461e+01 4.802768019358928941e-01 0.000000000000000000e+00 2.450008044714889532e+00
-6.211504400000004722e+01 4.771748564404927340e-01 0.000000000000000000e+00 2.833148210291651647e+00
-6.218526800000003618e+01 4.777143252223013947e-01 0.000000000000000000e+00 3.099451169366746139e+00
-6.254366600000007281e+01 4.804675795578948194e-01 0.000000000000000000e+00 3.922120732466613635e+00
-6.217493000000001757e+01 4.776349075265514110e-01 0.000000000000000000e+00 3.292297749630524795e+00
-6.165159600000002627e+01 4.736145960168239855e-01 0.000000000000000000e+00 3.588315379367039704e+00
-6.202913400000002753e+01 4.765148860166319444e-01 0.000000000000000000e+00 3.049287809157203988e+00
-6.235224600000002937e+01 4.789970692734642488e-01 0.000000000000000000e+00 3.310596647114055546e+00
-6.387310200000004556e+01 4.906804586222131559e-01 0.000000000000000000e+00 3.573038199197601905e+00
-6.381871600000003752e+01 4.902626591638021281e-01 0.000000000000000000e+00 2.927233617713268288e+00
-6.388161000000002332e+01 4.907458180491272581e-01 0.000000000000000000e+00 3.676895102260914872e+00
-6.216014800000005636e+01 4.775213505156623017e-01 0.000000000000000000e+00 2.911956208478584163e+00
-6.345933199999997498e+01 4.875018302636883183e-01 0.000000000000000000e+00 2.805415065741050817e+00
-6.418188600000007682e+01 4.930525725479657506e-01 0.000000000000000000e+00 3.258574710334615432e+00
-6.350515000000002175e+01 4.878538093683382759e-01 0.000000000000000000e+00 3.453307406521955336e+00
-6.372277600000002451e+01 4.895256371353398084e-01 0.000000000000000000e+00 3.285966887674452330e+00
-6.418160600000001637e+01 4.930504215560123082e-01 0.000000000000000000e+00 2.712215084801768317e+00
-6.358941000000003640e+01 4.885011043039046430e-01 0.000000000000000000e+00 2.721816901697032609e+00
-6.351903400000006172e+01 4.879604678407502005e-01 0.000000000000000000e+00 3.199857276243311954e+00
