-1.878416199999999847e+01 3.711866845039195062e-01 0.000000000000000000e+00 1.985564422453507616e+00
-1.847523000000001758e+01 3.650819966920725856e-01 0.000000000000000000e+00 2.214887016089173599e+00
-1.924227800000000244e+01 3.802393406276368681e-01 0.000000000000000000e+00 1.823911048224211795e+00
-1.959800000000001674e+01 3.872686278423185247e-01 0.000000000000000000e+00 2.060583564591998762e+00
-1.909723800000000793e+01 3.773732603244300265e-01 0.000000000000000000e+00 2.519125625555282522e+00
-1.941352800000001011e+01 3.836233467771419381e-01 0.000000000000000000e+00 2.927597714819121233e+00
-1.943362400000001244e+01 3.840204561936701455e-01 0.000000000000000000e+00 2.333910392155213120e+00
-1.878305600000000908e+01 3.711648292583643594e-01 0.000000000000000000e+00 2.039789267305361253e+00
-1.964499800000000818e+01 3.881973374540814148e-01 0.000000000000000000e+00 2.493575713303239016e+00
-2.009824000000001476e+01 3.971536803166444973e-01 0.000000000000000000e+00 2.502005065921927507e+00
-1.938474600000001047e+01 3.830545966165868621e-01 0.000000000000000000e+00 2.190936055819728168e+00
-1.965965000000000629e+01 3.884868700561400767e-01 0.000000000000000000e+00 2.408220913450383360e+00
-1.959194000000002589e+01 3.871488784860208643e-01 0.000000000000000000e+00 2.275369467256966871e+00
-1.999149400000001009e+01 3.950443131900163718e-01 0.000000000000000000e+00 1.899641910424810565e+00
-1.987665200000000354e+01 3.927749640850735080e-01 0.000000000000000000e+00 2.408866186390467234e+00
-1.977103400000000732e+01 3.906878869376376184e-01 0.000000000000000000e+00 2.161875747474676590e+00
-2.006522000000000716e+01 3.965011846491602321e-01 0.000000000000000000e+00 2.642187407234675600e+00
-1.975638400000000772e+01 3.903983938568186818e-01 0.000000000000000000e+00 2.268242011953732540e+00
-1.990792000000000428e+01 3.933928391465784657e-01 0.000000000000000000e+00 2.176622738709367066e+00
-1.967852400000001012e+01 3.888598319952102367e-01 0.000000000000000000e+00 1.978704211291272719e+00
-1.941711600000002136e+01 3.836942478811679602e-01 0.000000000000000000e+00 2.314731921590991170e+00
-1.926528400000001540e+01 3.806939534479320542e-01 0.000000000000000000e+00 2.581803495199086917e+00
-1.957364400000001226e+01 3.867873381852244274e-01 0.000000000000000000e+00 1.994303993945423237e+00
-1.992319600000000790e+01 3.936947023754242547e-01 0.000000000000000000e+00 2.303026135630679150e+00
-1.936223800000001205e+01 3.826098245849778312e-01 0.000000000000000000e+00 2.000454092428804564e+00
-1.930365400000001586e+01 3.814521684316196648e-01 0.000000000000000000e+00 2.129036801396587020e+00
-1.970398400000001260e+01 3.893629373766198665e-01 0.000000000000000000e+00 2.103242082865250051e+00
-1.974581999999999837e+01 3.901896426687112007e-01 0.000000000000000000e+00 2.045910553649731956e+00
-1.924268800000000468e+01 3.802474424817758880e-01 0.000000000000000000e+00 1.885999236012142033e+00
-1.985508200000000656e+01 3.923487275148848097e-01 0.000000000000000000e+00 2.148210322847341036e+00
-1.975720200000001725e+01 3.904145580438570518e-01 0.000000000000000000e+00 2.288579389891105098e+00
-1.940571600000000529e+01 3.834689768148648592e-01 0.000000000000000000e+00 2.432572729059844008e+00
-1.950600600000000640e+01 3.854507693797340484e-01 0.000000000000000000e+00 1.809332877214609336e+00
-1.931791000000000125e+01 3.817338758282169953e-01 0.000000000000000000e+00 1.751777351374277147e+00
-1.950453200000000464e+01 3.854216422260734465e-01 0.000000000000000000e+00 1.818010352499110249e+00
-1.977897800000001283e+01 3.908448653017350671e-01 0.000000000000000000e+00 1.943437747160136952e+00
-1.968214800000001574e+01 3.889314444815508143e-01 0.000000000000000000e+00 2.129880867369787989e+00
-1.963945600000001335e+01 3.880878240988666072e-01 0.000000000000000000e+00 2.506238809806802692e+00
-1.963279800000001529e+01 3.879562578918978599e-01 0.000000000000000000e+00 2.500681540796590330e+00
-1.977016400000000829e+01 3.906706951983671683e-01 0.000000000000000000e+00 2.000166718077533545e+00
-1.931440000000000623e+01 3.816645160525396485e-01 0.000000000000000000e+00 1.998501725358931447e+00
-1.977490400000001358e+01 3.907643605364615746e-01 0.000000000000000000e+00 2.623042644705463555e+00
-2.005082000000000875e+01 3.962166317233040691e-01 0.000000000000000000e+00 1.978455889900714748e+00
-1.915665600000001589e+01 3.785473968347442542e-01 0.000000000000000000e+00 2.081593486464859755e+00
-2.047936600000002016e+01 4.046849663180238643e-01 0.000000000000000000e+00 2.149507147091625825e+00
-2.018623000000000189e+01 3.988924172573445892e-01 0.000000000000000000e+00 2.275937201983775804e+00
-1.958150000000001256e+01 3.869425776147748519e-01 0.000000000000000000e+00 2.160078723593474415e+00
-1.970549800000000928e+01 3.893928549550744189e-01 0.000000000000000000e+00 1.946075101168990962e+00
-1.924119400000001079e+01 3.802179201157184218e-01 0.000000000000000000e+00 2.361231522445416342e+00
-1.985892800000001301e+01 3.924247268588323956e-01 0.000000000000000000e+00 2.565888540848289878e+00
-1.992351600000000289e+01 3.937010257737765251e-01 0.000000000000000000e+00 2.477113215207075836e+00
-1.950980400000001680e+01 3.855258202139288382e-01 0.000000000000000000e+00 1.727299471845685330e+00
-1.933529000000000764e+01 3.820773154012296891e-01 0.000000000000000000e+00 1.862247034654856970e+00
-1.986841200000001351e+01 3.926121365775004368e-01 0.000000000000000000e+00 2.436138323405228068e+00
-2.004858200000001744e+01 3.961724074560774578e-01 0.000000000000000000e+00 2.188379298295448638e+00
-1.871763400000000388e+01 3.698720499864640576e-01 0.000000000000000000e+00 2.013112497833474901e+00
-1.969343600000000905e+01 3.891545023584301877e-01 0.000000000000000000e+00 1.839258176082648077e+00
-1.979921000000000930e+01 3.912446621625629284e-01 0.000000000000000000e+00 2.000051905462819413e+00
-2.024911800000001350e+01 4.001351231185422685e-01 0.000000000000000000e+00 2.612227409330313943e+00
-1.910620200000001390e+01 3.775503945207756007e-01 0.000000000000000000e+00 1.799267294979775000e+00
-1.945591600000001264e+01 3.844609599313913995e-01 0.000000000000000000e+00 2.018385327194573087e+00
-1.890866200000000674e+01 3.736468816753845124e-01 0.000000000000000000e+00 2.540597968536803641e+00
-1.984753600000001938e+01 3.921996138774885288e-01 0.000000000000000000e+00 2.294778321263605925e+00
-1.957398800000001415e+01 3.867941358384532902e-01 0.000000000000000000e+00 1.919307547338020337e+00
-1.984228200000000797e+01 3.920957915807904981e-01 0.000000000000000000e+00 2.347826502649080105e+00
-1.915294400000001573e+01 3.784740454138568744e-01 0.000000000000000000e+00 2.693662389376856314e+00
-1.960544400000001630e+01 3.874157258964902595e-01 0.000000000000000000e+00 2.227027571927489902e+00
-1.912850800000001072e+01 3.779911749071747096e-01 0.000000000000000000e+00 2.287045654240819736e+00
-1.963747000000000043e+01 3.880485795078419953e-01 0.000000000000000000e+00 2.354041873141820229e+00
-2.020361600000001800e+01 3.992359753940765144e-01 0.000000000000000000e+00 2.106197885736956987e+00
-1.984897000000001910e+01 3.922279506063550136e-01 0.000000000000000000e+00 2.313599317408948419e+00
-1.949664000000000286e+01 3.852656914142083555e-01 0.000000000000000000e+00 2.087740077382016946e+00
-1.997513400000001127e+01 3.947210294492519700e-01 0.000000000000000000e+00 1.939597064071178378e+00
-2.020406200000001107e+01 3.992447886305299787e-01 0.000000000000000000e+00 2.244363917572417488e+00
-1.986888600000001404e+01 3.926215031113098886e-01 0.000000000000000000e+00 2.335311291733281891e+00
-1.959483400000000941e+01 3.872060657198697076e-01 0.000000000000000000e+00 1.905523307757761131e+00
-1.974561600000001249e+01 3.901856115022618865e-01 0.000000000000000000e+00 2.100085708530905926e+00
-1.981757400000000757e+01 3.916075461855089146e-01 0.000000000000000000e+00 2.035312533944682034e+00
-1.990825000000001666e+01 3.933993601511295846e-01 0.000000000000000000e+00 1.894673400788791984e+00
-1.970137400000001193e+01 3.893113621588084605e-01 0.000000000000000000e+00 2.230120880658148064e+00
-1.897318400000001404e+01 3.749218763894188733e-01 0.000000000000000000e+00 2.239076054068514399e+00
-1.993805600000001732e+01 3.939883451864121811e-01 0.000000000000000000e+00 2.286944946682266888e+00
-1.960201200000000554e+01 3.873479074491609775e-01 0.000000000000000000e+00 1.750143554820806191e+00
-2.006193200000001298e+01 3.964362117310898381e-01 0.000000000000000000e+00 2.056765607505673277e+00
-1.962133200000000244e+01 3.877296826246846018e-01 0.000000000000000000e+00 1.966974634073065165e+00
-1.945204000000001798e+01 3.843843677688485450e-01 0.000000000000000000e+00 2.101290507466227808e+00
-1.950217200000000872e+01 3.853750071632248697e-01 0.000000000000000000e+00 2.028284386555158303e+00
-1.910416600000000997e+01 3.775101618987586338e-01 0.000000000000000000e+00 1.887676288601807473e+00
-1.997448800000001867e+01 3.947082640888283089e-01 0.000000000000000000e+00 2.368307239114985308e+00
-1.987074600000001467e+01 3.926582578642329735e-01 0.000000000000000000e+00 2.211511353749199049e+00
-1.988777200000001244e+01 3.929947021778181782e-01 0.000000000000000000e+00 2.202573779595502490e+00
-1.939448400000000206e+01 3.832470255326969610e-01 0.000000000000000000e+00 2.451382061915030608e+00
-1.946919600000000017e+01 3.847233809630140611e-01 0.000000000000000000e+00 2.242521701342918394e+00
-1.955450000000000799e+01 3.864090408787944630e-01 0.000000000000000000e+00 2.231703201366592282e+00
-2.025562200000001667e+01 4.002636461900540010e-01 0.000000000000000000e+00 2.363050347787320593e+00
-2.001309800000001715e+01 3.954712216212801779e-01 0.000000000000000000e+00 2.889986263501658659e+00
-2.008212000000000330e+01 3.968351391246441318e-01 0.000000000000000000e+00 2.133066616565706397e+00
-1.958913400000000848e+01 3.870934301867182681e-01 0.000000000000000000e+00 2.041239678206071773e+00
-1.947276800000001273e+01 3.847939658971225030e-01 0.000000000000000000e+00 2.264530363373920885e+00
-1.929769000000000645e+01 3.813343160948273747e-01 0.000000000000000000e+00 2.036417681031119198e+00
-1.969858400000000742e+01 3.892562300294237221e-01 0.000000000000000000e+00 2.936100537620287110e+00
-2.017676600000001486e+01 3.987054027510738008e-01 0.000000000000000000e+00 2.626359963489814930e+00
-1.977542800000000867e+01 3.907747151012634923e-01 0.000000000000000000e+00 2.186625502480241678e+00
-2.030402600000001456e+01 4.012201392333277772e-01 0.000000000000000000e+00 2.680734922699709255e+00
-1.947583400000001674e+01 3.848545519575861662e-01 0.000000000000000000e+00 2.570431637856359863e+00
-1.870852600000002397e+01 3.696920702608604281e-01 0.000000000000000000e+00 1.952644652959496518e+00
-1.994546200000000979e+01 3.941346923370294131e-01 0.000000000000000000e+00 2.359368104531979871e+00
-1.911205800000000110e+01 3.776661127106235583e-01 0.000000000000000000e+00 1.766176742884774331e+00
-1.931435200000000663e+01 3.816635675427867969e-01 0.000000000000000000e+00 1.895468626177770011e+00
-1.968346200000001289e+01 3.889574099360351145e-01 0.000000000000000000e+00 1.905974194594618476e+00
-1.994124400000001174e+01 3.940513420424974211e-01 0.000000000000000000e+00 2.393602013969065911e+00
-1.833246800000000931e+01 3.622609310808863614e-01 0.000000000000000000e+00 1.678820524809371051e+00
-1.948657600000001011e+01 3.850668205360268104e-01 0.000000000000000000e+00 1.922579983289500083e+00
-2.010364000000001283e+01 3.972603876638404752e-01 0.000000000000000000e+00 2.165653890382599922e+00
-1.979532400000000791e+01 3.911678723938213920e-01 0.000000000000000000e+00 2.109521540138206586e+00
-1.998577000000001291e+01 3.949312034019885620e-01 0.000000000000000000e+00 2.602080851448461019e+00
-1.989345200000001057e+01 3.931069424985725314e-01 0.000000000000000000e+00 2.097455969197740355e+00
-1.922302200000000383e+01 3.798588301317836757e-01 0.000000000000000000e+00 2.113799349803164862e+00
-1.981973600000000602e+01 3.916502686456270199e-01 0.000000000000000000e+00 2.135429823717989173e+00
-2.010851400000000311e+01 3.973567009249946991e-01 0.000000000000000000e+00 1.582012376627319528e+00
-2.015169200000000060e+01 3.982099249689264320e-01 0.000000000000000000e+00 2.255749183872492125e+00
-1.938394400000000317e+01 3.830387485994661279e-01 0.000000000000000000e+00 2.015129394663370821e+00
-1.947965800000000414e+01 3.849301165678966075e-01 0.000000000000000000e+00 1.930701330949272876e+00
-2.011541400000001545e+01 3.974930492019677075e-01 0.000000000000000000e+00 2.101869581102413953e+00
-1.976753400000000838e+01 3.906187247681586761e-01 0.000000000000000000e+00 1.968506888416043488e+00
-2.034855200000002284e+01 4.021000005928190291e-01 0.000000000000000000e+00 2.490182919510577353e+00
-1.960613000000001094e+01 3.874292816817080376e-01 0.000000000000000000e+00 1.801076779023979668e+00
-1.937086000000001818e+01 3.827802006493343234e-01 0.000000000000000000e+00 2.520212634768035365e+00
-1.936403400000001085e+01 3.826453146582304288e-01 0.000000000000000000e+00 1.680914592330946089e+00
-1.954034200000001320e+01 3.861292700229423391e-01 0.000000000000000000e+00 2.066098434940757400e+00
-1.905048200000000946e+01 3.764493327826708979e-01 0.000000000000000000e+00 1.563456412314740751e+00
-1.963267000000000806e+01 3.879537285325567741e-01 0.000000000000000000e+00 2.280357529361825897e+00
-1.993091200000002061e+01 3.938471753181957968e-01 0.000000000000000000e+00 2.185981325864029934e+00
-1.991218400000000344e+01 3.934770984296236396e-01 0.000000000000000000e+00 2.153832293290311561e+00
-1.870877800000002011e+01 3.696970499370628160e-01 0.000000000000000000e+00 2.211967899906818857e+00
-1.963981600000002103e+01 3.880949379220131612e-01 0.000000000000000000e+00 2.003496730729661834e+00
-1.994030000000000413e+01 3.940326880173578017e-01 0.000000000000000000e+00 2.658004354147424309e+00
-1.958767600000000186e+01 3.870646192029751909e-01 0.000000000000000000e+00 2.068734497131084815e+00
-1.937206600000000734e+01 3.828040319568745686e-01 0.000000000000000000e+00 2.199827331342442349e+00
-1.943828400000001366e+01 3.841125406821763733e-01 0.000000000000000000e+00 2.156009681333560302e+00
-1.959400400000000175e+01 3.871896644053930969e-01 0.000000000000000000e+00 2.059452252465654887e+00
-2.020431000000000310e+01 3.992496892642529160e-01 0.000000000000000000e+00 2.040371640217051308e+00
-2.000883200000000883e+01 3.953869228169951122e-01 0.000000000000000000e+00 2.404025867391378579e+00
-1.998307800000000967e+01 3.948780078133493077e-01 0.000000000000000000e+00 2.115103947278700325e+00
-1.983974200000001886e+01 3.920455996063688109e-01 0.000000000000000000e+00 1.970839429892806249e+00
-1.954179800000000355e+01 3.861580414854454135e-01 0.000000000000000000e+00 2.523697018344317033e+00
-2.063178400000001744e+01 4.076968404744923391e-01 0.000000000000000000e+00 2.392706553899735855e+00
-1.912811000000000661e+01 3.779833101804738749e-01 0.000000000000000000e+00 1.793637221154576356e+00
-2.015067400000000930e+01 3.981898086579181983e-01 0.000000000000000000e+00 2.414982270199468761e+00
-2.002707800000000660e+01 3.957474750867986391e-01 0.000000000000000000e+00 2.811215853984344815e+00
-1.956928400000000678e+01 3.867011818826734393e-01 0.000000000000000000e+00 1.969944604190634996e+00
-1.941908199999999951e+01 3.837330972597948198e-01 0.000000000000000000e+00 2.136825109257075805e+00
-1.958001400000001269e+01 3.869132133336761203e-01 0.000000000000000000e+00 2.297748200858722001e+00
-1.977915600000000751e+01 3.908483826920684523e-01 0.000000000000000000e+00 1.902633343039179747e+00
-1.915320399999999879e+01 3.784791831750178304e-01 0.000000000000000000e+00 2.070368799914789726e+00
-1.970489800000001779e+01 3.893809985831639398e-01 0.000000000000000000e+00 2.004888073048095354e+00
-2.022655200000000875e+01 3.996892049709817041e-01 0.000000000000000000e+00 2.450090681417256278e+00
-1.973608200000001034e+01 3.899972137526012128e-01 0.000000000000000000e+00 1.958137797298259652e+00
-1.983810200000000634e+01 3.920131921898127314e-01 0.000000000000000000e+00 2.009138241417765869e+00
-1.973500200000000504e+01 3.899758722831618840e-01 0.000000000000000000e+00 2.240400487556281739e+00
-1.941510600000001219e+01 3.836545290352670334e-01 0.000000000000000000e+00 2.227050831032834743e+00
-1.982646600000001413e+01 3.917832576172252113e-01 0.000000000000000000e+00 1.871579320999224860e+00
-1.908205800000000707e+01 3.770732941150899409e-01 0.000000000000000000e+00 1.969703058848303767e+00
-1.894154600000001665e+01 3.742966898985690682e-01 0.000000000000000000e+00 2.043993007727864963e+00
-2.042740800000000689e+01 4.036582440317989517e-01 0.000000000000000000e+00 2.000315172423151378e+00
-1.991290000000001825e+01 3.934912470334372969e-01 0.000000000000000000e+00 1.823203174125531678e+00
-1.995877200000001395e+01 3.943977061872479539e-01 0.000000000000000000e+00 2.283780624982720386e+00
-2.003553600000000756e+01 3.959146104094994900e-01 0.000000000000000000e+00 2.049476144425617985e+00
-1.988302200000001463e+01 3.929008392335253674e-01 0.000000000000000000e+00 2.114540660370378689e+00
-1.999856600000000384e+01 3.951840602936033675e-01 0.000000000000000000e+00 1.935860933325469269e+00
-1.978819200000001644e+01 3.910269396530433594e-01 0.000000000000000000e+00 2.174309844278237147e+00
-2.003217200000000986e+01 3.958481356843203680e-01 0.000000000000000000e+00 2.126813543236202531e+00
-2.004193600000001041e+01 3.960410783765467291e-01 0.000000000000000000e+00 1.977429656490383714e+00
-1.843447000000000813e+01 3.642765538269406300e-01 0.000000000000000000e+00 1.820308852110186892e+00
-1.998252600000001422e+01 3.948670999511915691e-01 0.000000000000000000e+00 2.023703698049442501e+00
-1.970410000000001460e+01 3.893652296085226561e-01 0.000000000000000000e+00 2.376907073735049725e+00
-1.975144400000000999e+01 3.903007763947541342e-01 0.000000000000000000e+00 2.104997206568361534e+00
-2.013665200000001221e+01 3.979127252463657838e-01 0.000000000000000000e+00 2.043186258016007617e+00
-1.923402800000000923e+01 3.800763155138652261e-01 0.000000000000000000e+00 2.061727665155776101e+00
-1.973302800000000801e+01 3.899368648195758458e-01 0.000000000000000000e+00 1.959879932731398933e+00
-1.986595200000001782e+01 3.925635254526667617e-01 0.000000000000000000e+00 2.011045232953714290e+00
-1.969792800000001165e+01 3.892432670628014901e-01 0.000000000000000000e+00 2.148226534528546061e+00
-1.914090800000001025e+01 3.782362065933286277e-01 0.000000000000000000e+00 2.207561122559088318e+00
-1.980643200000001869e+01 3.913873733591279325e-01 0.000000000000000000e+00 2.674424219837332473e+00
-2.037618200000000712e+01 4.026459865193052767e-01 0.000000000000000000e+00 2.251514992553442340e+00
-1.889254000000000744e+01 3.733283009621447546e-01 0.000000000000000000e+00 2.236898963866150059e+00
-1.899929200000000762e+01 3.754377866524918894e-01 0.000000000000000000e+00 2.126944587315596102e+00
-1.985760400000001269e+01 3.923985637981494690e-01 0.000000000000000000e+00 1.953810688694420428e+00
-2.011916200000001353e+01 3.975671120051696428e-01 0.000000000000000000e+00 2.083372763494983904e+00
-1.951378800000000524e+01 3.856045465234154701e-01 0.000000000000000000e+00 2.069888011281886708e+00
-1.952798400000001422e+01 3.858850682828222078e-01 0.000000000000000000e+00 1.996325421374040676e+00
-1.928745400000001808e+01 3.811320463900315092e-01 0.000000000000000000e+00 2.200178201387929633e+00
-1.918423800000001478e+01 3.790924342514779277e-01 0.000000000000000000e+00 1.670257093546204441e+00
-1.919568800000001119e+01 3.793186933487732171e-01 0.000000000000000000e+00 1.632839121723356435e+00
-1.916502400000000250e+01 3.787127537016581891e-01 0.000000000000000000e+00 1.857893391985621534e+00
-2.074869200000001257e+01 4.100070150200473829e-01 0.000000000000000000e+00 2.217625906082739906e+00
-1.936384200000002309e+01 3.826415206192192442e-01 0.000000000000000000e+00 1.963621636350402877e+00
-1.882548600000001215e+01 3.720032723586476076e-01 0.000000000000000000e+00 1.744007736349951987e+00
-2.028532400000000990e+01 4.008505761208719376e-01 0.000000000000000000e+00 2.485016546217295730e+00
-2.007387800000000055e+01 3.966722720958311132e-01 0.000000000000000000e+00 1.778282840984924285e+00
-2.071810600000000591e+01 4.094026167012808082e-01 0.000000000000000000e+00 2.493078099633609046e+00
-2.103770400000000862e+01 4.157180712844602555e-01 0.000000000000000000e+00 1.904371612360265198e+00
-2.065335600000001293e+01 4.081231165659207072e-01 0.000000000000000000e+00 1.982611855344745821e+00
-2.039805400000001612e+01 4.030781907966892175e-01 0.000000000000000000e+00 1.945427424325351762e+00
-2.106964000000002457e+01 4.163491464400260189e-01 0.000000000000000000e+00 1.698588337592737529e+00
-2.192705800000000593e+01 4.332922575915362784e-01 0.000000000000000000e+00 2.449988322923316808e+00
-2.099897600000001674e+01 4.149527819988660937e-01 0.000000000000000000e+00 2.292698358144477755e+00
-2.097454600000000369e+01 4.144700300559028827e-01 0.000000000000000000e+00 2.015103157267211120e+00
-2.130911800000000866e+01 4.210813801607330431e-01 0.000000000000000000e+00 2.262045506083359303e+00
-2.179697400000002006e+01 4.307217171188230109e-01 0.000000000000000000e+00 1.752327002289679525e+00
-2.248833400000001959e+01 4.443834192590956911e-01 0.000000000000000000e+00 2.157951945815403061e+00
-2.275564200000001946e+01 4.496655910302598258e-01 0.000000000000000000e+00 2.156043288726978702e+00
-2.330415400000000403e+01 4.605045281460389828e-01 0.000000000000000000e+00 2.128265596293770212e+00
-2.330181000000001390e+01 4.604582092531081527e-01 0.000000000000000000e+00 2.053267328607571773e+00
-2.215628000000000597e+01 4.378218263950504618e-01 0.000000000000000000e+00 1.937519069805142546e+00
-2.290904400000001218e+01 4.526969096366617595e-01 0.000000000000000000e+00 2.316296609655816408e+00
-2.286658200000000818e+01 4.518578341965432399e-01 0.000000000000000000e+00 1.912522475440920244e+00
-2.365435200000001359e+01 4.674246576966629152e-01 0.000000000000000000e+00 1.963578020585189821e+00
-2.235718200000002298e+01 4.417917744443812245e-01 0.000000000000000000e+00 2.222516249676651956e+00
-2.358305200000001278e+01 4.660157255012777888e-01 0.000000000000000000e+00 2.258085730292252347e+00
-2.281794200000001283e+01 4.508966776469847115e-01 0.000000000000000000e+00 1.810925284403784863e+00
-2.320909400000001099e+01 4.586260836229912874e-01 0.000000000000000000e+00 2.260828969707055602e+00
-2.354679199999999639e+01 4.652992054254757037e-01 0.000000000000000000e+00 2.162103320010400953e+00
-2.272663600000000983e+01 4.490924144908579607e-01 0.000000000000000000e+00 1.769810752852725155e+00
-2.407397000000001697e+01 4.757165694773516917e-01 0.000000000000000000e+00 2.300231957627075552e+00
-2.405771400000001492e+01 4.753953408410517834e-01 0.000000000000000000e+00 2.242859613588569001e+00
-2.388900800000001112e+01 4.720616057084480732e-01 0.000000000000000000e+00 2.002250823230514509e+00
-2.336087600000001530e+01 4.616253900252346165e-01 0.000000000000000000e+00 1.973206813569006401e+00
-2.439574400000001475e+01 4.820750231693270993e-01 0.000000000000000000e+00 2.173471330733209861e+00
-2.392791800000001246e+01 4.728304914268553483e-01 0.000000000000000000e+00 1.926160863688191505e+00
-2.433029400000001274e+01 4.807816906000710322e-01 0.000000000000000000e+00 2.287049462164707503e+00
-2.309467200000001696e+01 4.563650339783861809e-01 0.000000000000000000e+00 1.869476086932411407e+00
-2.300842000000001519e+01 4.546606409949870420e-01 0.000000000000000000e+00 1.589093246814266225e+00
-2.321912200000000936e+01 4.588242431188583326e-01 0.000000000000000000e+00 1.729795494631803265e+00
-2.373746200000000428e+01 4.690669628124896073e-01 0.000000000000000000e+00 1.728529022952139726e+00
-2.400046000000000035e+01 4.742639663120952753e-01 0.000000000000000000e+00 1.768526677803026415e+00
-2.369967600000000019e+01 4.683202880307949512e-01 0.000000000000000000e+00 2.255867830550613462e+00
-2.455476200000000730e+01 4.852173174168128988e-01 0.000000000000000000e+00 2.142343584794252909e+00
-2.605055200000001747e+01 5.147750549839250622e-01 0.000000000000000000e+00 2.244837639017911890e+00
-2.430363000000002316e+01 4.802547934323608825e-01 0.000000000000000000e+00 1.807461982024697322e+00
-2.569282600000001437e+01 5.077061674870619878e-01 0.000000000000000000e+00 2.205232826967563398e+00
-2.752849600000002184e+01 5.439801445291739812e-01 0.000000000000000000e+00 2.038968852483524774e+00
-2.793435800000001734e+01 5.520002292231905860e-01 0.000000000000000000e+00 1.917667264572277874e+00
-2.834992400000002988e+01 5.602120709722429037e-01 0.000000000000000000e+00 1.910812677768072287e+00
-2.752852000000002164e+01 5.439806187840504625e-01 0.000000000000000000e+00 1.945158375936197892e+00
-2.882943400000001333e+01 5.696874857970547490e-01 0.000000000000000000e+00 1.979600223911153645e+00
-2.773755200000001864e+01 5.481112206727704050e-01 0.000000000000000000e+00 1.812766262628817682e+00
-2.876943200000001610e+01 5.685018090847476779e-01 0.000000000000000000e+00 2.029427397616869744e+00
-2.812215600000000748e+01 5.557112341099916808e-01 0.000000000000000000e+00 1.849566519365982709e+00
-2.842757600000002327e+01 5.617465226249221955e-01 0.000000000000000000e+00 1.882782939533386379e+00
-2.896264200000003086e+01 5.723197584461835463e-01 0.000000000000000000e+00 1.763715125831512687e+00
-2.866270000000001517e+01 5.663927186067975184e-01 0.000000000000000000e+00 1.888628519119713856e+00
-2.851839200000000574e+01 5.635411030773214147e-01 0.000000000000000000e+00 1.613028044097951641e+00
-2.807509000000002075e+01 5.547811807760789637e-01 0.000000000000000000e+00 1.784624426974352529e+00
-2.783427000000001783e+01 5.500224283035314299e-01 0.000000000000000000e+00 1.784999113119775327e+00
-2.810235200000002109e+01 5.553198947944603114e-01 0.000000000000000000e+00 1.624359620733877740e+00
-2.840387199999999979e+01 5.612781168919707131e-01 0.000000000000000000e+00 2.053829937786839643e+00
-2.814304600000001955e+01 5.561240334586818879e-01 0.000000000000000000e+00 2.094891221853292240e+00
-2.791949600000001297e+01 5.517065468909631010e-01 0.000000000000000000e+00 1.650940580391625945e+00
-2.893500800000000339e+01 5.717736934772170709e-01 0.000000000000000000e+00 1.796843455949315160e+00
-2.880902400000001862e+01 5.692841715458933916e-01 0.000000000000000000e+00 1.977964295370777448e+00
-2.800241600000000375e+01 5.533450974890181673e-01 0.000000000000000000e+00 1.989225801826053575e+00
-2.816396200000001215e+01 5.565373465834878575e-01 0.000000000000000000e+00 1.904739241666279614e+00
-2.851047200000003556e+01 5.633845989681011135e-01 0.000000000000000000e+00 1.691118986912200972e+00
-2.835794400000001048e+01 5.603705511434484698e-01 0.000000000000000000e+00 1.788394220789570221e+00
-2.852765200000001755e+01 5.637240864171431109e-01 0.000000000000000000e+00 2.146472112794866938e+00
-2.865438400000001806e+01 5.662283892921157191e-01 0.000000000000000000e+00 2.444665882800611367e+00
-2.830467200000001071e+01 5.593178634027394791e-01 0.000000000000000000e+00 2.095076679008491816e+00
-2.899696800000000962e+01 5.729980614831927666e-01 0.000000000000000000e+00 2.010141857845516800e+00
-2.852062600000001424e+01 5.635852483020690196e-01 0.000000000000000000e+00 1.762471882524912603e+00
-2.875000800000002954e+01 5.681179788047597823e-01 0.000000000000000000e+00 1.578138082939589237e+00
-2.827715200000002582e+01 5.587740511444367897e-01 0.000000000000000000e+00 1.886864896668224212e+00
-2.849518000000002971e+01 5.630824195693376888e-01 0.000000000000000000e+00 2.067817099545246506e+00
-2.905854200000000276e+01 5.742148018899057016e-01 0.000000000000000000e+00 2.353563011591427667e+00
-2.785755600000003085e+01 5.504825740973848802e-01 0.000000000000000000e+00 2.232253921887430881e+00
-2.891067400000000021e+01 5.712928385537597853e-01 0.000000000000000000e+00 2.305593938975027068e+00
-2.832129600000000025e+01 5.596463639471442875e-01 0.000000000000000000e+00 1.993966614712969321e+00
-2.863537200000001803e+01 5.658527003875061245e-01 0.000000000000000000e+00 2.026529350116807127e+00
-2.797064200000000866e+01 5.527172235538686529e-01 0.000000000000000000e+00 1.725815994333981473e+00
-2.807909800000000544e+01 5.548603813404420215e-01 0.000000000000000000e+00 1.629222351647272804e+00
-2.854789000000001309e+01 5.641240018416900925e-01 0.000000000000000000e+00 1.858127967317992235e+00
-2.805047200000002405e+01 5.542947138365841298e-01 0.000000000000000000e+00 1.963415274931501253e+00
-2.825800599999999463e+01 5.583957143167666004e-01 0.000000000000000000e+00 1.744743747780223675e+00
-2.832342800000003535e+01 5.596884935886675683e-01 0.000000000000000000e+00 1.721720826868492926e+00
-2.873867200000001887e+01 5.678939724181272242e-01 0.000000000000000000e+00 1.522862492322012873e+00
-2.869433800000001611e+01 5.670179050976474899e-01 0.000000000000000000e+00 1.899486675089995025e+00
-2.796501000000002790e+01 5.526059317428674289e-01 0.000000000000000000e+00 2.038720835908555351e+00
-2.815002400000000904e+01 5.562619230640029055e-01 0.000000000000000000e+00 2.022959707059901024e+00
-2.794463200000001635e+01 5.522032498315410098e-01 0.000000000000000000e+00 1.744133731370691276e+00
-2.881459600000003007e+01 5.693942777197040783e-01 0.000000000000000000e+00 2.009652569697789382e+00
-2.794158200000000747e+01 5.521429799409949268e-01 0.000000000000000000e+00 1.801965015208775833e+00
-2.831594599999998962e+01 5.595406446309405535e-01 0.000000000000000000e+00 1.925090861474682002e+00
-2.919118000000000279e+01 5.768358109857191218e-01 0.000000000000000000e+00 1.997738585339316808e+00
-2.925463200000001152e+01 5.780896618365127804e-01 0.000000000000000000e+00 2.263784268056254323e+00
-2.874535000000001617e+01 5.680259338374930023e-01 0.000000000000000000e+00 1.877061745458211028e+00
-2.873735400000000695e+01 5.678679279211631403e-01 0.000000000000000000e+00 2.132440584956044383e+00
-2.912156200000002571e+01 5.754601161529240283e-01 0.000000000000000000e+00 2.019104011648371166e+00
-2.809091800000001271e+01 5.550939518670824357e-01 0.000000000000000000e+00 1.402960265129170603e+00
-2.835009800000000268e+01 5.602155093200964497e-01 0.000000000000000000e+00 1.564676310023090489e+00
-2.874097600000001052e+01 5.679395008862639926e-01 0.000000000000000000e+00 1.871717556345324773e+00
-2.877568600000002519e+01 5.686253920012968033e-01 0.000000000000000000e+00 1.795658510482064596e+00
-2.889400600000001873e+01 5.709634685420815758e-01 0.000000000000000000e+00 2.076447872214528534e+00
-2.877715400000002077e+01 5.686544005912381738e-01 0.000000000000000000e+00 1.815217615438430077e+00
-2.867235200000000361e+01 5.665834481096003739e-01 0.000000000000000000e+00 1.932102108186988687e+00
-2.938233800000001139e+01 5.806132115552202766e-01 0.000000000000000000e+00 1.697810863505821999e+00
-2.939656000000002933e+01 5.808942470907433320e-01 0.000000000000000000e+00 2.038189444610390311e+00
-2.953317600000001875e+01 5.835938639323242638e-01 0.000000000000000000e+00 2.148295160914365898e+00
-3.027983400000002590e+01 5.983482888291244972e-01 0.000000000000000000e+00 2.101776242558141661e+00
-2.952469600000000938e+01 5.834262938759865458e-01 0.000000000000000000e+00 1.901244789892913678e+00
-2.931940600000000785e+01 5.793696362267493072e-01 0.000000000000000000e+00 1.669741205727717004e+00
-2.979419000000000750e+01 5.887516623621451561e-01 0.000000000000000000e+00 1.623365090691791135e+00
-2.946867200000001219e+01 5.823192249094472084e-01 0.000000000000000000e+00 2.288306431591854651e+00
-2.910930800000001994e+01 5.752179695172682239e-01 0.000000000000000000e+00 1.591485955769041949e+00
-2.967943600000002391e+01 5.864840521917495941e-01 0.000000000000000000e+00 1.943477718817325339e+00
-2.966624600000002232e+01 5.862234096159132379e-01 0.000000000000000000e+00 2.017966764270663127e+00
-2.931511400000002254e+01 5.792848236463485900e-01 0.000000000000000000e+00 1.785714006139060395e+00
-2.861885400000002022e+01 5.655262944688053128e-01 0.000000000000000000e+00 1.875371179282876666e+00
-2.995520800000001316e+01 5.919334778493334781e-01 0.000000000000000000e+00 2.378978402153990146e+00
-2.899468600000001217e+01 5.729529677486926431e-01 0.000000000000000000e+00 1.855751110587969821e+00
-2.932806000000002200e+01 5.795406446309412374e-01 0.000000000000000000e+00 2.063646544397082394e+00
-2.959667800000000071e+01 5.848487028141099442e-01 0.000000000000000000e+00 2.146718364311613225e+00
-2.996628200000001030e+01 5.921523069535646888e-01 0.000000000000000000e+00 2.064797039179895322e+00
-2.940920000000001622e+01 5.811440213256612308e-01 0.000000000000000000e+00 1.837739562669863380e+00
-2.900877200000002887e+01 5.732313158399158226e-01 0.000000000000000000e+00 1.941439595310238797e+00
-2.947782000000002611e+01 5.824999950598456211e-01 0.000000000000000000e+00 2.192299853043959246e+00
-2.937751000000001156e+01 5.805178072825790681e-01 0.000000000000000000e+00 2.233763031729012916e+00
-2.981743400000002353e+01 5.892109782099649307e-01 0.000000000000000000e+00 2.052492735070989838e+00
-2.875653000000002635e+01 5.682468575674287647e-01 0.000000000000000000e+00 1.992727277964406962e+00
-2.950015800000000610e+01 5.829414077860796128e-01 0.000000000000000000e+00 1.661390159370316644e+00
-2.959909600000001006e+01 5.848964839929100545e-01 0.000000000000000000e+00 1.663643401470569216e+00
-2.987271200000001059e+01 5.903033057540950646e-01 0.000000000000000000e+00 2.047888664275645088e+00
-2.957416600000002305e+01 5.844038517400218513e-01 0.000000000000000000e+00 1.908956663805354337e+00
-2.946949400000001162e+01 5.823354681389648624e-01 0.000000000000000000e+00 1.991254060459630937e+00
-2.993407800000002439e+01 5.915159359518794568e-01 0.000000000000000000e+00 2.414522881433442958e+00
-2.961131400000000369e+01 5.851379192462510259e-01 0.000000000000000000e+00 1.959852657264279374e+00
-2.911558000000002622e+01 5.753419081249745437e-01 0.000000000000000000e+00 1.792751570388745774e+00
-2.953268800000002869e+01 5.835842207498370682e-01 0.000000000000000000e+00 1.755521619525724164e+00
-2.892264800000002012e+01 5.715294522158574919e-01 0.000000000000000000e+00 1.712884210117159967e+00
-2.981488400000001349e+01 5.891605886293443950e-01 0.000000000000000000e+00 2.201889440922146779e+00
-2.942358200000001389e+01 5.814282185603600883e-01 0.000000000000000000e+00 1.946573478279048919e+00
-2.907991800000001348e+01 5.746372048998436011e-01 0.000000000000000000e+00 2.000074482066640957e+00
-2.993144400000002747e+01 5.914638864791916806e-01 0.000000000000000000e+00 2.019917981949272079e+00
-3.008738200000002294e+01 5.945453180175360730e-01 0.000000000000000000e+00 1.942847423236255366e+00
-2.910828200000001686e+01 5.751976951213009226e-01 0.000000000000000000e+00 1.736336319908773795e+00
-2.963822200000002383e+01 5.856696380052054396e-01 0.000000000000000000e+00 2.015354001817652119e+00
-2.876010400000002676e+01 5.683174820227766544e-01 0.000000000000000000e+00 1.824582852999168781e+00
-2.905690600000001922e+01 5.741824735158296278e-01 0.000000000000000000e+00 1.941639352432148025e+00
-2.955762000000001422e+01 5.840768925239649967e-01 0.000000000000000000e+00 1.795573254963270582e+00
-2.911132800000001097e+01 5.752578859693673330e-01 0.000000000000000000e+00 2.106839263167516130e+00
-2.953390600000001243e+01 5.836082891848154430e-01 0.000000000000000000e+00 1.864072794662810395e+00
-2.919136400000002141e+01 5.768394469397720714e-01 0.000000000000000000e+00 2.073139974201043678e+00
-2.939509200000000533e+01 5.808652385008014063e-01 0.000000000000000000e+00 2.296458412675368432e+00
-2.962228400000000761e+01 5.853546932460178542e-01 0.000000000000000000e+00 2.323043398226654510e+00
-2.895884000000002345e+01 5.722446285695094170e-01 0.000000000000000000e+00 1.720204024427499423e+00
-2.964158600000001087e+01 5.857361127303843951e-01 0.000000000000000000e+00 2.327702550724749297e+00
-2.960866200000003445e+01 5.850855140824063882e-01 0.000000000000000000e+00 1.809268911493526533e+00
-2.900583800000000778e+01 5.731733381812722516e-01 0.000000000000000000e+00 2.154657943969554790e+00
-2.912419599999999420e+01 5.755121656256112495e-01 0.000000000000000000e+00 1.780376906068096066e+00
-2.983176800000001094e+01 5.894942269349107145e-01 0.000000000000000000e+00 2.106338481383648542e+00
-2.924205000000000609e+01 5.778410337175458045e-01 0.000000000000000000e+00 2.364758964183637069e+00
-2.927511800000002040e+01 5.784944778947830324e-01 0.000000000000000000e+00 1.870134764245722891e+00
-2.927963200000002431e+01 5.785836773327910354e-01 0.000000000000000000e+00 2.141446686161653457e+00
-2.910922400000003307e+01 5.752163096252009833e-01 0.000000000000000000e+00 1.817481679127367800e+00
-2.961171000000001641e+01 5.851457444517123019e-01 0.000000000000000000e+00 1.939243199750299018e+00
-2.894722800000001683e+01 5.720151682517981007e-01 0.000000000000000000e+00 1.559625855811954231e+00
-2.910144400000001852e+01 5.750625720027590093e-01 0.000000000000000000e+00 2.083495557335888204e+00
-2.949345600000002321e+01 5.828089721118376865e-01 0.000000000000000000e+00 2.030030503742555226e+00
-2.930513800000002433e+01 5.790876917027137916e-01 0.000000000000000000e+00 1.856937263931600191e+00
-2.947625600000001711e+01 5.824690894503982141e-01 0.000000000000000000e+00 1.665141625809660297e+00
-2.946863800000001277e+01 5.823185530483723227e-01 0.000000000000000000e+00 2.205986113072035071e+00
-2.932138200000001760e+01 5.794086832115753483e-01 0.000000000000000000e+00 1.869683342950097193e+00
-2.932618800000001613e+01 5.795036527505798007e-01 0.000000000000000000e+00 2.088183738639680431e+00
-2.939687600000002021e+01 5.809004914466161518e-01 0.000000000000000000e+00 2.004486334318267726e+00
-2.980642200000001907e+01 5.889933742641643155e-01 0.000000000000000000e+00 2.195977722448683611e+00
-2.883349799999999874e+01 5.697677929561294485e-01 0.000000000000000000e+00 1.486825036134637568e+00
-2.918579400000002977e+01 5.767293802872014430e-01 0.000000000000000000e+00 1.791055314771069940e+00
-2.944197999999999737e+01 5.817917744443806827e-01 0.000000000000000000e+00 2.083379609473923200e+00
-2.946421200000001051e+01 5.822310925449111219e-01 0.000000000000000000e+00 2.134720225573062180e+00
-2.967861399999999605e+01 5.864678089622314960e-01 0.000000000000000000e+00 2.074835631363544319e+00
-2.894876000000002136e+01 5.720454415214101251e-01 0.000000000000000000e+00 2.063712796849113129e+00
-2.941155399999999176e+01 5.811905378247903542e-01 0.000000000000000000e+00 1.679309792767507581e+00
-2.912491600000001668e+01 5.755263932719044684e-01 0.000000000000000000e+00 2.179390152800836145e+00
-2.935572200000001075e+01 5.800872628972627565e-01 0.000000000000000000e+00 2.131862390596636736e+00
-2.951746800000001159e+01 5.832834641157026434e-01 0.000000000000000000e+00 1.860417238033371001e+00
-2.930021600000002735e+01 5.789904299318066050e-01 0.000000000000000000e+00 2.190186169510516923e+00
-2.849345000000000638e+01 5.630482336969947488e-01 0.000000000000000000e+00 1.861880564120723891e+00
-2.984469000000002126e+01 5.897495736646271025e-01 0.000000000000000000e+00 2.079117704166307590e+00
-2.942482400000002940e+01 5.814527612502154996e-01 0.000000000000000000e+00 1.731403255674892172e+00
-2.901122800000001334e+01 5.732798479222699362e-01 0.000000000000000000e+00 1.963299696068284472e+00
-2.970558400000001598e+01 5.870007528796166163e-01 0.000000000000000000e+00 2.297004164704693707e+00
-2.997116400000003011e+01 5.922487782996783690e-01 0.000000000000000000e+00 1.962093652946599986e+00
-2.948377400000001458e+01 5.826176497904389517e-01 0.000000000000000000e+00 1.931458487520283374e+00
-2.952588400000002267e+01 5.834497694923699296e-01 0.000000000000000000e+00 2.092375637264538124e+00
-2.893615200000001764e+01 5.717962996263270536e-01 0.000000000000000000e+00 1.965698180151394858e+00
-3.010572800000002402e+01 5.949078463493248092e-01 0.000000000000000000e+00 1.936334866694229051e+00
-2.988220400000002286e+01 5.904908735577222290e-01 0.000000000000000000e+00 2.092683701646131045e+00
-2.869252399999999881e+01 5.669820593332371983e-01 0.000000000000000000e+00 1.720177322379376816e+00
-2.924762600000000745e+01 5.779512189338357198e-01 0.000000000000000000e+00 2.009087868350091455e+00
-2.955427600000001576e+01 5.840108130111828499e-01 0.000000000000000000e+00 1.733337532228014455e+00
-2.883566400000001551e+01 5.698105944587272820e-01 0.000000000000000000e+00 1.869755049344564712e+00
-2.965574400000000566e+01 5.860158835862364635e-01 0.000000000000000000e+00 2.290789573656148104e+00
-2.970852400000001836e+01 5.870588491019790300e-01 0.000000000000000000e+00 2.366648221913613348e+00
-2.979845999999999151e+01 5.888360402089091172e-01 0.000000000000000000e+00 1.757273124687074306e+00
-2.942735600000000318e+01 5.815027951396780637e-01 0.000000000000000000e+00 1.998268197099526633e+00
-3.023394600000001731e+01 5.974415135053959824e-01 0.000000000000000000e+00 2.444815211104611308e+00
-2.932571400000003337e+01 5.794942862167706821e-01 0.000000000000000000e+00 1.989645224404074320e+00
-2.870544600000000912e+01 5.672374060629535863e-01 0.000000000000000000e+00 1.705247923526344467e+00
-2.955903200000002329e+01 5.841047945191949475e-01 0.000000000000000000e+00 2.165922130765881359e+00
-2.933967600000000076e+01 5.797701839911314492e-01 0.000000000000000000e+00 2.128801606876128183e+00
-2.897177200000001562e+01 5.725001729054239874e-01 0.000000000000000000e+00 1.711073690097961508e+00
-2.958652400000000782e+01 5.846480534801417051e-01 0.000000000000000000e+00 1.853781944022499850e+00
-2.908010400000001638e+01 5.746408803751359429e-01 0.000000000000000000e+00 2.211020686092120879e+00
-2.926729000000002046e+01 5.783397917625884288e-01 0.000000000000000000e+00 1.853178722213441931e+00
-2.947896799999999828e+01 5.825226802514340552e-01 0.000000000000000000e+00 1.779070992893070358e+00
-2.911039600000000860e+01 5.752394690716660097e-01 0.000000000000000000e+00 1.696498912580812091e+00
-2.935375000000001577e+01 5.800482949549164990e-01 0.000000000000000000e+00 1.931785645589346956e+00
-2.964197200000000976e+01 5.857437403296468226e-01 0.000000000000000000e+00 2.096946000088912410e+00
-2.970962200000001729e+01 5.870805462625755533e-01 0.000000000000000000e+00 2.361458332487949452e+00
-2.939459800000002687e+01 5.808554767545953679e-01 0.000000000000000000e+00 1.879506766696136033e+00
-2.935622800000002286e+01 5.800972617709077017e-01 0.000000000000000000e+00 2.205756820304357824e+00
-2.917257400000001510e+01 5.764681448927693186e-01 0.000000000000000000e+00 1.619702370378613976e+00
-2.861931000000001646e+01 5.655353053114573481e-01 0.000000000000000000e+00 1.709684818818067997e+00
-2.969187400000003407e+01 5.867298347814581261e-01 0.000000000000000000e+00 2.078719437325574404e+00
-2.955157200000000728e+01 5.839573802951052439e-01 0.000000000000000000e+00 1.862845088853784858e+00
-2.967270200000001168e+01 5.863509841776719522e-01 0.000000000000000000e+00 1.942014279404273625e+00
-2.987097800000003645e+01 5.902690408392737842e-01 0.000000000000000000e+00 2.444943615039666174e+00
-2.926214200000001497e+01 5.782380640915947279e-01 0.000000000000000000e+00 2.122097014756008981e+00
-2.990878200000000930e+01 5.910160713121250797e-01 0.000000000000000000e+00 2.138261909876403077e+00
-2.924031200000001007e+01 5.778066897602446295e-01 0.000000000000000000e+00 2.096326298300303481e+00
-2.917609200000002190e+01 5.765376627534056775e-01 0.000000000000000000e+00 2.250319037478997863e+00
-2.936953000000001524e+01 5.803601175361672304e-01 0.000000000000000000e+00 2.427705881437797863e+00
-2.999009600000002607e+01 5.926228863546997294e-01 0.000000000000000000e+00 2.180968933588181002e+00
-2.929518000000001976e+01 5.788909154502362986e-01 0.000000000000000000e+00 1.710518078763793470e+00
-2.946181200000001255e+01 5.821836670572685390e-01 0.000000000000000000e+00 1.894386017497196484e+00
-2.940887600000002067e+01 5.811376188848296209e-01 0.000000000000000000e+00 2.209072282684577893e+00
-2.905796600000001106e+01 5.742034197728717038e-01 0.000000000000000000e+00 1.644460778911365884e+00
-2.920344400000002238e+01 5.770781552275736637e-01 0.000000000000000000e+00 2.247048928379018040e+00
-2.946795200000001813e+01 5.823049972631545446e-01 0.000000000000000000e+00 2.383929289443516009e+00
-2.916898000000001545e+01 5.763971252250243982e-01 0.000000000000000000e+00 2.497606702991542083e+00
-2.936220000000000141e+01 5.802152721926582268e-01 0.000000000000000000e+00 1.820877669496972828e+00
-2.955534600000002499e+01 5.840319568744237744e-01 0.000000000000000000e+00 2.091074219485760555e+00
-2.918318400000001489e+01 5.766778050693897040e-01 0.000000000000000000e+00 1.685326998257176578e+00
-2.940734600000001464e+01 5.811073851364572107e-01 0.000000000000000000e+00 1.929297647437554275e+00
-2.949722600000001904e+01 5.828834696486763223e-01 0.000000000000000000e+00 1.762163467727650978e+00
-2.908541200000001936e+01 5.747457697453057790e-01 0.000000000000000000e+00 2.380878884377944704e+00
-2.959677800000002179e+01 5.848506788760954311e-01 0.000000000000000000e+00 1.866462649434306842e+00
-2.914364400000001254e+01 5.758964701604762926e-01 0.000000000000000000e+00 1.966839256336589070e+00
-2.942455600000002747e+01 5.814474654040953094e-01 0.000000000000000000e+00 1.749528587606536734e+00
-2.971998200000000878e+01 5.872852662842329430e-01 0.000000000000000000e+00 2.406821416177298278e+00
-2.901445800000001185e+01 5.733436747243889631e-01 0.000000000000000000e+00 1.941895910471792108e+00
-2.895592200000002592e+01 5.721869670807838704e-01 0.000000000000000000e+00 1.656882314577470483e+00
-2.908188000000002305e+01 5.746759752359916762e-01 0.000000000000000000e+00 2.113083569888643432e+00
-2.891440600000001737e+01 5.713665851870445289e-01 0.000000000000000000e+00 1.761616512563779713e+00
-2.946195400000003772e+01 5.821864730652879238e-01 0.000000000000000000e+00 2.014896338884083704e+00
-2.759679600000000832e+01 5.453297948650055460e-01 0.000000000000000000e+00 1.673289322004821278e+00
-2.984834200000003790e+01 5.898217394483237230e-01 0.000000000000000000e+00 2.200131781414903731e+00
-2.867052000000001399e+01 5.665472466540333318e-01 0.000000000000000000e+00 2.210911417437970705e+00
-2.923626000000000502e+01 5.777266197286077265e-01 0.000000000000000000e+00 2.180767338031790903e+00
-2.827568800000000593e+01 5.587451215969744256e-01 0.000000000000000000e+00 1.858084426830030500e+00
-2.925412400000001867e+01 5.780796234416285539e-01 0.000000000000000000e+00 1.749967919886048273e+00
-2.966681800000002056e+01 5.862347126904681183e-01 0.000000000000000000e+00 2.022276553956661171e+00
-2.961034200000002059e+01 5.851187119237560852e-01 0.000000000000000000e+00 1.998325373713771169e+00
-2.869736000000000331e+01 5.670776216908373080e-01 0.000000000000000000e+00 1.917611201995910841e+00
-2.912050600000001666e+01 5.754392489383610698e-01 0.000000000000000000e+00 1.958197896016548034e+00
-2.928438400000000996e+01 5.786775797983233494e-01 0.000000000000000000e+00 1.931518816456954113e+00
-2.874979200000000645e+01 5.681137105108714502e-01 0.000000000000000000e+00 1.823661638033865717e+00
-2.908159000000000560e+01 5.746702446562345079e-01 0.000000000000000000e+00 1.910432621875806980e+00
-3.003693800000000635e+01 5.935485133097656574e-01 0.000000000000000000e+00 2.340443428018189831e+00
-3.026024800000003978e+01 5.979612573287207411e-01 0.000000000000000000e+00 1.944393452643478737e+00
-3.009125800000001405e+01 5.946219101800788165e-01 0.000000000000000000e+00 2.111734163766879835e+00
-2.830767000000000877e+01 5.593771057410530378e-01 0.000000000000000000e+00 1.993676961031925821e+00
-2.929448200000001989e+01 5.788771225375801688e-01 0.000000000000000000e+00 1.727988877885783925e+00
-2.860289600000000476e+01 5.652109544972208077e-01 0.000000000000000000e+00 2.016452728142250184e+00
-3.001050800000002283e+01 5.930262401271008121e-01 0.000000000000000000e+00 2.264025487403381831e+00
-2.891362000000002652e+01 5.713510533398417079e-01 0.000000000000000000e+00 1.877638864600588153e+00
-2.912836600000002107e+01 5.755945674103909449e-01 0.000000000000000000e+00 1.738593104749592388e+00
-2.973343600000000109e+01 5.875511256637098167e-01 0.000000000000000000e+00 2.040106547401756121e+00
-2.951568200000001951e+01 5.832481716486487278e-01 0.000000000000000000e+00 1.947952078744974669e+00
-2.833313000000000415e+01 5.598802111224625566e-01 0.000000000000000000e+00 2.125703426842250554e+00
-2.957759400000002259e+01 5.844715911448714607e-01 0.000000000000000000e+00 1.897260836250966642e+00
-2.884393600000001712e+01 5.699740543061357911e-01 0.000000000000000000e+00 1.676322467804046257e+00
-2.898143000000000669e+01 5.726910209719460187e-01 0.000000000000000000e+00 1.959123794950026864e+00
-2.785787800000001724e+01 5.504889370169766538e-01 0.000000000000000000e+00 1.981494775407105724e+00
-2.947332000000001173e+01 5.824110722705152510e-01 0.000000000000000000e+00 1.923829303942288460e+00
-2.853806000000001930e+01 5.639297549485535743e-01 0.000000000000000000e+00 1.718398660957286994e+00
-2.949601600000001156e+01 5.828595592986562934e-01 0.000000000000000000e+00 2.102239100891516888e+00
-2.853052600000001604e+01 5.637808784385951455e-01 0.000000000000000000e+00 1.908698232924124882e+00
-2.937085600000002827e+01 5.803863201180899933e-01 0.000000000000000000e+00 1.680073375881980358e+00
-2.857843000000002576e+01 5.647274911719436519e-01 0.000000000000000000e+00 2.050415300702161492e+00
-2.920047200000000842e+01 5.770194266653758675e-01 0.000000000000000000e+00 1.914572778575055034e+00
-2.952199600000001567e+01 5.833729402023886124e-01 0.000000000000000000e+00 1.738101231369706401e+00
-2.935933000000001059e+01 5.801585592136856429e-01 0.000000000000000000e+00 1.449119544148212535e+00
-2.988949200000002548e+01 5.906348889551972237e-01 0.000000000000000000e+00 1.842931578755911515e+00
-2.916104599999999891e+01 5.762403444671252428e-01 0.000000000000000000e+00 1.798142135448910439e+00
-2.923478400000001187e+01 5.776974530537076769e-01 0.000000000000000000e+00 1.772147457708479035e+00
-2.909160400000002511e+01 5.748681275034240867e-01 0.000000000000000000e+00 1.568508404869242145e+00
-2.876105200000000650e+01 5.683362150903951138e-01 0.000000000000000000e+00 1.575144410662210559e+00
-2.977331800000003170e+01 5.883392187046129207e-01 0.000000000000000000e+00 2.019947351868160101e+00
-2.939561400000001257e+01 5.808755535443638207e-01 0.000000000000000000e+00 1.928661646445193778e+00
-2.919971800000001849e+01 5.770045271580083179e-01 0.000000000000000000e+00 2.080237944256193128e+00
-3.011992800000002291e+01 5.951884471512106645e-01 0.000000000000000000e+00 2.043696600665499297e+00
-2.966150000000002862e+01 5.861296257140999888e-01 0.000000000000000000e+00 1.731934012553129065e+00
-3.031893800000000994e+01 5.991210081077825711e-01 0.000000000000000000e+00 2.623715829755404183e+00
-3.003699400000001418e+01 5.935496199044774102e-01 0.000000000000000000e+00 2.030320164721999276e+00
-2.954052000000000788e+01 5.837389859245106782e-01 0.000000000000000000e+00 1.671793535776061601e+00
-2.948239800000001409e+01 5.825904591775237229e-01 0.000000000000000000e+00 1.827469722723390477e+00
-2.945670600000001471e+01 5.820827693323087360e-01 0.000000000000000000e+00 2.131522094456343108e+00
-2.874814000000002068e+01 5.680810659668776852e-01 0.000000000000000000e+00 2.071362477289581783e+00
-2.943676200000000875e+01 5.816886635299978181e-01 0.000000000000000000e+00 2.003463534657675904e+00
-2.945901200000001552e+01 5.821283373216854518e-01 0.000000000000000000e+00 1.847566338185441026e+00
-2.964975800000001982e+01 5.858975965158078614e-01 0.000000000000000000e+00 2.157927469464789194e+00
-2.933287200000000894e+01 5.796357327336645326e-01 0.000000000000000000e+00 1.816644186910123304e+00
-2.967666200000002874e+01 5.864292362322827135e-01 0.000000000000000000e+00 1.771493020412357344e+00
-3.019787400000002719e+01 5.967287084261264640e-01 0.000000000000000000e+00 1.886479251566234083e+00
-2.903696400000001887e+01 5.737884072347585462e-01 0.000000000000000000e+00 2.264458339206981030e+00
-2.910517400000002652e+01 5.751362791148038056e-01 0.000000000000000000e+00 2.017126216140781469e+00
-2.947024000000000754e+01 5.823502095613737328e-01 0.000000000000000000e+00 1.742961019285134583e+00
-2.939355800000002361e+01 5.808349257099501006e-01 0.000000000000000000e+00 1.578496236012956189e+00
-2.964925000000002342e+01 5.858875581209236350e-01 0.000000000000000000e+00 2.082167902946495452e+00
-2.932712800000001607e+01 5.795222277332399141e-01 0.000000000000000000e+00 1.987917879128203724e+00
-2.938217400000001334e+01 5.806099708135648019e-01 0.000000000000000000e+00 1.656526930672859388e+00
-2.963332800000000589e+01 5.855729295316536298e-01 0.000000000000000000e+00 2.048609803867249113e+00
-3.002237800000002466e+01 5.932607986847336923e-01 0.000000000000000000e+00 2.339109130234729772e+00
-2.950204200000002075e+01 5.829786367938794012e-01 0.000000000000000000e+00 2.055622936633107578e+00
-2.979705200000001497e+01 5.888082172561591721e-01 0.000000000000000000e+00 2.328991266295519669e+00
-2.972735400000001604e+01 5.874309415737756224e-01 0.000000000000000000e+00 2.086370831358470124e+00
-2.991879000000002264e+01 5.912138355955953717e-01 0.000000000000000000e+00 2.002757999243880871e+00
-2.950020200000000514e+01 5.829422772533530139e-01 0.000000000000000000e+00 1.894964523426880820e+00
-3.003195400000002024e+01 5.934500263804278752e-01 0.000000000000000000e+00 1.908483739126191736e+00
-3.007693400000000494e+01 5.943388590613311040e-01 0.000000000000000000e+00 2.254586624576933485e+00
-2.984146400000001975e+01 5.896858259049874151e-01 0.000000000000000000e+00 1.931273491898309658e+00
-2.968089200000001782e+01 5.865128236542527240e-01 0.000000000000000000e+00 2.316908764837713353e+00
-2.927857200000001825e+01 5.785627310757487374e-01 0.000000000000000000e+00 2.173388268039681659e+00
-2.944235400000001235e+01 5.817991649162053136e-01 0.000000000000000000e+00 1.695057689874902351e+00
-2.961496800000001173e+01 5.852101245511871497e-01 0.000000000000000000e+00 1.969810944570441258e+00
-2.980751000000001838e+01 5.890148738185623234e-01 0.000000000000000000e+00 1.817344741371295092e+00
-3.024119599999999508e+01 5.975847779993161968e-01 0.000000000000000000e+00 2.098984361129607734e+00
-2.944210600000002032e+01 5.817942642824823762e-01 0.000000000000000000e+00 2.266634421776886121e+00
-3.002932600000002239e+01 5.933980954714591638e-01 0.000000000000000000e+00 1.786368136673180951e+00
-2.939268799999998549e+01 5.808177339706789288e-01 0.000000000000000000e+00 2.052427185892327088e+00
-3.159630000000002781e+01 6.243624730020537195e-01 0.000000000000000000e+00 2.267356321999057123e+00
-3.130226600000001724e+01 6.185521789047482288e-01 0.000000000000000000e+00 2.026182085419957701e+00
-3.138369800000000254e+01 6.201613257004646718e-01 0.000000000000000000e+00 2.088021326857103954e+00
-3.061682600000000676e+01 6.050074596339939381e-01 0.000000000000000000e+00 1.966643972063200962e+00
-3.184114800000000756e+01 6.292008212513612309e-01 0.000000000000000000e+00 1.987050364639034505e+00
-3.075100200000000328e+01 6.076588605631382256e-01 0.000000000000000000e+00 1.976544912494292427e+00
-3.100866600000001227e+01 6.127504609164582394e-01 0.000000000000000000e+00 2.020395342662050453e+00
-2.972863400000001377e+01 5.874562351671850369e-01 0.000000000000000000e+00 2.319330481076054440e+00
-3.115668000000001214e+01 6.156753093031024360e-01 0.000000000000000000e+00 1.693069659141959615e+00
-2.966768200000000988e+01 5.862517858660192260e-01 0.000000000000000000e+00 1.946955730944744944e+00
-3.050275800000001070e+01 6.027534052488160432e-01 0.000000000000000000e+00 2.028685271286641445e+00
-3.325900600000001361e+01 6.572185741922355051e-01 0.000000000000000000e+00 1.746663998715288324e+00
-3.227239199999999641e+01 6.377224699984388456e-01 0.000000000000000000e+00 1.926253659291878639e+00
-3.281822600000000989e+01 6.485084881742572138e-01 0.000000000000000000e+00 1.777052157316217684e+00
-3.269910800000001672e+01 6.461546426588312686e-01 0.000000000000000000e+00 2.412958194000873746e+00
-3.354501200000002115e+01 6.628702300333760844e-01 0.000000000000000000e+00 1.977525087725012565e+00
-3.217624600000002744e+01 6.358225654422333672e-01 0.000000000000000000e+00 1.663455597098760341e+00
-3.280912400000002549e+01 6.483286270123725936e-01 0.000000000000000000e+00 1.768850064685351775e+00
-3.257427600000001178e+01 6.436878849615756959e-01 0.000000000000000000e+00 2.146465557167188898e+00
-3.266933600000000837e+01 6.455663294846234468e-01 0.000000000000000000e+00 1.817345642009051909e+00
-3.268198000000003844e+01 6.458161827620216844e-01 0.000000000000000000e+00 2.021688114503132905e+00
-3.266020000000002454e+01 6.453857964616639409e-01 0.000000000000000000e+00 1.603833156011943872e+00
-3.326531600000002697e+01 6.573432637034963832e-01 0.000000000000000000e+00 1.895121425960709871e+00
-3.363781000000001598e+01 6.647039760343205206e-01 0.000000000000000000e+00 1.822531336195386542e+00
-3.224940400000003393e+01 6.372682128693020198e-01 0.000000000000000000e+00 2.031129787512657270e+00
-3.301529600000003484e+01 6.524027135283186896e-01 0.000000000000000000e+00 2.037029758435432214e+00
-3.396611400000001169e+01 6.711914665739237007e-01 0.000000000000000000e+00 1.706580393949883812e+00
-3.359045600000001031e+01 6.637682316418903605e-01 0.000000000000000000e+00 1.895008561390004287e+00
-3.357236800000001153e+01 6.634108015500232991e-01 0.000000000000000000e+00 2.021173578923238789e+00
-3.315183400000002223e+01 6.551007890415511126e-01 0.000000000000000000e+00 1.840189077692997888e+00
-3.336419800000000890e+01 6.592972333156148501e-01 0.000000000000000000e+00 2.006146618707997931e+00
-3.438327200000001227e+01 6.794347672297786911e-01 0.000000000000000000e+00 1.822415040825295263e+00
-3.387604200000002663e+01 6.694115880226936266e-01 0.000000000000000000e+00 1.632050789785784994e+00
-3.425213400000001940e+01 6.768433990637422459e-01 0.000000000000000000e+00 1.764360207629572130e+00
-3.440329400000000248e+01 6.798304143604376737e-01 0.000000000000000000e+00 2.102408027261823076e+00
-3.395581400000001793e+01 6.709879321894572923e-01 0.000000000000000000e+00 1.777166284462516010e+00
-3.383235200000000731e+01 6.685482465413976616e-01 0.000000000000000000e+00 1.996264504775422610e+00
-3.436726000000000880e+01 6.791183601847224915e-01 0.000000000000000000e+00 1.892336959765075655e+00
-3.380794000000003052e+01 6.680658502895925333e-01 0.000000000000000000e+00 1.843367333348555182e+00
-3.335036400000001322e+01 6.590238649005945026e-01 0.000000000000000000e+00 1.769208122554588147e+00
-3.416781800000000402e+01 6.751772626403745869e-01 0.000000000000000000e+00 1.759022986876406680e+00
-3.451549800000002932e+01 6.820476349502136992e-01 0.000000000000000000e+00 1.747520333950857596e+00
-3.418178400000002881e+01 6.754532394572159149e-01 0.000000000000000000e+00 1.892267964063816699e+00
-3.409144799999999975e+01 6.736681441023442130e-01 0.000000000000000000e+00 1.810159558706292193e+00
-3.386384600000002365e+01 6.691705875029893003e-01 0.000000000000000000e+00 1.836924988676522430e+00
-3.438866200000002493e+01 6.795412769707764866e-01 0.000000000000000000e+00 2.141664878234367464e+00
-3.440494800000001163e+01 6.798630984256716081e-01 0.000000000000000000e+00 1.909477657724618638e+00
-3.455668000000002138e+01 6.828614167969224713e-01 0.000000000000000000e+00 1.827284495052312607e+00
-3.412330800000001574e+01 6.742977174508013594e-01 0.000000000000000000e+00 1.653144885135143127e+00
-3.428771400000002245e+01 6.775464819180452292e-01 0.000000000000000000e+00 1.826258858537824326e+00
-3.418634400000002671e+01 6.755433478837369332e-01 0.000000000000000000e+00 1.776829357627020878e+00
-3.388618600000001635e+01 6.696120397504632393e-01 0.000000000000000000e+00 1.756792201886751670e+00
-3.396294400000001446e+01 6.711288254089957661e-01 0.000000000000000000e+00 1.820877660417102417e+00
-3.406611000000002321e+01 6.731674495165569372e-01 0.000000000000000000e+00 1.588532747410628110e+00
-3.387948200000002430e+01 6.694795645549814767e-01 0.000000000000000000e+00 1.866880971917891152e+00
-3.365174799999999777e+01 6.649793995538051394e-01 0.000000000000000000e+00 1.720028513768820044e+00
-3.412106600000000611e+01 6.742534141410949644e-01 0.000000000000000000e+00 1.545346278361081405e+00
-3.408787600000000140e+01 6.735975591682360486e-01 0.000000000000000000e+00 1.639962346766571821e+00
-3.504900200000003707e+01 6.925900046832677015e-01 0.000000000000000000e+00 1.833093055878808775e+00
-3.386138800000004068e+01 6.691220158993955724e-01 0.000000000000000000e+00 1.627591179483138362e+00
-3.446647200000000311e+01 6.810788508013919662e-01 0.000000000000000000e+00 2.104060390695316585e+00
-3.445476600000002776e+01 6.808475329854152269e-01 0.000000000000000000e+00 1.710022119546228181e+00
-3.424106800000003403e+01 6.766247280444699363e-01 0.000000000000000000e+00 1.501198800345102891e+00
-3.446814200000001449e+01 6.811118510365435919e-01 0.000000000000000000e+00 2.055101141662036834e+00
-3.429791600000002205e+01 6.777480797617664310e-01 0.000000000000000000e+00 1.751930675183953845e+00
-3.431798400000003113e+01 6.781446358809389841e-01 0.000000000000000000e+00 2.048303186637144613e+00
-3.429768000000000683e+01 6.777434162554812902e-01 0.000000000000000000e+00 2.008065631045424571e+00
-3.399594600000000355e+01 6.717809653853222818e-01 0.000000000000000000e+00 1.824654976513963023e+00
-3.400196200000002733e+01 6.718998452743470962e-01 0.000000000000000000e+00 1.779944551331344105e+00
-3.445494000000002188e+01 6.808509713332692170e-01 0.000000000000000000e+00 1.564383889696974173e+00
-3.431639000000002682e+01 6.781131374528961420e-01 0.000000000000000000e+00 1.959874684176712067e+00
-3.444736400000001453e+01 6.807012648772770014e-01 0.000000000000000000e+00 2.168844120189556079e+00
-3.403462200000002014e+01 6.725452271186846964e-01 0.000000000000000000e+00 1.848696079472931020e+00
-3.401590000000000913e+01 6.721752687938317150e-01 0.000000000000000000e+00 2.038681631433273633e+00
-3.383896000000002147e+01 6.686788247173741651e-01 0.000000000000000000e+00 1.893877510038677769e+00
-3.417579800000002166e+01 6.753349523867868687e-01 0.000000000000000000e+00 1.910263132013837017e+00
-3.447852200000001943e+01 6.813169662705983454e-01 0.000000000000000000e+00 1.633880118964508243e+00
-3.342007600000002299e+01 6.604014172316562403e-01 0.000000000000000000e+00 1.755339321947684272e+00
-3.387830400000002129e+01 6.694562865447967193e-01 0.000000000000000000e+00 1.452845673251935255e+00
-3.463273200000003271e+01 6.843642514578404112e-01 0.000000000000000000e+00 1.677778784787442579e+00
-3.458653400000001454e+01 6.834513503419578084e-01 0.000000000000000000e+00 2.260793204157257374e+00
-3.425318800000003705e+01 6.768642267570657012e-01 0.000000000000000000e+00 1.969306143371108986e+00
-3.371305400000000674e+01 6.661908441143983284e-01 0.000000000000000000e+00 1.857744409436324906e+00
-3.482509400000002131e+01 6.881654438136419749e-01 0.000000000000000000e+00 1.886499030020070133e+00
-3.425368400000001401e+01 6.768740280245113539e-01 0.000000000000000000e+00 1.921371664219248876e+00
-3.373237800000001840e+01 6.665726983324016253e-01 0.000000000000000000e+00 1.568726085210609078e+00
-3.382014600000002247e+01 6.683070484154951529e-01 0.000000000000000000e+00 1.740262628468600914e+00
-3.401857200000002734e+01 6.722280691700742716e-01 0.000000000000000000e+00 1.547172946270948701e+00
-3.398046000000001499e+01 6.714749524263080582e-01 0.000000000000000000e+00 1.904389776120933631e+00
-3.391884000000001720e+01 6.702573030310818858e-01 0.000000000000000000e+00 1.878919983459228060e+00
-3.421621799999999780e+01 6.761336766411688570e-01 0.000000000000000000e+00 1.613706682594611141e+00
-3.455620800000001935e+01 6.828520897843527449e-01 0.000000000000000000e+00 1.998207998075204994e+00
-3.375505000000001132e+01 6.670207111056661864e-01 0.000000000000000000e+00 1.738899401920651844e+00
-3.392857600000003515e+01 6.704496924259527590e-01 0.000000000000000000e+00 1.697206509527888763e+00
-3.415897400000002193e+01 6.750024997184116415e-01 0.000000000000000000e+00 1.842069933340526378e+00
-3.438740600000001280e+01 6.795164576322433314e-01 0.000000000000000000e+00 1.859346523298175180e+00
-3.414247199999999793e+01 6.746764099696278549e-01 0.000000000000000000e+00 1.926614834160705003e+00
-3.417146800000003992e+01 6.752493889028319263e-01 0.000000000000000000e+00 1.624359955311692083e+00
-3.411430400000000418e+01 6.741197928296616126e-01 0.000000000000000000e+00 1.962244826821535559e+00
-3.459840600000000421e+01 6.836859484208301918e-01 0.000000000000000000e+00 1.480482588384305132e+00
-3.467366000000002657e+01 6.851730141071070701e-01 0.000000000000000000e+00 2.148978721592790908e+00
-3.375220400000002741e+01 6.669644723815701948e-01 0.000000000000000000e+00 1.744324863978883311e+00
-3.335008600000002588e+01 6.590183714482761301e-01 0.000000000000000000e+00 1.929066856271092423e+00
-3.416019600000000622e+01 6.750266471958693559e-01 0.000000000000000000e+00 1.610665386935072663e+00
-3.425505000000001843e+01 6.769010210312280673e-01 0.000000000000000000e+00 1.852812967142695832e+00
-3.427455000000001917e+01 6.772863531183249686e-01 0.000000000000000000e+00 1.922731036701428087e+00
-3.425735200000001157e+01 6.769465099781252215e-01 0.000000000000000000e+00 2.210955894304907243e+00
-3.443524600000000646e+01 6.804618056859208508e-01 0.000000000000000000e+00 1.922528536385393449e+00
-3.375488400000001832e+01 6.670174308427710974e-01 0.000000000000000000e+00 1.817370986888433793e+00
-3.471699400000001390e+01 6.860293208077353766e-01 0.000000000000000000e+00 1.624792257976323206e+00
-3.421098800000002882e+01 6.760303285993480849e-01 0.000000000000000000e+00 1.715009103682289648e+00
-3.420769400000002491e+01 6.759652371175584040e-01 0.000000000000000000e+00 1.994568342345498069e+00
-3.477682600000002822e+01 6.872116382146681302e-01 0.000000000000000000e+00 1.641472038954885138e+00
-3.411386800000002495e+01 6.741111771994069413e-01 0.000000000000000000e+00 1.669260077470968051e+00
-3.451981400000001798e+01 6.821329217854908977e-01 0.000000000000000000e+00 1.680789120887248078e+00
-3.349889400000002126e+01 6.619589097670820488e-01 0.000000000000000000e+00 1.678390529061828618e+00
-3.486924200000002116e+01 6.890378356588293673e-01 0.000000000000000000e+00 1.650735871975362867e+00
-3.426476600000002293e+01 6.770930152137016877e-01 0.000000000000000000e+00 1.952499552747397615e+00
-3.413065400000003535e+01 6.744428789642280542e-01 0.000000000000000000e+00 1.564504845243989140e+00
-3.439917800000001336e+01 6.797490796491306719e-01 0.000000000000000000e+00 1.925309360611059173e+00
-3.475642800000001387e+01 6.868085610909445693e-01 0.000000000000000000e+00 1.751988898428920249e+00
-3.436758999999999986e+01 6.791248811892731663e-01 0.000000000000000000e+00 1.874072481242253341e+00
-3.465764600000000684e+01 6.848565675408108122e-01 0.000000000000000000e+00 1.970755955834863293e+00
-3.439803400000000266e+01 6.797264735000208002e-01 0.000000000000000000e+00 1.599974201321049394e+00
-3.413894600000000423e+01 6.746067340240329280e-01 0.000000000000000000e+00 1.726892749877593891e+00
-3.414815400000001944e+01 6.747886898116224330e-01 0.000000000000000000e+00 1.617053592898846981e+00
-3.416523200000003868e+01 6.751261616774403285e-01 0.000000000000000000e+00 1.475800299709354890e+00
-3.442753800000001974e+01 6.803094908281086539e-01 0.000000000000000000e+00 2.061133322197947759e+00
-3.399246000000002255e+01 6.717120798645216384e-01 0.000000000000000000e+00 2.145111128293187619e+00
-3.406798800000002814e+01 6.732045599606374386e-01 0.000000000000000000e+00 1.443832610214629941e+00
-3.456443600000002192e+01 6.830146801644878529e-01 0.000000000000000000e+00 1.940342824000569344e+00
-3.426542000000003441e+01 6.771059386590845275e-01 0.000000000000000000e+00 1.745834787097102270e+00
-3.454179400000001721e+01 6.825672602098186159e-01 0.000000000000000000e+00 1.976591908741156534e+00
-3.421757200000000410e+01 6.761604325204474408e-01 0.000000000000000000e+00 2.238215899989465907e+00
-3.430993200000001764e+01 6.779855233698974804e-01 0.000000000000000000e+00 2.077596038494411879e+00
-3.464982800000002072e+01 6.847020790148149461e-01 0.000000000000000000e+00 1.751667332126851884e+00
-3.488273399999998503e+01 6.893044459418600223e-01 0.000000000000000000e+00 1.831851429963299527e+00
-3.463823000000002850e+01 6.844728953457818177e-01 0.000000000000000000e+00 2.313352268086861230e+00
-3.428395800000000548e+01 6.774722610298841152e-01 0.000000000000000000e+00 1.744379755312309932e+00
-3.388540000000003261e+01 6.695965079032605294e-01 0.000000000000000000e+00 1.790888065128075413e+00
-3.468189400000002109e+01 6.853357230509611320e-01 0.000000000000000000e+00 2.069146542540930778e+00
-3.432643400000001321e+01 6.783116131186806008e-01 0.000000000000000000e+00 1.435502885186155542e+00
-3.355144600000000565e+01 6.629973698614979316e-01 0.000000000000000000e+00 1.683253222901438972e+00
-3.464898600000000783e+01 6.846854405729000392e-01 0.000000000000000000e+00 1.787456857656664733e+00
-3.416096800000003242e+01 6.750419023943949881e-01 0.000000000000000000e+00 1.634473457171446098e+00
-3.470713000000001358e+01 6.858344020535238617e-01 0.000000000000000000e+00 2.211839932903798100e+00
-3.403956200000003207e+01 6.726428445807494105e-01 0.000000000000000000e+00 1.786557432141322010e+00
-3.413491200000004255e+01 6.745270196835543297e-01 0.000000000000000000e+00 1.726162280798803295e+00
-3.410234400000000932e+01 6.738834558162422050e-01 0.000000000000000000e+00 2.057683906692820308e+00
-3.374907400000002866e+01 6.669026216414362107e-01 0.000000000000000000e+00 1.713506141421999418e+00
-3.401387400000000838e+01 6.721352337780133190e-01 0.000000000000000000e+00 1.840190314192660992e+00
-3.372649200000002168e+01 6.664563873239580660e-01 0.000000000000000000e+00 1.918228113781311750e+00
-3.426777200000003631e+01 6.771524156369744807e-01 0.000000000000000000e+00 2.009411955293579854e+00
-3.416310000000002134e+01 6.750840320359173807e-01 0.000000000000000000e+00 1.849198060640002916e+00
-3.467631000000000796e+01 6.852253797497122045e-01 0.000000000000000000e+00 1.836004263187982488e+00
-3.374801200000002410e+01 6.668816358631542984e-01 0.000000000000000000e+00 1.318317063783453591e+00
-3.385243400000002367e+01 6.689450793092482916e-01 0.000000000000000000e+00 1.694446038866479487e+00
-3.424306000000003536e+01 6.766640911992134466e-01 0.000000000000000000e+00 1.847861084682186794e+00
-3.446477800000001679e+01 6.810453763113645254e-01 0.000000000000000000e+00 2.256840997499815149e+00
-3.429770800000000719e+01 6.777439695528371111e-01 0.000000000000000000e+00 1.860395248093069442e+00
-3.393923800000000313e+01 6.706603801548047805e-01 0.000000000000000000e+00 1.751263266225932647e+00
-3.364325600000002936e+01 6.648115923700300689e-01 0.000000000000000000e+00 1.676770836833872513e+00
-3.395838799999999935e+01 6.710387960249537542e-01 0.000000000000000000e+00 1.670751205706491715e+00
-3.410707600000000639e+01 6.739769630693777103e-01 0.000000000000000000e+00 1.798712948228608166e+00
-3.349127200000001636e+01 6.618082943225765957e-01 0.000000000000000000e+00 1.586534073405537537e+00
-3.434076600000000212e+01 6.785948223223866593e-01 0.000000000000000000e+00 2.316196994475246296e+00
-3.399139800000001799e+01 6.716910940862396151e-01 0.000000000000000000e+00 1.569556604311349135e+00
-3.424518800000002727e+01 6.767061417982564997e-01 0.000000000000000000e+00 1.926804715683402947e+00
-3.447676400000001706e+01 6.812822271009000286e-01 0.000000000000000000e+00 1.587253754099523517e+00
-3.428889199999999704e+01 6.775697599282294314e-01 0.000000000000000000e+00 1.560040543352976261e+00
-3.395856200000001479e+01 6.710422343728080774e-01 0.000000000000000000e+00 1.742559785898407432e+00
-3.442987600000002857e+01 6.803556911573207522e-01 0.000000000000000000e+00 2.447887287178744486e+00
-3.377833800000000508e+01 6.674808964207590289e-01 0.000000000000000000e+00 1.804211728867157527e+00
-3.432450800000000868e+01 6.782735541648472477e-01 0.000000000000000000e+00 1.517381272854018359e+00
-3.428698000000000690e+01 6.775319776230742663e-01 0.000000000000000000e+00 1.623290828638981997e+00
-3.388917200000003760e+01 6.696710449613391125e-01 0.000000000000000000e+00 1.588972838290271916e+00
-3.417116000000002884e+01 6.752433026319175635e-01 0.000000000000000000e+00 1.707925114744718087e+00
-3.380314200000002245e+01 6.679710388355466488e-01 0.000000000000000000e+00 1.654385739660469534e+00
-3.354797800000001473e+01 6.629288400318543717e-01 0.000000000000000000e+00 1.737668239980918905e+00
-3.431523400000003221e+01 6.780902941763483627e-01 0.000000000000000000e+00 1.416550213268527481e+00
-3.429615200000002773e+01 6.777132220283491604e-01 0.000000000000000000e+00 1.827340556212715850e+00
-3.383945000000002068e+01 6.686885074211011970e-01 0.000000000000000000e+00 1.640877162903236375e+00
-3.464320200000002359e+01 6.845711451476814702e-01 0.000000000000000000e+00 1.695783825677761092e+00
-3.456672800000003321e+01 6.830599715051868248e-01 0.000000000000000000e+00 2.018365655476747289e+00
-3.428629800000001637e+01 6.775185008803359388e-01 0.000000000000000000e+00 1.883166874165843607e+00
-3.373629200000001305e+01 6.666500413984988160e-01 0.000000000000000000e+00 1.694519672217266626e+00
-3.439674000000000120e+01 6.797009032579334198e-01 0.000000000000000000e+00 1.729541249854855467e+00
-3.347471800000001707e+01 6.614811770215611730e-01 0.000000000000000000e+00 1.715969209559884634e+00
-3.361506800000002926e+01 6.642545800176665738e-01 0.000000000000000000e+00 2.005442708719337830e+00
-3.401127400000002154e+01 6.720838561664006505e-01 0.000000000000000000e+00 1.865875184292232980e+00
-3.411562800000003648e+01 6.741459558903450944e-01 0.000000000000000000e+00 1.802234173400820483e+00
-3.358458400000002086e+01 6.636521972821247672e-01 0.000000000000000000e+00 1.751902677795969199e+00
-3.399113800000002783e+01 6.716859563250785481e-01 0.000000000000000000e+00 1.925813098894788133e+00
-3.449480600000001829e+01 6.816387482042540746e-01 0.000000000000000000e+00 1.656696526395132318e+00
-3.478727800000002190e+01 6.874181762133518836e-01 0.000000000000000000e+00 1.883478465825474402e+00
-3.418065800000002241e+01 6.754309889992633487e-01 0.000000000000000000e+00 1.744908562634602367e+00
-3.426704000000000150e+01 6.771379508632426880e-01 0.000000000000000000e+00 1.717836147805450908e+00
-3.394333000000002443e+01 6.707412406112359671e-01 0.000000000000000000e+00 1.833316968825035698e+00
-3.465149600000002295e+01 6.847350397287267354e-01 0.000000000000000000e+00 1.782479286627635551e+00
-3.383921800000002378e+01 6.686839229572958399e-01 0.000000000000000000e+00 1.711482794784815908e+00
-3.363493800000002665e+01 6.646472235341083223e-01 0.000000000000000000e+00 1.648868043110764070e+00
-3.416651200000002575e+01 6.751514552708494099e-01 0.000000000000000000e+00 1.917813214658609988e+00
-3.381135000000002577e+01 6.681332340032847261e-01 0.000000000000000000e+00 1.893235182768566505e+00
-3.418023800000001700e+01 6.754226895389258134e-01 0.000000000000000000e+00 1.682576762400365800e+00
-3.438487200000002275e+01 6.794663842215407090e-01 0.000000000000000000e+00 1.959274470956382963e+00
-3.420126600000001105e+01 6.758382158531550665e-01 0.000000000000000000e+00 1.451007801092855098e+00
-3.484098200000001810e+01 6.884794005418365392e-01 0.000000000000000000e+00 2.003301835903250616e+00
-3.420344400000001883e+01 6.758812544831910296e-01 0.000000000000000000e+00 1.826028704362435695e+00
-3.329809600000001524e+01 6.579910168222159461e-01 0.000000000000000000e+00 1.556750903432329469e+00
-3.415258600000002076e+01 6.748762688788025876e-01 0.000000000000000000e+00 1.782096184699128560e+00
-3.399634600000003104e+01 6.717888696332632303e-01 0.000000000000000000e+00 1.996848576901800953e+00
-3.396408800000003225e+01 6.711514315581057488e-01 0.000000000000000000e+00 2.122565513963388995e+00
-3.418605800000001693e+01 6.755376963464593265e-01 0.000000000000000000e+00 1.585766319619761555e+00
-3.453962400000003186e+01 6.825243796647419980e-01 0.000000000000000000e+00 2.037078164208469655e+00
-3.400377200000001920e+01 6.719356119962774931e-01 0.000000000000000000e+00 1.864077763262817600e+00
-3.401099000000002803e+01 6.720782441503631022e-01 0.000000000000000000e+00 1.776900081176442381e+00
-3.362523000000001616e+01 6.644553874365934920e-01 0.000000000000000000e+00 1.650400864528482892e+00
-3.427575200000001843e+01 6.773101053833860963e-01 0.000000000000000000e+00 1.977070298126329728e+00
-3.265362400000000775e+01 6.452558506255225979e-01 0.000000000000000000e+00 2.177963822088711865e+00
-3.385622400000001875e+01 6.690199720584839582e-01 0.000000000000000000e+00 2.004927591484278349e+00
-3.388870200000004473e+01 6.696617574700092224e-01 0.000000000000000000e+00 2.221629861887052471e+00
-3.387789200000003831e+01 6.694481451694184182e-01 0.000000000000000000e+00 1.857993687329851040e+00
-3.420946000000001419e+01 6.760001343722152889e-01 0.000000000000000000e+00 1.776631562334416214e+00
-3.389685000000001480e+01 6.698227670005555412e-01 0.000000000000000000e+00 1.752117909038006793e+00
-3.458481800000001982e+01 6.834174411182933895e-01 0.000000000000000000e+00 1.876395852809423337e+00
-3.371175000000002342e+01 6.661650762661127656e-01 0.000000000000000000e+00 1.716637279742584399e+00
-3.416639600000001309e+01 6.751491630389464538e-01 0.000000000000000000e+00 1.694735768679118904e+00
-3.461851600000003515e+01 6.840833344860368648e-01 0.000000000000000000e+00 2.063801554879546085e+00
-3.433165400000002876e+01 6.784147635543037458e-01 0.000000000000000000e+00 1.416347204723217956e+00
-3.452209800000000683e+01 6.821780550412306354e-01 0.000000000000000000e+00 2.042483878500722216e+00
-3.340786200000002992e+01 6.601600610207947195e-01 0.000000000000000000e+00 1.512554811547454081e+00
-3.424762200000001400e+01 6.767542391469738572e-01 0.000000000000000000e+00 1.722403482544907938e+00
-3.337508200000002034e+01 6.595123079020747126e-01 0.000000000000000000e+00 1.488137367694015500e+00
-3.356011800000000989e+01 6.631687339568469453e-01 0.000000000000000000e+00 1.579909871894308537e+00
-3.425944400000002332e+01 6.769878491948539967e-01 0.000000000000000000e+00 1.782524560660406543e+00
-3.409908200000000988e+01 6.738189966742879067e-01 0.000000000000000000e+00 1.443375230435365308e+00
-3.332047000000000736e+01 6.584331409307648819e-01 0.000000000000000000e+00 1.666891309072857874e+00
-3.426451000000002267e+01 6.770879564950198493e-01 0.000000000000000000e+00 1.743591304483566695e+00
-3.403326800000001384e+01 6.725184712394061126e-01 0.000000000000000000e+00 1.786491804586448406e+00
-3.453860200000003289e+01 6.825041843112541473e-01 0.000000000000000000e+00 1.855652458643236358e+00
-3.370351600000002890e+01 6.660023673222587037e-01 0.000000000000000000e+00 2.029897960251782152e+00
-3.457728200000002516e+01 6.832685250870954574e-01 0.000000000000000000e+00 1.780523081488451398e+00
-3.392353200000000868e+01 6.703500198594231074e-01 0.000000000000000000e+00 1.861348705701911577e+00
-3.399671600000002769e+01 6.717961810626081887e-01 0.000000000000000000e+00 1.654267113305966985e+00
-3.441530200000003958e+01 6.800676998836107101e-01 0.000000000000000000e+00 2.199487943805433776e+00
-3.436015400000002273e+01 6.789779412200606101e-01 0.000000000000000000e+00 2.085988332933661038e+00
-3.424351600000002094e+01 6.766731020418652598e-01 0.000000000000000000e+00 1.987862977754571991e+00
-3.489466400000002011e+01 6.895401901366846609e-01 0.000000000000000000e+00 2.072521916128348796e+00
-3.314998200000002981e+01 6.550641923735869288e-01 0.000000000000000000e+00 1.781621336293252034e+00
-3.371044400000000252e+01 6.661392688965868114e-01 0.000000000000000000e+00 1.848093208126481812e+00
-3.507305600000001533e+01 6.930653266331661122e-01 0.000000000000000000e+00 1.881674366697614564e+00
-3.440426199999999568e+01 6.798495426404534969e-01 0.000000000000000000e+00 2.033116629424992716e+00
-3.448439000000004029e+01 6.814329215878851542e-01 0.000000000000000000e+00 1.970513740401500069e+00
-3.454924000000002593e+01 6.827143977852302426e-01 0.000000000000000000e+00 1.612920805385200662e+00
-3.286808600000000524e+01 6.494937526800341754e-01 0.000000000000000000e+00 2.285498324770616208e+00
-3.504527400000002757e+01 6.925163370924625195e-01 0.000000000000000000e+00 2.063788625081101724e+00
-3.433544600000001878e+01 6.784896958247790266e-01 0.000000000000000000e+00 1.973133195595166756e+00
-3.507747800000003480e+01 6.931527080941481955e-01 0.000000000000000000e+00 2.066795770922475572e+00
-3.441753800000002883e+01 6.801118846295975962e-01 0.000000000000000000e+00 2.121581963544270977e+00
-3.503260000000002350e+01 6.922658909964692908e-01 0.000000000000000000e+00 1.753801565661626372e+00
-3.452855400000003527e+01 6.823056296029901269e-01 0.000000000000000000e+00 1.812452459365096358e+00
-3.543218200000001872e+01 7.001618789978207857e-01 0.000000000000000000e+00 1.900027117104735819e+00
-3.484689800000000304e+01 6.885963043688755336e-01 0.000000000000000000e+00 1.950352666062258988e+00
-3.509165600000000040e+01 6.934328741623967396e-01 0.000000000000000000e+00 1.822098046920060721e+00
-3.473355400000001936e+01 6.863565566724700862e-01 0.000000000000000000e+00 1.529557218785683181e+00
-3.463131000000001336e+01 6.843361518564117230e-01 0.000000000000000000e+00 1.763590489211246171e+00
-3.406589800000003265e+01 6.731632602651486108e-01 0.000000000000000000e+00 1.760479092160811332e+00
-3.422327600000002690e+01 6.762731470960786639e-01 0.000000000000000000e+00 1.892673128444358310e+00
-3.433846200000000692e+01 6.785492938542497798e-01 0.000000000000000000e+00 1.623594474346125249e+00
-3.442515800000001747e+01 6.802624605528629909e-01 0.000000000000000000e+00 1.782516830876947234e+00
-3.438501400000001240e+01 6.794691902295594277e-01 0.000000000000000000e+00 1.612568340859833249e+00
-3.469585200000000924e+01 6.856115417828428926e-01 0.000000000000000000e+00 1.830806395629747119e+00
-3.471583200000002023e+01 6.860063589674685325e-01 0.000000000000000000e+00 1.837247575123992060e+00
-3.419274400000001179e+01 6.756698158507838947e-01 0.000000000000000000e+00 1.675155192106213109e+00
-3.696008800000001315e+01 7.303542486320713234e-01 0.000000000000000000e+00 2.017676844277931814e+00
-3.702214600000002065e+01 7.315805531787925586e-01 0.000000000000000000e+00 1.489217927178659640e+00
-3.711415000000000930e+01 7.333986092475750507e-01 0.000000000000000000e+00 1.641345502348852792e+00
-3.697825200000000478e+01 7.307131805310470574e-01 0.000000000000000000e+00 1.871811370346268211e+00
-3.653859400000001756e+01 7.220252659285419927e-01 0.000000000000000000e+00 1.882520635261631936e+00
-3.718386600000000897e+01 7.347762406211160169e-01 0.000000000000000000e+00 1.794945421652455186e+00
-3.729743000000001985e+01 7.370203356538892470e-01 0.000000000000000000e+00 1.679205540237297622e+00
-3.623369800000001817e+01 7.160003319784138398e-01 0.000000000000000000e+00 1.557493163367131395e+00
-3.731171800000002747e+01 7.373026753903222374e-01 0.000000000000000000e+00 1.676065775834961746e+00
-3.723637200000001002e+01 7.358137917270191064e-01 0.000000000000000000e+00 1.629542379715510414e+00
-3.707203800000002758e+01 7.325664500244049027e-01 0.000000000000000000e+00 1.498430327988039545e+00
-3.702696800000003208e+01 7.316758388877149244e-01 0.000000000000000000e+00 1.868393944405437601e+00
-3.703476000000003410e+01 7.318298136375949170e-01 0.000000000000000000e+00 1.799688020662795429e+00
-3.697071200000002733e+01 7.305641854573700078e-01 0.000000000000000000e+00 1.189774172891985060e+00
-3.715232400000000723e+01 7.341529511497718596e-01 0.000000000000000000e+00 1.662225433490119197e+00
-3.717895200000001665e+01 7.346791369351677314e-01 0.000000000000000000e+00 1.507262073455299500e+00
-3.717449600000002619e+01 7.345910836131113175e-01 0.000000000000000000e+00 1.705483548003055683e+00
-3.737858600000001275e+01 7.386240285185268206e-01 0.000000000000000000e+00 1.466956802502405122e+00
-3.656857400000001945e+01 7.226176893116786903e-01 0.000000000000000000e+00 1.674104443275251430e+00
-3.625293200000000127e+01 7.163804077406300541e-01 0.000000000000000000e+00 1.648472213095960814e+00
-3.740490600000002530e+01 7.391441280330086627e-01 0.000000000000000000e+00 1.720314180009987037e+00
-3.695098000000002259e+01 7.301742689064675274e-01 0.000000000000000000e+00 1.758513138243140261e+00
-3.682272800000002633e+01 7.276399298893213574e-01 0.000000000000000000e+00 1.857725932971912686e+00
-3.720852400000000415e+01 7.352634979854049124e-01 0.000000000000000000e+00 1.601532815339760552e+00
-3.762040200000003409e+01 7.434024625684465537e-01 0.000000000000000000e+00 1.707676743591134416e+00
-3.685360600000004894e+01 7.282500983090847146e-01 0.000000000000000000e+00 2.123349386448996956e+00
-3.729439200000003041e+01 7.369603028907817377e-01 0.000000000000000000e+00 1.874962488711912512e+00
-3.675106000000002382e+01 7.262237257858309425e-01 0.000000000000000000e+00 1.891617317951957533e+00
-3.724594800000001982e+01 7.360030194227136224e-01 0.000000000000000000e+00 1.719766888624176815e+00
-3.654949600000001908e+01 7.222406962061589386e-01 0.000000000000000000e+00 1.700515800533069388e+00
-3.737002400000000080e+01 7.384548380913612542e-01 0.000000000000000000e+00 1.891975569018166992e+00
-3.738285000000003322e+01 7.387082878015723830e-01 0.000000000000000000e+00 1.822105305891395632e+00
-3.687336600000002562e+01 7.286405681573424609e-01 0.000000000000000000e+00 1.373578204722573970e+00
-3.694112400000001628e+01 7.299795082372146915e-01 0.000000000000000000e+00 1.830917173325925518e+00
-3.718193000000002257e+01 7.347379840610844814e-01 0.000000000000000000e+00 1.830953364598162825e+00
-3.754680400000000873e+01 7.419481204686430020e-01 0.000000000000000000e+00 1.920567510084433271e+00
-3.706320000000002324e+01 7.323918056661605780e-01 0.000000000000000000e+00 1.643947545551637246e+00
-3.667384200000004313e+01 7.246978502421672630e-01 0.000000000000000000e+00 1.638962287927481221e+00
-3.728552600000001860e+01 7.367851052351813701e-01 0.000000000000000000e+00 1.760306606822868991e+00
-3.673868400000002765e+01 7.259791683545535612e-01 0.000000000000000000e+00 1.625446577873044696e+00
-3.716356600000003851e+01 7.343751000381387728e-01 0.000000000000000000e+00 1.820361637742802019e+00
-3.630969600000001662e+01 7.175020995658595302e-01 0.000000000000000000e+00 1.485635950615633138e+00
-3.733413000000002313e+01 7.377455504024255095e-01 0.000000000000000000e+00 1.704243528710470690e+00
-3.662858000000002079e+01 7.238034450664653230e-01 0.000000000000000000e+00 1.640270575117398044e+00
-3.727880400000002226e+01 7.366522743485421909e-01 0.000000000000000000e+00 1.997856087976976003e+00
-3.657498600000001687e+01 7.227443944061641146e-01 0.000000000000000000e+00 1.499340557874990765e+00
-3.707528800000002889e+01 7.326306720389210714e-01 0.000000000000000000e+00 2.061375879215166851e+00
-3.710718200000001588e+01 7.332609172484525484e-01 0.000000000000000000e+00 1.507884945131270582e+00
-3.694346200000000380e+01 7.300257085664264567e-01 0.000000000000000000e+00 1.509725511661512698e+00
-3.711474199999999968e+01 7.334103075345267397e-01 0.000000000000000000e+00 2.089860238968195283e+00
-3.742833800000001077e+01 7.396071588773599492e-01 0.000000000000000000e+00 1.736445363598761782e+00
-3.690428600000003456e+01 7.292515665231393829e-01 0.000000000000000000e+00 1.291583248373401105e+00
-3.741083400000003678e+01 7.392612689874863419e-01 0.000000000000000000e+00 1.953883542129893902e+00
-3.718187400000002896e+01 7.347368774663729507e-01 0.000000000000000000e+00 2.004369804314684256e+00
-3.733104600000000772e+01 7.376846086508043188e-01 0.000000000000000000e+00 1.975665597160111364e+00
-3.697126200000002427e+01 7.305750537982880211e-01 0.000000000000000000e+00 1.792387701723287430e+00
-3.765948400000002039e+01 7.441747471134678715e-01 0.000000000000000000e+00 1.694364811511644087e+00
-3.693583600000000899e+01 7.298750140794418861e-01 0.000000000000000000e+00 1.525712135862854479e+00
-3.748633400000000648e+01 7.407531957862455441e-01 0.000000000000000000e+00 1.569238267519136976e+00
-3.756536000000000541e+01 7.423147985306004504e-01 0.000000000000000000e+00 1.869838020640917309e+00
-3.707164000000002346e+01 7.325585852977041235e-01 0.000000000000000000e+00 1.657836069560363335e+00
-3.730010400000001880e+01 7.370731755513710848e-01 0.000000000000000000e+00 2.035896934340382103e+00
-3.666205200000003828e+01 7.244648725341223949e-01 0.000000000000000000e+00 1.678225821507867810e+00
-3.793692200000003112e+01 7.496570939637240416e-01 0.000000000000000000e+00 1.901615108938034426e+00
-3.770866800000003849e+01 7.451466534402259034e-01 0.000000000000000000e+00 1.695228247489661388e+00
-3.741310600000002040e+01 7.393061651157877279e-01 0.000000000000000000e+00 1.535093145189594610e+00
-3.748371400000003462e+01 7.407014229622361778e-01 0.000000000000000000e+00 1.468562667951562206e+00
-3.791734800000001115e+01 7.492702995907577490e-01 0.000000000000000000e+00 1.731727863968367531e+00
-3.756121400000001387e+01 7.422328710006977914e-01 0.000000000000000000e+00 1.693533892979619759e+00
-3.751161400000001578e+01 7.412527442560821189e-01 0.000000000000000000e+00 1.763557104265138342e+00
-3.754639000000001658e+01 7.419399395720248647e-01 0.000000000000000000e+00 1.850905481573052347e+00
-3.759272400000001113e+01 7.428555281322066772e-01 0.000000000000000000e+00 1.657715545356672981e+00
-3.798484600000002587e+01 7.506041019094692457e-01 0.000000000000000000e+00 1.717454776868927668e+00
-3.719298600000003319e+01 7.349564574741587197e-01 0.000000000000000000e+00 1.709929561844196977e+00
-3.778611600000003534e+01 7.466770739264556589e-01 0.000000000000000000e+00 1.556527837214690457e+00
-3.774031600000002129e+01 7.457720375372739463e-01 0.000000000000000000e+00 1.631446148265675467e+00
-3.701047800000003463e+01 7.313499862663699336e-01 0.000000000000000000e+00 1.725002003194855416e+00
-3.779765600000001768e+01 7.469051114795373092e-01 0.000000000000000000e+00 1.865943642133974345e+00
-3.770235600000000886e+01 7.450219244077249670e-01 0.000000000000000000e+00 1.626633796260041454e+00
-3.766114400000001439e+01 7.442075497424206487e-01 0.000000000000000000e+00 1.721379629586557769e+00
-3.781320400000000603e+01 7.472123495969823503e-01 0.000000000000000000e+00 1.585700463002920779e+00
-3.720642800000000960e+01 7.352220797261970198e-01 0.000000000000000000e+00 1.973703384942462336e+00
-3.728746600000000910e+01 7.368234408376923561e-01 0.000000000000000000e+00 1.515953013865029231e+00
-3.784281800000004381e+01 7.477975405932542063e-01 0.000000000000000000e+00 1.697012249402526374e+00
-3.811692400000001157e+01 7.532140450581655822e-01 0.000000000000000000e+00 2.048646488531815191e+00
-3.737939800000003032e+01 7.386400741418462923e-01 0.000000000000000000e+00 1.763541065496613047e+00
-3.778626000000001284e+01 7.466799194557137698e-01 0.000000000000000000e+00 1.456276081051399940e+00
-3.706989000000001511e+01 7.325240042129644857e-01 0.000000000000000000e+00 1.672448204962661444e+00
-3.767818600000001084e+01 7.445443102259233781e-01 0.000000000000000000e+00 1.636658800266228120e+00
-3.751387800000001960e+01 7.412974822994251589e-01 0.000000000000000000e+00 1.778857426482947535e+00
-3.773528600000000210e+01 7.456726416194223717e-01 0.000000000000000000e+00 1.753452141211499171e+00
-3.695027400000002871e+01 7.301603179088527185e-01 0.000000000000000000e+00 1.614569228012364466e+00
-3.749250800000002926e+01 7.408751978532068794e-01 0.000000000000000000e+00 1.672677935375160407e+00
-3.689314800000003203e+01 7.290314727392375183e-01 0.000000000000000000e+00 1.705909203623117820e+00
-3.788301200000002211e+01 7.485917989475497913e-01 0.000000000000000000e+00 1.886175317391083572e+00
-3.694342200000003373e+01 7.300249181416329503e-01 0.000000000000000000e+00 1.736143793070776153e+00
-3.709892800000001500e+01 7.330978130922013447e-01 0.000000000000000000e+00 1.432729324185066266e+00
-3.759113000000004234e+01 7.428240297041646123e-01 0.000000000000000000e+00 1.832342809083497004e+00
-3.788646600000003417e+01 7.486600521285158294e-01 0.000000000000000000e+00 1.687295300519608299e+00
-3.674121399999999937e+01 7.260291627227762890e-01 0.000000000000000000e+00 1.933768452656338122e+00
-3.752023800000001330e+01 7.414231598416781699e-01 0.000000000000000000e+00 1.291563720533361215e+00
-3.708104200000000361e+01 7.327443746455439832e-01 0.000000000000000000e+00 1.733170483794063799e+00
-3.757003000000002402e+01 7.424070806253055821e-01 0.000000000000000000e+00 1.763934204177317167e+00
-3.718560600000001415e+01 7.348106240996570282e-01 0.000000000000000000e+00 1.656411981997549354e+00
-3.757088600000000866e+01 7.424239957158977887e-01 0.000000000000000000e+00 1.542034822087132273e+00
-3.687787000000002280e+01 7.287295699891518375e-01 0.000000000000000000e+00 1.614034980000949915e+00
-3.722290800000001099e+01 7.355477347413436062e-01 0.000000000000000000e+00 1.780806764151710242e+00
-3.725845000000002472e+01 7.362500666920924752e-01 0.000000000000000000e+00 1.588262487370358578e+00
-3.800292000000001735e+01 7.509612553526582301e-01 0.000000000000000000e+00 1.739638248126153863e+00
-3.772429000000002475e+01 7.454553538435398918e-01 0.000000000000000000e+00 1.752685743611382962e+00
-3.732011600000003426e+01 7.374686250758321071e-01 0.000000000000000000e+00 1.887609025319779255e+00
-3.700065800000002270e+01 7.311559369794315977e-01 0.000000000000000000e+00 1.504566845226072092e+00
-3.752006200000001712e+01 7.414196819725844545e-01 0.000000000000000000e+00 1.533599032235195114e+00
-3.759992000000003287e+01 7.429977255526557522e-01 0.000000000000000000e+00 1.858494804997318228e+00
-3.808406200000005981e+01 7.525646715686189481e-01 0.000000000000000000e+00 1.840337820041404227e+00
-3.707993800000003404e+01 7.327225589212289503e-01 0.000000000000000000e+00 1.827855455173100108e+00
-3.798724600000002027e+01 7.506515273971118285e-01 0.000000000000000000e+00 1.749968962923616811e+00
-3.677999000000001928e+01 7.267954005181238575e-01 0.000000000000000000e+00 1.815447424579996527e+00
-3.780738000000002330e+01 7.470972637469697197e-01 0.000000000000000000e+00 1.661118245476385313e+00
-3.741872600000004212e+01 7.394172197993514883e-01 0.000000000000000000e+00 1.830407943415120586e+00
-3.758399400000002544e+01 7.426830179209066296e-01 0.000000000000000000e+00 1.527804567716484430e+00
-3.644556200000003088e+01 7.201868959425525851e-01 0.000000000000000000e+00 1.757757701484272017e+00
-3.724521199999999510e+01 7.359884756065027123e-01 0.000000000000000000e+00 1.925795428119418951e+00
-3.779485600000003132e+01 7.468497817439543329e-01 0.000000000000000000e+00 1.809113217574853438e+00
-3.743373200000001333e+01 7.397137476608368623e-01 0.000000000000000000e+00 1.640409962486896855e+00
-3.769908400000001336e+01 7.449572676595722642e-01 0.000000000000000000e+00 1.420458460257522537e+00
-3.761122200000001925e+01 7.432210600782129806e-01 0.000000000000000000e+00 1.628747258055166292e+00
-3.716911600000003091e+01 7.344847714783123704e-01 0.000000000000000000e+00 1.945336192632953543e+00
-3.794773400000003249e+01 7.498707457855544600e-01 0.000000000000000000e+00 1.906474342505113162e+00
-3.696018000000002246e+01 7.303560666090979092e-01 0.000000000000000000e+00 1.668724274602147783e+00
-3.766919200000003798e+01 7.443665832109829239e-01 0.000000000000000000e+00 1.402670008758548637e+00
-3.799310000000001963e+01 7.507672060657202273e-01 0.000000000000000000e+00 1.923034860302692106e+00
-3.752215400000001466e+01 7.414610211893130076e-01 0.000000000000000000e+00 1.769888668496615969e+00
-3.765240400000002552e+01 7.440348419249219747e-01 0.000000000000000000e+00 1.789177021009685564e+00
-3.756152000000003000e+01 7.422389177503726509e-01 0.000000000000000000e+00 1.631137402135842240e+00
-3.773221000000001624e+01 7.456118579527606371e-01 0.000000000000000000e+00 1.801547562205585429e+00
-3.804230200000002071e+01 7.517394680836352316e-01 0.000000000000000000e+00 1.815902546109139593e+00
-3.672192600000001050e+01 7.256480198870880471e-01 0.000000000000000000e+00 1.850076568801487076e+00
-3.761040600000001177e+01 7.432049354124142804e-01 0.000000000000000000e+00 1.861503858528681832e+00
-3.812928400000004103e+01 7.534582863195260494e-01 0.000000000000000000e+00 1.608783395702127583e+00
-3.806354800000001148e+01 7.521593022129920980e-01 0.000000000000000000e+00 1.700910800366686182e+00
-3.837776000000002341e+01 7.583683260976534779e-01 0.000000000000000000e+00 1.607052430112755337e+00
-3.836092400000003977e+01 7.580356363018403432e-01 0.000000000000000000e+00 1.523411649277881752e+00
-3.757081600000002197e+01 7.424226124725085141e-01 0.000000000000000000e+00 1.640176895406791679e+00
-3.813749999999999574e+01 7.536206395722220286e-01 0.000000000000000000e+00 1.911843160593219348e+00
-3.775971200000002170e+01 7.461553145199063541e-01 0.000000000000000000e+00 1.589458491060411260e+00
-3.815235400000003096e+01 7.539141638194912787e-01 0.000000000000000000e+00 1.962360932390811996e+00
-3.846789000000003256e+01 7.601493507648354742e-01 0.000000000000000000e+00 1.849863172526743593e+00
-3.870763800000003130e+01 7.648869198529025804e-01 0.000000000000000000e+00 1.681018843222373604e+00
-3.793902400000001762e+01 7.496986307866508881e-01 0.000000000000000000e+00 1.731787362499544791e+00
-3.847656400000000332e+01 7.603207543814235470e-01 0.000000000000000000e+00 1.797059735465775798e+00
-3.843557799999999247e+01 7.595108456162051880e-01 0.000000000000000000e+00 1.623905707043883817e+00
-3.846592800000001233e+01 7.601105804286871770e-01 0.000000000000000000e+00 1.686094272504872649e+00
-3.749852000000000629e+01 7.409939986997513550e-01 0.000000000000000000e+00 1.886782857649282663e+00
-3.858403600000001177e+01 7.624444677180636232e-01 0.000000000000000000e+00 1.807080632855214919e+00
-3.794351600000000957e+01 7.497873954910220240e-01 0.000000000000000000e+00 1.617908924452245767e+00
-3.844606400000000690e+01 7.597180554759642712e-01 0.000000000000000000e+00 1.562836331253810496e+00
-3.837306000000002371e+01 7.582754511843532441e-01 0.000000000000000000e+00 1.454840597051196616e+00
-3.823971600000001558e+01 7.556404910909249040e-01 0.000000000000000000e+00 1.595606157497025723e+00
-3.851119800000000737e+01 7.610051436893474630e-01 0.000000000000000000e+00 1.952800802058728191e+00
-3.807810800000003582e+01 7.524470168380249513e-01 0.000000000000000000e+00 1.679638495237242068e+00
-3.841484800000002764e+01 7.591012079666921153e-01 0.000000000000000000e+00 1.696100260906313606e+00
-3.805165200000003267e+01 7.519242298792435664e-01 0.000000000000000000e+00 1.533653199606295203e+00
-3.836208800000002128e+01 7.580586376633466905e-01 0.000000000000000000e+00 1.566811962784057988e+00
-3.800153000000001668e+01 7.509337880910651464e-01 0.000000000000000000e+00 1.797634184283623870e+00
-3.837569200000002212e+01 7.583274611358014061e-01 0.000000000000000000e+00 1.673195730650382185e+00
-3.797409200000004148e+01 7.503915962035905274e-01 0.000000000000000000e+00 1.312862823246445210e+00
-3.823460800000001569e+01 7.555395538447253756e-01 0.000000000000000000e+00 1.687108155758925587e+00
-3.835698400000001840e+01 7.579577794596265017e-01 0.000000000000000000e+00 1.882948264239360903e+00
-3.857875600000001270e+01 7.623401316452497190e-01 0.000000000000000000e+00 1.500609658483961661e+00
-3.855172800000000422e+01 7.618060416119133427e-01 0.000000000000000000e+00 1.645704363896959066e+00
-3.843805600000002443e+01 7.595598124321968347e-01 0.000000000000000000e+00 1.717555880691213011e+00
-3.831832200000003041e+01 7.571937943749426081e-01 0.000000000000000000e+00 1.822614114401663432e+00
-3.849684200000002932e+01 7.607214602307651452e-01 0.000000000000000000e+00 1.721477041226721516e+00
-3.827159800000001155e+01 7.562704991730182513e-01 0.000000000000000000e+00 1.933870342450625612e+00
-3.760397600000000295e+01 7.430778746267713286e-01 0.000000000000000000e+00 1.350221309441043793e+00
-3.864622800000002911e+01 7.636734201878450090e-01 0.000000000000000000e+00 1.654039885811265709e+00
-3.791986399999999691e+01 7.493200173103029549e-01 0.000000000000000000e+00 1.633808098564005773e+00
-3.856128600000003814e+01 7.619949136164511083e-01 0.000000000000000000e+00 1.841258585640799916e+00
-3.816905200000002907e+01 7.542441266497653674e-01 0.000000000000000000e+00 1.959345804680529657e+00
-3.837668600000002073e+01 7.583471031919333250e-01 0.000000000000000000e+00 1.654435209620589209e+00
-3.812984600000000768e+01 7.534693917878817482e-01 0.000000000000000000e+00 1.422379773366033273e+00
-3.857639400000000762e+01 7.622934570611612504e-01 0.000000000000000000e+00 1.527989491860583859e+00
-3.796295200000001557e+01 7.501714628984484934e-01 0.000000000000000000e+00 1.776668314654985759e+00
-3.834184800000001303e+01 7.576586827175597616e-01 0.000000000000000000e+00 1.933081059532484325e+00
-3.799587200000001275e+01 7.508219825039474937e-01 0.000000000000000000e+00 1.611264483432722106e+00
