-5.882232800000005568e+01 7.372142875047005273e-01 0.000000000000000000e+00 1.852929844135737580e+00
-5.790422600000002262e+01 7.257078079959896622e-01 0.000000000000000000e+00 1.762425940251881373e+00
-5.857068000000002428e+01 7.340604085725030981e-01 0.000000000000000000e+00 2.106371598438193882e+00
-5.885510200000004488e+01 7.376250407319218105e-01 0.000000000000000000e+00 1.667029609086688291e+00
-5.913245000000003415e+01 7.411010151648079747e-01 0.000000000000000000e+00 1.803617608776002967e+00
-5.749113200000004298e+01 7.205305426745211017e-01 0.000000000000000000e+00 1.666788515114371982e+00
-6.046177400000003388e+01 7.577612984083221814e-01 0.000000000000000000e+00 2.080047275619504088e+00
-5.987269200000003622e+01 7.503783932823665515e-01 0.000000000000000000e+00 1.672872362539800761e+00
-5.860707399999999723e+01 7.345165308935955872e-01 0.000000000000000000e+00 1.887458061163348022e+00
-6.040158000000005245e+01 7.570068930943733010e-01 0.000000000000000000e+00 1.770161838518008013e+00
-5.959160200000003726e+01 7.468555207419480535e-01 0.000000000000000000e+00 1.789235694056220849e+00
-5.933230000000005333e+01 7.436057150018805517e-01 0.000000000000000000e+00 1.548708888008969664e+00
-5.984445200000004661e+01 7.500244642185742716e-01 0.000000000000000000e+00 1.733492346463775258e+00
-5.922702200000003359e+01 7.422862764757491849e-01 0.000000000000000000e+00 1.816328038697188285e+00
-5.897719400000002565e+01 7.391552074194763788e-01 0.000000000000000000e+00 1.968563858095028207e+00
-6.016894200000002968e+01 7.540912645694952676e-01 0.000000000000000000e+00 1.709885068213945924e+00
-5.996501400000001070e+01 7.515354555708736450e-01 0.000000000000000000e+00 1.807927007164936040e+00
-5.964131400000004390e+01 7.474785562100518810e-01 0.000000000000000000e+00 1.610620142879911176e+00
-6.042990800000001883e+01 7.573619250532650504e-01 0.000000000000000000e+00 1.913440678526089789e+00
-6.028690600000002320e+01 7.555696954505579654e-01 0.000000000000000000e+00 1.937553711517216559e+00
-5.906203400000004677e+01 7.402184985587171306e-01 0.000000000000000000e+00 1.632740408163062318e+00
-5.955372200000000760e+01 7.463807745331495491e-01 0.000000000000000000e+00 1.442264965329943083e+00
-5.919287000000003474e+01 7.418582529138993964e-01 0.000000000000000000e+00 1.989424788980497683e+00
-5.905619800000002328e+01 7.401453565609728003e-01 0.000000000000000000e+00 1.850762989479820764e+00
-6.000098800000002797e+01 7.519863140744457164e-01 0.000000000000000000e+00 1.949259561017511189e+00
-6.005736400000003528e+01 7.526928687805493068e-01 0.000000000000000000e+00 1.582371029644623617e+00
-5.936793200000005299e+01 7.440522872540424881e-01 0.000000000000000000e+00 1.733797790271839556e+00
-5.948261400000004073e+01 7.454895851610482405e-01 0.000000000000000000e+00 2.007210252812080764e+00
-5.950212000000004053e+01 7.457340518862016765e-01 0.000000000000000000e+00 1.807353532632504090e+00
-5.977309600000005219e+01 7.491301666875553877e-01 0.000000000000000000e+00 2.070018826143834367e+00
-5.924702600000004082e+01 7.425369845845348760e-01 0.000000000000000000e+00 1.506154832786879449e+00
-5.948652200000005053e+01 7.455385637297913259e-01 0.000000000000000000e+00 1.708957101055636141e+00
-5.987419800000002112e+01 7.503972678280488307e-01 0.000000000000000000e+00 1.998820289948826767e+00
-5.915771200000006047e+01 7.414176212557971324e-01 0.000000000000000000e+00 1.646825647660959513e+00
-6.023681400000003805e+01 7.549418974808878025e-01 0.000000000000000000e+00 1.987466263382815290e+00
-5.872895400000000876e+01 7.360440406065923424e-01 0.000000000000000000e+00 1.548324876737188882e+00
-5.960920399999999120e+01 7.470761248276724942e-01 0.000000000000000000e+00 1.691747556920793594e+00
-5.889751800000001936e+01 7.381566361699463119e-01 0.000000000000000000e+00 1.796316767209384935e+00
-6.010614799999999747e+01 7.533042737185110527e-01 0.000000000000000000e+00 1.508659771705879615e+00
-5.961957000000001727e+01 7.472060408572503976e-01 0.000000000000000000e+00 1.726878910174086235e+00
-5.947185800000002587e+01 7.453547813009151479e-01 0.000000000000000000e+00 1.797598426250024639e+00
-5.980389800000005351e+01 7.495162050382259133e-01 0.000000000000000000e+00 1.398366882537546596e+00
-5.999760200000003607e+01 7.519438776789075796e-01 0.000000000000000000e+00 1.858679094018495404e+00
-6.065310400000005586e+01 7.601592179471118316e-01 0.000000000000000000e+00 1.880384478948576188e+00
-5.987375800000005199e+01 7.503917533525510386e-01 0.000000000000000000e+00 2.060275967254989737e+00
-6.096377800000004044e+01 7.640528637673897894e-01 0.000000000000000000e+00 2.141106942992173856e+00
-6.094121800000002764e+01 7.637701215691192758e-01 0.000000000000000000e+00 1.765170033437418073e+00
-6.138943600000002476e+01 7.693875924301293301e-01 0.000000000000000000e+00 2.057357982408948072e+00
-6.142326200000002956e+01 7.698115302669510385e-01 0.000000000000000000e+00 1.960610678457302969e+00
-6.215107800000002669e+01 7.789331745832813736e-01 0.000000000000000000e+00 2.098314439830217815e+00
-6.112024800000005342e+01 7.660138864519369095e-01 0.000000000000000000e+00 1.946686636908773638e+00
-6.235104600000001085e+01 7.814393533024188709e-01 0.000000000000000000e+00 1.780489711288453236e+00
-6.107876800000002504e+01 7.654940218072442404e-01 0.000000000000000000e+00 2.067332375425105617e+00
-6.138862800000003972e+01 7.693774658478510498e-01 0.000000000000000000e+00 1.904464870679563049e+00
-6.249393000000006992e+01 7.832301040230613687e-01 0.000000000000000000e+00 1.714280245909387546e+00
-6.199528400000004780e+01 7.769806241383637735e-01 0.000000000000000000e+00 1.618518131365724200e+00
-6.234531400000003032e+01 7.813675147261565090e-01 0.000000000000000000e+00 1.840175850897480148e+00
-6.268642600000006126e+01 7.856426369219207118e-01 0.000000000000000000e+00 1.630161354263231388e+00
-6.276489800000003072e+01 7.866261185612235529e-01 0.000000000000000000e+00 1.820427841929673107e+00
-6.292099400000001452e+01 7.885824539415967616e-01 0.000000000000000000e+00 1.763754147977856013e+00
-6.338299600000003409e+01 7.943726782804866327e-01 0.000000000000000000e+00 1.863741957900933333e+00
-6.325995800000004721e+01 7.928306554706109344e-01 0.000000000000000000e+00 1.591475036865378057e+00
-6.217899199999999382e+01 7.792830179220452402e-01 0.000000000000000000e+00 1.809518744417973668e+00
-6.378343000000003116e+01 7.993912771023941044e-01 0.000000000000000000e+00 1.786663280045410751e+00
-6.314145200000004365e+01 7.913454317583662467e-01 0.000000000000000000e+00 1.814050599590525836e+00
-6.425274800000002529e+01 8.052731921293397876e-01 0.000000000000000000e+00 1.780643020302927981e+00
-6.402834800000002247e+01 8.024608096252665579e-01 0.000000000000000000e+00 1.661991811140774544e+00
-6.390960400000003006e+01 8.009726030830934818e-01 0.000000000000000000e+00 1.243873387944433473e+00
-6.367113600000002549e+01 7.979839077578646522e-01 0.000000000000000000e+00 1.797528445007227749e+00
-6.418800800000002482e+01 8.044618122571752794e-01 0.000000000000000000e+00 1.475826876852567748e+00
-6.336936400000002578e+01 7.942018298032337276e-01 0.000000000000000000e+00 1.590709462296111765e+00
-6.334359600000001222e+01 7.938788820654217870e-01 0.000000000000000000e+00 1.251543648388749430e+00
-6.403525200000004247e+01 8.025473367589928131e-01 0.000000000000000000e+00 1.409069507607302540e+00
-6.421652000000005955e+01 8.048191502694580501e-01 0.000000000000000000e+00 1.790088403437442910e+00
-6.405751800000001595e+01 8.028263942849982460e-01 0.000000000000000000e+00 1.685546679077590371e+00
-6.273604600000003018e+01 7.862645193633290841e-01 0.000000000000000000e+00 1.848433041408235278e+00
-6.433177400000002422e+01 8.062636169946111320e-01 0.000000000000000000e+00 1.678810370447845202e+00
-6.470620000000005234e+01 8.109562601829809481e-01 0.000000000000000000e+00 1.710551609536785422e+00
-6.453431000000006179e+01 8.088019801980205203e-01 0.000000000000000000e+00 1.751241332064576550e+00
-6.569169600000005005e+01 8.233073818774288011e-01 0.000000000000000000e+00 1.780063520936737920e+00
-6.550278000000001555e+01 8.209397167564859155e-01 0.000000000000000000e+00 1.488534114930904817e+00
-6.480213000000006218e+01 8.121585411705735114e-01 0.000000000000000000e+00 1.568714225186675026e+00
-6.395262400000004277e+01 8.015117683920295333e-01 0.000000000000000000e+00 1.449754960633978129e+00
-6.413091999999998905e+01 8.037463341270834061e-01 0.000000000000000000e+00 1.781069055654524780e+00
-6.537793600000006222e+01 8.193750595312703222e-01 0.000000000000000000e+00 1.654999658794557460e+00
-6.358793600000005597e+01 7.969411705727541539e-01 0.000000000000000000e+00 1.725257311771847712e+00
-6.481648400000004528e+01 8.123384384008026649e-01 0.000000000000000000e+00 1.522637926062144320e+00
-6.487973600000002250e+01 8.131311693194638313e-01 0.000000000000000000e+00 1.588719132866269756e+00
-6.409409400000004098e+01 8.032847975936838747e-01 0.000000000000000000e+00 1.428481574134018883e+00
-6.487329800000001967e+01 8.130504825166062766e-01 0.000000000000000000e+00 1.738453642484224071e+00
-6.392188400000000570e+01 8.011265070810879019e-01 0.000000000000000000e+00 1.781150657068558685e+00
-6.423554400000004705e+01 8.050575761373610639e-01 0.000000000000000000e+00 1.583004189094554981e+00
-6.472390800000005129e+01 8.111781927559850169e-01 0.000000000000000000e+00 1.568022518241728225e+00
-6.428520599999998808e+01 8.056799849605211783e-01 0.000000000000000000e+00 1.489906663324311431e+00
-6.457500199999999779e+01 8.093119689184107290e-01 0.000000000000000000e+00 1.675368384997909521e+00
-6.433323400000004710e+01 8.062819150269462387e-01 0.000000000000000000e+00 1.666469182737604360e+00
-6.453850399999996057e+01 8.088545431758360493e-01 0.000000000000000000e+00 1.528566283156880479e+00
-6.494269200000003650e+01 8.139201905000630344e-01 0.000000000000000000e+00 1.543895065890427354e+00
-6.494127400000002126e+01 8.139024188494801137e-01 0.000000000000000000e+00 1.840777996184320697e+00
-6.526624000000005310e+01 8.179751848602587749e-01 0.000000000000000000e+00 1.502015937184274730e+00
-6.449111000000003457e+01 8.082605589672895441e-01 0.000000000000000000e+00 1.663701602609450214e+00
-6.503821000000002073e+01 8.151173079333251525e-01 0.000000000000000000e+00 1.599194208046822885e+00
-6.511499400000002424e+01 8.160796340393535742e-01 0.000000000000000000e+00 1.847839503821375517e+00
-6.359918400000006500e+01 7.970821406191259673e-01 0.000000000000000000e+00 1.533935757990015913e+00
-6.420977800000004265e+01 8.047346534653470052e-01 0.000000000000000000e+00 1.846167533222061508e+00
-6.521468800000003796e+01 8.173290888582532832e-01 0.000000000000000000e+00 1.487300894290585429e+00
-6.420533400000005031e+01 8.046789572628154641e-01 0.000000000000000000e+00 1.816110976463807036e+00
-6.464716000000002794e+01 8.102163178343153582e-01 0.000000000000000000e+00 1.631097395230361791e+00
-6.489508800000004385e+01 8.133235743827552655e-01 0.000000000000000000e+00 1.807592350199848541e+00
-6.559750600000005250e+01 8.221269081338519191e-01 0.000000000000000000e+00 1.851343171797605214e+00
-6.419857200000005548e+01 8.045942098007274890e-01 0.000000000000000000e+00 1.676378389825741833e+00
-6.489885200000004772e+01 8.133707482140624112e-01 0.000000000000000000e+00 1.745952003834277955e+00
-6.494401200000005758e+01 8.139367339265578538e-01 0.000000000000000000e+00 1.466382051673678744e+00
-6.371333600000004083e+01 7.985127960897360211e-01 0.000000000000000000e+00 1.680921589907804714e+00
-6.478256200000002707e+01 8.119132974056901819e-01 0.000000000000000000e+00 1.492315856483174441e+00
-6.476192600000007360e+01 8.116546685048260379e-01 0.000000000000000000e+00 1.632823374108278935e+00
-6.537293600000006677e+01 8.193123950369728403e-01 0.000000000000000000e+00 1.734688817756223411e+00
-6.555480200000008040e+01 8.215917032209559823e-01 0.000000000000000000e+00 1.900670328216237159e+00
-6.488548600000002864e+01 8.132032334879060187e-01 0.000000000000000000e+00 1.674064788641615564e+00
-6.391318600000004579e+01 8.010174959268083761e-01 0.000000000000000000e+00 1.904673350346245408e+00
-6.491570000000005791e+01 8.135819024940474931e-01 0.000000000000000000e+00 1.562339940375629288e+00
-6.418305600000005029e+01 8.043997493420234068e-01 0.000000000000000000e+00 1.883574950889982613e+00
-6.467185400000006723e+01 8.105258052387525058e-01 0.000000000000000000e+00 1.715181341263419590e+00
-6.415833200000002989e+01 8.040898859506206975e-01 0.000000000000000000e+00 1.878171047431543172e+00
-6.467267400000000066e+01 8.105360822158164114e-01 0.000000000000000000e+00 1.739742759495254587e+00
-6.497160200000007535e+01 8.142825166060918551e-01 0.000000000000000000e+00 1.569906989330092317e+00
-6.541299000000002195e+01 8.198143877678909508e-01 0.000000000000000000e+00 1.497291867899097184e+00
-6.429867800000005218e+01 8.058488281739571990e-01 0.000000000000000000e+00 1.547484243393616898e+00
-6.414385200000003806e+01 8.039084095751350967e-01 0.000000000000000000e+00 1.497140938992746140e+00
-6.519991600000003018e+01 8.171439528763005944e-01 0.000000000000000000e+00 1.832367821612464365e+00
-6.521803400000005979e+01 8.173710239378375597e-01 0.000000000000000000e+00 1.522490630925709132e+00
-6.464153800000001127e+01 8.101458578769270558e-01 0.000000000000000000e+00 1.629255627194036826e+00
-6.547862400000002481e+01 8.206369720516357713e-01 0.000000000000000000e+00 1.767453511975332958e+00
-6.487794000000002370e+01 8.131086602331121238e-01 0.000000000000000000e+00 1.532646379582872420e+00
-6.450225000000000364e+01 8.084001754605840695e-01 0.000000000000000000e+00 1.474087765262628524e+00
-6.524678200000003869e+01 8.177313197142502821e-01 0.000000000000000000e+00 1.731317695894422082e+00
-6.486823800000004780e+01 8.129870660483775602e-01 0.000000000000000000e+00 1.478841975752813953e+00
-6.415883999999999787e+01 8.040962526632409180e-01 0.000000000000000000e+00 1.622288069675081434e+00
-6.486374000000006390e+01 8.129306930693076527e-01 0.000000000000000000e+00 1.611066600081756173e+00
-6.551022400000002222e+01 8.210330116555961677e-01 0.000000000000000000e+00 1.620944501889580724e+00
-6.513272000000003459e+01 8.163017922045372465e-01 0.000000000000000000e+00 1.554158008424984416e+00
-6.508255400000007285e+01 8.156730668003517870e-01 0.000000000000000000e+00 1.455477962206465747e+00
-6.499001000000004069e+01 8.145132222082972495e-01 0.000000000000000000e+00 1.463480253651644913e+00
-6.432207200000001990e+01 8.061420228098761243e-01 0.000000000000000000e+00 1.899187963531846268e+00
-6.435050400000001503e+01 8.064983581902495091e-01 0.000000000000000000e+00 1.488735602491339627e+00
-6.528432000000003654e+01 8.182017796716384295e-01 0.000000000000000000e+00 1.756856126175620592e+00
-6.476650600000004943e+01 8.117120691816022138e-01 0.000000000000000000e+00 1.662200012872072419e+00
-6.487233000000003358e+01 8.130383506705104457e-01 0.000000000000000000e+00 1.420041941726590595e+00
-6.401838600000000667e+01 8.023359568868279057e-01 0.000000000000000000e+00 2.140320798433277272e+00
-6.443781800000003557e+01 8.075926557212687040e-01 0.000000000000000000e+00 1.551733534892215438e+00
-6.534643200000003560e+01 8.189802230856000342e-01 0.000000000000000000e+00 1.757654812118015331e+00
-6.379398200000003527e+01 7.995235242511596896e-01 0.000000000000000000e+00 1.816853247932042281e+00
-6.493582000000004939e+01 8.138340644191006668e-01 0.000000000000000000e+00 1.806606341271731697e+00
-6.495541400000003307e+01 8.140796340393536834e-01 0.000000000000000000e+00 1.463731157976874808e+00
-6.442508599999997898e+01 8.074330868529887573e-01 0.000000000000000000e+00 1.389805283143845882e+00
-6.487182400000003213e+01 8.130320090236875519e-01 0.000000000000000000e+00 1.546161311714409736e+00
-6.486614200000005326e+01 8.129607970923680149e-01 0.000000000000000000e+00 1.679112368995336668e+00
-6.358897600000003791e+01 7.969542047875677326e-01 0.000000000000000000e+00 1.471231501269351982e+00
-6.440901000000003762e+01 8.072316079709240810e-01 0.000000000000000000e+00 1.373948321370924264e+00
-6.467231200000006197e+01 8.105315453064301234e-01 0.000000000000000000e+00 1.374547680921718085e+00
-6.494123800000002689e+01 8.139019676651212398e-01 0.000000000000000000e+00 1.762997047315860710e+00
-6.544901400000006220e+01 8.202658729164062912e-01 0.000000000000000000e+00 1.654620092196088077e+00
-6.483339400000006947e+01 8.125503697205171960e-01 0.000000000000000000e+00 1.374067440879394253e+00
-6.485590800000004208e+01 8.128325354054397600e-01 0.000000000000000000e+00 1.820735720408571234e+00
-6.488689800000008745e+01 8.132209299410964043e-01 0.000000000000000000e+00 1.723294762711208294e+00
-6.517801000000001466e+01 8.168694071938840118e-01 0.000000000000000000e+00 1.563657461359311496e+00
-6.462147200000009661e+01 8.098943727284132477e-01 0.000000000000000000e+00 1.496030775224962195e+00
-6.521256400000000042e+01 8.173024689810752808e-01 0.000000000000000000e+00 1.628041849257362728e+00
-6.470548000000002276e+01 8.109472364958016932e-01 0.000000000000000000e+00 1.166613781658503823e+00
-6.493150600000005568e+01 8.137799974934208924e-01 0.000000000000000000e+00 2.059981380803370676e+00
-6.498272800000006555e+01 8.144219576388026516e-01 0.000000000000000000e+00 1.463777324380213685e+00
-6.397796400000002137e+01 8.018293520491291959e-01 0.000000000000000000e+00 1.773252213997908777e+00
-6.398572000000004323e+01 8.019265572126837993e-01 0.000000000000000000e+00 1.644631107205466458e+00
-6.455025600000003294e+01 8.090018298032338739e-01 0.000000000000000000e+00 1.383217719032858728e+00
-6.464286000000002730e+01 8.101624263692194239e-01 0.000000000000000000e+00 1.345220493661042349e+00
-6.417379400000000089e+01 8.042836696327859691e-01 0.000000000000000000e+00 1.958911603278357338e+00
-6.442635200000002271e+01 8.074489535029454323e-01 0.000000000000000000e+00 1.780033426793162787e+00
-6.469691200000005438e+01 8.108398546183738231e-01 0.000000000000000000e+00 1.697679295437620528e+00
-6.353908200000004314e+01 7.963288883318716538e-01 0.000000000000000000e+00 1.835920058798581556e+00
-6.441598200000007068e+01 8.073189873417729867e-01 0.000000000000000000e+00 1.759097175945718350e+00
-6.493072400000005473e+01 8.137701967665127434e-01 0.000000000000000000e+00 1.851340750692793691e+00
-6.478682200000002922e+01 8.119666875548317009e-01 0.000000000000000000e+00 1.689656116802014774e+00
-6.552710000000003276e+01 8.212445168567492626e-01 0.000000000000000000e+00 1.566284031287640932e+00
-6.506692800000006116e+01 8.154772277227729793e-01 0.000000000000000000e+00 1.874529757386980799e+00
-6.429374800000002210e+01 8.057870409825794722e-01 0.000000000000000000e+00 1.200268411604233698e+00
-6.437767000000003748e+01 8.068388269206671071e-01 0.000000000000000000e+00 1.942022874414067291e+00
-6.520396600000003673e+01 8.171947111166817379e-01 0.000000000000000000e+00 1.827213331837430399e+00
-6.487422600000004991e+01 8.130621130467482471e-01 0.000000000000000000e+00 1.585056355154018881e+00
-6.453583000000003267e+01 8.088210302042866395e-01 0.000000000000000000e+00 1.553556931331738333e+00
-6.477957600000002003e+01 8.118758741696956438e-01 0.000000000000000000e+00 1.613468958807185771e+00
-6.509801800000005301e+01 8.158668755483149404e-01 0.000000000000000000e+00 1.559291923503430377e+00
-6.475495400000006896e+01 8.115672891339774653e-01 0.000000000000000000e+00 1.354724146315441358e+00
-6.459043000000004042e+01 8.095053264820157857e-01 0.000000000000000000e+00 1.489772133989665015e+00
-6.503160400000001573e+01 8.150345156034591865e-01 0.000000000000000000e+00 1.440229588313802767e+00
-6.478665200000004631e+01 8.119645569620258518e-01 0.000000000000000000e+00 1.690239798089745671e+00
-6.394366000000004391e+01 8.013994234866529398e-01 0.000000000000000000e+00 1.370295800994158597e+00
-6.390886200000003470e+01 8.009633036721397481e-01 0.000000000000000000e+00 1.800767673492321919e+00
-6.511088000000005138e+01 8.160280736934458767e-01 0.000000000000000000e+00 1.833658757233689096e+00
-6.554724800000005303e+01 8.214970297029708934e-01 0.000000000000000000e+00 1.795301805554226027e+00
-6.534287800000004154e+01 8.189356811630534860e-01 0.000000000000000000e+00 1.899684942064622906e+00
-6.477932600000001173e+01 8.118727409449806309e-01 0.000000000000000000e+00 1.514789045593644357e+00
-6.549174800000004382e+01 8.208014538162682339e-01 0.000000000000000000e+00 1.834652860813982267e+00
-6.458473000000003594e+01 8.094338889585165342e-01 0.000000000000000000e+00 1.469023900040054009e+00
-6.488154800000003775e+01 8.131538789321973715e-01 0.000000000000000000e+00 1.596114714142761626e+00
-6.467497800000002428e+01 8.105649580147891164e-01 0.000000000000000000e+00 1.449952796137261357e+00
-6.469382799999999634e+01 8.108012031582904067e-01 0.000000000000000000e+00 1.377170165470710250e+00
-6.476009200000002863e+01 8.116316831683171307e-01 0.000000000000000000e+00 1.779767942294781857e+00
-6.482449400000005824e+01 8.124388269206673785e-01 0.000000000000000000e+00 1.828718612913469377e+00
-6.492367400000003386e+01 8.136818398295528887e-01 0.000000000000000000e+00 1.650721553807928288e+00
-6.464289800000001662e+01 8.101629026193759575e-01 0.000000000000000000e+00 1.361878592460437076e+00
-6.361094600000001975e+01 7.972295525755108692e-01 0.000000000000000000e+00 1.656335770589204559e+00
-6.402029200000002618e+01 8.023598445920544497e-01 0.000000000000000000e+00 1.321462007745644707e+00
-6.459592800000001489e+01 8.095742323599449675e-01 0.000000000000000000e+00 1.322040424058374075e+00
-6.498588600000000781e+01 8.144615365334002544e-01 0.000000000000000000e+00 1.752308659277177272e+00
-6.464964600000003259e+01 8.102474746208802037e-01 0.000000000000000000e+00 1.811471390519515223e+00
-6.515324000000001092e+01 8.165589672891340189e-01 0.000000000000000000e+00 1.532926722635396422e+00
-6.481305400000003658e+01 8.122954505577143491e-01 0.000000000000000000e+00 1.558404587411320597e+00
-6.500901400000006447e+01 8.147513974182235552e-01 0.000000000000000000e+00 1.789652880570233640e+00
-6.464950200000004088e+01 8.102456698834444859e-01 0.000000000000000000e+00 1.535270900583274090e+00
-6.452152400000001364e+01 8.086417345532023182e-01 0.000000000000000000e+00 1.737326627066756224e+00
-6.476266799999999080e+01 8.116639679157787723e-01 0.000000000000000000e+00 1.447374658544905213e+00
-6.456230600000000663e+01 8.091528512344905444e-01 0.000000000000000000e+00 1.773329321356819532e+00
-6.471519600000003436e+01 8.110690061411207630e-01 0.000000000000000000e+00 1.666014160508290098e+00
-6.460358200000003137e+01 8.096701591678158172e-01 0.000000000000000000e+00 1.703422066856757011e+00
-6.494616800000005696e+01 8.139637548564989666e-01 0.000000000000000000e+00 1.544874644117238294e+00
-6.500501800000004948e+01 8.147013159543807781e-01 0.000000000000000000e+00 1.907003418470078149e+00
-6.462599399999999150e+01 8.099510464970546275e-01 0.000000000000000000e+00 1.562053469630228841e+00
-6.455872000000003652e+01 8.091079082591807747e-01 0.000000000000000000e+00 1.616815713466791760e+00
-6.449018600000000845e+01 8.082489785687430039e-01 0.000000000000000000e+00 1.526659864813482814e+00
-6.517201400000004696e+01 8.167942599323229080e-01 0.000000000000000000e+00 1.547335291018828718e+00
-6.481830000000003622e+01 8.123611981451314135e-01 0.000000000000000000e+00 1.923551515275635282e+00
-6.460845400000005156e+01 8.097312194510596361e-01 0.000000000000000000e+00 1.636765190851711349e+00
-6.551490000000002567e+01 8.210916154906632292e-01 0.000000000000000000e+00 1.989745643457114799e+00
-6.461589999999999634e+01 8.098245394159667709e-01 0.000000000000000000e+00 1.756519120133321898e+00
-6.479487400000004982e+01 8.120676024564487117e-01 0.000000000000000000e+00 1.396257406344445506e+00
-6.549819000000003655e+01 8.208821907507209970e-01 0.000000000000000000e+00 1.384320210628869008e+00
-6.462545800000006579e+01 8.099443288632668381e-01 0.000000000000000000e+00 1.612816980303578784e+00
-6.507238799999998946e+01 8.155456573505449613e-01 0.000000000000000000e+00 1.348844356190988414e+00
-6.482863800000005483e+01 8.124907632535411928e-01 0.000000000000000000e+00 1.565985451303085307e+00
-6.482165000000004795e+01 8.124031833563108984e-01 0.000000000000000000e+00 1.989382053464459066e+00
-6.520781600000002243e+01 8.172429627772905825e-01 0.000000000000000000e+00 1.928590757743208650e+00
-6.485829000000002509e+01 8.128623887705228590e-01 0.000000000000000000e+00 1.858538407899165357e+00
-6.509020200000003342e+01 8.157689184108287694e-01 0.000000000000000000e+00 1.805416865596922271e+00
-6.459603400000007412e+01 8.095755608472248177e-01 0.000000000000000000e+00 1.575738806242642731e+00
-6.384104400000003210e+01 8.001133475372856907e-01 0.000000000000000000e+00 1.706026199090693529e+00
-6.529041200000006029e+01 8.182781300914908629e-01 0.000000000000000000e+00 1.733312755313746845e+00
-6.463463400000006231e+01 8.100593307432015777e-01 0.000000000000000000e+00 1.924014071864161846e+00
-6.444038200000001382e+01 8.076247900739441654e-01 0.000000000000000000e+00 1.500766341639490076e+00
-6.549972400000004313e+01 8.209014162175716223e-01 0.000000000000000000e+00 2.020528120937441496e+00
-6.452617800000004422e+01 8.087000626644947898e-01 0.000000000000000000e+00 1.550652164369768160e+00
-6.444334600000004798e+01 8.076619375861642247e-01 0.000000000000000000e+00 1.359197858766988398e+00
-6.505729200000003232e+01 8.153564607093624073e-01 0.000000000000000000e+00 1.671440873701127927e+00
-6.502311200000002600e+01 8.149280862263443836e-01 0.000000000000000000e+00 1.514121464062693434e+00
-6.441531800000004182e+01 8.073106654969298690e-01 0.000000000000000000e+00 1.702284998416641271e+00
-6.525474800000003484e+01 8.178311567865651499e-01 0.000000000000000000e+00 2.074051810739625967e+00
-6.514133200000001978e+01 8.164097255295151845e-01 0.000000000000000000e+00 1.874501386787075008e+00
-6.559027800000001207e+01 8.220363203408949104e-01 0.000000000000000000e+00 1.618305893820991104e+00
-6.479866400000005910e+01 8.121151021431264327e-01 0.000000000000000000e+00 1.769786496483503280e+00
-6.473914200000001529e+01 8.113691189372103096e-01 0.000000000000000000e+00 1.747436760213500362e+00
-6.472145000000001858e+01 8.111473868905879625e-01 0.000000000000000000e+00 1.808568444065274283e+00
-6.399096800000001650e+01 8.019923298658980793e-01 0.000000000000000000e+00 1.921276676076708156e+00
-6.435738000000003467e+01 8.065845344028077513e-01 0.000000000000000000e+00 1.706538549997117071e+00
-6.444500800000000140e+01 8.076827672640681799e-01 0.000000000000000000e+00 1.757070364956992981e+00
-6.370199000000000922e+01 7.983705978192756625e-01 0.000000000000000000e+00 1.798463459414308740e+00
-6.437541800000005310e+01 8.068106028324357748e-01 0.000000000000000000e+00 1.748953740942154056e+00
-6.475889799999997365e+01 8.116167188870782034e-01 0.000000000000000000e+00 1.427434001940176778e+00
-6.511200200000000393e+01 8.160421356059656128e-01 0.000000000000000000e+00 1.725877301839867650e+00
-6.462796600000004332e+01 8.099757613736061623e-01 0.000000000000000000e+00 1.500385113405652726e+00
-6.487261000000003719e+01 8.130418598821911313e-01 0.000000000000000000e+00 1.729488863447196989e+00
-6.503493600000004449e+01 8.150762752224594010e-01 0.000000000000000000e+00 1.427531383901678330e+00
-6.468389800000001344e+01 8.106767514726157531e-01 0.000000000000000000e+00 1.656378737858066996e+00
-6.493135600000003649e+01 8.137781175585916404e-01 0.000000000000000000e+00 1.749785677053107724e+00
-6.500387400000003879e+01 8.146869783180853419e-01 0.000000000000000000e+00 1.433129446148596386e+00
-6.438340800000004549e+01 8.069107406943231142e-01 0.000000000000000000e+00 1.633722334609531979e+00
-6.361347600000001989e+01 7.972612608096254494e-01 0.000000000000000000e+00 1.443444023967424883e+00
-6.497158800000003964e+01 8.142823411455073490e-01 0.000000000000000000e+00 1.562960296857061504e+00
-6.479857400000003054e+01 8.121139741822286373e-01 0.000000000000000000e+00 1.794013662246548568e+00
-6.365110600000001995e+01 7.977328737937087189e-01 0.000000000000000000e+00 1.695994366165362033e+00
-6.413987400000006289e+01 8.038585537034723671e-01 0.000000000000000000e+00 1.438520688427644023e+00
-6.426160000000004402e+01 8.053841333500443289e-01 0.000000000000000000e+00 1.667584929583418862e+00
-6.381527800000002060e+01 7.997904248652715209e-01 0.000000000000000000e+00 1.697362852678391043e+00
-6.427456200000005992e+01 8.055465847850614702e-01 0.000000000000000000e+00 1.671805817513118075e+00
-6.505190200000006939e+01 8.152889083845101803e-01 0.000000000000000000e+00 1.513994684616317254e+00
-6.432610400000001505e+01 8.061925554580775533e-01 0.000000000000000000e+00 1.603504249815309590e+00
-6.483101600000003373e+01 8.125205664870288613e-01 0.000000000000000000e+00 1.475581933807058821e+00
-6.451806600000004721e+01 8.085983957889465445e-01 0.000000000000000000e+00 1.636566324407862094e+00
-6.502639600000003384e+01 8.149692442661990999e-01 0.000000000000000000e+00 1.937181782843783395e+00
-6.490208800000003464e+01 8.134113046747716291e-01 0.000000000000000000e+00 1.662688073376811460e+00
-6.468015400000005855e+01 8.106298282992863147e-01 0.000000000000000000e+00 1.644167933582887375e+00
-6.504683600000002741e+01 8.152254167188873746e-01 0.000000000000000000e+00 1.457698315320727467e+00
-6.381220200000000631e+01 7.997518736683795204e-01 0.000000000000000000e+00 1.605707491757719652e+00
-6.525415800000003230e+01 8.178237623762379949e-01 0.000000000000000000e+00 1.391101062430386337e+00
-6.423942800000003217e+01 8.051062539165312337e-01 0.000000000000000000e+00 1.713298950490992567e+00
-6.423684800000003747e+01 8.050739190374738286e-01 0.000000000000000000e+00 1.643883127434132785e+00
-6.476890200000005393e+01 8.117420980072697079e-01 0.000000000000000000e+00 1.847509581499736653e+00
-6.526736000000002491e+01 8.179892217069810734e-01 0.000000000000000000e+00 1.776125323178620929e+00
-6.514721000000001538e+01 8.164833939090112569e-01 0.000000000000000000e+00 1.555067307744639082e+00
-6.455021400000001108e+01 8.090013034214814658e-01 0.000000000000000000e+00 1.497855422688306515e+00
-6.447793800000003728e+01 8.080954756235121383e-01 0.000000000000000000e+00 1.673495654735978722e+00
-6.420985200000002635e+01 8.047355808998624127e-01 0.000000000000000000e+00 1.357391362878135777e+00
-6.489401600000006454e+01 8.133101391151781323e-01 0.000000000000000000e+00 1.502409005276311271e+00
-6.453185600000004740e+01 8.087712244642191184e-01 0.000000000000000000e+00 1.489513546536979538e+00
-6.435632400000002917e+01 8.065712996616120067e-01 0.000000000000000000e+00 1.416530246488285405e+00
-6.469466600000006906e+01 8.108117057275355810e-01 0.000000000000000000e+00 1.746527545709839035e+00
-6.537960800000007566e+01 8.193960145381635751e-01 0.000000000000000000e+00 1.925590526958187221e+00
-6.528318200000002491e+01 8.181875172327361945e-01 0.000000000000000000e+00 1.736704080582270882e+00
-6.505637400000001946e+01 8.153449555082091793e-01 0.000000000000000000e+00 1.682477669992752833e+00
-6.486471200000003989e+01 8.129428750469988030e-01 0.000000000000000000e+00 2.080674911350456124e+00
-6.437113200000001711e+01 8.067568868279234584e-01 0.000000000000000000e+00 1.599781022949672504e+00
-6.513772800000003826e+01 8.163645569620257003e-01 0.000000000000000000e+00 1.849560396477546664e+00
-6.471909200000004603e+01 8.111178343150775572e-01 0.000000000000000000e+00 1.569997022044399726e+00
-6.461239400000005162e+01 8.097805990725660541e-01 0.000000000000000000e+00 1.524884697864667293e+00
-6.490518800000002386e+01 8.134501566612359902e-01 0.000000000000000000e+00 1.628475728228795383e+00
-6.483215800000003526e+01 8.125348790575264157e-01 0.000000000000000000e+00 1.684685815697431588e+00
-6.495157600000005971e+01 8.140315327735312412e-01 0.000000000000000000e+00 1.503007321038374311e+00
-6.490907400000003236e+01 8.134988595062041528e-01 0.000000000000000000e+00 1.725685614509564036e+00
-6.419248800000003996e+01 8.045179596440661385e-01 0.000000000000000000e+00 1.448952023470477579e+00
-6.374904200000000998e+01 7.989602957764131430e-01 0.000000000000000000e+00 1.699605144469465090e+00
-6.391991800000003110e+01 8.011018674019303454e-01 0.000000000000000000e+00 1.645726178752195734e+00
-6.495599800000006496e+01 8.140869532522879704e-01 0.000000000000000000e+00 1.681498014066353797e+00
-6.479628399999998578e+01 8.120852738438398832e-01 0.000000000000000000e+00 1.790983271539221322e+00
-6.498779600000003143e+01 8.144854743702221178e-01 0.000000000000000000e+00 1.572223331343292507e+00
-6.453865400000003660e+01 8.088564231106658564e-01 0.000000000000000000e+00 1.471285827206044727e+00
-6.467328000000004806e+01 8.105436771525259543e-01 0.000000000000000000e+00 1.548216798171823783e+00
-6.542126800000006881e+01 8.199181351046505029e-01 0.000000000000000000e+00 1.739438555006305398e+00
-6.503501200000002314e+01 8.150772277227724683e-01 0.000000000000000000e+00 1.488886558369349800e+00
-6.458106200000001706e+01 8.093879182854996079e-01 0.000000000000000000e+00 1.465025733478267034e+00
-6.400293000000004895e+01 8.021422484020559462e-01 0.000000000000000000e+00 1.563547351732946344e+00
-6.460402200000004314e+01 8.096756736433141644e-01 0.000000000000000000e+00 1.865266749281655700e+00
-6.496712600000006432e+01 8.142264193507965375e-01 0.000000000000000000e+00 1.935581744964128825e+00
-6.528828800000005117e+01 8.182515102143131935e-01 0.000000000000000000e+00 1.757257708015474096e+00
-6.466670800000004249e+01 8.104613109412212024e-01 0.000000000000000000e+00 1.639336196633233822e+00
-6.409869400000002315e+01 8.033424489284374248e-01 0.000000000000000000e+00 1.798361381971281370e+00
-6.421769400000006556e+01 8.048338638927191591e-01 0.000000000000000000e+00 1.412709251994446413e+00
-6.435032200000004821e+01 8.064960772026574798e-01 0.000000000000000000e+00 1.651800599870738573e+00
-6.397966400000004228e+01 8.018506579771905729e-01 0.000000000000000000e+00 1.384482971687600372e+00
-6.429144600000002185e+01 8.057581902494048709e-01 0.000000000000000000e+00 1.959972345476931777e+00
-6.503497800000006634e+01 8.150768016042118091e-01 0.000000000000000000e+00 1.641930036008682592e+00
-6.512522000000005562e+01 8.162077954630913013e-01 0.000000000000000000e+00 1.663378200524401551e+00
-6.433187200000006101e+01 8.062648452186997883e-01 0.000000000000000000e+00 1.576470323996111977e+00
-6.493566400000007377e+01 8.138321092868788798e-01 0.000000000000000000e+00 1.744005008305290705e+00
-6.477582800000003260e+01 8.118289008647703309e-01 0.000000000000000000e+00 1.666842638957398925e+00
-6.501451000000002978e+01 8.148202782303549663e-01 0.000000000000000000e+00 1.629531893464555514e+00
-6.471832000000003404e+01 8.111081589171579287e-01 0.000000000000000000e+00 1.719117192754538337e+00
-6.421408600000000888e+01 8.047886451936333563e-01 0.000000000000000000e+00 1.425646128405777535e+00
-6.449193600000006654e+01 8.082709111417478720e-01 0.000000000000000000e+00 1.678789600495342871e+00
-6.479713800000001811e+01 8.120959769394662242e-01 0.000000000000000000e+00 1.410204731234425468e+00
-6.476806800000004216e+01 8.117316455696207411e-01 0.000000000000000000e+00 1.586131047414341744e+00
-6.506860200000006955e+01 8.154982077954638919e-01 0.000000000000000000e+00 1.678508040858988748e+00
-6.458431000000004474e+01 8.094286251409955613e-01 0.000000000000000000e+00 1.546622351343975632e+00
-6.499601400000004503e+01 8.145884697330497692e-01 0.000000000000000000e+00 1.576397686391541653e+00
-6.510666400000005183e+01 8.159752349918542036e-01 0.000000000000000000e+00 1.714077910108882108e+00
-6.453835000000003674e+01 8.088526131094125882e-01 0.000000000000000000e+00 1.535220907047041949e+00
-6.398825799999998765e+01 8.019583657099884633e-01 0.000000000000000000e+00 1.447571693252899916e+00
-6.434584000000005233e+01 8.064399047499692941e-01 0.000000000000000000e+00 1.681043941163112621e+00
-6.446047600000005673e+01 8.078766261436276519e-01 0.000000000000000000e+00 1.587886583940612439e+00
-6.436736000000004765e+01 8.067096127334257849e-01 0.000000000000000000e+00 1.399752885550181292e+00
-6.489609800000002338e+01 8.133362326106030604e-01 0.000000000000000000e+00 1.482787979965886294e+00
-6.498631200000004071e+01 8.144668755483147615e-01 0.000000000000000000e+00 1.750657495030095934e+00
-6.421208400000001859e+01 8.047635543301167038e-01 0.000000000000000000e+00 1.604388977793305138e+00
-6.470149200000003020e+01 8.108972552951501100e-01 0.000000000000000000e+00 1.696329785313402505e+00
-6.678218600000003846e+01 8.369743827547315718e-01 0.000000000000000000e+00 1.351527155750602782e+00
-6.746469600000001776e+01 8.455282115553328648e-01 0.000000000000000000e+00 1.452838545043335428e+00
-6.807309800000005851e+01 8.531532522872546931e-01 0.000000000000000000e+00 1.349842042833908407e+00
-6.790155200000006630e+01 8.510032836195019490e-01 0.000000000000000000e+00 1.529973490790350610e+00
-6.708675600000002248e+01 8.407915277603711379e-01 0.000000000000000000e+00 1.459096288341007908e+00
-6.787205600000004324e+01 8.506336132347416257e-01 0.000000000000000000e+00 1.546852868384152924e+00
-6.662118600000006552e+01 8.349565860383514337e-01 0.000000000000000000e+00 1.342901949008379781e+00
-6.764186600000005001e+01 8.477486652462720151e-01 0.000000000000000000e+00 1.350981248792854528e+00
-6.699923600000006729e+01 8.396946484521877752e-01 0.000000000000000000e+00 1.782201823844070221e+00
-6.772776800000001174e+01 8.488252663241008245e-01 0.000000000000000000e+00 1.348652482952423126e+00
-6.640617600000003051e+01 8.322618874545685275e-01 0.000000000000000000e+00 1.463347887904425271e+00
-6.806592200000004311e+01 8.530633162050387241e-01 0.000000000000000000e+00 1.554441757964914128e+00
-6.703651200000003030e+01 8.401618247900742853e-01 0.000000000000000000e+00 1.437615554268508067e+00
-6.794358800000009069e+01 8.515301165559604479e-01 0.000000000000000000e+00 1.183657067051009593e+00
-6.723898000000004060e+01 8.426993357563609122e-01 0.000000000000000000e+00 1.647147244925190490e+00
-6.770167399999999702e+01 8.484982328612606928e-01 0.000000000000000000e+00 1.633550805968644104e+00
-6.711114600000009034e+01 8.410972051635553504e-01 0.000000000000000000e+00 1.485734190197975257e+00
-6.776909600000004730e+01 8.493432259681669150e-01 0.000000000000000000e+00 1.254877299641505184e+00
-6.767599600000005466e+01 8.481764130843469918e-01 0.000000000000000000e+00 1.560017014147051961e+00
-6.750314200000005371e+01 8.460100513848859416e-01 0.000000000000000000e+00 1.402361229936239795e+00
-6.724122599999998329e+01 8.427274846471985992e-01 0.000000000000000000e+00 1.469095789976015531e+00
-6.741700200000005339e+01 8.449304674771280776e-01 0.000000000000000000e+00 1.210689680229472209e+00
-6.757329600000005598e+01 8.468892843714757035e-01 0.000000000000000000e+00 1.455287136645153190e+00
-6.767938000000005161e+01 8.482188244140875799e-01 0.000000000000000000e+00 1.353841847887303773e+00
-6.656840200000007712e+01 8.342950495049513693e-01 0.000000000000000000e+00 1.101462943615252321e+00
-6.762895000000004586e+01 8.475867903246026014e-01 0.000000000000000000e+00 1.148846530660253773e+00
-6.738088200000001393e+01 8.444777791703221848e-01 0.000000000000000000e+00 1.521522949194408447e+00
-6.802793800000002022e+01 8.525872665747589174e-01 0.000000000000000000e+00 1.360517638178181610e+00
-6.735255200000005971e+01 8.441227221456329977e-01 0.000000000000000000e+00 1.473052032687935720e+00
-6.788688800000001322e+01 8.508195011906254379e-01 0.000000000000000000e+00 1.360705677679302061e+00
-6.722251200000005156e+01 8.424929439779427209e-01 0.000000000000000000e+00 1.393319332485840611e+00
-6.726105800000006241e+01 8.429760370973813366e-01 0.000000000000000000e+00 1.317411623331480985e+00
-6.756511200000005601e+01 8.467867151272095994e-01 0.000000000000000000e+00 1.522067016488704683e+00
-6.789542000000001565e+01 8.509264318836948782e-01 0.000000000000000000e+00 1.083600866732690182e+00
-6.761106200000004662e+01 8.473626018298037188e-01 0.000000000000000000e+00 1.612764459859485466e+00
-6.784894800000004977e+01 8.503440030078962542e-01 0.000000000000000000e+00 1.424597835185832384e+00
-6.782349200000001588e+01 8.500249655345282207e-01 0.000000000000000000e+00 1.664517048753758388e+00
-6.747252800000002537e+01 8.456263692192006465e-01 0.000000000000000000e+00 1.452636414921351538e+00
-6.778151800000000549e+01 8.494989096377991711e-01 0.000000000000000000e+00 1.256851885745902120e+00
-6.797510600000002512e+01 8.519251284622135767e-01 0.000000000000000000e+00 1.382064570245280732e+00
-6.701418000000001030e+01 8.398819400927435286e-01 0.000000000000000000e+00 1.519375148147448673e+00
-6.781018600000004426e+01 8.498582027823040619e-01 0.000000000000000000e+00 1.231248349762109617e+00
-6.785367600000003563e+01 8.504032585537038003e-01 0.000000000000000000e+00 1.343388976900050658e+00
-6.801385400000006598e+01 8.524107532272222620e-01 0.000000000000000000e+00 1.470383540112695897e+00
-6.648353400000002011e+01 8.332314074445421603e-01 0.000000000000000000e+00 1.251365872279993852e+00
-6.742452400000004786e+01 8.450247399423491679e-01 0.000000000000000000e+00 1.388575011386299574e+00
-6.719892800000008037e+01 8.421973680912404614e-01 0.000000000000000000e+00 1.406006722549556498e+00
-6.798466600000006110e+01 8.520449429753108594e-01 0.000000000000000000e+00 1.580306835327183634e+00
-6.748372800000002769e+01 8.457667376864271835e-01 0.000000000000000000e+00 1.301954525581760169e+00
-6.733065800000002810e+01 8.438483268580025953e-01 0.000000000000000000e+00 1.424617181907426477e+00
-6.704471200000001829e+01 8.402645945607221112e-01 0.000000000000000000e+00 1.408960909285616125e+00
-6.806375000000004150e+01 8.530360947487157786e-01 0.000000000000000000e+00 1.632416582397044458e+00
-6.641204400000000874e+01 8.323354305050758573e-01 0.000000000000000000e+00 1.456837646599474789e+00
-6.744800600000002078e+01 8.453190374733677848e-01 0.000000000000000000e+00 1.472624668853938168e+00
-6.784313400000006311e+01 8.502711367339272908e-01 0.000000000000000000e+00 1.378664845569102626e+00
-6.739654600000004336e+01 8.446740944980578591e-01 0.000000000000000000e+00 1.401254416615643317e+00
-6.772216400000006331e+01 8.487550319588927916e-01 0.000000000000000000e+00 1.504726348994253060e+00
-6.794960800000001200e+01 8.516055646070936902e-01 0.000000000000000000e+00 1.316857312755477016e+00
-6.773824800000004132e+01 8.489566111041488838e-01 0.000000000000000000e+00 1.429446329240023683e+00
-6.809200400000004549e+01 8.533901992730923425e-01 0.000000000000000000e+00 1.491060904657478758e+00
-6.732378200000006530e+01 8.437621506454450193e-01 0.000000000000000000e+00 1.414012622375904638e+00
-6.776576200000003780e+01 8.493014412833692628e-01 0.000000000000000000e+00 1.627762999326301196e+00
-6.757675200000004168e+01 8.469325980699340395e-01 0.000000000000000000e+00 1.459485502848953953e+00
-6.728419800000003193e+01 8.432660483769899296e-01 0.000000000000000000e+00 1.336382049497142122e+00
-6.736715600000000848e+01 8.443057526005766089e-01 0.000000000000000000e+00 1.292338272813189137e+00
-6.790561800000004666e+01 8.510542423862644812e-01 0.000000000000000000e+00 1.407245240799746000e+00
-6.695196600000005560e+01 8.391022183230987253e-01 0.000000000000000000e+00 1.610791454391099942e+00
-6.722910600000003001e+01 8.425755859130219516e-01 0.000000000000000000e+00 1.415729726947067002e+00
-6.756608000000001368e+01 8.467988469733049861e-01 0.000000000000000000e+00 1.572391224867527582e+00
-6.686764800000007369e+01 8.380454693570631441e-01 0.000000000000000000e+00 1.201636547387005427e+00
-6.751827800000003776e+01 8.461997493420232441e-01 0.000000000000000000e+00 1.234501385918356675e+00
-6.776106000000005736e+01 8.492425115929320700e-01 0.000000000000000000e+00 1.453846085110772846e+00
-6.816892800000002239e+01 8.543542799849607183e-01 0.000000000000000000e+00 1.166595607020356029e+00
-6.827423400000004960e+01 8.556740694322602092e-01 0.000000000000000000e+00 1.530281358444923523e+00
-6.818514400000002240e+01 8.545575134728664590e-01 0.000000000000000000e+00 1.285976746441349405e+00
-6.814307800000004534e+01 8.540303045494428424e-01 0.000000000000000000e+00 1.453509966440345025e+00
-6.829295000000006155e+01 8.559086351673148574e-01 0.000000000000000000e+00 1.514013253047687302e+00
-6.761689400000003047e+01 8.474356936959521747e-01 0.000000000000000000e+00 1.272959999674662557e+00
-6.826266200000002016e+01 8.555290387266576424e-01 0.000000000000000000e+00 1.530787903733950239e+00
-6.840196400000004928e+01 8.572748966035849127e-01 0.000000000000000000e+00 1.288959219447217919e+00
-6.797144400000001951e+01 8.518792329865899626e-01 0.000000000000000000e+00 1.709398111470523896e+00
-6.845333600000004992e+01 8.579187366837954798e-01 0.000000000000000000e+00 1.464705078565564422e+00
-6.773954200000007120e+01 8.489728286752734610e-01 0.000000000000000000e+00 1.561195480883580178e+00
-6.777014800000003447e+01 8.493564105777670070e-01 0.000000000000000000e+00 1.354013868189127612e+00
-6.764305400000002066e+01 8.477635543301167420e-01 0.000000000000000000e+00 1.119638631404497264e+00
-6.822828200000002141e+01 8.550981576638678749e-01 0.000000000000000000e+00 1.621770149264828875e+00
-6.785109600000001251e+01 8.503709236746460620e-01 0.000000000000000000e+00 1.523847095508236382e+00
-6.802986400000001765e+01 8.526114049379622806e-01 0.000000000000000000e+00 1.658756909481167607e+00
-6.823845800000005113e+01 8.552256924426625551e-01 0.000000000000000000e+00 1.512754536303583475e+00
-6.808838400000000490e+01 8.533448301792204704e-01 0.000000000000000000e+00 1.450923480131174559e+00
-6.772549800000004439e+01 8.487968166436902218e-01 0.000000000000000000e+00 1.219215060120339533e+00
-6.803183400000000347e+01 8.526360947487153785e-01 0.000000000000000000e+00 1.511450893572399812e+00
-6.773656600000001049e+01 8.489355307682667773e-01 0.000000000000000000e+00 1.437026737428656498e+00
-6.785158400000001677e+01 8.503770397292895744e-01 0.000000000000000000e+00 1.275416079838697092e+00
-6.782332600000002287e+01 8.500228850733176911e-01 0.000000000000000000e+00 1.405817134437757243e+00
-6.829173400000007632e+01 8.558933951623018954e-01 0.000000000000000000e+00 1.353212265387791824e+00
-6.747474600000002454e+01 8.456541671888709866e-01 0.000000000000000000e+00 1.567269707499141740e+00
-6.819207400000001940e+01 8.546443664619628455e-01 0.000000000000000000e+00 1.376932635736976218e+00
-6.735924600000002727e+01 8.442066173705981003e-01 0.000000000000000000e+00 1.210242086428007235e+00
-6.837952400000006037e+01 8.569936583531777563e-01 0.000000000000000000e+00 1.448884321955372201e+00
-6.736752000000004159e+01 8.443103145757617778e-01 0.000000000000000000e+00 1.492022107778905982e+00
-6.821391200000003607e+01 8.549180599072568887e-01 0.000000000000000000e+00 1.405574972705102565e+00
-6.782961200000002577e+01 8.501016668755485561e-01 0.000000000000000000e+00 1.593238245373620243e+00
-6.822293000000004781e+01 8.550310815891720706e-01 0.000000000000000000e+00 1.419942112456445749e+00
-6.774069800000003738e+01 8.489873167063546333e-01 0.000000000000000000e+00 1.433913500482036918e+00
-6.814396999999998172e+01 8.540414838952247178e-01 0.000000000000000000e+00 1.371094965914307240e+00
-6.794204400000005251e+01 8.515107657601208579e-01 0.000000000000000000e+00 1.451531045560604749e+00
-6.797832800000001896e+01 8.519655094623388436e-01 0.000000000000000000e+00 1.347707414675647364e+00
-6.720996400000002780e+01 8.423356811630533514e-01 0.000000000000000000e+00 1.298522066612188164e+00
-6.825878800000006663e+01 8.554804862764765483e-01 0.000000000000000000e+00 1.495585455128498831e+00
-6.724452000000002272e+01 8.427687680160422801e-01 0.000000000000000000e+00 1.559053587302504429e+00
-6.813860600000003842e+01 8.539742574257429553e-01 0.000000000000000000e+00 1.190411241548079424e+00
-6.802005200000006369e+01 8.524884321343534355e-01 0.000000000000000000e+00 1.444420372404854991e+00
-6.790715000000002988e+01 8.510734427873170027e-01 0.000000000000000000e+00 1.483534468998637834e+00
-6.795809400000005951e+01 8.517119187868160690e-01 0.000000000000000000e+00 1.265090592182347873e+00
-6.878104200000002777e+01 8.620258428374485415e-01 0.000000000000000000e+00 1.479388517220830757e+00
-6.781361400000004380e+01 8.499011655595943848e-01 0.000000000000000000e+00 1.395533254801391454e+00
-6.824974600000003022e+01 8.553671638049884507e-01 0.000000000000000000e+00 1.304924384776312118e+00
-6.793014200000006042e+01 8.513615991978951136e-01 0.000000000000000000e+00 1.584373070109716730e+00
-6.819773200000004465e+01 8.547152776037102440e-01 0.000000000000000000e+00 1.454128411713881075e+00
-6.766529400000004557e+01 8.480422860007524877e-01 0.000000000000000000e+00 1.368593459039335380e+00
-6.781417200000005607e+01 8.499081589171582074e-01 0.000000000000000000e+00 1.213602002228960863e+00
-6.791454600000002984e+01 8.511661361072818677e-01 0.000000000000000000e+00 1.726785697045001955e+00
-6.783522599999999159e+01 8.501720265697454426e-01 0.000000000000000000e+00 1.322488973784589517e+00
-6.790085200000001464e+01 8.509945105902996243e-01 0.000000000000000000e+00 1.497563242992975052e+00
-6.819621200000003114e+01 8.546962275974435697e-01 0.000000000000000000e+00 1.526846781969992684e+00
-6.780245400000003997e+01 8.497612984083222631e-01 0.000000000000000000e+00 1.488213256645890548e+00
-6.764713800000004085e+01 8.478147386890592108e-01 0.000000000000000000e+00 1.259300493562544698e+00
-6.735772600000007060e+01 8.441875673643322031e-01 0.000000000000000000e+00 1.385220919887123481e+00
-6.795287000000003275e+01 8.516464469231737056e-01 0.000000000000000000e+00 1.458369836391637087e+00
-6.811420400000007191e+01 8.536684296277737838e-01 0.000000000000000000e+00 1.494315302138762958e+00
-6.830871000000001914e+01 8.561061536533401961e-01 0.000000000000000000e+00 1.457310717442137582e+00
-6.782207000000003916e+01 8.500071437523503137e-01 0.000000000000000000e+00 1.374190082679005442e+00
-6.775615000000000521e+01 8.491809750595312734e-01 0.000000000000000000e+00 1.277978386935689104e+00
-6.755242200000004971e+01 8.466276726406823938e-01 0.000000000000000000e+00 1.528148552167266194e+00
-6.825802600000004361e+01 8.554709362075453294e-01 0.000000000000000000e+00 1.499216378114940795e+00
-6.783392400000009559e+01 8.501557087354316700e-01 0.000000000000000000e+00 1.651409605603282316e+00
-6.848151200000002348e+01 8.582718636420606506e-01 0.000000000000000000e+00 1.128379347817841438e+00
-6.755032400000007442e+01 8.466013786188754109e-01 0.000000000000000000e+00 1.447563175301475713e+00
-6.819939400000004071e+01 8.547361072816146432e-01 0.000000000000000000e+00 1.256769169826448707e+00
-6.763171200000005001e+01 8.476214061912525910e-01 0.000000000000000000e+00 1.420842274123118143e+00
-6.879291400000003875e+01 8.621746334127087241e-01 0.000000000000000000e+00 1.449302266192915356e+00
-6.827379000000003373e+01 8.556685048251664316e-01 0.000000000000000000e+00 1.517184246117348811e+00
-6.780322800000000427e+01 8.497709988720391072e-01 0.000000000000000000e+00 1.331905101427305116e+00
-6.796792000000003497e+01 8.518350670510093092e-01 0.000000000000000000e+00 1.414852551977903161e+00
-6.855873200000000622e+01 8.592396540919914338e-01 0.000000000000000000e+00 1.670926360918433939e+00
-6.791971200000000408e+01 8.512308810627897682e-01 0.000000000000000000e+00 1.443070593013453973e+00
-6.822409000000004653e+01 8.550456197518491175e-01 0.000000000000000000e+00 1.584565051847147688e+00
-6.804146200000003830e+01 8.527567614989350897e-01 0.000000000000000000e+00 1.442644509910794959e+00
-6.810064800000006358e+01 8.534985336508341680e-01 0.000000000000000000e+00 1.265350427486155116e+00
-6.784680400000003431e+01 8.503171324727413216e-01 0.000000000000000000e+00 1.398087025507685821e+00
-6.797261400000006404e+01 8.518938964782561962e-01 0.000000000000000000e+00 1.549491258903444413e+00
-6.790177400000003161e+01 8.510060659230482827e-01 0.000000000000000000e+00 1.105967892077825976e+00
-6.838879200000005198e+01 8.571098132598076180e-01 0.000000000000000000e+00 1.315068296546539450e+00
-6.798023800000005679e+01 8.519894472991609291e-01 0.000000000000000000e+00 1.404695477892671907e+00
-6.833890600000000859e+01 8.564845970673017339e-01 0.000000000000000000e+00 1.351796420467179738e+00
-6.773855600000001687e+01 8.489604712369972495e-01 0.000000000000000000e+00 1.479921868420864817e+00
-6.831715200000007826e+01 8.562119563855128401e-01 0.000000000000000000e+00 1.358980686380624858e+00
-6.771365200000003881e+01 8.486483519238003925e-01 0.000000000000000000e+00 1.197804266103168480e+00
-6.833427000000004625e+01 8.564264945481895319e-01 0.000000000000000000e+00 1.400557603350547353e+00
-6.808198200000003908e+01 8.532645945607223448e-01 0.000000000000000000e+00 1.511829283317050354e+00
-6.812680600000000197e+01 8.538263692192004095e-01 0.000000000000000000e+00 1.368076709248381206e+00
-6.779607200000005207e+01 8.496813134478010676e-01 0.000000000000000000e+00 9.648618057828723948e-01
-6.824278600000005213e+01 8.552799348289265025e-01 0.000000000000000000e+00 1.160617479073666081e+00
-6.818933800000006329e+01 8.546100764506837644e-01 0.000000000000000000e+00 1.625792525358359830e+00
-6.821716000000002111e+01 8.549587667627523979e-01 0.000000000000000000e+00 1.183189760987243044e+00
-6.831546200000005342e+01 8.561907757864399837e-01 0.000000000000000000e+00 1.536488402121717112e+00
-6.802333800000006647e+01 8.525296152400058114e-01 0.000000000000000000e+00 1.395223592289354109e+00
-6.780601999999998952e+01 8.498059907256546586e-01 0.000000000000000000e+00 1.563323880697661705e+00
-6.860053800000004287e+01 8.597636044617125162e-01 0.000000000000000000e+00 1.345216101657119356e+00
-6.843532800000004102e+01 8.576930442411334621e-01 0.000000000000000000e+00 1.426422970837658788e+00
-6.791836400000002527e+01 8.512139867151274908e-01 0.000000000000000000e+00 1.409422897122553531e+00
-6.832581200000007016e+01 8.563204912896360543e-01 0.000000000000000000e+00 1.299527134767089365e+00
-6.841659200000007957e+01 8.574582278481022168e-01 0.000000000000000000e+00 1.496595403289571191e+00
-6.816888400000006243e+01 8.543537285374114276e-01 0.000000000000000000e+00 1.475572462286615982e+00
-6.821531400000004908e+01 8.549356310314580876e-01 0.000000000000000000e+00 1.257789468100542596e+00
-6.828128400000002785e+01 8.557624263692195088e-01 0.000000000000000000e+00 1.560395312300862036e+00
-6.821026400000003775e+01 8.548723398922174477e-01 0.000000000000000000e+00 1.487727724866809709e+00
-6.813971800000005885e+01 8.539881940092750590e-01 0.000000000000000000e+00 1.316574672994933692e+00
-6.832732600000005618e+01 8.563394660985091944e-01 0.000000000000000000e+00 1.407985227096226311e+00
-6.824085200000001805e+01 8.552556962025318343e-01 0.000000000000000000e+00 1.324898027902296604e+00
-6.808005000000005680e+01 8.532403810001260025e-01 0.000000000000000000e+00 1.328067859521851135e+00
-6.797728000000006432e+01 8.519523749843346261e-01 0.000000000000000000e+00 1.365771487164494369e+00
-6.844284400000000801e+01 8.577872415089610181e-01 0.000000000000000000e+00 1.259095639399785416e+00
-6.817233800000001054e+01 8.543970171700715488e-01 0.000000000000000000e+00 1.812218008758517351e+00
-6.855680400000004227e+01 8.592154906629908551e-01 0.000000000000000000e+00 1.358113171220434401e+00
-6.849175400000005709e+01 8.584002255921800995e-01 0.000000000000000000e+00 1.393101416643649726e+00
-6.864998600000004103e+01 8.603833312445172687e-01 0.000000000000000000e+00 1.751702993656127028e+00
-6.807161400000005358e+01 8.531346534653471148e-01 0.000000000000000000e+00 1.420373763089394892e+00
-6.805101000000004774e+01 8.528764256172457481e-01 0.000000000000000000e+00 1.397686256719376630e+00
-6.817315200000004438e+01 8.544072189497435854e-01 0.000000000000000000e+00 1.368006514876092483e+00
-6.823075400000003299e+01 8.551291389898486583e-01 0.000000000000000000e+00 1.417751505589044392e+00
-6.841668000000004213e+01 8.574593307432013534e-01 0.000000000000000000e+00 1.473913746088654442e+00
-6.863980400000002646e+01 8.602557212683296095e-01 0.000000000000000000e+00 1.213350547656771417e+00
-6.817089800000000821e+01 8.543789697957138163e-01 0.000000000000000000e+00 1.227691296207576555e+00
-6.857094000000002154e+01 8.593926557212685502e-01 0.000000000000000000e+00 1.127585276400660197e+00
-6.822245800000003157e+01 8.550251660609101689e-01 0.000000000000000000e+00 1.296109348266042849e+00
-6.801163200000002007e+01 8.523829051259558254e-01 0.000000000000000000e+00 1.099130034942695122e+00
-6.791891800000003343e+01 8.512209299410957719e-01 0.000000000000000000e+00 1.188716641684711917e+00
-6.826980600000001687e+01 8.556185737561099458e-01 0.000000000000000000e+00 1.359694358244684320e+00
-6.849434800000005907e+01 8.584327359318216777e-01 0.000000000000000000e+00 1.341444457599434426e+00
-6.854737400000004754e+01 8.590973054267457831e-01 0.000000000000000000e+00 1.161052484446936095e+00
-6.835701200000006850e+01 8.567115177340526300e-01 0.000000000000000000e+00 1.320749011496771264e+00
-6.814919200000004196e+01 8.541069306930697547e-01 0.000000000000000000e+00 1.562967042937594142e+00
-6.869292000000005771e+01 8.609214187241515104e-01 0.000000000000000000e+00 1.501401271674517091e+00
-6.803120000000001255e+01 8.526281488908384887e-01 0.000000000000000000e+00 1.341649177224610190e+00
-6.846053200000004324e+01 8.580089234239884899e-01 0.000000000000000000e+00 1.315974360445330005e+00
-6.853562600000002192e+01 8.589500689309439441e-01 0.000000000000000000e+00 1.557928218067348825e+00
-6.793139600000002076e+01 8.513773154530644982e-01 0.000000000000000000e+00 1.522845533192265677e+00
-6.791266200000002584e+01 8.511425241258305796e-01 0.000000000000000000e+00 1.475132327074353489e+00
-6.869315400000004956e+01 8.609243514224845795e-01 0.000000000000000000e+00 1.483745402717343120e+00
-6.889945400000006259e+01 8.635098884572008915e-01 0.000000000000000000e+00 1.509503691760435862e+00
-6.836999200000003896e+01 8.568741947612487087e-01 0.000000000000000000e+00 1.670443959114287003e+00
-6.852250800000001618e+01 8.587856623637049047e-01 0.000000000000000000e+00 1.381510805967894440e+00
-6.789038800000002993e+01 8.508633663366339528e-01 0.000000000000000000e+00 1.146781899009113204e+00
-6.798148600000004649e+01 8.520050883569374456e-01 0.000000000000000000e+00 1.214251079573934300e+00
-6.823697800000000768e+01 8.552071437523499631e-01 0.000000000000000000e+00 1.379248539624591041e+00
-6.810689400000005378e+01 8.535768141371105067e-01 0.000000000000000000e+00 1.192879513319334173e+00
-6.857869800000004545e+01 8.594898859506209243e-01 0.000000000000000000e+00 1.334950996110404242e+00
-6.839336200000005306e+01 8.571670886075954954e-01 0.000000000000000000e+00 1.365395667875999086e+00
-6.801016000000004169e+01 8.523644566988348714e-01 0.000000000000000000e+00 1.382587935866663731e+00
-6.858025400000002492e+01 8.595093871412460285e-01 0.000000000000000000e+00 1.581103114432668599e+00
-6.843576200000003951e+01 8.576984835192383860e-01 0.000000000000000000e+00 1.287395308112273762e+00
-6.821424800000004041e+01 8.549222709612738225e-01 0.000000000000000000e+00 1.377340971001733694e+00
-6.839597600000004718e+01 8.571998496052142258e-01 0.000000000000000000e+00 1.440140138040725271e+00
-6.864078400000001068e+01 8.602680035092117317e-01 0.000000000000000000e+00 1.453574856406011362e+00
-6.834667000000003156e+01 8.565819024940471982e-01 0.000000000000000000e+00 1.348184990266468430e+00
-6.889574600000003102e+01 8.634634164682294388e-01 0.000000000000000000e+00 1.755813883479163007e+00
-6.848768600000005335e+01 8.583492417596195745e-01 0.000000000000000000e+00 1.296482974993688364e+00
-6.818252400000002922e+01 8.545246772778546385e-01 0.000000000000000000e+00 1.417823653544225238e+00
-6.848045800000001293e+01 8.582586539666625658e-01 0.000000000000000000e+00 1.477582785059108561e+00
-6.815610800000001746e+01 8.541936082215818571e-01 0.000000000000000000e+00 9.500842205815126507e-01
-6.821700600000004044e+01 8.549568366963282706e-01 0.000000000000000000e+00 1.363011348346451213e+00
-6.856392800000003263e+01 8.593047750344657842e-01 0.000000000000000000e+00 1.546139313576191832e+00
-6.894290600000002200e+01 8.640544679784436521e-01 0.000000000000000000e+00 1.281391795549281287e+00
-6.894722400000004825e+01 8.641085850357193010e-01 0.000000000000000000e+00 1.142633957411691714e+00
-6.843565000000006648e+01 8.576970798345665559e-01 0.000000000000000000e+00 1.496191801936441745e+00
-6.895804600000002438e+01 8.642442160671766072e-01 0.000000000000000000e+00 1.384854291676838489e+00
-6.852442800000001455e+01 8.588097255295150667e-01 0.000000000000000000e+00 1.366659570127916945e+00
-6.847196600000002320e+01 8.581522245895477630e-01 0.000000000000000000e+00 1.585954481636286051e+00
-6.911958800000000736e+01 8.662688056147387350e-01 0.000000000000000000e+00 1.290262264725174468e+00
-6.847650600000005738e+01 8.582091239503704116e-01 0.000000000000000000e+00 1.526406129271887790e+00
-6.871561800000004894e+01 8.612058904624645406e-01 0.000000000000000000e+00 1.431713341630237446e+00
-6.845958000000004517e+01 8.579969921042742698e-01 0.000000000000000000e+00 1.515579560712166707e+00
-6.858908800000004646e+01 8.596201027697711883e-01 0.000000000000000000e+00 1.394688817635089118e+00
-6.877105000000004509e+01 8.619006141120446607e-01 0.000000000000000000e+00 1.496772908255920687e+00
-6.826745800000004749e+01 8.555891465095881721e-01 0.000000000000000000e+00 1.352063793335390285e+00
-6.868024800000003438e+01 8.607626018298035753e-01 0.000000000000000000e+00 1.580633682955328911e+00
-6.879596599999999285e+01 8.622128838200273648e-01 0.000000000000000000e+00 1.406350241893081110e+00
-6.845262400000002856e+01 8.579098132598073079e-01 0.000000000000000000e+00 1.342507289231758660e+00
-6.903874200000002759e+01 8.652555708735433226e-01 0.000000000000000000e+00 1.348734335034520004e+00
-6.915518600000004312e+01 8.667149517483399013e-01 0.000000000000000000e+00 1.624257903901925815e+00
-6.911810200000003590e+01 8.662501817270338300e-01 0.000000000000000000e+00 1.613891685373330942e+00
-6.858012800000004461e+01 8.595078079959899142e-01 0.000000000000000000e+00 1.123219663170713867e+00
-6.893271000000005699e+01 8.639266825416724860e-01 0.000000000000000000e+00 1.199463834554439501e+00
-6.888136800000003745e+01 8.632832184484274807e-01 0.000000000000000000e+00 1.439820375643146022e+00
-6.904295600000001798e+01 8.653083845093371140e-01 0.000000000000000000e+00 1.282894420836781846e+00
-6.875149200000002736e+01 8.616554956761501849e-01 0.000000000000000000e+00 1.274957780380799210e+00
-6.874300400000007016e+01 8.615491164306312566e-01 0.000000000000000000e+00 1.380077155793630217e+00
-6.871386600000005274e+01 8.611839328236626789e-01 0.000000000000000000e+00 1.452619767570080711e+00
-6.875635000000004027e+01 8.617163804988098308e-01 0.000000000000000000e+00 1.321029898613314435e+00
-6.862435800000007191e+01 8.600621381125462817e-01 0.000000000000000000e+00 1.355144860807780072e+00
-6.849635400000002505e+01 8.584578769269334275e-01 0.000000000000000000e+00 1.359031281213634479e+00
-6.890267800000005138e+01 8.635502945231238181e-01 0.000000000000000000e+00 1.351428482364293027e+00
-6.855322200000004784e+01 8.591705978192761828e-01 0.000000000000000000e+00 1.251420837706670453e+00
-6.874143600000003573e+01 8.615294648452190840e-01 0.000000000000000000e+00 1.409184044838098115e+00
-6.922404400000002056e+01 8.675779420980074264e-01 0.000000000000000000e+00 1.448320674235572092e+00
-6.848656600000005312e+01 8.583352049128969430e-01 0.000000000000000000e+00 1.382488946544301323e+00
-6.913357000000006281e+01 8.664440406065929690e-01 0.000000000000000000e+00 1.525518227132383275e+00
-6.889986800000004052e+01 8.635150770773284412e-01 0.000000000000000000e+00 1.372316273061385372e+00
-6.855881600000002152e+01 8.592407068554959171e-01 0.000000000000000000e+00 1.196670107087145274e+00
-6.890254800000006696e+01 8.635486652462722734e-01 0.000000000000000000e+00 1.398470524312076968e+00
-6.913769000000007736e+01 8.664956761498944227e-01 0.000000000000000000e+00 1.318542887953872311e+00
-6.861858000000005120e+01 8.599897230229357481e-01 0.000000000000000000e+00 1.369376452804322852e+00
-6.933083400000002428e+01 8.689163303672141625e-01 0.000000000000000000e+00 1.439577147807261426e+00
-6.889990000000003079e+01 8.635154781300917737e-01 0.000000000000000000e+00 1.038960739286031609e+00
-6.910862600000004363e+01 8.661314199774412526e-01 0.000000000000000000e+00 1.263410357500041270e+00
-6.903735400000006450e+01 8.652381752099268519e-01 0.000000000000000000e+00 1.423435449279897957e+00
-6.869543800000000999e+01 8.609529765634792442e-01 0.000000000000000000e+00 1.346588674517722239e+00
-6.923655400000004079e+01 8.677347286627401513e-01 0.000000000000000000e+00 1.337124950336399998e+00
-6.926921000000001527e+01 8.681440030078958481e-01 0.000000000000000000e+00 1.497645339298737666e+00
-6.916288400000001957e+01 8.668114300037600417e-01 0.000000000000000000e+00 1.330491796422464068e+00
-6.974748600000005183e+01 8.741381877428254787e-01 0.000000000000000000e+00 1.412909943516885480e+00
-6.966299600000004943e+01 8.730792831181858338e-01 0.000000000000000000e+00 1.344444737918658817e+00
-6.929777600000002735e+01 8.685020177967166521e-01 0.000000000000000000e+00 1.306172828844682332e+00
-6.932635200000004261e+01 8.688601579145260878e-01 0.000000000000000000e+00 1.167524953249654107e+00
-6.911775600000002839e+01 8.662458453440283757e-01 0.000000000000000000e+00 1.210592734219669619e+00
-7.011230400000006568e+01 8.787104148389529579e-01 0.000000000000000000e+00 1.345471009107024107e+00
-6.934213600000002486e+01 8.690579771901243422e-01 0.000000000000000000e+00 1.363434709983531778e+00
-7.005522400000006655e+01 8.779950369720523895e-01 0.000000000000000000e+00 1.266417263255166903e+00
-7.002215200000006234e+01 8.775805489409707061e-01 0.000000000000000000e+00 1.290093122351791965e+00
-7.034710800000001996e+01 8.816531896227599585e-01 0.000000000000000000e+00 1.316256032451763813e+00
-6.999634200000004114e+01 8.772570748214066905e-01 0.000000000000000000e+00 1.012572238219141330e+00
-6.988075000000002035e+01 8.758083719764383490e-01 0.000000000000000000e+00 1.202397069955838393e+00
-7.036065600000000586e+01 8.818229853365083803e-01 0.000000000000000000e+00 1.151798298167090673e+00
-7.025507200000001262e+01 8.804997117433263076e-01 0.000000000000000000e+00 1.243508877532046641e+00
-7.059339600000001269e+01 8.847398922170699453e-01 0.000000000000000000e+00 1.152168113778576197e+00
-7.062972600000004775e+01 8.851952124326362137e-01 0.000000000000000000e+00 1.160802908702645908e+00
-7.036889400000001160e+01 8.819262313573130729e-01 0.000000000000000000e+00 1.203446083681057655e+00
-7.046479600000004950e+01 8.831281614237378452e-01 0.000000000000000000e+00 1.255996538301863419e+00
-7.079067400000006671e+01 8.872123574382762001e-01 0.000000000000000000e+00 1.279633053669858134e+00
-7.078188800000002345e+01 8.871022433888960945e-01 0.000000000000000000e+00 1.164845624772448129e+00
-7.078600400000004811e+01 8.871538288006021178e-01 0.000000000000000000e+00 1.105627225241835987e+00
-7.037575600000002396e+01 8.820122321092871420e-01 0.000000000000000000e+00 1.300184886799806705e+00
-7.099123400000001993e+01 8.897259556335381792e-01 0.000000000000000000e+00 1.156706517890036645e+00
-7.069116400000002898e+01 8.859652086727662912e-01 0.000000000000000000e+00 1.353719916536756385e+00
-7.085040000000005023e+01 8.879608973555589424e-01 0.000000000000000000e+00 1.240530453174175429e+00
-7.094279600000005814e+01 8.891188870785818876e-01 0.000000000000000000e+00 1.107965610077836116e+00
-7.095530200000001742e+01 8.892756235117184049e-01 0.000000000000000000e+00 1.072593729555990416e+00
-7.069097800000002962e+01 8.859628775535784984e-01 0.000000000000000000e+00 1.224568806203747640e+00
-7.132766600000002200e+01 8.939424238626396679e-01 0.000000000000000000e+00 1.306548249753270552e+00
-7.130118200000005402e+01 8.936105025692449022e-01 0.000000000000000000e+00 1.291459943761088081e+00
-7.147790400000005206e+01 8.958253415214945115e-01 0.000000000000000000e+00 1.222414609847116251e+00
-7.153051200000004428e+01 8.964846722646953037e-01 0.000000000000000000e+00 1.185736748789672612e+00
-7.174319600000004016e+01 8.991502193257304709e-01 0.000000000000000000e+00 1.220032471162513898e+00
-7.189337600000003192e+01 9.010324100764509625e-01 0.000000000000000000e+00 1.200262570694471398e+00
-7.192741600000002222e+01 9.014590299536284768e-01 0.000000000000000000e+00 1.179692845721488803e+00
-7.194198000000004356e+01 9.016415590926185608e-01 0.000000000000000000e+00 1.106556521535856596e+00
-7.146555800000001568e+01 8.956706103521745455e-01 0.000000000000000000e+00 1.134680226495553335e+00
-7.201301600000005010e+01 9.025318460960025657e-01 0.000000000000000000e+00 1.100391942177004090e+00
-7.172877200000006326e+01 8.989694447925812293e-01 0.000000000000000000e+00 1.169502939228733940e+00
-7.173926800000005244e+01 8.991009900990104553e-01 0.000000000000000000e+00 1.105195501593919882e+00
-7.198073000000000832e+01 9.021272089234240177e-01 0.000000000000000000e+00 1.151461640259847208e+00
-7.143086200000001895e+01 8.952357688933452184e-01 0.000000000000000000e+00 1.027921347340930103e+00
-7.192011400000005494e+01 9.013675147261567266e-01 0.000000000000000000e+00 1.058394748017156939e+00
-7.163107200000001740e+01 8.977449805740068678e-01 0.000000000000000000e+00 1.323207944451129991e+00
-7.206664200000001586e+01 9.032039353302420137e-01 0.000000000000000000e+00 1.129427934320841098e+00
-7.199658000000005131e+01 9.023258553703477070e-01 0.000000000000000000e+00 9.633026223478389216e-01
-7.214902600000004895e+01 9.042364456698840369e-01 0.000000000000000000e+00 8.807201996231504015e-01
-7.236358200000000807e+01 9.069254543175836458e-01 0.000000000000000000e+00 1.171978339198943564e+00
-7.247440400000007799e+01 9.083143752349928102e-01 0.000000000000000000e+00 1.004198239908009382e+00
-7.259668400000003885e+01 9.098468981075327200e-01 0.000000000000000000e+00 1.080967618976983013e+00
-7.238607200000004127e+01 9.072073192129344044e-01 0.000000000000000000e+00 1.198622154605491374e+00
-7.280758000000005836e+01 9.124900363454073737e-01 0.000000000000000000e+00 9.676940978794409398e-01
-7.258430200000000809e+01 9.096917157538538801e-01 0.000000000000000000e+00 1.063541027116301496e+00
-7.275365800000002992e+01 9.118142373731047412e-01 0.000000000000000000e+00 1.043585960815936131e+00
-7.245165200000006678e+01 9.080292267201410805e-01 0.000000000000000000e+00 9.130525583110672416e-01
-7.230341800000005037e+01 9.061714249906008822e-01 0.000000000000000000e+00 1.136811012285034783e+00
-7.293269200000003138e+01 9.140580523875175833e-01 0.000000000000000000e+00 1.081939696379617954e+00
-7.289027200000001017e+01 9.135264068178969854e-01 0.000000000000000000e+00 1.083508709914509982e+00
-7.310253400000004831e+01 9.161866649956139641e-01 0.000000000000000000e+00 9.820004221665865618e-01
-7.277761000000002412e+01 9.121144253665874890e-01 0.000000000000000000e+00 9.057206510159557800e-01
-7.293930600000004461e+01 9.141409449805745213e-01 0.000000000000000000e+00 9.573844366604232770e-01
-7.309293600000005142e+01 9.160663742323604808e-01 0.000000000000000000e+00 8.586354012188542884e-01
-7.322082000000004598e+01 9.176691314701095337e-01 0.000000000000000000e+00 1.008863966563531722e+00
-7.310809200000002761e+01 9.162563228474749355e-01 0.000000000000000000e+00 1.124794184870811398e+00
-7.353946800000001360e+01 9.216627146258931091e-01 0.000000000000000000e+00 1.100448971082055305e+00
-7.368156400000006556e+01 9.234435894222341457e-01 0.000000000000000000e+00 1.094893703020130227e+00
-7.312944000000001665e+01 9.165238751723274735e-01 0.000000000000000000e+00 1.044342953848267586e+00
-7.385210400000005393e+01 9.255809499937341922e-01 0.000000000000000000e+00 1.034463996661014074e+00
-7.357057600000004527e+01 9.220525880436150068e-01 0.000000000000000000e+00 1.075468016619609557e+00
-7.310616600000003018e+01 9.162321844842715723e-01 0.000000000000000000e+00 9.190237319255822879e-01
-7.393075200000004088e+01 9.265666374232364166e-01 0.000000000000000000e+00 1.018508007682380256e+00
-7.426592200000001753e+01 9.307672891339768828e-01 0.000000000000000000e+00 1.142276318848473471e+00
-7.423092000000005442e+01 9.303286126080968499e-01 0.000000000000000000e+00 1.020878778110290597e+00
-7.361702400000004332e+01 9.226347161298412702e-01 0.000000000000000000e+00 1.092923228806419234e+00
-7.435640800000001605e+01 9.319013410201780756e-01 0.000000000000000000e+00 1.103932516939126973e+00
-7.423743000000004599e+01 9.304102017796721524e-01 0.000000000000000000e+00 1.126529808210984696e+00
-7.460526000000007230e+01 9.350201779671646340e-01 0.000000000000000000e+00 8.745365172478511973e-01
-7.454804600000007042e+01 9.343031206918168685e-01 0.000000000000000000e+00 9.179721629788355486e-01
-7.496096200000005183e+01 9.394781551572884970e-01 0.000000000000000000e+00 9.522707567162658204e-01
-7.441877200000004677e+01 9.326829427246526860e-01 0.000000000000000000e+00 8.187621240468675454e-01
-7.392730600000005836e+01 9.265234490537668233e-01 0.000000000000000000e+00 1.117214742912846726e+00
-7.483459800000004236e+01 9.378944479258056743e-01 0.000000000000000000e+00 8.092888038745922330e-01
-7.444156600000005142e+01 9.329686176212563797e-01 0.000000000000000000e+00 1.020411920807107409e+00
-7.477635200000000282e+01 9.371644566988344138e-01 0.000000000000000000e+00 9.491817371810203907e-01
-7.409112800000004029e+01 9.285766136107286295e-01 0.000000000000000000e+00 9.138711933286657318e-01
-7.490160200000005375e+01 9.387342022809881392e-01 0.000000000000000000e+00 8.658053899862788727e-01
-7.426316400000000328e+01 9.307327233989221016e-01 0.000000000000000000e+00 9.585634649133389917e-01
-7.497544800000005694e+01 9.396597067301672990e-01 0.000000000000000000e+00 7.669176696465939136e-01
-7.438522400000003643e+01 9.322624890337138925e-01 0.000000000000000000e+00 1.042281388276446119e+00
-7.531974999999999909e+01 9.439748088732923259e-01 0.000000000000000000e+00 9.879932606709993514e-01
-7.460725000000002183e+01 9.350451184358944401e-01 0.000000000000000000e+00 9.960456053714595859e-01
-7.472944000000003939e+01 9.365765133475376647e-01 0.000000000000000000e+00 9.388226630878012680e-01
-7.442219600000002799e+01 9.327258553703474675e-01 0.000000000000000000e+00 1.042211558422324824e+00
-7.526307600000002651e+01 9.432645193633290015e-01 0.000000000000000000e+00 8.843997710163293835e-01
-7.466604600000002279e+01 9.357820027572379962e-01 0.000000000000000000e+00 9.875790265189924311e-01
-7.518781400000005988e+01 9.423212683293652470e-01 0.000000000000000000e+00 9.215589169324867047e-01
-7.471988400000006436e+01 9.364567489660365895e-01 0.000000000000000000e+00 9.530056678602374376e-01
-7.520448200000005556e+01 9.425301666875554041e-01 0.000000000000000000e+00 8.439593403461896903e-01
-7.443395800000007512e+01 9.328732673267335906e-01 0.000000000000000000e+00 1.034712677161534033e+00
-7.506425400000001957e+01 9.407727033462841559e-01 0.000000000000000000e+00 9.659630525401717849e-01
-7.462379200000003721e+01 9.352524376488285940e-01 0.000000000000000000e+00 8.335688524978276392e-01
-7.488930600000004745e+01 9.385800977566116643e-01 0.000000000000000000e+00 9.396172646370652970e-01
-7.476631799999998407e+01 9.370387015916779028e-01 0.000000000000000000e+00 1.053845462419716883e+00
-7.501400000000003843e+01 9.401428750469987827e-01 0.000000000000000000e+00 6.898851293637026094e-01
-7.489638800000003016e+01 9.386688557463344074e-01 0.000000000000000000e+00 8.321068976684867780e-01
-7.490104800000003138e+01 9.387272590550197471e-01 0.000000000000000000e+00 9.198948438453894427e-01
-7.499498000000008346e+01 9.399044993106915324e-01 0.000000000000000000e+00 9.192115002665171009e-01
-7.489187400000004402e+01 9.386122822408827782e-01 0.000000000000000000e+00 1.051965842920151717e+00
-7.490874400000002709e+01 9.388237122446424499e-01 0.000000000000000000e+00 7.918529034301178271e-01
-7.501643400000004647e+01 9.401733801228229215e-01 0.000000000000000000e+00 1.069259241389556303e+00
-7.445146400000000142e+01 9.330926682541671457e-01 0.000000000000000000e+00 1.030744202610988092e+00
-7.490975800000003915e+01 9.388364206040861193e-01 0.000000000000000000e+00 9.016374438977037276e-01
-7.469610400000003381e+01 9.361587166311571284e-01 0.000000000000000000e+00 1.006230269238265640e+00
-7.505683400000003758e+01 9.406797092367468194e-01 0.000000000000000000e+00 7.886039192513470963e-01
-7.494333200000006912e+01 9.392572001503955992e-01 0.000000000000000000e+00 8.866557548747577844e-01
-7.510059800000001928e+01 9.412281990224340422e-01 0.000000000000000000e+00 6.804833887907935086e-01
-7.473542999999997960e+01 9.366515854117053452e-01 0.000000000000000000e+00 9.277895626844824273e-01
-7.490558400000003303e+01 9.387841082842465212e-01 0.000000000000000000e+00 8.445610867405408673e-01
-7.502544200000001240e+01 9.402862764757489167e-01 0.000000000000000000e+00 8.973998414251584954e-01
-7.476397800000009397e+01 9.370093746083479891e-01 0.000000000000000000e+00 1.001270388973100722e+00
-7.413793600000003892e+01 9.291632535405442983e-01 0.000000000000000000e+00 9.719924058729818572e-01
-7.532497400000005428e+01 9.440402807369350224e-01 0.000000000000000000e+00 8.843432235817434428e-01
-7.484021600000005492e+01 9.379648577515985464e-01 0.000000000000000000e+00 9.226685407582999598e-01
-7.493670400000002019e+01 9.391741320967541551e-01 0.000000000000000000e+00 9.511082664603919268e-01
-7.494886600000002375e+01 9.393265572126835439e-01 0.000000000000000000e+00 1.043919749636345706e+00
-7.468442999999999188e+01 9.360124075698706969e-01 0.000000000000000000e+00 9.959662828964980230e-01
-7.497342400000006535e+01 9.396343401428758346e-01 0.000000000000000000e+00 9.885705919031566591e-01
-7.470862800000004711e+01 9.363156786564738043e-01 0.000000000000000000e+00 1.038433570148866059e+00
-7.479773800000002382e+01 9.374324852738440406e-01 0.000000000000000000e+00 9.044190807877341420e-01
-7.504527000000004477e+01 9.405347787943356686e-01 0.000000000000000000e+00 8.682196493370492041e-01
-7.508152600000006771e+01 9.409891715753861963e-01 0.000000000000000000e+00 8.483237059190562590e-01
-7.515774200000005578e+01 9.419443789948621637e-01 0.000000000000000000e+00 9.524632165203245071e-01
-7.479425400000000934e+01 9.373888206542173585e-01 0.000000000000000000e+00 7.893636003897075426e-01
-7.528425800000005097e+01 9.435299912269713429e-01 0.000000000000000000e+00 8.492380039241602674e-01
-7.504027800000004333e+01 9.404722145632289365e-01 0.000000000000000000e+00 8.046517333830601748e-01
-7.460965800000002446e+01 9.350752976563481145e-01 0.000000000000000000e+00 9.055208407130431736e-01
-7.477302400000006344e+01 9.371227472114307400e-01 0.000000000000000000e+00 8.814143346447073091e-01
-7.510104200000002095e+01 9.412337636295277088e-01 0.000000000000000000e+00 9.646107903211748047e-01
-7.482753400000002841e+01 9.378059155282619797e-01 0.000000000000000000e+00 1.079290541407510018e+00
-7.489549600000006535e+01 9.386576764005521989e-01 0.000000000000000000e+00 9.539146832993725678e-01
-7.477628400000007503e+01 9.371636044617128736e-01 0.000000000000000000e+00 7.802120178981657439e-01
-7.483865600000001450e+01 9.379453064293772346e-01 0.000000000000000000e+00 9.286654693720665099e-01
-7.531534600000003365e+01 9.439196139867154223e-01 0.000000000000000000e+00 1.002520173798377323e+00
-7.488094800000004625e+01 9.384753477879438366e-01 0.000000000000000000e+00 8.260106848038353267e-01
-7.482835400000006132e+01 9.378161925053272174e-01 0.000000000000000000e+00 1.004018993282859373e+00
-7.486481400000002395e+01 9.382731419977442533e-01 0.000000000000000000e+00 7.997555516708106937e-01
-7.497315000000004659e+01 9.396309061285880171e-01 0.000000000000000000e+00 7.640852104234698849e-01
-7.512039800000006551e+01 9.414763504198528921e-01 0.000000000000000000e+00 8.547557697111757280e-01
-7.449284200000002443e+01 9.336112545431760612e-01 0.000000000000000000e+00 9.630656452215807795e-01
-7.492978000000005068e+01 9.390873543050513028e-01 0.000000000000000000e+00 1.119251750234967702e+00
-7.438182400000005146e+01 9.322198771775916937e-01 0.000000000000000000e+00 1.202335164377632548e+00
-7.480307800000005614e+01 9.374994109537542197e-01 0.000000000000000000e+00 9.027012861608011418e-01
-7.443889800000005152e+01 9.329351798470991719e-01 0.000000000000000000e+00 8.678626458819230782e-01
-7.480970600000004822e+01 9.375824790073948867e-01 0.000000000000000000e+00 9.442692239167624901e-01
-7.497583600000005788e+01 9.396645694949248284e-01 0.000000000000000000e+00 8.935554126401935582e-01
-7.512052200000002244e+01 9.414779044993109025e-01 0.000000000000000000e+00 8.896869161699749728e-01
-7.473754200000006165e+01 9.366780548940977225e-01 0.000000000000000000e+00 8.672591486663334681e-01
-7.494659400000001881e+01 9.392980824664746153e-01 0.000000000000000000e+00 1.015249921345438455e+00
-7.474376200000003223e+01 9.367560095250034857e-01 0.000000000000000000e+00 1.142924881080965571e+00
-7.437360200000006216e+01 9.321168316831690559e-01 0.000000000000000000e+00 9.630365911820563118e-01
-7.426735400000004006e+01 9.307852362451439765e-01 0.000000000000000000e+00 1.170945711498516228e+00
-7.489528400000001795e+01 9.386550194259933866e-01 0.000000000000000000e+00 8.990389985721062294e-01
-7.511320800000002862e+01 9.413862388770525280e-01 0.000000000000000000e+00 9.498107915439439886e-01
-7.482333400000001689e+01 9.377532773530519172e-01 0.000000000000000000e+00 9.791133614602035573e-01
-7.470034800000000530e+01 9.362119062539164815e-01 0.000000000000000000e+00 9.712955004466345965e-01
-7.509315600000005020e+01 9.411349291891220048e-01 0.000000000000000000e+00 1.063229831603741848e+00
-7.449802000000003943e+01 9.336761498934708081e-01 0.000000000000000000e+00 1.114006138749565888e+00
-7.498520400000003860e+01 9.397819776914404510e-01 0.000000000000000000e+00 9.398111974500651389e-01
-7.499930200000001435e+01 9.399586664995615015e-01 0.000000000000000000e+00 9.814391619875517669e-01
-7.506190600000009283e+01 9.407432760997629373e-01 0.000000000000000000e+00 8.051504686301531599e-01
-7.477615400000003376e+01 9.371619751848606628e-01 0.000000000000000000e+00 8.758066646367922425e-01
-7.522553000000002044e+01 9.427939591427498822e-01 0.000000000000000000e+00 8.641437363487087797e-01
-7.489341800000003957e+01 9.386316330367218130e-01 0.000000000000000000e+00 8.288759350061519759e-01
-7.476467600000005120e+01 9.370181225717514328e-01 0.000000000000000000e+00 8.313810862229739085e-01
-7.459580600000006712e+01 9.349016919413467575e-01 0.000000000000000000e+00 9.046306629377937059e-01
-7.496918800000004524e+01 9.395812507833066762e-01 0.000000000000000000e+00 8.735343950002681934e-01
-7.501527200000006701e+01 9.401588168943484369e-01 0.000000000000000000e+00 1.089824415667890012e+00
-7.493181200000005049e+01 9.391128211555338501e-01 0.000000000000000000e+00 8.845615903526850010e-01
-7.460534400000004496e+01 9.350212307306684512e-01 0.000000000000000000e+00 9.909161422000992703e-01
-7.455535000000004686e+01 9.343946609850863894e-01 0.000000000000000000e+00 8.741157325196605710e-01
-7.465249200000005203e+01 9.356121318460965952e-01 0.000000000000000000e+00 9.749612440554246140e-01
-7.472384600000005150e+01 9.365064043113178194e-01 0.000000000000000000e+00 9.852201103009494698e-01
-7.477586200000006045e+01 9.371583155783940189e-01 0.000000000000000000e+00 8.977352090745466251e-01
-7.508051200000004144e+01 9.409764632159423048e-01 0.000000000000000000e+00 9.820898213647683006e-01
-7.497446800000004430e+01 9.396474244892848438e-01 0.000000000000000000e+00 9.392940251232957394e-01
-7.493417400000006978e+01 9.391424238626402410e-01 0.000000000000000000e+00 9.445940622021052890e-01
-7.481773000000004004e+01 9.376830429878435513e-01 0.000000000000000000e+00 7.747024017079863212e-01
-7.497274800000006678e+01 9.396258679032467587e-01 0.000000000000000000e+00 9.318090273931209921e-01
-7.470010600000001943e+01 9.362088732923926626e-01 0.000000000000000000e+00 8.005923672815614678e-01
-7.495407000000004416e+01 9.393917784183486441e-01 0.000000000000000000e+00 1.049990047235177970e+00
-7.471426200000006190e+01 9.363862890086483981e-01 0.000000000000000000e+00 8.001025872077689449e-01
-7.504446000000005768e+01 9.405246271462596175e-01 0.000000000000000000e+00 8.476475523053749184e-01
-7.487774600000003034e+01 9.384352174457954998e-01 0.000000000000000000e+00 8.886921794309984302e-01
-7.495964400000001149e+01 9.394616367965911152e-01 0.000000000000000000e+00 9.958390493377228259e-01
-7.461170000000002744e+01 9.351008898358192933e-01 0.000000000000000000e+00 1.005778049897970927e+00
-7.499600800000004597e+01 9.399173831307185978e-01 0.000000000000000000e+00 1.001337918288335960e+00
-7.474413200000003599e+01 9.367606466975815227e-01 0.000000000000000000e+00 9.206864313240649134e-01
-7.488822000000004664e+01 9.385664870284501360e-01 0.000000000000000000e+00 7.828893336141889980e-01
-7.504419600000002788e+01 9.405213184609603205e-01 0.000000000000000000e+00 9.175534016242997692e-01
-7.493750000000005684e+01 9.391841082842468102e-01 0.000000000000000000e+00 8.318742729887766973e-01
-7.456151800000006347e+01 9.344719639052520010e-01 0.000000000000000000e+00 1.092271448148491864e+00
-7.486864800000003584e+01 9.383211931319718202e-01 0.000000000000000000e+00 1.009983250634195917e+00
-7.493613400000005242e+01 9.391669883444045963e-01 0.000000000000000000e+00 1.067490923976273764e+00
-7.528288200000004338e+01 9.435127459581406084e-01 0.000000000000000000e+00 8.275163800606520903e-01
-7.510752000000002226e+01 9.413149517483395678e-01 0.000000000000000000e+00 7.251362906378356898e-01
-7.513578200000003449e+01 9.416691565359071037e-01 0.000000000000000000e+00 9.820716331317288494e-01
-7.486530000000009011e+01 9.382792329865908831e-01 0.000000000000000000e+00 7.828193746537791542e-01
-7.497031000000004042e+01 9.395953126958269674e-01 0.000000000000000000e+00 7.679398279116200765e-01
-7.460495600000002980e+01 9.350163679659108107e-01 0.000000000000000000e+00 8.795744529296336545e-01
-7.518906000000008305e+01 9.423368843213445478e-01 0.000000000000000000e+00 8.988532287691283207e-01
-7.511789400000002104e+01 9.414449680411081101e-01 0.000000000000000000e+00 9.927282311759532130e-01
-7.500443400000001759e+01 9.400229853365085209e-01 0.000000000000000000e+00 9.400749228920565193e-01
-7.501499000000005424e+01 9.401552826168698695e-01 0.000000000000000000e+00 7.921522909265632517e-01
-7.483120400000002803e+01 9.378519112670763436e-01 0.000000000000000000e+00 1.010321325815692894e+00
-7.505417000000007022e+01 9.406463215941854861e-01 0.000000000000000000e+00 8.817277819798760019e-01
-7.500572600000005252e+01 9.400391778418354383e-01 0.000000000000000000e+00 9.116128469649357191e-01
-7.494588000000004513e+01 9.392891339766893388e-01 0.000000000000000000e+00 7.881096918986887356e-01
-7.501568000000003167e+01 9.401639303170826745e-01 0.000000000000000000e+00 8.986112414344274990e-01
-7.527454600000001506e+01 9.434082717132473705e-01 0.000000000000000000e+00 9.473502546225097687e-01
-7.490583800000005965e+01 9.387872916405571866e-01 0.000000000000000000e+00 8.055954062315741071e-01
-7.491066600000004883e+01 9.388478004762507156e-01 0.000000000000000000e+00 7.515601083134210159e-01
-7.493470800000002896e+01 9.391491164306307038e-01 0.000000000000000000e+00 9.400881490669705798e-01
-7.551692200000003652e+01 9.464459456072192856e-01 0.000000000000000000e+00 8.069429899355095026e-01
-7.536104200000005449e+01 9.444923173329997645e-01 0.000000000000000000e+00 6.428261315393917208e-01
-7.510171000000003971e+01 9.412421356059660349e-01 0.000000000000000000e+00 9.715108639057359330e-01
-7.503743200000005231e+01 9.404365459330749077e-01 0.000000000000000000e+00 1.058667037905438146e+00
-7.496652200000006872e+01 9.395478380749475722e-01 0.000000000000000000e+00 8.735747285606414447e-01
-7.524126000000005376e+01 9.429911016418103253e-01 0.000000000000000000e+00 7.890546060401212314e-01
-7.482735600000002307e+01 9.378036846722649367e-01 0.000000000000000000e+00 9.488665832412475076e-01
-7.519230000000003145e+01 9.423774909136486411e-01 0.000000000000000000e+00 8.094181506651939584e-01
-7.494728800000002877e+01 9.393067802982832948e-01 0.000000000000000000e+00 9.725782165611633889e-01
-7.479584000000004096e+01 9.374086978318089125e-01 0.000000000000000000e+00 8.608424438486483865e-01
-7.516777000000004705e+01 9.420700589046251405e-01 0.000000000000000000e+00 7.173518620875004581e-01
-7.494868600000002345e+01 9.393243012908888412e-01 0.000000000000000000e+00 9.447091443819028989e-01
-7.480738800000007416e+01 9.375534277478388967e-01 0.000000000000000000e+00 8.340917464348315269e-01
-7.495554200000003675e+01 9.394102268454697091e-01 0.000000000000000000e+00 9.545035442553159166e-01
-7.540081200000004458e+01 9.449907507206422030e-01 0.000000000000000000e+00 9.608686305146355577e-01
-7.520091400000004001e+01 9.424854493044245718e-01 0.000000000000000000e+00 8.399905921815640220e-01
-7.535816800000006310e+01 9.444562977816776117e-01 0.000000000000000000e+00 9.591777512857643240e-01
-7.503244600000004993e+01 9.403740568993613769e-01 0.000000000000000000e+00 8.014223617438125391e-01
-7.531263800000006370e+01 9.438856748966043542e-01 0.000000000000000000e+00 8.059760062072677256e-01
-7.509893400000004249e+01 9.412073442787320943e-01 0.000000000000000000e+00 9.045946591806635073e-01
-7.512701600000002600e+01 9.415592931445045943e-01 0.000000000000000000e+00 9.551168206850705333e-01
-7.522746800000007283e+01 9.428182479007403138e-01 0.000000000000000000e+00 9.397665758833280147e-01
-7.547373800000005417e+01 9.459047249028705862e-01 0.000000000000000000e+00 8.205071142909237114e-01
-7.494414800000004107e+01 9.392674269958646294e-01 0.000000000000000000e+00 9.953607650607005919e-01
-7.521308200000002842e+01 9.426379496177468287e-01 0.000000000000000000e+00 8.955554981003567283e-01
-7.481074400000002811e+01 9.375954881564108057e-01 0.000000000000000000e+00 1.079468455831550822e+00
-7.523565000000006364e+01 9.429207920792086473e-01 0.000000000000000000e+00 9.065447009654205024e-01
-7.511915000000003317e+01 9.414607093620758205e-01 0.000000000000000000e+00 8.656073714537969588e-01
-7.503467000000003395e+01 9.404019300664246961e-01 0.000000000000000000e+00 8.858336234213723959e-01
-7.524575400000003356e+01 9.430474244892846913e-01 0.000000000000000000e+00 8.560628311005678004e-01
-7.525415800000004651e+01 9.431527509713001356e-01 0.000000000000000000e+00 9.197653290053958708e-01
-7.489291000000004317e+01 9.386252663241012595e-01 0.000000000000000000e+00 8.439699139522482962e-01
-7.464926600000006829e+01 9.355717007143760089e-01 0.000000000000000000e+00 9.650371046637420402e-01
-7.535153800000006186e+01 9.443732046622390630e-01 0.000000000000000000e+00 9.388244915936954094e-01
-7.490775000000007822e+01 9.388112545431767098e-01 0.000000000000000000e+00 9.763809441922847165e-01
-7.514943200000003287e+01 9.418402306053393902e-01 0.000000000000000000e+00 8.091145666689972815e-01
-7.501576000000004285e+01 9.401649329489916163e-01 0.000000000000000000e+00 8.784534389735424442e-01
-7.525773600000000840e+01 9.431975936834190444e-01 0.000000000000000000e+00 8.952352534920356986e-01
-7.483657800000005977e+01 9.379192630655477370e-01 0.000000000000000000e+00 8.969561235600763682e-01
-7.515369000000001165e+01 9.418935956886829164e-01 0.000000000000000000e+00 9.304667955799220680e-01
-7.501874000000006504e+01 9.402022809875931753e-01 0.000000000000000000e+00 8.059047488645437740e-01
-7.501957800000005250e+01 9.402127835568372394e-01 0.000000000000000000e+00 9.674378494985724775e-01
-7.506015800000002969e+01 9.407213685925557289e-01 0.000000000000000000e+00 9.082894707430149150e-01
-7.493741800000006492e+01 9.391830805865404308e-01 0.000000000000000000e+00 1.048374636212906497e+00
-7.516165000000003715e+01 9.419933575636048051e-01 0.000000000000000000e+00 9.188702327017965743e-01
-7.516597400000001983e+01 9.420475498182731000e-01 0.000000000000000000e+00 9.184167565496125230e-01
-7.489362800000002096e+01 9.386342649454820775e-01 0.000000000000000000e+00 9.870608209520757015e-01
-7.484032200000004309e+01 9.379661862388775084e-01 0.000000000000000000e+00 1.026840637324314631e+00
-7.493924000000006913e+01 9.392059155282624916e-01 0.000000000000000000e+00 9.765548662869315555e-01
-7.505242600000002540e+01 9.406244642185740412e-01 0.000000000000000000e+00 8.357546740980685840e-01
-7.518415200000006848e+01 9.422753728537418549e-01 0.000000000000000000e+00 8.288447357958936834e-01
-7.524963800000003289e+01 9.430961022684550832e-01 0.000000000000000000e+00 9.110400249309920095e-01
-7.517739600000005851e+01 9.421907005890468589e-01 0.000000000000000000e+00 1.091595360328592168e+00
-7.480464200000002961e+01 9.375190124075701847e-01 0.000000000000000000e+00 8.396699906318418893e-01
-7.466858600000004742e+01 9.358138363203414301e-01 0.000000000000000000e+00 9.882205819501530542e-01
-7.537821400000004246e+01 9.447075322722150448e-01 0.000000000000000000e+00 8.998049423888906384e-01
-7.453006600000004767e+01 9.340777791703226418e-01 0.000000000000000000e+00 7.822674693350083475e-01
-7.507657200000005560e+01 9.409270835944359979e-01 0.000000000000000000e+00 9.817833894778141834e-01
-7.468022400000000971e+01 9.359596941972678774e-01 0.000000000000000000e+00 1.037900495913833376e+00
-7.535376000000000829e+01 9.444010527635042784e-01 0.000000000000000000e+00 9.282207783352699471e-01
-7.502950000000001296e+01 9.403371349793208100e-01 0.000000000000000000e+00 9.573197013041422343e-01
-7.495729000000002884e+01 9.394321343526760293e-01 0.000000000000000000e+00 1.103452962616473076e+00
-7.486090000000005773e+01 9.382240882316086328e-01 0.000000000000000000e+00 8.798524869476013199e-01
-7.498251400000002320e+01 9.397482641935082093e-01 0.000000000000000000e+00 9.143828295598832590e-01
-7.496148000000003719e+01 9.394846471988974601e-01 0.000000000000000000e+00 9.546125208955228425e-01
-7.533464800000001560e+01 9.441615240005014620e-01 0.000000000000000000e+00 9.818825230066265952e-01
-7.527873400000002846e+01 9.434607594936711417e-01 0.000000000000000000e+00 8.103713128504177465e-01
-7.524847200000002090e+01 9.430814889083847241e-01 0.000000000000000000e+00 9.165391340573432188e-01
-7.496597200000003625e+01 9.395409449805743884e-01 0.000000000000000000e+00 9.443542474424664324e-01
-7.553634600000005150e+01 9.466893846346665642e-01 0.000000000000000000e+00 9.281992270710821558e-01
-7.531247400000005143e+01 9.438836195011911512e-01 0.000000000000000000e+00 8.825862737604198704e-01
-7.529670999999999026e+01 9.436860508835691608e-01 0.000000000000000000e+00 9.298630838174321012e-01
-7.515202600000007749e+01 9.418727409449815235e-01 0.000000000000000000e+00 7.268432866564671357e-01
-7.531253200000000447e+01 9.438843464093245039e-01 0.000000000000000000e+00 9.962585759112777550e-01
-7.517545600000003958e+01 9.421663867652592117e-01 0.000000000000000000e+00 9.416676022864755025e-01
-7.536799000000004867e+01 9.445793959142755325e-01 0.000000000000000000e+00 9.200544970134909573e-01
-7.537224800000005587e+01 9.446327609976193918e-01 0.000000000000000000e+00 7.762511720552643935e-01
-7.536828200000003619e+01 9.445830555207422874e-01 0.000000000000000000e+00 8.130924447522130949e-01
-7.514581200000003491e+01 9.417948615114679622e-01 0.000000000000000000e+00 8.960171421610553244e-01
-7.535717400000000055e+01 9.444438400802105393e-01 0.000000000000000000e+00 1.102016356055635082e+00
-7.534787800000003699e+01 9.443273342524129976e-01 0.000000000000000000e+00 9.563731142459641621e-01
-7.537783400000003553e+01 9.447027697706483762e-01 0.000000000000000000e+00 7.495416814064823630e-01
-7.531172400000005496e+01 9.438742198270465567e-01 0.000000000000000000e+00 9.373828543235672717e-01
-7.515803200000006257e+01 9.419480135355314809e-01 0.000000000000000000e+00 9.024591595874199568e-01
-7.550390400000006252e+01 9.462827923298665622e-01 0.000000000000000000e+00 9.261503154739655352e-01
-7.534907799999999156e+01 9.443423737310437938e-01 0.000000000000000000e+00 7.901694189363588361e-01
-7.534775800000002732e+01 9.443258303045497515e-01 0.000000000000000000e+00 1.004321132309800690e+00
-7.564085600000001364e+01 9.479991978944730668e-01 0.000000000000000000e+00 8.834063672860963390e-01
-7.545269400000007920e+01 9.456409825792715385e-01 0.000000000000000000e+00 9.502394230801817221e-01
-7.508279199999999776e+01 9.410050382253414281e-01 0.000000000000000000e+00 8.014769774546867120e-01
-7.513364800000003640e+01 9.416424113297409138e-01 0.000000000000000000e+00 8.926050057324261822e-01
-7.545570800000002976e+01 9.456787567364334235e-01 0.000000000000000000e+00 8.132690413834331444e-01
-7.528771000000001834e+01 9.435732547938339154e-01 0.000000000000000000e+00 8.905670636445545130e-01
-7.526654000000003464e+01 9.433079333249784204e-01 0.000000000000000000e+00 8.961452319616929341e-01
-7.527612800000001414e+01 9.434280987592431611e-01 0.000000000000000000e+00 9.800254709202845804e-01
-7.510003000000006068e+01 9.412210803358823652e-01 0.000000000000000000e+00 9.279752571479402690e-01
-7.574163599999999974e+01 9.492622634415339711e-01 0.000000000000000000e+00 8.049602674829750004e-01
-7.524867800000002660e+01 9.430840706855497801e-01 0.000000000000000000e+00 8.241211232420487809e-01
-7.572952600000006385e+01 9.491104900363461772e-01 0.000000000000000000e+00 1.034358977076423436e+00
-7.520506600000001640e+01 9.425374859004889139e-01 0.000000000000000000e+00 1.012027034036246498e+00
-7.545309000000005994e+01 9.456459456072195957e-01 0.000000000000000000e+00 8.304035812650240045e-01
-7.515297200000006228e+01 9.418845970673023205e-01 0.000000000000000000e+00 8.271233557775572454e-01
-7.555472400000000732e+01 9.469197142499060638e-01 0.000000000000000000e+00 8.860542869475778183e-01
-7.555325600000004727e+01 9.469013159543807623e-01 0.000000000000000000e+00 9.784798352257610965e-01
-7.513166400000000067e+01 9.416175460584031986e-01 0.000000000000000000e+00 7.903311833003742182e-01
-7.524138000000004922e+01 9.429926055896734605e-01 0.000000000000000000e+00 8.348193100330395522e-01
-7.533607200000000148e+01 9.441793708484772507e-01 0.000000000000000000e+00 9.611019906231585974e-01
-7.513759600000001626e+01 9.416918912144380815e-01 0.000000000000000000e+00 9.744967799460658719e-01
-7.527783000000007974e+01 9.434494297531028639e-01 0.000000000000000000e+00 7.520840332238837300e-01
-7.530967000000005385e+01 9.438484772527891975e-01 0.000000000000000000e+00 8.860272109167121046e-01
-7.504499600000005444e+01 9.405313447800481841e-01 0.000000000000000000e+00 9.367529510479106758e-01
-7.557753400000001420e+01 9.472055896728914792e-01 0.000000000000000000e+00 7.713034477618334606e-01
-7.508057200000003206e+01 9.409772151898737613e-01 0.000000000000000000e+00 8.254595512338770424e-01
-7.550717600000002960e+01 9.463237999749345430e-01 0.000000000000000000e+00 9.029015326158221777e-01
-7.506867600000006746e+01 9.408281238250415512e-01 0.000000000000000000e+00 8.223999139154143379e-01
-7.512389800000005380e+01 9.415202155658609628e-01 0.000000000000000000e+00 7.673777332256288553e-01
-7.553103800000003787e+01 9.466228600075201616e-01 0.000000000000000000e+00 9.125085298928837796e-01
-7.529707000000006190e+01 9.436905627271594543e-01 0.000000000000000000e+00 8.461665157782145563e-01
-7.551006200000003332e+01 9.463599699210430982e-01 0.000000000000000000e+00 8.980362619818555991e-01
-7.511923200000005352e+01 9.414617370597825330e-01 0.000000000000000000e+00 1.000879222663552337e+00
-7.561713600000005897e+01 9.477019175335261725e-01 0.000000000000000000e+00 7.384411595825738361e-01
-7.523888000000000886e+01 9.429612733425241089e-01 0.000000000000000000e+00 9.239598272783523525e-01
-7.546258000000007371e+01 9.457648828173965683e-01 0.000000000000000000e+00 8.974897416481349977e-01
-7.522012000000006537e+01 9.427261561599205031e-01 0.000000000000000000e+00 9.051273889917544890e-01
-7.527988600000003316e+01 9.434751973931573277e-01 0.000000000000000000e+00 9.833107002038335986e-01
-7.546359000000008166e+01 9.457775410452446962e-01 0.000000000000000000e+00 9.732576904500690462e-01
-7.488084400000008145e+01 9.384740443664628673e-01 0.000000000000000000e+00 1.181203023656369089e+00
-7.508590000000003783e+01 9.410439904749973161e-01 0.000000000000000000e+00 8.991147185825162369e-01
-7.521519600000003436e+01 9.426644441659359774e-01 0.000000000000000000e+00 9.982772380577663585e-01
-7.527345000000003949e+01 9.433945356560976547e-01 0.000000000000000000e+00 8.844765868163290135e-01
-7.512364600000005055e+01 9.415170572753484013e-01 0.000000000000000000e+00 8.566184553607549823e-01
-7.538109200000006638e+01 9.447436019551329611e-01 0.000000000000000000e+00 8.884700959798842446e-01
-7.537386000000009290e+01 9.446529640305814102e-01 0.000000000000000000e+00 8.342276304426377020e-01
-7.521984200000005671e+01 9.427226720140374772e-01 0.000000000000000000e+00 9.067555505874850263e-01
-7.552459000000004608e+01 9.465420478756741973e-01 0.000000000000000000e+00 7.138922140157601959e-01
