-1.808710999999999913e+01 3.762738979383802307e-01 0.000000000000000000e+00 1.906878674243022820e+00
-1.707884400000002145e+01 3.552985083941838096e-01 0.000000000000000000e+00 2.146647189367689723e+00
-1.834921600000000907e+01 3.817266013439016281e-01 0.000000000000000000e+00 2.321970750854157828e+00
-1.804177800000000431e+01 3.753308369219248153e-01 0.000000000000000000e+00 1.883110480329625247e+00
-1.819032200000000898e+01 3.784210613909174126e-01 0.000000000000000000e+00 1.496729062854035286e+00
-1.857407200000001168e+01 3.864043770413366219e-01 0.000000000000000000e+00 2.256561896054090077e+00
-1.846721799999999902e+01 3.841814475025484010e-01 0.000000000000000000e+00 2.242139860674226881e+00
-1.814559000000000921e+01 3.774904824315049034e-01 0.000000000000000000e+00 1.737912867217572543e+00
-1.783622000000001506e+01 3.710545257858497981e-01 0.000000000000000000e+00 1.719669973153469922e+00
-1.799982199999999821e+01 3.744580082797644427e-01 0.000000000000000000e+00 1.875649078740961651e+00
-1.810528600000001376e+01 3.766520210530698298e-01 0.000000000000000000e+00 2.255856905565571946e+00
-1.822884800000001349e+01 3.792225342736485483e-01 0.000000000000000000e+00 2.542716205380983752e+00
-1.808223000000002045e+01 3.761723772077642525e-01 0.000000000000000000e+00 1.944556949642781474e+00
-1.806177800000001099e+01 3.757469054900249850e-01 0.000000000000000000e+00 1.859509124081249132e+00
-1.792869800000000069e+01 3.729783852378871778e-01 0.000000000000000000e+00 1.839021250336134283e+00
-1.823234399999999766e+01 3.792952630593521279e-01 0.000000000000000000e+00 2.279324626017916966e+00
-1.861186200000000923e+01 3.871905386007615801e-01 0.000000000000000000e+00 1.711709057147035251e+00
-1.768798200000000520e+01 3.679706671659490613e-01 0.000000000000000000e+00 1.636073937005749768e+00
-1.830029800000001217e+01 3.807089392331858835e-01 0.000000000000000000e+00 2.343777042606763228e+00
-1.834020399999999640e+01 3.815391208471154982e-01 0.000000000000000000e+00 2.076138574612479637e+00
-1.866786800000000568e+01 3.883556554120120019e-01 0.000000000000000000e+00 2.242653311533758131e+00
-1.809670200000000762e+01 3.764734444236411681e-01 0.000000000000000000e+00 1.929421201847168588e+00
-1.835042600000001656e+01 3.817517734922718509e-01 0.000000000000000000e+00 2.187720513543212064e+00
-1.826319600000001131e+01 3.799370904325035103e-01 0.000000000000000000e+00 2.364636147290898993e+00
-1.823302800000000801e+01 3.793094926043813486e-01 0.000000000000000000e+00 2.252282487085561780e+00
-1.803756400000001037e+01 3.752431712746262527e-01 0.000000000000000000e+00 2.286365262471940163e+00
-1.824137400000000397e+01 3.794831180178493968e-01 0.000000000000000000e+00 2.423632352966818004e+00
-1.821040000000001768e+01 3.788387526264331839e-01 0.000000000000000000e+00 2.053948185197169707e+00
-1.810778000000000887e+01 3.767039048035117910e-01 0.000000000000000000e+00 2.012008055991262090e+00
-1.807622400000001051e+01 3.760474318167635888e-01 0.000000000000000000e+00 1.612848726436449276e+00
-1.780578799999999973e+01 3.704214358526284889e-01 0.000000000000000000e+00 2.398872455305667728e+00
-1.776349600000001772e+01 3.695416172585245795e-01 0.000000000000000000e+00 1.910361861216853141e+00
-1.803658600000001400e+01 3.752228255216462638e-01 0.000000000000000000e+00 2.212800755613673509e+00
-1.770080200000001369e+01 3.682373671181013441e-01 0.000000000000000000e+00 1.741665992053225809e+00
-1.789694400000000840e+01 3.723177931723149481e-01 0.000000000000000000e+00 2.162497785708914488e+00
-1.788207400000001357e+01 3.720084461919326846e-01 0.000000000000000000e+00 1.747010691462661969e+00
-1.796711000000000524e+01 3.737774865297802118e-01 0.000000000000000000e+00 1.821012982025957516e+00
-1.832260600000000750e+01 3.811730221140445241e-01 0.000000000000000000e+00 2.318662861351365567e+00
-1.761798600000000192e+01 3.665145103913124980e-01 0.000000000000000000e+00 2.196858086156479928e+00
-1.813670600000000022e+01 3.773056647735546498e-01 0.000000000000000000e+00 2.089316490128585446e+00
-1.785760200000001774e+01 3.714993446920055731e-01 0.000000000000000000e+00 2.115768695515947595e+00
-1.808935400000000016e+01 3.763205808317210410e-01 0.000000000000000000e+00 2.007771762926264358e+00
-1.815981600000001706e+01 3.777864320039945878e-01 0.000000000000000000e+00 2.373138568222226130e+00
-1.865485800000002214e+01 3.880850028084632530e-01 0.000000000000000000e+00 2.250334711139117427e+00
-1.817045200000001159e+01 3.780076972685100789e-01 0.000000000000000000e+00 2.410580363603316734e+00
-1.822325000000001083e+01 3.791060766814373095e-01 0.000000000000000000e+00 2.282646862944220256e+00
-1.757434600000001268e+01 3.656066487757184680e-01 0.000000000000000000e+00 2.090921480848754399e+00
-1.777780400000001393e+01 3.698392727121432300e-01 0.000000000000000000e+00 2.069838461462511159e+00
-1.808139200000001523e+01 3.761549439347607326e-01 0.000000000000000000e+00 2.281067032598577793e+00
-1.847587800000001579e+01 3.843616051925360377e-01 0.000000000000000000e+00 2.525805059601209379e+00
-1.837541000000000579e+01 3.822715263475421898e-01 0.000000000000000000e+00 2.091088899921219824e+00
-1.826140800000001008e+01 3.798998939025153287e-01 0.000000000000000000e+00 2.310335124043674249e+00
-1.831977600000001161e+01 3.811141484116584710e-01 0.000000000000000000e+00 1.820079116113673567e+00
-1.874477200000001531e+01 3.899555222700704094e-01 0.000000000000000000e+00 1.969799279733954078e+00
-1.794895000000000707e+01 3.733996962699454025e-01 0.000000000000000000e+00 1.980841353816579442e+00
-1.766169400000001133e+01 3.674237866400384966e-01 0.000000000000000000e+00 2.000422252285347646e+00
-1.789333000000000951e+01 3.722426095820592917e-01 0.000000000000000000e+00 2.069334227853406816e+00
-1.801581800000000655e+01 3.747907799205310031e-01 0.000000000000000000e+00 2.123229915581494875e+00
-1.829685400000000683e+01 3.806372922257589275e-01 0.000000000000000000e+00 2.151423782616544322e+00
-1.800757800000000231e+01 3.746193596704737172e-01 0.000000000000000000e+00 1.925258040560650308e+00
-1.804290600000001277e+01 3.753543031891657944e-01 0.000000000000000000e+00 1.962345795875410692e+00
-1.709236400000001410e+01 3.555797707462192703e-01 0.000000000000000000e+00 1.952151615112893479e+00
-1.845909800000000800e+01 3.840125236638999295e-01 0.000000000000000000e+00 2.487087685131208481e+00
-1.805643400000002075e+01 3.756357319686288165e-01 0.000000000000000000e+00 2.163217824633507202e+00
-1.801782400000000806e+01 3.748325115979114774e-01 0.000000000000000000e+00 1.981800823611869822e+00
-1.774795600000001627e+01 3.692183319811108144e-01 0.000000000000000000e+00 1.826558136917462827e+00
-1.818204400000000476e+01 3.782488506105807224e-01 0.000000000000000000e+00 2.091571995651581251e+00
-1.769746600000000569e+01 3.681679668809420547e-01 0.000000000000000000e+00 1.808912987070389500e+00
-1.810099400000000358e+01 3.765627327383553324e-01 0.000000000000000000e+00 2.212435578692095284e+00
-1.824188800000000654e+01 3.794938109800496395e-01 0.000000000000000000e+00 2.091455516628638378e+00
-1.803773600000000599e+01 3.752467494643118018e-01 0.000000000000000000e+00 2.006245867664078641e+00
-1.828864000000001155e+01 3.804664128648403421e-01 0.000000000000000000e+00 2.022981565547608440e+00
-1.813326800000001171e+01 3.772341425866985176e-01 0.000000000000000000e+00 2.219866344729025887e+00
-1.830031200000001235e+01 3.807092304811835470e-01 0.000000000000000000e+00 1.848120622527139156e+00
-1.797544000000001319e+01 3.739507790883940253e-01 0.000000000000000000e+00 1.838479891188105952e+00
-1.846591000000000449e+01 3.841542366181947554e-01 0.000000000000000000e+00 2.039496972319647661e+00
-1.801402000000001635e+01 3.747533753562590220e-01 0.000000000000000000e+00 2.207899964155344286e+00
-1.827517800000001102e+01 3.801863571116522178e-01 0.000000000000000000e+00 2.205271982565159217e+00
-1.789126600000000522e+01 3.721996713058313144e-01 0.000000000000000000e+00 2.254522980934014598e+00
-1.769860600000002293e+01 3.681916827893241262e-01 0.000000000000000000e+00 1.794666327492201008e+00
-1.797153800000001667e+01 3.738696041107577583e-01 0.000000000000000000e+00 2.016956932517976142e+00
-1.822481400000000562e+01 3.791386132434625966e-01 0.000000000000000000e+00 2.091373438677091467e+00
-1.803843800000000286e+01 3.752613534710520504e-01 0.000000000000000000e+00 2.302204692773929029e+00
-1.867142200000000329e+01 3.884295907965633066e-01 0.000000000000000000e+00 1.747664599006978126e+00
-1.798267000000000948e+01 3.741011878757620757e-01 0.000000000000000000e+00 2.285357974545384252e+00
-1.785533600000001897e+01 3.714522041232398708e-01 0.000000000000000000e+00 2.100981786060406531e+00
-1.859881400000000795e+01 3.869190954669330940e-01 0.000000000000000000e+00 1.847822320430951848e+00
-1.777639400000000336e+01 3.698099398780919644e-01 0.000000000000000000e+00 2.186801756628139692e+00
-1.756047800000001757e+01 3.653181468305980450e-01 0.000000000000000000e+00 1.733709873995034734e+00
-1.849858400000000103e+01 3.848339678378996931e-01 0.000000000000000000e+00 2.087993935259584877e+00
-1.823687000000001035e+01 3.793894193763134304e-01 0.000000000000000000e+00 2.062047523455727394e+00
-1.871574200000002364e+01 3.893515987434734149e-01 0.000000000000000000e+00 2.186392713307478974e+00
-1.798553400000000835e+01 3.741607688947140020e-01 0.000000000000000000e+00 2.269398063574024960e+00
-1.793552000000000746e+01 3.731203062264662473e-01 0.000000000000000000e+00 2.356199507939028770e+00
-1.774323200000001322e+01 3.691200565853255400e-01 0.000000000000000000e+00 1.978275056754691175e+00
-1.820819800000001365e+01 3.787929434770853088e-01 0.000000000000000000e+00 1.920367244022651132e+00
-1.824719200000001251e+01 3.796041523643098881e-01 0.000000000000000000e+00 1.953314924707961309e+00
-1.827788600000000230e+01 3.802426927957727743e-01 0.000000000000000000e+00 2.463030106281383524e+00
-1.812482000000001037e+01 3.770583952235330161e-01 0.000000000000000000e+00 1.808090239211337824e+00
-1.832775000000001242e+01 3.812800349497599828e-01 0.000000000000000000e+00 2.232112768118125423e+00
-1.812424800000000857e+01 3.770464956624853259e-01 0.000000000000000000e+00 1.800702206041977504e+00
-1.787072600000001543e+01 3.717723688863927567e-01 0.000000000000000000e+00 1.812953640875473837e+00
-1.818897200000001035e+01 3.783929767625706653e-01 0.000000000000000000e+00 1.938341286316314083e+00
-1.842545600000000405e+01 3.833126547254988026e-01 0.000000000000000000e+00 2.112606522199627079e+00
-1.822010600000001190e+01 3.790406707025320010e-01 0.000000000000000000e+00 1.952202481933850597e+00
-1.787154600000000571e+01 3.717894276976846935e-01 0.000000000000000000e+00 2.114395256734419082e+00
-1.794405200000000988e+01 3.732978010776177857e-01 0.000000000000000000e+00 1.974504552840504079e+00
-1.789602800000000471e+01 3.722987372318958821e-01 0.000000000000000000e+00 1.763856002052252903e+00
-1.854319600000000889e+01 3.857620503859037764e-01 0.000000000000000000e+00 2.004097589909939803e+00
-1.870937400000000750e+01 3.892191225113900144e-01 0.000000000000000000e+00 2.414101966439627489e+00
-1.788147800000000842e+01 3.719960473486031982e-01 0.000000000000000000e+00 1.952875189398876499e+00
-1.835302200000002060e+01 3.818057791924113209e-01 0.000000000000000000e+00 2.127852677913828483e+00
-1.846913200000001254e+01 3.842212652645158322e-01 0.000000000000000000e+00 2.232326101448460332e+00
-1.810734200000000982e+01 3.766947929018704122e-01 0.000000000000000000e+00 1.887684636881699074e+00
-1.808359800000000561e+01 3.762008362978219722e-01 0.000000000000000000e+00 2.053509899038839404e+00
-1.725255200000001210e+01 3.589122303355595234e-01 0.000000000000000000e+00 1.681689283475867436e+00
-1.767633600000000627e+01 3.677283904387443902e-01 0.000000000000000000e+00 1.931244690778619599e+00
-1.805980400000001396e+01 3.757058395223535352e-01 0.000000000000000000e+00 1.928528880890375108e+00
-1.756152200000001429e+01 3.653398656098527653e-01 0.000000000000000000e+00 1.989871410879191282e+00
-1.802845800000000764e+01 3.750537352555702308e-01 0.000000000000000000e+00 1.804069940254338311e+00
-1.846405400000001507e+01 3.841156254550752713e-01 0.000000000000000000e+00 2.006799176910456506e+00
-1.608407400000000820e+01 3.346038819197404979e-01 0.000000000000000000e+00 2.113409261546830731e+00
-1.812862000000001927e+01 3.771374482514722182e-01 0.000000000000000000e+00 2.050903089082485309e+00
-1.839887800000001405e+01 3.827597412053508896e-01 0.000000000000000000e+00 2.433132192416544104e+00
-1.835337800000000996e+01 3.818131852129232895e-01 0.000000000000000000e+00 1.982975183735058877e+00
-1.850921800000001838e+01 3.850551914955588351e-01 0.000000000000000000e+00 2.578971342361762620e+00
-1.765231600000001322e+01 3.672286920884564321e-01 0.000000000000000000e+00 1.934745181285920879e+00
-1.835619400000000212e+01 3.818717676673116235e-01 0.000000000000000000e+00 2.192357425599164689e+00
-1.772073800000000432e+01 3.686521042667832426e-01 0.000000000000000000e+00 1.970393837204361676e+00
-1.786377800000002125e+01 3.716278266658349372e-01 0.000000000000000000e+00 2.133997330926165947e+00
-1.815352400000000443e+01 3.776555368324700512e-01 0.000000000000000000e+00 1.865180228901986759e+00
-1.836450200000001942e+01 3.820446025505007115e-01 0.000000000000000000e+00 2.062575055162302995e+00
-1.813927400000000389e+01 3.773590879776987927e-01 0.000000000000000000e+00 2.041264747903696719e+00
-1.759671600000001490e+01 3.660720214691384200e-01 0.000000000000000000e+00 2.045325114001105504e+00
-1.768497400000000397e+01 3.679080904533067464e-01 0.000000000000000000e+00 1.733886920841917645e+00
-1.832272600000000651e+01 3.811755185254531164e-01 0.000000000000000000e+00 2.287813648668602262e+00
-1.854497600000000190e+01 3.857990804884645075e-01 0.000000000000000000e+00 2.197405553807268763e+00
-1.757770600000000627e+01 3.656765482951591650e-01 0.000000000000000000e+00 1.662737643610316285e+00
-1.831296000000001101e+01 3.809723522436499477e-01 0.000000000000000000e+00 2.504300189028399348e+00
-1.783261800000001074e+01 3.709795918367349010e-01 0.000000000000000000e+00 1.808368778000904342e+00
-1.832968400000001452e+01 3.813202687802952906e-01 0.000000000000000000e+00 1.885214888307152448e+00
-1.832668600000001646e+01 3.812579001019371083e-01 0.000000000000000000e+00 2.309004039832680100e+00
-1.816518600000000205e+01 3.778981464145291236e-01 0.000000000000000000e+00 2.216709882331984627e+00
-1.807318400000000835e+01 3.759841893944123603e-01 0.000000000000000000e+00 1.892907820020549803e+00
-1.904055800000001497e+01 3.961088851442720604e-01 0.000000000000000000e+00 2.082678999361110783e+00
-1.874264800000001330e+01 3.899113357881381359e-01 0.000000000000000000e+00 2.183622033953604102e+00
-1.887563400000001579e+01 3.926779005180056625e-01 0.000000000000000000e+00 2.013475342985883376e+00
-1.852545400000001052e+01 3.853929559591422471e-01 0.000000000000000000e+00 2.050060991229679441e+00
-1.869890000000001251e+01 3.890012274022761618e-01 0.000000000000000000e+00 2.252584333021460328e+00
-1.874020200000000358e+01 3.898604506022593230e-01 0.000000000000000000e+00 1.893763997006912003e+00
-1.930892999999999660e+01 4.016919428321786278e-01 0.000000000000000000e+00 2.076410125965513664e+00
-1.888711000000001761e+01 3.929166406623815222e-01 0.000000000000000000e+00 2.308535416315686373e+00
-1.831728400000001145e+01 3.810623062680731921e-01 0.000000000000000000e+00 1.774194917190853094e+00
-1.830663200000001467e+01 3.808407081487031887e-01 0.000000000000000000e+00 2.296843860643944080e+00
-1.825441200000000919e+01 3.797543531173939169e-01 0.000000000000000000e+00 1.964485106585427632e+00
-1.844215600000000777e+01 3.836600719798624048e-01 0.000000000000000000e+00 1.967350229141992646e+00
-1.815815600000000529e+01 3.777518983128420604e-01 0.000000000000000000e+00 2.029819416873124283e+00
-1.838917600000000974e+01 3.825579063429654925e-01 0.000000000000000000e+00 1.817158448927635783e+00
-1.844524000000001251e+01 3.837242297530635282e-01 0.000000000000000000e+00 2.084069505229195318e+00
-1.801803000000001020e+01 3.748367971041629554e-01 0.000000000000000000e+00 1.657794434351151924e+00
-1.894334000000002050e+01 3.940864174415947829e-01 0.000000000000000000e+00 2.256413926583686447e+00
-1.817354800000001447e+01 3.780721046828520171e-01 0.000000000000000000e+00 2.048288205261686645e+00
-1.839302200000001264e+01 3.826379163286112162e-01 0.000000000000000000e+00 1.743412130763385859e+00
-1.865941000000000827e+01 3.881797000145625343e-01 0.000000000000000000e+00 1.985641380007981294e+00
-1.812931600000000998e+01 3.771519274376419206e-01 0.000000000000000000e+00 2.200367709982891107e+00
-1.841409600000001134e+01 3.830763277788181709e-01 0.000000000000000000e+00 2.357394098092470358e+00
-1.880514600000000769e+01 3.912115084565938039e-01 0.000000000000000000e+00 2.232289317054208411e+00
-1.896413600000001054e+01 3.945190455387049822e-01 0.000000000000000000e+00 2.088733240750034525e+00
-1.852973400000001192e+01 3.854819946327157076e-01 0.000000000000000000e+00 1.673706618283158809e+00
-1.851591000000000875e+01 3.851944080384449021e-01 0.000000000000000000e+00 1.903821270869233251e+00
-1.892722800000001016e+01 3.937512326031331611e-01 0.000000000000000000e+00 2.384081330559683298e+00
-1.872132000000001284e+01 3.894676402671162774e-01 0.000000000000000000e+00 2.012570881115780974e+00
-1.916265800000001818e+01 3.986489837525227786e-01 0.000000000000000000e+00 2.249840421240240751e+00
-1.853730400000000955e+01 3.856394765857414919e-01 0.000000000000000000e+00 1.597410832712952145e+00
-1.830044400000000948e+01 3.807119765337329542e-01 0.000000000000000000e+00 1.749676381639955425e+00
-1.862455000000000638e+01 3.874544925003641782e-01 0.000000000000000000e+00 2.233225872471198858e+00
-1.838132200000000793e+01 3.823945162162725731e-01 0.000000000000000000e+00 1.964536405157175647e+00
-1.829392000000000706e+01 3.805762549668186834e-01 0.000000000000000000e+00 1.866534437740897001e+00
-1.849006600000000944e+01 3.846567642347460403e-01 0.000000000000000000e+00 1.692084002273975374e+00
-1.821197400000000499e+01 3.788714972227423816e-01 0.000000000000000000e+00 2.215556485291943822e+00
-1.906187600000000515e+01 3.965523726310096753e-01 0.000000000000000000e+00 1.761015298238576499e+00
-1.780998000000000658e+01 3.705086438245023817e-01 0.000000000000000000e+00 1.847910772584635319e+00
-1.869445400000000745e+01 3.889087353595874208e-01 0.000000000000000000e+00 2.402508472048884514e+00
-1.820473400000001618e+01 3.787208804010904206e-01 0.000000000000000000e+00 1.859511769756412525e+00
-1.891786600000001073e+01 3.935564709064055533e-01 0.000000000000000000e+00 1.983655612431581394e+00
-1.894944400000001039e+01 3.942134015685787030e-01 0.000000000000000000e+00 1.970782368682831409e+00
-1.793815200000001653e+01 3.731750608500283839e-01 0.000000000000000000e+00 2.200214945260915655e+00
-1.959283200000001557e+01 4.075980777632156604e-01 0.000000000000000000e+00 1.961128569893500151e+00
-1.831438800000001166e+01 3.810020595394122966e-01 0.000000000000000000e+00 1.793205720776694045e+00
-1.854554600000001230e+01 3.858109384426555710e-01 0.000000000000000000e+00 2.312962361985952064e+00
-1.854582200000000825e+01 3.858166801888952557e-01 0.000000000000000000e+00 2.323659579527800112e+00
-1.951758600000001209e+01 4.060327029894528761e-01 0.000000000000000000e+00 2.290819614475274602e+00
-1.933145400000000436e+01 4.021605192535730455e-01 0.000000000000000000e+00 2.200082081821383539e+00
-1.928347800000001300e+01 4.011624539724149008e-01 0.000000000000000000e+00 2.040820765348782206e+00
-1.917838000000001131e+01 3.989760552539060590e-01 0.000000000000000000e+00 2.316283643680064674e+00
-1.856385800000000685e+01 3.861918908236078307e-01 0.000000000000000000e+00 2.085877708588851576e+00
-1.881123199999998974e+01 3.913381181218662519e-01 0.000000000000000000e+00 1.997390230350341245e+00
-1.840190600000000032e+01 3.828227339865609702e-01 0.000000000000000000e+00 1.783284654437287342e+00
-1.859904599999999419e+01 3.869239218623227727e-01 0.000000000000000000e+00 2.019118710615994239e+00
-1.878991000000001677e+01 3.908945474214153837e-01 0.000000000000000000e+00 2.043938876386483194e+00
-1.877308600000002059e+01 3.905445505419297136e-01 0.000000000000000000e+00 1.978469918596671429e+00
-2.021476400000001306e+01 4.205363955979947721e-01 0.000000000000000000e+00 2.048776938601529096e+00
-1.971421000000000845e+01 4.101231562961577537e-01 0.000000000000000000e+00 1.798624886945411561e+00
-1.874348000000000880e+01 3.899286442405709985e-01 0.000000000000000000e+00 2.090019594127860092e+00
-1.985860200000000830e+01 4.131270049304126557e-01 0.000000000000000000e+00 1.636613992238829418e+00
-2.042295800000000838e+01 4.248675445713455123e-01 0.000000000000000000e+00 2.351654019302373833e+00
-2.007783000000001650e+01 4.176876989327844569e-01 0.000000000000000000e+00 2.505151991497731156e+00
-2.085225800000001328e+01 4.337984563856125964e-01 0.000000000000000000e+00 2.249765308576147316e+00
-2.091611800000001153e+01 4.351269633235559375e-01 0.000000000000000000e+00 1.984857243136725735e+00
-1.984812200000001781e+01 4.129089850007284790e-01 0.000000000000000000e+00 1.983714605347933091e+00
-2.065733000000000885e+01 4.297432856934824685e-01 0.000000000000000000e+00 1.807260536493749736e+00
-2.081862800000001457e+01 4.330988370883524508e-01 0.000000000000000000e+00 1.848149304393260417e+00
-2.028854200000001029e+01 4.220712309388588990e-01 0.000000000000000000e+00 2.252285339996607849e+00
-1.967832800000000404e+01 4.093766876781294028e-01 0.000000000000000000e+00 1.940633632547302145e+00
-2.027652200000001415e+01 4.218211737294308983e-01 0.000000000000000000e+00 1.760965404393484146e+00
-2.142417800000000838e+01 4.456963531590007466e-01 0.000000000000000000e+00 2.086082903316910819e+00
-2.188222400000001144e+01 4.552252803261979675e-01 0.000000000000000000e+00 2.190446850271109636e+00
-2.179982800000000864e+01 4.535111610393394166e-01 0.000000000000000000e+00 1.715947183152703115e+00
-2.259481600000000512e+01 4.700496369801744345e-01 0.000000000000000000e+00 2.508236319425434235e+00
-2.310303000000001106e+01 4.806222305435937647e-01 0.000000000000000000e+00 1.776886198813912188e+00
-2.384306200000001397e+01 4.960174332730036273e-01 0.000000000000000000e+00 2.398589222004291699e+00
-2.426548200000001287e+01 5.048052174998441943e-01 0.000000000000000000e+00 2.040785115526260629e+00
-2.419285800000002240e+01 5.032943893153596360e-01 0.000000000000000000e+00 1.929047826730623472e+00
-2.307232200000001043e+01 4.799833988641329929e-01 0.000000000000000000e+00 1.874401894939699442e+00
-2.386759600000002024e+01 4.965278245854921058e-01 0.000000000000000000e+00 1.913274353853924303e+00
-2.260334200000001204e+01 4.702270070107555933e-01 0.000000000000000000e+00 1.857299606449420049e+00
-2.462397200000001618e+01 5.122630385487531024e-01 0.000000000000000000e+00 2.143835569041354638e+00
-2.383703400000000627e+01 4.958920302065781271e-01 0.000000000000000000e+00 2.225431419312814185e+00
-2.436374400000000051e+01 5.068494039817761365e-01 0.000000000000000000e+00 1.830331757327842368e+00
-2.365370000000001127e+01 4.920780544633757692e-01 0.000000000000000000e+00 2.019111580108759796e+00
-2.442137800000001846e+01 5.080483887744703386e-01 0.000000000000000000e+00 2.077807736489144297e+00
-2.466139400000000848e+01 5.130415444465249442e-01 0.000000000000000000e+00 2.167917584712355072e+00
-2.451642400000000421e+01 5.100256714306518058e-01 0.000000000000000000e+00 1.658168939323545921e+00
-2.466874800000001500e+01 5.131945328590153954e-01 0.000000000000000000e+00 2.125137236803422258e+00
-2.265055800000002151e+01 4.712092616863263195e-01 0.000000000000000000e+00 2.380159217371048630e+00
-2.247591800000000006e+01 4.675761509496764723e-01 0.000000000000000000e+00 1.584461795528976369e+00
-2.373174000000000561e+01 4.937015540161019400e-01 0.000000000000000000e+00 1.921478678602297707e+00
-2.433599000000000956e+01 5.062720256298239851e-01 0.000000000000000000e+00 2.162485269337345528e+00
-2.534567200000001463e+01 5.272768728286424400e-01 0.000000000000000000e+00 2.078673222047314972e+00
-2.549409800000001169e+01 5.303646424930831271e-01 0.000000000000000000e+00 1.943421043915948054e+00
-2.455577800000000721e+01 5.108443695521023287e-01 0.000000000000000000e+00 1.895466624225157659e+00
-2.729987400000001685e+01 5.679309742245525205e-01 0.000000000000000000e+00 1.799953847366788651e+00
-2.810833200000002208e+01 5.847496723460030577e-01 0.000000000000000000e+00 2.058896707437007034e+00
-2.766110800000000935e+01 5.754458798810045961e-01 0.000000000000000000e+00 1.853273899509195299e+00
-2.679360600000002890e+01 5.573988641328097016e-01 0.000000000000000000e+00 1.866713818983466222e+00
-2.794087400000002219e+01 5.812659718321583346e-01 0.000000000000000000e+00 1.639898064744121697e+00
-2.818554200000001231e+01 5.863559050531529371e-01 0.000000000000000000e+00 1.841872810027661123e+00
-2.801591600000001137e+01 5.828271027065262677e-01 0.000000000000000000e+00 1.701508619539636058e+00
-2.791027200000001685e+01 5.806293453161084361e-01 0.000000000000000000e+00 1.805958564469799521e+00
-2.810625800000001462e+01 5.847065260354908922e-01 0.000000000000000000e+00 1.664131711302208272e+00
-2.825069800000002118e+01 5.877113732343094421e-01 0.000000000000000000e+00 1.823956341293687444e+00
-2.810677200000000653e+01 5.847172189976909129e-01 0.000000000000000000e+00 2.066807069916924977e+00
-2.829963600000002444e+01 5.887294514135934520e-01 0.000000000000000000e+00 1.992577205404846952e+00
-2.814484200000001834e+01 5.855092055170695309e-01 0.000000000000000000e+00 1.882953293335989375e+00
-2.795772000000001611e+01 5.816164263870688966e-01 0.000000000000000000e+00 1.805909220623039380e+00
-2.809457600000003552e+01 5.844635003848641652e-01 0.000000000000000000e+00 1.994107333317822972e+00
-2.843986600000001275e+01 5.916467161788264706e-01 0.000000000000000000e+00 1.896537232214479340e+00
-2.813316400000002560e+01 5.852662630801560573e-01 0.000000000000000000e+00 1.797810606395648048e+00
-2.900267800000001372e+01 6.033551353263020278e-01 0.000000000000000000e+00 2.272816679919701155e+00
-2.826176200000001515e+01 5.879415423661822349e-01 0.000000000000000000e+00 2.086853642449815194e+00
-2.839917800000002401e+01 5.908002662838840457e-01 0.000000000000000000e+00 1.851298304116395510e+00
-2.852798600000000917e+01 5.934799142898751212e-01 0.000000000000000000e+00 1.606059716930685832e+00
-2.848567800000002848e+01 5.925997628409167550e-01 0.000000000000000000e+00 1.904036517537720963e+00
-2.822689200000001364e+01 5.872161268176998572e-01 0.000000000000000000e+00 2.337565862246323345e+00
-2.802371800000002366e+01 5.829894110549422859e-01 0.000000000000000000e+00 1.961498107553344861e+00
-2.830718200000001161e+01 5.888864340843372736e-01 0.000000000000000000e+00 1.900579400034195787e+00
-2.852465400000001949e+01 5.934105972664298623e-01 0.000000000000000000e+00 1.642978292670313589e+00
-2.866339599999999876e+01 5.962969065301960692e-01 0.000000000000000000e+00 1.807047744888626628e+00
-2.782119600000001824e+01 5.787762591275045221e-01 0.000000000000000000e+00 1.891339621864979614e+00
-2.883482600000000673e+01 5.998632382616656544e-01 0.000000000000000000e+00 2.133053525524269300e+00
-2.832842200000001753e+01 5.893282989036596753e-01 0.000000000000000000e+00 1.812355106215738809e+00
-2.863102000000000302e+01 5.956233747321558747e-01 0.000000000000000000e+00 1.827714366539959556e+00
-2.822590800000000399e+01 5.871956562441490446e-01 0.000000000000000000e+00 2.162601213824768998e+00
-2.812353200000002218e+01 5.850658844577590889e-01 0.000000000000000000e+00 1.588924394516903815e+00
-2.837057000000001494e+01 5.902051218040735847e-01 0.000000000000000000e+00 1.809458768206223311e+00
-2.875340600000001956e+01 5.981694231209306878e-01 0.000000000000000000e+00 1.931271533086191816e+00
-2.829759400000001079e+01 5.886869708127900891e-01 0.000000000000000000e+00 2.008811283543809889e+00
-2.798664000000002616e+01 5.822180615365417644e-01 0.000000000000000000e+00 2.143831006644531190e+00
-2.862839200000002648e+01 5.955687033223080462e-01 0.000000000000000000e+00 1.846277805008955220e+00
-2.834364800000001949e+01 5.896450519045542960e-01 0.000000000000000000e+00 1.608219881473823110e+00
-2.777806600000001680e+01 5.778790072603968708e-01 0.000000000000000000e+00 1.765120353135883224e+00
-2.876142800000001998e+01 5.983363082235956254e-01 0.000000000000000000e+00 2.020671148034981268e+00
-2.833155200000001273e+01 5.893934136345672092e-01 0.000000000000000000e+00 2.066005010235743011e+00
-2.799862400000000662e+01 5.824673698225468765e-01 0.000000000000000000e+00 1.761626892536864553e+00
-2.808298799999999673e+01 5.842224302565062199e-01 0.000000000000000000e+00 1.707501986823459328e+00
-2.854356600000002331e+01 5.938040317044253058e-01 0.000000000000000000e+00 2.199299625166285743e+00
-2.816851800000000239e+01 5.860017474879860577e-01 0.000000000000000000e+00 1.814172966728388126e+00
-2.828913400000000777e+01 5.885109738084837172e-01 0.000000000000000000e+00 1.765142749497912389e+00
-2.804251199999999855e+01 5.833803906883854307e-01 0.000000000000000000e+00 1.924105740667255038e+00
-2.816654800000002723e+01 5.859607647340286940e-01 0.000000000000000000e+00 1.908656020169504641e+00
-2.841266200000003650e+01 5.910807797124973950e-01 0.000000000000000000e+00 2.227561417343270733e+00
-2.842899200000002224e+01 5.914204996983507545e-01 0.000000000000000000e+00 2.132207070111705516e+00
-2.798592600000003117e+01 5.822032078886606454e-01 0.000000000000000000e+00 2.016592539715537757e+00
-2.871126600000001616e+01 5.972927666479438402e-01 0.000000000000000000e+00 2.442576230801562609e+00
-2.837873200000001006e+01 5.903749193867151579e-01 0.000000000000000000e+00 1.770076868323446018e+00
-2.838531600000001731e+01 5.905118891593338359e-01 0.000000000000000000e+00 1.648165260464502291e+00
-2.735731000000001600e+01 5.691258399384221400e-01 0.000000000000000000e+00 2.144195926215699100e+00
-2.842799800000002008e+01 5.913998210905161423e-01 0.000000000000000000e+00 1.782047905917755859e+00
-2.863693000000000666e+01 5.957463229940295202e-01 0.000000000000000000e+00 1.816052005523981938e+00
-2.824638800000001382e+01 5.876217104578836947e-01 0.000000000000000000e+00 1.799019805578761844e+00
-2.884535600000003086e+01 6.000822983627708274e-01 0.000000000000000000e+00 1.826551334465687404e+00
-2.801618000000001629e+01 5.828325948116253041e-01 0.000000000000000000e+00 1.713663131211244917e+00
-2.873688600000001614e+01 5.978257504836800296e-01 0.000000000000000000e+00 1.941189224849217965e+00
-2.834204800000002322e+01 5.896117664191062868e-01 0.000000000000000000e+00 1.811465021059255998e+00
-2.829445000000002253e+01 5.886215648338850581e-01 0.000000000000000000e+00 1.740997235738323434e+00
-2.851105600000002127e+01 5.931277122469786889e-01 0.000000000000000000e+00 2.015536400334845712e+00
-2.892481000000002567e+01 6.017352139632616836e-01 0.000000000000000000e+00 2.052817528164496697e+00
-2.808378600000000702e+01 5.842390313923735423e-01 0.000000000000000000e+00 1.554073137198380472e+00
-2.797572000000001680e+01 5.819908880983589716e-01 0.000000000000000000e+00 1.799994036353756988e+00
-2.911936000000001812e+01 6.057825209594545068e-01 0.000000000000000000e+00 2.145376768304299464e+00
-2.881293800000002037e+01 5.994078928207372536e-01 0.000000000000000000e+00 1.599677309049193363e+00
-2.872092000000001377e+01 5.974936029457657005e-01 0.000000000000000000e+00 1.707034773275493578e+00
-2.811070600000002173e+01 5.847990596850365375e-01 0.000000000000000000e+00 1.693956083638820331e+00
-2.855457000000000534e+01 5.940329526305936358e-01 0.000000000000000000e+00 2.037670015290042436e+00
-2.829677400000001697e+01 5.886699120014982078e-01 0.000000000000000000e+00 1.668863513045856450e+00
-2.847079200000001009e+01 5.922900830056795352e-01 0.000000000000000000e+00 2.059463204145265181e+00
-2.837612800000001911e+01 5.903207472591486260e-01 0.000000000000000000e+00 1.871602170349395244e+00
-2.882460400000000789e+01 5.996505856165097459e-01 0.000000000000000000e+00 2.166713456647224145e+00
-2.824738600000001654e+01 5.876424722794320044e-01 0.000000000000000000e+00 1.947718767216061631e+00
-2.890837400000000557e+01 6.013932888139966737e-01 0.000000000000000000e+00 1.997884471165751075e+00
-2.873518200000000533e+01 5.977903014416776628e-01 0.000000000000000000e+00 1.882971231287017266e+00
-2.824290000000001655e+01 5.875491480996071214e-01 0.000000000000000000e+00 1.758408462103148384e+00
-2.858661200000000946e+01 5.946995360835467537e-01 0.000000000000000000e+00 1.879139212096965217e+00
-2.833023800000002268e+01 5.893660779296432395e-01 0.000000000000000000e+00 1.889047136146109418e+00
-2.882935400000001636e+01 5.997494019014336653e-01 0.000000000000000000e+00 1.780280153609923977e+00
-2.810026000000001289e+01 5.845817470719176789e-01 0.000000000000000000e+00 1.986456736010226765e+00
-2.839294200000000146e+01 5.906705361043499414e-01 0.000000000000000000e+00 1.679890460184288781e+00
-2.835192200000001961e+01 5.898171794711771776e-01 0.000000000000000000e+00 1.656460351007716270e+00
-2.848374800000002338e+01 5.925596122240950336e-01 0.000000000000000000e+00 2.054549952955118552e+00
-2.824270600000001608e+01 5.875451122344965693e-01 0.000000000000000000e+00 1.981331414301244598e+00
-2.828135800000000444e+01 5.883492063492063995e-01 0.000000000000000000e+00 1.583674767216801671e+00
-2.878262000000000143e+01 5.987771744783539907e-01 0.000000000000000000e+00 1.958475868030179479e+00
-2.853327799999999925e+01 5.935900060329941663e-01 0.000000000000000000e+00 2.002479272573593594e+00
-2.856564800000000659e+01 5.942634130104642587e-01 0.000000000000000000e+00 1.620073038912166252e+00
-2.866913200000001183e+01 5.964162349955274278e-01 0.000000000000000000e+00 1.832928565393191489e+00
-2.844562800000002056e+01 5.917665855332963076e-01 0.000000000000000000e+00 1.693340553317941088e+00
-2.883658600000001826e+01 5.998998522956586754e-01 0.000000000000000000e+00 2.063339969883095204e+00
-2.776555800000001639e+01 5.776187979779070503e-01 0.000000000000000000e+00 1.493670330291098747e+00
-2.853696000000000410e+01 5.936666042563815138e-01 0.000000000000000000e+00 2.031316181765662421e+00
-2.838359800000000632e+01 5.904761488693337501e-01 0.000000000000000000e+00 1.609986354291880195e+00
-2.862881600000001114e+01 5.955775239759514283e-01 0.000000000000000000e+00 2.255357049594488572e+00
-2.832132000000001426e+01 5.891805529551272791e-01 0.000000000000000000e+00 2.185877100799122896e+00
-2.813570800000000105e+01 5.853191870020179044e-01 0.000000000000000000e+00 1.662506453465411260e+00
-2.838301400000003127e+01 5.904639996671458002e-01 0.000000000000000000e+00 1.990244040719680640e+00
-2.851572200000000734e+01 5.932247810439161828e-01 0.000000000000000000e+00 1.573918259501400518e+00
-2.824111800000001793e+01 5.875120763901894305e-01 0.000000000000000000e+00 1.799419219007436510e+00
-2.875335600000000014e+01 5.981683829495100246e-01 0.000000000000000000e+00 1.817798074945830455e+00
-2.863309000000001348e+01 5.956664378289544537e-01 0.000000000000000000e+00 2.075462932879692968e+00
-2.841525000000000034e+01 5.911346189852086930e-01 0.000000000000000000e+00 2.149025236842475817e+00
-2.839151000000000025e+01 5.906407455948740060e-01 0.000000000000000000e+00 2.026872340515671223e+00
-2.907549200000000056e+01 6.048699161621835518e-01 0.000000000000000000e+00 2.135165971060740908e+00
-2.864505800000000946e+01 5.959154132601054421e-01 0.000000000000000000e+00 2.249346076609732403e+00
-2.846588000000001983e+01 5.921878965653543103e-01 0.000000000000000000e+00 1.712133485072665273e+00
-2.840854800000002101e+01 5.909951944080388264e-01 0.000000000000000000e+00 1.720132256747437305e+00
-2.773138000000001213e+01 5.769077784018808996e-01 0.000000000000000000e+00 1.730280717692999959e+00
-2.889380000000001303e+01 6.010900996484223047e-01 0.000000000000000000e+00 1.887023925271074543e+00
-2.812791600000002390e+01 5.851570866878865740e-01 0.000000000000000000e+00 1.767479452181220934e+00
-2.801819600000001032e+01 5.828745345232896335e-01 0.000000000000000000e+00 1.915438798893629668e+00
-2.833916200000001950e+01 5.895517277247294130e-01 0.000000000000000000e+00 2.024846116651132011e+00
-2.847388200000001390e+01 5.923543655994510937e-01 0.000000000000000000e+00 1.958684116326957714e+00
-2.844509800000001221e+01 5.917555597162414971e-01 0.000000000000000000e+00 1.804095687286250582e+00
-2.868381000000002956e+01 5.967215877176564875e-01 0.000000000000000000e+00 1.790099230108868289e+00
-2.926500200000000973e+01 6.088123738792154960e-01 0.000000000000000000e+00 2.402946197961783437e+00
-2.861287800000001624e+01 5.952459589340326485e-01 0.000000000000000000e+00 1.819991652527199744e+00
-2.864122600000000674e+01 5.958356945224574375e-01 0.000000000000000000e+00 1.799100865366257240e+00
-2.891648200000001978e+01 6.015619630115046634e-01 0.000000000000000000e+00 1.801143634695478779e+00
-2.878027400000002700e+01 5.987283696353163931e-01 0.000000000000000000e+00 2.006939952729684062e+00
-2.869968800000000897e+01 5.970519045538705827e-01 0.000000000000000000e+00 1.995944445557925384e+00
-2.886450000000001381e+01 6.004805591961557276e-01 0.000000000000000000e+00 2.015733383343955687e+00
-2.880916000000001631e+01 5.993292974682230545e-01 0.000000000000000000e+00 2.033030175512762217e+00
-2.849530800000002628e+01 5.928000998564568746e-01 0.000000000000000000e+00 1.878582927875436903e+00
-2.867860000000000653e+01 5.966132018556659089e-01 0.000000000000000000e+00 1.963535899412798713e+00
-2.856539400000002971e+01 5.942581289396497990e-01 0.000000000000000000e+00 1.699235758924605655e+00
-2.820651000000002639e+01 5.867921113399493516e-01 0.000000000000000000e+00 2.136960888431715500e+00
-2.873406000000001370e+01 5.977669599950073964e-01 0.000000000000000000e+00 2.017914121467056621e+00
-2.791128000000001919e+01 5.806503151719406564e-01 0.000000000000000000e+00 2.027127652914862743e+00
-2.766062600000001481e+01 5.754358526285134889e-01 0.000000000000000000e+00 1.384306956575831915e+00
-2.863167400000002516e+01 5.956369801743331971e-01 0.000000000000000000e+00 2.051931353067399932e+00
-2.903865800000001585e+01 6.041036426803140236e-01 0.000000000000000000e+00 1.801382845762127483e+00
-2.873083200000001369e+01 5.976998065281160510e-01 0.000000000000000000e+00 2.220975348708696728e+00
-2.804475600000002444e+01 5.834270735817267406e-01 0.000000000000000000e+00 1.778107984717793189e+00
-2.850404600000002020e+01 5.929818802138596689e-01 0.000000000000000000e+00 2.115106895568355849e+00
-2.870370400000001609e+01 5.971354511223452288e-01 0.000000000000000000e+00 1.950896671433446583e+00
-2.872467200000000886e+01 5.975716574091411992e-01 0.000000000000000000e+00 2.240943780528844353e+00
-2.801248800000002248e+01 5.827557885539541571e-01 0.000000000000000000e+00 1.920307171413421887e+00
-2.833621600000000740e+01 5.894904408246480765e-01 0.000000000000000000e+00 1.678179205388381723e+00
-2.864576800000001811e+01 5.959301836942731967e-01 0.000000000000000000e+00 2.169111460915448042e+00
-2.838613800000002030e+01 5.905289895774827880e-01 0.000000000000000000e+00 1.863772794644391606e+00
-2.823971600000003335e+01 5.874829099835660040e-01 0.000000000000000000e+00 1.544261659719882607e+00
-2.836792400000001280e+01 5.901500759325138956e-01 0.000000000000000000e+00 1.766864233156605568e+00
-2.857510200000000467e+01 5.944600886226050207e-01 0.000000000000000000e+00 2.038218125834624139e+00
-2.848444400000002474e+01 5.925740914102648471e-01 0.000000000000000000e+00 1.986212472298759746e+00
-2.791024000000001237e+01 5.806286796063994116e-01 0.000000000000000000e+00 2.002836268087753169e+00
-2.881419600000001324e+01 5.994340635336705692e-01 0.000000000000000000e+00 1.946018271215105955e+00
-2.821486200000001432e+01 5.869658615739876684e-01 0.000000000000000000e+00 1.842840243259783461e+00
-2.872056600000000515e+01 5.974862385321101366e-01 0.000000000000000000e+00 1.763631234515190771e+00
-2.800692200000002074e+01 5.826399966714518319e-01 0.000000000000000000e+00 2.196339765788489995e+00
-2.823807199999999895e+01 5.874487091472674338e-01 0.000000000000000000e+00 1.769879584905896142e+00
-2.824917600000002338e+01 5.876797104162770902e-01 0.000000000000000000e+00 1.719052021419792409e+00
-2.825399800000001704e+01 5.877800245480457875e-01 0.000000000000000000e+00 1.739085851934860427e+00
-2.842568800000002582e+01 5.913517651709007117e-01 0.000000000000000000e+00 1.695794482811921799e+00
-2.826315400000001077e+01 5.879705007385218618e-01 0.000000000000000000e+00 1.623001421324147042e+00
-2.830395400000001160e+01 5.888192806174459282e-01 0.000000000000000000e+00 1.520950351192279726e+00
-2.889333400000000651e+01 6.010804052507854323e-01 0.000000000000000000e+00 2.028587446058728094e+00
-2.837789000000002915e+01 5.903574028999984957e-01 0.000000000000000000e+00 1.893548633378529411e+00
-2.872747400000001861e+01 5.976299486155322027e-01 0.000000000000000000e+00 2.246354019007491321e+00
-2.859580600000002093e+01 5.948908028043025098e-01 0.000000000000000000e+00 1.915751767613735890e+00
-2.797479600000000843e+01 5.819716657305125107e-01 0.000000000000000000e+00 2.011633986826016240e+00
-2.913950000000001594e+01 6.062015020075310900e-01 0.000000000000000000e+00 1.955854020600461096e+00
-2.812261800000002054e+01 5.850468701241968716e-01 0.000000000000000000e+00 2.066804495715816703e+00
-2.809446200000000715e+01 5.844611287940253419e-01 0.000000000000000000e+00 1.976312822883803610e+00
-2.880417000000002758e+01 5.992254883604823945e-01 0.000000000000000000e+00 1.965301586515310062e+00
-2.831562000000000978e+01 5.890619734132186425e-01 0.000000000000000000e+00 1.635615923526342330e+00
-2.866685200000002354e+01 5.963688031787642840e-01 0.000000000000000000e+00 2.387187273779953767e+00
-2.802899400000001506e+01 5.830991699432068742e-01 0.000000000000000000e+00 1.941341500452142821e+00
-2.833999400000002211e+01 5.895690361771623866e-01 0.000000000000000000e+00 2.385439550026855038e+00
-2.901392000000002369e+01 6.035890074684312490e-01 0.000000000000000000e+00 2.335068606177461703e+00
-2.822430200000000511e+01 5.871622459381307113e-01 0.000000000000000000e+00 1.891384039545238593e+00
-2.855187400000000864e+01 5.939768665876138387e-01 0.000000000000000000e+00 1.505281209784169238e+00
-2.855190400000002171e+01 5.939774906904662366e-01 0.000000000000000000e+00 1.863383204727521392e+00
-2.876597200000002630e+01 5.984308390022681223e-01 0.000000000000000000e+00 1.677532547311344713e+00
-2.846123000000001824e+01 5.920911606232710511e-01 0.000000000000000000e+00 1.910630873943119035e+00
-2.778146400000002103e+01 5.779496973101171386e-01 0.000000000000000000e+00 1.976553300214769715e+00
-2.808939000000000163e+01 5.843556138051551052e-01 0.000000000000000000e+00 1.848004902126298088e+00
-2.842345000000003097e+01 5.913052070981303920e-01 0.000000000000000000e+00 2.287236418351706213e+00
-2.824621800000002736e+01 5.876181738750551053e-01 0.000000000000000000e+00 1.789919993267573117e+00
-2.870740599999999887e+01 5.972124654143001754e-01 0.000000000000000000e+00 2.111654260317050724e+00
-2.928838600000003112e+01 6.092988412490384365e-01 0.000000000000000000e+00 1.980286330945424833e+00
-2.871078400000002517e+01 5.972827393954528441e-01 0.000000000000000000e+00 1.919867669193937587e+00
-2.856382800000002931e+01 5.942255507707675521e-01 0.000000000000000000e+00 2.115831212649109450e+00
-2.840117400000002235e+01 5.908417899269804430e-01 0.000000000000000000e+00 1.571713922784533590e+00
-2.895385800000000742e+01 6.023395119515697615e-01 0.000000000000000000e+00 1.731390339033047177e+00
-2.804968200000001133e+01 5.835295512700494625e-01 0.000000000000000000e+00 1.633405517785254002e+00
-2.921537200000001988e+01 6.077798997274754811e-01 0.000000000000000000e+00 1.968292154552450324e+00
-2.900296600000002911e+01 6.033611267136830270e-01 0.000000000000000000e+00 2.127548704529570678e+00
-2.854545000000003085e+01 5.938432253635405056e-01 0.000000000000000000e+00 2.206281326306343882e+00
-2.839523800000001330e+01 5.907183007759680970e-01 0.000000000000000000e+00 1.888807355132873234e+00
-2.929207600000001577e+01 6.093756058998526237e-01 0.000000000000000000e+00 2.221534491379298260e+00
-2.956488600000000488e+01 6.150509892030207038e-01 0.000000000000000000e+00 1.927411566445704993e+00
-2.911709000000002234e+01 6.057352971769751626e-01 0.000000000000000000e+00 1.767882280548902285e+00
-2.833525600000001177e+01 5.894704695333793376e-01 0.000000000000000000e+00 1.793204336710114255e+00
-2.893647999999999954e+01 6.019779899727474293e-01 0.000000000000000000e+00 2.105695996169158590e+00
-2.927303200000002903e+01 6.089794254093080506e-01 0.000000000000000000e+00 1.522437183980894559e+00
-2.879012600000001854e+01 5.989333250119622809e-01 0.000000000000000000e+00 1.815803028221114612e+00
-2.911493000000001530e+01 6.056903617716202781e-01 0.000000000000000000e+00 1.954196387342641339e+00
-2.929414400000003127e+01 6.094186273897944650e-01 0.000000000000000000e+00 2.017731553373438125e+00
-2.947091600000001677e+01 6.130960910358029814e-01 0.000000000000000000e+00 1.979328123569084941e+00
-2.880755200000002958e+01 5.992958455553480945e-01 0.000000000000000000e+00 2.055330162888874046e+00
-2.833378200000000646e+01 5.894398052799102450e-01 0.000000000000000000e+00 2.189211492216438515e+00
-2.916123200000001248e+01 6.066536021136285095e-01 0.000000000000000000e+00 2.008178268822192081e+00
-2.770659000000001271e+01 5.763920614117208352e-01 0.000000000000000000e+00 1.958867426098637843e+00
-2.865069600000002481e+01 5.960327029894531004e-01 0.000000000000000000e+00 1.413022570603294614e+00
-2.807444600000001600e+01 5.840447273710710485e-01 0.000000000000000000e+00 2.011191662200559893e+00
-2.893830000000000879e+01 6.020158522124448019e-01 0.000000000000000000e+00 1.960719692955480653e+00
-2.880425400000001446e+01 5.992272358484680428e-01 0.000000000000000000e+00 1.600073586907549306e+00
-2.945005200000000301e+01 6.126620483055608135e-01 0.000000000000000000e+00 2.082846587234776337e+00
-2.895012200000001457e+01 6.022617903430488306e-01 0.000000000000000000e+00 2.084107139861144820e+00
-2.915107200000000987e+01 6.064422392810336904e-01 0.000000000000000000e+00 2.158852030246865006e+00
-2.810038600000001452e+01 5.845843683038967065e-01 0.000000000000000000e+00 1.930722347526014460e+00
-2.909668800000001454e+01 6.053108656306561697e-01 0.000000000000000000e+00 2.023704679880366175e+00
-2.833357400000002002e+01 5.894354781668023069e-01 0.000000000000000000e+00 1.751116328887652562e+00
-2.874668600000001462e+01 5.980296240820489606e-01 0.000000000000000000e+00 1.673067223137000736e+00
-2.867185800000000739e+01 5.964729451413594008e-01 0.000000000000000000e+00 1.762559429254096033e+00
-2.904859000000001501e+01 6.043102623312324173e-01 0.000000000000000000e+00 1.654145430655230120e+00
-2.849585000000000434e+01 5.928113753146518894e-01 0.000000000000000000e+00 1.884731276159371749e+00
-2.946729000000001619e+01 6.130206578044065102e-01 0.000000000000000000e+00 2.121166487234242393e+00
-2.894490000000002183e+01 6.021531548399180478e-01 0.000000000000000000e+00 1.912888475683838907e+00
-2.869424200000001335e+01 5.969386090827770719e-01 0.000000000000000000e+00 1.922523813945585136e+00
-2.833526800000000989e+01 5.894707191745200969e-01 0.000000000000000000e+00 2.028939994178181383e+00
-2.909159000000001072e+01 6.052048097526474546e-01 0.000000000000000000e+00 2.126036695783537933e+00
-2.945962400000001580e+01 6.128611787222537632e-01 0.000000000000000000e+00 1.786924018389978830e+00
-2.923675400000002256e+01 6.082247186336312561e-01 0.000000000000000000e+00 2.269179566213571420e+00
-2.867606200000002659e+01 5.965604027543744969e-01 0.000000000000000000e+00 1.638519097750444020e+00
-2.933101400000002457e+01 6.101856497950867153e-01 0.000000000000000000e+00 1.856633355939690588e+00
-2.846983800000000642e+01 5.922702365349811204e-01 0.000000000000000000e+00 1.892470870078841960e+00
-2.876214000000001292e+01 5.983511202646198957e-01 0.000000000000000000e+00 1.968124216639084878e+00
-2.780322800000002559e+01 5.784024631259236937e-01 0.000000000000000000e+00 1.854635988901674803e+00
-2.962446800000001446e+01 6.162904990742477107e-01 0.000000000000000000e+00 2.080510626953067543e+00
-2.924634200000001272e+01 6.084241819051782185e-01 0.000000000000000000e+00 2.441330116393127359e+00
-2.901995400000000203e+01 6.037145353554266292e-01 0.000000000000000000e+00 1.856854050465817529e+00
-2.894227800000000173e+01 6.020986082506396553e-01 0.000000000000000000e+00 2.077079856534216340e+00
-2.907715200000001943e+01 6.049044498533362457e-01 0.000000000000000000e+00 1.823057569334295636e+00
-2.694046600000001490e+01 5.604540556283678088e-01 0.000000000000000000e+00 1.868742310722060873e+00
-2.938898200000002348e+01 6.113915829328677720e-01 0.000000000000000000e+00 1.958479715915517172e+00
-2.873013200000001177e+01 5.976852441282325401e-01 0.000000000000000000e+00 1.765520331398598763e+00
-2.947277000000000768e+01 6.131346605920656723e-01 0.000000000000000000e+00 2.028759550821759294e+00
-2.895184600000001396e+01 6.022976554536190186e-01 0.000000000000000000e+00 1.911248475112590217e+00
-2.846222000000000207e+01 5.921117560173916328e-01 0.000000000000000000e+00 1.732037643816080275e+00
-2.896965400000001978e+01 6.026681229066553902e-01 0.000000000000000000e+00 2.222114135910696398e+00
-2.911913600000001523e+01 6.057778609914916679e-01 0.000000000000000000e+00 2.061181409368732176e+00
-2.870292600000002636e+01 5.971192660550463938e-01 0.000000000000000000e+00 1.759106061923200182e+00
-2.945657200000001907e+01 6.127976866587617755e-01 0.000000000000000000e+00 2.123744101083002267e+00
-2.947933200000002785e+01 6.132711726892596804e-01 0.000000000000000000e+00 1.872704765294186835e+00
-2.882268600000002934e+01 5.996106846408293389e-01 0.000000000000000000e+00 2.007905929676060186e+00
-2.914576600000000894e+01 6.063318562899167041e-01 0.000000000000000000e+00 1.623876520671408308e+00
-2.967187400000000608e+01 6.172767064012150140e-01 0.000000000000000000e+00 1.965870804895223589e+00
-2.913370600000001787e+01 6.060809669433525615e-01 0.000000000000000000e+00 2.210176407321096104e+00
-2.925905800000001378e+01 6.086887183007761992e-01 0.000000000000000000e+00 2.271567597438679087e+00
-2.937833200000001099e+01 6.111700264203542288e-01 0.000000000000000000e+00 2.467728976690916731e+00
-2.948836400000000779e+01 6.134590692546132429e-01 0.000000000000000000e+00 1.621411356122072212e+00
-2.987102800000000968e+01 6.214197923817846858e-01 0.000000000000000000e+00 2.208366287327820032e+00
-2.924058200000001406e+01 6.083043541575654523e-01 0.000000000000000000e+00 1.800297004474315177e+00
-2.991109600000001834e+01 6.222533441511164387e-01 0.000000000000000000e+00 2.023439007470582585e+00
-2.949935800000002928e+01 6.136877821464983285e-01 0.000000000000000000e+00 1.596129986680219437e+00
-3.010547800000001573e+01 6.262971561713372992e-01 0.000000000000000000e+00 1.816166778684149108e+00
-2.951964000000002741e+01 6.141097172814085070e-01 0.000000000000000000e+00 1.737934544454445618e+00
-2.931356000000002027e+01 6.098225467557056856e-01 0.000000000000000000e+00 1.574340243794943861e+00
-2.976812000000002811e+01 6.192789531714831819e-01 0.000000000000000000e+00 1.905488470898544229e+00
-2.919257200000001973e+01 6.073055815598414897e-01 0.000000000000000000e+00 1.785113629865424878e+00
-2.942147200000000140e+01 6.120674863217457906e-01 0.000000000000000000e+00 2.150734117659513611e+00
-3.056332400000003346e+01 6.358219226528538659e-01 0.000000000000000000e+00 2.253178133938052774e+00
-3.028467600000001880e+01 6.300250889346568073e-01 0.000000000000000000e+00 1.858916624377725535e+00
-3.038448800000001526e+01 6.321015207306166506e-01 0.000000000000000000e+00 2.126528209479745524e+00
-3.003166200000000785e+01 6.247615303001935461e-01 0.000000000000000000e+00 1.827124151890122894e+00
-2.987042200000002268e+01 6.214071855041715109e-01 0.000000000000000000e+00 1.847104151415879914e+00
-3.045076200000001165e+01 6.334802471447296135e-01 0.000000000000000000e+00 2.168093879717547523e+00
-2.987213799999999608e+01 6.214428841873139708e-01 0.000000000000000000e+00 1.818678884633046389e+00
-3.045086000000002358e+01 6.334822858807136470e-01 0.000000000000000000e+00 1.930120620399908837e+00
-2.948238600000001242e+01 6.133347063596082949e-01 0.000000000000000000e+00 1.903467240262231241e+00
-2.974390600000000617e+01 6.187752189560840055e-01 0.000000000000000000e+00 2.056388962039030321e+00
-3.005356800000002337e+01 6.252172502028339185e-01 0.000000000000000000e+00 1.974383950403801880e+00
-2.995543200000000894e+01 6.231756849528803377e-01 0.000000000000000000e+00 1.982599410674804163e+00
-2.971905400000001407e+01 6.182582121533631847e-01 0.000000000000000000e+00 1.812675225910671317e+00
-2.959338400000002167e+01 6.156438453057068161e-01 0.000000000000000000e+00 2.057981112630393739e+00
-3.056278800000001539e+01 6.358107720152283981e-01 0.000000000000000000e+00 1.852995722644111831e+00
-3.041632000000001668e+01 6.327637354636047595e-01 0.000000000000000000e+00 1.958513923742935425e+00
-3.065595000000003978e+01 6.377488610122956647e-01 0.000000000000000000e+00 1.772048121054654812e+00
-3.073321400000002868e+01 6.393562171045793496e-01 0.000000000000000000e+00 1.980963327590029799e+00
-3.052281200000000894e+01 6.349791341613099105e-01 0.000000000000000000e+00 1.786862998443943695e+00
-3.059790200000002613e+01 6.365412636002418800e-01 0.000000000000000000e+00 2.070981803468825877e+00
-3.045010600000001588e+01 6.334666000956961085e-01 0.000000000000000000e+00 1.868077508926643926e+00
-3.047369200000001044e+01 6.339572697580563299e-01 0.000000000000000000e+00 1.973185719585401454e+00
-3.105395000000002881e+01 6.460286255174858550e-01 0.000000000000000000e+00 2.403654540023956621e+00
-3.068771000000002402e+01 6.384095778984381075e-01 0.000000000000000000e+00 2.386878655622582723e+00
-3.024008400000001728e+01 6.290974224552209337e-01 0.000000000000000000e+00 1.757252604063766599e+00
-3.098495600000002881e+01 6.445933137781112432e-01 0.000000000000000000e+00 2.015116862757516891e+00
-3.068739400000001538e+01 6.384030040150620033e-01 0.000000000000000000e+00 1.782773495462968816e+00
-3.068184000000000822e+01 6.382874617737004375e-01 0.000000000000000000e+00 2.426819319041433332e+00
-3.102939600000000908e+01 6.455178181364290557e-01 0.000000000000000000e+00 2.106084935979457562e+00
-3.070689800000000957e+01 6.388087540826730137e-01 0.000000000000000000e+00 2.287937346125094251e+00
-3.099650200000002442e+01 6.448335101624752541e-01 0.000000000000000000e+00 2.476872881417822914e+00
-3.081745800000001978e+01 6.411087811271301007e-01 0.000000000000000000e+00 2.018621973464456154e+00
-3.048385600000000295e+01 6.341687158043646244e-01 0.000000000000000000e+00 1.924394612313968578e+00
-3.027126200000003564e+01 6.297460317460324974e-01 0.000000000000000000e+00 1.996306368604101156e+00
-3.094511800000001855e+01 6.437645467973125424e-01 0.000000000000000000e+00 2.312827205849406376e+00
-3.060447800000001806e+01 6.366780669454329411e-01 0.000000000000000000e+00 2.102412808006240308e+00
-3.042238600000001014e+01 6.328899290603092753e-01 0.000000000000000000e+00 1.969390163775516900e+00
-3.048043400000002023e+01 6.340975264723630600e-01 0.000000000000000000e+00 2.034484126418907302e+00
-3.155698800000001114e+01 6.564935405354804798e-01 0.000000000000000000e+00 2.336490192068505944e+00
-3.088731800000002181e+01 6.425621086355035594e-01 0.000000000000000000e+00 1.556658323796993537e+00
-3.113332200000002459e+01 6.476798352368474676e-01 0.000000000000000000e+00 1.756278865571331949e+00
-3.080045000000001565e+01 6.407549564168177891e-01 0.000000000000000000e+00 2.089940553477707574e+00
-3.121370200000002981e+01 6.493520148120416335e-01 0.000000000000000000e+00 2.219495613735224193e+00
-3.094820400000001825e+01 6.438287461773704035e-01 0.000000000000000000e+00 1.445542704834066772e+00
-3.068991800000000936e+01 6.384555118683560293e-01 0.000000000000000000e+00 1.910440435145357885e+00
-3.097307600000001315e+01 6.443461690486594895e-01 0.000000000000000000e+00 2.350857442159684840e+00
-3.093698600000001520e+01 6.435953733175230340e-01 0.000000000000000000e+00 1.790685334241241433e+00
-3.069500400000000795e+01 6.385613181052238740e-01 0.000000000000000000e+00 1.935000698348736892e+00
-3.148957400000001883e+01 6.550910982129858340e-01 0.000000000000000000e+00 1.837713239444141999e+00
-3.165437000000000722e+01 6.585194200004161891e-01 0.000000000000000000e+00 2.072491792456119253e+00
-3.108323400000001868e+01 6.466378331148976422e-01 0.000000000000000000e+00 1.923662570645124914e+00
-3.093759000000001791e+01 6.436079385882796933e-01 0.000000000000000000e+00 1.494634432484303943e+00
-3.082141000000002151e+01 6.411909962761866977e-01 0.000000000000000000e+00 2.109733889749025870e+00
-3.039428600000001168e+01 6.323053527221288439e-01 0.000000000000000000e+00 2.071015283782475347e+00
-3.066867400000000643e+01 6.380135638353201522e-01 0.000000000000000000e+00 1.889709344259539403e+00
-3.101070600000002031e+01 6.451290020595398245e-01 0.000000000000000000e+00 2.011801847473798421e+00
-3.048425800000000052e+01 6.341770787825833366e-01 0.000000000000000000e+00 2.087708445780161792e+00
-3.098487800000000902e+01 6.445916911106951419e-01 0.000000000000000000e+00 1.895867690029283015e+00
-3.082098600000002264e+01 6.411821756225429825e-01 0.000000000000000000e+00 2.045954820883137071e+00
-3.133527000000002616e+01 6.518810459963807480e-01 0.000000000000000000e+00 2.273619863818820974e+00
-3.082219200000002957e+01 6.412072645571995633e-01 0.000000000000000000e+00 1.893487268586453887e+00
-3.097686600000002244e+01 6.444250140423145590e-01 0.000000000000000000e+00 1.983951899069687830e+00
-3.059559600000002177e+01 6.364932908943398138e-01 0.000000000000000000e+00 1.697470104223138598e+00
-3.122887200000000263e+01 6.496676028209449338e-01 0.000000000000000000e+00 2.169283703129360141e+00
-3.101705600000001795e+01 6.452611038299115309e-01 0.000000000000000000e+00 1.667990361641605190e+00
-3.135123400000001581e+01 6.522131519274378952e-01 0.000000000000000000e+00 1.971612706872988063e+00
-3.070668400000002762e+01 6.388043021489946405e-01 0.000000000000000000e+00 2.073494796242431715e+00
-3.088981400000001543e+01 6.426140339928022582e-01 0.000000000000000000e+00 1.878406684218615119e+00
-3.106266400000001582e+01 6.462099065926067976e-01 0.000000000000000000e+00 1.917967262311056631e+00
-3.146986800000001594e+01 6.546811458528368766e-01 0.000000000000000000e+00 1.904950977013382785e+00
-3.060229600000002037e+01 6.366326738646532757e-01 0.000000000000000000e+00 1.831076701631192405e+00
-3.071088400000001073e+01 6.388916765482953730e-01 0.000000000000000000e+00 2.039529288767732762e+00
-3.137128000000000583e+01 6.526301774532443645e-01 0.000000000000000000e+00 1.891979220207497203e+00
-3.061859200000001380e+01 6.369716865339410949e-01 0.000000000000000000e+00 2.231547373627419173e+00
-3.118551400000002261e+01 6.487656077721613013e-01 0.000000000000000000e+00 1.546764708819180489e+00
-3.048265199999999808e+01 6.341436684765648923e-01 0.000000000000000000e+00 1.608144546149098630e+00
-3.044992200000000437e+01 6.334627722648693560e-01 0.000000000000000000e+00 1.894181084619232625e+00
-3.126486199999999727e+01 6.504163182092408402e-01 0.000000000000000000e+00 2.214284629573089802e+00
-3.129669800000003121e+01 6.510786161559430907e-01 0.000000000000000000e+00 1.938017391900570541e+00
-3.060127800000003973e+01 6.366114959745373669e-01 0.000000000000000000e+00 1.777499455487563829e+00
-3.118618400000001145e+01 6.487795460691924143e-01 0.000000000000000000e+00 1.814951380750704502e+00
-3.105641600000000935e+01 6.460799267719321559e-01 0.000000000000000000e+00 2.004842233281081576e+00
-3.078490800000001926e+01 6.404316295325472863e-01 0.000000000000000000e+00 1.639671064184286875e+00
-3.080363200000002522e+01 6.408211529260027239e-01 0.000000000000000000e+00 1.617114583802729433e+00
-3.109854400000002173e+01 6.469563336037783552e-01 0.000000000000000000e+00 2.050542607091837777e+00
-3.099597800000001158e+01 6.448226091659907677e-01 0.000000000000000000e+00 1.573702164239896506e+00
-3.136708600000001113e+01 6.525429278745139561e-01 0.000000000000000000e+00 2.087146126396840273e+00
-3.063020200000000415e+01 6.372132143377229330e-01 0.000000000000000000e+00 1.877876495007328783e+00
-3.125520800000001742e+01 6.502154819114193129e-01 0.000000000000000000e+00 2.035382127460059642e+00
-3.088988800000002044e+01 6.426155734465043290e-01 0.000000000000000000e+00 1.947422031803983433e+00
-3.099556800000001644e+01 6.448140797603447716e-01 0.000000000000000000e+00 1.858869092650722532e+00
-3.041640000000000299e+01 6.327653997378768214e-01 0.000000000000000000e+00 1.749019913950078386e+00
-3.066638800000000487e+01 6.379660071979862401e-01 0.000000000000000000e+00 1.620878410514720702e+00
-3.090806200000001880e+01 6.429936549543368018e-01 0.000000000000000000e+00 1.851518970995316593e+00
-3.092096600000002482e+01 6.432621023944751215e-01 0.000000000000000000e+00 1.783449483853855932e+00
-3.073534200000001348e+01 6.394004868002248765e-01 0.000000000000000000e+00 2.005738184732226870e+00
-3.104605600000001431e+01 6.458644032536564605e-01 0.000000000000000000e+00 1.935175036915004698e+00
-3.089106400000001074e+01 6.426400382783084009e-01 0.000000000000000000e+00 1.709190233427643646e+00
-3.103232800000000680e+01 6.455788137885124511e-01 0.000000000000000000e+00 2.171476360138977491e+00
-3.161500400000000255e+01 6.577004722378247958e-01 0.000000000000000000e+00 2.099735016659449283e+00
-3.115450800000001763e+01 6.481205766710357308e-01 0.000000000000000000e+00 2.235658741675097705e+00
-3.077053400000002625e+01 6.401326010526540156e-01 0.000000000000000000e+00 1.942412176724309436e+00
-3.080214800000000963e+01 6.407902806382493877e-01 0.000000000000000000e+00 1.733292526936914379e+00
-3.070830000000000837e+01 6.388379204892967733e-01 0.000000000000000000e+00 2.058641666809265747e+00
-3.094167400000002388e+01 6.436928997898858640e-01 0.000000000000000000e+00 1.625308795314063248e+00
-3.030827000000001448e+01 6.305159250244443125e-01 0.000000000000000000e+00 2.044667400652958822e+00
-3.090346800000001082e+01 6.428980840042440859e-01 0.000000000000000000e+00 1.983309682816971176e+00
-3.059510799999999620e+01 6.364831388212776053e-01 0.000000000000000000e+00 2.235391792097702446e+00
-3.052274600000001570e+01 6.349777611350353457e-01 0.000000000000000000e+00 2.073464223648799010e+00
-3.094038000000002597e+01 6.436659801535298264e-01 0.000000000000000000e+00 1.835287004555665957e+00
-3.103062600000001581e+01 6.455434063533673772e-01 0.000000000000000000e+00 2.058825906593514166e+00
-3.056801800000001279e+01 6.359195739457864649e-01 0.000000000000000000e+00 1.918523530806590438e+00
-3.075424800000002179e+01 6.397937964176499959e-01 0.000000000000000000e+00 1.797490155266167067e+00
-3.097407600000002148e+01 6.443669724770646479e-01 0.000000000000000000e+00 1.839187565649682110e+00
-3.083569400000002858e+01 6.414881524475238850e-01 0.000000000000000000e+00 1.956217825233584895e+00
-3.065782200000001723e+01 6.377878050302693280e-01 0.000000000000000000e+00 2.109783168885639881e+00
-3.082779599999999931e+01 6.413238469699805711e-01 0.000000000000000000e+00 2.132791207628486063e+00
-3.111706600000001899e+01 6.473416547046957348e-01 0.000000000000000000e+00 2.152447232085638706e+00
-3.051547600000002447e+01 6.348265202105312088e-01 0.000000000000000000e+00 1.913636161185813922e+00
-3.058533800000002145e+01 6.362798893257612942e-01 0.000000000000000000e+00 1.799514611254149132e+00
-3.047295000000001863e+01 6.339418336141799948e-01 0.000000000000000000e+00 1.953588331969680736e+00
-3.104298000000000357e+01 6.458004119078825100e-01 0.000000000000000000e+00 2.058478640239735480e+00
-3.092572000000001609e+01 6.433610018931122942e-01 0.000000000000000000e+00 1.921739724017975881e+00
-3.031200800000002360e+01 6.305936882398224252e-01 0.000000000000000000e+00 1.868109844697186217e+00
-2.964921200000002699e+01 6.168052591067013646e-01 0.000000000000000000e+00 1.896589848328794181e+00
-3.109295200000001813e+01 6.468400008321374406e-01 0.000000000000000000e+00 2.109757104525771698e+00
-3.020068000000003394e+01 6.282776841623506359e-01 0.000000000000000000e+00 1.772614586172389428e+00
-3.117745200000002015e+01 6.485978905323601662e-01 0.000000000000000000e+00 2.439777376765710937e+00
-3.032032400000001360e+01 6.307666895504381310e-01 0.000000000000000000e+00 2.118354436779223526e+00
-3.129338600000001591e+01 6.510097152010654309e-01 0.000000000000000000e+00 2.105908222362536719e+00
-3.061138800000002647e+01 6.368218186357116339e-01 0.000000000000000000e+00 1.819268046136393258e+00
-3.090817000000000547e+01 6.429959017246043018e-01 0.000000000000000000e+00 1.883500802932258855e+00
-3.087526800000001614e+01 6.423114273232232163e-01 0.000000000000000000e+00 1.907989404756385454e+00
-3.078998200000001617e+01 6.405371861282742607e-01 0.000000000000000000e+00 1.845896665217916732e+00
-3.103012200000001997e+01 6.455329214254512671e-01 0.000000000000000000e+00 2.051622590353421760e+00
-3.087196400000002683e+01 6.422426927957732845e-01 0.000000000000000000e+00 2.131671910506971912e+00
-3.155321400000001830e+01 6.564150283966800892e-01 0.000000000000000000e+00 2.211082238465264638e+00
-3.126690800000000792e+01 6.504588820237576785e-01 0.000000000000000000e+00 1.882381272131851579e+00
-3.021578200000001857e+01 6.285918575381226336e-01 0.000000000000000000e+00 1.877800974188326366e+00
-3.116243200000000613e+01 6.482854230377167459e-01 0.000000000000000000e+00 1.826247657255806622e+00
-3.089167200000001401e+01 6.426526867627787576e-01 0.000000000000000000e+00 1.810117886784329500e+00
-3.085705000000002940e+01 6.419324304645411816e-01 0.000000000000000000e+00 1.923331170289209524e+00
-3.016857200000000461e+01 6.276097276831222871e-01 0.000000000000000000e+00 2.024957664606967800e+00
-3.089202800000002114e+01 6.426600927832910592e-01 0.000000000000000000e+00 1.766717916013656131e+00
-3.123193400000001674e+01 6.497313029187212763e-01 0.000000000000000000e+00 2.212124086616729102e+00
-3.053961400000000737e+01 6.353286733653706886e-01 0.000000000000000000e+00 2.148196617650453888e+00
-3.067818400000001233e+01 6.382114044394517904e-01 0.000000000000000000e+00 1.873611127398401965e+00
-3.099700200000001615e+01 6.448439118766775557e-01 0.000000000000000000e+00 1.905112526488085933e+00
-2.999795600000000562e+01 6.240603299423745920e-01 0.000000000000000000e+00 1.932720672744130619e+00
-3.129972000000002907e+01 6.511414841165830136e-01 0.000000000000000000e+00 2.056048925841635455e+00
-3.064913600000000926e+01 6.376071064511432684e-01 0.000000000000000000e+00 1.892107744359889043e+00
-3.084761800000000775e+01 6.417362125278247564e-01 0.000000000000000000e+00 1.839233277912788012e+00
-3.062920600000002480e+01 6.371924941230319162e-01 0.000000000000000000e+00 1.815034040130466320e+00
-3.109745200000001830e+01 6.469336162599599316e-01 0.000000000000000000e+00 1.966367755326525524e+00
-3.026440200000002179e+01 6.296033202271739126e-01 0.000000000000000000e+00 1.987420016101277165e+00
-3.053694600000002524e+01 6.352731698183865516e-01 0.000000000000000000e+00 1.692145502938547930e+00
-3.015101399999999643e+01 6.272444610871870108e-01 0.000000000000000000e+00 1.950098200947166127e+00
-3.088593000000003386e+01 6.425332334768776299e-01 0.000000000000000000e+00 1.966257961101737006e+00
-3.069330800000000536e+01 6.385260354906489022e-01 0.000000000000000000e+00 2.168522725834480802e+00
-3.094283200000002054e+01 6.437169901599787414e-01 0.000000000000000000e+00 2.153538224930865663e+00
-3.097741800000001078e+01 6.444364975347939284e-01 0.000000000000000000e+00 1.935915912293379115e+00
-3.091227000000000658e+01 6.430811957810648183e-01 0.000000000000000000e+00 1.712945697541890189e+00
-3.099724800000003100e+01 6.448490295200655087e-01 0.000000000000000000e+00 1.955030056369745362e+00
-3.094205400000000594e+01 6.437008050926793512e-01 0.000000000000000000e+00 2.459554847274505907e+00
-3.048492600000001573e+01 6.341909754727581561e-01 0.000000000000000000e+00 1.653022544018787343e+00
-3.099570000000001357e+01 6.448168258128942343e-01 0.000000000000000000e+00 1.949338166992307553e+00
-3.028471000000002533e+01 6.300257962512226806e-01 0.000000000000000000e+00 1.576871979552870728e+00
-3.093874200000000840e+01 6.436319041378020245e-01 0.000000000000000000e+00 2.002144955305825036e+00
-3.008593600000000734e+01 6.258906155734466070e-01 0.000000000000000000e+00 2.046318522137852369e+00
-3.125322400000002787e+01 6.501742079094640081e-01 0.000000000000000000e+00 2.509981629822107596e+00
-3.027495200000000963e+01 6.298227963968463516e-01 0.000000000000000000e+00 1.814698580557881469e+00
-3.093756800000001306e+01 6.436074809128546903e-01 0.000000000000000000e+00 1.792476940210913527e+00
-3.051633400000002183e+01 6.348443695521026608e-01 0.000000000000000000e+00 1.811526231473663096e+00
-3.042528400000000133e+01 6.329502173958267974e-01 0.000000000000000000e+00 1.776581894431044750e+00
-3.023820600000002301e+01 6.290583536166765022e-01 0.000000000000000000e+00 1.994315168441223918e+00
-3.106912200000000723e+01 6.463442551332461150e-01 0.000000000000000000e+00 2.158028143701110402e+00
-3.138883200000002205e+01 6.529953192286093167e-01 0.000000000000000000e+00 2.128475907845514215e+00
-3.072414800000001733e+01 6.391676132226594698e-01 0.000000000000000000e+00 2.202593489066188681e+00
-3.061897600000001773e+01 6.369796750504486127e-01 0.000000000000000000e+00 1.904185585616245957e+00
-3.083151200000001424e+01 6.414011525099339028e-01 0.000000000000000000e+00 2.161175090821629396e+00
-3.019058400000001896e+01 6.280676527491734218e-01 0.000000000000000000e+00 1.947411599203185739e+00
-3.042250200000001215e+01 6.328923422580043923e-01 0.000000000000000000e+00 1.659865936778258666e+00
-3.095709800000000911e+01 6.440137718696042901e-01 0.000000000000000000e+00 2.020284465317703670e+00
-3.114853200000001721e+01 6.479962553828874094e-01 0.000000000000000000e+00 2.330013597952257598e+00
-3.036955200000003074e+01 6.317908007239598778e-01 0.000000000000000000e+00 1.974942870442360610e+00
-3.021918600000001121e+01 6.286626724084131146e-01 0.000000000000000000e+00 1.568315580553244271e+00
-3.053658600000002465e+01 6.352656805841607746e-01 0.000000000000000000e+00 1.952975643381248849e+00
-3.130137600000003673e+01 6.511759345940217880e-01 0.000000000000000000e+00 2.056659933249623151e+00
-3.113574200000002179e+01 6.477301795335875800e-01 0.000000000000000000e+00 1.764476410917082294e+00
-3.122022600000002868e+01 6.494877363789558489e-01 0.000000000000000000e+00 2.012827629376097160e+00
-3.123184400000003080e+01 6.497294306101651928e-01 0.000000000000000000e+00 2.512207166967249883e+00
-3.081079200000001350e+01 6.409701054733822900e-01 0.000000000000000000e+00 1.625051469561266781e+00
-3.078835200000003525e+01 6.405032765399745198e-01 0.000000000000000000e+00 2.180942225832724901e+00
-3.067922600000002475e+01 6.382330816118501060e-01 0.000000000000000000e+00 1.859784528554451866e+00
-3.076408600000003446e+01 6.399984605462987197e-01 0.000000000000000000e+00 1.883703569777346321e+00
-3.112278600000001916e+01 6.474606503151723036e-01 0.000000000000000000e+00 1.918920103558880319e+00
-3.025280400000001535e+01 6.293620420645325009e-01 0.000000000000000000e+00 1.733745605278416368e+00
-3.039918800000002719e+01 6.324073311281704912e-01 0.000000000000000000e+00 1.683367238499230645e+00
-3.069245400000002277e+01 6.385082693627914807e-01 0.000000000000000000e+00 2.050112041649717387e+00
-3.172098600000001767e+01 6.599052611870439566e-01 0.000000000000000000e+00 1.569960615411556626e+00
-3.077223000000001107e+01 6.401678836672285433e-01 0.000000000000000000e+00 2.084860099053714055e+00
-3.110054800000002828e+01 6.469980236743020363e-01 0.000000000000000000e+00 2.243012692402516439e+00
-3.137761600000002460e+01 6.527619879756189070e-01 0.000000000000000000e+00 1.836899885249134057e+00
-3.130133600000001692e+01 6.511751024568852575e-01 0.000000000000000000e+00 2.028083057666012046e+00
-3.096112600000002502e+01 6.440975680792199176e-01 0.000000000000000000e+00 2.041353177595882418e+00
-3.147461000000000908e+01 6.547797957103331790e-01 0.000000000000000000e+00 2.444631494797024462e+00
-3.090099800000001551e+01 6.428466995360838654e-01 0.000000000000000000e+00 2.082654585285836468e+00
-3.052375600000000588e+01 6.349987725977241926e-01 0.000000000000000000e+00 1.620044635269864086e+00
-3.069861200000002910e+01 6.386363768749095948e-01 0.000000000000000000e+00 1.755152467248611403e+00
-3.067693400000000281e+01 6.381854001539454257e-01 0.000000000000000000e+00 1.882104390895006363e+00
-3.084756400000001975e+01 6.417350891426910620e-01 0.000000000000000000e+00 1.669308528080783560e+00
-3.100086600000003045e+01 6.449242963240348070e-01 0.000000000000000000e+00 1.800715728871734145e+00
-3.153587800000002161e+01 6.560543801618511361e-01 0.000000000000000000e+00 1.924284612161626162e+00
-3.157319800000000853e+01 6.568307641099254690e-01 0.000000000000000000e+00 1.781479505773476468e+00
-3.111586800000001674e+01 6.473167321974664379e-01 0.000000000000000000e+00 1.866165212130387774e+00
-3.143274200000002949e+01 6.539087977698730958e-01 0.000000000000000000e+00 2.148660780423306438e+00
-3.144682600000001571e+01 6.542017932555288517e-01 0.000000000000000000e+00 2.427351455269298519e+00
-3.085496200000002176e+01 6.418889929060312971e-01 0.000000000000000000e+00 1.880790360126145089e+00
-3.138057399999999220e+01 6.528235245168402257e-01 0.000000000000000000e+00 2.032084009966023785e+00
-3.100894400000000317e+01 6.450923464186898437e-01 0.000000000000000000e+00 2.073443090163184177e+00
-3.080134200000000178e+01 6.407735130749547814e-01 0.000000000000000000e+00 2.201993915402743252e+00
-3.045511800000003078e+01 6.335708668788622155e-01 0.000000000000000000e+00 1.970631822198815941e+00
-3.031562600000002305e+01 6.306689550437916125e-01 0.000000000000000000e+00 1.988314191917821105e+00
-3.064528800000001851e+01 6.375270548586410291e-01 0.000000000000000000e+00 1.870196949023651412e+00
-3.115990200000000598e+01 6.482327903638520628e-01 0.000000000000000000e+00 2.434708536016066294e+00
-3.121596200000002241e+01 6.493990305602367341e-01 0.000000000000000000e+00 2.271743985912873853e+00
-3.016178800000003335e+01 6.274685972248232879e-01 0.000000000000000000e+00 1.882715783937359832e+00
-3.127326400000000461e+01 6.505911086146997091e-01 0.000000000000000000e+00 2.004046619325079881e+00
-3.078982200000001512e+01 6.405338575797294709e-01 0.000000000000000000e+00 2.251196928037180633e+00
-3.114511600000001224e+01 6.479251908714558361e-01 0.000000000000000000e+00 2.185181744919006519e+00
-3.059800000000000608e+01 6.365433023362251364e-01 0.000000000000000000e+00 1.769815235006356957e+00
-3.001420000000000599e+01 6.243982608333854545e-01 0.000000000000000000e+00 1.756098432850101698e+00
-3.104435600000001116e+01 6.458290374253679023e-01 0.000000000000000000e+00 1.738450826345169009e+00
-3.046908800000002060e+01 6.338614907736799253e-01 0.000000000000000000e+00 1.989283279758635059e+00
-3.110027200000000391e+01 6.469922819280617965e-01 0.000000000000000000e+00 2.057636066125937191e+00
-3.085597200000002616e+01 6.419100043687204771e-01 0.000000000000000000e+00 1.731443816271567515e+00
-3.038278000000001811e+01 6.320659884749010304e-01 0.000000000000000000e+00 1.703712005230836324e+00
-3.105784400000002066e+01 6.461096340676947269e-01 0.000000000000000000e+00 1.769483356335253887e+00
-3.052271800000001534e+01 6.349771786390400186e-01 0.000000000000000000e+00 1.632735487640916139e+00
-3.077689800000000631e+01 6.402649940710229970e-01 0.000000000000000000e+00 2.307109359953237515e+00
-3.129677200000001491e+01 6.510801556096447174e-01 0.000000000000000000e+00 2.040263067217192194e+00
-3.076736600000000976e+01 6.400666957914665778e-01 0.000000000000000000e+00 2.064612346142108645e+00
-3.107019600000002058e+01 6.463665980153533441e-01 0.000000000000000000e+00 1.975840793893101299e+00
-3.097772000000002279e+01 6.444427801701725356e-01 0.000000000000000000e+00 1.839513529455683027e+00
-3.108309600000001893e+01 6.466349622417778553e-01 0.000000000000000000e+00 1.899773010466505374e+00
-3.039697400000001792e+01 6.323612723376815792e-01 0.000000000000000000e+00 1.521661797769767066e+00
-3.107026800000001643e+01 6.463680958621983441e-01 0.000000000000000000e+00 1.908911408058043158e+00
-3.041086000000003153e+01 6.326501487445137517e-01 0.000000000000000000e+00 2.118866846484533717e+00
-3.129755800000001997e+01 6.510965071043711694e-01 0.000000000000000000e+00 2.269289492204620284e+00
-3.102216200000002289e+01 6.453673261353475299e-01 0.000000000000000000e+00 1.475245625484485679e+00
-3.111050400000000593e+01 6.472051426075018377e-01 0.000000000000000000e+00 2.108731336055071459e+00
-3.059066800000001862e+01 6.363907715991599101e-01 0.000000000000000000e+00 1.720506710943028761e+00
-3.135530200000001244e+01 6.522977802741893871e-01 0.000000000000000000e+00 1.704432331340019147e+00
-3.069971400000002149e+01 6.386593022530117070e-01 0.000000000000000000e+00 1.931997719900572008e+00
-3.097085600000002970e+01 6.442999854376006974e-01 0.000000000000000000e+00 1.890468411215067368e+00
-3.065759400000002444e+01 6.377830618485931247e-01 0.000000000000000000e+00 1.738934763317688814e+00
-3.077833200000001668e+01 6.402948261873560032e-01 0.000000000000000000e+00 1.836990178453149491e+00
-3.134640200000001542e+01 6.521126297613849543e-01 0.000000000000000000e+00 2.194069635183979905e+00
-3.049413200000002888e+01 6.343824918346548936e-01 0.000000000000000000e+00 1.796467985915753074e+00
-3.105089200000001881e+01 6.459650086334230989e-01 0.000000000000000000e+00 2.057692944163585835e+00
-3.066547400000000678e+01 6.379469928644241339e-01 0.000000000000000000e+00 2.431835379139871911e+00
-3.045252200000001963e+01 6.335168611787226345e-01 0.000000000000000000e+00 1.433681246822636313e+00
-3.084766000000001895e+01 6.417370862718179136e-01 0.000000000000000000e+00 1.955206447752598331e+00
-3.134072200000003150e+01 6.519944662880449160e-01 0.000000000000000000e+00 2.200576339180628338e+00
-3.055375400000002628e+01 6.356228338430178759e-01 0.000000000000000000e+00 1.615470465759561547e+00
-3.021361800000002873e+01 6.285468389190543848e-01 0.000000000000000000e+00 2.004364449832797934e+00
-3.090226600000000445e+01 6.428730782833010915e-01 0.000000000000000000e+00 1.768127322316815242e+00
-3.093935200000001728e+01 6.436445942291292299e-01 0.000000000000000000e+00 1.958253624605042598e+00
-3.078661200000003006e+01 6.404670785745496531e-01 0.000000000000000000e+00 1.745547706773499019e+00
-3.110726400000001490e+01 6.471377394994697330e-01 0.000000000000000000e+00 2.014938088505224822e+00
-3.103879800000003186e+01 6.457134119702933051e-01 0.000000000000000000e+00 1.723654377573791141e+00
-3.045621400000001344e+01 6.335936674363937815e-01 0.000000000000000000e+00 1.989534767049063291e+00
-3.063206800000001095e+01 6.372520335351268272e-01 0.000000000000000000e+00 1.875653409051056597e+00
-3.064687400000002881e+01 6.375600490960916522e-01 0.000000000000000000e+00 1.741302854542070788e+00
-3.127630600000000882e+01 6.506543926439078973e-01 0.000000000000000000e+00 2.311172847817507758e+00
-3.088797400000002824e+01 6.425757556845373974e-01 0.000000000000000000e+00 1.960317391876358561e+00
-3.030548200000002623e+01 6.304579250660513612e-01 0.000000000000000000e+00 1.708798443019142743e+00
-3.034824000000002897e+01 6.313474380577924761e-01 0.000000000000000000e+00 1.838061254186435844e+00
-3.110658800000001278e+01 6.471236763818679627e-01 0.000000000000000000e+00 1.697565653081261949e+00
-3.110456600000000904e+01 6.470816118496329761e-01 0.000000000000000000e+00 2.139793971589910804e+00
-3.113122200000002948e+01 6.476361480371971568e-01 0.000000000000000000e+00 2.063778624471201084e+00
-3.022794600000001353e+01 6.288449104412409119e-01 0.000000000000000000e+00 1.848652368751055430e+00
-3.096149000000000839e+01 6.441051405271590591e-01 0.000000000000000000e+00 1.956282613566203032e+00
-3.075633400000001316e+01 6.398371923693026986e-01 0.000000000000000000e+00 2.309103739733779026e+00
-3.136300800000002553e+01 6.524580914934786646e-01 0.000000000000000000e+00 1.962496341407128364e+00
-3.088809000000001248e+01 6.425781688822320703e-01 0.000000000000000000e+00 1.853620594126450749e+00
-3.073741000000001833e+01 6.394435082901666068e-01 0.000000000000000000e+00 1.827885641356917334e+00
-3.056598400000001803e+01 6.358772597724108300e-01 0.000000000000000000e+00 1.914969504344572249e+00
-3.046680400000001399e+01 6.338139757432027510e-01 0.000000000000000000e+00 2.290751270702749309e+00
-3.076751600000000408e+01 6.400698163057272350e-01 0.000000000000000000e+00 1.849693787200487050e+00
-3.087282400000000848e+01 6.422605837442011412e-01 0.000000000000000000e+00 1.940962196724900224e+00
-3.070719800000000177e+01 6.388149951111943281e-01 0.000000000000000000e+00 1.874344992337053428e+00
-3.111670999999999765e+01 6.473342486841831001e-01 0.000000000000000000e+00 2.059206339291373311e+00
-3.054155200000001003e+01 6.353689904096196939e-01 0.000000000000000000e+00 1.916590308701915157e+00
-3.021874200000003441e+01 6.286534356862018003e-01 0.000000000000000000e+00 1.906661699568652057e+00
-3.036778400000001810e+01 6.317540202625395729e-01 0.000000000000000000e+00 1.679047802949605872e+00
-3.140684600000001581e+01 6.533700721878968887e-01 0.000000000000000000e+00 1.784510374486655948e+00
-3.100811400000000617e+01 6.450750795731137188e-01 0.000000000000000000e+00 2.105587832364639755e+00
-3.151329800000000958e+01 6.555846387484659532e-01 0.000000000000000000e+00 2.282294292144542158e+00
-3.149382800000002902e+01 6.551795959974209271e-01 0.000000000000000000e+00 2.249566232669684585e+00
-3.061262600000000234e+01 6.368475732800765732e-01 0.000000000000000000e+00 1.729539570575319152e+00
-3.041802400000002038e+01 6.327991845056069042e-01 0.000000000000000000e+00 1.560172779937070153e+00
-3.165981000000002510e+01 6.586325906509397088e-01 0.000000000000000000e+00 2.205060072912190083e+00
-3.056349400000002348e+01 6.358254592356824553e-01 0.000000000000000000e+00 2.004056324427731184e+00
-3.086180200000002571e+01 6.420312883563216166e-01 0.000000000000000000e+00 2.114647901918158102e+00
-3.051695600000001463e+01 6.348573092845704036e-01 0.000000000000000000e+00 2.013551829319915054e+00
-3.121717400000002485e+01 6.494242443154636391e-01 0.000000000000000000e+00 1.827885785538510222e+00
-3.062088000000002097e+01 6.370192847781318557e-01 0.000000000000000000e+00 1.737679776151073163e+00
-3.145019600000002313e+01 6.542719008092537925e-01 0.000000000000000000e+00 1.778379020623539697e+00
-3.064442000000002153e+01 6.375089974827855555e-01 0.000000000000000000e+00 2.291735285980931458e+00
-3.060944600000001614e+01 6.367814183777489312e-01 0.000000000000000000e+00 1.557574954755246210e+00
-3.061829800000001356e+01 6.369655703259899937e-01 0.000000000000000000e+00 1.844844016727855029e+00
-3.106582400000001343e+01 6.462756454263665074e-01 0.000000000000000000e+00 1.853111815032795207e+00
-3.122204000000000690e+01 6.495254737980820092e-01 0.000000000000000000e+00 1.865431989073465413e+00
-3.091574400000001077e+01 6.431534668913438946e-01 0.000000000000000000e+00 2.018597930673964314e+00
-3.077705400000001390e+01 6.402682394058543114e-01 0.000000000000000000e+00 1.659277692884783439e+00
-3.102361400000002689e+01 6.453975327133917306e-01 0.000000000000000000e+00 2.010265802869326546e+00
-3.127721800000002261e+01 6.506733653706134879e-01 0.000000000000000000e+00 2.063994749835738940e+00
-3.045511000000000479e+01 6.335707004514344876e-01 0.000000000000000000e+00 1.926862990810072285e+00
-3.083628000000001990e+01 6.415003432565690167e-01 0.000000000000000000e+00 1.815175209841805026e+00
-3.077345000000001107e+01 6.401932638498826211e-01 0.000000000000000000e+00 1.723885482703171990e+00
-3.085541400000001389e+01 6.418983960556702284e-01 0.000000000000000000e+00 2.110379791996854326e+00
-3.125959800000001465e+01 6.503068089621172332e-01 0.000000000000000000e+00 1.948057797556895121e+00
-3.105303200000001240e+01 6.460095279702097182e-01 0.000000000000000000e+00 1.933368173295275660e+00
-3.058347200000000399e+01 6.362410701283571779e-01 0.000000000000000000e+00 1.726990895853129704e+00
-3.081891800000001780e+01 6.411391541326013632e-01 0.000000000000000000e+00 2.072916376683640483e+00
-3.033566800000001251e+01 6.310858973558844953e-01 0.000000000000000000e+00 1.994810613874981930e+00
-3.075978200000001905e+01 6.399089225904432965e-01 0.000000000000000000e+00 1.989392055980922391e+00
-3.060525800000000629e+01 6.366942936195886249e-01 0.000000000000000000e+00 2.012380061156792355e+00
-3.042498200000002129e+01 6.329439347604489674e-01 0.000000000000000000e+00 2.057159869765531557e+00
-3.102878400000001946e+01 6.455050864382454456e-01 0.000000000000000000e+00 1.884603919522292559e+00
-3.009249200000002489e+01 6.260270028500701800e-01 0.000000000000000000e+00 2.095771402142028617e+00
-3.062051200000000861e+01 6.370116291164785727e-01 0.000000000000000000e+00 2.297509410463355550e+00
-3.099654000000002085e+01 6.448343006927546028e-01 0.000000000000000000e+00 2.171491732390059770e+00
-3.119301400000000513e+01 6.489216334851983792e-01 0.000000000000000000e+00 1.633466313759135424e+00
-3.099155400000000782e+01 6.447305747987269742e-01 0.000000000000000000e+00 2.092091380636451170e+00
-3.109908800000002316e+01 6.469676506688306628e-01 0.000000000000000000e+00 2.077721878573508985e+00
-3.101779400000000919e+01 6.452764567600741685e-01 0.000000000000000000e+00 1.831384041273239394e+00
-3.055709800000001408e+01 6.356924005076038942e-01 0.000000000000000000e+00 1.926557658548825103e+00
-3.139224800000001636e+01 6.530663837400406679e-01 0.000000000000000000e+00 2.133799537718497952e+00
-3.072878800000000510e+01 6.392641411304583743e-01 0.000000000000000000e+00 1.949590294554787162e+00
-3.032269000000000503e+01 6.308159104620442159e-01 0.000000000000000000e+00 1.993207199287853726e+00
-3.081179400000003099e+01 6.409909505086444081e-01 0.000000000000000000e+00 1.796922467303191384e+00
-3.100299600000002442e+01 6.449686076265372936e-01 0.000000000000000000e+00 2.026231946195158340e+00
-3.075171000000000987e+01 6.397409973163579178e-01 0.000000000000000000e+00 2.036690628312150864e+00
-3.063102600000001630e+01 6.372303563627288447e-01 0.000000000000000000e+00 1.770937680440517248e+00
-3.116634400000001293e+01 6.483668060496372565e-01 0.000000000000000000e+00 2.191296197024708459e+00
-3.051476600000001937e+01 6.348117497763635653e-01 0.000000000000000000e+00 1.792881929907794936e+00
-3.066691400000000911e+01 6.379769498013274642e-01 0.000000000000000000e+00 2.093339347849881182e+00
-3.123698800000002151e+01 6.498364434458803185e-01 0.000000000000000000e+00 1.926890650044335906e+00
-3.111608000000002860e+01 6.473211425242885175e-01 0.000000000000000000e+00 2.354972277432315408e+00
-3.109235600000000943e+01 6.468276019888079542e-01 0.000000000000000000e+00 1.980895274095360481e+00
-3.063068000000002655e+01 6.372231583765010088e-01 0.000000000000000000e+00 1.861401442923361182e+00
-3.066481400000001756e+01 6.379332626016770424e-01 0.000000000000000000e+00 2.015428635013486236e+00
-3.051045600000000135e+01 6.347220869999375958e-01 0.000000000000000000e+00 1.577911516531912195e+00
-3.066472200000000825e+01 6.379313486862636662e-01 0.000000000000000000e+00 1.597371526050963331e+00
-3.051106400000001528e+01 6.347347354844080636e-01 0.000000000000000000e+00 1.831992713337367906e+00
-3.070627400000002183e+01 6.387957727433485333e-01 0.000000000000000000e+00 1.701951070681510192e+00
-3.087778000000001910e+01 6.423636855353765940e-01 0.000000000000000000e+00 1.863671330650033875e+00
-3.123586800000000352e+01 6.498131436060663457e-01 0.000000000000000000e+00 2.317445613317134168e+00
-3.125617599999999641e+01 6.502356196301148916e-01 0.000000000000000000e+00 1.914009918022074652e+00
-3.077773600000003285e+01 6.402824273440269609e-01 0.000000000000000000e+00 2.266225836434050400e+00
-3.114561000000002267e+01 6.479354677650881467e-01 0.000000000000000000e+00 2.329649499344907504e+00
-3.091711800000000920e+01 6.431820508019723270e-01 0.000000000000000000e+00 2.032391527160239075e+00
-3.104133000000002696e+01 6.457660862510147259e-01 0.000000000000000000e+00 1.838890408821734157e+00
-3.165423800000001009e+01 6.585166739478668374e-01 0.000000000000000000e+00 1.857078073062762957e+00
-3.065322600000000008e+01 6.376921924733195413e-01 0.000000000000000000e+00 1.958494142752527756e+00
-3.082544200000000600e+01 6.412748756995153565e-01 0.000000000000000000e+00 1.999192998054641679e+00
-3.094737800000001826e+01 6.438115625455078650e-01 0.000000000000000000e+00 1.602983669272882716e+00
-3.137876600000000593e+01 6.527859119182841674e-01 0.000000000000000000e+00 2.165469343775691335e+00
-3.083206600000002240e+01 6.414126776092704540e-01 0.000000000000000000e+00 1.697161647879878110e+00
-3.035385000000001554e+01 6.314641452911442521e-01 0.000000000000000000e+00 1.815871906748152353e+00
-3.129372199999999538e+01 6.510167051530091342e-01 0.000000000000000000e+00 2.252135893937937894e+00
-3.082811200000001861e+01 6.413304208533570083e-01 0.000000000000000000e+00 1.959653912409076604e+00
-3.122287000000001811e+01 6.495427406436584672e-01 0.000000000000000000e+00 2.417481210000829162e+00
-3.175625200000003900e+01 6.606389148931751665e-01 0.000000000000000000e+00 2.457527143349385046e+00
-3.104105800000003512e+01 6.457604277184887387e-01 0.000000000000000000e+00 1.734587553525172909e+00
-3.071151200000000614e+01 6.389047411013335509e-01 0.000000000000000000e+00 1.734206761599019542e+00
-3.129592200000002933e+01 6.510624726955007713e-01 0.000000000000000000e+00 1.932532434297577373e+00
-3.119519600000001702e+01 6.489670265659783777e-01 0.000000000000000000e+00 1.860333593627712334e+00
-3.130537400000002890e+01 6.512591067007849066e-01 0.000000000000000000e+00 1.910229787786133171e+00
-3.162720000000001974e+01 6.579541908506525427e-01 0.000000000000000000e+00 1.951343525146536750e+00
-3.084023200000001452e+01 6.415825584056255027e-01 0.000000000000000000e+00 1.689998722543298415e+00
-3.141523600000001792e+01 6.535446129522148873e-01 0.000000000000000000e+00 1.882902051638546181e+00
-3.082907400000001630e+01 6.413504337514825959e-01 0.000000000000000000e+00 1.563165532289326753e+00
-3.061713000000001728e+01 6.369412719216129837e-01 0.000000000000000000e+00 1.850455306980234305e+00
-3.082999800000001756e+01 6.413696561193288348e-01 0.000000000000000000e+00 1.823256314033390391e+00
-3.139225400000001898e+01 6.530665085606111031e-01 0.000000000000000000e+00 2.206952930412097391e+00
-3.080510600000002697e+01 6.408518171794717055e-01 0.000000000000000000e+00 1.835240387844534693e+00
-3.108714400000001632e+01 6.467191745199611930e-01 0.000000000000000000e+00 1.947982530583523220e+00
-3.136472000000002680e+01 6.524937069629079822e-01 0.000000000000000000e+00 2.011642441068260734e+00
-3.128392600000001167e+01 6.508129147683540117e-01 0.000000000000000000e+00 1.656551019109623324e+00
-3.127433400000000674e+01 6.506133682830931297e-01 0.000000000000000000e+00 2.093341759692556536e+00
-3.083028400000003444e+01 6.413756058998529852e-01 0.000000000000000000e+00 1.813772887719480309e+00
-3.092314800000001185e+01 6.433074954752545649e-01 0.000000000000000000e+00 1.878513032972213725e+00
-3.070811400000001967e+01 6.388340510516137272e-01 0.000000000000000000e+00 1.858930065083871597e+00
-3.088887600000002465e+01 6.425945203769586334e-01 0.000000000000000000e+00 1.823718759502576781e+00
-3.067864600000001829e+01 6.382210156233750764e-01 0.000000000000000000e+00 2.157509168182587089e+00
-3.132272600000000651e+01 6.516200877904679833e-01 0.000000000000000000e+00 2.077548558433834902e+00
-3.134876200000000068e+01 6.521617258524204930e-01 0.000000000000000000e+00 2.073276151349244145e+00
-3.111437400000000864e+01 6.472856518754291910e-01 0.000000000000000000e+00 2.201180463215227423e+00
-3.085602800000001622e+01 6.419111693607109093e-01 0.000000000000000000e+00 2.227819959724182119e+00
-3.070502800000000931e+01 6.387698516715556440e-01 0.000000000000000000e+00 1.626886950315562075e+00
-3.118042400000001635e+01 6.486597183215796480e-01 0.000000000000000000e+00 1.766264098279962003e+00
-3.124784400000000772e+01 6.500622854646447291e-01 0.000000000000000000e+00 2.016947599080944453e+00
-3.128234200000002474e+01 6.507799621377607924e-01 0.000000000000000000e+00 1.885497110732821557e+00
-3.118942600000001519e+01 6.488469907840814788e-01 0.000000000000000000e+00 2.265180353451046180e+00
-3.080627200000001764e+01 6.408760739769917558e-01 0.000000000000000000e+00 1.627260074951546454e+00
-3.099087400000001580e+01 6.447164284674117285e-01 0.000000000000000000e+00 1.792920268223341829e+00
-3.090821600000003144e+01 6.429968586823114896e-01 0.000000000000000000e+00 1.707218683614025956e+00
-3.093824800000001218e+01 6.436216272441700470e-01 0.000000000000000000e+00 2.040482884247023065e+00
-3.096412000000001541e+01 6.441598535438642914e-01 0.000000000000000000e+00 1.781977387197954288e+00
-3.042229400000001505e+01 6.328880151448961211e-01 0.000000000000000000e+00 1.833782599378077638e+00
-3.091506200000002025e+01 6.431392789531719112e-01 0.000000000000000000e+00 2.198882388060172666e+00
-3.133308800000000360e+01 6.518356529156005275e-01 0.000000000000000000e+00 2.120944350813685375e+00
-3.088984000000000663e+01 6.426145748819406256e-01 0.000000000000000000e+00 1.971233617957459883e+00
-3.092339400000001959e+01 6.433126131186422958e-01 0.000000000000000000e+00 1.734434050612254641e+00
-3.053900200000001419e+01 6.353159416671869675e-01 0.000000000000000000e+00 1.908688353795650494e+00
-3.150656000000001455e+01 6.554444652478731426e-01 0.000000000000000000e+00 2.494707241624584348e+00
-3.069894200000003437e+01 6.386432420062833071e-01 0.000000000000000000e+00 1.916912979650227999e+00
-3.066964399999999458e+01 6.380337431608728016e-01 0.000000000000000000e+00 2.116863533594602664e+00
-3.077319800000000427e+01 6.401880213859244551e-01 0.000000000000000000e+00 2.016948414577494297e+00
-3.098304600000001940e+01 6.445535792298574540e-01 0.000000000000000000e+00 1.751575959212996692e+00
-3.081463400000001585e+01 6.410500322453143163e-01 0.000000000000000000e+00 1.784681096840043502e+00
-3.090518800000001676e+01 6.429338659011007984e-01 0.000000000000000000e+00 1.619663977576394132e+00
-3.039765600000002266e+01 6.323754602758538956e-01 0.000000000000000000e+00 1.692709461805199211e+00
-3.087395400000001899e+01 6.422840916182990245e-01 0.000000000000000000e+00 2.038759775081137260e+00
-3.093172200000002192e+01 6.434858640703992050e-01 0.000000000000000000e+00 1.799113764297535667e+00
-3.120909200000003025e+01 6.492561110070945718e-01 0.000000000000000000e+00 1.743354641835125562e+00
-3.102075000000002447e+01 6.453379516944397487e-01 0.000000000000000000e+00 2.121372802210775177e+00
-3.168335400000000845e+01 6.591223865693067729e-01 0.000000000000000000e+00 1.895967018392546555e+00
-3.077689200000001435e+01 6.402648692504527839e-01 0.000000000000000000e+00 1.871803181706469754e+00
-3.039899800000001306e+01 6.324033784767731925e-01 0.000000000000000000e+00 1.880239461537607681e+00
-3.093994600000000617e+01 6.436569514656016455e-01 0.000000000000000000e+00 2.253278748819778521e+00
-3.113964000000001064e+01 6.478112712975100385e-01 0.000000000000000000e+00 1.908358994666688124e+00
-3.103914400000001805e+01 6.457206099565211410e-01 0.000000000000000000e+00 2.177466827929029680e+00
-3.070157200000002007e+01 6.386979550229882063e-01 0.000000000000000000e+00 1.871043937640647137e+00
-3.092614000000002861e+01 6.433697393330426451e-01 0.000000000000000000e+00 1.590147063016563056e+00
-3.113167400000001450e+01 6.476455511868358661e-01 0.000000000000000000e+00 2.209677528035036254e+00
-3.101721600000001189e+01 6.452644323784562097e-01 0.000000000000000000e+00 1.696088928648149974e+00
-3.128297400000002426e+01 6.507931099045127787e-01 0.000000000000000000e+00 2.129497910501986002e+00
-3.062703600000000748e+01 6.371473506833927880e-01 0.000000000000000000e+00 2.002040877771147365e+00
-3.076323200000001279e+01 6.399806944184404101e-01 0.000000000000000000e+00 1.529574087868510901e+00
-3.119047200000001396e+01 6.488687511701930477e-01 0.000000000000000000e+00 2.112968107915182969e+00
-3.134688600000000136e+01 6.521226986207326881e-01 0.000000000000000000e+00 2.064797752270623121e+00
-3.084078999999999837e+01 6.415941667186751962e-01 0.000000000000000000e+00 2.043781811354686173e+00
-3.086589400000003280e+01 6.421164159853550712e-01 0.000000000000000000e+00 1.789472327495657877e+00
-3.082371600000002232e+01 6.412389689820886529e-01 0.000000000000000000e+00 1.807711596775092078e+00
-3.119873000000001895e+01 6.490405458819616946e-01 0.000000000000000000e+00 1.976938438136558895e+00
-3.195578000000001495e+01 6.647897813559677793e-01 0.000000000000000000e+00 2.327445687330801594e+00
-3.117307000000000627e+01 6.485067299090890858e-01 0.000000000000000000e+00 1.904527475610035658e+00
-3.078869600000001583e+01 6.405104329193453960e-01 0.000000000000000000e+00 2.196692609674366636e+00
-3.101973400000001035e+01 6.453168154111799115e-01 0.000000000000000000e+00 1.972916151244756833e+00
-3.106064400000001768e+01 6.461678836672286597e-01 0.000000000000000000e+00 1.711244303047086968e+00
-3.025217400000001788e+01 6.293489359046374743e-01 0.000000000000000000e+00 1.621101717570834877e+00
-3.092689800000002265e+01 6.433855083317735479e-01 0.000000000000000000e+00 1.917606421630567270e+00
-3.136324800000000224e+01 6.524630843162952942e-01 0.000000000000000000e+00 2.144327213859154924e+00
-3.119794600000000884e+01 6.490242359940919803e-01 0.000000000000000000e+00 2.038654330948469262e+00
-3.129835800000001811e+01 6.511131498470951184e-01 0.000000000000000000e+00 1.890676421587648370e+00
-3.085311800000002336e+01 6.418506313840525168e-01 0.000000000000000000e+00 1.794853913437474802e+00
-3.089732000000003254e+01 6.427701845264105485e-01 0.000000000000000000e+00 2.069460581646796360e+00
-3.103571800000001701e+01 6.456493374108056571e-01 0.000000000000000000e+00 2.177191388810618466e+00
-3.092504800000000387e+01 6.433470219892238884e-01 0.000000000000000000e+00 1.654913763719878750e+00
-3.085068000000002897e+01 6.417999126256013209e-01 0.000000000000000000e+00 2.016042048423122957e+00
-3.102032600000002915e+01 6.453291310407961445e-01 0.000000000000000000e+00 1.930566371422823169e+00
-3.110162000000001825e+01 6.470203249495520836e-01 0.000000000000000000e+00 2.047118906801912441e+00
-3.122467200000001952e+01 6.495802284216443123e-01 0.000000000000000000e+00 2.034927268850439841e+00
-3.117557400000002232e+01 6.485588216938156236e-01 0.000000000000000000e+00 2.164091069547898982e+00
-3.043753200000001513e+01 6.332050177869316121e-01 0.000000000000000000e+00 1.885978603994019842e+00
-3.086088000000002296e+01 6.420121075953321155e-01 0.000000000000000000e+00 2.326384267137274975e+00
-3.025436600000002940e+01 6.293945370197013833e-01 0.000000000000000000e+00 2.081098654689271577e+00
-3.073097800000001456e+01 6.393097006386655456e-01 0.000000000000000000e+00 2.301336045136047392e+00
-3.112512600000001939e+01 6.475093303376400211e-01 0.000000000000000000e+00 1.851548806800306091e+00
-3.107363400000000553e+01 6.464381202022093653e-01 0.000000000000000000e+00 1.951075434097665706e+00
-3.136407800000001700e+01 6.524803511618717522e-01 0.000000000000000000e+00 1.854120771217071084e+00
-3.056031200000001746e+01 6.357592627264976315e-01 0.000000000000000000e+00 2.082894626549574024e+00
-3.127853600000000966e+01 6.507007842892510441e-01 0.000000000000000000e+00 1.961323439375164179e+00
-3.096320400000000816e+01 6.441407976034452254e-01 0.000000000000000000e+00 2.234102710529656477e+00
-3.124895600000001394e+01 6.500854188770311959e-01 0.000000000000000000e+00 2.238458490434428239e+00
-3.096004800000001822e+01 6.440751419833992131e-01 0.000000000000000000e+00 2.034487303766696176e+00
-3.095712600000001302e+01 6.440143543655997282e-01 0.000000000000000000e+00 1.918234097352683243e+00
-3.080801800000001478e+01 6.409123967629868357e-01 0.000000000000000000e+00 2.121801299943141039e+00
-3.101672600000000912e+01 6.452542386985377076e-01 0.000000000000000000e+00 1.919901583263627032e+00
-3.068374000000000379e+01 6.383269882876698720e-01 0.000000000000000000e+00 1.789470372411170462e+00
-3.096562000000000836e+01 6.441910586864716404e-01 0.000000000000000000e+00 1.664574804688584875e+00
-3.103759800000002045e+01 6.456884478562070484e-01 0.000000000000000000e+00 2.081148108446126077e+00
-3.130280000000002261e+01 6.512055586760702175e-01 0.000000000000000000e+00 2.000709782133138770e+00
-3.111319800000002900e+01 6.472611870436253412e-01 0.000000000000000000e+00 2.000208916461204911e+00
-3.112865400000002225e+01 6.475827248330529029e-01 0.000000000000000000e+00 1.821884281072813527e+00
-3.119894800000003698e+01 6.490450810293543205e-01 0.000000000000000000e+00 2.309306968430226537e+00
