-2.404771199999995090e+01 4.558384529209599800e-01 0.000000000000000000e+00 1.675973643586305961e+00
-2.433150799999996039e+01 4.612179721694091294e-01 0.000000000000000000e+00 1.771709580806976270e+00
-2.372557599999996825e+01 4.497321765371551927e-01 0.000000000000000000e+00 2.020225673718536008e+00
-2.394288199999997246e+01 4.538513389277578636e-01 0.000000000000000000e+00 1.805943705755967743e+00
-2.425652399999997044e+01 4.597966065711425743e-01 0.000000000000000000e+00 1.750362575837625778e+00
-2.436917399999996192e+01 4.619319532403617923e-01 0.000000000000000000e+00 1.718452252806505820e+00
-2.456806599999995200e+01 4.657020674856733877e-01 0.000000000000000000e+00 1.741395215164546428e+00
-2.454552599999996332e+01 4.652748085959780844e-01 0.000000000000000000e+00 1.987075534833880885e+00
-2.410770799999995617e+01 4.569757122087229062e-01 0.000000000000000000e+00 1.633319782731669001e+00
-2.448281399999995855e+01 4.640860659388977849e-01 0.000000000000000000e+00 1.860374518014253908e+00
-2.450676599999996697e+01 4.645400901148512562e-01 0.000000000000000000e+00 2.033711736881928633e+00
-2.409552799999996253e+01 4.567448331813720452e-01 0.000000000000000000e+00 1.690139796027882335e+00
-2.471781199999995948e+01 4.685405905422995732e-01 0.000000000000000000e+00 1.814789987865418341e+00
-2.389088999999995622e+01 4.528658001436824954e-01 0.000000000000000000e+00 1.643302965451783892e+00
-2.439673999999995502e+01 4.624544829011135727e-01 0.000000000000000000e+00 2.046494916493155181e+00
-2.445598999999996082e+01 4.635776013223408820e-01 0.000000000000000000e+00 1.960325061145098635e+00
-2.437839599999995954e+01 4.621067616467846584e-01 0.000000000000000000e+00 1.664182525556519465e+00
-2.442842999999996323e+01 4.630551853951000441e-01 0.000000000000000000e+00 1.951680837124759149e+00
-2.449397799999995584e+01 4.642976860917176762e-01 0.000000000000000000e+00 1.893149273147841649e+00
-2.446696399999997240e+01 4.637856199139790414e-01 0.000000000000000000e+00 1.879142527615973224e+00
-2.462258999999994913e+01 4.667356018113947846e-01 0.000000000000000000e+00 1.923767268810199438e+00
-2.457638599999996032e+01 4.658597779542745787e-01 0.000000000000000000e+00 1.631143337316719899e+00
-2.410881799999994968e+01 4.569967529082596958e-01 0.000000000000000000e+00 1.710535961632015489e+00
-2.428010199999996388e+01 4.602435413582428025e-01 0.000000000000000000e+00 1.995108173973167087e+00
-2.473580999999996166e+01 4.688817531641603087e-01 0.000000000000000000e+00 1.842410679139169893e+00
-2.401527399999995893e+01 4.552235716492677997e-01 0.000000000000000000e+00 1.785906741749484938e+00
-2.451721799999996065e+01 4.647382138910312044e-01 0.000000000000000000e+00 2.154451123725300565e+00
-2.422770999999995922e+01 4.592504203401003293e-01 0.000000000000000000e+00 1.858981209282290159e+00
-2.438750599999995572e+01 4.622794470276686551e-01 0.000000000000000000e+00 1.582744583478108646e+00
-2.452702799999997652e+01 4.649241681815334259e-01 0.000000000000000000e+00 1.715254272170158245e+00
-2.458930999999996914e+01 4.661047599369910754e-01 0.000000000000000000e+00 2.166494982545295489e+00
-2.431946999999996706e+01 4.609897848351521277e-01 0.000000000000000000e+00 1.598505367143907119e+00
-2.462378799999996559e+01 4.667583106024267847e-01 0.000000000000000000e+00 1.887957194626889379e+00
-2.441525199999995266e+01 4.628053886937507633e-01 0.000000000000000000e+00 1.748178886697510759e+00
-2.435194799999997173e+01 4.616054243302512572e-01 0.000000000000000000e+00 1.574920017368205860e+00
-2.405578999999996270e+01 4.559915761379504939e-01 0.000000000000000000e+00 1.793903034298299781e+00
-2.461982599999995358e+01 4.666832085739894276e-01 0.000000000000000000e+00 1.979120829944243543e+00
-2.494432999999996170e+01 4.728343717834734283e-01 0.000000000000000000e+00 2.060591478952417788e+00
-2.400568999999996933e+01 4.550419013210141306e-01 0.000000000000000000e+00 1.957598962112680807e+00
-2.429890199999996270e+01 4.605999063594085619e-01 0.000000000000000000e+00 1.886095851864427964e+00
-2.432999999999995921e+01 4.611893871469751605e-01 0.000000000000000000e+00 1.719964773775992883e+00
-2.445465999999996853e+01 4.635523903940670931e-01 0.000000000000000000e+00 1.597650892448476689e+00
-2.497322799999995624e+01 4.733821502836695339e-01 0.000000000000000000e+00 1.951366503330215219e+00
-2.480396799999995849e+01 4.701737279380675538e-01 0.000000000000000000e+00 1.882724664575789575e+00
-2.453466399999995318e+01 4.650689130298787943e-01 0.000000000000000000e+00 1.971292841916162608e+00
-2.426396799999995935e+01 4.599377119471358966e-01 0.000000000000000000e+00 1.994334220233900501e+00
-2.480243999999995452e+01 4.701447638039301657e-01 0.000000000000000000e+00 2.183319025722262552e+00
-2.405949599999994959e+01 4.560618255365842533e-01 0.000000000000000000e+00 1.479938187619928014e+00
-2.416510599999995179e+01 4.580637248862182154e-01 0.000000000000000000e+00 1.845653555911423993e+00
-2.449095999999994433e+01 4.642404781356792576e-01 0.000000000000000000e+00 1.840488587195247661e+00
-2.388926599999995659e+01 4.528350162733690287e-01 0.000000000000000000e+00 1.461995627970911427e+00
-2.429001599999996586e+01 4.604314670296023038e-01 0.000000000000000000e+00 1.955554899922296253e+00
-2.433390399999995424e+01 4.612633897514724635e-01 0.000000000000000000e+00 1.780130247414951183e+00
-2.491523399999997679e+01 4.722828400774141677e-01 0.000000000000000000e+00 1.876160954318443208e+00
-2.428549999999995990e+01 4.603458636069817089e-01 0.000000000000000000e+00 1.980079569261311789e+00
-2.482519799999995769e+01 4.705761550111924874e-01 0.000000000000000000e+00 1.859026613226079316e+00
-2.427768999999994648e+01 4.601978204868163447e-01 0.000000000000000000e+00 1.859164312618207360e+00
-2.454784399999995870e+01 4.653187476423983338e-01 0.000000000000000000e+00 1.980879257703507479e+00
-2.473972199999996135e+01 4.689559074133390904e-01 0.000000000000000000e+00 1.709981476867010519e+00
-2.432869199999995757e+01 4.611645932415748828e-01 0.000000000000000000e+00 1.665698542558895046e+00
-2.430675599999995384e+01 4.607487835253209485e-01 0.000000000000000000e+00 1.432824935652036169e+00
-2.424274599999996838e+01 4.595354365186924417e-01 0.000000000000000000e+00 1.649718845921903876e+00
-2.522734999999995864e+01 4.781991814978316380e-01 0.000000000000000000e+00 1.574207844112283983e+00
-2.501797399999995264e+01 4.742303368976142908e-01 0.000000000000000000e+00 1.413867536451100193e+00
-2.449992599999995591e+01 4.644104339122992475e-01 0.000000000000000000e+00 1.533468685898183859e+00
-2.534390199999995730e+01 4.804084928603780669e-01 0.000000000000000000e+00 1.889815527846274046e+00
-2.477497199999995559e+01 4.696240917905247780e-01 0.000000000000000000e+00 1.795174351515583355e+00
-2.512433799999996609e+01 4.762465287584654039e-01 0.000000000000000000e+00 1.795597273624145895e+00
-2.470218799999996762e+01 4.682444284796287715e-01 0.000000000000000000e+00 1.935498212022794373e+00
-2.593179199999995532e+01 4.915522918250239681e-01 0.000000000000000000e+00 2.128804204464434857e+00
-2.617563799999996732e+01 4.961745354459958790e-01 0.000000000000000000e+00 1.872471504484666260e+00
-2.525820199999996163e+01 4.787839992114469312e-01 0.000000000000000000e+00 2.026103815082265669e+00
-2.596932399999995056e+01 4.922637328475639173e-01 0.000000000000000000e+00 1.606816458572475570e+00
-2.590217199999995756e+01 4.909908273923362376e-01 0.000000000000000000e+00 1.697030283003312379e+00
-2.574282399999995263e+01 4.879702928069232226e-01 0.000000000000000000e+00 1.649850531039619872e+00
-2.522147399999996509e+01 4.780877984793823199e-01 0.000000000000000000e+00 1.711295548603661842e+00
-2.558083399999996033e+01 4.848996775654955682e-01 0.000000000000000000e+00 1.626873148359307297e+00
-2.553347799999994905e+01 4.840020168742609763e-01 0.000000000000000000e+00 1.915758410760605157e+00
-2.607247799999996118e+01 4.942190772800244547e-01 0.000000000000000000e+00 2.157911146708054062e+00
-2.551897599999995592e+01 4.837271229781490711e-01 0.000000000000000000e+00 1.847740827245722528e+00
-2.606965399999995370e+01 4.941655467075087849e-01 0.000000000000000000e+00 1.893197170275561447e+00
-2.564428799999995334e+01 4.861024852667705232e-01 0.000000000000000000e+00 2.139164754176524852e+00
-2.578792399999995055e+01 4.888251896980176370e-01 0.000000000000000000e+00 1.957926582806568394e+00
-2.567559799999994752e+01 4.866959846383928090e-01 0.000000000000000000e+00 1.573122390711407359e+00
-2.557289399999994828e+01 4.847491702192582852e-01 0.000000000000000000e+00 1.682885707410357368e+00
-2.595375399999995025e+01 4.919685943864920974e-01 0.000000000000000000e+00 2.076883161603833461e+00
-2.591291999999994289e+01 4.911945620217257891e-01 0.000000000000000000e+00 1.939493467038975849e+00
-2.523771399999995779e+01 4.783956371825168752e-01 0.000000000000000000e+00 1.799237357687131000e+00
-2.620695399999995345e+01 4.967681485511289963e-01 0.000000000000000000e+00 2.125733374171052237e+00
-2.592895999999995027e+01 4.914986096078269862e-01 0.000000000000000000e+00 1.765532597583888252e+00
-2.620703399999996108e+01 4.967696649979425616e-01 0.000000000000000000e+00 1.696945581659927926e+00
-2.651606799999996866e+01 5.026275853048716158e-01 0.000000000000000000e+00 2.518689380156500235e+00
-2.650774399999996334e+01 5.024697990139297410e-01 0.000000000000000000e+00 1.902351587506601938e+00
-2.763695399999995317e+01 5.238746353419294621e-01 0.000000000000000000e+00 2.205287766898534230e+00
-2.723736999999997010e+01 5.163002867980029942e-01 0.000000000000000000e+00 1.914156237857634668e+00
-2.830770199999993864e+01 5.365890561824577798e-01 0.000000000000000000e+00 1.993640626257055848e+00
-2.842535999999995155e+01 5.388193324222005920e-01 0.000000000000000000e+00 2.023934199333644379e+00
-2.742431999999994474e+01 5.198440334452334444e-01 0.000000000000000000e+00 1.634207045596973273e+00
-2.786785399999995505e+01 5.282514799573111430e-01 0.000000000000000000e+00 1.789322340402260902e+00
-2.883423199999994679e+01 5.465697404411712368e-01 0.000000000000000000e+00 2.309465457277851019e+00
-2.809872999999996068e+01 5.326278696386489431e-01 0.000000000000000000e+00 1.722204388760714577e+00
-2.845132199999994782e+01 5.393114573243423804e-01 0.000000000000000000e+00 1.936604110791711131e+00
-2.838438999999995360e+01 5.380427220978516445e-01 0.000000000000000000e+00 2.352527526111248601e+00
-2.878276199999994489e+01 5.455940964725540798e-01 0.000000000000000000e+00 2.113881080090277198e+00
-2.818934399999994866e+01 5.343455110330973534e-01 0.000000000000000000e+00 1.721065098359709999e+00
-2.846409799999994661e+01 5.395536338804537424e-01 0.000000000000000000e+00 1.758202687777803197e+00
-2.835760799999994930e+01 5.375350536158717274e-01 0.000000000000000000e+00 1.951431018337387524e+00
-2.877382199999996004e+01 5.454246335411490065e-01 0.000000000000000000e+00 1.937658142054656807e+00
-2.837588399999996369e+01 5.378814858904095164e-01 0.000000000000000000e+00 1.939873483051527181e+00
-2.828241399999997086e+01 5.361097073447200767e-01 0.000000000000000000e+00 1.833571542487007155e+00
-2.811355799999995497e+01 5.329089430555257190e-01 0.000000000000000000e+00 1.941761935765525582e+00
-2.820954199999994572e+01 5.347283759423284710e-01 0.000000000000000000e+00 1.693994495905336350e+00
-2.891987799999994735e+01 5.481932104885034462e-01 0.000000000000000000e+00 2.268243886891398997e+00
-2.862988999999994633e+01 5.426963182566917343e-01 0.000000000000000000e+00 1.853664735222110727e+00
-2.863271599999995587e+01 5.427498867403778293e-01 0.000000000000000000e+00 1.896826050006651831e+00
-2.806935599999996356e+01 5.320710682799126845e-01 0.000000000000000000e+00 1.830980441466904862e+00
-2.848775399999995983e+01 5.400020472031974439e-01 0.000000000000000000e+00 1.764556116754509629e+00
-2.901983599999995178e+01 5.500879728707656069e-01 0.000000000000000000e+00 1.813345137412559316e+00
-2.853248199999994128e+01 5.408498926166088738e-01 0.000000000000000000e+00 1.809731916101822824e+00
-2.847556799999994226e+01 5.397710544423350854e-01 0.000000000000000000e+00 2.358310881952453197e+00
-2.860502399999994694e+01 5.422249686758945364e-01 0.000000000000000000e+00 1.916520877887265328e+00
-2.841336799999996288e+01 5.385920170448614819e-01 0.000000000000000000e+00 2.097246809215271401e+00
-2.788191599999995418e+01 5.285180333959490495e-01 0.000000000000000000e+00 1.992891564035544461e+00
-2.872009199999994422e+01 5.444061499500509882e-01 0.000000000000000000e+00 1.579503462425499105e+00
-2.845199399999994228e+01 5.393241954775753744e-01 0.000000000000000000e+00 1.540184874238258672e+00
-2.869805799999996054e+01 5.439884825864509388e-01 0.000000000000000000e+00 2.132984322453951531e+00
-2.877603799999994649e+01 5.454666391178818463e-01 0.000000000000000000e+00 2.309478222534171454e+00
-2.781135799999994873e+01 5.271805652176375645e-01 0.000000000000000000e+00 1.858660786977134993e+00
-2.828129399999996352e+01 5.360884770893312723e-01 0.000000000000000000e+00 1.614839147871696801e+00
-2.865229799999994498e+01 5.431210750091450823e-01 0.000000000000000000e+00 1.858136795802491692e+00
-2.869951599999996361e+01 5.440161198296264988e-01 0.000000000000000000e+00 2.200134562768120805e+00
-2.788548599999993627e+01 5.285857048349998921e-01 0.000000000000000000e+00 1.912486892542130557e+00
-2.848789399999995098e+01 5.400047009851208779e-01 0.000000000000000000e+00 1.946608466223168410e+00
-2.809542199999994239e+01 5.325651645629115860e-01 0.000000000000000000e+00 2.032037854156076406e+00
-2.870847799999995331e+01 5.441859997839054719e-01 0.000000000000000000e+00 2.121139146759389860e+00
-2.863700799999995539e+01 5.428312441119205189e-01 0.000000000000000000e+00 2.077437885379999294e+00
-2.888942999999994043e+01 5.476160508312960529e-01 0.000000000000000000e+00 1.994012934190039665e+00
-2.873255999999994614e+01 5.446424881859305289e-01 0.000000000000000000e+00 2.123719347148899317e+00
-2.829831799999995567e+01 5.364111769712378575e-01 0.000000000000000000e+00 1.574236942389498628e+00
-2.861183599999994698e+01 5.423540941220615919e-01 0.000000000000000000e+00 2.084148871527874203e+00
-2.882451199999995950e+01 5.463854921533347619e-01 0.000000000000000000e+00 1.915412312987319510e+00
-2.883864799999996009e+01 5.466534483052751803e-01 0.000000000000000000e+00 2.035240555830432729e+00
-2.820907599999994986e+01 5.347195426396401663e-01 0.000000000000000000e+00 1.475684835717869792e+00
-2.834824599999995698e+01 5.373575914275253718e-01 0.000000000000000000e+00 2.016691601519777333e+00
-2.842187399999993858e+01 5.387532532523033879e-01 0.000000000000000000e+00 2.101718483710822927e+00
-2.791839399999996019e+01 5.292094952317217826e-01 0.000000000000000000e+00 1.715245547331460729e+00
-2.910903599999995350e+01 5.517788110677861457e-01 0.000000000000000000e+00 1.641625282820643683e+00
-2.951438799999992924e+01 5.594624954269636907e-01 0.000000000000000000e+00 2.056344512526531609e+00
-2.807220799999995720e+01 5.321251296088127525e-01 0.000000000000000000e+00 2.052490389041338847e+00
-2.830587999999995219e+01 5.365545191062811581e-01 0.000000000000000000e+00 2.277286071204277285e+00
-2.901025399999995003e+01 5.499063404536820299e-01 0.000000000000000000e+00 1.969539193781739250e+00
-2.819479399999994484e+01 5.344488189722650384e-01 0.000000000000000000e+00 2.181400647708307439e+00
-2.878409799999994689e+01 5.456194211343391443e-01 0.000000000000000000e+00 1.832099307549466038e+00
-2.890199799999994568e+01 5.478542846256925225e-01 0.000000000000000000e+00 2.169230995238411897e+00
-2.882328599999995689e+01 5.463622526059183082e-01 0.000000000000000000e+00 2.158181667165414375e+00
-2.857645999999994757e+01 5.416835213411446137e-01 0.000000000000000000e+00 1.924406706000840961e+00
-2.917983599999995192e+01 5.531208664977083078e-01 0.000000000000000000e+00 2.042817737091034758e+00
-2.886562399999995776e+01 5.471647941707776797e-01 0.000000000000000000e+00 2.283467949454482504e+00
-2.933745199999996345e+01 5.561085700096097817e-01 0.000000000000000000e+00 2.313577384056163755e+00
-2.920863399999996091e+01 5.536667494393878730e-01 0.000000000000000000e+00 1.996635316201490928e+00
-2.892518199999994977e+01 5.482937509122366437e-01 0.000000000000000000e+00 2.149622853854633586e+00
-2.922409999999995378e+01 5.539599165196020802e-01 0.000000000000000000e+00 1.925922863450038047e+00
-2.863706599999996172e+01 5.428323435358604065e-01 0.000000000000000000e+00 1.777376063287529506e+00
-2.903272999999994397e+01 5.503323861859267252e-01 0.000000000000000000e+00 1.891533607361438829e+00
-2.904967399999995337e+01 5.506535696210200781e-01 0.000000000000000000e+00 2.134895834168850648e+00
-2.885897599999994156e+01 5.470387774405778281e-01 0.000000000000000000e+00 1.684681162840102830e+00
-2.956694999999995233e+01 5.604588388945852540e-01 0.000000000000000000e+00 1.785696957645796168e+00
-2.921505999999994785e+01 5.537885580296796340e-01 0.000000000000000000e+00 2.070776694963520015e+00
-2.928428599999995541e+01 5.551007773685469049e-01 0.000000000000000000e+00 2.461536232527250068e+00
-2.983869799999995820e+01 5.656099812529254978e-01 0.000000000000000000e+00 2.033569645780145319e+00
-2.965222399999995773e+01 5.620752574642347010e-01 0.000000000000000000e+00 2.229877205439207977e+00
-2.982637799999995565e+01 5.653764484436508697e-01 0.000000000000000000e+00 2.076454923957725462e+00
-3.022232999999994973e+01 5.728819503022458681e-01 0.000000000000000000e+00 1.959225818938684416e+00
-2.983851599999994519e+01 5.656065313364245783e-01 0.000000000000000000e+00 1.928284567557078111e+00
-3.017141799999995655e+01 5.719168835501527992e-01 0.000000000000000000e+00 2.199871283304336345e+00
-2.908871999999995595e+01 5.513937093995051608e-01 0.000000000000000000e+00 1.529551622290834745e+00
-2.976435799999994813e+01 5.642008230515069833e-01 0.000000000000000000e+00 2.273516022215081644e+00
-2.951359999999993633e+01 5.594475584258511436e-01 0.000000000000000000e+00 2.086404707247432100e+00
-3.052338799999995089e+01 5.785886808618716515e-01 0.000000000000000000e+00 1.913325289038098953e+00
-3.044301599999994323e+01 5.770651825707174831e-01 0.000000000000000000e+00 2.355687788162295515e+00
-3.086485199999993867e+01 5.850613307958111298e-01 0.000000000000000000e+00 2.500877077843053353e+00
-3.065216599999995495e+01 5.810297432086868330e-01 0.000000000000000000e+00 1.946558103459913092e+00
-3.057361599999994084e+01 5.795407819937093974e-01 0.000000000000000000e+00 2.091392162343330696e+00
-3.089437199999995087e+01 5.856208996699823199e-01 0.000000000000000000e+00 2.123531429514847524e+00
-3.064974999999994409e+01 5.809839465149198023e-01 0.000000000000000000e+00 2.451372351882870504e+00
-2.976862599999995140e+01 5.642817254890057921e-01 0.000000000000000000e+00 1.849582980168581914e+00
-3.032319599999994963e+01 5.747939243558408684e-01 0.000000000000000000e+00 2.336825988340128557e+00
-3.109875599999995188e+01 5.894951179890389747e-01 0.000000000000000000e+00 2.149215487234747979e+00
-3.058228399999993385e+01 5.797050890059488593e-01 0.000000000000000000e+00 1.846856635383647083e+00
-3.003570999999994839e+01 5.693444589981205839e-01 0.000000000000000000e+00 1.964718067702222903e+00
-3.033363599999993454e+01 5.749918206649986541e-01 0.000000000000000000e+00 1.859341346371685688e+00
-2.979520199999996422e+01 5.647854891204412420e-01 0.000000000000000000e+00 2.339187135771222614e+00
-3.075636799999994508e+01 5.830049530944034775e-01 0.000000000000000000e+00 1.825851590818084125e+00
-3.118756799999995266e+01 5.911786014190142380e-01 0.000000000000000000e+00 2.291158994120528813e+00
-3.110054799999994302e+01 5.895290863976605511e-01 0.000000000000000000e+00 1.870436308009228110e+00
-3.201027399999995282e+01 6.067734750705612301e-01 0.000000000000000000e+00 2.464711129942949164e+00
-3.117532199999995157e+01 5.909464713230421218e-01 0.000000000000000000e+00 2.061062109620457772e+00
-3.182009199999993854e+01 6.031684639720659158e-01 0.000000000000000000e+00 1.991161535623228840e+00
-3.295794799999993785e+01 6.247371902894316431e-01 0.000000000000000000e+00 2.488750527793398781e+00
-3.272969999999993718e+01 6.204106158859165054e-01 0.000000000000000000e+00 1.948229280058372925e+00
-3.182572599999992846e+01 6.032752597389043903e-01 0.000000000000000000e+00 2.026873740747887176e+00
-3.342828399999994105e+01 6.336526843951925114e-01 0.000000000000000000e+00 1.966245699101809352e+00
-3.291683399999993753e+01 6.239578503608184112e-01 0.000000000000000000e+00 2.303927225466651407e+00
-3.277248399999993467e+01 6.212216116417609291e-01 0.000000000000000000e+00 2.303985090734588681e+00
-3.316964999999995456e+01 6.287501255807509404e-01 0.000000000000000000e+00 2.252077418762731931e+00
-3.241559999999992669e+01 6.144566665845244691e-01 0.000000000000000000e+00 1.685833512395322531e+00
-3.346044599999993352e+01 6.342623339253782300e-01 0.000000000000000000e+00 2.042837544054342924e+00
-3.203254999999994368e+01 6.071957296857721786e-01 0.000000000000000000e+00 2.006237837874964125e+00
-3.265949399999994540e+01 6.190798200735845302e-01 0.000000000000000000e+00 2.021932706461465390e+00
-3.121545799999995907e+01 5.917072726893607415e-01 0.000000000000000000e+00 1.898380821667972951e+00
-3.298406799999995087e+01 6.252323101740303590e-01 0.000000000000000000e+00 1.800373187289543431e+00
-3.302157399999995135e+01 6.259432583513560022e-01 0.000000000000000000e+00 2.019303900994027234e+00
-3.267930999999993702e+01 6.194554439492812037e-01 0.000000000000000000e+00 1.821793482707730671e+00
-3.232043199999994698e+01 6.126527014552193284e-01 0.000000000000000000e+00 2.067084512836395938e+00
-3.317931199999993197e+01 6.289332744446474166e-01 0.000000000000000000e+00 2.228721670623559081e+00
-3.295079999999994413e+01 6.246016957666481462e-01 0.000000000000000000e+00 1.829270361912008758e+00
-3.271126799999994716e+01 6.200612265400928802e-01 0.000000000000000000e+00 2.036677996639615351e+00
-3.238690399999993019e+01 6.139127171125322580e-01 0.000000000000000000e+00 1.779890190456941079e+00
-3.180103199999994246e+01 6.028071705187564300e-01 0.000000000000000000e+00 1.953599586822315937e+00
-3.275075199999994169e+01 6.208096688648816475e-01 0.000000000000000000e+00 1.993958666607051899e+00
-3.319615999999994926e+01 6.292526381435649130e-01 0.000000000000000000e+00 2.071264085313871739e+00
-3.318724199999993374e+01 6.290835922350328513e-01 0.000000000000000000e+00 1.388093209776008141e+00
-3.297406799999995286e+01 6.250427543223464610e-01 0.000000000000000000e+00 1.909624795918789308e+00
-3.224902399999993463e+01 6.112991210295145583e-01 0.000000000000000000e+00 1.820963461662839622e+00
-3.211531999999994014e+01 6.087646834701599952e-01 0.000000000000000000e+00 1.656193870342965724e+00
-3.269514199999993309e+01 6.197555487736671198e-01 0.000000000000000000e+00 2.042930544569578455e+00
-3.264975199999994260e+01 6.188951547628740446e-01 0.000000000000000000e+00 1.788607236415411306e+00
-3.290435599999995020e+01 6.237213225690874108e-01 0.000000000000000000e+00 2.098758336159739724e+00
-3.331583399999993844e+01 6.315211288430068182e-01 0.000000000000000000e+00 1.765645139554469889e+00
-3.246912999999992877e+01 6.154713590585885186e-01 0.000000000000000000e+00 2.052751518195650160e+00
-3.292486199999994056e+01 6.241100257985503497e-01 0.000000000000000000e+00 2.242474511764882994e+00
-3.215439199999994457e+01 6.095053160938593839e-01 0.000000000000000000e+00 2.134890663473391292e+00
-3.283220599999995670e+01 6.223536770991880962e-01 0.000000000000000000e+00 1.830714847951228297e+00
-3.347295199999994253e+01 6.344993924734942947e-01 0.000000000000000000e+00 2.283873930540392561e+00
-3.361966799999993327e+01 6.372804801070598435e-01 0.000000000000000000e+00 1.747954296543258845e+00
-3.438118999999995395e+01 6.517155752356644793e-01 0.000000000000000000e+00 2.364288057681840360e+00
-3.435681999999992797e+01 6.512536276251102985e-01 0.000000000000000000e+00 1.976808308891130350e+00
-3.316020399999994339e+01 6.285710711232500580e-01 0.000000000000000000e+00 1.924742060321776860e+00
-3.432752199999993081e+01 6.506982668908467549e-01 0.000000000000000000e+00 2.102282026250272384e+00
-3.376195999999995223e+01 6.399777082318410804e-01 0.000000000000000000e+00 1.782970727111741427e+00
-3.373053599999994390e+01 6.393820479235093890e-01 0.000000000000000000e+00 2.050738653104625442e+00
-3.593241999999992942e+01 6.811200476164286366e-01 0.000000000000000000e+00 1.898438848053310313e+00
-3.639440799999994880e+01 6.898773004972040823e-01 0.000000000000000000e+00 1.666392246843278802e+00
-3.698004599999993047e+01 7.009784114840503788e-01 0.000000000000000000e+00 2.131362130563456692e+00
-3.655021999999994620e+01 6.928308081334614288e-01 0.000000000000000000e+00 2.119851357663045555e+00
-3.586647399999993269e+01 6.798700025969138805e-01 0.000000000000000000e+00 2.148126903057732573e+00
-3.607885199999994086e+01 6.838957518638068001e-01 0.000000000000000000e+00 2.044014162539640189e+00
-3.638734799999993186e+01 6.897434740659148522e-01 0.000000000000000000e+00 2.013779383284428182e+00
-3.582832399999993100e+01 6.791468470227397525e-01 0.000000000000000000e+00 1.676877192947133999e+00
-3.668748199999992465e+01 6.954326896648448386e-01 0.000000000000000000e+00 2.149875747425813000e+00
-3.598334799999994260e+01 6.820854176578847738e-01 0.000000000000000000e+00 2.093448705008320143e+00
-3.636243199999992726e+01 6.892711767058591343e-01 0.000000000000000000e+00 1.812586091853238379e+00
-3.604549799999993809e+01 6.832635072761001904e-01 0.000000000000000000e+00 1.857409765116871725e+00
-3.633326799999993995e+01 6.887183560200084154e-01 0.000000000000000000e+00 2.003803299026098550e+00
-3.613852999999995319e+01 6.850269832754862787e-01 0.000000000000000000e+00 1.922564898196619021e+00
-3.602765599999993640e+01 6.829253017255256797e-01 0.000000000000000000e+00 1.934972887149595033e+00
-3.640829599999994315e+01 6.901405556640225480e-01 0.000000000000000000e+00 2.337689960343523943e+00
-3.631465799999995170e+01 6.883655925800248321e-01 0.000000000000000000e+00 1.909664877109238379e+00
-3.631122199999992972e+01 6.883004611893858149e-01 0.000000000000000000e+00 2.273501713642493094e+00
-3.687868999999994202e+01 6.990571491937230819e-01 0.000000000000000000e+00 2.068492280538282824e+00
-3.586345199999993127e+01 6.798127188185350001e-01 0.000000000000000000e+00 2.063717512600535375e+00
-3.626951799999993398e+01 6.875099374655232465e-01 0.000000000000000000e+00 2.059138886823392856e+00
-3.639801399999992526e+01 6.899456543373208017e-01 0.000000000000000000e+00 2.027839371291920934e+00
-3.637050199999994504e+01 6.894241482781683361e-01 0.000000000000000000e+00 2.017916009803733424e+00
-3.600248399999991733e+01 6.824481517356666416e-01 0.000000000000000000e+00 1.834904912446748693e+00
-3.663931399999992777e+01 6.945196370384538742e-01 0.000000000000000000e+00 2.054373855259981063e+00
-3.615543999999993474e+01 6.853475222206835138e-01 0.000000000000000000e+00 1.870767118731043510e+00
-3.632419399999994170e+01 6.885463530401904064e-01 0.000000000000000000e+00 1.786750601025970164e+00
-3.628814999999993773e+01 6.878631179283808406e-01 0.000000000000000000e+00 1.697738018688692563e+00
-3.617084599999994055e+01 6.856395519657878523e-01 0.000000000000000000e+00 1.943239593114154395e+00
-3.587607799999994285e+01 6.800520520368713573e-01 0.000000000000000000e+00 1.577693486866510231e+00
-3.572684399999992166e+01 6.772232342398510907e-01 0.000000000000000000e+00 2.052182465370893105e+00
-3.581176999999993882e+01 6.788330562658623224e-01 0.000000000000000000e+00 1.666263242659569155e+00
-3.635813399999993578e+01 6.891897056008055023e-01 0.000000000000000000e+00 1.914255883395726165e+00
-3.589220999999992756e+01 6.803578435368075050e-01 0.000000000000000000e+00 1.953825972084493934e+00
-3.658179999999993015e+01 6.934294255130789564e-01 0.000000000000000000e+00 2.093260944608249297e+00
-3.569160999999994033e+01 6.765553531520283048e-01 0.000000000000000000e+00 2.116809494847079698e+00
-3.591021799999994357e+01 6.806991957145201999e-01 0.000000000000000000e+00 2.061398777842095686e+00
-3.619276999999994615e+01 6.860551342150197351e-01 0.000000000000000000e+00 1.988832213342362376e+00
-3.586943399999992010e+01 6.799261111290121340e-01 0.000000000000000000e+00 1.814308336597300730e+00
-3.622831799999994473e+01 6.867289673565857289e-01 0.000000000000000000e+00 1.735755853775279078e+00
-3.643404999999994232e+01 6.906287378044493330e-01 0.000000000000000000e+00 2.180020982824605102e+00
-3.604053799999993402e+01 6.831694875736649131e-01 0.000000000000000000e+00 1.834398544690775346e+00
-3.625785999999992271e+01 6.872889532536299306e-01 0.000000000000000000e+00 2.042340791713015857e+00
-3.674772199999993205e+01 6.965745741153889226e-01 0.000000000000000000e+00 2.006553945267528505e+00
-3.640693599999994490e+01 6.901147760681936028e-01 0.000000000000000000e+00 2.531473793499699365e+00
-3.632639599999993152e+01 6.885880932387310471e-01 0.000000000000000000e+00 1.903559426465285531e+00
-3.624235999999994817e+01 6.869951416835203828e-01 0.000000000000000000e+00 2.249542649006007977e+00
-3.643978199999995127e+01 6.907373912186347553e-01 0.000000000000000000e+00 1.829335904913599764e+00
-3.576098399999992949e+01 6.778703779175001554e-01 0.000000000000000000e+00 1.976657839661419169e+00
-3.623075399999994062e+01 6.867751431620559011e-01 0.000000000000000000e+00 1.886296643413632124e+00
-3.639160199999992074e+01 6.898241111252210178e-01 0.000000000000000000e+00 1.938472035058290244e+00
-3.557691799999993520e+01 6.743812991778950217e-01 0.000000000000000000e+00 1.790347775277307152e+00
-3.647382999999992848e+01 6.913827909824477036e-01 0.000000000000000000e+00 1.984936672093651655e+00
-3.609127399999992747e+01 6.841312181427683381e-01 0.000000000000000000e+00 2.057843570863794991e+00
-3.631164399999994430e+01 6.883084604463272083e-01 0.000000000000000000e+00 2.329146915417745767e+00
-3.628617999999994481e+01 6.878257754255991951e-01 0.000000000000000000e+00 2.019090559152958431e+00
-3.670318999999994247e+01 6.957304439966702780e-01 0.000000000000000000e+00 2.187620701224104458e+00
-3.543892999999994231e+01 6.717656558916791365e-01 0.000000000000000000e+00 1.879299513250895171e+00
-3.636332399999992049e+01 6.892880850878292387e-01 0.000000000000000000e+00 2.253527623913542222e+00
-3.627162599999994086e+01 6.875498958390583448e-01 0.000000000000000000e+00 2.051166697253841154e+00
-3.626310399999996292e+01 6.873883563422538145e-01 0.000000000000000000e+00 1.879600897671973803e+00
-3.570981999999993661e+01 6.769005343579447276e-01 0.000000000000000000e+00 2.009028880636692715e+00
-3.669866799999994100e+01 6.956447268405387963e-01 0.000000000000000000e+00 2.684403387429021848e+00
-3.575009199999994536e+01 6.776639136838463751e-01 0.000000000000000000e+00 2.066723584537818237e+00
-3.638320599999993021e+01 6.896649600321473894e-01 0.000000000000000000e+00 2.025759126637605601e+00
-3.580721799999992783e+01 6.787467704421755732e-01 0.000000000000000000e+00 1.574239443775752978e+00
-3.630173799999994344e+01 6.881206864196490747e-01 0.000000000000000000e+00 1.886817133028770854e+00
-3.580160199999994575e+01 6.786403158758702592e-01 0.000000000000000000e+00 1.530430862550302473e+00
-3.613536599999995502e+01 6.849670078040135390e-01 0.000000000000000000e+00 2.086382322393467437e+00
-3.606206999999992036e+01 6.835776392335104479e-01 0.000000000000000000e+00 2.043151495072792034e+00
-3.661603399999992803e+01 6.940783510157336744e-01 0.000000000000000000e+00 2.202966448536558097e+00
-3.613870399999995442e+01 6.850302815473056084e-01 0.000000000000000000e+00 1.986928566218867598e+00
-3.662273599999993934e+01 6.942053913475324523e-01 0.000000000000000000e+00 2.268046806097816503e+00
-3.564146199999994735e+01 6.756047684670040132e-01 0.000000000000000000e+00 1.576729835289136350e+00
-3.665802399999993355e+01 6.948742960369546084e-01 0.000000000000000000e+00 2.037342895578859725e+00
-3.597312799999992450e+01 6.818916915774634324e-01 0.000000000000000000e+00 2.032059966111912530e+00
-3.646546799999993738e+01 6.912242843792697489e-01 0.000000000000000000e+00 1.633166657350935136e+00
-3.660125399999994045e+01 6.937981874669451043e-01 0.000000000000000000e+00 2.324485938496223092e+00
-3.631832399999994010e+01 6.884350837552519753e-01 0.000000000000000000e+00 1.917375816800797272e+00
-3.624017599999992711e+01 6.869537426855122364e-01 0.000000000000000000e+00 2.008855100592314979e+00
-3.617967999999994078e+01 6.858070056051653873e-01 0.000000000000000000e+00 1.772210126971802469e+00
-3.625487999999995736e+01 6.872324656098287576e-01 0.000000000000000000e+00 1.936066495748426819e+00
-3.628377199999992087e+01 6.877801303765133101e-01 0.000000000000000000e+00 2.188467537534986462e+00
-3.672962999999992917e+01 6.962316296685223671e-01 0.000000000000000000e+00 1.809375718307283831e+00
-3.584113399999993987e+01 6.793896680687470102e-01 0.000000000000000000e+00 1.977291659802173029e+00
-3.615067199999992198e+01 6.852571419906003936e-01 0.000000000000000000e+00 2.362544486207422079e+00
-3.534047199999995570e+01 6.698993268871697992e-01 0.000000000000000000e+00 2.165033102603675541e+00
-3.582462399999993607e+01 6.790767113576167135e-01 0.000000000000000000e+00 2.264423797786942583e+00
-3.568405799999991501e+01 6.764122005728361309e-01 0.000000000000000000e+00 1.550003162276344160e+00
-3.481880199999993408e+01 6.600107667723743576e-01 0.000000000000000000e+00 1.864867419555934935e+00
-3.673969199999992696e+01 6.964223607664866700e-01 0.000000000000000000e+00 2.160052570987637033e+00
-3.559692999999994356e+01 6.747606383482850356e-01 0.000000000000000000e+00 1.897175681470652631e+00
-3.559554199999993784e+01 6.747343279960712481e-01 0.000000000000000000e+00 1.877401300270825413e+00
-3.545406799999994973e+01 6.720526055399583809e-01 0.000000000000000000e+00 1.957116653583360621e+00
-3.629213799999994450e+01 6.879387128020325592e-01 0.000000000000000000e+00 1.942950605837222788e+00
-3.618185199999994239e+01 6.858481771361512047e-01 0.000000000000000000e+00 2.296522585113273784e+00
-3.632963399999994181e+01 6.886494714235065207e-01 0.000000000000000000e+00 2.424046655392423588e+00
-3.530749999999994060e+01 6.692743233329973007e-01 0.000000000000000000e+00 1.868188211918573316e+00
-3.660657599999994716e+01 6.938990690912113513e-01 0.000000000000000000e+00 2.098216497053888130e+00
-3.655277399999994969e+01 6.928792206979815793e-01 0.000000000000000000e+00 2.108609050009464081e+00
-3.634452199999992672e+01 6.889316821754931652e-01 0.000000000000000000e+00 2.298544527953691574e+00
-3.618328999999994977e+01 6.858754352676235122e-01 0.000000000000000000e+00 1.757023147401607810e+00
-3.581662799999991620e+01 6.789251424986099126e-01 0.000000000000000000e+00 2.013636788192854965e+00
-3.618087999999995930e+01 6.858297523073678681e-01 0.000000000000000000e+00 1.914989497030564092e+00
-3.679181799999993530e+01 6.974104395989744187e-01 0.000000000000000000e+00 1.813816254343644685e+00
-3.608813999999993172e+01 6.840718113388506438e-01 0.000000000000000000e+00 1.600541249614382044e+00
-3.578465199999992308e+01 6.783190187072655197e-01 0.000000000000000000e+00 1.869331117908166862e+00
-3.613992399999994376e+01 6.850534073612108976e-01 0.000000000000000000e+00 1.567406760400596344e+00
-3.684186599999993916e+01 6.983591287254822255e-01 0.000000000000000000e+00 2.185019194064042658e+00
-3.703504599999993019e+01 7.020209686683119843e-01 0.000000000000000000e+00 1.758339482018259181e+00
-3.664223799999989950e+01 6.945750631694856958e-01 0.000000000000000000e+00 1.903459129249491344e+00
-3.686223599999992473e+01 6.987452539953620256e-01 0.000000000000000000e+00 1.813233321858770175e+00
-3.634235999999993538e+01 6.888907002003593627e-01 0.000000000000000000e+00 1.838156772971283548e+00
-3.682906399999992431e+01 6.981164593241561134e-01 0.000000000000000000e+00 1.960694722142736879e+00
-3.723969999999993519e+01 7.059003049953641584e-01 0.000000000000000000e+00 2.179579984744535182e+00
-3.720570999999993944e+01 7.052560046554905426e-01 0.000000000000000000e+00 1.834879211696276657e+00
-3.688564999999992722e+01 6.991890800664948280e-01 0.000000000000000000e+00 2.127984342118857342e+00
-3.608146399999994713e+01 6.839452638522667272e-01 0.000000000000000000e+00 2.253815006144743727e+00
-3.709966999999993220e+01 7.032459544042342081e-01 0.000000000000000000e+00 1.905288852328716809e+00
-3.613958199999992615e+01 6.850469245510829586e-01 0.000000000000000000e+00 1.755912432204896900e+00
-3.666546199999994116e+01 6.950152876794372103e-01 0.000000000000000000e+00 1.857244381409939527e+00
-3.606565399999994526e+01 6.836455760507544888e-01 0.000000000000000000e+00 1.844614011110139229e+00
-3.687452999999992898e+01 6.989782939594223476e-01 0.000000000000000000e+00 1.970019577480530470e+00
-3.725213799999992403e+01 7.061360745636884317e-01 0.000000000000000000e+00 2.020252535208447942e+00
-3.746663599999993011e+01 7.102020096711382235e-01 0.000000000000000000e+00 1.946580851342198493e+00
-3.652985199999992716e+01 6.924447207747512767e-01 0.000000000000000000e+00 1.900444674624622854e+00
-3.707597799999990684e+01 7.027968586804241857e-01 0.000000000000000000e+00 2.407055158922821736e+00
-3.699037799999992160e+01 7.011742605900100900e-01 0.000000000000000000e+00 1.750923776244465602e+00
-3.734448599999994656e+01 7.078865849428194190e-01 0.000000000000000000e+00 2.116646403196730919e+00
-3.786433999999993461e+01 7.177407217149485152e-01 0.000000000000000000e+00 2.043780381369956434e+00
-3.759728999999994414e+01 7.126786326957296192e-01 0.000000000000000000e+00 2.229967791473701944e+00
-3.756863599999993397e+01 7.121354793583143383e-01 0.000000000000000000e+00 1.772225890219313094e+00
-3.731924599999992864e+01 7.074081459731689225e-01 0.000000000000000000e+00 2.418902891450309678e+00
-3.677400199999993191e+01 6.970727268936143250e-01 0.000000000000000000e+00 1.798660012453715096e+00
-3.703576599999992425e+01 7.020346166896330731e-01 0.000000000000000000e+00 2.009417985398867401e+00
-3.748861199999993943e+01 7.106185776107990515e-01 0.000000000000000000e+00 2.469179302794654696e+00
-3.731440799999995050e+01 7.073164388521246959e-01 0.000000000000000000e+00 2.056173352244603514e+00
-3.735891399999994889e+01 7.081600761256290344e-01 0.000000000000000000e+00 1.933713883603363382e+00
-3.747528799999993510e+01 7.103660133940152832e-01 0.000000000000000000e+00 2.137121732435587340e+00
-3.756797999999991333e+01 7.121230444944434135e-01 0.000000000000000000e+00 1.883762909871106617e+00
-3.708446199999994519e+01 7.029576778649935243e-01 0.000000000000000000e+00 1.852221818793893693e+00
-3.703936599999992296e+01 7.021028567962392941e-01 0.000000000000000000e+00 2.015848571764968789e+00
-3.661994199999995203e+01 6.941524294425721608e-01 0.000000000000000000e+00 1.776045127576401983e+00
-3.760621599999993947e+01 7.128478302489426044e-01 0.000000000000000000e+00 1.949435822903693216e+00
-3.693430599999993547e+01 7.001113830184482190e-01 0.000000000000000000e+00 1.871044154326237052e+00
-3.711378799999992140e+01 7.035135693556413550e-01 0.000000000000000000e+00 2.082243397666871054e+00
-3.724712799999992541e+01 7.060411070819947454e-01 0.000000000000000000e+00 1.967451424532496107e+00
-3.613731599999992739e+01 6.850039711950913768e-01 0.000000000000000000e+00 2.061628824459539988e+00
-3.770439999999992153e+01 7.147089654231155720e-01 0.000000000000000000e+00 2.079016086537284647e+00
-3.659284799999993965e+01 6.936388468180195721e-01 0.000000000000000000e+00 1.879046473343823020e+00
-3.743853199999994530e+01 7.096692819055659962e-01 0.000000000000000000e+00 2.014307499163888515e+00
-3.716413799999993017e+01 7.044679830688700406e-01 0.000000000000000000e+00 1.669333761180843867e+00
-3.743170399999993236e+01 7.095398531700359834e-01 0.000000000000000000e+00 1.763695370288121955e+00
-3.722638799999993608e+01 7.056479682456024971e-01 0.000000000000000000e+00 2.154935168786459077e+00
-3.659730199999992806e+01 6.937232749943593735e-01 0.000000000000000000e+00 2.199147220301910011e+00
-3.765404399999994922e+01 7.137544379763766100e-01 0.000000000000000000e+00 1.799965555243945525e+00
-3.732034399999993468e+01 7.074289592056839382e-01 0.000000000000000000e+00 2.154257184608742381e+00
-3.754524599999993484e+01 7.116921082212256389e-01 0.000000000000000000e+00 2.115940503231639180e+00
-3.776427399999992929e+01 7.158439121294880580e-01 0.000000000000000000e+00 2.168575986265193656e+00
-3.752509999999993795e+01 7.113102290024232444e-01 0.000000000000000000e+00 2.167001053357501927e+00
-3.674961599999993211e+01 6.966104759936978530e-01 0.000000000000000000e+00 1.551456992943579527e+00
-3.749443999999994048e+01 7.107290507611604413e-01 0.000000000000000000e+00 2.277731567355840703e+00
-3.797947599999992008e+01 7.199231919688962034e-01 0.000000000000000000e+00 2.375782625719514485e+00
-3.726580999999993793e+01 7.063952353241108595e-01 0.000000000000000000e+00 1.876662354777327568e+00
-3.771355999999995134e+01 7.148825985832586438e-01 0.000000000000000000e+00 1.829632801819793153e+00
-3.723997599999994890e+01 7.059055367368708422e-01 0.000000000000000000e+00 1.670049036909038387e+00
-3.722562199999993737e+01 7.056334482673635167e-01 0.000000000000000000e+00 1.836499972393688562e+00
-3.706744199999992873e+01 7.026350538054271233e-01 0.000000000000000000e+00 2.019924647518447358e+00
-3.783262599999993370e+01 7.171395642869180520e-01 0.000000000000000000e+00 2.101758692076997725e+00
-3.703125599999992801e+01 7.019491270005236982e-01 0.000000000000000000e+00 1.845732984306661217e+00
-3.725062799999992791e+01 7.061074516300841486e-01 0.000000000000000000e+00 2.014615306791744054e+00
-3.814123799999993736e+01 7.229894853369058794e-01 0.000000000000000000e+00 2.077216941870039246e+00
-3.750626399999993765e+01 7.109531816001913862e-01 0.000000000000000000e+00 2.174114527826224830e+00
-3.799805199999993732e+01 7.202753109189845571e-01 0.000000000000000000e+00 1.982738279181932795e+00
-3.740068399999991300e+01 7.089518509181120809e-01 0.000000000000000000e+00 1.535832302156544982e+00
-3.825029599999992769e+01 7.250567435442002440e-01 0.000000000000000000e+00 2.054120059237437346e+00
-3.738307999999994280e+01 7.086181567968082851e-01 0.000000000000000000e+00 1.824080711376599107e+00
-3.776742399999992017e+01 7.159036222227683766e-01 0.000000000000000000e+00 1.850041613024753895e+00
-3.762415199999991700e+01 7.131878176245224354e-01 0.000000000000000000e+00 1.910799308475038094e+00
-3.740429799999992611e+01 7.090203564029109451e-01 0.000000000000000000e+00 1.984951444740086446e+00
-3.746211199999992658e+01 7.101162546038363166e-01 0.000000000000000000e+00 1.990731284104188648e+00
-3.773827599999993510e+01 7.153511048262802818e-01 0.000000000000000000e+00 1.697669338610014567e+00
-3.773871799999995602e+01 7.153594831949251498e-01 0.000000000000000000e+00 1.739278239274015370e+00
-3.842486199999993346e+01 7.283657442247057912e-01 0.000000000000000000e+00 1.859605378947397858e+00
-3.820771999999992374e+01 7.242496905500707127e-01 0.000000000000000000e+00 2.372867276762717470e+00
-3.853393599999993313e+01 7.304333057213630020e-01 0.000000000000000000e+00 2.037176807088027619e+00
-3.839414599999992106e+01 7.277835044706733036e-01 0.000000000000000000e+00 1.894093277887172855e+00
-3.784648799999993685e+01 7.174023266085224337e-01 0.000000000000000000e+00 2.016840025770887834e+00
-3.787798399999992682e+01 7.179993517189858787e-01 0.000000000000000000e+00 1.770078587350849331e+00
-3.836152999999993085e+01 7.271652491048211653e-01 0.000000000000000000e+00 2.235296616093531696e+00
-3.788832199999992412e+01 7.181953145584566434e-01 0.000000000000000000e+00 2.154405259588226595e+00
-3.865666199999994035e+01 7.327596488667391661e-01 0.000000000000000000e+00 1.681487389836086477e+00
-3.929456999999994338e+01 7.448515682903378288e-01 0.000000000000000000e+00 2.215390207164416925e+00
-3.907232999999994405e+01 7.406388790425144641e-01 0.000000000000000000e+00 2.266979730318903652e+00
-3.856647599999993048e+01 7.310501204627424254e-01 0.000000000000000000e+00 1.925677425241530072e+00
-3.909189599999994158e+01 7.410097640219190929e-01 0.000000000000000000e+00 2.155090506239783821e+00
-3.852312799999993587e+01 7.302284337568630823e-01 0.000000000000000000e+00 1.950339935357553456e+00
-3.858230799999994076e+01 7.313502252871285636e-01 0.000000000000000000e+00 1.880334351295700923e+00
-3.849831199999993459e+01 7.297580319553242933e-01 0.000000000000000000e+00 1.715821567521434998e+00
-3.679511399999992705e+01 6.974729172076893358e-01 0.000000000000000000e+00 1.579259652208891751e+00
-3.868298999999993981e+01 7.332587115130526634e-01 0.000000000000000000e+00 2.031150930413889721e+00
-3.862836399999992665e+01 7.322232437176438014e-01 0.000000000000000000e+00 1.999842194356162173e+00
-3.902408999999992290e+01 7.397244616139908580e-01 0.000000000000000000e+00 1.943469012234346538e+00
-3.872896799999993078e+01 7.341302514079247610e-01 0.000000000000000000e+00 1.985346893174687155e+00
-3.961397399999994917e+01 7.509060580154630626e-01 0.000000000000000000e+00 2.114824555352813995e+00
-3.872940399999993843e+01 7.341385160430583534e-01 0.000000000000000000e+00 2.114048958939200862e+00
-3.877030399999992483e+01 7.349137994764453063e-01 0.000000000000000000e+00 1.802290882694139729e+00
-3.901426199999992406e+01 7.395381661229558645e-01 0.000000000000000000e+00 2.170060218816262765e+00
-3.886953199999992137e+01 7.367947242815344744e-01 0.000000000000000000e+00 1.979764967525798225e+00
-3.819146999999992431e+01 7.239416622910843646e-01 0.000000000000000000e+00 1.882095975906981078e+00
-3.955973599999994406e+01 7.498779449870996983e-01 0.000000000000000000e+00 1.927724761019182109e+00
-3.898148199999993579e+01 7.389168020411361892e-01 0.000000000000000000e+00 2.125496972160305198e+00
-3.869460399999992717e+01 7.334788616791980687e-01 0.000000000000000000e+00 2.087092787448172171e+00
-3.939517799999992320e+01 7.467586518029590836e-01 0.000000000000000000e+00 2.088480114292194489e+00
-3.954524999999993184e+01 7.496033543803500843e-01 0.000000000000000000e+00 1.946311148186629092e+00
-3.949166999999993521e+01 7.485877141270277368e-01 0.000000000000000000e+00 2.132705395723819120e+00
-3.901098599999991734e+01 7.394760676259440890e-01 0.000000000000000000e+00 1.973234797551134623e+00
-3.848134199999993399e+01 7.294363556750166344e-01 0.000000000000000000e+00 2.000300559091815700e+00
-3.902600399999992931e+01 7.397607426040032630e-01 0.000000000000000000e+00 2.185238048189845461e+00
-3.922804399999994018e+01 7.435905290314253069e-01 0.000000000000000000e+00 2.053104664772132271e+00
-3.870549399999995188e+01 7.336852880016823120e-01 0.000000000000000000e+00 2.026926154332009400e+00
-3.937438999999993428e+01 7.463646030984787405e-01 0.000000000000000000e+00 1.830038827953707647e+00
-3.923342599999992331e+01 7.436925479908013115e-01 0.000000000000000000e+00 1.620314051777579589e+00
-3.940318399999994625e+01 7.469104102178175664e-01 0.000000000000000000e+00 1.597254540774337928e+00
-3.921367199999991726e+01 7.433180993613848209e-01 0.000000000000000000e+00 2.301593702575094991e+00
-3.914100799999992830e+01 7.419407107207089958e-01 0.000000000000000000e+00 1.935270700647285791e+00
-3.903348999999995073e+01 7.399026441145741817e-01 0.000000000000000000e+00 2.095454595431538003e+00
-3.865346599999991639e+01 7.326990668165406229e-01 0.000000000000000000e+00 1.982809615204005116e+00
-3.842634199999994848e+01 7.283937984907553620e-01 0.000000000000000000e+00 2.006309537795826881e+00
-3.969849799999996520e+01 7.525082598962364866e-01 0.000000000000000000e+00 1.862617879557823208e+00
-3.908029999999994430e+01 7.407899550563065150e-01 0.000000000000000000e+00 1.984097766408365660e+00
-3.986302399999992474e+01 7.556269465016505205e-01 0.000000000000000000e+00 1.948228337846432900e+00
-3.880932999999993882e+01 7.356535601432272475e-01 0.000000000000000000e+00 2.174068188531316892e+00
-3.953804399999991404e+01 7.494667604336263667e-01 0.000000000000000000e+00 2.170576056309998059e+00
-3.938342799999993815e+01 7.465359236772307616e-01 0.000000000000000000e+00 1.675650928070471668e+00
-3.979749799999994764e+01 7.543848628279069546e-01 0.000000000000000000e+00 2.035898243273875696e+00
-3.947546399999992417e+01 7.482805199137885221e-01 0.000000000000000000e+00 1.909869762417840899e+00
-3.993097799999993214e+01 7.569150543361835570e-01 0.000000000000000000e+00 1.934662587739784501e+00
-3.963854199999993000e+01 7.513717588318796770e-01 0.000000000000000000e+00 1.785175302326457825e+00
-3.981215799999993266e+01 7.546627517064753432e-01 0.000000000000000000e+00 1.717113646143939576e+00
-3.972129999999993544e+01 7.529404851492456086e-01 0.000000000000000000e+00 1.755014593165031167e+00
-3.792476799999993631e+01 7.188861698155041280e-01 0.000000000000000000e+00 1.598252194665640502e+00
-4.021429999999993044e+01 7.622855886372627010e-01 0.000000000000000000e+00 2.151648138783688324e+00
-3.893782399999993515e+01 7.380892391038544886e-01 0.000000000000000000e+00 1.943847541883068297e+00
-3.967994799999992495e+01 7.521566337913619948e-01 0.000000000000000000e+00 1.728076494547061026e+00
-3.832992999999994055e+01 7.265662526135001631e-01 0.000000000000000000e+00 2.015137668981822561e+00
-3.975986199999991300e+01 7.536714504245086710e-01 0.000000000000000000e+00 1.722427328034362715e+00
-3.961320399999993214e+01 7.508914622148830098e-01 0.000000000000000000e+00 2.137469868128099026e+00
-4.005646199999993939e+01 7.592936769854542467e-01 0.000000000000000000e+00 1.995629464745801496e+00
-3.964448599999993661e+01 7.514844308301207310e-01 0.000000000000000000e+00 1.761619107928322769e+00
-3.928067799999993071e+01 7.445882373011782907e-01 0.000000000000000000e+00 1.623291585274882598e+00
-3.950456399999993096e+01 7.488321274421888551e-01 0.000000000000000000e+00 2.031035968902012545e+00
-3.976337199999991157e+01 7.537379845284497559e-01 0.000000000000000000e+00 1.838583171576428699e+00
-3.925637399999993704e+01 7.441275407592458091e-01 0.000000000000000000e+00 1.900885798758891632e+00
-3.948636799999992775e+01 7.484872116144647425e-01 0.000000000000000000e+00 2.198198325667102715e+00
-4.046492599999991313e+01 7.670363511256758082e-01 0.000000000000000000e+00 2.172793048785945480e+00
-4.009152999999993483e+01 7.599584114461392925e-01 0.000000000000000000e+00 2.320322522579108870e+00
-3.934818399999992522e+01 7.458678530335556278e-01 0.000000000000000000e+00 1.609738216794923682e+00
-3.947273599999993365e+01 7.482288090774493750e-01 0.000000000000000000e+00 1.654591571167270292e+00
-3.978450399999992726e+01 7.541385539542284633e-01 0.000000000000000000e+00 1.597045198118175025e+00
-3.980491399999991842e+01 7.545254374475152126e-01 0.000000000000000000e+00 1.924340627411651905e+00
-3.964762599999993853e+01 7.515439513675495897e-01 0.000000000000000000e+00 1.766519476236600328e+00
-3.972740199999991262e+01 7.530561521299427019e-01 0.000000000000000000e+00 1.919805914536911073e+00
-3.996850399999992476e+01 7.576263816252125638e-01 0.000000000000000000e+00 1.979302048392744817e+00
-3.993060399999991716e+01 7.569079649473303695e-01 0.000000000000000000e+00 2.052756794399554607e+00
-4.053025599999993744e+01 7.682747195047272548e-01 0.000000000000000000e+00 2.364341943954687775e+00
-3.974607999999992813e+01 7.534102045497181876e-01 0.000000000000000000e+00 1.681686668830198350e+00
-4.035061199999993420e+01 7.648694623627366740e-01 0.000000000000000000e+00 1.920184671531318443e+00
-3.981362799999993030e+01 7.546906164166727882e-01 0.000000000000000000e+00 1.474961597862017415e+00
-4.063195199999992013e+01 7.702024266940117325e-01 0.000000000000000000e+00 2.199465304282710143e+00
-4.005134799999992623e+01 7.591967381229027811e-01 0.000000000000000000e+00 1.908220835984359542e+00
-3.920781999999994127e+01 7.432071712769797722e-01 0.000000000000000000e+00 1.548066472093560630e+00
-3.984978199999992654e+01 7.553759366428507427e-01 0.000000000000000000e+00 1.704356807404321827e+00
-3.989371199999991546e+01 7.562086554992980547e-01 0.000000000000000000e+00 2.116304040103305972e+00
-4.015876999999994013e+01 7.612329849928620717e-01 0.000000000000000000e+00 2.354784978560149789e+00
-3.964249599999991602e+01 7.514467092156352779e-01 0.000000000000000000e+00 1.877868010976944335e+00
-3.994007999999993075e+01 7.570875880723862972e-01 0.000000000000000000e+00 2.058121620715492206e+00
-3.983667799999990677e+01 7.551275426548037517e-01 0.000000000000000000e+00 2.066301138133187276e+00
-4.020144599999994028e+01 7.620419335455084209e-01 0.000000000000000000e+00 1.760730670610437754e+00
-4.030252799999994551e+01 7.639580020054999032e-01 0.000000000000000000e+00 2.067257298010524824e+00
-4.003078199999995235e+01 7.588068975583301956e-01 0.000000000000000000e+00 1.900776855344713745e+00
-3.970076399999992844e+01 7.525512132522274023e-01 0.000000000000000000e+00 1.879923664016518448e+00
-4.052828599999990189e+01 7.682373770019449433e-01 0.000000000000000000e+00 2.126862682000143945e+00
-3.958672799999992975e+01 7.503895941419645998e-01 0.000000000000000000e+00 2.053078870501815256e+00
-3.974725599999992909e+01 7.534324963178762324e-01 0.000000000000000000e+00 1.711781449889516971e+00
-3.936509199999993314e+01 7.461883540675829929e-01 0.000000000000000000e+00 1.621598628843360368e+00
-4.006357599999994790e+01 7.594285270183422920e-01 0.000000000000000000e+00 2.009924926841645032e+00
-4.000630399999991482e+01 7.583429027445776072e-01 0.000000000000000000e+00 2.059167300757539731e+00
-4.012194199999993316e+01 7.605348887022804760e-01 0.000000000000000000e+00 1.939172878826371127e+00
-3.993431599999992443e+01 7.569783280794755154e-01 0.000000000000000000e+00 1.892688178318730596e+00
-4.021683199999994685e+01 7.623335841789093958e-01 0.000000000000000000e+00 2.315353271510624200e+00
-3.924144399999993738e+01 7.438445338726817901e-01 0.000000000000000000e+00 1.606120815129397306e+00
-3.985369599999992829e+01 7.554501288031998385e-01 0.000000000000000000e+00 2.006317186718294288e+00
-4.025252199999991376e+01 7.630101090135686936e-01 0.000000000000000000e+00 2.364701944170477521e+00
-3.990594599999992198e+01 7.564405581282481750e-01 0.000000000000000000e+00 1.792778844964858953e+00
-4.051262399999992425e+01 7.679404946270379506e-01 0.000000000000000000e+00 1.949024139094156283e+00
-4.007936999999994754e+01 7.597279115304919062e-01 0.000000000000000000e+00 1.768835389586759455e+00
-4.044684599999991548e+01 7.666936341458313597e-01 0.000000000000000000e+00 1.917376742218386720e+00
-3.994207399999992703e+01 7.571253855092119345e-01 0.000000000000000000e+00 1.688697567018003554e+00
-3.927571799999992663e+01 7.444942175987430133e-01 0.000000000000000000e+00 1.695440383206103574e+00
-4.046715999999994295e+01 7.670786979029425856e-01 0.000000000000000000e+00 1.952160307521548122e+00
-4.011915599999992565e+01 7.604820784420011082e-01 0.000000000000000000e+00 1.882614736402860034e+00
-3.952052599999992566e+01 7.491346964926466345e-01 0.000000000000000000e+00 1.834801579706353047e+00
-3.981072399999993650e+01 7.546355693973438861e-01 0.000000000000000000e+00 2.070155182058103449e+00
-3.987782999999992484e+01 7.559076028956537296e-01 0.000000000000000000e+00 1.827942765139614956e+00
-3.993371999999993704e+01 7.569670305507154584e-01 0.000000000000000000e+00 2.247375323088754318e+00
-3.946072799999992498e+01 7.480011904107471965e-01 0.000000000000000000e+00 1.818915258940910995e+00
-3.917258799999994778e+01 7.425393281003271895e-01 0.000000000000000000e+00 1.694462565569734958e+00
-3.911433799999992544e+01 7.414351652642678925e-01 0.000000000000000000e+00 1.384249498937633494e+00
-3.961217199999993710e+01 7.508719000509893604e-01 0.000000000000000000e+00 2.162948070194842476e+00
-3.966322399999994275e+01 7.518396205850061964e-01 0.000000000000000000e+00 2.036623026022550853e+00
-3.919964399999993532e+01 7.430521904126429211e-01 0.000000000000000000e+00 1.617373146748214863e+00
-4.084793599999993319e+01 7.742965298010219266e-01 0.000000000000000000e+00 2.368404590808254717e+00
-4.057361799999992513e+01 7.690966715887989080e-01 0.000000000000000000e+00 1.847312284274730487e+00
-4.052812199999993936e+01 7.682342682859779615e-01 0.000000000000000000e+00 2.220069996329399498e+00
-3.994966399999993456e+01 7.572692584006401884e-01 0.000000000000000000e+00 1.911267344175881844e+00
-4.086866399999992439e+01 7.746894411703921790e-01 0.000000000000000000e+00 2.308377294123350687e+00
-4.099710999999992822e+01 7.771242102629315474e-01 0.000000000000000000e+00 1.985593818793844223e+00
-4.039607199999992559e+01 7.657311832644915217e-01 0.000000000000000000e+00 1.746674840836759612e+00
-4.055858399999991803e+01 7.688116933213771098e-01 0.000000000000000000e+00 1.906134602850978466e+00
-4.070234399999991126e+01 7.715367482451850334e-01 0.000000000000000000e+00 1.524119801908528915e+00
-4.073353199999992569e+01 7.721279350354171012e-01 0.000000000000000000e+00 1.773113129349254136e+00
-4.085536799999994884e+01 7.744374077099938081e-01 0.000000000000000000e+00 1.997681608430789568e+00
-4.162942399999992915e+01 7.891100921430981296e-01 0.000000000000000000e+00 2.174818879123946669e+00
-4.063035999999989656e+01 7.701722494024232368e-01 0.000000000000000000e+00 1.600742310254333667e+00
-4.101817599999991870e+01 7.775235286200887774e-01 0.000000000000000000e+00 2.066707722911837131e+00
-4.148157399999994510e+01 7.863075088759516884e-01 0.000000000000000000e+00 2.463817200626915671e+00
-4.068843399999991561e+01 7.712730760554927789e-01 0.000000000000000000e+00 2.025817169660907080e+00
-4.056319799999994302e+01 7.688991543913445970e-01 0.000000000000000000e+00 1.886749880056957984e+00
-4.155367799999993395e+01 7.876742823889332223e-01 0.000000000000000000e+00 1.714243925666014023e+00
-4.057357399999992253e+01 7.690958375430514415e-01 0.000000000000000000e+00 1.664779972516766904e+00
-4.081555599999992268e+01 7.736827479532691898e-01 0.000000000000000000e+00 1.833089584254688820e+00
-4.071579399999992432e+01 7.717917008657001476e-01 0.000000000000000000e+00 1.917180509873387617e+00
-4.096530399999992511e+01 7.765213089210656339e-01 0.000000000000000000e+00 2.001815146206012308e+00
-4.068749399999991567e+01 7.712552578054344687e-01 0.000000000000000000e+00 2.060784099759657373e+00
-4.092372199999991267e+01 7.757330977785933390e-01 0.000000000000000000e+00 2.103359672676649250e+00
-4.158232599999990242e+01 7.882173219928367836e-01 0.000000000000000000e+00 1.811889886202030953e+00
-4.111979999999991975e+01 7.794498710072413905e-01 0.000000000000000000e+00 1.686353047738271993e+00
-4.021611199999993147e+01 7.623199361575878630e-01 0.000000000000000000e+00 1.893350678712693247e+00
-4.111429799999991985e+01 7.793455773776449824e-01 0.000000000000000000e+00 2.347841737390820249e+00
-4.127128399999990194e+01 7.823213388708897265e-01 0.000000000000000000e+00 1.927892764459829822e+00
-4.094129599999992308e+01 7.760662232323428666e-01 0.000000000000000000e+00 1.747397839092358574e+00
-4.198376199999992764e+01 7.958267762804958068e-01 0.000000000000000000e+00 1.828887300004340855e+00
-4.063795199999993457e+01 7.703161602050223600e-01 0.000000000000000000e+00 1.880798692071261602e+00
-4.092686399999990243e+01 7.757926562271921789e-01 0.000000000000000000e+00 1.942177827345977770e+00
-4.172063999999992490e+01 7.908391447998180945e-01 0.000000000000000000e+00 1.609266184610020023e+00
-4.172915599999992509e+01 7.910005705631121264e-01 0.000000000000000000e+00 1.886117658225675120e+00
-4.087127399999992861e+01 7.747389152476817920e-01 0.000000000000000000e+00 2.049430620638845291e+00
-4.144608999999990573e+01 7.856348888918357476e-01 0.000000000000000000e+00 1.931025323788145398e+00
-4.125848199999993682e+01 7.820786694695647245e-01 0.000000000000000000e+00 2.215711781952433679e+00
-4.099246999999991914e+01 7.770362563477500872e-01 0.000000000000000000e+00 1.893275162865459604e+00
-4.101614799999993721e+01 7.774850866933675775e-01 0.000000000000000000e+00 1.816978344599470496e+00
-4.144795199999991553e+01 7.856701841914195406e-01 0.000000000000000000e+00 1.908724514755411494e+00
-4.134867399999993154e+01 7.837883116070721856e-01 0.000000000000000000e+00 2.034505331117977711e+00
-4.172405199999992931e+01 7.909038212564127868e-01 0.000000000000000000e+00 2.007712100999794025e+00
-4.015351599999994647e+01 7.611333923483875052e-01 0.000000000000000000e+00 1.905083288866707747e+00
-4.116178999999991817e+01 7.802458160284622135e-01 0.000000000000000000e+00 2.026487409611302581e+00
-4.066404399999994723e+01 7.708107493332363447e-01 0.000000000000000000e+00 1.863533272751120906e+00
-4.174890999999994534e+01 7.913750191925289501e-01 0.000000000000000000e+00 2.084229683803702216e+00
-4.049630199999992897e+01 7.676311015659195158e-01 0.000000000000000000e+00 2.042033974824951859e+00
-4.159587599999991880e+01 7.884741701718687157e-01 0.000000000000000000e+00 1.850421522991859247e+00
-4.091436399999991380e+01 7.755557114125875007e-01 0.000000000000000000e+00 2.079670623664557905e+00
-4.068403399999991876e+01 7.711896714807519038e-01 0.000000000000000000e+00 1.580131430681087190e+00
-4.099961999999992912e+01 7.771717887817042314e-01 0.000000000000000000e+00 1.667701920898844836e+00
-4.128101199999991167e+01 7.825057388034080130e-01 0.000000000000000000e+00 1.882889230195944341e+00
-4.028683599999992992e+01 7.636605509630371991e-01 0.000000000000000000e+00 1.814824859152524672e+00
-4.103521799999993647e+01 7.778465697025288561e-01 0.000000000000000000e+00 1.894026533172013638e+00
-4.145068999999993054e+01 7.857220845836108136e-01 0.000000000000000000e+00 1.995031385464874907e+00
-4.144974999999990928e+01 7.857042663335521704e-01 0.000000000000000000e+00 1.933702979996794635e+00
-4.090495399999995385e+01 7.753773393561537164e-01 0.000000000000000000e+00 1.691210041935487407e+00
-4.088366599999992701e+01 7.749738128590885067e-01 0.000000000000000000e+00 1.903678891956520847e+00
-4.091303999999993124e+01 7.755306142178248763e-01 0.000000000000000000e+00 2.070980737659714244e+00
-4.142090599999990275e+01 7.851575114349549356e-01 0.000000000000000000e+00 2.125830368187234143e+00
-4.088903599999991911e+01 7.750756043514426263e-01 0.000000000000000000e+00 1.675296121541658412e+00
-4.134207799999990840e+01 7.836632805673010571e-01 0.000000000000000000e+00 1.868036939027629906e+00
-4.195202399999991627e+01 7.952251639184211296e-01 0.000000000000000000e+00 1.940300195617974843e+00
-4.147656199999993021e+01 7.862125034830874659e-01 0.000000000000000000e+00 2.081877304663444228e+00
-4.140922399999993786e+01 7.849360722890184050e-01 0.000000000000000000e+00 1.755148074971096372e+00
-4.102847599999992667e+01 7.777187711473233511e-01 0.000000000000000000e+00 1.824479648143242372e+00
-4.063231999999993604e+01 7.702094023493539776e-01 0.000000000000000000e+00 1.994571725276563345e+00
-4.122279199999994148e+01 7.814021446349048716e-01 0.000000000000000000e+00 1.897958615299579543e+00
-4.180030399999991886e+01 7.923492225366728370e-01 0.000000000000000000e+00 1.944579127683473407e+00
-4.101384199999992575e+01 7.774413751139690465e-01 0.000000000000000000e+00 1.661563414510683678e+00
-4.177735399999989596e+01 7.919141918570578031e-01 0.000000000000000000e+00 1.993013088464778759e+00
-4.107359399999993599e+01 7.785740092389510369e-01 0.000000000000000000e+00 1.750689407051871482e+00
-4.163320199999992610e+01 7.891817063438643087e-01 0.000000000000000000e+00 2.022400782847110889e+00
-4.201782599999990708e+01 7.964724793336714903e-01 0.000000000000000000e+00 2.221020764806355796e+00
-4.205578599999992662e+01 7.971920333466639974e-01 0.000000000000000000e+00 1.735799364483525453e+00
-4.121886599999989897e+01 7.813277250075328917e-01 0.000000000000000000e+00 1.858121837249818942e+00
-4.116371399999992065e+01 7.802822865743261893e-01 0.000000000000000000e+00 1.625968693339822524e+00
-4.194883599999992185e+01 7.951647335129043981e-01 0.000000000000000000e+00 2.076930946144948109e+00
-4.215457999999992467e+01 7.990647314277901092e-01 0.000000000000000000e+00 1.451303078984779837e+00
-4.131029799999994623e+01 7.830608720706502268e-01 0.000000000000000000e+00 1.959018727254370651e+00
-4.163702399999992565e+01 7.892541545903778433e-01 0.000000000000000000e+00 2.236884943651629154e+00
-4.168860999999992600e+01 7.902319974068745534e-01 0.000000000000000000e+00 1.897153524002831437e+00
-4.235657199999990752e+01 8.028936079871236142e-01 0.000000000000000000e+00 1.947268959030580282e+00
-4.221268999999993099e+01 8.001662404819255281e-01 0.000000000000000000e+00 1.898843539466518182e+00
-4.179766599999992849e+01 7.922992177029987149e-01 0.000000000000000000e+00 1.744330343807408479e+00
-4.218853399999991893e+01 7.997083493665976262e-01 0.000000000000000000e+00 1.823259788900699174e+00
-4.127531399999993056e+01 7.823977298791189305e-01 0.000000000000000000e+00 1.573039564575923865e+00
-4.192504199999994086e+01 7.947137043194081318e-01 0.000000000000000000e+00 1.884211438583495379e+00
-4.127457199999991388e+01 7.823836648349237199e-01 0.000000000000000000e+00 1.821613738457571907e+00
-4.223959399999991859e+01 8.006762215452957188e-01 0.000000000000000000e+00 1.895244022550695018e+00
-4.215577399999990860e+01 7.990873643964808704e-01 0.000000000000000000e+00 2.082030830782116482e+00
-4.215212799999989812e+01 7.990182523329567577e-01 0.000000000000000000e+00 1.649713804630329461e+00
-4.167511599999992455e+01 7.899762107406121947e-01 0.000000000000000000e+00 1.839838343948354771e+00
-4.197426399999993407e+01 7.956467361325665344e-01 0.000000000000000000e+00 1.597867238990267724e+00
-4.187905599999994166e+01 7.938420127798544446e-01 0.000000000000000000e+00 1.923532547128491643e+00
-4.183034999999993175e+01 7.929187620486425336e-01 0.000000000000000000e+00 1.848821990955976213e+00
-4.134906799999992444e+01 7.837957801076284037e-01 0.000000000000000000e+00 2.018639807619242443e+00
-4.153331399999993323e+01 7.872882708525641426e-01 0.000000000000000000e+00 1.950947682538934913e+00
-4.175940799999992237e+01 7.915740149256262903e-01 0.000000000000000000e+00 2.008736805626556876e+00
-4.209472799999991821e+01 7.979302017442914119e-01 0.000000000000000000e+00 1.871358477234971396e+00
-4.169201999999990704e+01 7.902966359522983764e-01 0.000000000000000000e+00 1.722551701295599091e+00
-4.177463399999990656e+01 7.918626326653999126e-01 0.000000000000000000e+00 1.962287568595037168e+00
-4.165067199999992198e+01 7.895128604167560571e-01 0.000000000000000000e+00 1.963819718529388192e+00
-4.164951999999993149e+01 7.894910235826422262e-01 0.000000000000000000e+00 1.678456529196999725e+00
-4.203454199999993079e+01 7.967893408953468093e-01 0.000000000000000000e+00 2.242888461142745982e+00
-4.209909799999994107e+01 7.980130376514776858e-01 0.000000000000000000e+00 1.945537713835317373e+00
-4.156727199999993161e+01 7.879319646137122879e-01 0.000000000000000000e+00 1.565189818938613753e+00
-4.196539999999993142e+01 7.954787138256338430e-01 0.000000000000000000e+00 1.973437367343661375e+00
-4.131754199999992494e+01 7.831981863296096913e-01 0.000000000000000000e+00 2.010685407294505733e+00
-4.234059399999993900e+01 8.025907356473036547e-01 0.000000000000000000e+00 2.116929610096908831e+00
-4.160549799999992615e+01 7.886565608123591309e-01 0.000000000000000000e+00 1.937891960065072361e+00
-4.204367999999992378e+01 7.969625570326154262e-01 0.000000000000000000e+00 2.033435688928985297e+00
-4.181526799999991795e+01 7.926328739131326406e-01 0.000000000000000000e+00 2.065101396824783997e+00
-4.203176799999994984e+01 7.967367581020901035e-01 0.000000000000000000e+00 1.835271440187437930e+00
-4.219086999999991860e+01 7.997526296135509805e-01 0.000000000000000000e+00 1.911759454116558121e+00
-4.182466599999993662e+01 7.928110185025455392e-01 0.000000000000000000e+00 1.932942904789418659e+00
-4.198770399999993685e+01 7.959014991972297448e-01 0.000000000000000000e+00 1.955510384276733182e+00
-4.169691399999992854e+01 7.903894045861129536e-01 0.000000000000000000e+00 1.964214233261090570e+00
-4.161852199999991342e+01 7.889034383535921124e-01 0.000000000000000000e+00 1.768212613454557047e+00
-4.243568399999992380e+01 8.043932222409657662e-01 0.000000000000000000e+00 1.544174107962249076e+00
-4.053468599999993671e+01 7.683586927470232864e-01 0.000000000000000000e+00 1.991722794037078748e+00
-4.189742799999989842e+01 7.941902647905673129e-01 0.000000000000000000e+00 1.899559381449425599e+00
-4.212125999999993553e+01 7.984331313299795063e-01 0.000000000000000000e+00 2.029097862140072372e+00
-4.149763799999992386e+01 7.866120113960963778e-01 0.000000000000000000e+00 1.684242327317323262e+00
-4.226855799999990637e+01 8.012252511141128020e-01 0.000000000000000000e+00 2.112654765793573919e+00
-4.223994999999991506e+01 8.006829697336155238e-01 0.000000000000000000e+00 1.657718050468318438e+00
-4.149697999999992959e+01 7.865995386210556939e-01 0.000000000000000000e+00 1.826272996066473864e+00
-4.165486199999993033e+01 7.895922843186117257e-01 0.000000000000000000e+00 1.691288809555982153e+00
-4.221635199999992238e+01 8.002356558348120430e-01 0.000000000000000000e+00 1.861530273643952516e+00
-4.210688399999991560e+01 7.981606258375982810e-01 0.000000000000000000e+00 1.880141536834206040e+00
-4.167090599999991696e+01 7.898964077270531625e-01 0.000000000000000000e+00 2.001982419615238040e+00
-4.193281599999992437e+01 7.948610650385068421e-01 0.000000000000000000e+00 1.698239960006127758e+00
-4.228657999999993677e+01 8.015668686700181400e-01 0.000000000000000000e+00 2.184306065060156232e+00
-4.183185799999992582e+01 7.929473470710763916e-01 0.000000000000000000e+00 1.679854972887645737e+00
-4.196581599999993273e+01 7.954865993490639609e-01 0.000000000000000000e+00 2.046962871306925003e+00
-4.174464999999992187e+01 7.912942683997111759e-01 0.000000000000000000e+00 1.579897900645686137e+00
-4.218246399999993201e+01 7.995932889646256703e-01 0.000000000000000000e+00 1.928187873066943281e+00
-4.221112999999991189e+01 8.001366697690623919e-01 0.000000000000000000e+00 1.853212510204859553e+00
-4.161429999999991480e+01 7.888234078730111953e-01 0.000000000000000000e+00 1.848049743744343720e+00
-4.159513199999992139e+01 7.884600672165035240e-01 0.000000000000000000e+00 1.497856901020705678e+00
-4.194414999999992943e+01 7.950759076408054904e-01 0.000000000000000000e+00 2.237675064084202692e+00
-4.182051599999991964e+01 7.927323528240963757e-01 0.000000000000000000e+00 1.815146050206373207e+00
-4.232124199999991987e+01 8.022239071631245277e-01 0.000000000000000000e+00 1.820145045456819766e+00
-4.222075399999991419e+01 8.003190983207231213e-01 0.000000000000000000e+00 1.965214713096178567e+00
-4.134459199999993473e+01 7.837109349084148135e-01 0.000000000000000000e+00 1.875658759087434069e+00
-4.167003599999993213e+01 7.898799163679569579e-01 0.000000000000000000e+00 1.380878926920140470e+00
-4.188335799999993014e+01 7.939235597072485939e-01 0.000000000000000000e+00 1.940668527589334502e+00
-4.219401999999990949e+01 7.998123397068311879e-01 0.000000000000000000e+00 1.860627533327875449e+00
-4.235003799999994101e+01 8.027697521936340008e-01 0.000000000000000000e+00 1.775773111745978960e+00
-4.200768999999994691e+01 7.962803455224054527e-01 0.000000000000000000e+00 1.938064384035438570e+00
-4.194481799999992688e+01 7.950885699716979671e-01 0.000000000000000000e+00 2.163981706282950945e+00
-4.211452199999993695e+01 7.983054085971149627e-01 0.000000000000000000e+00 1.954817165832738679e+00
-4.188537799999992473e+01 7.939618499892886483e-01 0.000000000000000000e+00 2.060788887661982205e+00
-4.225917999999992958e+01 8.010474856364040441e-01 0.000000000000000000e+00 1.812769833568218525e+00
-4.143322599999991240e+01 7.853910442442296747e-01 0.000000000000000000e+00 2.285061469218071295e+00
-4.213409599999995692e+01 7.986764452212014032e-01 0.000000000000000000e+00 1.788398214978244694e+00
-4.184141799999993339e+01 7.931285624652862909e-01 0.000000000000000000e+00 1.905783419302646831e+00
-4.180915399999990001e+01 7.925169794654126632e-01 0.000000000000000000e+00 1.998924792973371778e+00
-4.202022599999991570e+01 7.965179727380757857e-01 0.000000000000000000e+00 2.112344141049526502e+00
-4.231810199999990374e+01 8.021643866256955580e-01 0.000000000000000000e+00 1.910549640412623873e+00
-4.185581199999990787e+01 7.934014091581996775e-01 0.000000000000000000e+00 1.980025539335339202e+00
-4.221994799999992409e+01 8.003038201190775247e-01 0.000000000000000000e+00 2.075066397403302343e+00
-4.124429399999993251e+01 7.818097276271954721e-01 0.000000000000000000e+00 1.834226635800163319e+00
-4.237939199999990336e+01 8.033261744406662297e-01 0.000000000000000000e+00 2.236145560831916068e+00
-4.172521399999993008e+01 7.909258476463784104e-01 0.000000000000000000e+00 2.016500431366432089e+00
-4.179906199999991401e+01 7.923256796998935370e-01 0.000000000000000000e+00 1.816743802353512516e+00
-4.119956799999994246e+01 7.809619201249541343e-01 0.000000000000000000e+00 1.799088200311760311e+00
-4.160820599999993874e+01 7.887078925369953586e-01 0.000000000000000000e+00 1.742613844567053372e+00
-4.120755999999994401e+01 7.811134131616199738e-01 0.000000000000000000e+00 2.182918308460979340e+00
-4.236882399999991833e+01 8.031258518166070060e-01 0.000000000000000000e+00 2.156696576398846155e+00
-4.157647199999991727e+01 7.881063559972613097e-01 0.000000000000000000e+00 1.909940271533180356e+00
-4.185683399999990684e+01 7.934207817662417561e-01 0.000000000000000000e+00 1.680900012903140173e+00
-4.170909199999993433e+01 7.906202457022937224e-01 0.000000000000000000e+00 1.642743652249509578e+00
-4.216814599999992907e+01 7.993218828961846656e-01 0.000000000000000000e+00 1.744532265837892560e+00
-4.173600199999991389e+01 7.911303404991747446e-01 0.000000000000000000e+00 1.808898707427625263e+00
-4.197442399999992091e+01 7.956497690261932210e-01 0.000000000000000000e+00 1.821343835051137727e+00
-4.176197999999993726e+01 7.916227686906797123e-01 0.000000000000000000e+00 2.252635779425398610e+00
-4.247995999999992023e+01 8.052324997298814235e-01 0.000000000000000000e+00 2.102716920769148068e+00
-4.160680399999991863e+01 7.886813168065889279e-01 0.000000000000000000e+00 1.866516376954239220e+00
-4.188218199999990787e+01 7.939012679390902161e-01 0.000000000000000000e+00 1.572881997948575750e+00
-4.207287999999992678e+01 7.975160601195325771e-01 0.000000000000000000e+00 2.109567680829414815e+00
-4.238920599999993755e+01 8.035122045535094681e-01 0.000000000000000000e+00 2.088093744065155022e+00
-4.261061199999993931e+01 8.077090848433025050e-01 0.000000000000000000e+00 1.883974205429371551e+00
-4.223911799999991956e+01 8.006671986867555102e-01 0.000000000000000000e+00 2.130562597317165796e+00
-4.237633399999993600e+01 8.032682082612219165e-01 0.000000000000000000e+00 1.551204569946278866e+00
-4.224688399999992328e+01 8.008144077611732969e-01 0.000000000000000000e+00 1.767074672081264897e+00
-4.243609399999992604e+01 8.044009940308848305e-01 0.000000000000000000e+00 1.625141269994206494e+00
-4.244502199999991632e+01 8.045702294952680189e-01 0.000000000000000000e+00 1.999566699101976486e+00
-4.214432799999990920e+01 7.988703987686435193e-01 0.000000000000000000e+00 2.164934286267032437e+00
-4.193316199999993188e+01 7.948676236709752985e-01 0.000000000000000000e+00 1.602445307330597979e+00
-4.183048399999992739e+01 7.929213020970550252e-01 0.000000000000000000e+00 1.992400525366018416e+00
-4.195702199999992388e+01 7.953199039330929310e-01 0.000000000000000000e+00 1.611557456585009929e+00
-4.195587999999992235e+01 7.952982566548305599e-01 0.000000000000000000e+00 1.952854555141102511e+00
-4.225289399999990536e+01 8.009283308280350511e-01 0.000000000000000000e+00 1.710180251934002804e+00
-4.119978999999993619e+01 7.809661282648614478e-01 0.000000000000000000e+00 1.456774488867148332e+00
-4.196531799999991819e+01 7.954771594676498525e-01 0.000000000000000000e+00 1.692638253928647751e+00
-4.255012799999992978e+01 8.065625752299773188e-01 0.000000000000000000e+00 1.756131657018868530e+00
-4.253467399999994569e+01 8.062696356167853295e-01 0.000000000000000000e+00 2.080360826444792366e+00
-4.205113599999992857e+01 7.971038898756310775e-01 0.000000000000000000e+00 2.161815088735119073e+00
-4.250862799999990926e+01 8.057759184454886814e-01 0.000000000000000000e+00 2.048071176659303827e+00
-4.196300199999993907e+01 7.954332583324001948e-01 0.000000000000000000e+00 1.519113650530559356e+00
-4.229321599999993708e+01 8.016926579331955516e-01 0.000000000000000000e+00 1.865824818647995986e+00
-4.242500999999992928e+01 8.041908903248784490e-01 0.000000000000000000e+00 1.985831387224214595e+00
-4.222253999999993823e+01 8.003529529958343103e-01 0.000000000000000000e+00 2.052977445152047498e+00
-4.216311399999995047e+01 7.992264983916176346e-01 0.000000000000000000e+00 1.903291558264685879e+00
-4.242784799999991918e+01 8.042446862755860959e-01 0.000000000000000000e+00 1.897814925063541880e+00
-4.230343599999992676e+01 8.018863840136163379e-01 0.000000000000000000e+00 1.709798572076472789e+00
-4.220244599999993085e+01 7.999720594674605278e-01 0.000000000000000000e+00 1.850905202043998221e+00
-4.224315799999990872e+01 8.007437792508356189e-01 0.000000000000000000e+00 1.964697728373183017e+00
-4.248724199999992379e+01 8.053705343010777451e-01 0.000000000000000000e+00 2.065039707847250661e+00
-4.279038799999988640e+01 8.111168441225343750e-01 0.000000000000000000e+00 1.707505320534177695e+00
-4.201244199999992901e+01 7.963704224631252826e-01 0.000000000000000000e+00 1.829932815744166552e+00
-4.213609799999991878e+01 7.987143943027077420e-01 0.000000000000000000e+00 1.873952336747122249e+00
-4.245115399999992434e+01 8.046864651435208238e-01 0.000000000000000000e+00 2.079300290206425483e+00
-4.205557999999993513e+01 7.971881284961195302e-01 0.000000000000000000e+00 1.810016502854616904e+00
-4.300143399999990379e+01 8.151173445499830805e-01 0.000000000000000000e+00 2.149914560304687416e+00
-4.133427199999992041e+01 7.835153132694767653e-01 0.000000000000000000e+00 1.505916926899764308e+00
-4.273107199999990513e+01 8.099924746326863101e-01 0.000000000000000000e+00 1.507429874549004234e+00
-4.234863199999993100e+01 8.027431006408870529e-01 0.000000000000000000e+00 1.574691240210587928e+00
-4.193847799999993242e+01 7.949683915617304919e-01 0.000000000000000000e+00 1.588487386696200598e+00
-4.148148799999992775e+01 7.863058786956269586e-01 0.000000000000000000e+00 1.568835678880771800e+00
-4.234175799999990630e+01 8.026127999484390374e-01 0.000000000000000000e+00 2.025114268539536688e+00
-4.058899199999991936e+01 7.693880947551776650e-01 0.000000000000000000e+00 1.891390142473641900e+00
-4.229809599999991576e+01 8.017851611888169305e-01 0.000000000000000000e+00 2.278028320782440996e+00
-4.296015599999994095e+01 8.143348959054029779e-01 0.000000000000000000e+00 2.039102564351149116e+00
-4.159586199999993994e+01 7.884739047936768497e-01 0.000000000000000000e+00 1.800084386505647727e+00
-4.207410999999993351e+01 7.975393754892897702e-01 0.000000000000000000e+00 2.017161984826776777e+00
-4.258967399999992409e+01 8.073121928010464909e-01 0.000000000000000000e+00 1.754282222242693701e+00
-4.265438599999993130e+01 8.085388466284635367e-01 0.000000000000000000e+00 1.723917395488740345e+00
-4.236354999999992543e+01 8.030258800604289648e-01 0.000000000000000000e+00 1.816460922322093996e+00
-4.248141799999989843e+01 8.052601369730565395e-01 0.000000000000000000e+00 1.767733670715647243e+00
-4.275321599999991662e+01 8.104122271106554143e-01 0.000000000000000000e+00 2.018769263270884906e+00
-4.185181199999993851e+01 7.933255868175267400e-01 0.000000000000000000e+00 1.752305177590392393e+00
-4.219558799999994392e+01 7.998420620643759138e-01 0.000000000000000000e+00 1.805570991993189489e+00
-4.239863999999991506e+01 8.036910315439876884e-01 0.000000000000000000e+00 1.773222318124533681e+00
-4.259031799999993950e+01 8.073244001978951978e-01 0.000000000000000000e+00 1.712327641662073630e+00
-4.274643599999993882e+01 8.102837082432141624e-01 0.000000000000000000e+00 1.954424722898987943e+00
-4.195948399999992517e+01 7.953665725837775202e-01 0.000000000000000000e+00 1.861942936269323612e+00
-4.186777399999991900e+01 7.936281558679841863e-01 0.000000000000000000e+00 1.739247687510058427e+00
-4.215810999999992958e+01 7.991316446434346688e-01 0.000000000000000000e+00 1.940255176881159338e+00
-4.214901999999991489e+01 7.989593383742537025e-01 0.000000000000000000e+00 1.728972422795654884e+00
-4.263077399999991712e+01 8.080912673514671907e-01 0.000000000000000000e+00 1.946395869221163144e+00
-4.156071599999992827e+01 7.878076917973483306e-01 0.000000000000000000e+00 1.770025593076397508e+00
-4.297415399999991337e+01 8.146002361865896102e-01 0.000000000000000000e+00 1.810057366992001926e+00
-4.211879399999991591e+01 7.983863868569538447e-01 0.000000000000000000e+00 1.944788839713645467e+00
-4.265127199999994190e+01 8.084798189362494281e-01 0.000000000000000000e+00 2.237198335404205540e+00
-4.161959599999991610e+01 7.889237966520629142e-01 0.000000000000000000e+00 1.575581713060065558e+00
-4.241829399999994621e+01 8.040635846148878052e-01 0.000000000000000000e+00 2.000177237895166105e+00
-4.212384799999993845e+01 7.984821883843953305e-01 0.000000000000000000e+00 2.092664153148982464e+00
-4.201238199999992418e+01 7.963692851280150808e-01 0.000000000000000000e+00 2.097720125980931272e+00
-4.196213599999994415e+01 7.954168427956445075e-01 0.000000000000000000e+00 2.006529120299552993e+00
-4.227963599999991828e+01 8.014352410866084631e-01 0.000000000000000000e+00 2.148507896780762039e+00
-4.194747999999992061e+01 7.951390297394160811e-01 0.000000000000000000e+00 1.857981712515061945e+00
-4.219698599999995281e+01 7.998685619724414941e-01 0.000000000000000000e+00 1.768143180649339952e+00
-4.250205599999993211e+01 8.056513423397624329e-01 0.000000000000000000e+00 1.713863418194768506e+00
-4.185276999999992853e+01 7.933437462681178776e-01 0.000000000000000000e+00 1.894948671648342575e+00
-4.204968799999993223e+01 7.970764421883073103e-01 0.000000000000000000e+00 2.151928973673000289e+00
-4.243700199999992861e+01 8.044182057022177812e-01 0.000000000000000000e+00 1.731017784687681083e+00
-4.207915799999991435e+01 7.976350632832194254e-01 0.000000000000000000e+00 1.921871906156266796e+00
-4.132089399999993162e+01 7.832617254510942928e-01 0.000000000000000000e+00 1.774242198504345946e+00
-4.263968799999994275e+01 8.082602374376587351e-01 0.000000000000000000e+00 1.492949643029603646e+00
-4.223463599999991658e+01 8.005822397540307556e-01 0.000000000000000000e+00 2.012700608360053156e+00
-4.156997399999993092e+01 7.879831826048373511e-01 0.000000000000000000e+00 1.826981293111064497e+00
-4.193607599999992885e+01 7.949228602461558824e-01 0.000000000000000000e+00 1.958763169287592421e+00
-4.222259999999993596e+01 8.003540903309444010e-01 0.000000000000000000e+00 2.167700207476796148e+00
-4.162734399999992974e+01 7.890706645259478735e-01 0.000000000000000000e+00 1.889494827592546944e+00
-4.144789999999992602e+01 7.856691985009909285e-01 0.000000000000000000e+00 2.034632195784095821e+00
-4.259404799999994395e+01 8.073951045305733931e-01 0.000000000000000000e+00 1.894520551297580235e+00
-4.225211599999991563e+01 8.009135833827741857e-01 0.000000000000000000e+00 1.722992408380655149e+00
-4.245593999999989165e+01 8.047771865741361053e-01 0.000000000000000000e+00 2.152537353211250171e+00
-4.216816199999992421e+01 7.993221861855471788e-01 0.000000000000000000e+00 2.260896235932229104e+00
-4.182429599999992575e+01 7.928040049360329800e-01 0.000000000000000000e+00 1.977166266666625871e+00
-4.254686999999991315e+01 8.065008179334983707e-01 0.000000000000000000e+00 1.786557901116110347e+00
-4.207415999999990674e+01 7.975403232685477350e-01 0.000000000000000000e+00 1.754826114266917703e+00
-4.202800199999992259e+01 7.966653713683453653e-01 0.000000000000000000e+00 1.552905123574599200e+00
-4.176214599999990895e+01 7.916259153178171193e-01 0.000000000000000000e+00 1.889932564636295442e+00
-4.198269199999992196e+01 7.958064938043655223e-01 0.000000000000000000e+00 1.615054505611797087e+00
-4.228043999999993474e+01 8.014504813770840785e-01 0.000000000000000000e+00 2.045449429264083019e+00
-4.264277199999990842e+01 8.083186964623174653e-01 0.000000000000000000e+00 1.837175631293366473e+00
-4.307469999999992893e+01 8.165061444529310153e-01 0.000000000000000000e+00 2.158945055700897786e+00
-4.270923599999994025e+01 8.095785604749500264e-01 0.000000000000000000e+00 1.775759723003768720e+00
-4.186771999999992033e+01 7.936271322663851491e-01 0.000000000000000000e+00 1.971857201685350836e+00
-4.274898399999993615e+01 8.103320070742231485e-01 0.000000000000000000e+00 1.966919417796531677e+00
-4.194254999999991185e+01 7.950455787045357381e-01 0.000000000000000000e+00 1.731269540924616157e+00
-4.185424599999988260e+01 7.933717247118254878e-01 0.000000000000000000e+00 1.660335385823654031e+00
-4.239627999999993335e+01 8.036462963629906753e-01 0.000000000000000000e+00 1.604381368174491396e+00
-4.153053999999992385e+01 7.872356880593067707e-01 0.000000000000000000e+00 1.482777235630844626e+00
-4.193495799999993778e+01 7.949016679019378362e-01 0.000000000000000000e+00 1.875689421706864479e+00
-4.208632799999994489e+01 7.977709748288773772e-01 0.000000000000000000e+00 1.487444976052505030e+00
-4.221567799999991877e+01 8.002228797704084018e-01 0.000000000000000000e+00 1.931205068259900681e+00
-4.162505799999993883e+01 7.890273320582531502e-01 0.000000000000000000e+00 1.617692111469642091e+00
-4.273993599999992199e+01 8.101604969396193345e-01 0.000000000000000000e+00 1.749078361033129525e+00
-4.239074999999993310e+01 8.035414719770094250e-01 0.000000000000000000e+00 1.700565235414091880e+00
-4.195940799999989679e+01 7.953651319593042501e-01 0.000000000000000000e+00 1.781382244932741443e+00
-4.188483599999994311e+01 7.939515760621277396e-01 0.000000000000000000e+00 1.847473714006083734e+00
-4.258333999999991448e+01 8.071921281245896251e-01 0.000000000000000000e+00 2.044300478220489659e+00
-4.196937199999992885e+01 7.955540054099227154e-01 0.000000000000000000e+00 1.622634988490863739e+00
-4.198858799999995028e+01 7.959182559345189256e-01 0.000000000000000000e+00 1.830982786787223038e+00
-4.188809999999989486e+01 7.940134470921165200e-01 0.000000000000000000e+00 1.850751562763275349e+00
-4.184835999999991429e+01 7.932601521375249876e-01 0.000000000000000000e+00 2.003105967130934140e+00
-4.209303999999994517e+01 7.978982047165277258e-01 0.000000000000000000e+00 2.173952490815572514e+00
-4.245647599999993815e+01 8.047873467677871817e-01 0.000000000000000000e+00 1.839618610732543402e+00
-4.257684799999992009e+01 8.070690684656766090e-01 0.000000000000000000e+00 2.104871121584598992e+00
-4.170847799999990713e+01 7.906086069729998389e-01 0.000000000000000000e+00 1.517939355170606408e+00
-4.212331599999994580e+01 7.984721040130858816e-01 0.000000000000000000e+00 2.333932162929239329e+00
-4.181410999999992129e+01 7.926109233455076453e-01 0.000000000000000000e+00 1.627882291273672788e+00
-4.212861999999990559e+01 7.985726444368183019e-01 0.000000000000000000e+00 1.807779803119189177e+00
-4.168500999999992018e+01 7.901637573002682213e-01 0.000000000000000000e+00 1.860414121461491099e+00
-4.182526799999993727e+01 7.928224297648168717e-01 0.000000000000000000e+00 1.671240507924963925e+00
-4.228334399999992144e+01 8.015055283964128696e-01 0.000000000000000000e+00 1.894390831557972277e+00
-4.251292999999991906e+01 8.058574653728832748e-01 0.000000000000000000e+00 2.077720698386828602e+00
-4.181298599999993115e+01 7.925896172677785456e-01 0.000000000000000000e+00 1.921590794108890554e+00
-4.231580199999993397e+01 8.021207887798087466e-01 0.000000000000000000e+00 1.888732684080823399e+00
-4.217214999999994518e+01 7.993977810591991195e-01 0.000000000000000000e+00 1.780381934140576439e+00
-4.208069399999991589e+01 7.976641790620381256e-01 0.000000000000000000e+00 1.825209447387428296e+00
-4.153864599999992180e+01 7.873893420326817383e-01 0.000000000000000000e+00 1.679444212503985456e+00
-4.186767599999992484e+01 7.936262982206377936e-01 0.000000000000000000e+00 2.165729451803266592e+00
-4.218172199999992955e+01 7.995792239204306817e-01 0.000000000000000000e+00 1.944278203665433136e+00
-4.139925799999992506e+01 7.847471609272299586e-01 0.000000000000000000e+00 1.740986100999875053e+00
-4.215773599999992882e+01 7.991245552545817032e-01 0.000000000000000000e+00 1.739475171140461462e+00
-4.186396799999990748e+01 7.935560109108330540e-01 0.000000000000000000e+00 2.026287383213372095e+00
-4.221756599999992687e+01 8.002586679152065008e-01 0.000000000000000000e+00 1.979102463658868993e+00
-4.257669999999992427e+01 8.070662630390716963e-01 0.000000000000000000e+00 2.063459339766277711e+00
-4.185655799999992155e+01 7.934155500247355164e-01 0.000000000000000000e+00 1.852292659489854776e+00
-4.236651799999989976e+01 8.030821402372082529e-01 0.000000000000000000e+00 1.952355518025247649e+00
-4.229358399999991747e+01 8.016996335885371305e-01 0.000000000000000000e+00 2.056491526196295716e+00
-4.330941199999992364e+01 8.209552477589745489e-01 0.000000000000000000e+00 2.110992141355491736e+00
-4.314975399999994465e+01 8.179288369421597871e-01 0.000000000000000000e+00 1.990448823424180169e+00
-4.228192999999991741e+01 8.014787251989846650e-01 0.000000000000000000e+00 1.862536880442934750e+00
-4.285939999999992267e+01 8.124250069661761442e-01 0.000000000000000000e+00 1.875851162603905387e+00
-4.256909799999992572e+01 8.069221626806216685e-01 0.000000000000000000e+00 1.824796051146206244e+00
-4.292564999999993347e+01 8.136808144835823153e-01 0.000000000000000000e+00 1.724053587105725427e+00
-4.245192599999992211e+01 8.047010988552707467e-01 0.000000000000000000e+00 1.950231949044714863e+00
-4.309567199999992226e+01 8.169036809850823699e-01 0.000000000000000000e+00 1.773035642823694191e+00
-4.255301799999992340e+01 8.066173568711137998e-01 0.000000000000000000e+00 1.805198375980441750e+00
-4.309604199999994734e+01 8.169106945515951512e-01 0.000000000000000000e+00 1.965292120018309108e+00
-4.264066599999991070e+01 8.082787759999527921e-01 0.000000000000000000e+00 1.768076187182217263e+00
-4.286209999999991993e+01 8.124761870461306712e-01 0.000000000000000000e+00 1.989580513524893401e+00
-4.288095599999991947e+01 8.128336135600658929e-01 0.000000000000000000e+00 1.730202662054886487e+00
-4.300567399999992801e+01 8.151977162310976022e-01 0.000000000000000000e+00 1.683590944981660398e+00
-4.195502799999989918e+01 7.952821064962667386e-01 0.000000000000000000e+00 1.717665086655472573e+00
-4.248850399999993499e+01 8.053944562495604087e-01 0.000000000000000000e+00 1.682523431203706732e+00
-4.202707399999991367e+01 7.966477805853089400e-01 0.000000000000000000e+00 1.424434336682175894e+00
-4.267899599999994109e+01 8.090053435794578585e-01 0.000000000000000000e+00 1.921106169667712971e+00
-4.290605199999991726e+01 8.133093229254517720e-01 0.000000000000000000e+00 2.181332534103728182e+00
-4.307589399999993418e+01 8.165287774216221095e-01 0.000000000000000000e+00 1.685249091310128344e+00
-4.241198199999993079e+01 8.039439369613046171e-01 0.000000000000000000e+00 1.851372578472304964e+00
-4.335752799999995233e+01 8.218673146949373454e-01 0.000000000000000000e+00 1.676885076447434786e+00
-4.221803199999992984e+01 8.002675012178950276e-01 0.000000000000000000e+00 1.680007229474583585e+00
-4.282718999999990217e+01 8.118144475679017757e-01 0.000000000000000000e+00 1.785531220928127327e+00
-4.149152399999993435e+01 7.864961169483770664e-01 0.000000000000000000e+00 1.826657641933025156e+00
-4.240437599999991392e+01 8.037997607805135170e-01 0.000000000000000000e+00 1.565031616624515065e+00
-4.308498999999992662e+01 8.167011974243136851e-01 0.000000000000000000e+00 1.839279600822016913e+00
-4.269909199999990790e+01 8.093862750190012889e-01 0.000000000000000000e+00 1.792716012465301878e+00
-4.217825599999991937e+01 7.995135238622368412e-01 0.000000000000000000e+00 1.848130575556572897e+00
-4.272991799999992679e+01 8.099705998874024981e-01 0.000000000000000000e+00 1.559607783404712844e+00
-4.257691799999992099e+01 8.070703953566383815e-01 0.000000000000000000e+00 1.542083292460185939e+00
-4.317916799999991895e+01 8.184863965243023287e-01 0.000000000000000000e+00 1.791213705610716023e+00
-4.279844199999995169e+01 8.112695124054818407e-01 0.000000000000000000e+00 1.864785968013757733e+00
-4.300884199999993740e+01 8.152577675249111921e-01 0.000000000000000000e+00 1.862621252411598149e+00
-4.301705799999991342e+01 8.154135066126542153e-01 0.000000000000000000e+00 1.474561255012431848e+00
-4.310347199999991830e+01 8.170515345493957193e-01 0.000000000000000000e+00 1.859435517693637241e+00
-4.211623599999990830e+01 7.983378984700929548e-01 0.000000000000000000e+00 2.118354932322950024e+00
-4.259926599999991481e+01 8.074940147739815277e-01 0.000000000000000000e+00 1.984171336291705723e+00
-4.288071999999990425e+01 8.128291400419658252e-01 0.000000000000000000e+00 1.833049074932558753e+00
-4.270637999999991763e+01 8.095244233237086640e-01 0.000000000000000000e+00 1.782663706169205886e+00
-4.264858199999992650e+01 8.084288284121461388e-01 0.000000000000000000e+00 1.893269122064164645e+00
-4.312970399999991855e+01 8.175487774595330270e-01 0.000000000000000000e+00 1.916738793684773290e+00
-4.327726399999993134e+01 8.203458636069811405e-01 0.000000000000000000e+00 1.889436809976170695e+00
-4.342427999999993204e+01 8.231326379160974760e-01 0.000000000000000000e+00 1.538388913142838543e+00
-4.183176399999992867e+01 7.929455652460706272e-01 0.000000000000000000e+00 1.912928979314974187e+00
-4.261189199999991928e+01 8.077333479923176629e-01 0.000000000000000000e+00 1.747842234962638797e+00
-4.279735599999991535e+01 8.112489266399882659e-01 0.000000000000000000e+00 1.584703104865290646e+00
-4.271829199999992710e+01 8.097502222542347639e-01 0.000000000000000000e+00 1.787835729222018388e+00
-4.280445199999991246e+01 8.113834354723431508e-01 0.000000000000000000e+00 1.813873991173186262e+00
-4.284669399999993544e+01 8.121841573010267767e-01 0.000000000000000000e+00 1.747784483733562544e+00
-4.241733799999994403e+01 8.040454630754668708e-01 0.000000000000000000e+00 1.798320029876368853e+00
-4.312398799999991894e+01 8.174404273347105621e-01 0.000000000000000000e+00 1.540439479550421487e+00
-4.271327799999991726e+01 8.096551789502002272e-01 0.000000000000000000e+00 1.786325244604439089e+00
-4.277653399999992700e+01 8.108542334456122491e-01 0.000000000000000000e+00 1.539977330557272595e+00
-4.298229199999991579e+01 8.147544967386899373e-01 0.000000000000000000e+00 2.400216830932344170e+00
-4.322292999999991281e+01 8.193159308424414755e-01 0.000000000000000000e+00 1.898928878168804291e+00
-4.235471399999992315e+01 8.028583885098810047e-01 0.000000000000000000e+00 1.756083429429009302e+00
-4.300711999999992230e+01 8.152251260072509442e-01 0.000000000000000000e+00 1.616939913552882579e+00
-4.253345599999993709e+01 8.062465477140500214e-01 0.000000000000000000e+00 1.817942609484077376e+00
-4.317212799999992257e+01 8.183529492047170173e-01 0.000000000000000000e+00 1.663722317793215888e+00
-4.276041599999993537e+01 8.105487073238681894e-01 0.000000000000000000e+00 1.646275466763896800e+00
-4.256918599999990960e+01 8.069238307721161574e-01 0.000000000000000000e+00 1.813432508931193121e+00
-4.299163399999991952e+01 8.149315798153331514e-01 0.000000000000000000e+00 1.780635790448529931e+00
-4.310507199999992878e+01 8.170818634856653606e-01 0.000000000000000000e+00 1.988725081887713353e+00
-4.245616399999992296e+01 8.047814326252143990e-01 0.000000000000000000e+00 2.184624606891156340e+00
-4.286404799999992576e+01 8.125131125260388609e-01 0.000000000000000000e+00 1.874620154951262219e+00
-4.248852199999991797e+01 8.053947974500931251e-01 0.000000000000000000e+00 1.707728070017962008e+00
-4.271811599999992382e+01 8.097468860712450089e-01 0.000000000000000000e+00 2.056226262297419449e+00
-4.269211599999993467e+01 8.092540408568670296e-01 0.000000000000000000e+00 1.556304976391000405e+00
-4.317389999999990380e+01 8.183865385016350080e-01 0.000000000000000000e+00 1.681591808887391570e+00
-4.295669599999990140e+01 8.142693095807195247e-01 0.000000000000000000e+00 2.377252442067768978e+00
-4.290063199999993770e+01 8.132065836538394654e-01 0.000000000000000000e+00 1.667450633126855486e+00
-4.305506799999993461e+01 8.161340084049052424e-01 0.000000000000000000e+00 1.963826615342421533e+00
-4.259376199999990575e+01 8.073896832332144724e-01 0.000000000000000000e+00 1.557674375716451287e+00
-4.300073399999992318e+01 8.151040756403655774e-01 0.000000000000000000e+00 1.833320085473897354e+00
-4.252791999999993067e+01 8.061416095945577176e-01 0.000000000000000000e+00 1.402270769829846664e+00
-4.255088599999992738e+01 8.065769435635349316e-01 0.000000000000000000e+00 2.119191867556874609e+00
-4.288173799999996305e+01 8.128484368276683858e-01 0.000000000000000000e+00 1.652408231580180464e+00
-4.270151999999993819e+01 8.094322991797906486e-01 0.000000000000000000e+00 1.622985563519877772e+00
-4.312384599999990797e+01 8.174377356416163698e-01 0.000000000000000000e+00 1.660113599339246848e+00
-4.223808199999993462e+01 8.006475607005213435e-01 0.000000000000000000e+00 2.054791556013073173e+00
-4.322208399999991002e+01 8.192998944173889297e-01 0.000000000000000000e+00 1.832014555471267236e+00
-4.270835199999994103e+01 8.095618037376611786e-01 0.000000000000000000e+00 1.947552275849784298e+00
-4.301841599999991672e+01 8.154392482973129574e-01 0.000000000000000000e+00 1.721987885357260550e+00
-4.260475199999992668e+01 8.075980051142155336e-01 0.000000000000000000e+00 1.812193789583790293e+00
-4.296237399999993301e+01 8.143769393933062428e-01 0.000000000000000000e+00 1.644015818364999992e+00
-4.275633799999990714e+01 8.104714064475510016e-01 0.000000000000000000e+00 1.972781381386045085e+00
-4.291028799999993737e+01 8.133896187842255543e-01 0.000000000000000000e+00 1.570108980279889099e+00
-4.313299199999993050e+01 8.176111034235669095e-01 0.000000000000000000e+00 1.671468506801214282e+00
-4.297990399999991951e+01 8.147092308013079709e-01 0.000000000000000000e+00 1.843402436094185637e+00
-4.283228999999992226e+01 8.119111210522609312e-01 0.000000000000000000e+00 1.994997073666874510e+00
-4.245415399999992445e+01 8.047433318990259155e-01 0.000000000000000000e+00 1.935172892618970408e+00
-4.260264199999993195e+01 8.075580088295103431e-01 0.000000000000000000e+00 1.994988711705994344e+00
-4.305342599999991648e+01 8.161028833340583377e-01 0.000000000000000000e+00 1.786665215208590896e+00
-4.284161999999992787e+01 8.120879766618821494e-01 0.000000000000000000e+00 1.848543931057767375e+00
-4.260601999999994405e+01 8.076220407962093617e-01 0.000000000000000000e+00 1.834791409607009482e+00
-4.264758599999990452e+01 8.084099486493180331e-01 0.000000000000000000e+00 1.558185354375369647e+00
-4.306968399999992414e+01 8.164110632377262755e-01 0.000000000000000000e+00 1.679440782271156563e+00
-4.362708399999992537e+01 8.269769064105879641e-01 0.000000000000000000e+00 1.520214945642073268e+00
-4.307087399999991817e+01 8.164336203840765194e-01 0.000000000000000000e+00 1.891415909511050542e+00
-4.360121199999991148e+01 8.264864875111110898e-01 0.000000000000000000e+00 1.584988098943944212e+00
-4.330546199999992041e+01 8.208803731975592433e-01 0.000000000000000000e+00 1.645333457761155804e+00
-4.361005799999992405e+01 8.266541686175108428e-01 0.000000000000000000e+00 1.811195285288282442e+00
-4.364345599999992231e+01 8.272872472509648079e-01 0.000000000000000000e+00 1.779570125502166089e+00
-4.325062599999991164e+01 8.198409247292651747e-01 0.000000000000000000e+00 1.768154395574633275e+00
-4.314590999999994381e+01 8.178559716727724638e-01 0.000000000000000000e+00 1.603468356281457341e+00
-4.415004999999991497e+01 8.368900329637609659e-01 0.000000000000000000e+00 1.887560041268605104e+00
-4.361394399999993965e+01 8.267278300214755404e-01 0.000000000000000000e+00 1.864909720690862471e+00
-4.370258199999992144e+01 8.284080151796311409e-01 0.000000000000000000e+00 1.697652585628433686e+00
-4.355064199999990393e+01 8.255279035691452938e-01 0.000000000000000000e+00 1.775953067515062322e+00
-4.377147999999992578e+01 8.297140170865631159e-01 0.000000000000000000e+00 1.603410374133455107e+00
-4.335786399999992824e+01 8.218736837715535648e-01 0.000000000000000000e+00 1.982259762076472143e+00
-4.239172999999992442e+01 8.035600484504742402e-01 0.000000000000000000e+00 1.767998764654031385e+00
-4.315665399999992502e+01 8.180596304798213314e-01 0.000000000000000000e+00 1.608982847741786903e+00
-4.273995199999992423e+01 8.101608002289820698e-01 0.000000000000000000e+00 1.901135680920403859e+00
-4.305462599999992790e+01 8.161256300362607075e-01 0.000000000000000000e+00 1.725613994936060935e+00
-4.348871799999994892e+01 8.243540979131787072e-01 0.000000000000000000e+00 2.182570461791056626e+00
-4.298876399999992515e+01 8.148771772859000340e-01 0.000000000000000000e+00 1.706661427283624022e+00
-4.328091799999992872e+01 8.204151273151863988e-01 0.000000000000000000e+00 1.865431421619040631e+00
-4.287321399999991911e+01 8.126868594196922091e-01 0.000000000000000000e+00 1.922083927209309540e+00
