-2.288013399999996267e+01 4.631690455898986869e-01 0.000000000000000000e+00 1.649771567916924919e+00
-2.197435399999995909e+01 4.448330840035539246e-01 0.000000000000000000e+00 1.728864692196365072e+00
-2.273069799999996476e+01 4.601439702342748350e-01 0.000000000000000000e+00 1.994538915349722163e+00
-2.293803399999995918e+01 4.643411317210224820e-01 0.000000000000000000e+00 1.668529694266933205e+00
-2.385307399999996036e+01 4.828645461152118457e-01 0.000000000000000000e+00 1.609045087202501056e+00
-2.365491599999997163e+01 4.788531774870387059e-01 0.000000000000000000e+00 1.807247722434991655e+00
-2.333511999999995723e+01 4.723794563058832940e-01 0.000000000000000000e+00 1.570364993023319666e+00
-2.324008599999996250e+01 4.704556560747050753e-01 0.000000000000000000e+00 1.520331468179012990e+00
-2.302724599999996258e+01 4.661470755540073618e-01 0.000000000000000000e+00 1.384847618895160393e+00
-2.365321999999995839e+01 4.788188448777398465e-01 0.000000000000000000e+00 1.442015331598681449e+00
-2.355632999999997068e+01 4.768574731118577215e-01 0.000000000000000000e+00 1.839657238468760614e+00
-2.351657599999997217e+01 4.760527216082878765e-01 0.000000000000000000e+00 1.659735993069653581e+00
-2.371579599999995835e+01 4.800855886038401521e-01 0.000000000000000000e+00 1.651016736384650629e+00
-2.338110199999996297e+01 4.733102829808633061e-01 0.000000000000000000e+00 1.449968513066696607e+00
-2.357063199999996428e+01 4.771469925565438586e-01 0.000000000000000000e+00 1.735864216218386602e+00
-2.367234599999995481e+01 4.792060179234025608e-01 0.000000000000000000e+00 1.784035518705846757e+00
-2.353625199999995132e+01 4.764510284600317336e-01 0.000000000000000000e+00 1.521381659424196897e+00
-2.333190399999995535e+01 4.723143539052321871e-01 0.000000000000000000e+00 1.442078081350351093e+00
-2.328948199999995339e+01 4.714555933205251681e-01 0.000000000000000000e+00 1.461355863876026673e+00
-2.353003999999994633e+01 4.763252771811621877e-01 0.000000000000000000e+00 1.735317410257683601e+00
-2.335109999999997044e+01 4.727029439807602373e-01 0.000000000000000000e+00 1.441145312491829200e+00
-2.402940999999995952e+01 4.864341658046393846e-01 0.000000000000000000e+00 1.792453861260443038e+00
-2.363254999999995576e+01 4.784004162019137585e-01 0.000000000000000000e+00 1.811414811380565482e+00
-2.340700999999996057e+01 4.738347459771526382e-01 0.000000000000000000e+00 1.801312951317970645e+00
-2.350218199999995150e+01 4.757613397814930423e-01 0.000000000000000000e+00 1.572835585387940327e+00
-2.347207999999995565e+01 4.751519764530114376e-01 0.000000000000000000e+00 1.665991885097920067e+00
-2.354475799999995900e+01 4.766232178319030344e-01 0.000000000000000000e+00 1.447556975950245572e+00
-2.355812399999996387e+01 4.768937895629670187e-01 0.000000000000000000e+00 1.561963792252262895e+00
-2.365251999999994226e+01 4.788046745790903724e-01 0.000000000000000000e+00 1.498400661580961524e+00
-2.375904199999995825e+01 4.809610296543855856e-01 0.000000000000000000e+00 1.687980392268472851e+00
-2.335595199999995231e+01 4.728011643936823605e-01 0.000000000000000000e+00 1.586517467551001426e+00
-2.361245999999996670e+01 4.779937286306829014e-01 0.000000000000000000e+00 1.628775749209239621e+00
-2.328907599999995881e+01 4.714473745473087840e-01 0.000000000000000000e+00 1.616556263716674824e+00
-2.340265799999996688e+01 4.737466472061225287e-01 0.000000000000000000e+00 1.427088448921952413e+00
-2.362689799999996509e+01 4.782860011619637919e-01 0.000000000000000000e+00 1.562892119038781891e+00
-2.369953799999996136e+01 4.797564732960714617e-01 0.000000000000000000e+00 1.591392701459506176e+00
-2.346526599999995355e+01 4.750140387173036327e-01 0.000000000000000000e+00 1.582332951990046199e+00
-2.393593599999995902e+01 4.845419450961649388e-01 0.000000000000000000e+00 2.001975202094675943e+00
-2.354479399999996048e+01 4.766239465901193073e-01 0.000000000000000000e+00 1.415174251455924681e+00
-2.360599399999997061e+01 4.778628355577322906e-01 0.000000000000000000e+00 1.627453328277407296e+00
-2.352832399999996582e+01 4.762905397061882873e-01 0.000000000000000000e+00 1.355189836425699568e+00
-2.362257799999995811e+01 4.781985501760145363e-01 0.000000000000000000e+00 1.531117593513860786e+00
-2.402342599999996153e+01 4.863130299944728452e-01 0.000000000000000000e+00 1.979206702350793767e+00
-2.401052999999997084e+01 4.860519726067878410e-01 0.000000000000000000e+00 1.681441633350273523e+00
-2.336355799999996918e+01 4.729551348101477815e-01 0.000000000000000000e+00 1.601759879681588172e+00
-2.287706999999995361e+01 4.631070201683827325e-01 0.000000000000000000e+00 1.533504402413707446e+00
-2.388439599999997043e+01 4.834986062499108672e-01 0.000000000000000000e+00 1.807689433074300078e+00
-2.288153799999995996e+01 4.631974671603321103e-01 0.000000000000000000e+00 1.946825860592238389e+00
-2.336584199999996159e+01 4.730013704703114885e-01 0.000000000000000000e+00 1.397286253051125859e+00
-2.357680799999995713e+01 4.772720150771969094e-01 0.000000000000000000e+00 1.739730781081493260e+00
-2.411160999999995980e+01 4.880981637317270971e-01 0.000000000000000000e+00 1.763943346481388064e+00
-2.359036199999996342e+01 4.775463925456124858e-01 0.000000000000000000e+00 1.398842645339425150e+00
-2.378765799999996133e+01 4.815403114631635617e-01 0.000000000000000000e+00 1.907353283086541618e+00
-2.408542399999995354e+01 4.875680731025454628e-01 0.000000000000000000e+00 1.907708028775510822e+00
-2.340055799999996822e+01 4.737041363101750502e-01 0.000000000000000000e+00 1.316080621181887400e+00
-2.333260199999995876e+01 4.723284837173138961e-01 0.000000000000000000e+00 1.613071269848955103e+00
-2.325329199999997343e+01 4.707229888803636797e-01 0.000000000000000000e+00 1.598906577373323312e+00
-2.334929199999995575e+01 4.726663441236774732e-01 0.000000000000000000e+00 1.683149787993998503e+00
-2.398598599999996139e+01 4.855551214495802959e-01 0.000000000000000000e+00 1.642665567506272684e+00
-2.359910799999995845e+01 4.777234403055917733e-01 0.000000000000000000e+00 1.828993461430509226e+00
-2.383157799999996129e+01 4.824293964869798002e-01 0.000000000000000000e+00 1.745278332558153789e+00
-2.261335599999994628e+01 4.577685828284310254e-01 0.000000000000000000e+00 1.595148416660894464e+00
-2.324073599999995565e+01 4.704688142091648650e-01 0.000000000000000000e+00 1.404921425857091455e+00
-2.290263999999994837e+01 4.636246409347528630e-01 0.000000000000000000e+00 1.603357298252197305e+00
-2.339386399999996868e+01 4.735686277685214884e-01 0.000000000000000000e+00 1.719988067701152312e+00
-2.381299799999996836e+01 4.820532762742634758e-01 0.000000000000000000e+00 1.805050435176622559e+00
-2.245209199999995420e+01 4.545040699122039896e-01 0.000000000000000000e+00 1.328106405594754458e+00
-2.315758799999995432e+01 4.687856256490494089e-01 0.000000000000000000e+00 1.691831200673317381e+00
-2.352809799999997153e+01 4.762859647240531014e-01 0.000000000000000000e+00 1.678756365450749577e+00
-2.373517799999995503e+01 4.804779439301516963e-01 0.000000000000000000e+00 1.811578009794697630e+00
-2.322687199999996110e+01 4.701881613227763546e-01 0.000000000000000000e+00 1.467686085947825791e+00
-2.328166599999996222e+01 4.712973718144655155e-01 0.000000000000000000e+00 1.855579436209846333e+00
-2.326660599999994972e+01 4.709925079606703813e-01 0.000000000000000000e+00 1.486115480770541675e+00
-2.405867399999996081e+01 4.870265652613096630e-01 0.000000000000000000e+00 1.739182993062424742e+00
-2.327331399999996364e+01 4.711282999082972434e-01 0.000000000000000000e+00 1.213925907996468156e+00
-2.400004199999995080e+01 4.858396610464553178e-01 0.000000000000000000e+00 1.295026624208977184e+00
-2.379900599999996302e+01 4.817700322475503283e-01 0.000000000000000000e+00 2.001092165723811434e+00
-2.398005399999997067e+01 4.854350382901707062e-01 0.000000000000000000e+00 1.948140196945161939e+00
-2.336881599999995629e+01 4.730615739962865107e-01 0.000000000000000000e+00 1.458403749553295103e+00
-2.341187799999994823e+01 4.739332902826154381e-01 0.000000000000000000e+00 1.651705029281419490e+00
-2.335150599999996146e+01 4.727111627539765659e-01 0.000000000000000000e+00 1.319712054438506144e+00
-2.331344599999995992e+01 4.719407033731375933e-01 0.000000000000000000e+00 1.715276909848257425e+00
-2.366378799999996119e+01 4.790327759007747543e-01 0.000000000000000000e+00 1.452575175980488131e+00
-2.345066799999996832e+01 4.747185272606174733e-01 0.000000000000000000e+00 1.486140157540514872e+00
-2.352539999999995857e+01 4.762313483444022277e-01 0.000000000000000000e+00 1.650425574379425386e+00
-2.418117999999995860e+01 4.895064889846162948e-01 0.000000000000000000e+00 1.640028883707216334e+00
-2.338679199999994651e+01 4.734254672655969221e-01 0.000000000000000000e+00 1.843618762146169487e+00
-2.415937799999995761e+01 4.890651449115461236e-01 0.000000000000000000e+00 1.624292166806044158e+00
-2.385742399999995556e+01 4.829526043996744122e-01 0.000000000000000000e+00 1.676017926853812678e+00
-2.360748799999996450e+01 4.778930790237062021e-01 0.000000000000000000e+00 1.503276499045274495e+00
-2.346342799999995776e+01 4.749768315617077796e-01 0.000000000000000000e+00 1.439720918388158966e+00
-2.352627399999997238e+01 4.762490409744301600e-01 0.000000000000000000e+00 1.783810466141274809e+00
-2.393969199999995823e+01 4.846179788700595847e-01 0.000000000000000000e+00 1.554551166487704306e+00
-2.375042399999995268e+01 4.807865730347304911e-01 0.000000000000000000e+00 1.449643219297963359e+00
-2.348489599999996003e+01 4.754114143779939461e-01 0.000000000000000000e+00 1.721738047622315637e+00
-2.329576799999996695e+01 4.715828426023949693e-01 0.000000000000000000e+00 1.483271902362946149e+00
-2.336858999999995135e+01 4.730569990141511028e-01 0.000000000000000000e+00 1.935328481789136523e+00
-2.413385199999996900e+01 4.885484148496626600e-01 0.000000000000000000e+00 1.579423341927762348e+00
-2.320857199999995402e+01 4.698177092295194868e-01 0.000000000000000000e+00 1.935901765710442701e+00
-2.398012999999996708e+01 4.854365767797382825e-01 0.000000000000000000e+00 1.532675469513518074e+00
-2.406828799999997415e+01 4.872211841916143094e-01 0.000000000000000000e+00 1.895678132936319260e+00
-2.343096599999995178e+01 4.743196940834945030e-01 0.000000000000000000e+00 1.767885033067890355e+00
-2.395536599999993754e+01 4.849352721000977362e-01 0.000000000000000000e+00 1.802754620647709194e+00
-2.358629999999996585e+01 4.774641643268797697e-01 0.000000000000000000e+00 1.542690138633932895e+00
-2.387706999999996427e+01 4.833503039529053469e-01 0.000000000000000000e+00 2.013115120499530342e+00
-2.387976999999995797e+01 4.834049608191234304e-01 0.000000000000000000e+00 1.800219057237313791e+00
-2.385501199999995947e+01 4.829037775991862347e-01 0.000000000000000000e+00 1.993446489201325500e+00
-2.343058199999995850e+01 4.743119206625213691e-01 0.000000000000000000e+00 1.643587653341975541e+00
-2.401782999999996093e+01 4.861997485784146367e-01 0.000000000000000000e+00 1.457323940576622734e+00
-2.319702599999996906e+01 4.695839802749436909e-01 0.000000000000000000e+00 1.478759898051352772e+00
-2.359349599999996627e+01 4.776098349969932211e-01 0.000000000000000000e+00 1.300058931058996503e+00
-2.352036999999995359e+01 4.761295246269659498e-01 0.000000000000000000e+00 1.617694720017258225e+00
-2.311112599999995609e+01 4.678450821978529239e-01 0.000000000000000000e+00 1.387773425065190525e+00
-2.414123999999996784e+01 4.886979722302626783e-01 0.000000000000000000e+00 1.810221917865096897e+00
-2.370535999999995980e+01 4.798743296942649117e-01 0.000000000000000000e+00 1.378137708590249089e+00
-2.373765399999996006e+01 4.805280663008022479e-01 0.000000000000000000e+00 1.513734332095845847e+00
-2.363075399999996051e+01 4.783640592642368627e-01 0.000000000000000000e+00 1.582260614694090517e+00
-2.387310199999996030e+01 4.832699786028482603e-01 0.000000000000000000e+00 2.154014775653438907e+00
-2.339807199999995646e+01 4.736538115066865062e-01 0.000000000000000000e+00 1.687687788403788858e+00
-2.359902999999995643e+01 4.777218613294565430e-01 0.000000000000000000e+00 1.203958762129787141e+00
-2.349927199999995153e+01 4.757024318256800610e-01 0.000000000000000000e+00 1.891970516143302694e+00
-2.323742999999996073e+01 4.704018899129733811e-01 0.000000000000000000e+00 1.509474669840103145e+00
-2.392478599999995836e+01 4.843162324819674791e-01 0.000000000000000000e+00 1.704459505847747414e+00
-2.340982799999997610e+01 4.738917915508577550e-01 0.000000000000000000e+00 1.640588708950342811e+00
-2.292372399999997157e+01 4.640514503300661731e-01 0.000000000000000000e+00 1.916882609870579568e+00
-2.376295799999996206e+01 4.810403023536858891e-01 0.000000000000000000e+00 1.664358613332395986e+00
-2.314848599999997347e+01 4.686013712800430331e-01 0.000000000000000000e+00 1.744198000356749878e+00
-2.411926599999996057e+01 4.882531463123814253e-01 0.000000000000000000e+00 1.631432409235218373e+00
-2.364895399999995362e+01 4.787324870291150281e-01 0.000000000000000000e+00 1.444686708159008237e+00
-2.335286399999996476e+01 4.727386531333560016e-01 0.000000000000000000e+00 1.382165564021790471e+00
-2.380322399999995397e+01 4.818554184185532829e-01 0.000000000000000000e+00 1.943959854467632198e+00
-2.328536599999995715e+01 4.713722719644681258e-01 0.000000000000000000e+00 1.540226877700787700e+00
-2.366359599999994856e+01 4.790288891902878543e-01 0.000000000000000000e+00 1.581196652195144159e+00
-2.356034199999994883e+01 4.769386891664008088e-01 0.000000000000000000e+00 1.614361913861092956e+00
-2.319887999999996708e+01 4.696215113230801652e-01 0.000000000000000000e+00 1.579091193814923244e+00
-2.413327199999996253e+01 4.885366737450674846e-01 0.000000000000000000e+00 1.911050245922488733e+00
-2.348998999999995974e+01 4.755145336655923205e-01 0.000000000000000000e+00 1.610358273550305475e+00
-2.364517999999996789e+01 4.786560888761124954e-01 0.000000000000000000e+00 1.505195525270032419e+00
-2.356100399999994011e+01 4.769520902202659673e-01 0.000000000000000000e+00 1.456350421112565519e+00
-2.348740999999995793e+01 4.754623059934282026e-01 0.000000000000000000e+00 1.757656707124860551e+00
-2.353088799999996894e+01 4.763424434858118950e-01 0.000000000000000000e+00 1.606358443418975268e+00
-2.343541799999996655e+01 4.744098171829034816e-01 0.000000000000000000e+00 1.710726090300946911e+00
-2.355621999999995353e+01 4.768552463506410821e-01 0.000000000000000000e+00 1.662955728560298940e+00
-2.408200399999996222e+01 4.874988410720025866e-01 0.000000000000000000e+00 1.862076141502144511e+00
-2.349036599999995900e+01 4.755221451402952826e-01 0.000000000000000000e+00 1.606738148555713730e+00
-2.353975199999996448e+01 4.765218799532778271e-01 0.000000000000000000e+00 1.667192323074087046e+00
-2.363192399999994819e+01 4.783877439062644843e-01 0.000000000000000000e+00 1.786388456693017712e+00
-2.351248599999996358e+01 4.759699265776090038e-01 0.000000000000000000e+00 1.468679457228447838e+00
-2.305669799999996172e+01 4.667432807480290657e-01 0.000000000000000000e+00 1.678086715351261082e+00
-2.400687599999996280e+01 4.859780036478389964e-01 0.000000000000000000e+00 1.558927221729899504e+00
-2.355513799999994617e+01 4.768333431175861281e-01 0.000000000000000000e+00 1.600009605197178164e+00
-2.304299599999995962e+01 4.664659072736135337e-01 0.000000000000000000e+00 1.438436261910759129e+00
-2.417285599999994972e+01 4.893379838903937906e-01 0.000000000000000000e+00 1.402238644966820269e+00
-2.337649599999995687e+01 4.732170424157516875e-01 0.000000000000000000e+00 1.355399330319408735e+00
-2.335594799999995530e+01 4.728010834205472745e-01 0.000000000000000000e+00 1.523960922673000207e+00
-2.330561399999997363e+01 4.717821579745374860e-01 0.000000000000000000e+00 1.755449047102688231e+00
-2.379161199999994736e+01 4.816203534072472925e-01 0.000000000000000000e+00 1.451414685522195658e+00
-2.349947799999995013e+01 4.757066019421396508e-01 0.000000000000000000e+00 1.958489626030397890e+00
-2.352780399999996064e+01 4.762800131986202334e-01 0.000000000000000000e+00 1.702563276441398266e+00
-2.394997799999995891e+01 4.848262012870671600e-01 0.000000000000000000e+00 2.211969925251739522e+00
-2.358759599999995160e+01 4.774903996226642633e-01 0.000000000000000000e+00 1.653067648369190845e+00
-2.353486599999996542e+01 4.764229712687066409e-01 0.000000000000000000e+00 1.640340674410426081e+00
-2.334558599999995820e+01 4.725913225139721230e-01 0.000000000000000000e+00 1.505071956601907734e+00
-2.350449399999995137e+01 4.758081422536028504e-01 0.000000000000000000e+00 1.557441540568013538e+00
-2.385421799999995329e+01 4.828877044318611866e-01 0.000000000000000000e+00 1.628269709893780171e+00
-2.376132799999995626e+01 4.810073058011170022e-01 0.000000000000000000e+00 1.620888889198538241e+00
-2.392394799999995314e+01 4.842992686101559308e-01 0.000000000000000000e+00 1.905016619375529130e+00
-2.361967799999995776e+01 4.781398446530394364e-01 0.000000000000000000e+00 1.796923769965399931e+00
-2.340335199999995197e+01 4.737606960450687077e-01 0.000000000000000000e+00 1.600654061924547955e+00
-2.371596399999997118e+01 4.800889894755162035e-01 0.000000000000000000e+00 1.727823736539550348e+00
-2.388349199999996486e+01 4.834803063213695684e-01 0.000000000000000000e+00 1.610867328439664403e+00
-2.397020999999994473e+01 4.852357634045953438e-01 0.000000000000000000e+00 1.522275904159241522e+00
-2.363688799999995993e+01 4.784882315669710673e-01 0.000000000000000000e+00 1.527307863978214275e+00
-2.328455799999996145e+01 4.713559153911703326e-01 0.000000000000000000e+00 1.350261464330729355e+00
-2.411137199999996028e+01 4.880933458301864314e-01 0.000000000000000000e+00 1.905092668075638818e+00
-2.353881599999995800e+01 4.765029322396553413e-01 0.000000000000000000e+00 1.998076320961709840e+00
-2.424839999999995044e+01 4.908672425206117573e-01 0.000000000000000000e+00 2.029167723601243090e+00
-2.445017399999995078e+01 4.949518108629499813e-01 0.000000000000000000e+00 1.983369343733185408e+00
-2.454827399999996018e+01 4.969376770022118084e-01 0.000000000000000000e+00 1.808140960281157339e+00
-2.402357599999995941e+01 4.863160664870404548e-01 0.000000000000000000e+00 1.703300831992594633e+00
-2.426983799999996450e+01 4.913012180383846128e-01 0.000000000000000000e+00 1.559694212893454557e+00
-2.366970599999996949e+01 4.791525756542117098e-01 0.000000000000000000e+00 1.595608552145797665e+00
-2.455886399999995717e+01 4.971520533774898554e-01 0.000000000000000000e+00 1.686687867965923182e+00
-2.382727799999997131e+01 4.823423503667065293e-01 0.000000000000000000e+00 1.450581110137198593e+00
-2.402783399999996305e+01 4.864022623893950459e-01 0.000000000000000000e+00 2.139106003588859384e+00
-2.428589999999994831e+01 4.916263656625313172e-01 0.000000000000000000e+00 1.624945733981241869e+00
-2.315383399999995362e+01 4.687096323617222504e-01 0.000000000000000000e+00 1.744710383782009488e+00
-2.466637799999995906e+01 4.993284897902990349e-01 0.000000000000000000e+00 1.671475052892026802e+00
-2.399152399999996987e+01 4.856672287551791478e-01 0.000000000000000000e+00 1.923450236304384831e+00
-2.407765599999997264e+01 4.874108232741077296e-01 0.000000000000000000e+00 1.459411715042756130e+00
-2.485097999999996432e+01 5.030654404634895549e-01 0.000000000000000000e+00 1.570474785830479281e+00
-2.389218999999995674e+01 4.836563824037271586e-01 0.000000000000000000e+00 1.539692887749325889e+00
-2.458274999999995458e+01 4.976355844539668838e-01 0.000000000000000000e+00 1.976556143136262378e+00
-2.465257999999995064e+01 4.990491729606399973e-01 0.000000000000000000e+00 1.406479519648942134e+00
-2.529386199999996165e+01 5.120308264725462744e-01 0.000000000000000000e+00 1.899891988784221164e+00
-2.499744199999995686e+01 5.060303122931381070e-01 0.000000000000000000e+00 1.520599674980734006e+00
-2.411769199999996260e+01 4.882212833837046295e-01 0.000000000000000000e+00 1.497397684447888677e+00
-2.491483399999994930e+01 5.043580551062660788e-01 0.000000000000000000e+00 1.712100290193540930e+00
-2.497188999999995573e+01 5.055130559058759188e-01 0.000000000000000000e+00 1.588663175869459376e+00
-2.525495199999996032e+01 5.112431603004905512e-01 0.000000000000000000e+00 1.776110042686920076e+00
-2.520151199999995839e+01 5.101613592150455734e-01 0.000000000000000000e+00 1.454700604225952709e+00
-2.536247599999995828e+01 5.134197991461374455e-01 0.000000000000000000e+00 1.583585188078945771e+00
-2.564479599999996751e+01 5.191348830241839796e-01 0.000000000000000000e+00 1.503890453371325986e+00
-2.494298999999995914e+01 5.049280250045032892e-01 0.000000000000000000e+00 1.412443447227591076e+00
-2.578253599999995060e+01 5.219231929326637598e-01 0.000000000000000000e+00 1.816433726379047764e+00
-2.583481799999995232e+01 5.229815522954862628e-01 0.000000000000000000e+00 1.637375184317321208e+00
-2.705383599999995425e+01 5.476584796079272399e-01 0.000000000000000000e+00 2.125483121386046115e+00
-2.571302199999995253e+01 5.205160013036665978e-01 0.000000000000000000e+00 1.538930479955924469e+00
-2.574931199999995712e+01 5.212506300722069552e-01 0.000000000000000000e+00 1.611432020603494220e+00
-2.623298599999995773e+01 5.310417801134020843e-01 0.000000000000000000e+00 1.503054044138133483e+00
-2.527686799999995770e+01 5.116868121079121146e-01 0.000000000000000000e+00 1.451501413888809378e+00
-2.460227199999995307e+01 4.980307738400083228e-01 0.000000000000000000e+00 1.608665269943760467e+00
-2.675541399999995207e+01 5.416174383743823650e-01 0.000000000000000000e+00 1.568219123849750041e+00
-2.656328599999995532e+01 5.377281367474296969e-01 0.000000000000000000e+00 1.892195520094756667e+00
-2.598447599999995106e+01 5.260111216601102146e-01 0.000000000000000000e+00 1.395102375094365188e+00
-2.643667199999996242e+01 5.351650536143364167e-01 0.000000000000000000e+00 1.457035813157741666e+00
-2.682720999999995470e+01 5.430708251769760242e-01 0.000000000000000000e+00 1.909159908827636087e+00
-2.607378599999996283e+01 5.278190493349061985e-01 0.000000000000000000e+00 1.687875828707595671e+00
-2.579554999999994891e+01 5.221866390278355752e-01 0.000000000000000000e+00 1.660153898032201480e+00
-2.419337399999994531e+01 4.897533355870845040e-01 0.000000000000000000e+00 1.768912096109248600e+00
-2.631534199999995494e+01 5.327089359927601464e-01 0.000000000000000000e+00 1.217121923059443445e+00
-2.611543599999996346e+01 5.286621821045315306e-01 0.000000000000000000e+00 1.607696751866979357e+00
-2.683982799999995450e+01 5.433262549317691148e-01 0.000000000000000000e+00 1.943653879176115984e+00
-2.697306799999994809e+01 5.460234700632187188e-01 0.000000000000000000e+00 1.957196499370330800e+00
-2.541252199999995298e+01 5.144328945264176056e-01 0.000000000000000000e+00 1.898257280918900447e+00
-2.579861799999995498e+01 5.222487454224865600e-01 0.000000000000000000e+00 1.663089568363652404e+00
-2.601890399999997072e+01 5.267080574342442034e-01 0.000000000000000000e+00 1.598862206046297141e+00
-2.643105799999996108e+01 5.350514078191700440e-01 0.000000000000000000e+00 1.551999983155003537e+00
-2.661472999999995537e+01 5.387695322384407071e-01 0.000000000000000000e+00 2.103382372261257682e+00
-2.650651799999993585e+01 5.365789660135495964e-01 0.000000000000000000e+00 1.455205105220079620e+00
-2.732267599999994800e+01 5.531006840205580088e-01 0.000000000000000000e+00 1.872712924179218197e+00
-2.638196999999994219e+01 5.340577055047550648e-01 0.000000000000000000e+00 1.623832893172660885e+00
-2.700895199999996166e+01 5.467498800585428587e-01 0.000000000000000000e+00 1.755831961454354939e+00
-2.750550399999996998e+01 5.568017231083152163e-01 0.000000000000000000e+00 1.353189456445157646e+00
-2.618988999999994505e+01 5.301693755554239829e-01 0.000000000000000000e+00 1.592536687714657173e+00
-2.700909199999995636e+01 5.467527141182725314e-01 0.000000000000000000e+00 1.630963249354023370e+00
-2.743815799999994809e+01 5.554384189185622711e-01 0.000000000000000000e+00 1.557977728162538877e+00
-2.731649799999994954e+01 5.529756210133373040e-01 0.000000000000000000e+00 1.371073326803022185e+00
-2.810580199999994733e+01 5.689537258775959616e-01 0.000000000000000000e+00 2.107526264690335882e+00
-2.787449599999995797e+01 5.642713328785333715e-01 0.000000000000000000e+00 1.620776552369607160e+00
-2.672335199999994160e+01 5.409683982096827881e-01 0.000000000000000000e+00 1.832906348871467195e+00
-2.998481799999995445e+01 6.069911800012541825e-01 0.000000000000000000e+00 1.611645461950693026e+00
-3.031135199999994967e+01 6.136013004285493233e-01 0.000000000000000000e+00 1.218124915596080049e+00
-2.969093999999994793e+01 6.010421242492262062e-01 0.000000000000000000e+00 1.617111481199197121e+00
-3.006698599999994315e+01 6.086545301432606525e-01 0.000000000000000000e+00 1.602926939299266440e+00
-3.042047199999994334e+01 6.158102475551162636e-01 0.000000000000000000e+00 1.551836119125412639e+00
-2.979737199999993535e+01 6.031966574289802097e-01 0.000000000000000000e+00 1.440894577774024743e+00
-3.031069799999994530e+01 6.135880613209541146e-01 0.000000000000000000e+00 1.454752944277772020e+00
-3.097738599999994236e+01 6.270840157006897231e-01 0.000000000000000000e+00 1.677139944590616105e+00
-3.067359799999994152e+01 6.209343490063572446e-01 0.000000000000000000e+00 1.803465157226302518e+00
-3.016236199999995549e+01 6.105852535774934919e-01 0.000000000000000000e+00 1.715367808176804232e+00
-3.045340999999994480e+01 6.164770208364108717e-01 0.000000000000000000e+00 1.515004445204666483e+00
-3.108615999999993562e+01 6.292859586510672898e-01 0.000000000000000000e+00 1.575500986859722286e+00
-3.068052199999995011e+01 6.210745135032814668e-01 0.000000000000000000e+00 1.769478286838219061e+00
-3.034423799999995097e+01 6.142670210590871482e-01 0.000000000000000000e+00 1.541398204489690116e+00
-3.041477999999995063e+01 6.156950227838149381e-01 0.000000000000000000e+00 1.409235119710782413e+00
-3.021269999999994482e+01 6.116042599966385884e-01 0.000000000000000000e+00 1.462346759855748246e+00
-2.999079799999994123e+01 6.071122348382853584e-01 0.000000000000000000e+00 1.087503973937241408e+00
-3.023782799999996129e+01 6.121129332315763394e-01 0.000000000000000000e+00 1.399311395880996400e+00
-3.016199199999994107e+01 6.105777635624929367e-01 0.000000000000000000e+00 1.790225166001712553e+00
-3.048990199999993678e+01 6.172157387482755109e-01 0.000000000000000000e+00 1.525744884746231822e+00
-3.036365599999994558e+01 6.146601051436149099e-01 0.000000000000000000e+00 1.602173863774345675e+00
-3.035756399999994670e+01 6.145367830587996627e-01 0.000000000000000000e+00 1.497064278662905146e+00
-3.025844799999994805e+01 6.125303497432129651e-01 0.000000000000000000e+00 1.246725961843801800e+00
-3.069588599999994116e+01 6.213855313153466842e-01 0.000000000000000000e+00 1.428805525924760289e+00
-3.023538599999993437e+01 6.120634991325739627e-01 0.000000000000000000e+00 1.558265748592441824e+00
-3.066292799999995466e+01 6.207183531683766464e-01 0.000000000000000000e+00 1.490614300327013808e+00
-3.063780199999995801e+01 6.202097204200068825e-01 0.000000000000000000e+00 1.613518766827658935e+00
-3.017167599999994110e+01 6.107737995226621974e-01 0.000000000000000000e+00 1.509874202875555183e+00
-3.010873999999995476e+01 6.094997682143997730e-01 0.000000000000000000e+00 1.366913043276267725e+00
-3.045582599999993789e+01 6.165259286100341907e-01 0.000000000000000000e+00 1.662368854924268113e+00
-3.016902999999993895e+01 6.107202357937683290e-01 0.000000000000000000e+00 1.627984635565202121e+00
-3.048165599999995123e+01 6.170488126301886256e-01 0.000000000000000000e+00 1.357635384198674355e+00
-3.025395599999994545e+01 6.124394169124528498e-01 0.000000000000000000e+00 1.670931841655603156e+00
-3.044886599999993138e+01 6.163850353548937511e-01 0.000000000000000000e+00 1.377696493545393253e+00
-3.047081799999996221e+01 6.168294159205321980e-01 0.000000000000000000e+00 1.406231730287965220e+00
-3.039950599999994196e+01 6.153858268672899312e-01 0.000000000000000000e+00 1.460677700594536166e+00
-3.052451599999994514e+01 6.179164397731932157e-01 0.000000000000000000e+00 1.539513797492801928e+00
-3.028222599999995168e+01 6.130116945450413413e-01 0.000000000000000000e+00 1.305769860971764951e+00
-3.024116999999994349e+01 6.121805862859838188e-01 0.000000000000000000e+00 1.641447495814335245e+00
-3.006907999999995340e+01 6.086969195795055576e-01 0.000000000000000000e+00 1.371646386241325954e+00
-3.044407399999994368e+01 6.162880295389986385e-01 0.000000000000000000e+00 1.340966700798533751e+00
-3.039805399999995572e+01 6.153564336192350881e-01 0.000000000000000000e+00 1.657356526533879659e+00
-3.055087199999995207e+01 6.184499717606182223e-01 0.000000000000000000e+00 1.721894869799670769e+00
-3.015874799999995304e+01 6.105120943498961728e-01 0.000000000000000000e+00 1.435251137879304251e+00
-3.061652199999994295e+01 6.197789433410718640e-01 0.000000000000000000e+00 1.778012952628054366e+00
-3.078776799999994651e+01 6.232455247160363365e-01 0.000000000000000000e+00 1.650366015900837535e+00
-3.053545799999994870e+01 6.181379417843635427e-01 0.000000000000000000e+00 1.303319871989693457e+00
-3.097303199999993595e+01 6.269958764430918485e-01 0.000000000000000000e+00 1.333639351312675858e+00
-3.032688199999994794e+01 6.139156786257229381e-01 0.000000000000000000e+00 1.220108719479331194e+00
-3.066032799999996072e+01 6.206657206305370433e-01 0.000000000000000000e+00 1.549211067261414332e+00
-3.050565999999993494e+01 6.175347324141520211e-01 0.000000000000000000e+00 1.566721943318841292e+00
-2.996336399999994171e+01 6.065568805909408168e-01 0.000000000000000000e+00 1.616285693037957660e+00
-3.006388999999995093e+01 6.085918569366638442e-01 0.000000000000000000e+00 1.444534108495213243e+00
-3.026157199999993352e+01 6.125935897617554859e-01 0.000000000000000000e+00 1.516161192762960797e+00
-3.035355199999994724e+01 6.144555670042560758e-01 0.000000000000000000e+00 1.236061125493215229e+00
-3.098857399999995366e+01 6.273104975596712762e-01 0.000000000000000000e+00 1.453892782412620877e+00
-3.047519799999995982e+01 6.169180815035083532e-01 0.000000000000000000e+00 1.499778179556812807e+00
-3.006191799999994529e+01 6.085519371810407252e-01 0.000000000000000000e+00 1.519010125073814832e+00
-3.027079799999995302e+01 6.127803542979518570e-01 0.000000000000000000e+00 1.492733640002783746e+00
-3.054023999999995098e+01 6.182347451674211625e-01 0.000000000000000000e+00 1.287198770331697162e+00
-3.052608399999994759e+01 6.179481812421673270e-01 0.000000000000000000e+00 1.507833909262963790e+00
-3.028432399999994828e+01 6.130541649544212213e-01 0.000000000000000000e+00 1.707334632370857586e+00
-3.041803999999994446e+01 6.157610158889523788e-01 0.000000000000000000e+00 1.344095583572007868e+00
-3.041656199999995280e+01 6.157310963155190331e-01 0.000000000000000000e+00 1.422029659920259537e+00
-3.068024399999994500e+01 6.210688858703892201e-01 0.000000000000000000e+00 1.421640340110782441e+00
-3.094574399999994441e+01 6.264434777151799416e-01 0.000000000000000000e+00 1.768946887664459400e+00
-3.030363199999993995e+01 6.134450222777326767e-01 0.000000000000000000e+00 1.508636594518106167e+00
-3.025257199999993674e+01 6.124114002076948005e-01 0.000000000000000000e+00 1.451995160834521625e+00
-3.026540199999994485e+01 6.126711215386504428e-01 0.000000000000000000e+00 1.407000428447882090e+00
-3.062537399999995813e+01 6.199581368891328159e-01 0.000000000000000000e+00 1.383459411459387223e+00
-3.062185999999993413e+01 6.198870019899135331e-01 0.000000000000000000e+00 1.860234077157545185e+00
-3.038282999999994516e+01 6.150482498668993214e-01 0.000000000000000000e+00 1.356056310435044487e+00
-3.020205199999995571e+01 6.113887095109011849e-01 0.000000000000000000e+00 1.367907591574397008e+00
-3.015264399999994183e+01 6.103885293456752237e-01 0.000000000000000000e+00 1.171697245371909224e+00
-3.041222999999994414e+01 6.156434024101642422e-01 0.000000000000000000e+00 1.555720135142850680e+00
-3.055834399999995199e+01 6.186012295770560998e-01 0.000000000000000000e+00 1.617677691632063430e+00
-3.039658999999995004e+01 6.153267974517744321e-01 0.000000000000000000e+00 1.340527090175706926e+00
-3.026665999999994838e+01 6.126965875896513980e-01 0.000000000000000000e+00 1.488600294629729648e+00
-3.025837999999994210e+01 6.125289731999155052e-01 0.000000000000000000e+00 1.581120867733975421e+00
-3.004411199999994864e+01 6.081914852699735752e-01 0.000000000000000000e+00 1.391755191761086419e+00
-3.019009399999995935e+01 6.111466403234059319e-01 0.000000000000000000e+00 1.524091563424261331e+00
-3.043336999999994674e+01 6.160713454293691438e-01 0.000000000000000000e+00 1.404103028645157902e+00
-2.992606799999992973e+01 6.058018870789130261e-01 0.000000000000000000e+00 1.147508696023914698e+00
-3.054080199999994960e+01 6.182461218929079516e-01 0.000000000000000000e+00 1.490546550290133387e+00
-3.011452599999994462e+01 6.096168958543768390e-01 0.000000000000000000e+00 1.364246420365026191e+00
-3.023326999999993703e+01 6.120206643440859740e-01 0.000000000000000000e+00 1.392849958599890359e+00
-3.032368999999994941e+01 6.138510620638827353e-01 0.000000000000000000e+00 1.223741810220116522e+00
-3.071702799999995293e+01 6.218135148211193508e-01 0.000000000000000000e+00 1.480290408177197481e+00
-3.032186199999993548e+01 6.138140573411243750e-01 0.000000000000000000e+00 1.420643221709764203e+00
-3.000172599999993395e+01 6.073334534434824405e-01 0.000000000000000000e+00 1.352834387993361531e+00
-3.049348599999994747e+01 6.172882906773594636e-01 0.000000000000000000e+00 1.454334733190971951e+00
-3.052364799999995881e+01 6.178988686028684674e-01 0.000000000000000000e+00 1.826719910000413893e+00
-3.048804999999995857e+01 6.171782481867070791e-01 0.000000000000000000e+00 1.521043612860007110e+00
-3.054262599999994876e+01 6.182830456425308929e-01 0.000000000000000000e+00 1.575049738808654842e+00
-3.047541999999993223e+01 6.169225755125079536e-01 0.000000000000000000e+00 1.654205004578246818e+00
-3.020260999999995022e+01 6.114000052632527771e-01 0.000000000000000000e+00 1.453361826347048469e+00
-3.068660399999994581e+01 6.211976331552588881e-01 0.000000000000000000e+00 1.233834339675150771e+00
-3.036089399999994498e+01 6.146041931938019953e-01 0.000000000000000000e+00 1.414265540610240235e+00
-3.047382199999994512e+01 6.168902267450205867e-01 0.000000000000000000e+00 1.465651487476963055e+00
-3.061336999999993580e+01 6.197151365105829646e-01 0.000000000000000000e+00 1.439745061993738418e+00
-3.033616199999994834e+01 6.141035362992433022e-01 0.000000000000000000e+00 1.520819871839468984e+00
-3.064608599999994709e+01 6.203774157828776392e-01 0.000000000000000000e+00 1.625271415842768352e+00
-3.047026999999995667e+01 6.168183226010182096e-01 0.000000000000000000e+00 1.430773300659047953e+00
-3.014975799999994877e+01 6.103301072286732021e-01 0.000000000000000000e+00 1.393886647361588738e+00
-3.060306599999995214e+01 6.195065497144675026e-01 0.000000000000000000e+00 1.442228735989243615e+00
-3.091015399999994173e+01 6.257230192452887252e-01 0.000000000000000000e+00 1.656748827632790411e+00
-3.013474399999994802e+01 6.100261745659323331e-01 0.000000000000000000e+00 1.616320933123284620e+00
-3.075753999999993127e+01 6.226336107337974157e-01 0.000000000000000000e+00 1.459665601665966150e+00
-3.019201799999995117e+01 6.111855884014071316e-01 0.000000000000000000e+00 1.346406970787754842e+00
-3.006387199999995374e+01 6.085914925575558465e-01 0.000000000000000000e+00 1.166949748866589642e+00
-3.013743199999995426e+01 6.100805885127452699e-01 0.000000000000000000e+00 1.144446945333345900e+00
-3.008051199999993486e+01 6.089283407997299058e-01 0.000000000000000000e+00 1.594512592085491454e+00
-3.105818799999994440e+01 6.287197135170468076e-01 0.000000000000000000e+00 2.257248810875305711e+00
-3.058213999999994570e+01 6.190829387579924736e-01 0.000000000000000000e+00 1.339534165674806987e+00
-3.020228999999995168e+01 6.113935274124417951e-01 0.000000000000000000e+00 1.411253593136759132e+00
-3.081300399999994610e+01 6.237563842256225177e-01 0.000000000000000000e+00 1.734351737065646715e+00
-2.996644599999996217e+01 6.066192703915651574e-01 0.000000000000000000e+00 1.296325355049978922e+00
-3.068607999999994007e+01 6.211870256745556373e-01 0.000000000000000000e+00 1.547222389583437163e+00
-3.062848799999994398e+01 6.200211744748375109e-01 0.000000000000000000e+00 1.409647561317109110e+00
-3.063704199999994415e+01 6.201943355243303424e-01 0.000000000000000000e+00 1.507443714960441605e+00
-3.082214799999993460e+01 6.239414888125479619e-01 0.000000000000000000e+00 1.738845591304760019e+00
-3.091228199999995496e+01 6.257660969531825268e-01 0.000000000000000000e+00 1.640357891990080086e+00
-3.014503199999994720e+01 6.102344374695075624e-01 0.000000000000000000e+00 1.512372453250023785e+00
-3.056673199999994850e+01 6.187710302414406449e-01 0.000000000000000000e+00 1.604476668566968023e+00
-3.004281399999995372e+01 6.081652094876213166e-01 0.000000000000000000e+00 1.728039278045695237e+00
-2.993889399999993728e+01 6.060615274367334715e-01 0.000000000000000000e+00 1.398252355788712986e+00
-3.081247199999994990e+01 6.237456147986492061e-01 0.000000000000000000e+00 1.561174693444172368e+00
-3.048172399999994653e+01 6.170501891734859745e-01 0.000000000000000000e+00 1.246733835260692924e+00
-3.044975199999995041e+01 6.164029709043272742e-01 0.000000000000000000e+00 1.340385856588099278e+00
-3.030306199999994377e+01 6.134334836059754936e-01 0.000000000000000000e+00 1.232454512675474234e+00
-3.026187999999995171e+01 6.125998246931614322e-01 0.000000000000000000e+00 1.670939272663519937e+00
-3.080765999999995230e+01 6.236482041170781088e-01 0.000000000000000000e+00 1.636507867627920110e+00
-3.063024199999994579e+01 6.200566811945955603e-01 0.000000000000000000e+00 1.605409122416897594e+00
-3.028881799999994939e+01 6.131451382717488796e-01 0.000000000000000000e+00 1.497516542151090757e+00
-3.036972399999994110e+01 6.147829413896193085e-01 0.000000000000000000e+00 1.530115789182985298e+00
-3.058407399999993714e+01 6.191220892688316102e-01 0.000000000000000000e+00 1.551182734588304024e+00
-3.024825399999994247e+01 6.123239897083133654e-01 0.000000000000000000e+00 1.818613095019877335e+00
-3.028591599999995410e+01 6.130863922622062923e-01 0.000000000000000000e+00 1.381333132877018199e+00
-3.022401399999994354e+01 6.118332925093765695e-01 0.000000000000000000e+00 1.296443798329206976e+00
-3.070154599999995071e+01 6.215001083015673222e-01 0.000000000000000000e+00 1.280518266244514480e+00
-3.028380399999993955e+01 6.130436384468530564e-01 0.000000000000000000e+00 1.462117765981933326e+00
-3.044435199999994524e+01 6.162936571718907741e-01 0.000000000000000000e+00 1.482868166659777165e+00
-3.051661399999995439e+01 6.177564773447280499e-01 0.000000000000000000e+00 1.364139714771981149e+00
-3.119141199999996061e+01 6.314166047559562900e-01 0.000000000000000000e+00 1.540985752022176358e+00
-3.070246399999995290e+01 6.215186916360815328e-01 0.000000000000000000e+00 1.344390921195892208e+00
-3.133265799999994883e+01 6.342758876173847371e-01 0.000000000000000000e+00 1.564270748038098846e+00
-3.104733599999995164e+01 6.285000334014173573e-01 0.000000000000000000e+00 1.561069321513204766e+00
-3.082274799999995096e+01 6.239536347828189555e-01 0.000000000000000000e+00 1.552450823338648700e+00
-3.140617599999993814e+01 6.357641333546550921e-01 0.000000000000000000e+00 1.578644995699945763e+00
-3.087784199999995494e+01 6.250689182596435023e-01 0.000000000000000000e+00 1.313329385102509850e+00
-3.063361599999992890e+01 6.201249820340842822e-01 0.000000000000000000e+00 1.295386158151812461e+00
-3.156744999999994050e+01 6.390288487037201204e-01 0.000000000000000000e+00 1.395926865143113815e+00
-3.147657999999994161e+01 6.371893415062206412e-01 0.000000000000000000e+00 1.496199225107445852e+00
-3.148575199999994823e+01 6.373750129050923530e-01 0.000000000000000000e+00 1.389085616728507944e+00
-3.138065599999993793e+01 6.352475247524740354e-01 0.000000000000000000e+00 1.316758965872668607e+00
-3.150931199999994803e+01 6.378519446710557705e-01 0.000000000000000000e+00 1.468562367668916124e+00
-3.105891199999994967e+01 6.287343696545069083e-01 0.000000000000000000e+00 1.207546138506608857e+00
-3.126215599999995121e+01 6.328486956240083616e-01 0.000000000000000000e+00 1.547192983093361063e+00
-3.128785399999996031e+01 6.333689075307031846e-01 0.000000000000000000e+00 1.650508074296266781e+00
-3.128547599999993523e+01 6.333207690018631819e-01 0.000000000000000000e+00 1.500550783264450017e+00
-3.202097599999994060e+01 6.482097042253794905e-01 0.000000000000000000e+00 1.560691725888416537e+00
-3.085652799999993690e+01 6.246374529090598093e-01 0.000000000000000000e+00 1.668845787555706117e+00
-3.139796599999995763e+01 6.355979359947845353e-01 0.000000000000000000e+00 1.553924121505931621e+00
-3.138358199999993658e+01 6.353067566008274714e-01 0.000000000000000000e+00 1.251156446416714196e+00
-3.092657999999994800e+01 6.260555354247334670e-01 0.000000000000000000e+00 1.631966741095052020e+00
-3.101839799999993375e+01 6.279142332552604122e-01 0.000000000000000000e+00 1.293093730850024770e+00
-3.146053399999994937e+01 6.368645177746143915e-01 0.000000000000000000e+00 1.453067151897402987e+00
-3.135860199999995146e+01 6.348010793718904532e-01 0.000000000000000000e+00 1.316401655722097219e+00
-3.150264399999994680e+01 6.377169624547804894e-01 0.000000000000000000e+00 1.515966787856128262e+00
-3.156422799999995021e+01 6.389636248433666621e-01 0.000000000000000000e+00 1.584150871939496108e+00
-3.132701599999995778e+01 6.341616750102726519e-01 0.000000000000000000e+00 1.362868958233758532e+00
-3.156460799999994649e+01 6.389713172912047101e-01 0.000000000000000000e+00 1.397546709194292580e+00
-3.115148999999993507e+01 6.306084523807100606e-01 0.000000000000000000e+00 1.583358870192788093e+00
-3.171719199999995453e+01 6.420601185041824310e-01 0.000000000000000000e+00 1.521141331580475597e+00
-3.103354199999992602e+01 6.282207975448931281e-01 0.000000000000000000e+00 1.422124955880239350e+00
-3.155652799999994329e+01 6.388077515582256671e-01 0.000000000000000000e+00 1.516007552557077309e+00
-3.104505599999995624e+01 6.284538787143887362e-01 0.000000000000000000e+00 1.514399974008440841e+00
-3.097034999999994298e+01 6.269415839559818737e-01 0.000000000000000000e+00 1.500035007369272089e+00
-3.141268599999994038e+01 6.358959171320923698e-01 0.000000000000000000e+00 1.361381137751754400e+00
-3.173750799999994854e+01 6.424713810575486406e-01 0.000000000000000000e+00 1.732405547248499156e+00
-3.126276199999994887e+01 6.328609630539817621e-01 0.000000000000000000e+00 1.525395312020904504e+00
-3.125540799999995656e+01 6.327120939450305848e-01 0.000000000000000000e+00 1.420972644102935556e+00
-3.116734799999994010e+01 6.309294703749651623e-01 0.000000000000000000e+00 1.570513105916198304e+00
-3.067776999999994558e+01 6.210188039863063780e-01 0.000000000000000000e+00 1.587162060523006346e+00
-3.120696199999994036e+01 6.317313878188052234e-01 0.000000000000000000e+00 1.505146945192469277e+00
-3.125873999999994268e+01 6.327795445666002383e-01 0.000000000000000000e+00 1.676312654716785033e+00
-3.116679999999995232e+01 6.309183770554515069e-01 0.000000000000000000e+00 1.393455366121835182e+00
-3.121650599999993148e+01 6.319245897192445893e-01 0.000000000000000000e+00 1.737442343717170656e+00
-3.128759399999992397e+01 6.333636442769184915e-01 0.000000000000000000e+00 1.562043189680837330e+00
-3.141090999999993727e+01 6.358599650600909037e-01 0.000000000000000000e+00 1.396980334597636375e+00
-3.125784599999994384e+01 6.327614470708969874e-01 0.000000000000000000e+00 1.700935810130957737e+00
-3.091538599999994474e+01 6.258289321060493959e-01 0.000000000000000000e+00 1.622619692867310892e+00
-3.077468199999995235e+01 6.229806211044321973e-01 0.000000000000000000e+00 1.494955952351341599e+00
-3.114409199999995081e+01 6.304586925672724940e-01 0.000000000000000000e+00 1.623749979739193661e+00
-3.154467999999992855e+01 6.385679091319463874e-01 0.000000000000000000e+00 1.732525330670273256e+00
-3.180796399999993795e+01 6.438976418598707507e-01 0.000000000000000000e+00 1.601297472381238318e+00
-3.173363599999994022e+01 6.423929990627348374e-01 0.000000000000000000e+00 1.748756439632332960e+00
-3.120910999999994218e+01 6.317748703923744547e-01 0.000000000000000000e+00 1.937213153037897317e+00
-3.115420199999994466e+01 6.306633521663339570e-01 0.000000000000000000e+00 1.494927270686578824e+00
-3.094594799999994450e+01 6.264476073450719884e-01 0.000000000000000000e+00 1.475367449007845444e+00
-3.074752599999995084e+01 6.224308944899796803e-01 0.000000000000000000e+00 1.196991330535762676e+00
-3.069553399999994525e+01 6.213784056794546817e-01 0.000000000000000000e+00 1.872448867676937967e+00
-3.117431799999993913e+01 6.310705660629433167e-01 0.000000000000000000e+00 1.453418614427252509e+00
-3.069471599999995703e+01 6.213618466733191736e-01 0.000000000000000000e+00 1.578700729485093879e+00
-3.088912199999993646e+01 6.252972625007325869e-01 0.000000000000000000e+00 1.096318406854541960e+00
-3.048272999999993615e+01 6.170705539169729636e-01 0.000000000000000000e+00 1.438981445995461961e+00
-3.132605199999994383e+01 6.341421604847040649e-01 0.000000000000000000e+00 1.435773343897448928e+00
-3.207902999999993909e+01 6.493849078222060367e-01 0.000000000000000000e+00 1.741287719105337972e+00
-3.178353799999995744e+01 6.434031794101503499e-01 0.000000000000000000e+00 1.629117116461390014e+00
-3.169709799999994360e+01 6.416533499598159329e-01 0.000000000000000000e+00 1.916661869294654874e+00
-3.133969799999994876e+01 6.344184003352277834e-01 0.000000000000000000e+00 1.629798883668804210e+00
-3.161023999999994771e+01 6.398950588168600406e-01 0.000000000000000000e+00 1.884727065201492691e+00
-3.213292599999993371e+01 6.504759398450565833e-01 0.000000000000000000e+00 1.606756817703402174e+00
-3.173388799999994703e+01 6.423981003702485815e-01 0.000000000000000000e+00 1.415744215846573173e+00
-3.134920799999996177e+01 6.346109139640188079e-01 0.000000000000000000e+00 1.514535772038362094e+00
-3.226014599999992782e+01 6.530512904081233749e-01 0.000000000000000000e+00 1.662759956522329663e+00
-3.209814599999995011e+01 6.497718784350312582e-01 0.000000000000000000e+00 1.367994714047026328e+00
-3.210986999999994396e+01 6.500092106941208758e-01 0.000000000000000000e+00 1.455118593625670531e+00
-3.181163199999994973e+01 6.439718942247926181e-01 0.000000000000000000e+00 1.820625778802553274e+00
-3.183048599999994721e+01 6.443535610972659367e-01 0.000000000000000000e+00 1.282373624389277600e+00
-3.115867999999993287e+01 6.307540015911208275e-01 0.000000000000000000e+00 1.274199903603604023e+00
-3.242154199999993835e+01 6.563184754378104113e-01 0.000000000000000000e+00 1.481425394486776570e+00
-3.220188599999994494e+01 6.518719166948374610e-01 0.000000000000000000e+00 1.531233143845874833e+00
-3.265052799999993738e+01 6.609539040184930769e-01 0.000000000000000000e+00 1.338524161804086843e+00
-3.307395599999993863e+01 6.695254771848058173e-01 0.000000000000000000e+00 1.740576035401539601e+00
-3.296730999999994083e+01 6.673666119423217191e-01 0.000000000000000000e+00 1.423793456640294108e+00
-3.314141799999994475e+01 6.708911295954773646e-01 0.000000000000000000e+00 1.436338104338862331e+00
-3.358180799999993127e+01 6.798060693413429112e-01 0.000000000000000000e+00 1.705064962990021193e+00
-3.328978999999994670e+01 6.738946660971545377e-01 0.000000000000000000e+00 1.484097129979073060e+00
-3.403586799999995094e+01 6.889977347765435800e-01 0.000000000000000000e+00 1.220109307148296685e+00
-3.356607799999994057e+01 6.794876424874125576e-01 0.000000000000000000e+00 1.344371246794604513e+00
-3.474934799999993373e+01 7.034409128911242037e-01 0.000000000000000000e+00 1.583362854237074790e+00
-3.357647799999993765e+01 6.796981726387715250e-01 0.000000000000000000e+00 1.032881863015056467e+00
-3.331079399999994450e+01 6.743198560297646305e-01 0.000000000000000000e+00 1.488295926491811860e+00
-3.362671199999993377e+01 6.807150737564031662e-01 0.000000000000000000e+00 1.084806493313600795e+00
-3.343368799999994678e+01 6.768076341471798152e-01 0.000000000000000000e+00 1.544648799368290470e+00
-3.382810799999992923e+01 6.847919901374707186e-01 0.000000000000000000e+00 1.526247167697634133e+00
-3.370325799999994132e+01 6.822646161569734247e-01 0.000000000000000000e+00 1.410648472213249738e+00
-3.419701599999994102e+01 6.922598994718516252e-01 0.000000000000000000e+00 1.436641410501477534e+00
-3.308778799999995357e+01 6.698054822861135849e-01 0.000000000000000000e+00 1.713016056773443152e+00
-3.370701199999994202e+01 6.823406094443005276e-01 0.000000000000000000e+00 1.576163179092594291e+00
-3.234275599999994455e+01 6.547235880815631681e-01 0.000000000000000000e+00 1.680344366841439285e+00
-3.370224399999993636e+01 6.822440894672158196e-01 0.000000000000000000e+00 1.280382615819555703e+00
-3.359596199999993615e+01 6.800925927800292037e-01 0.000000000000000000e+00 1.353298857209763506e+00
-3.352400199999994612e+01 6.786358860788951342e-01 0.000000000000000000e+00 1.342444559431588802e+00
-3.232033999999993767e+01 6.542698146322492025e-01 0.000000000000000000e+00 1.542866837279146974e+00
-3.440870799999994034e+01 6.965452407027646897e-01 0.000000000000000000e+00 1.635967659387439044e+00
-3.409201999999993404e+01 6.901344356476116770e-01 0.000000000000000000e+00 1.469857858035355180e+00
-3.379235799999992906e+01 6.840682927421740667e-01 0.000000000000000000e+00 1.454524341368105489e+00
-3.331411599999992745e+01 6.743871042184964582e-01 0.000000000000000000e+00 1.473363600040136889e+00
-3.407750199999992446e+01 6.898405436536277913e-01 0.000000000000000000e+00 1.223173016163578763e+00
-3.369792399999993648e+01 6.821566384812666195e-01 0.000000000000000000e+00 1.058904966035643991e+00
-3.379376599999995534e+01 6.840967952857431866e-01 0.000000000000000000e+00 1.456652461772497187e+00
-3.378925399999993573e+01 6.840054575893070865e-01 0.000000000000000000e+00 1.580888181213014221e+00
-3.394600999999995139e+01 6.871787137822339409e-01 0.000000000000000000e+00 1.341220407733647146e+00
-3.357794199999995044e+01 6.797278088062324031e-01 0.000000000000000000e+00 1.481108591711088218e+00
-3.400158999999993625e+01 6.883038354949774229e-01 0.000000000000000000e+00 1.334428719555958986e+00
-3.438961999999993679e+01 6.961588369018856248e-01 0.000000000000000000e+00 1.352705339590841938e+00
-3.402508999999994188e+01 6.887795526639137744e-01 0.000000000000000000e+00 1.467160918477270704e+00
-3.397583399999993503e+01 6.877824494778231879e-01 0.000000000000000000e+00 1.711895958571588494e+00
-3.358354999999994561e+01 6.798413331416958139e-01 0.000000000000000000e+00 1.792378810379934961e+00
-3.437119999999993070e+01 6.957859556145745694e-01 0.000000000000000000e+00 1.551795253207969960e+00
-3.382920799999995154e+01 6.848142577496342254e-01 0.000000000000000000e+00 1.383874984550499621e+00
-3.377670599999993328e+01 6.837514448643787768e-01 0.000000000000000000e+00 1.499196451289688481e+00
-3.402650599999996928e+01 6.888082171537531773e-01 0.000000000000000000e+00 1.525547412253824842e+00
-3.389759199999993200e+01 6.861985744679545141e-01 0.000000000000000000e+00 1.473799759549609067e+00
-3.353018199999994664e+01 6.787609895726834930e-01 0.000000000000000000e+00 1.294197060883696793e+00
-3.386980799999992797e+01 6.856361350712852909e-01 0.000000000000000000e+00 1.385281437888191469e+00
-3.372507799999992528e+01 6.827063246091513715e-01 0.000000000000000000e+00 1.311782704626636820e+00
-3.357245199999994867e+01 6.796166731782552484e-01 0.000000000000000000e+00 1.572517203354049986e+00
-3.386633199999995014e+01 6.855657694168507676e-01 0.000000000000000000e+00 1.302700905452462754e+00
-3.450308999999992920e+01 6.984558423129152427e-01 0.000000000000000000e+00 1.685426688144906926e+00
-3.384913399999995676e+01 6.852176254223246721e-01 0.000000000000000000e+00 1.554213379018206664e+00
-3.422776599999992442e+01 6.928823804482252546e-01 0.000000000000000000e+00 1.360939967520962579e+00
-3.381167199999993045e+01 6.844592715251883730e-01 0.000000000000000000e+00 1.500112365359018707e+00
-3.430051199999995504e+01 6.943549983704148110e-01 0.000000000000000000e+00 1.715290029443146347e+00
-3.394164999999994592e+01 6.870904530649333264e-01 0.000000000000000000e+00 1.369161426574748486e+00
-3.375901199999994162e+01 6.833932602010955870e-01 0.000000000000000000e+00 1.285271270763687523e+00
-3.385618799999993911e+01 6.853604215461402971e-01 0.000000000000000000e+00 1.265731278650225944e+00
-3.409174999999993361e+01 6.901289699609899353e-01 0.000000000000000000e+00 1.295582032419124952e+00
-3.367806799999993217e+01 6.817546878384410647e-01 0.000000000000000000e+00 1.500775527659017561e+00
-3.413848399999992722e+01 6.910750195853756495e-01 0.000000000000000000e+00 1.749548410808233756e+00
-3.396970999999995655e+01 6.876584796079272532e-01 0.000000000000000000e+00 1.539956365740224209e+00
-3.440001399999992771e+01 6.963692455935417414e-01 0.000000000000000000e+00 1.438158427163086506e+00
-3.431454399999994109e+01 6.946390521284788733e-01 0.000000000000000000e+00 1.512258371805210944e+00
-3.398181399999995023e+01 6.879035043148549189e-01 0.000000000000000000e+00 1.446375952707211976e+00
-3.385185799999995027e+01 6.852727681273536042e-01 0.000000000000000000e+00 1.665803196275968512e+00
-3.445442399999992489e+01 6.974706826642576019e-01 0.000000000000000000e+00 1.588614317167986512e+00
-3.373166199999992898e+01 6.828396063895887380e-01 0.000000000000000000e+00 1.422998544316638192e+00
-3.405925399999993886e+01 6.894711442111282063e-01 0.000000000000000000e+00 1.239019396512150095e+00
-3.381024599999993541e+01 6.844304046025116994e-01 0.000000000000000000e+00 1.562762340088856172e+00
-3.450858399999994219e+01 6.985670589140277054e-01 0.000000000000000000e+00 1.538151326750342163e+00
-3.411451799999994705e+01 6.905898690461961253e-01 0.000000000000000000e+00 1.098716852742784189e+00
-3.400292199999994125e+01 6.883307995489784670e-01 0.000000000000000000e+00 1.255135461929882235e+00
-3.410702999999993779e+01 6.904382873372174600e-01 0.000000000000000000e+00 1.378190053122301029e+00
-3.384882799999994063e+01 6.852114309774862688e-01 0.000000000000000000e+00 1.363274753285431018e+00
-3.416412199999993504e+01 6.915940168950434064e-01 0.000000000000000000e+00 1.478900251489107198e+00
-3.415506599999993398e+01 6.914106937170907408e-01 0.000000000000000000e+00 1.338273717244221173e+00
-3.407691999999993016e+01 6.898287620624653504e-01 0.000000000000000000e+00 1.588786883509591741e+00
-3.417944399999994687e+01 6.919041844891901105e-01 0.000000000000000000e+00 1.477191724172470355e+00
-3.354324399999995165e+01 6.790254073454770056e-01 0.000000000000000000e+00 1.352316051182883561e+00
-3.419721799999993550e+01 6.922639886151759070e-01 0.000000000000000000e+00 1.377658496656591902e+00
-3.385889399999994254e+01 6.854151998720613426e-01 0.000000000000000000e+00 1.225975214690061321e+00
-3.408644199999995550e+01 6.900215186106620768e-01 0.000000000000000000e+00 1.133123169210664027e+00
-3.360645599999993749e+01 6.803050258000639117e-01 0.000000000000000000e+00 1.645966595038865776e+00
-3.431158599999996284e+01 6.945791724950447499e-01 0.000000000000000000e+00 1.428431124195246538e+00
-3.410502599999992412e+01 6.903977197965129875e-01 0.000000000000000000e+00 1.657802489887980180e+00
-3.442068999999992940e+01 6.967877957290705693e-01 0.000000000000000000e+00 1.252061774180345477e+00
-3.367778799999992856e+01 6.817490197189812751e-01 0.000000000000000000e+00 1.692636547005465619e+00
-3.367473999999993595e+01 6.816873181900062750e-01 0.000000000000000000e+00 1.194337769932303450e+00
-3.357055799999994861e+01 6.795783323987674152e-01 0.000000000000000000e+00 1.242203734910767743e+00
-3.471419199999992600e+01 7.027292400063954725e-01 0.000000000000000000e+00 1.342253002516155869e+00
-3.377280599999993882e+01 6.836724960576192611e-01 0.000000000000000000e+00 1.429330886603231265e+00
-3.393854799999994043e+01 6.870276583986336671e-01 0.000000000000000000e+00 1.288859290537194280e+00
-3.324141399999994917e+01 6.729153770007946234e-01 0.000000000000000000e+00 1.243215303928982385e+00
-3.431164599999994635e+01 6.945803870920714829e-01 0.000000000000000000e+00 1.343006410585119159e+00
-3.336489999999995604e+01 6.754151391422102968e-01 0.000000000000000000e+00 1.308415136604957452e+00
-3.373054999999992987e+01 6.828170958580203065e-01 0.000000000000000000e+00 1.300666236855931857e+00
-3.403628599999994009e+01 6.890061964691652774e-01 0.000000000000000000e+00 1.436936040908086243e+00
-3.417644599999997013e+01 6.918434951244045727e-01 0.000000000000000000e+00 1.376151473590993879e+00
-3.420406599999994057e+01 6.924026146225324974e-01 0.000000000000000000e+00 1.283698056966117385e+00
-3.362117199999993744e+01 6.806029259642369933e-01 0.000000000000000000e+00 1.840601221827786071e+00
-3.373821599999993737e+01 6.829722808715126270e-01 0.000000000000000000e+00 1.696162940805397978e+00
-3.369121599999993322e+01 6.820208465336400350e-01 0.000000000000000000e+00 1.464894954466087418e+00
-3.433321199999992501e+01 6.950169537501680317e-01 0.000000000000000000e+00 1.438068077881648810e+00
-3.329177199999993064e+01 6.739347882856151495e-01 0.000000000000000000e+00 1.373990932444753676e+00
-3.401917199999994779e+01 6.886597529104770965e-01 0.000000000000000000e+00 1.463393806859778490e+00
-3.419386799999994508e+01 6.921961736144979227e-01 0.000000000000000000e+00 1.459957354495484916e+00
-3.387018999999992985e+01 6.856438680056909929e-01 0.000000000000000000e+00 1.257824333056203336e+00
-3.386612599999994444e+01 6.855615993003910669e-01 0.000000000000000000e+00 1.237033631302616010e+00
-3.357264199999991661e+01 6.796205194021737173e-01 0.000000000000000000e+00 1.352633183060045541e+00
-3.413327999999994233e+01 6.909696735365612463e-01 0.000000000000000000e+00 1.536841469187417708e+00
-3.435841999999994556e+01 6.955272464478087224e-01 0.000000000000000000e+00 1.553688676483915954e+00
-3.387238999999993183e+01 6.856884032300170073e-01 0.000000000000000000e+00 1.596175183766720407e+00
-3.379499999999994486e+01 6.841217754979330712e-01 0.000000000000000000e+00 1.293319651755188371e+00
-3.385041799999993373e+01 6.852436177987035748e-01 0.000000000000000000e+00 1.351618155717303926e+00
-3.332949199999993795e+01 6.746983649499674884e-01 0.000000000000000000e+00 1.162179150611975187e+00
-3.428440799999994226e+01 6.940290005283485941e-01 0.000000000000000000e+00 1.612295409035193305e+00
-3.409436599999992978e+01 6.901819263913701041e-01 0.000000000000000000e+00 1.386148485364676830e+00
-3.391327799999995563e+01 6.865161106173990335e-01 0.000000000000000000e+00 1.396039057627042279e+00
-3.410855999999993315e+01 6.904692595614077000e-01 0.000000000000000000e+00 1.519380438191697325e+00
-3.408824999999993111e+01 6.900581184677440083e-01 0.000000000000000000e+00 1.728113063401521377e+00
-3.333762399999994841e+01 6.748629833337034256e-01 0.000000000000000000e+00 1.380234306497386543e+00
-3.349036199999994778e+01 6.779549020123838421e-01 0.000000000000000000e+00 1.483539173649800702e+00
-3.428830599999996309e+01 6.941079088485411219e-01 0.000000000000000000e+00 1.650929420869016617e+00
-3.423424199999993078e+01 6.930134759540139688e-01 0.000000000000000000e+00 1.495373054308360095e+00
-3.423548399999997116e+01 6.930386181124751355e-01 0.000000000000000000e+00 1.462177167803014211e+00
-3.346053799999994993e+01 6.773511663167942620e-01 0.000000000000000000e+00 1.178642031037961724e+00
-3.404100799999993399e+01 6.891017852551956091e-01 0.000000000000000000e+00 1.497442130594971221e+00
-3.371693199999995016e+01 6.825414228194430777e-01 0.000000000000000000e+00 1.546428612745895048e+00
-3.386034999999994000e+01 6.854446740932514937e-01 0.000000000000000000e+00 1.604811024810565145e+00
-3.392312399999993744e+01 6.867154259895410506e-01 0.000000000000000000e+00 1.631500237224820626e+00
-3.392908399999992497e+01 6.868360759608965749e-01 0.000000000000000000e+00 1.277250395447464770e+00
-3.385280999999993412e+01 6.852920397335161562e-01 0.000000000000000000e+00 1.468534481011321224e+00
-3.378863799999993489e+01 6.839929877264957492e-01 0.000000000000000000e+00 1.268047948841689365e+00
-3.331959599999994026e+01 6.744980374136358980e-01 0.000000000000000000e+00 1.082033411788315025e+00
-3.393977999999992790e+01 6.870525981242558977e-01 0.000000000000000000e+00 1.318462135377516775e+00
-3.396422799999994879e+01 6.875475059262203814e-01 0.000000000000000000e+00 1.655174565549025090e+00
-3.407669999999993848e+01 6.898243085400329599e-01 0.000000000000000000e+00 1.407229814030014348e+00
-3.396660599999994190e+01 6.875956444550598290e-01 0.000000000000000000e+00 1.138496799640613011e+00
-3.389695399999993697e+01 6.861856592529000931e-01 0.000000000000000000e+00 1.484108380930272197e+00
-3.438601599999991976e+01 6.960858801071259094e-01 0.000000000000000000e+00 1.608787219529422163e+00
-3.388766999999993601e+01 6.859977206062446431e-01 0.000000000000000000e+00 1.229176385292856999e+00
-3.347219999999994400e+01 6.775872434922892706e-01 0.000000000000000000e+00 1.367112575740371705e+00
-3.377291399999993615e+01 6.836746823322679134e-01 0.000000000000000000e+00 1.260743256252381705e+00
-3.396506199999993925e+01 6.875643888248964553e-01 0.000000000000000000e+00 1.705571182194197455e+00
-3.424942399999994791e+01 6.933208094884310002e-01 0.000000000000000000e+00 1.535479258787188828e+00
-3.437348599999993581e+01 6.958322317613061525e-01 0.000000000000000000e+00 1.596982156027645372e+00
-3.399796599999994129e+01 6.882304738345423889e-01 0.000000000000000000e+00 1.756610670386916206e+00
-3.355596399999994617e+01 6.792829019152160086e-01 0.000000000000000000e+00 1.625570574298219606e+00
-3.387020599999994630e+01 6.856441918982318917e-01 0.000000000000000000e+00 1.409457050117261412e+00
-3.414933799999994335e+01 6.912947401875731979e-01 0.000000000000000000e+00 1.344498296784553348e+00
-3.421632999999994240e+01 6.926508782548658205e-01 0.000000000000000000e+00 1.396940321024863207e+00
-3.377970399999992424e+01 6.838121342291646476e-01 0.000000000000000000e+00 1.640914279513439267e+00
-3.417448999999994896e+01 6.918038992613215754e-01 0.000000000000000000e+00 1.934123839093426334e+00
-3.387278199999994399e+01 6.856963385972607572e-01 0.000000000000000000e+00 1.308469352696292276e+00
-3.412624999999992781e+01 6.908273632515558038e-01 0.000000000000000000e+00 1.430554981767070633e+00
-3.436623599999992251e+01 6.956854679538680974e-01 0.000000000000000000e+00 1.476115398538345724e+00
-3.374701799999994734e+01 6.831504622553842276e-01 0.000000000000000000e+00 1.426238403320801762e+00
-3.341713999999993234e+01 6.764726482871131763e-01 0.000000000000000000e+00 1.187396544690709099e+00
-3.416954599999995423e+01 6.917038164662909772e-01 0.000000000000000000e+00 1.345864234633139089e+00
-3.386402199999993456e+01 6.855190074313082249e-01 0.000000000000000000e+00 1.526471698519104248e+00
-3.370861799999993735e+01 6.823731201580582884e-01 0.000000000000000000e+00 1.267940427206835752e+00
-3.376282999999992995e+01 6.834705490585847310e-01 0.000000000000000000e+00 1.514209131540422915e+00
-3.388165999999994682e+01 6.858760584706998786e-01 0.000000000000000000e+00 1.510576325630570427e+00
-3.341642199999994034e+01 6.764581136093560376e-01 0.000000000000000000e+00 1.341422808599250116e+00
-3.387827599999994987e+01 6.858075551983731089e-01 0.000000000000000000e+00 1.506129595958535683e+00
-3.397660799999993486e+01 6.877981177794724177e-01 0.000000000000000000e+00 1.555776690220786129e+00
-3.419013399999993652e+01 6.921205851928463604e-01 0.000000000000000000e+00 1.635782626406249163e+00
-3.385660599999992826e+01 6.853688832387619945e-01 0.000000000000000000e+00 1.599119920697542607e+00
-3.367104399999993802e+01 6.816124990131386951e-01 0.000000000000000000e+00 1.599206190982503939e+00
-3.412165799999993965e+01 6.907344060924175411e-01 0.000000000000000000e+00 1.557257984451315469e+00
-3.421629199999993176e+01 6.926501090100818381e-01 0.000000000000000000e+00 1.414928213882387764e+00
-3.374321799999994909e+01 6.830735377770030814e-01 0.000000000000000000e+00 1.748656916548794849e+00
-3.355461599999993183e+01 6.792556139686741767e-01 0.000000000000000000e+00 1.201021661443524735e+00
-3.319299999999993389e+01 6.719353186596503935e-01 0.000000000000000000e+00 1.591938908908557382e+00
-3.371216599999993946e+01 6.824449433289259126e-01 0.000000000000000000e+00 1.698124832011754348e+00
-3.373016999999994425e+01 6.828094034101824805e-01 0.000000000000000000e+00 1.675821670408310426e+00
-3.373319599999994978e+01 6.828706595869146190e-01 0.000000000000000000e+00 1.672624157214336549e+00
-3.344930799999993809e+01 6.771238342398938626e-01 0.000000000000000000e+00 1.287138703778126336e+00
-3.352631199999993328e+01 6.786826480644371218e-01 0.000000000000000000e+00 1.507880778402174826e+00
-3.380257399999995016e+01 6.842750981293171941e-01 0.000000000000000000e+00 1.406022980013937218e+00
-3.408707799999994137e+01 6.900343933391487328e-01 0.000000000000000000e+00 1.421151920566303017e+00
-3.283880399999995348e+01 6.647652285163081487e-01 0.000000000000000000e+00 1.407166377269287949e+00
-3.383942199999994216e+01 6.850210226502091437e-01 0.000000000000000000e+00 1.404252250468360108e+00
-3.382624199999994374e+01 6.847542161699291530e-01 0.000000000000000000e+00 1.694855239322398788e+00
-3.378556199999992771e+01 6.839307193855744815e-01 0.000000000000000000e+00 1.094315456779009876e+00
-3.336232599999993198e+01 6.753630329297484192e-01 0.000000000000000000e+00 1.361620709481494496e+00
-3.382828399999995383e+01 6.847955529554172749e-01 0.000000000000000000e+00 1.350884654005767516e+00
-3.370942999999993361e+01 6.823895577044912786e-01 0.000000000000000000e+00 1.417366037529979250e+00
-3.398900999999995065e+01 6.880491749849684258e-01 0.000000000000000000e+00 1.462539104234188425e+00
-3.356712999999992775e+01 6.795089384219535900e-01 0.000000000000000000e+00 1.599300785191813956e+00
-3.406125599999993625e+01 6.895116712652646918e-01 0.000000000000000000e+00 1.573030413206536027e+00
-3.377098799999994583e+01 6.836356937676991707e-01 0.000000000000000000e+00 1.324819172054217953e+00
-3.392696399999991996e+01 6.867931601992732782e-01 0.000000000000000000e+00 1.384853314299117732e+00
-3.411794399999992322e+01 6.906592225364414084e-01 0.000000000000000000e+00 1.393302759293379323e+00
-3.376845799999993858e+01 6.835844782597241265e-01 0.000000000000000000e+00 1.184645188425887063e+00
-3.358926399999992896e+01 6.799570032652402229e-01 0.000000000000000000e+00 1.368239010185698046e+00
-3.413175199999992770e+01 6.909387417989382163e-01 0.000000000000000000e+00 1.712217685730787364e+00
-3.412583799999995193e+01 6.908190230186370684e-01 0.000000000000000000e+00 1.603677497162397492e+00
-3.350569599999994352e+01 6.782653125259355820e-01 0.000000000000000000e+00 1.401691655304223794e+00
-3.375610199999993455e+01 6.833343522452824947e-01 0.000000000000000000e+00 1.277445829643169883e+00
-3.342266199999993859e+01 6.765844317001714625e-01 0.000000000000000000e+00 1.663521792370910690e+00
-3.385286399999994700e+01 6.852931328708407044e-01 0.000000000000000000e+00 1.643158560103194388e+00
-3.405023399999995348e+01 6.892885497913920911e-01 0.000000000000000000e+00 1.582007637687318224e+00
-3.352075799999993677e+01 6.785702168662979261e-01 0.000000000000000000e+00 1.705439112101885701e+00
-3.422501799999995598e+01 6.928267519043860290e-01 0.000000000000000000e+00 1.100896082801311238e+00
-3.390354399999993973e+01 6.863190624930401995e-01 0.000000000000000000e+00 1.745754772967089696e+00
-3.401310799999993861e+01 6.885369976376075618e-01 0.000000000000000000e+00 1.640523903487891788e+00
-3.340480999999991951e+01 6.762230485980498251e-01 0.000000000000000000e+00 1.277894145684906446e+00
-3.412820399999995402e+01 6.908669186280712582e-01 0.000000000000000000e+00 1.372456252282119760e+00
-3.385624199999992356e+01 6.853615146834644012e-01 0.000000000000000000e+00 1.433547131424761423e+00
-3.405733999999993955e+01 6.894323985659646103e-01 0.000000000000000000e+00 1.543524863041823902e+00
-3.374319599999995489e+01 6.830730924247598868e-01 0.000000000000000000e+00 1.372111587616957618e+00
-3.384345399999993731e+01 6.851026435704281603e-01 0.000000000000000000e+00 1.292101432317904308e+00
-3.424573999999994101e+01 6.932462332309686781e-01 0.000000000000000000e+00 1.273148771964830228e+00
-3.399836199999995046e+01 6.882384901749212247e-01 0.000000000000000000e+00 1.257475994250852436e+00
-3.370411999999992503e+01 6.822820658675953220e-01 0.000000000000000000e+00 1.516107701859060741e+00
-3.355339399999994043e+01 6.792308766758896610e-01 0.000000000000000000e+00 1.612412074421862851e+00
-3.410485799999992196e+01 6.903943189248371581e-01 0.000000000000000000e+00 1.502663107278459975e+00
-3.434847799999994322e+01 6.953259877204229777e-01 0.000000000000000000e+00 1.342446631452807182e+00
-3.418787399999991550e+01 6.920748353714929468e-01 0.000000000000000000e+00 1.761010710171114990e+00
-3.368338799999993682e+01 6.818623821081748471e-01 0.000000000000000000e+00 1.171498397958870896e+00
-3.345926199999993145e+01 6.773253358866848650e-01 0.000000000000000000e+00 1.503202028182277772e+00
-3.369950399999994062e+01 6.821886228696462107e-01 0.000000000000000000e+00 1.362042911256855504e+00
-3.407342799999993588e+01 6.897580725154899284e-01 0.000000000000000000e+00 1.565561322130019528e+00
-3.412863999999993325e+01 6.908757446998009533e-01 0.000000000000000000e+00 1.437486192889334990e+00
-3.373804599999993314e+01 6.829688395132691436e-01 0.000000000000000000e+00 1.379850167493309021e+00
-3.381205999999993139e+01 6.844671259192968149e-01 0.000000000000000000e+00 1.613026674587029863e+00
-3.329690599999994305e+01 6.740387173045652158e-01 0.000000000000000000e+00 1.536716510453046913e+00
-3.424051999999991835e+01 6.931405632896129321e-01 0.000000000000000000e+00 1.324748140576010202e+00
-3.376259399999994315e+01 6.834657716436117747e-01 0.000000000000000000e+00 1.669423626286641538e+00
-3.388940799999994624e+01 6.860329034334623488e-01 0.000000000000000000e+00 1.420607261935059373e+00
-3.441813199999993600e+01 6.967360134091499235e-01 0.000000000000000000e+00 1.397395810169326014e+00
-3.392591399999992774e+01 6.867719047512996777e-01 0.000000000000000000e+00 1.401367816735426430e+00
-3.298944799999993904e+01 6.678147577587434380e-01 0.000000000000000000e+00 1.315143182624629370e+00
-3.409621199999993024e+01 6.902192954932363511e-01 0.000000000000000000e+00 1.415146118256401797e+00
-3.400854799999994071e+01 6.884446882635502085e-01 0.000000000000000000e+00 1.315203990974307624e+00
-3.386984199999994161e+01 6.856368233429342984e-01 0.000000000000000000e+00 1.553627827798244043e+00
-3.390389399999994424e+01 6.863261476423648810e-01 0.000000000000000000e+00 1.365711061461383657e+00
-3.434832799999993114e+01 6.953229512278550351e-01 0.000000000000000000e+00 1.479321741667341206e+00
-3.371089199999993724e+01 6.824191533853842806e-01 0.000000000000000000e+00 1.385797881955490585e+00
-3.418190999999993096e+01 6.919541044270023367e-01 0.000000000000000000e+00 1.327447845044441133e+00
-3.406880599999995241e+01 6.896645080578381881e-01 0.000000000000000000e+00 1.556849019870168771e+00
-3.412256199999995232e+01 6.907527060209589509e-01 0.000000000000000000e+00 1.653879840198235307e+00
-3.397480799999993195e+01 6.877616798686602140e-01 0.000000000000000000e+00 1.087159219257308962e+00
-3.408295199999992775e+01 6.899508695502535316e-01 0.000000000000000000e+00 1.406174325621244670e+00
-3.368872799999994072e+01 6.819704812435842811e-01 0.000000000000000000e+00 1.654757665805302480e+00
-3.383342399999995109e+01 6.848996034340697481e-01 0.000000000000000000e+00 1.328632648922123405e+00
-3.386997799999994641e+01 6.856395764295289963e-01 0.000000000000000000e+00 1.750030806746445844e+00
-3.352560399999993734e+01 6.786683158195176979e-01 0.000000000000000000e+00 1.130050794059964003e+00
-3.389549199999993334e+01 6.861560635720070911e-01 0.000000000000000000e+00 1.566648821283277204e+00
-3.405249199999993692e+01 6.893342591261771846e-01 0.000000000000000000e+00 1.796895721817732161e+00
-3.408472199999995667e+01 6.899867001625527019e-01 0.000000000000000000e+00 1.233883615779417298e+00
-3.338107599999992203e+01 6.757425945007079493e-01 0.000000000000000000e+00 1.368119189763077337e+00
-3.420902999999994165e+01 6.925031022832388583e-01 0.000000000000000000e+00 1.537137858574378679e+00
-3.430139399999995220e+01 6.943728529467126931e-01 0.000000000000000000e+00 1.602677688273250078e+00
-3.389151199999992059e+01 6.860754953025444136e-01 0.000000000000000000e+00 1.376708325973239777e+00
-3.399671199999994542e+01 6.882050887566767416e-01 0.000000000000000000e+00 1.383776694725217027e+00
-3.427118599999995041e+01 6.937613438301497570e-01 0.000000000000000000e+00 1.605950393904122864e+00
-3.382642799999994310e+01 6.847579814207129800e-01 0.000000000000000000e+00 1.556890036668866939e+00
-3.407720599999994704e+01 6.898345516416281020e-01 0.000000000000000000e+00 1.299453190502477762e+00
-3.396847599999991729e+01 6.876334993957363695e-01 0.000000000000000000e+00 1.269473622970631599e+00
-3.375698799999993582e+01 6.833522877947156848e-01 0.000000000000000000e+00 1.313797289322177653e+00
-3.385599999999994481e+01 6.853566158087889271e-01 0.000000000000000000e+00 1.201938289983846220e+00
-3.388079399999993058e+01 6.858585277869421182e-01 0.000000000000000000e+00 1.242043565479687306e+00
-3.400043799999991734e+01 6.882805152320572439e-01 0.000000000000000000e+00 1.335319366239606342e+00
-3.407963799999995302e+01 6.898837833077920978e-01 0.000000000000000000e+00 1.776361221044955085e+00
-3.399971199999993132e+01 6.882658186080299334e-01 0.000000000000000000e+00 1.273406201570409957e+00
-3.421097999999993533e+01 6.925425766866185606e-01 0.000000000000000000e+00 1.449890511505449231e+00
-3.396273399999993359e+01 6.875172624602459148e-01 0.000000000000000000e+00 1.677330283770172015e+00
-3.429322999999995147e+01 6.942075867778958465e-01 0.000000000000000000e+00 1.540086837739280012e+00
-3.423746999999993790e+01 6.930788212740706111e-01 0.000000000000000000e+00 1.508151063187616714e+00
-3.378261999999994458e+01 6.838711636446807018e-01 0.000000000000000000e+00 1.488883558953221442e+00
-3.390103399999992462e+01 6.862682518507406959e-01 0.000000000000000000e+00 1.527703082647708932e+00
-3.399571999999994176e+01 6.881850074191623312e-01 0.000000000000000000e+00 1.429977802893344085e+00
-3.402225599999993477e+01 6.887221831976683140e-01 0.000000000000000000e+00 1.413356468244042485e+00
-3.450514999999995069e+01 6.984975434775118064e-01 0.000000000000000000e+00 1.616108781810946748e+00
-3.383170599999995432e+01 6.848648254725279161e-01 0.000000000000000000e+00 1.407516906751715924e+00
-3.408500799999993802e+01 6.899924897417146763e-01 0.000000000000000000e+00 1.504950451459945659e+00
-3.363033199999994594e+01 6.807883544437033363e-01 0.000000000000000000e+00 1.301877356702600297e+00
-3.358464799999993033e+01 6.798635602672910005e-01 0.000000000000000000e+00 1.458057736901173795e+00
-3.396485399999993149e+01 6.875601782218691005e-01 0.000000000000000000e+00 1.627248314255222761e+00
-3.379441399999995355e+01 6.841099129336355444e-01 0.000000000000000000e+00 1.432952305170317908e+00
-3.380713799999993796e+01 6.843674884765095223e-01 0.000000000000000000e+00 1.367033276089266725e+00
-3.351478199999993990e+01 6.784492430024017251e-01 0.000000000000000000e+00 1.598574209951865832e+00
-3.373237999999993519e+01 6.828541410673460987e-01 0.000000000000000000e+00 1.366936270820570121e+00
-3.426669999999993621e+01 6.936705324590921595e-01 0.000000000000000000e+00 1.405637070850614512e+00
-3.411075999999994224e+01 6.905137947857338254e-01 0.000000000000000000e+00 1.436687778372619517e+00
-3.390742999999994822e+01 6.863977278938270254e-01 0.000000000000000000e+00 1.294702157980277324e+00
-3.369789599999995033e+01 6.821560716693209070e-01 0.000000000000000000e+00 1.216797320997986764e+00
-3.385927399999993526e+01 6.854228923198992796e-01 0.000000000000000000e+00 1.497182253004326391e+00
-3.395109199999994587e+01 6.872815901504267799e-01 0.000000000000000000e+00 1.574983815576939117e+00
-3.405394799999994149e+01 6.893637333473675577e-01 0.000000000000000000e+00 1.394830341841333032e+00
-3.421847599999994571e+01 6.926943203418675088e-01 0.000000000000000000e+00 1.328868358022545326e+00
-3.400071399999995236e+01 6.882861023783825027e-01 0.000000000000000000e+00 1.343005979891467971e+00
-3.435820599999993874e+01 6.955229143850787388e-01 0.000000000000000000e+00 1.417717321186391599e+00
-3.422282599999991959e+01 6.927823786263296313e-01 0.000000000000000000e+00 1.405375913521741182e+00
-3.389696399999993304e+01 6.861858616857379189e-01 0.000000000000000000e+00 1.096260356482874343e+00
-3.352565199999994405e+01 6.786692874971395062e-01 0.000000000000000000e+00 1.287652194435416009e+00
-3.396272399999994462e+01 6.875170600274083110e-01 0.000000000000000000e+00 1.446298887555907298e+00
-3.429244799999992921e+01 6.941917565299758897e-01 0.000000000000000000e+00 1.468832781598704784e+00
-3.443792399999993847e+01 6.971366684818132153e-01 0.000000000000000000e+00 1.654105783452957779e+00
-3.392175599999993807e+01 6.866877331773239002e-01 0.000000000000000000e+00 1.584791391703072705e+00
-3.389109399999993855e+01 6.860670336099228273e-01 0.000000000000000000e+00 1.354430099081147532e+00
-3.425584199999994439e+01 6.934507308837599693e-01 0.000000000000000000e+00 1.435741892983793289e+00
-3.376775799999992955e+01 6.835703079610748745e-01 0.000000000000000000e+00 1.276650735020460115e+00
-3.374257599999994994e+01 6.830605415888133525e-01 0.000000000000000000e+00 1.498854346541201421e+00
-3.419863199999995373e+01 6.922926126184476558e-01 0.000000000000000000e+00 1.725370146958664419e+00
-3.379843599999995263e+01 6.841913314210168462e-01 0.000000000000000000e+00 1.562904363678098152e+00
-3.426360399999993689e+01 6.936078592524952402e-01 0.000000000000000000e+00 1.611177943255282630e+00
-3.417579999999995977e+01 6.918304179630795359e-01 0.000000000000000000e+00 1.530260622022644235e+00
-3.388326199999995225e+01 6.859084882113227755e-01 0.000000000000000000e+00 1.386114584939433403e+00
-3.352981199999994999e+01 6.787534995576832708e-01 0.000000000000000000e+00 1.645822290520990272e+00
-3.365846399999995953e+01 6.813578385031298090e-01 0.000000000000000000e+00 1.216648240086282584e+00
-3.418337399999992954e+01 6.919837405944628816e-01 0.000000000000000000e+00 1.521882281555682503e+00
-3.413887999999995060e+01 6.910830359257548183e-01 0.000000000000000000e+00 1.590024129033609679e+00
-3.418289199999993855e+01 6.919739833316789213e-01 0.000000000000000000e+00 1.603147935836795712e+00
-3.410548199999993813e+01 6.904069507339190004e-01 0.000000000000000000e+00 1.833343244512052772e+00
-3.370689199999994656e+01 6.823381802502463955e-01 0.000000000000000000e+00 1.357107181231274495e+00
-3.411060399999994530e+01 6.905106368334634759e-01 0.000000000000000000e+00 1.547217267585632605e+00
-3.416150799999991960e+01 6.915411009512303364e-01 0.000000000000000000e+00 1.576150488359393309e+00
-3.394586999999993537e+01 6.871758797225038240e-01 0.000000000000000000e+00 1.576978301798548365e+00
-3.368330599999994490e+01 6.818607221589046974e-01 0.000000000000000000e+00 1.418930600435597711e+00
-3.411786799999993747e+01 6.906576840468741096e-01 0.000000000000000000e+00 1.728659145636854300e+00
-3.433453999999994011e+01 6.950438368310342119e-01 0.000000000000000000e+00 1.485081469587823833e+00
-3.412939799999995216e+01 6.908910891089099504e-01 0.000000000000000000e+00 1.404779806605455983e+00
-3.384220599999994050e+01 6.850773799522651419e-01 0.000000000000000000e+00 1.324907923449852643e+00
-3.391550199999994675e+01 6.865611316805356745e-01 0.000000000000000000e+00 1.478916936083410683e+00
-3.387839799999993318e+01 6.858100248789944509e-01 0.000000000000000000e+00 1.371398339230598173e+00
-3.406198199999994358e+01 6.895263678892924464e-01 0.000000000000000000e+00 1.565804101191809350e+00
-3.370238599999993312e+01 6.822469640135131463e-01 0.000000000000000000e+00 1.419366947594325357e+00
-3.388451599999993391e+01 6.859338732891882007e-01 0.000000000000000000e+00 1.538276640258063876e+00
-3.371485599999994065e+01 6.824993977623062813e-01 0.000000000000000000e+00 1.285043387572354812e+00
-3.366015399999994173e+01 6.813920496527253734e-01 0.000000000000000000e+00 1.508971384177535180e+00
-3.391935399999992740e+01 6.866391088096732709e-01 0.000000000000000000e+00 1.239678636054887706e+00
-3.408085199999995041e+01 6.899083586543065527e-01 0.000000000000000000e+00 1.451476769994732408e+00
-3.401974999999993798e+01 6.886714535285043404e-01 0.000000000000000000e+00 1.337558485344536585e+00
-3.408129999999994908e+01 6.899174276454419497e-01 0.000000000000000000e+00 1.478012164354473912e+00
-3.424240999999992852e+01 6.931788230959659014e-01 0.000000000000000000e+00 1.553563578039244719e+00
-3.418431399999992948e+01 6.920027692812202869e-01 0.000000000000000000e+00 1.528717433576659568e+00
-3.383964799999994710e+01 6.850255976323444962e-01 0.000000000000000000e+00 1.380400212680249039e+00
-3.391220199999994378e+01 6.864943288440467084e-01 0.000000000000000000e+00 1.464694562428658253e+00
-3.411227599999993032e+01 6.905444836039509315e-01 0.000000000000000000e+00 1.585685983735159565e+00
-3.439551999999993370e+01 6.962782722762143051e-01 0.000000000000000000e+00 1.661377037583611882e+00
-3.393788599999993494e+01 6.870142573447681755e-01 0.000000000000000000e+00 1.485556675242508451e+00
-3.424548999999993271e+01 6.932411724100223660e-01 0.000000000000000000e+00 1.456469541720524008e+00
-3.410280399999994216e+01 6.903527392199442225e-01 0.000000000000000000e+00 1.479043250808310228e+00
-3.411306399999994454e+01 6.905604353115734062e-01 0.000000000000000000e+00 1.701255378754587433e+00
-3.415051999999993626e+01 6.913186677490062992e-01 0.000000000000000000e+00 1.554750282459559374e+00
-3.423721199999992848e+01 6.930735985068540161e-01 0.000000000000000000e+00 1.431985390795069035e+00
-3.347715999999994807e+01 6.776876501798605457e-01 0.000000000000000000e+00 1.289056167601831282e+00
-3.421462799999994786e+01 6.926164241858646653e-01 0.000000000000000000e+00 1.625448653656191622e+00
-3.379438799999993392e+01 6.841093866082567088e-01 0.000000000000000000e+00 1.372914157069853758e+00
-3.388865999999995182e+01 6.860177614571916216e-01 0.000000000000000000e+00 1.489668184055046085e+00
-3.406850599999994955e+01 6.896584350727027468e-01 0.000000000000000000e+00 1.669158057516944016e+00
-3.413722399999993939e+01 6.910495130478073733e-01 0.000000000000000000e+00 1.487554068289568932e+00
-3.386019799999993296e+01 6.854415971141161190e-01 0.000000000000000000e+00 1.450873447967176322e+00
-3.405753599999994208e+01 6.894363662495863743e-01 0.000000000000000000e+00 1.349553946026746942e+00
-3.377336999999992884e+01 6.836839132696735932e-01 0.000000000000000000e+00 1.469786393433832439e+00
-3.410317399999993881e+01 6.903602292349443337e-01 0.000000000000000000e+00 1.537708409304066937e+00
-3.356185199999993074e+01 6.794020943701389870e-01 0.000000000000000000e+00 1.291479377896260994e+00
-3.451957999999992666e+01 6.987896540625219144e-01 0.000000000000000000e+00 1.696189395514116072e+00
-3.414212799999994274e+01 6.911487861114867792e-01 0.000000000000000000e+00 1.415805703447739816e+00
-3.348784999999994483e+01 6.779040508835170176e-01 0.000000000000000000e+00 1.097702600475606083e+00
-3.441104199999994506e+01 6.965924885271178590e-01 0.000000000000000000e+00 1.458301772623335824e+00
-3.399465399999994020e+01 6.881634280786480540e-01 0.000000000000000000e+00 1.688255031443994358e+00
-3.382984999999993647e+01 6.848272539378235102e-01 0.000000000000000000e+00 1.577961175125047300e+00
-3.389683599999994357e+01 6.861832705454137260e-01 0.000000000000000000e+00 1.417245716633912078e+00
-3.404770399999994623e+01 6.892373342834170469e-01 0.000000000000000000e+00 1.538865229029219517e+00
-3.385771799999996290e+01 6.853913937703310921e-01 0.000000000000000000e+00 1.615465064250583449e+00
-3.417715399999993053e+01 6.918578273693232195e-01 0.000000000000000000e+00 1.557406784759897578e+00
-3.420357599999992715e+01 6.923926954134778100e-01 0.000000000000000000e+00 1.584647014266022946e+00
-3.395844999999993519e+01 6.874305402325130432e-01 0.000000000000000000e+00 1.741185881588299456e+00
-3.419971399999994333e+01 6.923145158515022768e-01 0.000000000000000000e+00 1.549989102406786889e+00
-3.357732999999993950e+01 6.797154199165560406e-01 0.000000000000000000e+00 1.378133259855225834e+00
-3.404348799999993247e+01 6.891519885989811911e-01 0.000000000000000000e+00 1.303985163768856648e+00
-3.421109599999993378e+01 6.925449249075374958e-01 0.000000000000000000e+00 1.761104068298571024e+00
-3.397582399999991765e+01 6.877822470449850289e-01 0.000000000000000000e+00 1.459242065831062529e+00
-3.408159999999994483e+01 6.899235006305771689e-01 0.000000000000000000e+00 1.124211414568658141e+00
-3.404779199999992301e+01 6.892391156923896034e-01 0.000000000000000000e+00 1.236813171888776042e+00
-3.372452399999993133e+01 6.826951098299348653e-01 0.000000000000000000e+00 1.443517777921614842e+00
-3.359676799999994046e+01 6.801089088667595650e-01 0.000000000000000000e+00 1.275358619787652970e+00
-3.369321599999995698e+01 6.820613331012095326e-01 0.000000000000000000e+00 1.250710730366756396e+00
-3.370418799999995230e+01 6.822834424108932261e-01 0.000000000000000000e+00 1.548211311059614514e+00
-3.401251199999993702e+01 6.885249326404719872e-01 0.000000000000000000e+00 1.427777970974478894e+00
-3.382985399999994058e+01 6.848273349109587071e-01 0.000000000000000000e+00 1.495796864579161056e+00
-3.313870999999993927e+01 6.708363107829887761e-01 0.000000000000000000e+00 1.129851811280818019e+00
-3.354066399999994985e+01 6.789731796733129432e-01 0.000000000000000000e+00 1.435416459296813940e+00
-3.401941199999993160e+01 6.886646112985850277e-01 0.000000000000000000e+00 1.435237013846546006e+00
-3.393286199999992192e+01 6.869125550870344155e-01 0.000000000000000000e+00 1.518660723827730985e+00
-3.387843999999994793e+01 6.858108750969137413e-01 0.000000000000000000e+00 1.348893548674826137e+00
-3.339009799999991657e+01 6.759252294070118294e-01 0.000000000000000000e+00 1.247033257879911483e+00
-3.432577999999993779e+01 6.948665056650817906e-01 0.000000000000000000e+00 1.479006701619144826e+00
-3.416356199999993493e+01 6.915826806561240492e-01 0.000000000000000000e+00 1.589791464806536991e+00
-3.403343799999994701e+01 6.889485435969471272e-01 0.000000000000000000e+00 1.692631874442815709e+00
-3.402564799999992573e+01 6.887908484162652556e-01 0.000000000000000000e+00 1.327931618544913039e+00
-3.395158999999992488e+01 6.872916713057510840e-01 0.000000000000000000e+00 1.488453068956105296e+00
-3.342243799999994280e+01 6.765798972046038751e-01 0.000000000000000000e+00 1.232642806755657405e+00
-3.381870399999992571e+01 6.846016222967610254e-01 0.000000000000000000e+00 1.308146327026579847e+00
-3.390525599999996587e+01 6.863537189948798467e-01 0.000000000000000000e+00 1.278257010113000858e+00
-3.396881999999994406e+01 6.876404630853587552e-01 0.000000000000000000e+00 1.610065934530432452e+00
-3.347954199999993818e+01 6.777358696818350792e-01 0.000000000000000000e+00 1.232646383396718059e+00
-3.403765599999992730e+01 6.890339297679498598e-01 0.000000000000000000e+00 1.632135452286390676e+00
-3.370101599999995301e+01 6.822192307147286749e-01 0.000000000000000000e+00 1.313240192722495481e+00
-3.387787199999994669e+01 6.857993769117241012e-01 0.000000000000000000e+00 1.210104522414355399e+00
-3.398351599999993766e+01 6.879379583838559631e-01 0.000000000000000000e+00 1.615393369906968912e+00
-3.420952199999993582e+01 6.925130619788607556e-01 0.000000000000000000e+00 1.585919911589408482e+00
-3.409849799999994957e+01 6.902655716399681562e-01 0.000000000000000000e+00 1.539210444717444171e+00
-3.392406199999992822e+01 6.867344141897308019e-01 0.000000000000000000e+00 1.754106370130766424e+00
-3.447801599999993982e+01 6.979482622153023730e-01 0.000000000000000000e+00 1.474435297258587241e+00
-3.400620799999992983e+01 6.883973189794941883e-01 0.000000000000000000e+00 1.796983988713569236e+00
-3.389733399999995100e+01 6.861933517007385852e-01 0.000000000000000000e+00 1.776335845043915063e+00
-3.417790599999992907e+01 6.918730503187291436e-01 0.000000000000000000e+00 1.532980629910504655e+00
-3.384458999999993978e+01 6.851256399408074405e-01 0.000000000000000000e+00 1.557580404688857723e+00
-3.364713399999993726e+01 6.811284820978507071e-01 0.000000000000000000e+00 1.566000038973385466e+00
-3.378307799999993932e+01 6.838804350686539246e-01 0.000000000000000000e+00 1.755856803690627688e+00
-3.400750599999993540e+01 6.884235947618466689e-01 0.000000000000000000e+00 1.455949604371211459e+00
-3.403529399999993643e+01 6.889861151316509780e-01 0.000000000000000000e+00 1.272029732660252987e+00
-3.402567199999992908e+01 6.887913342550761042e-01 0.000000000000000000e+00 1.370648221494804142e+00
-3.400042999999993754e+01 6.882803532857874051e-01 0.000000000000000000e+00 1.539784445986193573e+00
-3.352640999999993454e+01 6.786846319062480593e-01 0.000000000000000000e+00 1.313575941405134007e+00
-3.362083599999996153e+01 6.805961242208858897e-01 0.000000000000000000e+00 1.189225965693142539e+00
-3.425345799999993801e+01 6.934024708952175597e-01 0.000000000000000000e+00 1.776160352733452852e+00
-3.376293599999994655e+01 6.834726948466661733e-01 0.000000000000000000e+00 1.280171938698198231e+00
-3.387925599999994120e+01 6.858273936164817064e-01 0.000000000000000000e+00 1.224339917341568329e+00
-3.441088199999993691e+01 6.965892496017122015e-01 0.000000000000000000e+00 1.486239373325925817e+00
-3.336350599999993705e+01 6.753869200046141996e-01 0.000000000000000000e+00 1.623093816056611516e+00
-3.373868999999994145e+01 6.829818761880265265e-01 0.000000000000000000e+00 1.372909663503543598e+00
-3.374595599999994278e+01 6.831289638880049253e-01 0.000000000000000000e+00 1.256827300425538807e+00
-3.344587199999993743e+01 6.770542783168101986e-01 0.000000000000000000e+00 1.214080647320423534e+00
-3.373773199999993722e+01 6.829624831221609016e-01 0.000000000000000000e+00 1.404494263548055732e+00
-3.366348799999994412e+01 6.814595407608630140e-01 0.000000000000000000e+00 1.523060873404923132e+00
-3.417594399999994437e+01 6.918333329959441835e-01 0.000000000000000000e+00 1.556036567714475183e+00
-3.379304799999994202e+01 6.840822606079856039e-01 0.000000000000000000e+00 1.564525342708054767e+00
-3.406394599999993744e+01 6.895661256986450605e-01 0.000000000000000000e+00 1.521184754345284773e+00
-3.411759999999993198e+01 6.906522588468197998e-01 0.000000000000000000e+00 1.638149176986212430e+00
-3.383248999999991469e+01 6.848806962070141946e-01 0.000000000000000000e+00 1.602214707455863918e+00
-3.418927599999992850e+01 6.921032164553591048e-01 0.000000000000000000e+00 1.336474974928486770e+00
-3.389128599999994407e+01 6.860709203204096163e-01 0.000000000000000000e+00 1.529479131317375007e+00
-3.375960399999994621e+01 6.834052442250961867e-01 0.000000000000000000e+00 1.464391095986328217e+00
-3.407946999999993665e+01 6.898803824361160464e-01 0.000000000000000000e+00 1.504887578303885087e+00
-3.364714199999993838e+01 6.811286440441211010e-01 0.000000000000000000e+00 1.274700096650188463e+00
-3.388458999999993893e+01 6.859353712921882895e-01 0.000000000000000000e+00 1.241432165897618400e+00
-3.396129199999994341e+01 6.874880716450288975e-01 0.000000000000000000e+00 1.603691491004174408e+00
-3.394288999999993450e+01 6.871155547368259509e-01 0.000000000000000000e+00 1.165137773056053705e+00
-3.420863799999994370e+01 6.924951669159953305e-01 0.000000000000000000e+00 1.242224740867867938e+00
-3.405493799999993598e+01 6.893837741983140921e-01 0.000000000000000000e+00 1.603190816495955628e+00
-3.364022999999994568e+01 6.809887224666025807e-01 0.000000000000000000e+00 1.558156424863510248e+00
-3.379327199999994491e+01 6.840867951035534134e-01 0.000000000000000000e+00 1.392209540428668513e+00
-3.379408999999993313e+01 6.841033541096889214e-01 0.000000000000000000e+00 1.279042059274806853e+00
-3.412431399999994142e+01 6.907881722541492353e-01 0.000000000000000000e+00 1.427747222132499827e+00
-3.375326399999993754e+01 6.832769018059021704e-01 0.000000000000000000e+00 1.432353347969132162e+00
-3.381462399999995938e+01 6.845190296989208667e-01 0.000000000000000000e+00 1.493663210258861396e+00
-3.383282599999994034e+01 6.848874979503662974e-01 0.000000000000000000e+00 1.587238682898350239e+00
-3.408396999999994392e+01 6.899714772131465557e-01 0.000000000000000000e+00 1.414561388815370968e+00
-3.389771399999994372e+01 6.862010441485765222e-01 0.000000000000000000e+00 1.458304590332848649e+00
-3.383342599999995315e+01 6.848996439206372910e-01 0.000000000000000000e+00 1.364923254779690565e+00
-3.410281399999995955e+01 6.903529416527823814e-01 0.000000000000000000e+00 1.722444192233111071e+00
-3.401628199999994706e+01 6.886012498203398779e-01 0.000000000000000000e+00 1.206737405626166826e+00
-3.376627799999994295e+01 6.835403479010739858e-01 0.000000000000000000e+00 1.302587927552708580e+00
-3.445297999999993976e+01 6.974414513624730416e-01 0.000000000000000000e+00 1.596361892339306143e+00
-3.357050599999995200e+01 6.795772797480106320e-01 0.000000000000000000e+00 1.584803282813409764e+00
-3.360117999999994254e+01 6.801982222348169627e-01 0.000000000000000000e+00 1.376443492659560119e+00
-3.409709199999993956e+01 6.902371095829669123e-01 0.000000000000000000e+00 1.619958264063951825e+00
-3.400567799999992502e+01 6.883865900390883086e-01 0.000000000000000000e+00 1.512323884901790594e+00
-3.365328199999994041e+01 6.812529378065580454e-01 0.000000000000000000e+00 1.308711754605430100e+00
-3.366342799999992508e+01 6.814583261638355038e-01 0.000000000000000000e+00 1.116506311243453009e+00
-3.414896999999992744e+01 6.912872906591401856e-01 0.000000000000000000e+00 1.309405743962974711e+00
-3.370050799999992108e+01 6.822089471265655458e-01 0.000000000000000000e+00 1.264703377662409256e+00
-3.381481399999994153e+01 6.845228759228395576e-01 0.000000000000000000e+00 1.320026737487088653e+00
-3.431199599999992955e+01 6.945874722413957203e-01 0.000000000000000000e+00 1.481947972881393794e+00
-3.411878599999992900e+01 6.906762673813880982e-01 0.000000000000000000e+00 1.624536933991661991e+00
-3.404942199999994301e+01 6.892721122449587678e-01 0.000000000000000000e+00 1.448656733122170692e+00
-3.387843799999993166e+01 6.858108346103457542e-01 0.000000000000000000e+00 1.633157434361458105e+00
-3.430627599999994715e+01 6.944716806581485713e-01 0.000000000000000000e+00 1.512428246573814583e+00
-3.450320199999993775e+01 6.984581095606993140e-01 0.000000000000000000e+00 1.666128861713385811e+00
-3.375588599999992567e+01 6.833299796959848571e-01 0.000000000000000000e+00 1.396102672631669428e+00
-3.398993199999996051e+01 6.880678392926179443e-01 0.000000000000000000e+00 1.412138060815598672e+00
-3.390646599999993072e+01 6.863782133682584385e-01 0.000000000000000000e+00 1.450077243516928904e+00
-3.396498399999993012e+01 6.875628098487610584e-01 0.000000000000000000e+00 1.325899391091559743e+00
-3.372899999999994236e+01 6.827857187681545259e-01 0.000000000000000000e+00 1.557240084251622525e+00
-3.382741799999994470e+01 6.847780222716597365e-01 0.000000000000000000e+00 1.321120427789697072e+00
-3.407363199999994663e+01 6.897622021453821972e-01 0.000000000000000000e+00 1.529784902347549824e+00
-3.440818799999994582e+01 6.965347141951968579e-01 0.000000000000000000e+00 1.568787490438897869e+00
-3.363704599999992695e+01 6.809242678510323277e-01 0.000000000000000000e+00 1.209921085615991876e+00
-3.427382799999992358e+01 6.938148265859079844e-01 0.000000000000000000e+00 1.657692884892199015e+00
-3.354313399999994516e+01 6.790231805842605883e-01 0.000000000000000000e+00 1.256657923626848028e+00
-3.430232599999993681e+01 6.943917196871995934e-01 0.000000000000000000e+00 1.517041696331409062e+00
-3.377896799999994215e+01 6.837972351722996223e-01 0.000000000000000000e+00 1.561552928226425774e+00
-3.370711799999993019e+01 6.823427552323814149e-01 0.000000000000000000e+00 1.325695604745072531e+00
-3.398491799999994356e+01 6.879663394677220101e-01 0.000000000000000000e+00 1.284914780995300099e+00
-3.377544799999993330e+01 6.837259788133779326e-01 0.000000000000000000e+00 1.415804358059046697e+00
-3.401857199999994918e+01 6.886476069402064359e-01 0.000000000000000000e+00 1.558218480686041296e+00
-3.393008599999995312e+01 6.868563597312492552e-01 0.000000000000000000e+00 1.444416350411948491e+00
-3.383209999999993300e+01 6.848728013263386538e-01 0.000000000000000000e+00 1.217260014387337996e+00
-3.388245999999995917e+01 6.858922530977277221e-01 0.000000000000000000e+00 1.405727634868982001e+00
-3.415163799999994154e+01 6.913412997402774707e-01 0.000000000000000000e+00 1.350946795472707906e+00
-3.416546599999995237e+01 6.916212238684501523e-01 0.000000000000000000e+00 1.480081486442246463e+00
-3.410664599999992674e+01 6.904305139162439930e-01 0.000000000000000000e+00 1.588126240015655277e+00
-3.365147399999992928e+01 6.812163379494754478e-01 0.000000000000000000e+00 1.356850141909562213e+00
-3.391649399999992909e+01 6.865812130180495299e-01 0.000000000000000000e+00 1.684171939075009394e+00
-3.364112799999994508e+01 6.810069009354410285e-01 0.000000000000000000e+00 1.369206822818424429e+00
-3.427891799999991918e+01 6.939178649003711064e-01 0.000000000000000000e+00 1.322455124852440100e+00
-3.384313599999993727e+01 6.850962062061847213e-01 0.000000000000000000e+00 1.606451415828746176e+00
-3.410873199999992522e+01 6.904727414062185042e-01 0.000000000000000000e+00 1.395544411699700227e+00
-3.410792599999993513e+01 6.904564253194883650e-01 0.000000000000000000e+00 1.709208373122339975e+00
-3.377909199999993461e+01 6.837997453394887293e-01 0.000000000000000000e+00 1.319080765608375172e+00
-3.402712599999993870e+01 6.888207679896990454e-01 0.000000000000000000e+00 1.580392950152881726e+00
-3.405500999999993894e+01 6.893852317147466380e-01 0.000000000000000000e+00 1.562388622583957609e+00
-3.384676599999994551e+01 6.851696893263227173e-01 0.000000000000000000e+00 1.305469252234341626e+00
-3.403651599999994204e+01 6.890108524244357158e-01 0.000000000000000000e+00 1.504469161103380692e+00
-3.382089599999995500e+01 6.846459955748173121e-01 0.000000000000000000e+00 1.382327880817299848e+00
-3.392951599999993562e+01 6.868448210594917391e-01 0.000000000000000000e+00 1.430075842498211847e+00
-3.374405199999993954e+01 6.830904206756791552e-01 0.000000000000000000e+00 1.236093805116126543e+00
-3.410190199999994576e+01 6.903344797779705777e-01 0.000000000000000000e+00 1.479802330642081998e+00
-3.399856399999994494e+01 6.882425793182456175e-01 0.000000000000000000e+00 1.622637810276024828e+00
-3.370437599999994660e+01 6.822872481482445961e-01 0.000000000000000000e+00 1.308069120522552975e+00
-3.419889399999991753e+01 6.922979163587984486e-01 0.000000000000000000e+00 1.708277773513074527e+00
-3.409602199999993388e+01 6.902154492693173271e-01 0.000000000000000000e+00 1.707116896554248475e+00
-3.373655999999995458e+01 6.829387579935658481e-01 0.000000000000000000e+00 1.502057473378876074e+00
-3.372340999999995859e+01 6.826725588117994459e-01 0.000000000000000000e+00 1.255669516572128774e+00
-3.421581199999994283e+01 6.926403922338655317e-01 0.000000000000000000e+00 1.603308646019224515e+00
-3.409661599999993342e+01 6.902274737798853588e-01 0.000000000000000000e+00 1.717786784003465739e+00
-3.402747199999993200e+01 6.888277721658883079e-01 0.000000000000000000e+00 1.574694278109598944e+00
-3.409084399999993309e+01 6.901106295458810935e-01 0.000000000000000000e+00 1.497652310145731303e+00
-3.404054399999992597e+01 6.890923923715195354e-01 0.000000000000000000e+00 1.628396984725354546e+00
-3.405502199999994417e+01 6.893854746341521178e-01 0.000000000000000000e+00 1.509753470247792384e+00
-3.413287199999992794e+01 6.909614142767769307e-01 0.000000000000000000e+00 1.604800423733792503e+00
-3.364584399999993281e+01 6.811023682617686203e-01 0.000000000000000000e+00 1.378220391131001810e+00
-3.408196199999995457e+01 6.899308286993074413e-01 0.000000000000000000e+00 1.452065795235508272e+00
-3.392712799999994644e+01 6.867964800978144657e-01 0.000000000000000000e+00 1.503624037745090236e+00
-3.373480799999995128e+01 6.829032917603752306e-01 0.000000000000000000e+00 1.378112218802272082e+00
-3.422958199999992956e+01 6.929191422515781351e-01 0.000000000000000000e+00 1.716682121047234055e+00
-3.396465199999992990e+01 6.875560890785445967e-01 0.000000000000000000e+00 1.343302759294147997e+00
-3.382784399999994207e+01 6.847866459105519388e-01 0.000000000000000000e+00 1.603791526057718464e+00
-3.393322399999994587e+01 6.869198831557649099e-01 0.000000000000000000e+00 1.596853335777533855e+00
-3.393779799999995106e+01 6.870124759357953970e-01 0.000000000000000000e+00 1.454861345330671796e+00
-3.363291999999994886e+01 6.808407440621377926e-01 0.000000000000000000e+00 1.504326121557423956e+00
