-2.349753600000001441e+01 3.025681847739451480e-01 0.000000000000000000e+00 2.815373687291786275e+00
-2.253875200000000589e+01 2.902223143613918976e-01 0.000000000000000000e+00 2.623989208160241837e+00
-2.271886400000001771e+01 2.925415431050358284e-01 0.000000000000000000e+00 2.200400125483149782e+00
-2.340267000000001119e+01 3.013466339944605998e-01 0.000000000000000000e+00 2.434858849558373617e+00
-2.263233400000001438e+01 2.914273315967104705e-01 0.000000000000000000e+00 2.403286786596702473e+00
-2.195071000000000794e+01 2.826503374310941896e-01 0.000000000000000000e+00 2.290905511655453086e+00
-2.336547400000001318e+01 3.008676762773258573e-01 0.000000000000000000e+00 3.033756928618941640e+00
-2.289004200000001177e+01 2.947457323754866798e-01 0.000000000000000000e+00 2.596246376893246666e+00
-2.278812800000000394e+01 2.934334273753771427e-01 0.000000000000000000e+00 2.322699393712306382e+00
-2.280759400000001591e+01 2.936840831158263887e-01 0.000000000000000000e+00 3.408487348074485279e+00
-2.231274800000000624e+01 2.873121530563235715e-01 0.000000000000000000e+00 3.047841514758742765e+00
-2.297507400000001354e+01 2.958406547489516591e-01 0.000000000000000000e+00 2.911965639942556194e+00
-2.280628000000000455e+01 2.936671632738993010e-01 0.000000000000000000e+00 2.569622742188377718e+00
-2.243814000000001840e+01 2.889267746841052142e-01 0.000000000000000000e+00 2.586356915068222406e+00
-2.292454600000001719e+01 2.951900263068777397e-01 0.000000000000000000e+00 2.343709642073325661e+00
-2.231029200000000756e+01 2.872805281462987859e-01 0.000000000000000000e+00 2.067706103595102984e+00
-2.279481400000000946e+01 2.935195202696874173e-01 0.000000000000000000e+00 2.598547499522910087e+00
-2.316850800000002764e+01 2.983314254516146180e-01 0.000000000000000000e+00 2.338049189227738633e+00
-2.258386800000000605e+01 2.908032546874014801e-01 0.000000000000000000e+00 3.330881148408667336e+00
-2.271182600000002338e+01 2.924509176503312657e-01 0.000000000000000000e+00 2.876403292083902663e+00
-2.306351000000001505e+01 2.969794090416855714e-01 0.000000000000000000e+00 2.701407049365873725e+00
-2.218601400000002499e+01 2.856802510420385355e-01 0.000000000000000000e+00 2.682762618811610267e+00
-2.255620600000001374e+01 2.904470623986774580e-01 0.000000000000000000e+00 2.229023675654949521e+00
-2.299792000000001835e+01 2.961348333704610369e-01 0.000000000000000000e+00 2.451983689121355336e+00
-2.276449400000000622e+01 2.931291019993484959e-01 0.000000000000000000e+00 2.499461001525219661e+00
-2.288324600000001396e+01 2.946582230560532700e-01 0.000000000000000000e+00 2.778820226062081122e+00
-2.284141600000000949e+01 2.941195952114530332e-01 0.000000000000000000e+00 2.171542529567683566e+00
-2.343726000000000553e+01 3.017920353127660493e-01 0.000000000000000000e+00 2.513440986360966800e+00
-2.296193800000001417e+01 2.956715078360502291e-01 0.000000000000000000e+00 2.552974994666007191e+00
-2.319024800000001463e+01 2.986113625623389445e-01 0.000000000000000000e+00 2.779564641387662238e+00
-2.322904400000000891e+01 2.991109228267210818e-01 0.000000000000000000e+00 2.364311021444778227e+00
-2.208707800000000887e+01 2.844062925329931546e-01 0.000000000000000000e+00 2.541821256682942121e+00
-2.242282800000000620e+01 2.887296083069471053e-01 0.000000000000000000e+00 2.582353812424125206e+00
-2.258113200000001086e+01 2.907680243316084212e-01 0.000000000000000000e+00 2.328221653462686280e+00
-2.333999000000000734e+01 3.005395292060422663e-01 0.000000000000000000e+00 3.147913943528092506e+00
-2.274885200000001362e+01 2.929276863468208703e-01 0.000000000000000000e+00 2.704131366888431920e+00
-2.326568400000001091e+01 2.995827211586873928e-01 0.000000000000000000e+00 2.533657267914617428e+00
-2.295370600000000749e+01 2.955655077304620848e-01 0.000000000000000000e+00 2.454811212878238447e+00
-2.274160600000001864e+01 2.928343825609741047e-01 0.000000000000000000e+00 2.521623070776983777e+00
-2.273044200000001069e+01 2.926906282875549881e-01 0.000000000000000000e+00 2.329979247541865028e+00
-2.281503800000000481e+01 2.937799364668949864e-01 0.000000000000000000e+00 2.747585383964941563e+00
-2.277434800000001403e+01 2.932559879372087508e-01 0.000000000000000000e+00 2.545926441226724624e+00
-2.332800000000001717e+01 3.003851388676069267e-01 0.000000000000000000e+00 2.630659733745030593e+00
-2.235647200000000367e+01 2.878751691662277956e-01 0.000000000000000000e+00 2.489904686994904193e+00
-2.244793000000001726e+01 2.890528365200754624e-01 0.000000000000000000e+00 2.618225438106404734e+00
-2.202092600000002065e+01 2.835544802170480994e-01 0.000000000000000000e+00 2.542196379202103174e+00
-2.278213400000000277e+01 2.933562450827514323e-01 0.000000000000000000e+00 2.578140962685862903e+00
-2.329236800000000329e+01 2.999263201404063772e-01 0.000000000000000000e+00 2.785693027853267001e+00
-2.297771600000001158e+01 2.958746747050939874e-01 0.000000000000000000e+00 2.652675356163275211e+00
-2.324445600000000667e+01 2.993093768630819551e-01 0.000000000000000000e+00 2.904233228325351135e+00
-2.216000200000000220e+01 2.853453051301630405e-01 0.000000000000000000e+00 2.200588245781274654e+00
-2.243566600000001543e+01 2.888949179954238278e-01 0.000000000000000000e+00 2.261971200069407217e+00
-2.296438200000001473e+01 2.957029782269707252e-01 0.000000000000000000e+00 3.190865748844265326e+00
-2.282682800000002032e+01 2.939317514869246861e-01 0.000000000000000000e+00 2.969680714806719912e+00
-2.215485400000001448e+01 2.852790164343945722e-01 0.000000000000000000e+00 2.305943428017296792e+00
-2.285512200000001215e+01 2.942960817818114361e-01 0.000000000000000000e+00 2.763923611319256235e+00
-2.371591000000002225e+01 3.053800976818273893e-01 0.000000000000000000e+00 3.192486081742755388e+00
-2.313403400000000332e+01 2.978875178179842265e-01 0.000000000000000000e+00 2.756106261905213461e+00
-2.254871000000001047e+01 2.903505394648231985e-01 0.000000000000000000e+00 2.222827938628511024e+00
-2.323817800000001910e+01 2.992285376183200230e-01 0.000000000000000000e+00 2.816381039259245878e+00
-2.322130200000001210e+01 2.990112322512276100e-01 0.000000000000000000e+00 3.202071089690280647e+00
-2.331197400000002062e+01 3.001787786037398709e-01 0.000000000000000000e+00 2.231125253202694836e+00
-2.215128600000001313e+01 2.852330727540327571e-01 0.000000000000000000e+00 2.645421506695076364e+00
-2.321411600000001485e+01 2.989187010609025696e-01 0.000000000000000000e+00 2.736093401837699446e+00
-2.266924800000000673e+01 2.919026581148927435e-01 0.000000000000000000e+00 2.195920993338753568e+00
-2.296402400000000554e+01 2.956983684070239593e-01 0.000000000000000000e+00 2.848820197378897134e+00
-2.322069800000002004e+01 2.990034547896417982e-01 0.000000000000000000e+00 2.670810819041114836e+00
-2.298573000000000732e+01 2.959778677136195024e-01 0.000000000000000000e+00 2.336105091792530786e+00
-2.268381200000001030e+01 2.920901928012125670e-01 0.000000000000000000e+00 3.009980505768612868e+00
-2.270716800000001356e+01 2.923909384846570259e-01 0.000000000000000000e+00 2.376598147037275233e+00
-2.331465000000000032e+01 3.002132363640109269e-01 0.000000000000000000e+00 2.228323950366682293e+00
-2.295235000000001691e+01 2.955480470716700392e-01 0.000000000000000000e+00 2.829806343286594750e+00
-2.275801000000001295e+01 2.930456101766283350e-01 0.000000000000000000e+00 3.178037881088953576e+00
-2.274921600000001476e+01 2.929323734263196699e-01 0.000000000000000000e+00 2.720806579188895125e+00
-2.211426800000001336e+01 2.847564070702793271e-01 0.000000000000000000e+00 2.292750280308465172e+00
-2.348301600000001699e+01 3.023812166576747007e-01 0.000000000000000000e+00 3.022436719566155006e+00
-2.200259800000000965e+01 2.833184780383285473e-01 0.000000000000000000e+00 2.462436680618725227e+00
-2.321366800000001618e+01 2.989129323476732991e-01 0.000000000000000000e+00 2.506805981576692766e+00
-2.336924000000001556e+01 3.009161695229095601e-01 0.000000000000000000e+00 3.009769466321970732e+00
-2.289135000000001341e+01 2.947625749578615117e-01 0.000000000000000000e+00 3.309659512943311732e+00
-2.274593600000002525e+01 2.928901382044625801e-01 0.000000000000000000e+00 2.452218981995818226e+00
-2.260835800000001328e+01 2.911186024262076288e-01 0.000000000000000000e+00 2.298058513429863225e+00
-2.233848000000001122e+01 2.876434935224305156e-01 0.000000000000000000e+00 2.740394209863709740e+00
-2.271082600000000795e+01 2.924380410583014012e-01 0.000000000000000000e+00 2.570354406826208304e+00
-2.323058000000001400e+01 2.991307012720786918e-01 0.000000000000000000e+00 2.860594118837426425e+00
-2.293387800000001064e+01 2.953101906636982910e-01 0.000000000000000000e+00 3.194920316977301944e+00
-2.292458000000000240e+01 2.951904641110065231e-01 0.000000000000000000e+00 2.961861964468576414e+00
-2.287479400000000851e+01 2.945493901002185777e-01 0.000000000000000000e+00 2.614836475634197299e+00
-2.353564800000003032e+01 3.030589374493792842e-01 0.000000000000000000e+00 3.049126760717771667e+00
-2.312124400000000790e+01 2.977228262059251063e-01 0.000000000000000000e+00 2.687295455117458598e+00
-2.304081200000000962e+01 2.966871361557965603e-01 0.000000000000000000e+00 2.648306201179931652e+00
-2.257312200000001212e+01 2.906648828294509657e-01 0.000000000000000000e+00 2.230344531231881255e+00
-2.359210800000001740e+01 3.037859498353729926e-01 0.000000000000000000e+00 2.699544093184341076e+00
-2.245588200000000256e+01 2.891552311798950003e-01 0.000000000000000000e+00 2.843050714022000935e+00
-2.279096600000000805e+01 2.934699711435573288e-01 0.000000000000000000e+00 2.563322427853225172e+00
-2.292347399999999524e+01 2.951762226002216383e-01 0.000000000000000000e+00 2.774515567020736651e+00
-2.275486400000001908e+01 2.930051004181031815e-01 0.000000000000000000e+00 2.613725544529350575e+00
-2.286056400000001787e+01 2.943661561956368300e-01 0.000000000000000000e+00 2.913893875050109994e+00
-2.248411400000001237e+01 2.895187631260761618e-01 0.000000000000000000e+00 2.553409342211492739e+00
-2.251727200000001261e+01 2.899457251645951583e-01 0.000000000000000000e+00 2.575286836631067722e+00
-2.270861200000001290e+01 2.924095322835478239e-01 0.000000000000000000e+00 2.506033163068677183e+00
-2.253854200000001029e+01 2.902196102770657204e-01 0.000000000000000000e+00 3.005605062504642433e+00
-2.224719800000000447e+01 2.864680924487801872e-01 0.000000000000000000e+00 2.660032420474562453e+00
-2.245988800000001362e+01 2.892068148075659373e-01 0.000000000000000000e+00 2.545261219484180604e+00
-2.329832000000000747e+01 3.000029616161669077e-01 0.000000000000000000e+00 3.121508947398175859e+00
-2.302906800000002008e+01 2.965359134590005441e-01 0.000000000000000000e+00 2.858390241429429324e+00
-2.264498800000001211e+01 2.915902719922535691e-01 0.000000000000000000e+00 2.666025238966060584e+00
-2.330255200000000571e+01 3.000574553536363154e-01 0.000000000000000000e+00 3.312463729139482282e+00
-2.249287200000001263e+01 2.896315363190717918e-01 0.000000000000000000e+00 2.801230544177383930e+00
-2.320275200000000382e+01 2.987723714690775356e-01 0.000000000000000000e+00 2.904612918681196199e+00
-2.279035000000001077e+01 2.934620391628671165e-01 0.000000000000000000e+00 3.379130250582838890e+00
-2.296449400000001972e+01 2.957044204052781122e-01 0.000000000000000000e+00 2.923298060456146263e+00
-2.254601000000000965e+01 2.903157726663431193e-01 0.000000000000000000e+00 2.414194451655466978e+00
-2.208141600000000437e+01 2.843333852689212127e-01 0.000000000000000000e+00 2.437137630260614696e+00
-2.317837400000001224e+01 2.984584659085788849e-01 0.000000000000000000e+00 2.504456706769922825e+00
-2.237568200000001895e+01 2.881225284991175140e-01 0.000000000000000000e+00 3.165929140792827390e+00
-2.209771600000001612e+01 2.845432737190046191e-01 0.000000000000000000e+00 2.260503539091780034e+00
-2.337058800000000502e+01 3.009335271689653757e-01 0.000000000000000000e+00 1.793938711230828265e+00
-2.229114200000000423e+01 2.870339414089309593e-01 0.000000000000000000e+00 2.196179869415125996e+00
-2.360856200000000626e+01 3.039978212806286328e-01 0.000000000000000000e+00 2.464431114012548552e+00
-2.272609800000001101e+01 2.926346923717782489e-01 0.000000000000000000e+00 3.247027397979309171e+00
-2.292271800000002102e+01 2.951664878966475669e-01 0.000000000000000000e+00 2.899873135238989263e+00
-2.326225800000002408e+01 2.995386059543939661e-01 0.000000000000000000e+00 2.540855118810169344e+00
-2.303520000000000678e+01 2.966148727213261393e-01 0.000000000000000000e+00 2.915353242002856504e+00
-2.273536200000000562e+01 2.927539811203407893e-01 0.000000000000000000e+00 2.717916753721050682e+00
-2.298219000000001699e+01 2.959322845778346589e-01 0.000000000000000000e+00 3.026557737644026247e+00
-2.315150200000000780e+01 2.981124461275581616e-01 0.000000000000000000e+00 2.321178584383808197e+00
-2.255045000000001210e+01 2.903729447349547854e-01 0.000000000000000000e+00 2.519029986849395275e+00
-2.307169600000001708e+01 2.970848168240402543e-01 0.000000000000000000e+00 2.711179340387023018e+00
-2.244165400000001398e+01 2.889720230284973379e-01 0.000000000000000000e+00 3.029633092677472384e+00
-2.250264000000001019e+01 2.897573148700173240e-01 0.000000000000000000e+00 1.902630780384004350e+00
-2.272801200000001032e+01 2.926593381689229778e-01 0.000000000000000000e+00 2.991301434725344155e+00
-2.335689200000001975e+01 3.007571693645275102e-01 0.000000000000000000e+00 2.946076069007689036e+00
-2.299202600000002406e+01 2.960589387370383685e-01 0.000000000000000000e+00 2.229771188633624668e+00
-2.312907800000001046e+01 2.978237014278853900e-01 0.000000000000000000e+00 2.485347788177337147e+00
-2.260819199999999896e+01 2.911164649119304948e-01 0.000000000000000000e+00 2.197204946863448694e+00
-2.269695600000002500e+01 2.922594427268504491e-01 0.000000000000000000e+00 2.894199324958441899e+00
-2.294021800000000866e+01 2.953918282571662557e-01 0.000000000000000000e+00 2.167193738985739415e+00
-2.249240000000002127e+01 2.896254585676338866e-01 0.000000000000000000e+00 2.178459591342265522e+00
-2.354712200000001232e+01 3.032066834663271759e-01 0.000000000000000000e+00 2.671879517318598740e+00
-2.290497200000000788e+01 2.949379798944892772e-01 0.000000000000000000e+00 2.793936031533111208e+00
-2.264393200000001372e+01 2.915766743110702608e-01 0.000000000000000000e+00 2.692120356281091365e+00
-2.286734800000001755e+01 2.944535109959659502e-01 0.000000000000000000e+00 2.497138223561466308e+00
-2.259801800000001748e+01 2.909854584646210940e-01 0.000000000000000000e+00 2.456775310799409251e+00
-2.291016400000001596e+01 2.950048351603072883e-01 0.000000000000000000e+00 2.387800168936193845e+00
-2.269749600000000811e+01 2.922663960865462540e-01 0.000000000000000000e+00 2.544634348042241534e+00
-2.302593000000000600e+01 2.964955067132112876e-01 0.000000000000000000e+00 2.365937897589986072e+00
-2.278019000000001881e+01 2.933312129878459795e-01 0.000000000000000000e+00 2.679011636138532104e+00
-2.313855000000000928e+01 2.979456685075901889e-01 0.000000000000000000e+00 2.193474455140413504e+00
-2.307214200000000659e+01 2.970905597840853840e-01 0.000000000000000000e+00 2.868732335151439994e+00
-2.283136600000002048e+01 2.939901854615552534e-01 0.000000000000000000e+00 2.753740158520862291e+00
-2.257579200000000696e+01 2.906992633301700435e-01 0.000000000000000000e+00 2.402291163510116068e+00
-2.284369600000001199e+01 2.941489538412807025e-01 0.000000000000000000e+00 2.061273698416058675e+00
-2.306984600000001251e+01 2.970609951287853656e-01 0.000000000000000000e+00 2.929811987052886924e+00
-2.217473600000001355e+01 2.855350288371280021e-01 0.000000000000000000e+00 2.374795566470784269e+00
-2.383042000000002147e+01 3.068545962351422740e-01 0.000000000000000000e+00 2.863481264743206189e+00
-2.268048400000000342e+01 2.920473395029378194e-01 0.000000000000000000e+00 3.726222198428946086e+00
-2.317612000000000805e+01 2.984294420701440465e-01 0.000000000000000000e+00 3.117543421064447706e+00
-2.332634400000001307e+01 3.003638152312058107e-01 0.000000000000000000e+00 2.531030794057766098e+00
-2.367113600000001483e+01 3.048035611502918907e-01 0.000000000000000000e+00 3.235444849357868691e+00
-2.333331200000001360e+01 3.004535393244683883e-01 0.000000000000000000e+00 3.130485283168948918e+00
-2.302398400000001644e+01 2.964704488651217495e-01 0.000000000000000000e+00 3.158671310635264629e+00
-2.282198800000002237e+01 2.938694287815012407e-01 0.000000000000000000e+00 2.275832702008500519e+00
-2.285995600000001815e+01 2.943583272276828477e-01 0.000000000000000000e+00 2.277562508353740967e+00
-2.228171400000001512e+01 2.869125408992755921e-01 0.000000000000000000e+00 2.619926657197668263e+00
-2.303524200000002153e+01 2.966154135381915968e-01 0.000000000000000000e+00 2.773334188708346915e+00
-2.258089200000002350e+01 2.907649339495214647e-01 0.000000000000000000e+00 2.286620952616645219e+00
-2.345493800000000562e+01 3.020196677066661062e-01 0.000000000000000000e+00 3.024628780186975785e+00
-2.279994400000000709e+01 2.935855771867995068e-01 0.000000000000000000e+00 2.581492321609593965e+00
-2.325457600000001435e+01 2.994396879744221085e-01 0.000000000000000000e+00 2.886979082930246410e+00
-2.267317400000001726e+01 2.919532116152012691e-01 0.000000000000000000e+00 2.209049566761252859e+00
-2.293997800000001419e+01 2.953887378750791881e-01 0.000000000000000000e+00 3.274346231471485513e+00
-2.230079000000000633e+01 2.871581747688330410e-01 0.000000000000000000e+00 2.505821208867081040e+00
-2.308066200000001444e+01 2.972002683481780316e-01 0.000000000000000000e+00 2.939543860952002596e+00
-2.308210000000001827e+01 2.972187848875167404e-01 0.000000000000000000e+00 2.665208847427165129e+00
-2.300303200000000459e+01 2.962006585089164146e-01 0.000000000000000000e+00 2.259527154650286196e+00
-2.265814000000001016e+01 2.917596249306274592e-01 0.000000000000000000e+00 2.253007412326910153e+00
-2.294756800000001817e+01 2.954864712085842338e-01 0.000000000000000000e+00 2.608008916484107154e+00
-2.292429800000002160e+01 2.951868329120544421e-01 0.000000000000000000e+00 2.564204363417568189e+00
-2.402204200000000611e+01 3.093220345530471316e-01 0.000000000000000000e+00 3.216827173046211907e+00
-2.286979200000000745e+01 2.944849813868862798e-01 0.000000000000000000e+00 2.712159540824405024e+00
-2.305846000000001794e+01 2.969143822519358933e-01 0.000000000000000000e+00 2.447937080956786193e+00
-2.323215200000001346e+01 2.991509432747492814e-01 0.000000000000000000e+00 2.571529531977874150e+00
-2.276891600000000437e+01 2.931860422893035611e-01 0.000000000000000000e+00 2.606639341510657015e+00
-2.358221600000001317e+01 3.036585745870156727e-01 0.000000000000000000e+00 2.901243484874941103e+00
-2.295192600000000738e+01 2.955425873966493477e-01 0.000000000000000000e+00 2.588506023415160229e+00
-2.332657200000000586e+01 3.003667510941884777e-01 0.000000000000000000e+00 2.745662521585710891e+00
-2.295140000000001024e+01 2.955358143092417511e-01 0.000000000000000000e+00 2.831165794430900995e+00
-2.289909800000000928e+01 2.948623427929071283e-01 0.000000000000000000e+00 2.807440119655360444e+00
-2.329983400000001126e+01 3.000224567764998018e-01 0.000000000000000000e+00 2.666168162049662005e+00
-2.290919000000000949e+01 2.949922933596703656e-01 0.000000000000000000e+00 2.599359214180185784e+00
-2.365846600000002198e+01 3.046404147292763320e-01 0.000000000000000000e+00 2.679065022350864744e+00
-2.320996800000001414e+01 2.988652889571635773e-01 0.000000000000000000e+00 3.038689708479660467e+00
-2.254316200000000592e+01 2.902791001322426734e-01 0.000000000000000000e+00 2.600623507164419035e+00
-2.281058200000001435e+01 2.937225583728109712e-01 0.000000000000000000e+00 2.920817267405086515e+00
-2.279011199999999704e+01 2.934589745339638567e-01 0.000000000000000000e+00 2.465770329170618336e+00
-2.284277799999999914e+01 2.941371331297972791e-01 0.000000000000000000e+00 2.789748221055951660e+00
-2.306434200000001411e+01 2.969901223662542167e-01 0.000000000000000000e+00 2.543367837614154414e+00
-2.299350600000001776e+01 2.960779960932422017e-01 0.000000000000000000e+00 2.635519387134846347e+00
-2.258358400000000543e+01 2.907995977352650363e-01 0.000000000000000000e+00 2.612266128750702521e+00
-2.233539400000001152e+01 2.876037563594270319e-01 0.000000000000000000e+00 2.780253292211435134e+00
-2.265991600000001327e+01 2.917824937580721367e-01 0.000000000000000000e+00 2.685021275190619949e+00
-2.266625200000001072e+01 2.918640798451719864e-01 0.000000000000000000e+00 2.661869202308404070e+00
-2.245443800000001033e+01 2.891366373810043133e-01 0.000000000000000000e+00 2.850317061604326963e+00
-2.278776600000001906e+01 2.934287660490625949e-01 0.000000000000000000e+00 2.326690027329977095e+00
-2.332397000000001697e+01 3.003332462017274662e-01 0.000000000000000000e+00 2.805607198346578901e+00
-2.277743200000001522e+01 2.932956993470282048e-01 0.000000000000000000e+00 2.518502031807436037e+00
-2.263266400000001255e+01 2.914315808720802092e-01 0.000000000000000000e+00 2.275091320689960561e+00
-2.276877800000001173e+01 2.931842653196035653e-01 0.000000000000000000e+00 2.541141028988371797e+00
-2.269446000000000652e+01 2.922273027531441802e-01 0.000000000000000000e+00 2.588024356902228096e+00
-2.312150400000000872e+01 2.977261741198528044e-01 0.000000000000000000e+00 3.255444811200416844e+00
-2.306043800000001553e+01 2.969398521509705180e-01 0.000000000000000000e+00 2.353728587580981024e+00
-2.230322400000001437e+01 2.871895163938332773e-01 0.000000000000000000e+00 2.455548482461955562e+00
-2.216296000000000888e+01 2.853833940893868437e-01 0.000000000000000000e+00 2.389399453816583918e+00
-2.292580799999999996e+01 2.952062765660188881e-01 0.000000000000000000e+00 2.505188071073807698e+00
-2.307173200000001501e+01 2.970852803813533449e-01 0.000000000000000000e+00 2.776911939651996786e+00
-2.239667000000001096e+01 2.883927824126356620e-01 0.000000000000000000e+00 2.514121251525816003e+00
-2.355362800000001755e+01 3.032904585740721637e-01 0.000000000000000000e+00 2.777550263938175501e+00
-2.246991400000000993e+01 2.893359155192551380e-01 0.000000000000000000e+00 2.444115899689528248e+00
-2.230303200000001240e+01 2.871870440881635900e-01 0.000000000000000000e+00 2.779803483384820861e+00
-2.327876400000000601e+01 2.997511469824351016e-01 0.000000000000000000e+00 2.509683939033444222e+00
-2.351206600000001146e+01 3.027552816561358551e-01 0.000000000000000000e+00 2.878537191363808923e+00
-2.295145400000002311e+01 2.955365096452115536e-01 0.000000000000000000e+00 2.834678492072457701e+00
-2.300003200000000803e+01 2.961620287328275425e-01 0.000000000000000000e+00 2.726955395577768559e+00
-2.338146600000001385e+01 3.010735987370640188e-01 0.000000000000000000e+00 3.130723129950663708e+00
-2.309466200000001734e+01 2.973805406365931381e-01 0.000000000000000000e+00 2.294228236547029898e+00
-2.302564000000002409e+01 2.964917725015229211e-01 0.000000000000000000e+00 2.516108940086624557e+00
-2.279702000000001760e+01 2.935479260317049310e-01 0.000000000000000000e+00 2.294465012356756706e+00
-2.289183000000000234e+01 2.947687557220355914e-01 0.000000000000000000e+00 2.328268958807262479e+00
-2.263693600000001283e+01 2.914865896732308781e-01 0.000000000000000000e+00 2.682663633105700995e+00
-2.322338600000001563e+01 2.990380670690174214e-01 0.000000000000000000e+00 2.543697689339579071e+00
-2.241171000000000291e+01 2.885864463567614502e-01 0.000000000000000000e+00 2.759440823076408478e+00
-2.241103800000000135e+01 2.885777932869175166e-01 0.000000000000000000e+00 2.885794942027291921e+00
-2.332973600000000758e+01 3.004074926313702876e-01 0.000000000000000000e+00 2.804064631076923497e+00
-2.302415800000000345e+01 2.964726893921347251e-01 0.000000000000000000e+00 2.776112543536338073e+00
-2.350157000000000451e+01 3.026201289461926125e-01 0.000000000000000000e+00 2.742533740149532662e+00
-2.276179000000001196e+01 2.930942836945004126e-01 0.000000000000000000e+00 2.601160769383894955e+00
-2.218333400000000566e+01 2.856457417753988093e-01 0.000000000000000000e+00 2.480160259249307941e+00
-2.255583400000001149e+01 2.904422723064424283e-01 0.000000000000000000e+00 2.597182821856300450e+00
-2.351959599999999995e+01 3.028522423941189534e-01 0.000000000000000000e+00 2.713092195893494374e+00
-2.349619800000001746e+01 3.025509558938095367e-01 0.000000000000000000e+00 2.713390103865188419e+00
-2.358226200000001782e+01 3.036591669102490787e-01 0.000000000000000000e+00 2.627245421502155676e+00
-2.207627600000001067e+01 2.842671995858889189e-01 0.000000000000000000e+00 2.504696648868386610e+00
-2.301161000000001877e+01 2.963111139153469242e-01 0.000000000000000000e+00 2.676192221112570824e+00
-2.252331400000000983e+01 2.900235255336382489e-01 0.000000000000000000e+00 2.318386754542995476e+00
-2.251385400000001269e+01 2.899017129730378506e-01 0.000000000000000000e+00 2.511855169834889434e+00
-2.256012000000001549e+01 2.904974613798815275e-01 0.000000000000000000e+00 2.811374479114829850e+00
-2.296599600000001828e+01 2.957237610465066058e-01 0.000000000000000000e+00 2.758937901553839112e+00
-2.276379400000001851e+01 2.931200883849279237e-01 0.000000000000000000e+00 2.586521530363577792e+00
-2.305835600000000696e+01 2.969130430863646808e-01 0.000000000000000000e+00 3.028932082778491797e+00
-2.297900800000000388e+01 2.958913112619961927e-01 0.000000000000000000e+00 3.272980203555262424e+00
-2.290104600000001511e+01 2.948874263941809737e-01 0.000000000000000000e+00 2.947093273911661537e+00
-2.330711400000000566e+01 3.001161983664755728e-01 0.000000000000000000e+00 2.368182043960593397e+00
-2.240428600000001680e+01 2.884908505375335386e-01 0.000000000000000000e+00 2.485611881947945356e+00
-2.278501400000002164e+01 2.933933296677970759e-01 0.000000000000000000e+00 3.442271651662957677e+00
-2.279574200000001127e+01 2.935314697470909895e-01 0.000000000000000000e+00 2.598003464868880119e+00
-2.295872400000000724e+01 2.956301224692668428e-01 0.000000000000000000e+00 3.044520389460780851e+00
-2.238512000000002544e+01 2.882440577746934185e-01 0.000000000000000000e+00 2.173951193917507130e+00
-2.271546000000001087e+01 2.924977111857668399e-01 0.000000000000000000e+00 3.263896667878114499e+00
-2.283987600000001805e+01 2.940997652597275303e-01 0.000000000000000000e+00 2.858619678107713558e+00
-2.270131000000002075e+01 2.923155074085474481e-01 0.000000000000000000e+00 2.477612886235540213e+00
-2.391323600000001903e+01 3.079209840806694798e-01 0.000000000000000000e+00 2.981965158002251925e+00
-2.309054000000001139e+01 2.973274633242468656e-01 0.000000000000000000e+00 2.617538783828901483e+00
-2.291235600000001327e+01 2.950330606500362607e-01 0.000000000000000000e+00 2.791982033758871218e+00
-2.246042000000001693e+01 2.892136651545257342e-01 0.000000000000000000e+00 2.466378688676901909e+00
-2.208498400000001993e+01 2.843793289492831944e-01 0.000000000000000000e+00 2.760000128997215363e+00
-2.246994800000000225e+01 2.893363533233840323e-01 0.000000000000000000e+00 2.486500068043393075e+00
-2.259571000000001817e+01 2.909557392902167305e-01 0.000000000000000000e+00 2.533818558853794034e+00
-2.230124800000000818e+01 2.871640722479826269e-01 0.000000000000000000e+00 2.602141960214136684e+00
-2.220654000000001460e+01 2.859445559700389272e-01 0.000000000000000000e+00 2.344278533973402467e+00
-2.253658800000001960e+01 2.901944494162399524e-01 0.000000000000000000e+00 2.945254497665042770e+00
-2.232742800000002248e+01 2.875011814273190081e-01 0.000000000000000000e+00 2.080082688628341892e+00
-2.387900799999999890e+01 3.074802440886784671e-01 0.000000000000000000e+00 2.915939636960957149e+00
-2.313867000000001894e+01 2.979472136986338615e-01 0.000000000000000000e+00 3.113593366647013028e+00
-2.356912600000001135e+01 3.034900199973475377e-01 0.000000000000000000e+00 2.657731491656261102e+00
-2.250549800000001710e+01 2.897941161700381962e-01 0.000000000000000000e+00 2.664267097887306424e+00
-2.407678000000002072e+01 3.100268734475661314e-01 0.000000000000000000e+00 2.258707797199830836e+00
-2.327519400000001681e+01 2.997051775488893677e-01 0.000000000000000000e+00 2.806934439749982246e+00
-2.350889800000000562e+01 3.027144886125858747e-01 0.000000000000000000e+00 3.082275100366512088e+00
-2.333034800000001496e+01 3.004153731056924959e-01 0.000000000000000000e+00 2.463465849081719394e+00
-2.331601200000001128e+01 3.002307742823554504e-01 0.000000000000000000e+00 2.246259247173199469e+00
-2.277505600000000641e+01 2.932651045643656085e-01 0.000000000000000000e+00 2.212951762761011576e+00
-2.333118600000001663e+01 3.004261636898133969e-01 0.000000000000000000e+00 2.331276625380275025e+00
-2.303883400000000847e+01 2.966616662567618801e-01 0.000000000000000000e+00 2.463918085686644499e+00
-2.338514600000000598e+01 3.011209845957329989e-01 0.000000000000000000e+00 2.524392305047259200e+00
-2.312770400000001558e+01 2.978060089904367436e-01 0.000000000000000000e+00 2.807828273833243848e+00
-2.358172000000000068e+01 3.036521877973687999e-01 0.000000000000000000e+00 2.221133487954546570e+00
-2.300751000000001412e+01 2.962583198880253121e-01 0.000000000000000000e+00 2.454899622441338636e+00
-2.370200000000001594e+01 3.052009842866948985e-01 0.000000000000000000e+00 2.878368472983023896e+00
-2.379366400000001747e+01 3.063813042185005164e-01 0.000000000000000000e+00 2.164553839838500249e+00
-2.389508800000000832e+01 3.076872996885153255e-01 0.000000000000000000e+00 2.241871828272080425e+00
-2.366613000000001321e+01 3.047391009305914777e-01 0.000000000000000000e+00 2.395904900960062367e+00
-2.332378600000000191e+01 3.003308769087937868e-01 0.000000000000000000e+00 2.258767369629960609e+00
-2.371986000000001127e+01 3.054309602203443830e-01 0.000000000000000000e+00 2.770383651220439614e+00
-2.284633600000001508e+01 2.941829480442390010e-01 0.000000000000000000e+00 2.645592370684157757e+00
-2.454260799999999776e+01 3.160251505595522703e-01 0.000000000000000000e+00 2.704580245916548886e+00
-2.325951600000000141e+01 2.995032983390483738e-01 0.000000000000000000e+00 2.568733007925120937e+00
-2.341353400000000207e+01 3.014865252902705905e-01 0.000000000000000000e+00 2.693234310669172960e+00
-2.396637200000001044e+01 3.086051946747567221e-01 0.000000000000000000e+00 2.607607559480257464e+00
-2.444080599999999848e+01 3.147142877377501202e-01 0.000000000000000000e+00 3.230672445930247161e+00
-2.460962600000000933e+01 3.168881140041953093e-01 0.000000000000000000e+00 3.090299197917655061e+00
-2.363311000000001982e+01 3.043139158617725881e-01 0.000000000000000000e+00 2.658175653174807529e+00
-2.416372000000000497e+01 3.111463643586234173e-01 0.000000000000000000e+00 2.874164557051335667e+00
-2.460733800000001636e+01 3.168586523616315209e-01 0.000000000000000000e+00 2.576930184916804034e+00
-2.503001400000001908e+01 3.223012787743546603e-01 0.000000000000000000e+00 2.791504146767148420e+00
-2.481291400000000991e+01 3.195057706447181900e-01 0.000000000000000000e+00 3.017945220601178313e+00
-2.339695200000001662e+01 3.012730056412351587e-01 0.000000000000000000e+00 2.585302854715869181e+00
-2.595124200000001125e+01 3.341635558966422614e-01 0.000000000000000000e+00 2.810268393421999189e+00
-2.607163200000001879e+01 3.357137688110916063e-01 0.000000000000000000e+00 3.093561750477297423e+00
-2.745586400000001603e+01 3.535379595494739791e-01 0.000000000000000000e+00 2.726639406454825387e+00
-2.473273000000001076e+01 3.184732739894129971e-01 0.000000000000000000e+00 2.607102688848680572e+00
-2.764428000000000196e+01 3.559641155133317914e-01 0.000000000000000000e+00 2.173335118701627433e+00
-2.808779599999999732e+01 3.616750901039526567e-01 0.000000000000000000e+00 2.183655326796439589e+00
-2.737234200000001749e+01 3.524624808299738343e-01 0.000000000000000000e+00 2.788404732777101103e+00
-2.785006000000001691e+01 3.586138606211927149e-01 0.000000000000000000e+00 2.491012699504140837e+00
-2.844890200000001812e+01 3.663249047454106844e-01 0.000000000000000000e+00 2.554328017108581150e+00
-2.757559800000002781e+01 3.550797254195519059e-01 0.000000000000000000e+00 3.185316421748807247e+00
-2.826891000000000176e+01 3.640072211928102042e-01 0.000000000000000000e+00 2.402483423775313209e+00
-2.716464000000001633e+01 3.497879869122320629e-01 0.000000000000000000e+00 2.179553431695621324e+00
-2.662642800000000420e+01 3.428576505627714544e-01 0.000000000000000000e+00 2.174082478158163578e+00
-2.861577200000000332e+01 3.684736216573976653e-01 0.000000000000000000e+00 2.536503035302140052e+00
-2.951688400000001522e+01 3.800768732544171358e-01 0.000000000000000000e+00 2.734289570602029595e+00
-2.922391000000001071e+01 3.763043665811232619e-01 0.000000000000000000e+00 2.445664587519405409e+00
-2.928188600000002850e+01 3.770508998806343381e-01 0.000000000000000000e+00 2.463684544160504419e+00
-2.964031599999999855e+01 3.816662567618203661e-01 0.000000000000000000e+00 2.596055337487428893e+00
-2.828096800000001565e+01 3.641624871395038876e-01 0.000000000000000000e+00 2.613188172718597269e+00
-2.891702000000000794e+01 3.723526692531448634e-01 0.000000000000000000e+00 2.895904955887770971e+00
-2.969853200000001436e+01 3.824158804434184544e-01 0.000000000000000000e+00 3.738259617070785801e+00
-2.861913200000002178e+01 3.685168870066175550e-01 0.000000000000000000e+00 2.722069321098315786e+00
-3.004933000000001186e+01 3.869329631742345899e-01 0.000000000000000000e+00 2.659348195431627815e+00
-2.936510200000000737e+01 3.781224383629731567e-01 0.000000000000000000e+00 2.542011493269680233e+00
-2.844544800000002027e+01 3.662804289965402860e-01 0.000000000000000000e+00 2.261561332956334436e+00
-2.919950800000001223e+01 3.759901519824158656e-01 0.000000000000000000e+00 2.838637697009755545e+00
-2.908780400000000910e+01 3.745517851463361358e-01 0.000000000000000000e+00 2.184408639293065058e+00
-2.914140600000001058e+01 3.752419962323092495e-01 0.000000000000000000e+00 2.434471677354744568e+00
-2.945244400000002116e+01 3.792471056640267513e-01 0.000000000000000000e+00 2.685238156521011721e+00
-2.875042000000002318e+01 3.702074290210058405e-01 0.000000000000000000e+00 2.548230051616139580e+00
-3.054935600000002083e+01 3.933715939804510175e-01 0.000000000000000000e+00 3.028256952667289337e+00
-3.066894200000002613e+01 3.949114541149084112e-01 0.000000000000000000e+00 2.179240676264755372e+00
-3.025013400000002051e+01 3.895186343601559353e-01 0.000000000000000000e+00 2.476484452215407472e+00
-3.021727200000000835e+01 3.890954837928775056e-01 0.000000000000000000e+00 2.759926548871848961e+00
-3.144769200000003551e+01 4.049391001579962235e-01 0.000000000000000000e+00 2.921958453775809428e+00
-3.009166200000001723e+01 3.874780550680336777e-01 0.000000000000000000e+00 2.631412381473055451e+00
-3.056839800000000551e+01 3.936167900458793500e-01 0.000000000000000000e+00 2.700331490536640899e+00
-3.091911400000001819e+01 3.981328168961492109e-01 0.000000000000000000e+00 2.385800807937568546e+00
-3.236769400000002150e+01 4.167855905784553783e-01 0.000000000000000000e+00 2.801085757951366162e+00
-3.178772600000003123e+01 4.093175792522051881e-01 0.000000000000000000e+00 2.793002057835752172e+00
-3.068119600000000347e+01 3.950692438736394529e-01 0.000000000000000000e+00 2.752705634587706118e+00
-3.188942400000000887e+01 4.106271029084359037e-01 0.000000000000000000e+00 2.488468817563088908e+00
-3.153808000000001144e+01 4.061029895583716520e-01 0.000000000000000000e+00 2.423245583589050511e+00
-3.255290800000003060e+01 4.191705156946345379e-01 0.000000000000000000e+00 2.250217685167909210e+00
-3.096302800000001909e+01 3.986982795585391481e-01 0.000000000000000000e+00 2.539912276942181357e+00
-3.290865400000001273e+01 4.237513118028131687e-01 0.000000000000000000e+00 3.094833841770128657e+00
-3.285031800000001567e+01 4.230001429301716853e-01 0.000000000000000000e+00 3.090039205804693268e+00
-3.273370600000002639e+01 4.214985777804106104e-01 0.000000000000000000e+00 2.830121148915606621e+00
-3.261919200000000529e+01 4.200240277207273332e-01 0.000000000000000000e+00 2.657054017679099989e+00
-3.269795800000003538e+01 4.210382653685349474e-01 0.000000000000000000e+00 1.951391956195123401e+00
-3.243776400000003690e+01 4.176878533819729511e-01 0.000000000000000000e+00 2.901002522762560876e+00
-3.162764200000001225e+01 4.072562428937309131e-01 0.000000000000000000e+00 2.222284578471697358e+00
-3.254844400000001770e+01 4.191130345878140706e-01 0.000000000000000000e+00 2.034362074996941327e+00
-3.303046600000001121e+01 4.253198352311284847e-01 0.000000000000000000e+00 2.667709352674589418e+00
-3.482807000000000386e+01 4.484668485699900842e-01 0.000000000000000000e+00 2.867334895954003038e+00
-3.475221200000000010e+01 4.474900560518050852e-01 0.000000000000000000e+00 2.362388564814788872e+00
-3.558689400000002223e+01 4.582379156402952014e-01 0.000000000000000000e+00 2.576953997614668701e+00
-3.495258600000002502e+01 4.500701903031538720e-01 0.000000000000000000e+00 2.803231574740160159e+00
-3.552609200000003398e+01 4.574549930917087837e-01 0.000000000000000000e+00 2.237516019362777886e+00
-3.547228600000001109e+01 4.567621551809613045e-01 0.000000000000000000e+00 2.195916002377821474e+00
-3.606982800000001532e+01 4.644564597355407276e-01 0.000000000000000000e+00 2.525022035390598774e+00
-3.513194200000001644e+01 4.523796843432231762e-01 0.000000000000000000e+00 2.538307846792202227e+00
-3.441475000000001927e+01 4.431446955522965747e-01 0.000000000000000000e+00 2.217656448035888239e+00
-3.518301000000002432e+01 4.530372661449932892e-01 0.000000000000000000e+00 2.449715284940828575e+00
-3.559641800000000700e+01 4.583605523027853845e-01 0.000000000000000000e+00 2.336824605408031719e+00
-3.537107600000000929e+01 4.554589153016406766e-01 0.000000000000000000e+00 2.689232275753348667e+00
-3.497383600000001280e+01 4.503438178837837480e-01 0.000000000000000000e+00 2.489102528113011470e+00
-3.499096800000003071e+01 4.505644196584358552e-01 0.000000000000000000e+00 2.776852065871232789e+00
-3.503889000000003051e+01 4.511814917016806481e-01 0.000000000000000000e+00 2.372726927359780191e+00
-3.525296800000000275e+01 4.539380867702030309e-01 0.000000000000000000e+00 2.073236136320571799e+00
-3.510068400000002242e+01 4.519771878295605338e-01 0.000000000000000000e+00 2.394908271992179483e+00
-3.598569800000002772e+01 4.633731520480866561e-01 0.000000000000000000e+00 2.410535978539698920e+00
-3.497949400000001674e+01 4.504166736414875194e-01 0.000000000000000000e+00 2.407774051021340789e+00
-3.596444600000003078e+01 4.630994987142726393e-01 0.000000000000000000e+00 2.709337854603571127e+00
-3.580888600000001531e+01 4.610964160581405569e-01 0.000000000000000000e+00 2.706385724971086315e+00
-3.584943000000004787e+01 4.616184846053909552e-01 0.000000000000000000e+00 2.511051710504641044e+00
-3.533160000000000878e+01 4.549505989546783202e-01 0.000000000000000000e+00 2.807740736901569001e+00
-3.488069800000003085e+01 4.491445178553267192e-01 0.000000000000000000e+00 2.512564844089309357e+00
-3.458103800000000660e+01 4.452859182877223487e-01 0.000000000000000000e+00 2.419672652656999823e+00
-3.533221400000003598e+01 4.549585051821848913e-01 0.000000000000000000e+00 2.280718147444976918e+00
-3.592813000000002432e+01 4.626318723981239223e-01 0.000000000000000000e+00 2.667939159328561072e+00
-3.481453400000000897e+01 4.482925510202768749e-01 0.000000000000000000e+00 2.232478311961345163e+00
-3.510691000000000628e+01 4.520573574915369153e-01 0.000000000000000000e+00 2.764461610852786855e+00
-3.549990400000001500e+01 4.571177808996361169e-01 0.000000000000000000e+00 2.517220824395769441e+00
-3.533931000000001887e+01 4.550498774792270384e-01 0.000000000000000000e+00 2.654773512662682133e+00
-3.575156800000002733e+01 4.603583555561853724e-01 0.000000000000000000e+00 3.064989782930883866e+00
-3.553863599999999678e+01 4.576165170621281919e-01 0.000000000000000000e+00 2.805886058995383792e+00
-3.621123400000001169e+01 4.662772871080849146e-01 0.000000000000000000e+00 2.558583797520286751e+00
-3.450125200000002934e+01 4.442585465160452385e-01 0.000000000000000000e+00 2.814790165833454871e+00
-3.494898200000002220e+01 4.500237830654790216e-01 0.000000000000000000e+00 2.333426845934813976e+00
-3.440478600000000853e+01 4.430163931893130180e-01 0.000000000000000000e+00 2.237620334511237097e+00
-3.606014400000001530e+01 4.643317628183256107e-01 0.000000000000000000e+00 2.813222119097206431e+00
-3.475693200000002747e+01 4.475508335661853576e-01 0.000000000000000000e+00 2.672209344263977826e+00
-3.512151200000001694e+01 4.522453814883539702e-01 0.000000000000000000e+00 2.673304591974267730e+00
-3.527931200000001155e+01 4.542773077106321833e-01 0.000000000000000000e+00 3.229414061851600071e+00
-3.519759000000001947e+01 4.532250068567854617e-01 0.000000000000000000e+00 2.209592975978822427e+00
-3.615222600000001307e+01 4.655174651655995532e-01 0.000000000000000000e+00 2.964253333229059706e+00
-3.560351599999999905e+01 4.584519503530117279e-01 0.000000000000000000e+00 2.614021094824189984e+00
-3.536854400000002840e+01 4.554263117706218722e-01 0.000000000000000000e+00 2.948367033547399263e+00
-3.613130200000002645e+01 4.652480353539713565e-01 0.000000000000000000e+00 2.927849964624125612e+00
-3.579487800000002551e+01 4.609160407569893869e-01 0.000000000000000000e+00 2.998058715861572576e+00
-3.551159400000003075e+01 4.572683082604628857e-01 0.000000000000000000e+00 2.495883310283053547e+00
-3.521820800000000418e+01 4.534904964312525544e-01 0.000000000000000000e+00 2.773363406075297188e+00
-3.529449000000001035e+01 4.544727486244581338e-01 0.000000000000000000e+00 2.516796098839020779e+00
-3.481948600000004035e+01 4.483563159040080404e-01 0.000000000000000000e+00 2.731076878405588548e+00
-3.516374800000002665e+01 4.527892372293182421e-01 0.000000000000000000e+00 2.800053940046097534e+00
-3.584923200000000776e+01 4.616159350401685679e-01 0.000000000000000000e+00 3.060082888455504246e+00
-3.505447600000000818e+01 4.513821862650543859e-01 0.000000000000000000e+00 2.333612405177860172e+00
-3.510914999999999253e+01 4.520862010576831569e-01 0.000000000000000000e+00 2.561479049595204227e+00
-3.535220600000001667e+01 4.552159340100413454e-01 0.000000000000000000e+00 2.317225283503761890e+00
-3.475516200000002698e+01 4.475280419982928803e-01 0.000000000000000000e+00 2.749169891196727278e+00
-3.466701200000002814e+01 4.463929704108794971e-01 0.000000000000000000e+00 2.703510484995538032e+00
-3.533111200000001872e+01 4.549443151777680105e-01 0.000000000000000000e+00 2.851488733951888843e+00
-3.558188800000002772e+01 4.581734554205948995e-01 0.000000000000000000e+00 2.771725402583973707e+00
-3.497262000000002757e+01 4.503281599478758945e-01 0.000000000000000000e+00 2.312248462759863621e+00
-3.613297400000002568e+01 4.652695650158449325e-01 0.000000000000000000e+00 2.479237767134051751e+00
-3.604167800000002586e+01 4.640939836699062848e-01 0.000000000000000000e+00 2.830650259718506145e+00
-3.508691200000001231e+01 4.517998514041280944e-01 0.000000000000000000e+00 2.527197249930555945e+00
-3.551747000000001009e+01 4.573439711152288423e-01 0.000000000000000000e+00 2.522350938883978433e+00
-3.513411600000000590e+01 4.524076780542954923e-01 0.000000000000000000e+00 2.174901917431791620e+00
-3.502754600000000806e+01 4.510354196416960226e-01 0.000000000000000000e+00 2.606676464347237765e+00
-3.594817000000000462e+01 4.628899193023977565e-01 0.000000000000000000e+00 2.993670720727550361e+00
-3.540883600000002218e+01 4.559451354166803028e-01 0.000000000000000000e+00 2.259566769216942994e+00
-3.539285600000001608e+01 4.557393674760464863e-01 0.000000000000000000e+00 2.529818753212381921e+00
-3.535091000000002026e+01 4.551992459467709695e-01 0.000000000000000000e+00 2.942470989138073811e+00
-3.537540200000001533e+01 4.555146194387610370e-01 0.000000000000000000e+00 2.615421412168272841e+00
-3.526555600000002499e+01 4.541001773106725370e-01 0.000000000000000000e+00 2.603371171428742414e+00
-3.538618400000001429e+01 4.556534548540246421e-01 0.000000000000000000e+00 2.094041354338735950e+00
-3.541737200000001451e+01 4.560550500062452994e-01 0.000000000000000000e+00 2.481881485139608046e+00
-3.476749800000001756e+01 4.476868876375704742e-01 0.000000000000000000e+00 2.650545449867657055e+00
-3.519789200000002438e+01 4.532288955875785064e-01 0.000000000000000000e+00 2.295828738011349568e+00
-3.537052800000002861e+01 4.554518589292086972e-01 0.000000000000000000e+00 2.652378506745683762e+00
-3.525113400000002173e+01 4.539144711004209354e-01 0.000000000000000000e+00 2.463956578237202599e+00
-3.590991600000003103e+01 4.623973381508960090e-01 0.000000000000000000e+00 2.779515153080849732e+00
-3.539381400000002742e+01 4.557517032512110600e-01 0.000000000000000000e+00 2.642552885092196213e+00
-3.534366800000000808e+01 4.551059936672920969e-01 0.000000000000000000e+00 2.281425538883683490e+00
-3.524264600000001479e+01 4.538051745872732079e-01 0.000000000000000000e+00 2.312304584609052416e+00
-3.454747600000002450e+01 4.448537541060235689e-01 0.000000000000000000e+00 2.390284081384723258e+00
-3.499970800000002669e+01 4.506769610727749398e-01 0.000000000000000000e+00 2.552165505845630289e+00
-3.511100200000000626e+01 4.521100485061222418e-01 0.000000000000000000e+00 2.088176073596140547e+00
-3.551532400000000678e+01 4.573163379487331648e-01 0.000000000000000000e+00 2.848387599927050484e+00
-3.554778000000005989e+01 4.577342606196481145e-01 0.000000000000000000e+00 2.592829146127855200e+00
-3.522368600000002914e+01 4.535610344023912610e-01 0.000000000000000000e+00 2.467491793238836717e+00
-3.543127400000000193e+01 4.562340603886412826e-01 0.000000000000000000e+00 2.917596704866260993e+00
-3.552767000000001474e+01 4.574753123539312960e-01 0.000000000000000000e+00 2.799015315655262626e+00
-3.487658000000001124e+01 4.490914920493483398e-01 0.000000000000000000e+00 2.500310188110202336e+00
-3.500489000000003159e+01 4.507436875726726355e-01 0.000000000000000000e+00 2.651767877370593940e+00
-3.546069600000004129e+01 4.566129154793380773e-01 0.000000000000000000e+00 2.511493449051839466e+00
-3.520245800000002845e+01 4.532876901067858788e-01 0.000000000000000000e+00 2.385690571398689119e+00
-3.491061600000001164e+01 4.495297597356694430e-01 0.000000000000000000e+00 2.403387583497320623e+00
-3.552648800000002183e+01 4.574600922221523369e-01 0.000000000000000000e+00 2.636843394271861207e+00
-3.477198000000002054e+01 4.477446005230473758e-01 0.000000000000000000e+00 2.225208987030116159e+00
-3.530399600000001925e+01 4.545951535082921047e-01 0.000000000000000000e+00 2.267535260934170793e+00
-3.512762200000003077e+01 4.523240574656552937e-01 0.000000000000000000e+00 2.335442887402556345e+00
-3.537925000000002740e+01 4.555641685648912365e-01 0.000000000000000000e+00 2.783917469950384582e+00
-3.539129200000002839e+01 4.557192284861122933e-01 0.000000000000000000e+00 3.183219111251749833e+00
-3.603002599999998523e+01 4.639439456195763034e-01 0.000000000000000000e+00 2.916350459002005291e+00
-3.532920200000004485e+01 4.549197208869917297e-01 0.000000000000000000e+00 2.725848801026308443e+00
-3.494035400000002056e+01 4.499126838294472130e-01 0.000000000000000000e+00 2.617354459825354862e+00
-3.531910600000001921e+01 4.547897188138600444e-01 0.000000000000000000e+00 2.851555784246680769e+00
-3.528755400000002851e+01 4.543834365821407539e-01 0.000000000000000000e+00 3.123197901899314566e+00
-3.559622200000001158e+01 4.583580284907476377e-01 0.000000000000000000e+00 2.336224576325285796e+00
-3.590726400000002627e+01 4.623631894288333100e-01 0.000000000000000000e+00 2.886499817752087083e+00
-3.574976800000002441e+01 4.603351776905320047e-01 0.000000000000000000e+00 2.474058592059908079e+00
-3.581447800000001536e+01 4.611684219607703472e-01 0.000000000000000000e+00 3.175063483007429799e+00
-3.458330600000002875e+01 4.453151223984458951e-01 0.000000000000000000e+00 2.510199433254479473e+00
-3.637365400000001614e+01 4.683687031855402472e-01 0.000000000000000000e+00 2.786241823328450273e+00
-3.517259000000002089e+01 4.529030920560442874e-01 0.000000000000000000e+00 2.357099833728223182e+00
-3.518903000000002379e+01 4.531147832290117194e-01 0.000000000000000000e+00 2.539479312792488397e+00
-3.550022399999998868e+01 4.571219014090852628e-01 0.000000000000000000e+00 2.274218140933163212e+00
-3.547332200000001023e+01 4.567754953303039822e-01 0.000000000000000000e+00 2.249133678138623527e+00
-3.519584800000001223e+01 4.532025758334697341e-01 0.000000000000000000e+00 2.947375845638031677e+00
-3.604816000000000997e+01 4.641774497394422494e-01 0.000000000000000000e+00 2.376430844435376333e+00
-3.512878600000001228e+01 4.523390458187775409e-01 0.000000000000000000e+00 2.286228718421088324e+00
-3.575413000000002484e+01 4.603913453849652893e-01 0.000000000000000000e+00 2.439883778052561514e+00
-3.620499600000002260e+01 4.661969629270041326e-01 0.000000000000000000e+00 2.791389047866580597e+00
-3.668860600000001426e+01 4.724242115984616519e-01 0.000000000000000000e+00 2.432430860699816844e+00
-3.510533200000001131e+01 4.520370382293141809e-01 0.000000000000000000e+00 2.551517287351297902e+00
-3.575097400000002068e+01 4.603507068605197095e-01 0.000000000000000000e+00 2.308282265647559672e+00
-3.539219400000001770e+01 4.557308431721228681e-01 0.000000000000000000e+00 2.594582682694343223e+00
-3.597253800000002144e+01 4.632036960969764250e-01 0.000000000000000000e+00 2.643022883629632780e+00
-3.541012400000002458e+01 4.559617204672145596e-01 0.000000000000000000e+00 2.795232581679171879e+00
-3.545631400000002031e+01 4.565564902530638847e-01 0.000000000000000000e+00 2.697161686483467324e+00
-3.516191400000001011e+01 4.527656215595356470e-01 0.000000000000000000e+00 2.798591125094658238e+00
-3.526059800000000877e+01 4.540363351673893377e-01 0.000000000000000000e+00 2.350873688694902430e+00
-3.541475800000001328e+01 4.560213905946797763e-01 0.000000000000000000e+00 2.789642434825254647e+00
-3.510345200000001142e+01 4.520128302362984574e-01 0.000000000000000000e+00 2.773442309065239808e+00
-3.550450800000001550e+01 4.571770647293406098e-01 0.000000000000000000e+00 2.574481912132021488e+00
-3.538923600000001812e+01 4.556927542128991759e-01 0.000000000000000000e+00 2.498749536784308223e+00
-3.518433200000001904e+01 4.530542889996563849e-01 0.000000000000000000e+00 2.601972776000253784e+00
-3.527734400000002779e+01 4.542519665775180404e-01 0.000000000000000000e+00 2.565519441932439193e+00
-3.493892800000001841e+01 4.498943218092129048e-01 0.000000000000000000e+00 2.376381711000948638e+00
-3.610567400000002181e+01 4.649180340534355138e-01 0.000000000000000000e+00 2.604267819809815254e+00
-3.557629000000002151e+01 4.581013722584128534e-01 0.000000000000000000e+00 2.709296541651736945e+00
-3.571016200000002527e+01 4.598251873866057715e-01 0.000000000000000000e+00 2.580135843999479484e+00
-3.608977400000001978e+01 4.647132962401641088e-01 0.000000000000000000e+00 2.580797737863549823e+00
-3.482292200000000548e+01 4.484005598742215049e-01 0.000000000000000000e+00 2.539990520923217421e+00
-3.496076200000003098e+01 4.501754693195883505e-01 0.000000000000000000e+00 2.165946949124147203e+00
-3.586914400000001990e+01 4.618723337406630547e-01 0.000000000000000000e+00 2.460161136642570856e+00
-3.532952600000001553e+01 4.549238929028089351e-01 0.000000000000000000e+00 2.652694909740969997e+00
-3.562739600000002582e+01 4.587594433706800312e-01 0.000000000000000000e+00 2.942332282147905431e+00
-3.472663000000002853e+01 4.471606470745029815e-01 0.000000000000000000e+00 2.499070780906334832e+00
-3.562478000000000833e+01 4.587257582059302563e-01 0.000000000000000000e+00 2.544906315911781292e+00
-3.558203200000001232e+01 4.581753096498469291e-01 0.000000000000000000e+00 2.616074151826462746e+00
-3.579250600000004567e+01 4.608854974806952942e-01 0.000000000000000000e+00 2.721404796836822459e+00
-3.514686200000002714e+01 4.525718030963056249e-01 0.000000000000000000e+00 2.535475503658539242e+00
-3.580631800000001874e+01 4.610633489698084397e-01 0.000000000000000000e+00 2.516201619179114335e+00
-3.575087600000001942e+01 4.603494449545007527e-01 0.000000000000000000e+00 2.426400291453921554e+00
-3.615491600000000716e+01 4.655521031981592062e-01 0.000000000000000000e+00 2.387220869408060775e+00
-3.552582000000000306e+01 4.574514906586762963e-01 0.000000000000000000e+00 2.457310308019520662e+00
-3.592335800000002877e+01 4.625704253009584876e-01 0.000000000000000000e+00 2.768838262060553390e+00
-3.524701800000001128e+01 4.538614710476267522e-01 0.000000000000000000e+00 2.570508088453339113e+00
-3.544040400000002933e+01 4.563516236738723308e-01 0.000000000000000000e+00 2.386033823746982474e+00
-3.593641400000002761e+01 4.627385420864975618e-01 0.000000000000000000e+00 2.514577722205885379e+00
-3.549149000000002019e+01 4.570094372542987671e-01 0.000000000000000000e+00 2.176412391732984286e+00
-3.596055800000002733e+01 4.630494345244613452e-01 0.000000000000000000e+00 2.846741031928377907e+00
-3.616000200000002707e+01 4.656175935452222525e-01 0.000000000000000000e+00 3.010767878360883998e+00
-3.575222400000001954e+01 4.603668026005567349e-01 0.000000000000000000e+00 2.884279289181968409e+00
-3.540882600000001901e+01 4.559450066507599875e-01 0.000000000000000000e+00 2.441374342315649759e+00
-3.580997600000002024e+01 4.611104515434529261e-01 0.000000000000000000e+00 2.876101894737585596e+00
-3.515587400000003981e+01 4.526878469436769747e-01 0.000000000000000000e+00 2.803282935828466993e+00
-3.577892000000003492e+01 4.607105561013803974e-01 0.000000000000000000e+00 3.041636702749878296e+00
-3.459389400000002013e+01 4.454514597548556720e-01 0.000000000000000000e+00 2.248046095802425093e+00
-3.613947400000001409e+01 4.653532628640374980e-01 0.000000000000000000e+00 3.185804934412220568e+00
-3.528326200000000767e+01 4.543281702491492324e-01 0.000000000000000000e+00 2.359985136350213786e+00
-3.534275800000001055e+01 4.550942759685451811e-01 0.000000000000000000e+00 2.325327254526214471e+00
-3.479606600000001748e+01 4.480547461186734082e-01 0.000000000000000000e+00 2.747713342503125489e+00
-3.478247400000002187e+01 4.478797274798065331e-01 0.000000000000000000e+00 2.591071024862658501e+00
-3.535492400000001822e+01 4.552509325871779700e-01 0.000000000000000000e+00 2.701168381586162237e+00
-3.519779000000001901e+01 4.532275821751913791e-01 0.000000000000000000e+00 2.521383712519293496e+00
-3.606388200000001376e+01 4.643798955193323974e-01 0.000000000000000000e+00 2.846752761467925108e+00
-3.502992800000001949e+01 4.510660916839107637e-01 0.000000000000000000e+00 2.645528802195977747e+00
-3.584274200000002253e+01 4.615323659578963733e-01 0.000000000000000000e+00 2.552725510103926787e+00
-3.543962400000002333e+01 4.563415799320891253e-01 0.000000000000000000e+00 2.945090788781503210e+00
-3.558709599999998829e+01 4.582405167118847600e-01 0.000000000000000000e+00 2.918443359396245107e+00
-3.541382000000002961e+01 4.560093123513561664e-01 0.000000000000000000e+00 2.319809629598031719e+00
-3.588589600000001667e+01 4.620880424103436801e-01 0.000000000000000000e+00 2.615368866346493792e+00
-3.556691400000002545e+01 4.579806413315429259e-01 0.000000000000000000e+00 3.144167653182185163e+00
-3.492202800000001872e+01 4.496767074039118572e-01 0.000000000000000000e+00 2.192203825869659894e+00
-3.582959000000003158e+01 4.613630130195225942e-01 0.000000000000000000e+00 2.837451900201938937e+00
-3.602869800000001987e+01 4.639268455053613960e-01 0.000000000000000000e+00 2.948654598800318549e+00
-3.532351600000001923e+01 4.548465045847108201e-01 0.000000000000000000e+00 2.369191666895882342e+00
-3.576719600000001265e+01 4.605595909364245122e-01 0.000000000000000000e+00 2.813026904535468997e+00
-3.522629800000002120e+01 4.535946680607725878e-01 0.000000000000000000e+00 2.752839642362340022e+00
-3.531124800000002750e+01 4.546885345536911816e-01 0.000000000000000000e+00 2.433864467997718606e+00
-3.658790200000002102e+01 4.711274872747081566e-01 0.000000000000000000e+00 2.709499680304782387e+00
-3.554125599999999707e+01 4.576502537332458598e-01 0.000000000000000000e+00 2.775226108845215922e+00
-3.525330400000001418e+01 4.539424133051251364e-01 0.000000000000000000e+00 2.613451851205546017e+00
-3.581522400000002904e+01 4.611780278984246029e-01 0.000000000000000000e+00 2.642333081379698800e+00
-3.494241600000001569e+01 4.499392353622122531e-01 0.000000000000000000e+00 2.521972293951419530e+00
-3.544768600000001157e+01 4.564453910170319650e-01 0.000000000000000000e+00 2.850836713506185394e+00
-3.644325800000002147e+01 4.692649654971718931e-01 0.000000000000000000e+00 3.017908136882669901e+00
-3.460811400000002180e+01 4.456345648935172710e-01 0.000000000000000000e+00 2.663315085348036959e+00
-3.631015200000002352e+01 4.675510138384736947e-01 0.000000000000000000e+00 2.715258421932385424e+00
-3.549087000000001524e+01 4.570014537672403288e-01 0.000000000000000000e+00 2.295746768735963173e+00
-3.568558000000002295e+01 4.595086550013329774e-01 0.000000000000000000e+00 2.596341788989370514e+00
-3.537728200000000101e+01 4.555388274317765940e-01 0.000000000000000000e+00 2.651439612334126839e+00
-3.571067800000000148e+01 4.598318317080927753e-01 0.000000000000000000e+00 3.078372240720800512e+00
-3.506066800000001393e+01 4.514619181229020395e-01 0.000000000000000000e+00 2.598342542517938281e+00
-3.571865000000002510e+01 4.599344838997534435e-01 0.000000000000000000e+00 2.457059760232448209e+00
-3.574468200000001161e+01 4.602696873434690139e-01 0.000000000000000000e+00 2.678410470439058333e+00
-3.520348600000002648e+01 4.533009272433923820e-01 0.000000000000000000e+00 2.052262182485611319e+00
-3.536682599999998899e+01 4.554041897855144461e-01 0.000000000000000000e+00 2.376764509296304784e+00
-3.541259600000002195e+01 4.559935514027118053e-01 0.000000000000000000e+00 2.835494729459379304e+00
-3.568939800000002549e+01 4.595578178297022309e-01 0.000000000000000000e+00 2.515628426496643311e+00
-3.633910000000001617e+01 4.679237654245478328e-01 0.000000000000000000e+00 2.805815928215944499e+00
-3.560151000000001176e+01 4.584261199094004091e-01 0.000000000000000000e+00 2.816500411284840855e+00
-3.512811400000001782e+01 4.523303927489336629e-01 0.000000000000000000e+00 2.594769373415710678e+00
-3.573798399999999731e+01 4.601834399300542833e-01 0.000000000000000000e+00 2.421248247266878373e+00
-3.537105200000001304e+01 4.554586062634320420e-01 0.000000000000000000e+00 2.565188687744691887e+00
-3.585832000000004172e+01 4.617329575085344362e-01 0.000000000000000000e+00 2.875170128159129757e+00
-3.576641600000002086e+01 4.605495471946415287e-01 0.000000000000000000e+00 3.013077660805383751e+00
-3.549003200000000646e+01 4.569906631831193722e-01 0.000000000000000000e+00 2.400663113984226715e+00
-3.555416400000000721e+01 4.578164647831646783e-01 0.000000000000000000e+00 2.879043646892334163e+00
-3.557177400000002621e+01 4.580432215688070019e-01 0.000000000000000000e+00 2.667988323487692437e+00
-3.568714200000002990e+01 4.595287682380833627e-01 0.000000000000000000e+00 2.720792417444638733e+00
-3.577785399999999782e+01 4.606968296542763297e-01 0.000000000000000000e+00 2.580370620135132409e+00
-3.587876400000001809e+01 4.619962065559882758e-01 0.000000000000000000e+00 2.548794719296779920e+00
-3.546766200000002556e+01 4.567026138194164031e-01 0.000000000000000000e+00 2.697985434243465264e+00
-3.512399600000000532e+01 4.522773669429554499e-01 0.000000000000000000e+00 2.123671338204457193e+00
-3.585724400000000855e+01 4.617191022955101087e-01 0.000000000000000000e+00 2.541222797220886953e+00
-3.569436600000001647e+01 4.596217887389053569e-01 0.000000000000000000e+00 2.901283861272593523e+00
-3.592442000000002622e+01 4.625841002416939407e-01 0.000000000000000000e+00 2.621332258700725948e+00
-3.529285400000001971e+01 4.544516825198977594e-01 0.000000000000000000e+00 2.478425486474031381e+00
-3.511340800000002105e+01 4.521410295865457285e-01 0.000000000000000000e+00 2.428642225884556805e+00
-3.562041600000001296e+01 4.586695647583129420e-01 0.000000000000000000e+00 2.749432355031294239e+00
-3.500148600000000698e+01 4.506998556534034250e-01 0.000000000000000000e+00 2.274554841163119789e+00
-3.530309200000002789e+01 4.545835130690973891e-01 0.000000000000000000e+00 2.479104120348984974e+00
-3.581608600000003406e+01 4.611891275207542495e-01 0.000000000000000000e+00 3.156470969487310096e+00
-3.627193800000002000e+01 4.670589477506527643e-01 0.000000000000000000e+00 2.417017220584499970e+00
-3.502435400000003796e+01 4.509943175599377407e-01 0.000000000000000000e+00 3.108877480729315579e+00
-3.555198800000000148e+01 4.577884453189081104e-01 0.000000000000000000e+00 2.133159516275036527e+00
-3.478393600000002550e+01 4.478985530573539320e-01 0.000000000000000000e+00 2.302660516806723567e+00
-3.550883600000003071e+01 4.572327946196451665e-01 0.000000000000000000e+00 2.914065975817668797e+00
-3.588994000000000995e+01 4.621401153485115154e-01 0.000000000000000000e+00 2.472802696978029680e+00
-3.544356800000001328e+01 4.563923652110539186e-01 0.000000000000000000e+00 2.854769618431439948e+00
-3.567723600000002193e+01 4.594012127174376126e-01 0.000000000000000000e+00 2.288902783657344564e+00
-3.615437600000002050e+01 4.655451498384634013e-01 0.000000000000000000e+00 2.842796204590178899e+00
-3.546271800000000951e+01 4.566389519484216342e-01 0.000000000000000000e+00 2.237184307908384184e+00
-3.526510200000002015e+01 4.540943313378910107e-01 0.000000000000000000e+00 2.417005760368089451e+00
-3.563390200000002750e+01 4.588432184784249634e-01 0.000000000000000000e+00 2.678085106257752201e+00
-3.588292800000003524e+01 4.620498246851999502e-01 0.000000000000000000e+00 2.797555999604877996e+00
-3.567762400000002287e+01 4.594062088351451023e-01 0.000000000000000000e+00 2.977189477014259733e+00
-3.583809000000001532e+01 4.614724640517743337e-01 0.000000000000000000e+00 2.234549022428544252e+00
-3.556449000000002059e+01 4.579494284724630049e-01 0.000000000000000000e+00 2.331473474765551224e+00
-3.574244600000002947e+01 4.602408952836909983e-01 0.000000000000000000e+00 2.510736672426375105e+00
-3.498750400000001548e+01 4.505198151436449749e-01 0.000000000000000000e+00 2.088216080575896250e+00
-3.630607800000001362e+01 4.674985546025448024e-01 0.000000000000000000e+00 2.828357590852566883e+00
-3.576957800000001697e+01 4.605902629786391977e-01 0.000000000000000000e+00 2.265414451950695796e+00
-3.498610600000002790e+01 4.505018136679876939e-01 0.000000000000000000e+00 2.172397781618227164e+00
-3.598652600000001200e+01 4.633838138662870199e-01 0.000000000000000000e+00 2.605536234097686865e+00
-3.621116200000002294e+01 4.662763599934589553e-01 0.000000000000000000e+00 2.839421249564919592e+00
-3.544271999999999423e+01 4.563814458610125357e-01 0.000000000000000000e+00 2.712188390628981871e+00
-3.529487400000000719e+01 4.544776932357975086e-01 0.000000000000000000e+00 2.756746774938777733e+00
-3.574604800000002314e+01 4.602872767681817079e-01 0.000000000000000000e+00 2.951886378643359343e+00
-3.545759600000000944e+01 4.565729980440457747e-01 0.000000000000000000e+00 2.711909776437887665e+00
-3.626086000000002230e+01 4.669163008641483148e-01 0.000000000000000000e+00 3.160786574013601857e+00
-3.537323400000001783e+01 4.554867029872407547e-01 0.000000000000000000e+00 2.515072609840860007e+00
-3.547890200000000505e+01 4.568473467138293720e-01 0.000000000000000000e+00 2.703330533869192642e+00
-3.520364400000001126e+01 4.533029617449328419e-01 0.000000000000000000e+00 2.665906901172885313e+00
-3.584585200000001493e+01 4.615724121591084916e-01 0.000000000000000000e+00 2.808232070775007916e+00
-3.604491200000003204e+01 4.641356265685302462e-01 0.000000000000000000e+00 3.028369431024496627e+00
-3.594816800000000256e+01 4.628898935492136713e-01 0.000000000000000000e+00 2.942377232023675848e+00
-3.523346600000001416e+01 4.536869674724410273e-01 0.000000000000000000e+00 2.517714658145839834e+00
-3.563964400000001120e+01 4.589171558698589837e-01 0.000000000000000000e+00 2.643794074420970031e+00
-3.561640000000002004e+01 4.586178523647219674e-01 0.000000000000000000e+00 3.036714267331410255e+00
-3.556586400000000481e+01 4.579671209099115403e-01 0.000000000000000000e+00 2.995555652930190327e+00
-3.457770400000000421e+01 4.452429877298954564e-01 0.000000000000000000e+00 2.230852199348350773e+00
-3.592469600000003283e+01 4.625876541810942100e-01 0.000000000000000000e+00 2.435034023362575351e+00
-3.546748199999999684e+01 4.567002960328506722e-01 0.000000000000000000e+00 2.903836158398789724e+00
-3.485167600000002608e+01 4.487708134014422034e-01 0.000000000000000000e+00 2.520756255175029548e+00
-3.557642800000000705e+01 4.581031492281127382e-01 0.000000000000000000e+00 2.664628894360831168e+00
-3.526998600000002426e+01 4.541572206133638323e-01 0.000000000000000000e+00 2.953277463491650323e+00
-3.463059400000003052e+01 4.459240306823438194e-01 0.000000000000000000e+00 2.371328294941018822e+00
-3.422786400000001095e+01 4.407382407742438390e-01 0.000000000000000000e+00 2.489587671086166853e+00
-3.557063000000001551e+01 4.580284907475249412e-01 0.000000000000000000e+00 2.327027444004800660e+00
-3.597501400000000871e+01 4.632355785388416747e-01 0.000000000000000000e+00 2.786695003662650993e+00
-3.538090600000001018e+01 4.555854922012921304e-01 0.000000000000000000e+00 2.586565705848336894e+00
-3.521124600000003824e+01 4.534008495975425657e-01 0.000000000000000000e+00 2.451484398284913713e+00
-3.531015600000002763e+01 4.546744733151948381e-01 0.000000000000000000e+00 2.612848759353775474e+00
-3.539600600000001407e+01 4.557799287409398659e-01 0.000000000000000000e+00 3.169654466648286206e+00
-3.560843600000001885e+01 4.585153031857978623e-01 0.000000000000000000e+00 2.725980963180080430e+00
-3.540998600000003194e+01 4.559599434975145638e-01 0.000000000000000000e+00 2.537504584302770372e+00
-3.499054000000000997e+01 4.505589084770469377e-01 0.000000000000000000e+00 2.221395793621476766e+00
-3.573607800000001333e+01 4.601588971456459509e-01 0.000000000000000000e+00 2.681034851444983769e+00
-3.586168200000002315e+01 4.617762486109379116e-01 0.000000000000000000e+00 2.689783399201917558e+00
-3.694141200000001390e+01 4.756794913231086053e-01 0.000000000000000000e+00 2.710754994956723785e+00
-3.683135200000003096e+01 4.742622936043258686e-01 0.000000000000000000e+00 2.244707266171702909e+00
-3.717730200000001872e+01 4.787169506169821065e-01 0.000000000000000000e+00 2.350799011639929770e+00
-3.662337000000000131e+01 4.715841942408154353e-01 0.000000000000000000e+00 2.261303308008034474e+00
-3.505461800000001915e+01 4.513840147411227743e-01 0.000000000000000000e+00 2.481839546835851174e+00
-3.639743000000000706e+01 4.686748570376370604e-01 0.000000000000000000e+00 2.264490580816370446e+00
-3.639866000000002089e+01 4.686906952458336773e-01 0.000000000000000000e+00 2.813627318403893796e+00
-3.740722800000001769e+01 4.816776139159907322e-01 0.000000000000000000e+00 2.533166637820270850e+00
-3.692119600000001611e+01 4.754191781386372662e-01 0.000000000000000000e+00 2.131393569916834263e+00
-3.745933000000003688e+01 4.823485101139196596e-01 0.000000000000000000e+00 2.810668291554788922e+00
-3.726550800000001118e+01 4.798527432935490444e-01 0.000000000000000000e+00 2.459174637744390157e+00
-3.693126400000004850e+01 4.755488196671922019e-01 0.000000000000000000e+00 2.500920454452518094e+00
-3.656498400000000970e+01 4.708323815385725419e-01 0.000000000000000000e+00 2.331871409587699340e+00
-3.684483799999999576e+01 4.744359473244372238e-01 0.000000000000000000e+00 2.042954632501809975e+00
-3.671980000000001354e+01 4.728258840102344540e-01 0.000000000000000000e+00 2.598055098131926588e+00
-3.676983400000002433e+01 4.734701514158459745e-01 0.000000000000000000e+00 2.842275007138834297e+00
-3.599475000000001756e+01 4.634897109591388786e-01 0.000000000000000000e+00 3.007093150881895660e+00
-3.661475600000003539e+01 4.714732752770725011e-01 0.000000000000000000e+00 2.684402682023799169e+00
-3.595260200000002015e+01 4.629469883582733591e-01 0.000000000000000000e+00 3.478093111653178582e+00
-3.661914600000002906e+01 4.715298035160825352e-01 0.000000000000000000e+00 2.799833997799934693e+00
-3.611304400000003056e+01 4.650129345366941225e-01 0.000000000000000000e+00 2.091444857891309184e+00
-3.697930800000003160e+01 4.761674626546643085e-01 0.000000000000000000e+00 3.093845700241860897e+00
-3.606013000000002222e+01 4.643315825460372914e-01 0.000000000000000000e+00 2.293801660844486889e+00
-3.771165000000002010e+01 4.855975318148400000e-01 0.000000000000000000e+00 2.664925692655188527e+00
-3.696166399999999896e+01 4.759402680648928130e-01 0.000000000000000000e+00 2.576618820110078811e+00
-3.777646000000002147e+01 4.864320637442814399e-01 0.000000000000000000e+00 2.691647675775016957e+00
-3.607564800000002947e+01 4.645314015011534625e-01 0.000000000000000000e+00 2.527716489124106403e+00
-3.711931800000002823e+01 4.779703143047351888e-01 0.000000000000000000e+00 2.415881307054164040e+00
-3.712058000000001101e+01 4.779865645638763927e-01 0.000000000000000000e+00 2.625484821029165250e+00
-3.642859800000002224e+01 4.690761946580172537e-01 0.000000000000000000e+00 2.585495960549187178e+00
-3.694895600000000968e+01 4.757766323333801894e-01 0.000000000000000000e+00 2.823619388618412884e+00
-3.727981000000001899e+01 4.800369043127571955e-01 0.000000000000000000e+00 2.343234788630124132e+00
-3.738765800000000894e+01 4.814256190099704402e-01 0.000000000000000000e+00 2.203859906507469546e+00
-3.682351600000000502e+01 4.741613926291812220e-01 0.000000000000000000e+00 2.714542766964780807e+00
-3.699717800000001233e+01 4.763975673542338862e-01 0.000000000000000000e+00 2.502243234209550860e+00
-3.698838200000002985e+01 4.762843048507413024e-01 0.000000000000000000e+00 2.528922528274869741e+00
-3.701220600000001326e+01 4.765910767792554403e-01 0.000000000000000000e+00 2.806603716339322929e+00
-3.754051600000001088e+01 4.833939091144382472e-01 0.000000000000000000e+00 2.671867930365790400e+00
-3.734212600000000748e+01 4.808393220216765074e-01 0.000000000000000000e+00 2.586336096130093409e+00
-3.584953800000001678e+01 4.616198752773297831e-01 0.000000000000000000e+00 2.544451763727376026e+00
-3.732398400000001715e+01 4.806057148890747754e-01 0.000000000000000000e+00 2.739203148182722813e+00
-3.713082000000002125e+01 4.781184208662601076e-01 0.000000000000000000e+00 2.886315908845836553e+00
-3.770532800000003704e+01 4.855161260000287471e-01 0.000000000000000000e+00 2.393011353207881609e+00
-3.689932400000001422e+01 4.751375413177648110e-01 0.000000000000000000e+00 2.609389987505303488e+00
-3.703681000000000978e+01 4.769078924495528393e-01 0.000000000000000000e+00 2.910512528765511586e+00
-3.573474000000000217e+01 4.601416682655101731e-01 0.000000000000000000e+00 2.418355238712059041e+00
-3.664347200000002402e+01 4.718430394937956907e-01 0.000000000000000000e+00 2.622541384603025882e+00
-3.736103000000002794e+01 4.810827411174052326e-01 0.000000000000000000e+00 2.838493079705383337e+00
-3.752519800000000316e+01 4.831966654777279935e-01 0.000000000000000000e+00 2.433168244046091555e+00
-3.648145600000001565e+01 4.697568255595202524e-01 0.000000000000000000e+00 2.841849046464806516e+00
-3.686865400000003490e+01 4.747426162402157979e-01 0.000000000000000000e+00 2.852797539450521391e+00
-3.643198400000001413e+01 4.691197947986295302e-01 0.000000000000000000e+00 1.889600875644474431e+00
-3.693102600000002411e+01 4.755457550382888310e-01 0.000000000000000000e+00 2.725881113284585933e+00
-3.659652200000003575e+01 4.712384834980039017e-01 0.000000000000000000e+00 2.010745200599353133e+00
-3.618366800000001149e+01 4.659223309721957085e-01 0.000000000000000000e+00 2.594875620338335409e+00
-3.703641200000001987e+01 4.769027675659251453e-01 0.000000000000000000e+00 2.113704726628035324e+00
-3.758596200000001630e+01 4.839790987158176239e-01 0.000000000000000000e+00 3.466714399519283063e+00
-3.733381800000002215e+01 4.807323432950943998e-01 0.000000000000000000e+00 2.359496326512131148e+00
-3.561004000000001923e+01 4.585359572394133720e-01 0.000000000000000000e+00 2.893736132623796919e+00
-3.708753000000005073e+01 4.775609931972970568e-01 0.000000000000000000e+00 2.590355214107232129e+00
-3.640960000000001884e+01 4.688315651626380198e-01 0.000000000000000000e+00 1.988625934527342931e+00
-3.687456400000000656e+01 4.748187168991106488e-01 0.000000000000000000e+00 2.283576586003949860e+00
-3.748534399999999778e+01 4.826834817789783516e-01 0.000000000000000000e+00 2.805454981171107143e+00
-3.679489399999998511e+01 4.737928388121083745e-01 0.000000000000000000e+00 2.322450342612954799e+00
-3.720849000000000473e+01 4.791185457692025418e-01 0.000000000000000000e+00 3.059581145212758369e+00
-3.751356400000000235e+01 4.830468592060550570e-01 0.000000000000000000e+00 2.792603894905688833e+00
-3.679674600000001305e+01 4.738166862605476815e-01 0.000000000000000000e+00 3.394094200802804995e+00
-3.746449400000000907e+01 4.824150048351603659e-01 0.000000000000000000e+00 2.807270428035969267e+00
-3.615207000000000193e+01 4.655154564172427900e-01 0.000000000000000000e+00 2.110663075740164096e+00
-3.661325200000000990e+01 4.714539088826595892e-01 0.000000000000000000e+00 2.833256392270101731e+00
-3.644797800000003463e+01 4.693257430115519990e-01 0.000000000000000000e+00 2.684880678633784434e+00
-3.734874600000000555e+01 4.809245650609127454e-01 0.000000000000000000e+00 2.559641078193533481e+00
-3.662301000000001494e+01 4.715795586676849172e-01 0.000000000000000000e+00 2.857148725406311041e+00
-3.704871600000002019e+01 4.770612011542579300e-01 0.000000000000000000e+00 2.781405008762966702e+00
-3.692179600000002182e+01 4.754269040938551294e-01 0.000000000000000000e+00 2.631464589471118387e+00
-3.673710800000003474e+01 4.730487520650838440e-01 0.000000000000000000e+00 3.047627010227909494e+00
-3.688326400000001115e+01 4.749307432497686388e-01 0.000000000000000000e+00 2.088190874897225768e+00
-3.613586200000002435e+01 4.653067526136265286e-01 0.000000000000000000e+00 2.318569028507789564e+00
-3.673488199999999892e+01 4.730200887712254221e-01 0.000000000000000000e+00 2.199050111940207941e+00
-3.632123800000002234e+01 4.676937637377143742e-01 0.000000000000000000e+00 2.668534225086986567e+00
-3.671063000000003029e+01 4.727078056613228108e-01 0.000000000000000000e+00 2.097314728264201289e+00
-3.741049600000002329e+01 4.817196946187436990e-01 0.000000000000000000e+00 2.654233241481587680e+00
-3.668833800000003009e+01 4.724207606717978902e-01 0.000000000000000000e+00 2.473888733637833237e+00
-3.728075200000001388e+01 4.800490340624490315e-01 0.000000000000000000e+00 2.584691380380671255e+00
-3.709841000000003675e+01 4.777010905185793965e-01 0.000000000000000000e+00 2.634718461393566358e+00
-3.708885800000002320e+01 4.775780933115120752e-01 0.000000000000000000e+00 2.533423944359598057e+00
-3.760735800000002627e+01 4.842546062788841144e-01 0.000000000000000000e+00 2.844138630114413591e+00
-3.709349999999999881e+01 4.776378664517133554e-01 0.000000000000000000e+00 2.571023697229795957e+00
-3.762528200000001988e+01 4.844854063144234391e-01 0.000000000000000000e+00 2.705065650854023840e+00
-3.670581600000001288e+01 4.726458177472918631e-01 0.000000000000000000e+00 2.737197782763173937e+00
-3.697863000000002387e+01 4.761587323252681192e-01 0.000000000000000000e+00 2.565901580322009767e+00
-3.618476400000000837e+01 4.659364437170601114e-01 0.000000000000000000e+00 2.417171158858255620e+00
-3.680019600000002811e+01 4.738611105030501314e-01 0.000000000000000000e+00 2.548918118918992448e+00
-3.730839400000002115e+01 4.804049688193326451e-01 0.000000000000000000e+00 2.439520862122583456e+00
-3.713441800000001791e+01 4.781647508443827022e-01 0.000000000000000000e+00 2.144806966161982853e+00
-3.667007600000002299e+01 4.721856083481523747e-01 0.000000000000000000e+00 2.160807711548361709e+00
-3.735230999999999568e+01 4.809704572349062790e-01 0.000000000000000000e+00 3.017785775928095937e+00
-3.579391800000001211e+01 4.609036792286407280e-01 0.000000000000000000e+00 1.827900180528400087e+00
-3.680245200000002370e+01 4.738901600946689441e-01 0.000000000000000000e+00 2.078194829361250218e+00
-3.683991600000000233e+01 4.743725687384673928e-01 0.000000000000000000e+00 2.442152350690643736e+00
-3.684571000000002527e+01 4.744471757126874634e-01 0.000000000000000000e+00 2.461551672802907209e+00
-3.661122600000000205e+01 4.714278209072074177e-01 0.000000000000000000e+00 2.347820937824017573e+00
-3.657815600000002121e+01 4.710019920087872292e-01 0.000000000000000000e+00 2.203699041777554601e+00
-3.675726200000002564e+01 4.733082669008492616e-01 0.000000000000000000e+00 3.037382651140699608e+00
-3.778308800000001355e+01 4.865174097962537969e-01 0.000000000000000000e+00 2.992946085340250750e+00
-3.741788400000002213e+01 4.818148268806586865e-01 0.000000000000000000e+00 2.581660789504431897e+00
-3.701636000000001303e+01 4.766445661425465774e-01 0.000000000000000000e+00 2.566686115077831953e+00
-3.788128600000000290e+01 4.877818653803809856e-01 0.000000000000000000e+00 2.744265081028714359e+00
-3.668986600000001630e+01 4.724404361044190481e-01 0.000000000000000000e+00 2.536352041979291982e+00
-3.778857800000002953e+01 4.865881022864967931e-01 0.000000000000000000e+00 3.033044752692307888e+00
-3.700651799999999270e+01 4.765178347237905010e-01 0.000000000000000000e+00 2.703364563148834332e+00
-3.754441600000001955e+01 4.834441278233539974e-01 0.000000000000000000e+00 2.535763075983084036e+00
-3.680152600000002394e+01 4.738782363704495126e-01 0.000000000000000000e+00 2.631892620334981281e+00
-3.660798400000002317e+01 4.713860749958475593e-01 0.000000000000000000e+00 2.491645580643321534e+00
-3.696812600000002647e+01 4.760234766025887576e-01 0.000000000000000000e+00 2.583977954319285342e+00
-3.767011800000003063e+01 4.850627411946648038e-01 0.000000000000000000e+00 2.724391785571393942e+00
-3.698243000000001501e+01 4.762076633749806609e-01 0.000000000000000000e+00 2.224795004402913445e+00
-3.671514600000003270e+01 4.727659563509287177e-01 0.000000000000000000e+00 1.946713723975652455e+00
-3.722162600000003607e+01 4.792876926821044159e-01 0.000000000000000000e+00 2.304918727751456675e+00
-3.723621000000003534e+01 4.794754849002647590e-01 0.000000000000000000e+00 2.866229825542306653e+00
-3.753132000000001511e+01 4.832754959741336620e-01 0.000000000000000000e+00 2.495524835712232825e+00
-3.737446800000002867e+01 4.812557767610996518e-01 0.000000000000000000e+00 3.037135697100480591e+00
-3.747037800000000374e+01 4.824907707026627746e-01 0.000000000000000000e+00 2.459664160026155511e+00
-3.683463000000003262e+01 4.743045030729990952e-01 0.000000000000000000e+00 2.511304029299470830e+00
-3.700546000000002778e+01 4.765042112894236070e-01 0.000000000000000000e+00 2.457146205736165712e+00
-3.697474400000000827e+01 4.761086938886407438e-01 0.000000000000000000e+00 2.115692128713199338e+00
-3.648753000000002800e+01 4.698350379795084852e-01 0.000000000000000000e+00 1.777693585162323009e+00
-3.746762000000003923e+01 4.824552570618454439e-01 0.000000000000000000e+00 3.047258057448838819e+00
-3.679747000000000412e+01 4.738260089131769992e-01 0.000000000000000000e+00 2.586462722571606143e+00
-3.729245200000001859e+01 4.801996901891959491e-01 0.000000000000000000e+00 2.721010740922972015e+00
-3.677134800000002457e+01 4.734896465761788131e-01 0.000000000000000000e+00 2.719664733960323488e+00
-3.787335800000001740e+01 4.876797797587700822e-01 0.000000000000000000e+00 2.626600209172351708e+00
-3.648741000000001833e+01 4.698334927884648127e-01 0.000000000000000000e+00 2.159034911105825127e+00
-3.674320200000002501e+01 4.731272220169123743e-01 0.000000000000000000e+00 2.935973753012754539e+00
-3.671762800000002613e+01 4.727979160523462232e-01 0.000000000000000000e+00 2.227664025321845820e+00
-3.716545600000000604e+01 4.785644145077987410e-01 0.000000000000000000e+00 2.866896000774454834e+00
-3.667280400000001350e+01 4.722207356912091480e-01 0.000000000000000000e+00 2.572687008876206605e+00
-3.638651800000002368e+01 4.685343476654097450e-01 0.000000000000000000e+00 2.387993340615556015e+00
-3.672641200000002470e+01 4.729110240367346285e-01 0.000000000000000000e+00 2.338294851290511733e+00
-3.695477400000002177e+01 4.758515483458088391e-01 0.000000000000000000e+00 2.540879318192857728e+00
-3.675119000000001535e+01 4.732300802340451140e-01 0.000000000000000000e+00 2.611899488587730467e+00
-3.752220600000002548e+01 4.831581387143755735e-01 0.000000000000000000e+00 2.797699446165500259e+00
-3.660297800000000734e+01 4.713216147761469244e-01 0.000000000000000000e+00 2.571628860052427079e+00
-3.678185600000003319e+01 4.736249538052264563e-01 0.000000000000000000e+00 2.800201062850287137e+00
-3.687649200000002736e+01 4.748435429685440856e-01 0.000000000000000000e+00 2.452639624406341312e+00
-3.737372000000001293e+01 4.812461450702612553e-01 0.000000000000000000e+00 2.806363605533795713e+00
-3.686165599999999642e+01 4.746525058491918303e-01 0.000000000000000000e+00 2.731603398247478331e+00
-3.737201600000002344e+01 4.812242033574428701e-01 0.000000000000000000e+00 2.639644909419110341e+00
-3.686473800000000978e+01 4.746921915058273655e-01 0.000000000000000000e+00 2.931999759352726276e+00
-3.695183400000001939e+01 4.758136911652416368e-01 0.000000000000000000e+00 2.295300446178291320e+00
-3.736405000000002019e+01 4.811216284253346798e-01 0.000000000000000000e+00 2.475275070583166759e+00
-3.701295400000001479e+01 4.766007084700936147e-01 0.000000000000000000e+00 2.726895586871820321e+00
-3.719963600000000525e+01 4.790045364233720959e-01 0.000000000000000000e+00 2.523442238853967456e+00
-3.650014600000000797e+01 4.699974890645542969e-01 0.000000000000000000e+00 2.804573647837663053e+00
-3.694779600000003228e+01 4.757616954866261127e-01 0.000000000000000000e+00 2.243899604963544903e+00
-3.709805800000003018e+01 4.776965579581848864e-01 0.000000000000000000e+00 2.366430412329930011e+00
-3.695714200000001881e+01 4.758820401157350388e-01 0.000000000000000000e+00 2.438349898126380033e+00
-3.697171600000001490e+01 4.760697035679750111e-01 0.000000000000000000e+00 2.864073898612099267e+00
-3.742677600000001092e+01 4.819293255369861972e-01 0.000000000000000000e+00 2.048932981098782413e+00
-3.782908800000002003e+01 4.871097330296176864e-01 0.000000000000000000e+00 3.188528790260359624e+00
-3.716681000000003365e+01 4.785818494134072565e-01 0.000000000000000000e+00 2.456971209506418674e+00
-3.620331000000000898e+01 4.661752529928419597e-01 0.000000000000000000e+00 2.048714262160488797e+00
-3.733417000000002162e+01 4.807368758554887989e-01 0.000000000000000000e+00 2.462328129242852270e+00
-3.643948800000000432e+01 4.692164207452199087e-01 0.000000000000000000e+00 2.115249609325938529e+00
-3.774606200000002332e+01 4.860406410997642479e-01 0.000000000000000000e+00 3.146151097939618335e+00
-3.728636200000003242e+01 4.801212717437355892e-01 0.000000000000000000e+00 2.298758695284799369e+00
-3.691202600000001866e+01 4.753010997897254564e-01 0.000000000000000000e+00 2.865993405457390342e+00
-3.669693400000000594e+01 4.725314478568844456e-01 0.000000000000000000e+00 2.000142474330316666e+00
-3.723996200000002688e+01 4.795237978735599205e-01 0.000000000000000000e+00 2.758773127066127540e+00
-3.726278400000001056e+01 4.798176674568602751e-01 0.000000000000000000e+00 2.761346314175771699e+00
-3.636617600000001715e+01 4.682724120303425885e-01 0.000000000000000000e+00 2.275080912186188353e+00
-3.758544600000003300e+01 4.839724543943305646e-01 0.000000000000000000e+00 2.402050813826813958e+00
-3.707803600000003286e+01 4.774387428325673199e-01 0.000000000000000000e+00 2.800993959492799057e+00
-3.696580200000003202e+01 4.759935514027119341e-01 0.000000000000000000e+00 2.566869375622980343e+00
-3.647846600000003292e+01 4.697183245493518622e-01 0.000000000000000000e+00 2.134383999806572341e+00
-3.700663800000000947e+01 4.765193799148342846e-01 0.000000000000000000e+00 2.431079226061935383e+00
-3.720068000000002684e+01 4.790179795854512812e-01 0.000000000000000000e+00 2.467936742554907248e+00
-3.684326800000002322e+01 4.744157310749510525e-01 0.000000000000000000e+00 2.628863893909882510e+00
-3.710002400000001899e+01 4.777218733381150551e-01 0.000000000000000000e+00 2.682315072564945613e+00
-3.724836800000001347e+01 4.796320385061609293e-01 0.000000000000000000e+00 2.692953121711058273e+00
-3.726610800000002399e+01 4.798604692487670187e-01 0.000000000000000000e+00 2.511570935968163720e+00
-3.726985600000001142e+01 4.799087307156939541e-01 0.000000000000000000e+00 2.790221641184321921e+00
-3.721731200000002815e+01 4.792321430640884006e-01 0.000000000000000000e+00 2.617254822425801208e+00
-3.715967400000001675e+01 4.784899620526834596e-01 0.000000000000000000e+00 2.576194935791148666e+00
-3.725363200000001740e+01 4.796998208866050661e-01 0.000000000000000000e+00 2.681296499637005226e+00
-3.737007199999999330e+01 4.811991712625368622e-01 0.000000000000000000e+00 2.980932350794992747e+00
-3.733460000000004442e+01 4.807424127900618571e-01 0.000000000000000000e+00 2.709180369474028627e+00
-3.784501199999999699e+01 4.873147798810974485e-01 0.000000000000000000e+00 2.973735699547563005e+00
-3.633457800000000759e+01 4.678655374753896701e-01 0.000000000000000000e+00 2.318185095911250215e+00
-3.729492600000002511e+01 4.802315468778773910e-01 0.000000000000000000e+00 2.698515934923183757e+00
-3.710303400000002227e+01 4.777606318801242979e-01 0.000000000000000000e+00 2.504550786723392708e+00
-3.695215000000002448e+01 4.758177601683231117e-01 0.000000000000000000e+00 2.823502506380215049e+00
-3.653498800000000557e+01 4.704461352840512145e-01 0.000000000000000000e+00 2.837162206664478159e+00
-3.647879800000003314e+01 4.697225995779056862e-01 0.000000000000000000e+00 2.125915598255267103e+00
-3.693702000000002528e+01 4.756229373309145414e-01 0.000000000000000000e+00 2.680543778543239775e+00
-3.680749200000001053e+01 4.739550581184981959e-01 0.000000000000000000e+00 2.190810086033626369e+00
-3.696023400000001402e+01 4.759218545382906118e-01 0.000000000000000000e+00 2.769039500475924509e+00
-3.674904000000002213e+01 4.732023955611814325e-01 0.000000000000000000e+00 2.149779370309916171e+00
-3.726713200000004633e+01 4.798736548790056844e-01 0.000000000000000000e+00 2.782131135428959734e+00
-3.717573199999998934e+01 4.786967343674951580e-01 0.000000000000000000e+00 2.800560608917111338e+00
-3.730904399999999299e+01 4.804133386041515297e-01 0.000000000000000000e+00 2.533025087798812081e+00
-3.746438800000001379e+01 4.824136399164052902e-01 0.000000000000000000e+00 2.632003810491239104e+00
-3.778924600000001988e+01 4.865967038499724451e-01 0.000000000000000000e+00 3.031459121668552026e+00
-3.682802800000001753e+01 4.742194918124191250e-01 0.000000000000000000e+00 2.435174577861436873e+00
-3.666384200000000959e+01 4.721053356734394302e-01 0.000000000000000000e+00 2.832090822074886383e+00
-3.719849600000002710e+01 4.789898571084585388e-01 0.000000000000000000e+00 2.548082419576245705e+00
-3.735396600000002110e+01 4.809917808713077281e-01 0.000000000000000000e+00 2.966723939393366649e+00
-3.729465800000003384e+01 4.802280959512135738e-01 0.000000000000000000e+00 2.480010014690596787e+00
-3.640236400000001282e+01 4.687383901427114030e-01 0.000000000000000000e+00 2.846934338544504950e+00
-3.727438600000001401e+01 4.799670616775882914e-01 0.000000000000000000e+00 2.351025797736001621e+00
-3.685184000000000992e+01 4.745261092218290289e-01 0.000000000000000000e+00 2.661873870153516730e+00
-3.673383000000000465e+01 4.730065425964102843e-01 0.000000000000000000e+00 1.904384490796928953e+00
-3.676908400000001365e+01 4.734604939718236039e-01 0.000000000000000000e+00 2.737430175511700536e+00
-3.700587400000002702e+01 4.765095421985238722e-01 0.000000000000000000e+00 2.419322860211806425e+00
-3.664134400000000369e+01 4.718156381059563365e-01 0.000000000000000000e+00 2.504486111458573916e+00
-3.782552600000001775e+01 4.870638666088080160e-01 0.000000000000000000e+00 2.569646088064080125e+00
-3.688160400000001715e+01 4.749093681069995188e-01 0.000000000000000000e+00 2.531502287795757145e+00
-3.751540200000002301e+01 4.830705263822058226e-01 0.000000000000000000e+00 2.658389262068824532e+00
-3.752703800000001166e+01 4.832203584070626778e-01 0.000000000000000000e+00 2.440605504219861110e+00
-3.672814800000001156e+01 4.729333778004979338e-01 0.000000000000000000e+00 2.241347620980906008e+00
-3.784217000000001718e+01 4.872781846065494804e-01 0.000000000000000000e+00 2.490285415531336088e+00
-3.695844000000003149e+01 4.758987539321896665e-01 0.000000000000000000e+00 2.673957475467038769e+00
-3.781463800000001640e+01 4.869236662747892241e-01 0.000000000000000000e+00 2.940102404276478065e+00
-3.728312199999999876e+01 4.800795515855590945e-01 0.000000000000000000e+00 2.314474611131372761e+00
-3.691310800000001535e+01 4.753150322623014845e-01 0.000000000000000000e+00 2.152859873631097987e+00
-3.697471800000000286e+01 4.761083590972478574e-01 0.000000000000000000e+00 2.736074960148481505e+00
-3.731407800000001629e+01 4.804781593684290808e-01 0.000000000000000000e+00 2.616778962098405437e+00
-3.645546000000001641e+01 4.694220856731176061e-01 0.000000000000000000e+00 2.406989505082179903e+00
-3.738814600000002741e+01 4.814319027868811385e-01 0.000000000000000000e+00 2.987109474865681236e+00
-3.746247800000004702e+01 4.823890456256291204e-01 0.000000000000000000e+00 2.121556123549338757e+00
-3.714531200000001832e+01 4.783050284379536943e-01 0.000000000000000000e+00 2.662400331108540907e+00
-3.717849600000001686e+01 4.787323252678654661e-01 0.000000000000000000e+00 2.442460228636013753e+00
-3.701500000000001478e+01 4.766270539773863057e-01 0.000000000000000000e+00 2.424294447313017464e+00
-3.646121200000002460e+01 4.694961518304722192e-01 0.000000000000000000e+00 2.327896753640959826e+00
-3.655634600000002621e+01 4.707211535366206956e-01 0.000000000000000000e+00 2.226595443218550852e+00
-3.703707600000000610e+01 4.769113176230326823e-01 0.000000000000000000e+00 3.045460434815110418e+00
-3.691556000000001347e+01 4.753466056659581551e-01 0.000000000000000000e+00 2.765545013157077125e+00
-3.664553599999999989e+01 4.718696167797445384e-01 0.000000000000000000e+00 2.476907453588123698e+00
-3.662643200000000832e+01 4.716236223656102844e-01 0.000000000000000000e+00 2.226097994742815001e+00
-3.670415200000000766e+01 4.726243910981544616e-01 0.000000000000000000e+00 2.427614949518821952e+00
-3.686701600000001378e+01 4.747215243824709496e-01 0.000000000000000000e+00 2.201649929178229659e+00
-3.735020600000002844e+01 4.809433648852763366e-01 0.000000000000000000e+00 2.522281353822849237e+00
-3.748923600000001954e+01 4.827335974751580383e-01 0.000000000000000000e+00 3.102628709236375126e+00
-3.672394400000002435e+01 4.728792446076054423e-01 0.000000000000000000e+00 2.408710341480593264e+00
-3.731787599999999827e+01 4.805270646649574262e-01 0.000000000000000000e+00 2.181373877573859588e+00
-3.730309400000002285e+01 4.803367228815755285e-01 0.000000000000000000e+00 2.960940157198231670e+00
-3.759192800000001000e+01 4.840559204638664181e-01 0.000000000000000000e+00 2.913899786969519567e+00
-3.750135000000002350e+01 4.828895845110052210e-01 0.000000000000000000e+00 2.325148574529456447e+00
-3.790177999999998804e+01 4.880457582574363462e-01 0.000000000000000000e+00 2.986024130965299506e+00
-3.754982800000001220e+01 4.835138159394183344e-01 0.000000000000000000e+00 2.737659510525682016e+00
-3.792111200000002214e+01 4.882946885345539334e-01 0.000000000000000000e+00 2.713041933398707695e+00
-3.720760200000002271e+01 4.791071113554804528e-01 0.000000000000000000e+00 2.417300778248584692e+00
-3.796266800000002917e+01 4.888297881929380417e-01 0.000000000000000000e+00 2.623914369556223924e+00
-3.769804600000001216e+01 4.854223586568685578e-01 0.000000000000000000e+00 2.523977201045599639e+00
-3.826510200000000594e+01 4.927241074268320364e-01 0.000000000000000000e+00 2.668009539984912859e+00
-3.764474200000001503e+01 4.847359847953202627e-01 0.000000000000000000e+00 2.634345031480282096e+00
-3.876636600000003341e+01 4.991786794539813665e-01 0.000000000000000000e+00 2.552872387866520931e+00
-3.827040400000003473e+01 4.927923791177735713e-01 0.000000000000000000e+00 2.501422683272036984e+00
-3.872281000000002393e+01 4.986178266115379731e-01 0.000000000000000000e+00 2.908798789097407855e+00
-3.923282000000003222e+01 5.051850173125783661e-01 0.000000000000000000e+00 2.850069635583798444e+00
-3.888700800000001578e+01 5.007321372696218464e-01 0.000000000000000000e+00 2.212525177654151243e+00
-3.833501600000003151e+01 4.936243614819930681e-01 0.000000000000000000e+00 2.244078518977750569e+00
-3.778876000000003188e+01 4.865904458262462207e-01 0.000000000000000000e+00 2.703293901965533763e+00
-3.890181600000002504e+01 5.009228138443969636e-01 0.000000000000000000e+00 3.034719250913109789e+00
-3.887550800000002482e+01 5.005840564612810129e-01 0.000000000000000000e+00 2.438592945175268145e+00
-3.887171200000000226e+01 5.005351769179361421e-01 0.000000000000000000e+00 2.553396462677137713e+00
-3.844782800000002965e+01 4.950769955820416013e-01 0.000000000000000000e+00 2.413995833981659178e+00
-3.888468400000002845e+01 5.007022120697450784e-01 0.000000000000000000e+00 2.693166698067499532e+00
-3.875387000000001336e+01 4.990177735599786724e-01 0.000000000000000000e+00 2.788895647967582825e+00
-3.890393400000001378e+01 5.009500864663156694e-01 0.000000000000000000e+00 2.544730337332703485e+00
-3.811309600000003428e+01 4.907667881787738384e-01 0.000000000000000000e+00 2.312088732347109765e+00
-3.820978000000003050e+01 4.920117486025681885e-01 0.000000000000000000e+00 2.141869390806247608e+00
-3.928834200000000720e+01 5.058999514552481314e-01 0.000000000000000000e+00 2.518334778539986107e+00
-3.867911400000001976e+01 4.980551710462104431e-01 0.000000000000000000e+00 2.414422669474574068e+00
-4.034476800000003749e+01 5.195031180667604165e-01 0.000000000000000000e+00 2.880421369318079794e+00
-3.937577200000003330e+01 5.070257518964004229e-01 0.000000000000000000e+00 2.549162189247060617e+00
-4.014282800000001572e+01 5.169028190722931848e-01 0.000000000000000000e+00 3.152715018182700835e+00
-3.879359800000001002e+01 4.995293348081324414e-01 0.000000000000000000e+00 2.698733732322579293e+00
-3.942777400000002075e+01 5.076953604351259752e-01 0.000000000000000000e+00 3.485965491423857365e+00
-3.860172000000002157e+01 4.970586000826679451e-01 0.000000000000000000e+00 2.128717767325976506e+00
-3.890133400000002695e+01 5.009166073270386876e-01 0.000000000000000000e+00 2.512997743700224884e+00
-3.919637000000003724e+01 5.047156655330977681e-01 0.000000000000000000e+00 2.250644120484334820e+00
-3.892885600000002455e+01 5.012709968928785731e-01 0.000000000000000000e+00 2.767274370874888589e+00
-3.935629000000000843e+01 5.067748901304786058e-01 0.000000000000000000e+00 2.478942656057255611e+00
-3.921047800000003747e+01 5.048973284934520356e-01 0.000000000000000000e+00 2.810908187382673784e+00
-3.932338000000002864e+01 5.063511214867831844e-01 0.000000000000000000e+00 2.397716847167721266e+00
-3.972396600000003275e+01 5.115093039815713505e-01 0.000000000000000000e+00 2.278507763854104251e+00
-3.929282000000002739e+01 5.059576128343571400e-01 0.000000000000000000e+00 2.880889191295848750e+00
-3.970051200000001757e+01 5.112072963921078239e-01 0.000000000000000000e+00 2.578540627551823672e+00
-3.997997200000004625e+01 5.148057888007133709e-01 0.000000000000000000e+00 2.524820605291601794e+00
-3.893996800000002168e+01 5.014140815835119724e-01 0.000000000000000000e+00 2.992757358531838108e+00
-3.953224200000002497e+01 5.090405522512791991e-01 0.000000000000000000e+00 3.166632049736786580e+00
-3.904789200000000449e+01 5.028037749017194580e-01 0.000000000000000000e+00 2.367480996720848996e+00
-3.891872800000002286e+01 5.011405827688023562e-01 0.000000000000000000e+00 2.175381162935950297e+00
-3.926355000000003059e+01 5.055807149856493821e-01 0.000000000000000000e+00 2.544560475293177415e+00
-3.893790000000001328e+01 5.013874527911945655e-01 0.000000000000000000e+00 2.350190236529542176e+00
-3.954719800000003715e+01 5.092331345616748495e-01 0.000000000000000000e+00 2.455761906580958165e+00
-3.916315000000001589e+01 5.042879051458726281e-01 0.000000000000000000e+00 2.370447611888326200e+00
-3.918885200000001845e+01 5.046188593142186818e-01 0.000000000000000000e+00 2.857352208554860162e+00
-3.983313600000002452e+01 5.129150415334479129e-01 0.000000000000000000e+00 2.548795019458442557e+00
-3.894042200000001230e+01 5.014199275562933877e-01 0.000000000000000000e+00 2.567611965380212968e+00
-3.914808600000002059e+01 5.040939321635380388e-01 0.000000000000000000e+00 2.838618561053167344e+00
-3.954307000000003569e+01 5.091799799897763767e-01 0.000000000000000000e+00 2.376523268635010400e+00
-3.890595400000003679e+01 5.009760971822158071e-01 0.000000000000000000e+00 2.281287259307513970e+00
-3.944429800000000341e+01 5.079081332418237116e-01 0.000000000000000000e+00 2.482355523173564560e+00
-3.934846000000002419e+01 5.066740664148866591e-01 0.000000000000000000e+00 2.998717216249358941e+00
-3.857397800000001098e+01 4.967013776665813451e-01 0.000000000000000000e+00 2.602766963246163190e+00
-3.874327800000002497e+01 4.988813846972007804e-01 0.000000000000000000e+00 2.442421292739703542e+00
-3.803181000000002143e+01 4.897201015190518203e-01 0.000000000000000000e+00 2.400580672914725877e+00
-3.969833600000004026e+01 5.111792769278515891e-01 0.000000000000000000e+00 2.878346676164262874e+00
-3.957593000000000671e+01 5.096031048038702771e-01 0.000000000000000000e+00 2.599193747311001168e+00
-3.921572000000002589e+01 5.049648275888712901e-01 0.000000000000000000e+00 2.570047583649420098e+00
-3.935923000000001792e+01 5.068127473110458636e-01 0.000000000000000000e+00 2.690136928417652840e+00
-3.903091000000001998e+01 5.025851046158721358e-01 0.000000000000000000e+00 2.330163252160065479e+00
-3.945548400000001266e+01 5.080521708002674330e-01 0.000000000000000000e+00 2.556491409532631209e+00
-3.914145400000003150e+01 5.040085346051975668e-01 0.000000000000000000e+00 2.490708430454956712e+00
-3.929823200000001293e+01 5.060273009504213659e-01 0.000000000000000000e+00 2.405483433672476412e+00
-3.888129600000001318e+01 5.006585861759484946e-01 0.000000000000000000e+00 2.754269707527209121e+00
-3.971692600000000795e+01 5.114186527736823695e-01 0.000000000000000000e+00 2.694674614513791866e+00
-3.977134800000001746e+01 5.121194226651198944e-01 0.000000000000000000e+00 2.756811210621079145e+00
-3.952533600000002423e+01 5.089516265067225431e-01 0.000000000000000000e+00 2.797781098198782068e+00
-3.942614400000002917e+01 5.076743715901178566e-01 0.000000000000000000e+00 2.476911993980252635e+00
-3.939340400000002518e+01 5.072527919670670737e-01 0.000000000000000000e+00 3.383899900909862701e+00
-3.955241600000001512e+01 5.093003246188851918e-01 0.000000000000000000e+00 2.885269786896150546e+00
-3.941115000000001345e+01 5.074812999692250859e-01 0.000000000000000000e+00 2.607212929411967028e+00
-3.938625600000002436e+01 5.071607500872391538e-01 0.000000000000000000e+00 2.500816706934118283e+00
-3.991637600000002095e+01 5.139868890539955881e-01 0.000000000000000000e+00 2.402031360493014134e+00
-3.883102000000001652e+01 5.000112026350659322e-01 0.000000000000000000e+00 2.297789134508792852e+00
-3.904670600000002167e+01 5.027885032635724949e-01 0.000000000000000000e+00 2.019085189482573206e+00
-4.028078200000000209e+01 5.186791964491509477e-01 0.000000000000000000e+00 2.951945264896599586e+00
-3.964368000000003178e+01 5.104754939138791414e-01 0.000000000000000000e+00 3.080308925278682608e+00
-3.883662000000004610e+01 5.000833115504323967e-01 0.000000000000000000e+00 2.373062477734693587e+00
-3.928444800000001180e+01 5.058498100058846925e-01 0.000000000000000000e+00 2.680977697980098551e+00
-3.908371400000001472e+01 5.032650401814056096e-01 0.000000000000000000e+00 2.209498459522047931e+00
-3.866397000000001327e+01 4.978601679365133870e-01 0.000000000000000000e+00 2.224073067140510229e+00
-3.919516600000001461e+01 5.047001621162937601e-01 0.000000000000000000e+00 3.048586881919244984e+00
-3.989205400000003721e+01 5.136737045826508252e-01 0.000000000000000000e+00 2.729098853283614012e+00
-3.869708400000001802e+01 4.982865634049831738e-01 0.000000000000000000e+00 2.557782905735497714e+00
-3.978399000000000285e+01 5.122822085415585924e-01 0.000000000000000000e+00 2.303828251941633543e+00
-3.989913000000002086e+01 5.137648193478523417e-01 0.000000000000000000e+00 2.474570932770594922e+00
-3.857130000000002923e+01 4.966668941531262038e-01 0.000000000000000000e+00 3.049345043371666897e+00
-3.964734600000003439e+01 5.105226995002598578e-01 0.000000000000000000e+00 2.549913351644116144e+00
-3.978586000000003509e+01 5.123062877686543892e-01 0.000000000000000000e+00 2.368905531883848337e+00
-3.940483200000004160e+01 5.073999456607821701e-01 0.000000000000000000e+00 2.531306102952474824e+00
-3.910181200000000246e+01 5.034980807439579653e-01 0.000000000000000000e+00 2.246089403820683561e+00
-3.948381600000002578e+01 5.084169904056515810e-01 0.000000000000000000e+00 2.766797118966114244e+00
-3.883881200000002565e+01 5.001115370401610916e-01 0.000000000000000000e+00 2.390305388598628067e+00
