-2.366968600000001643e+01 8.818284304959471687e-01 0.000000000000000000e+00 7.733018197628174217e-01
-2.308061000000000718e+01 8.598820487601338547e-01 0.000000000000000000e+00 8.522098439239060852e-01
-2.353872800000000609e+01 8.769495112064856768e-01 0.000000000000000000e+00 8.090356871278699957e-01
-2.390122600000001896e+01 8.904545928707684466e-01 0.000000000000000000e+00 9.574305034905360445e-01
-2.365720400000002499e+01 8.813634060562718364e-01 0.000000000000000000e+00 9.367131100229614260e-01
-2.418042800000001691e+01 9.008564318073444266e-01 1.000000000000000048e-04 8.019953882937508327e-01
-2.340394200000000779e+01 8.719279774678114769e-01 0.000000000000000000e+00 9.913877172403084970e-01
-2.336792600000000775e+01 8.705861796614213777e-01 0.000000000000000000e+00 9.214589865879199149e-01
-2.324276600000000315e+01 8.659232683595614599e-01 1.000000000000000048e-04 1.247600011352706373e+00
-2.440465200000001644e+01 9.092100321888417769e-01 1.000000000000000048e-04 7.779672105577651875e-01
-2.357526800000000478e+01 8.783108309489748855e-01 0.000000000000000000e+00 9.895996706024945411e-01
-2.418789800000001833e+01 9.011347311635676816e-01 1.000000000000000048e-04 7.322056307162113642e-01
-2.408528400000002634e+01 8.973117846924186791e-01 0.000000000000000000e+00 7.355603194706727965e-01
-2.457606999999999786e+01 9.155963131855030523e-01 1.000000000000000048e-04 6.924048277962510101e-01
-2.458005800000002239e+01 9.157448885312359232e-01 1.000000000000000048e-04 6.892421886258983665e-01
-2.417653000000001740e+01 9.007112094659043278e-01 0.000000000000000000e+00 6.779673931404194276e-01
-2.480522400000001682e+01 9.241335836909877477e-01 1.000000000000000048e-04 6.631900909934640431e-01
-2.457621400000000733e+01 9.156016779923703552e-01 0.000000000000000000e+00 6.655821495366428531e-01
-2.469291200000000686e+01 9.199493323795902011e-01 0.000000000000000000e+00 6.714537073147089918e-01
-2.446058600000000283e+01 9.112938871006200925e-01 0.000000000000000000e+00 7.256336439668201743e-01
-2.384797600000001339e+01 8.884707319980930107e-01 0.000000000000000000e+00 8.046793221770980331e-01
-2.506998199999999954e+01 9.339973026943252377e-01 1.000000000000000048e-04 6.448138969446370883e-01
-2.470303200000000032e+01 9.203263590844062980e-01 0.000000000000000000e+00 7.104374015998307090e-01
-2.523702800000002711e+01 9.402207021936109799e-01 2.000000000000000096e-04 5.708664674444674514e-01
-2.355209800000000797e+01 8.774476186218410634e-01 0.000000000000000000e+00 9.402459521322121816e-01
-2.428854400000001590e+01 9.048843586075351331e-01 0.000000000000000000e+00 7.404957411700011649e-01
-2.455952000000002045e+01 9.149797329518367661e-01 0.000000000000000000e+00 8.363895491813595484e-01
-2.530462400000000756e+01 9.427390319504056482e-01 0.000000000000000000e+00 4.255002819308497108e-01
-2.484501799999999605e+01 9.256161331664281011e-01 0.000000000000000000e+00 7.324933079130305780e-01
-2.462813400000000996e+01 9.175359889127328028e-01 1.000000000000000048e-04 6.590154603756589458e-01
-2.406316199999999128e+01 8.964876162374818547e-01 0.000000000000000000e+00 6.536285342330432346e-01
-2.510139000000001275e+01 9.351674266809733016e-01 2.000000000000000096e-04 6.056194313730081102e-01
-2.530799600000001348e+01 9.428646578445403215e-01 1.000000000000000048e-04 5.465847285082011675e-01
-2.510097400000000789e+01 9.351519283500241420e-01 2.000000000000000096e-04 6.958263231902375168e-01
-2.516976599999999920e+01 9.377148158082975193e-01 2.999999999999999737e-04 6.694840510347492835e-01
-2.560847200000000257e+01 9.540590724845017245e-01 2.999999999999999737e-04 4.948261553885018316e-01
-2.521504200000001816e+01 9.394016005007159720e-01 0.000000000000000000e+00 5.707410687090171963e-01
-2.567152600000000362e+01 9.564081872913687832e-01 2.999999999999999737e-04 4.442043388697448636e-01
-2.556286600000000675e+01 9.523599934430141412e-01 2.000000000000000096e-04 4.908285413605665282e-01
-2.557290000000000774e+01 9.527338161659516524e-01 4.000000000000000192e-04 4.825503932442726240e-01
-2.548162399999999650e+01 9.493332737243680430e-01 0.000000000000000000e+00 4.492974181132499134e-01
-2.540158200000000832e+01 9.463512607296140633e-01 4.000000000000000192e-04 5.771290450343166123e-01
-2.585924600000000595e+01 9.634018091320937227e-01 4.000000000000000192e-04 3.366441034803381305e-01
-2.586715799999999632e+01 9.636965754649498006e-01 2.999999999999999737e-04 3.475204815357919585e-01
-2.573396800000001150e+01 9.587345016690514976e-01 2.000000000000000096e-04 3.013994319031061409e-01
-2.592320400000000902e+01 9.657846030042921415e-01 2.999999999999999737e-04 3.289958594563067162e-01
-2.582349800000000073e+01 9.620699958273725150e-01 2.000000000000000096e-04 3.109733490740697603e-01
-2.573637600000000347e+01 9.588242131616596664e-01 2.000000000000000096e-04 2.994840253475696823e-01
-2.568784200000001405e+01 9.570160497138775479e-01 0.000000000000000000e+00 3.504665396152664147e-01
-2.577570000000000050e+01 9.602892525035765514e-01 0.000000000000000000e+00 3.039268791646896894e-01
-2.562692200000000042e+01 9.547464383643300412e-01 0.000000000000000000e+00 2.402420612548093748e-01
-2.581637400000000682e+01 9.618045869098714729e-01 2.000000000000000096e-04 3.357627898298787272e-01
-2.607506600000000319e+01 9.714423134239390523e-01 8.999999999999999754e-04 3.377464616656653540e-01
-2.567760000000000531e+01 9.566344778254651793e-01 2.000000000000000096e-04 3.981046499643434156e-01
-2.587556400000000423e+01 9.640097460658084705e-01 2.999999999999999737e-04 3.575940606697242674e-01
-2.624537000000000120e+01 9.777870916785885713e-01 1.399999999999999986e-03 2.495698058255404750e-01
-2.595322400000000229e+01 9.669030162136386108e-01 2.999999999999999737e-04 3.447267895278546268e-01
-2.626117599999999541e+01 9.783759537434428832e-01 1.500000000000000031e-03 2.594012877860294997e-01
-2.621580800000000266e+01 9.766857415355270078e-01 6.999999999999999929e-04 2.166241392669139010e-01
-2.631163199999999591e+01 9.802557224606579522e-01 1.899999999999999996e-03 2.784739956232608060e-01
-2.622684399999999982e+01 9.770968943729136935e-01 1.199999999999999895e-03 2.440055945376182200e-01
-2.622365000000000990e+01 9.769778999761568050e-01 1.100000000000000066e-03 2.294373273286567094e-01
-2.630797600000000003e+01 9.801195159752026376e-01 1.399999999999999986e-03 2.755144261452410204e-01
-2.609399600000000774e+01 9.721475619933240830e-01 4.000000000000000192e-04 2.413155978415319203e-01
-2.611056600000000216e+01 9.727648873390558615e-01 1.000000000000000021e-03 3.283979601740310006e-01
-2.611872400000000383e+01 9.730688185503101328e-01 5.000000000000000104e-04 2.511644135830252700e-01
-2.625827599999999507e+01 9.782679124940388826e-01 1.600000000000000077e-03 2.723692528961965120e-01
-2.626384600000000091e+01 9.784754262041011064e-01 1.500000000000000031e-03 2.526574314375218400e-01
-2.617925400000000735e+01 9.753239002145925873e-01 5.999999999999999474e-04 2.131864169399090569e-01
-2.635199800000000536e+01 9.817595821411542190e-01 2.099999999999999870e-03 3.108457105278041865e-01
-2.619242200000000764e+01 9.758144819980928419e-01 1.500000000000000031e-03 3.838409560105738305e-01
-2.618592000000000652e+01 9.755722460658085016e-01 1.500000000000000031e-03 3.653149586177645847e-01
-2.615655199999999780e+01 9.744781235097758065e-01 1.799999999999999951e-03 4.190151908916666668e-01
-2.618926400000000498e+01 9.756968288030521963e-01 1.299999999999999940e-03 3.436322028159194408e-01
-2.680345400000000211e+01 9.985788477587029810e-01 8.600000000000000006e-03 1.094556885758619508e-01
-2.664644600000000096e+01 9.927294200047687145e-01 5.899999999999999863e-03 2.560889552755862275e-01
-2.670371799999999851e+01 9.948631229136861709e-01 6.199999999999999782e-03 2.198229904888807373e-01
-2.676195799999999636e+01 9.970328892465425419e-01 7.700000000000000247e-03 1.658449983288821372e-01
-2.671950200000000564e+01 9.954511653552696737e-01 4.899999999999999842e-03 1.720152177787609704e-01
-2.673886200000000102e+01 9.961724338340487428e-01 6.899999999999999883e-03 1.827856849488549151e-01
-2.648283600000000249e+01 9.866340307582260882e-01 3.500000000000000073e-03 2.910998584331465633e-01
-2.665915199999999530e+01 9.932027896995706540e-01 5.799999999999999600e-03 2.521215966372355455e-01
-2.649875999999999721e+01 9.872272889842631516e-01 3.700000000000000164e-03 2.845190363054851401e-01
-2.652908800000000156e+01 9.883571769194087198e-01 4.100000000000000346e-03 2.776266722551608557e-01
-2.640214000000000638e+01 9.836276525989511299e-01 2.099999999999999870e-03 2.449797691090574436e-01
-2.661320800000000375e+01 9.914911182641871212e-01 5.199999999999999761e-03 2.639204286572488511e-01
-2.670395000000000252e+01 9.948717662136385975e-01 5.700000000000000205e-03 2.196220175803430541e-01
-2.659197599999999539e+01 9.907001072961372223e-01 4.899999999999999842e-03 2.762649632567114044e-01
-2.651683800000000346e+01 9.879007957796853701e-01 4.199999999999999740e-03 2.882049448891982890e-01
-2.656877999999999673e+01 9.898359263233189598e-01 4.199999999999999740e-03 2.732706217786179947e-01
-2.684159999999999968e+01 1.000000000000000000e+00 1.170000000000000033e-02 0.000000000000000000e+00
-2.665915200000000240e+01 9.932027896995708760e-01 5.899999999999999863e-03 2.466601360642454444e-01
-2.666062200000000004e+01 9.932575554363376469e-01 5.199999999999999761e-03 2.385325014722010917e-01
-2.660013799999999407e+01 9.910041875298042369e-01 4.700000000000000185e-03 2.674833761586163927e-01
-2.677696199999999749e+01 9.975918723175964953e-01 7.700000000000000247e-03 1.566401181760985473e-01
-2.668132200000000154e+01 9.940287464234621728e-01 6.300000000000000044e-03 2.397775819463533742e-01
-2.684159999999999968e+01 1.000000000000000000e+00 1.370000000000000037e-02 0.000000000000000000e+00
-2.684159999999999968e+01 1.000000000000000000e+00 1.089999999999999997e-02 0.000000000000000000e+00
-2.666143399999999986e+01 9.932878069861706960e-01 6.199999999999999782e-03 2.520149090587271989e-01
-2.682070799999999977e+01 9.992216559370529216e-01 8.099999999999999561e-03 4.403537989876173120e-02
-2.670363000000000042e+01 9.948598444206009361e-01 6.400000000000000307e-03 2.219441760279532161e-01
-2.668480600000000535e+01 9.941585449451599832e-01 6.100000000000000387e-03 2.350030104341881143e-01
-2.654519400000000573e+01 9.889572156652363111e-01 4.100000000000000346e-03 2.838865578737643780e-01
-2.643893800000000027e+01 9.849985842870767616e-01 2.200000000000000133e-03 2.438304622047657855e-01
-2.644619600000000403e+01 9.852689854554126381e-01 2.099999999999999870e-03 2.317456581790656445e-01
-2.643962400000000557e+01 9.850241416309014619e-01 2.599999999999999881e-03 2.661896844452287247e-01
-2.677955000000000751e+01 9.976882898187889870e-01 8.000000000000000167e-03 1.549379787938618136e-01
-2.679425799999999924e+01 9.982362452312827372e-01 8.000000000000000167e-03 1.155717636865339903e-01
-2.677888000000000446e+01 9.976633285646162586e-01 7.499999999999999722e-03 1.299905264613419598e-01
-2.645816400000000002e+01 9.857148605150214404e-01 2.500000000000000052e-03 2.425080456938747409e-01
-2.677993199999999874e+01 9.977025214592274427e-01 7.199999999999999803e-03 1.252105563045740055e-01
-2.671508000000000038e+01 9.952864210777301324e-01 6.400000000000000307e-03 2.021489579793104008e-01
-2.684159999999999968e+01 1.000000000000000000e+00 1.650000000000000078e-02 0.000000000000000000e+00
-2.682593400000000017e+01 9.994163537195994707e-01 8.600000000000000006e-03 3.941742479891054834e-02
-2.684159999999999968e+01 1.000000000000000000e+00 1.519999999999999997e-02 0.000000000000000000e+00
-2.657898599999999689e+01 9.902161570100141974e-01 3.399999999999999811e-03 2.264063964813638197e-01
-2.679416200000000003e+01 9.982326686933714610e-01 7.700000000000000247e-03 1.104448989909956047e-01
-2.663938599999999823e+01 9.924663954458750048e-01 5.599999999999999943e-03 2.653937136338451741e-01
-2.682361400000000629e+01 9.993299207200765366e-01 8.399999999999999481e-03 4.179366589677074167e-02
-2.683521400000000057e+01 9.997620857176919840e-01 9.400000000000000369e-03 2.594396845106573465e-02
-2.684159999999999968e+01 1.000000000000000000e+00 1.710000000000000062e-02 0.000000000000000000e+00
-2.684159999999999968e+01 1.000000000000000000e+00 4.229999999999999732e-02 0.000000000000000000e+00
-2.683173400000000086e+01 9.996324362184072498e-01 9.100000000000000450e-03 3.199560645343709625e-02
-2.683753400000000156e+01 9.998485187172151401e-01 9.599999999999999159e-03 2.063358163065949491e-02
-2.684159999999999968e+01 1.000000000000000000e+00 1.540000000000000049e-02 0.000000000000000000e+00
-2.657538800000000023e+01 9.900821113495470449e-01 4.400000000000000265e-03 2.757454408279010338e-01
-2.684159999999999968e+01 1.000000000000000000e+00 1.299999999999999940e-02 0.000000000000000000e+00
-2.684159999999999968e+01 1.000000000000000000e+00 1.269999999999999948e-02 0.000000000000000000e+00
-2.684159999999999968e+01 1.000000000000000000e+00 1.319999999999999993e-02 0.000000000000000000e+00
-2.683926800000000057e+01 9.999131199332379483e-01 9.700000000000000289e-03 1.413502619935882998e-02
-2.684159999999999968e+01 1.000000000000000000e+00 1.119999999999999989e-02 0.000000000000000000e+00
-2.670124800000000320e+01 9.947711015736767637e-01 6.499999999999999702e-03 2.245911483904771688e-01
-2.684159999999999968e+01 1.000000000000000000e+00 1.089999999999999997e-02 0.000000000000000000e+00
-2.676325999999999894e+01 9.970813960419646627e-01 4.700000000000000185e-03 9.869708990418858685e-02
-2.674215000000000231e+01 9.962949302575108135e-01 6.499999999999999702e-03 1.744846203173006649e-01
-2.679086199999999707e+01 9.981097252026703837e-01 7.900000000000000772e-03 1.204623003853956542e-01
-2.683405400000000185e+01 9.997188692179304059e-01 9.299999999999999239e-03 2.815465018913790307e-02
-2.661013400000000217e+01 9.913765945398188562e-01 4.199999999999999740e-03 2.263431596117497779e-01
-2.677664399999999745e+01 9.975800250357652610e-01 7.499999999999999722e-03 1.340299516654177570e-01
-2.678904400000000052e+01 9.980419945159751949e-01 7.599999999999999985e-03 1.160845062439380126e-01
-2.684159999999999968e+01 1.000000000000000000e+00 1.140000000000000041e-02 0.000000000000000000e+00
-2.683232000000000284e+01 9.996542680019075977e-01 9.199999999999999845e-03 3.162855122393763707e-02
-2.680666999999999689e+01 9.986986617787314557e-01 8.200000000000000691e-03 9.216599594254232253e-02
-2.684159999999999968e+01 1.000000000000000000e+00 1.129999999999999928e-02 0.000000000000000000e+00
-2.684159999999999968e+01 1.000000000000000000e+00 1.239999999999999956e-02 0.000000000000000000e+00
-2.684159999999999968e+01 1.000000000000000000e+00 2.120000000000000009e-02 0.000000000000000000e+00
-2.676976799999999912e+01 9.973238555078683953e-01 7.199999999999999803e-03 1.408646566421434543e-01
-2.684159999999999968e+01 1.000000000000000000e+00 1.409999999999999969e-02 0.000000000000000000e+00
-2.684101399999999416e+01 9.999781682164995411e-01 9.900000000000000813e-03 5.859999999999826285e-03
-2.678566000000000358e+01 9.979159215546019590e-01 7.599999999999999985e-03 1.210870644276962338e-01
-2.676959599999999639e+01 9.973174475441105580e-01 7.499999999999999722e-03 1.499582028770045095e-01
-2.684159999999999968e+01 1.000000000000000000e+00 3.470000000000000168e-02 0.000000000000000000e+00
-2.684159999999999968e+01 1.000000000000000000e+00 1.069999999999999944e-02 0.000000000000000000e+00
-2.684159999999999968e+01 1.000000000000000000e+00 1.039999999999999952e-02 0.000000000000000000e+00
-2.684159999999999968e+01 1.000000000000000000e+00 1.020000000000000073e-02 0.000000000000000000e+00
-2.684159999999999968e+01 1.000000000000000000e+00 1.370000000000000037e-02 0.000000000000000000e+00
-2.683868200000000215e+01 9.998912881497378224e-01 9.599999999999999159e-03 1.521110957640664507e-02
-2.684159999999999968e+01 1.000000000000000000e+00 2.110000000000000070e-02 0.000000000000000000e+00
-2.684159999999999968e+01 1.000000000000000000e+00 1.050000000000000065e-02 0.000000000000000000e+00
-2.684159999999999968e+01 1.000000000000000000e+00 1.020000000000000073e-02 0.000000000000000000e+00
-2.684159999999999968e+01 1.000000000000000000e+00 1.060000000000000005e-02 0.000000000000000000e+00
-2.684159999999999968e+01 1.000000000000000000e+00 1.220000000000000077e-02 0.000000000000000000e+00
-2.684159999999999968e+01 1.000000000000000000e+00 1.209999999999999964e-02 0.000000000000000000e+00
-2.684159999999999968e+01 1.000000000000000000e+00 1.060000000000000005e-02 0.000000000000000000e+00
-2.683347999999999800e+01 9.996974845016689537e-01 9.299999999999999239e-03 2.974615839724409350e-02
-2.684159999999999968e+01 1.000000000000000000e+00 1.119999999999999989e-02 0.000000000000000000e+00
-2.684159999999999968e+01 1.000000000000000000e+00 1.129999999999999928e-02 0.000000000000000000e+00
-2.684159999999999968e+01 1.000000000000000000e+00 1.280000000000000061e-02 0.000000000000000000e+00
-2.684159999999999968e+01 1.000000000000000000e+00 1.080000000000000057e-02 0.000000000000000000e+00
-2.650119800000000225e+01 9.873181181449690591e-01 3.700000000000000164e-03 2.842749053542032445e-01
-2.684159999999999968e+01 1.000000000000000000e+00 1.200000000000000025e-02 0.000000000000000000e+00
-2.649317600000000184e+01 9.870192536957559382e-01 4.000000000000000083e-03 2.885020333664316539e-01
-2.684159999999999968e+01 1.000000000000000000e+00 1.379999999999999977e-02 0.000000000000000000e+00
-2.683928000000000225e+01 9.999135670004769549e-01 9.799999999999999684e-03 1.632181411980957939e-02
-2.682941399999999987e+01 9.995460032188840938e-01 8.899999999999999925e-03 3.526868018540237765e-02
-2.684159999999999968e+01 1.000000000000000000e+00 1.899999999999999953e-02 0.000000000000000000e+00
-2.682361399999999918e+01 9.993299207200763146e-01 8.399999999999999481e-03 4.179366589677075555e-02
-2.684159999999999968e+01 1.000000000000000000e+00 1.190000000000000085e-02 0.000000000000000000e+00
-2.684159999999999968e+01 1.000000000000000000e+00 1.039999999999999952e-02 0.000000000000000000e+00
-2.684159999999999968e+01 1.000000000000000000e+00 1.110000000000000049e-02 0.000000000000000000e+00
-2.679474800000000201e+01 9.982545004768718089e-01 7.799999999999999642e-03 1.105404962404765989e-01
-2.684159999999999968e+01 1.000000000000000000e+00 1.179999999999999973e-02 0.000000000000000000e+00
-2.684159999999999968e+01 1.000000000000000000e+00 1.119999999999999989e-02 0.000000000000000000e+00
-2.684159999999999968e+01 1.000000000000000000e+00 1.050000000000000065e-02 0.000000000000000000e+00
-2.684159999999999968e+01 1.000000000000000000e+00 1.469999999999999953e-02 0.000000000000000000e+00
-2.684159999999999968e+01 1.000000000000000000e+00 1.020000000000000073e-02 0.000000000000000000e+00
-2.684159999999999968e+01 1.000000000000000000e+00 1.149999999999999981e-02 0.000000000000000000e+00
-2.683345599999999820e+01 9.996965903671911624e-01 9.100000000000000450e-03 2.741071205484319276e-02
-2.683928000000000225e+01 9.999135670004769549e-01 9.799999999999999684e-03 1.632181411980957939e-02
-2.684159999999999968e+01 1.000000000000000000e+00 1.009999999999999960e-02 0.000000000000000000e+00
-2.684159999999999968e+01 1.000000000000000000e+00 1.110000000000000049e-02 0.000000000000000000e+00
-2.683810799999999830e+01 9.998699034334763702e-01 9.599999999999999159e-03 1.813543704374593821e-02
-2.684101399999999416e+01 9.999781682164995411e-01 9.900000000000000813e-03 5.859999999999826285e-03
-2.681335400000000035e+01 9.989476782308059910e-01 8.000000000000000167e-03 6.872726866816281088e-02
-2.684159999999999968e+01 1.000000000000000000e+00 1.190000000000000085e-02 0.000000000000000000e+00
-2.682765600000000461e+01 9.994805078683836053e-01 8.600000000000000006e-03 3.607684368823080301e-02
-2.684159999999999968e+01 1.000000000000000000e+00 1.110000000000000049e-02 0.000000000000000000e+00
-2.684159999999999968e+01 1.000000000000000000e+00 1.089999999999999997e-02 0.000000000000000000e+00
-2.684159999999999968e+01 1.000000000000000000e+00 1.159999999999999920e-02 0.000000000000000000e+00
-2.684159999999999968e+01 1.000000000000000000e+00 1.009999999999999960e-02 0.000000000000000000e+00
-2.684159999999999968e+01 1.000000000000000000e+00 1.140000000000000041e-02 0.000000000000000000e+00
-2.684159999999999968e+01 1.000000000000000000e+00 1.310000000000000053e-02 0.000000000000000000e+00
-2.684159999999999968e+01 1.000000000000000000e+00 1.050000000000000065e-02 0.000000000000000000e+00
-2.684159999999999968e+01 1.000000000000000000e+00 1.119999999999999989e-02 0.000000000000000000e+00
-2.684159999999999968e+01 1.000000000000000000e+00 1.020000000000000073e-02 0.000000000000000000e+00
-2.684159999999999968e+01 1.000000000000000000e+00 1.179999999999999973e-02 0.000000000000000000e+00
-2.684159999999999968e+01 1.000000000000000000e+00 1.110000000000000049e-02 0.000000000000000000e+00
-2.684159999999999968e+01 1.000000000000000000e+00 1.140000000000000041e-02 0.000000000000000000e+00
-2.684159999999999968e+01 1.000000000000000000e+00 1.020000000000000073e-02 0.000000000000000000e+00
-2.683694799999999248e+01 9.998266869337145701e-01 9.499999999999999764e-03 2.133707580809512602e-02
-2.684159999999999968e+01 1.000000000000000000e+00 1.149999999999999981e-02 0.000000000000000000e+00
-2.684159999999999968e+01 1.000000000000000000e+00 1.190000000000000085e-02 0.000000000000000000e+00
-2.684159999999999968e+01 1.000000000000000000e+00 1.170000000000000033e-02 0.000000000000000000e+00
-2.684159999999999968e+01 1.000000000000000000e+00 1.220000000000000077e-02 0.000000000000000000e+00
-2.683115999999999701e+01 9.996110515021457976e-01 9.100000000000000450e-03 3.336432498670061086e-02
-2.684159999999999968e+01 1.000000000000000000e+00 1.220000000000000077e-02 0.000000000000000000e+00
-2.684159999999999968e+01 1.000000000000000000e+00 1.149999999999999981e-02 0.000000000000000000e+00
-2.684159999999999968e+01 1.000000000000000000e+00 1.039999999999999952e-02 0.000000000000000000e+00
-2.684159999999999968e+01 1.000000000000000000e+00 1.209999999999999964e-02 0.000000000000000000e+00
-2.684159999999999968e+01 1.000000000000000000e+00 1.310000000000000053e-02 0.000000000000000000e+00
-2.684159999999999968e+01 1.000000000000000000e+00 1.460000000000000013e-02 0.000000000000000000e+00
-2.684159999999999968e+01 1.000000000000000000e+00 1.149999999999999981e-02 0.000000000000000000e+00
-2.684159999999999968e+01 1.000000000000000000e+00 1.179999999999999973e-02 0.000000000000000000e+00
-2.684159999999999968e+01 1.000000000000000000e+00 1.200000000000000025e-02 0.000000000000000000e+00
-2.684159999999999968e+01 1.000000000000000000e+00 1.159999999999999920e-02 0.000000000000000000e+00
-2.684159999999999968e+01 1.000000000000000000e+00 1.089999999999999997e-02 0.000000000000000000e+00
-2.684159999999999968e+01 1.000000000000000000e+00 1.209999999999999964e-02 0.000000000000000000e+00
-2.684159999999999968e+01 1.000000000000000000e+00 1.159999999999999920e-02 0.000000000000000000e+00
-2.684159999999999968e+01 1.000000000000000000e+00 1.140000000000000041e-02 0.000000000000000000e+00
-2.684159999999999968e+01 1.000000000000000000e+00 1.030000000000000013e-02 0.000000000000000000e+00
-2.684159999999999968e+01 1.000000000000000000e+00 1.239999999999999956e-02 0.000000000000000000e+00
-2.684159999999999968e+01 1.000000000000000000e+00 1.149999999999999981e-02 0.000000000000000000e+00
-2.681062799999999768e+01 9.988461194563661438e-01 8.200000000000000691e-03 8.425846728424891963e-02
-2.684159999999999968e+01 1.000000000000000000e+00 1.239999999999999956e-02 0.000000000000000000e+00
-2.684159999999999968e+01 1.000000000000000000e+00 1.190000000000000085e-02 0.000000000000000000e+00
-2.684159999999999968e+01 1.000000000000000000e+00 1.099999999999999936e-02 0.000000000000000000e+00
-2.684159999999999968e+01 1.000000000000000000e+00 1.190000000000000085e-02 0.000000000000000000e+00
-2.684159999999999968e+01 1.000000000000000000e+00 1.060000000000000005e-02 0.000000000000000000e+00
-2.684159999999999968e+01 1.000000000000000000e+00 1.170000000000000033e-02 0.000000000000000000e+00
-2.684159999999999968e+01 1.000000000000000000e+00 1.179999999999999973e-02 0.000000000000000000e+00
-2.684159999999999968e+01 1.000000000000000000e+00 1.190000000000000085e-02 0.000000000000000000e+00
-2.684159999999999968e+01 1.000000000000000000e+00 1.009999999999999960e-02 0.000000000000000000e+00
-2.684159999999999968e+01 1.000000000000000000e+00 1.060000000000000005e-02 0.000000000000000000e+00
-2.684159999999999968e+01 1.000000000000000000e+00 1.140000000000000041e-02 0.000000000000000000e+00
-2.684159999999999968e+01 1.000000000000000000e+00 1.050000000000000065e-02 0.000000000000000000e+00
-2.682302799999999721e+01 9.993080889365759667e-01 8.300000000000000086e-03 4.194946473936442266e-02
-2.684159999999999968e+01 1.000000000000000000e+00 1.290000000000000001e-02 0.000000000000000000e+00
-2.684159999999999968e+01 1.000000000000000000e+00 1.089999999999999997e-02 0.000000000000000000e+00
-2.684159999999999968e+01 1.000000000000000000e+00 1.230000000000000017e-02 0.000000000000000000e+00
-2.684159999999999968e+01 1.000000000000000000e+00 1.239999999999999956e-02 0.000000000000000000e+00
-2.684159999999999968e+01 1.000000000000000000e+00 1.000000000000000021e-02 0.000000000000000000e+00
-2.684159999999999968e+01 1.000000000000000000e+00 1.129999999999999928e-02 0.000000000000000000e+00
-2.684159999999999968e+01 1.000000000000000000e+00 1.149999999999999981e-02 0.000000000000000000e+00
-2.684159999999999968e+01 1.000000000000000000e+00 1.110000000000000049e-02 0.000000000000000000e+00
-2.684159999999999968e+01 1.000000000000000000e+00 1.170000000000000033e-02 0.000000000000000000e+00
-2.683462799999999859e+01 9.997402539341916361e-01 9.299999999999999239e-03 2.645503935114632693e-02
-2.684159999999999968e+01 1.000000000000000000e+00 1.119999999999999989e-02 0.000000000000000000e+00
-2.684159999999999968e+01 1.000000000000000000e+00 1.020000000000000073e-02 0.000000000000000000e+00
-2.684101399999999416e+01 9.999781682164995411e-01 9.900000000000000813e-03 5.859999999999826285e-03
-2.684159999999999968e+01 1.000000000000000000e+00 1.170000000000000033e-02 0.000000000000000000e+00
-2.684159999999999968e+01 1.000000000000000000e+00 1.250000000000000069e-02 0.000000000000000000e+00
-2.684159999999999968e+01 1.000000000000000000e+00 1.140000000000000041e-02 0.000000000000000000e+00
-2.684159999999999968e+01 1.000000000000000000e+00 1.140000000000000041e-02 0.000000000000000000e+00
-2.684159999999999968e+01 1.000000000000000000e+00 1.069999999999999944e-02 0.000000000000000000e+00
-2.684159999999999968e+01 1.000000000000000000e+00 1.260000000000000009e-02 0.000000000000000000e+00
-2.684159999999999968e+01 1.000000000000000000e+00 1.119999999999999989e-02 0.000000000000000000e+00
-2.684159999999999968e+01 1.000000000000000000e+00 1.060000000000000005e-02 0.000000000000000000e+00
-2.682941399999999987e+01 9.995460032188840938e-01 8.899999999999999925e-03 3.526868018540237765e-02
-2.684159999999999968e+01 1.000000000000000000e+00 1.099999999999999936e-02 0.000000000000000000e+00
-2.683925599999999889e+01 9.999126728659990526e-01 9.599999999999999159e-03 1.154105819422194222e-02
-2.684159999999999968e+01 1.000000000000000000e+00 1.050000000000000065e-02 0.000000000000000000e+00
-2.684159999999999968e+01 1.000000000000000000e+00 1.269999999999999948e-02 0.000000000000000000e+00
-2.683985400000000610e+01 9.999349517167384072e-01 9.799999999999999684e-03 1.294319695727243376e-02
-2.684159999999999968e+01 1.000000000000000000e+00 1.190000000000000085e-02 0.000000000000000000e+00
-2.684159999999999968e+01 1.000000000000000000e+00 1.110000000000000049e-02 0.000000000000000000e+00
-2.684159999999999968e+01 1.000000000000000000e+00 1.170000000000000033e-02 0.000000000000000000e+00
-2.684159999999999968e+01 1.000000000000000000e+00 1.030000000000000013e-02 0.000000000000000000e+00
-2.684159999999999968e+01 1.000000000000000000e+00 1.089999999999999997e-02 0.000000000000000000e+00
-2.684159999999999968e+01 1.000000000000000000e+00 1.140000000000000041e-02 0.000000000000000000e+00
-2.684159999999999968e+01 1.000000000000000000e+00 1.020000000000000073e-02 0.000000000000000000e+00
-2.684159999999999968e+01 1.000000000000000000e+00 1.170000000000000033e-02 0.000000000000000000e+00
-2.684159999999999968e+01 1.000000000000000000e+00 1.039999999999999952e-02 0.000000000000000000e+00
-2.684159999999999968e+01 1.000000000000000000e+00 1.099999999999999936e-02 0.000000000000000000e+00
-2.683811999999999642e+01 9.998703505007151549e-01 9.700000000000000289e-03 1.988780652774070970e-02
-2.684159999999999968e+01 1.000000000000000000e+00 1.030000000000000013e-02 0.000000000000000000e+00
-2.684159999999999968e+01 1.000000000000000000e+00 1.119999999999999989e-02 0.000000000000000000e+00
-2.684159999999999968e+01 1.000000000000000000e+00 1.009999999999999960e-02 0.000000000000000000e+00
-2.684159999999999968e+01 1.000000000000000000e+00 1.060000000000000005e-02 0.000000000000000000e+00
-2.684159999999999968e+01 1.000000000000000000e+00 1.009999999999999960e-02 0.000000000000000000e+00
-2.683521400000000057e+01 9.997620857176919840e-01 9.400000000000000369e-03 2.594396845106573465e-02
-2.683695999999999771e+01 9.998271340009536878e-01 9.599999999999999159e-03 2.284578072576411503e-02
-2.684159999999999968e+01 1.000000000000000000e+00 1.159999999999999920e-02 0.000000000000000000e+00
-2.684159999999999968e+01 1.000000000000000000e+00 1.209999999999999964e-02 0.000000000000000000e+00
-2.684159999999999968e+01 1.000000000000000000e+00 1.110000000000000049e-02 0.000000000000000000e+00
-2.684159999999999968e+01 1.000000000000000000e+00 1.170000000000000033e-02 0.000000000000000000e+00
-2.684159999999999968e+01 1.000000000000000000e+00 1.009999999999999960e-02 0.000000000000000000e+00
-2.684159999999999968e+01 1.000000000000000000e+00 1.200000000000000025e-02 0.000000000000000000e+00
-2.684159999999999968e+01 1.000000000000000000e+00 1.140000000000000041e-02 0.000000000000000000e+00
-2.684159999999999968e+01 1.000000000000000000e+00 1.099999999999999936e-02 0.000000000000000000e+00
-2.683521400000000057e+01 9.997620857176919840e-01 9.400000000000000369e-03 2.594396845106573465e-02
-2.684159999999999968e+01 1.000000000000000000e+00 1.089999999999999997e-02 0.000000000000000000e+00
-2.682883999999999602e+01 9.995246185026226415e-01 8.899999999999999925e-03 3.647806037728543171e-02
-2.684159999999999968e+01 1.000000000000000000e+00 1.000000000000000021e-02 0.000000000000000000e+00
-2.684159999999999968e+01 1.000000000000000000e+00 1.080000000000000057e-02 0.000000000000000000e+00
-2.684159999999999968e+01 1.000000000000000000e+00 1.050000000000000065e-02 0.000000000000000000e+00
-2.684159999999999968e+01 1.000000000000000000e+00 1.009999999999999960e-02 0.000000000000000000e+00
-2.684159999999999968e+01 1.000000000000000000e+00 1.030000000000000013e-02 0.000000000000000000e+00
-2.683866999999999692e+01 9.998908410824987048e-01 9.499999999999999764e-03 1.283591473447444863e-02
-2.684159999999999968e+01 1.000000000000000000e+00 1.080000000000000057e-02 0.000000000000000000e+00
-2.684159999999999968e+01 1.000000000000000000e+00 1.260000000000000009e-02 0.000000000000000000e+00
-2.684159999999999968e+01 1.000000000000000000e+00 1.119999999999999989e-02 0.000000000000000000e+00
-2.684159999999999968e+01 1.000000000000000000e+00 1.000000000000000021e-02 0.000000000000000000e+00
-2.684101399999999416e+01 9.999781682164995411e-01 9.900000000000000813e-03 5.859999999999826285e-03
-2.684159999999999968e+01 1.000000000000000000e+00 1.179999999999999973e-02 0.000000000000000000e+00
-2.683811999999999642e+01 9.998703505007151549e-01 9.700000000000000289e-03 1.988780652774070970e-02
-2.684159999999999968e+01 1.000000000000000000e+00 1.200000000000000025e-02 0.000000000000000000e+00
-2.684159999999999968e+01 1.000000000000000000e+00 1.060000000000000005e-02 0.000000000000000000e+00
-2.684159999999999968e+01 1.000000000000000000e+00 1.060000000000000005e-02 0.000000000000000000e+00
-2.684159999999999968e+01 1.000000000000000000e+00 1.179999999999999973e-02 0.000000000000000000e+00
-2.684159999999999968e+01 1.000000000000000000e+00 1.280000000000000061e-02 0.000000000000000000e+00
-2.684159999999999968e+01 1.000000000000000000e+00 1.209999999999999964e-02 0.000000000000000000e+00
-2.684159999999999968e+01 1.000000000000000000e+00 1.129999999999999928e-02 0.000000000000000000e+00
-2.684159999999999968e+01 1.000000000000000000e+00 1.140000000000000041e-02 0.000000000000000000e+00
-2.684159999999999968e+01 1.000000000000000000e+00 1.179999999999999973e-02 0.000000000000000000e+00
-2.684159999999999968e+01 1.000000000000000000e+00 1.039999999999999952e-02 0.000000000000000000e+00
-2.684159999999999968e+01 1.000000000000000000e+00 1.009999999999999960e-02 0.000000000000000000e+00
-2.684159999999999968e+01 1.000000000000000000e+00 1.000000000000000021e-02 0.000000000000000000e+00
-2.684159999999999968e+01 1.000000000000000000e+00 1.129999999999999928e-02 0.000000000000000000e+00
-2.684159999999999968e+01 1.000000000000000000e+00 1.119999999999999989e-02 0.000000000000000000e+00
-2.684159999999999968e+01 1.000000000000000000e+00 1.220000000000000077e-02 0.000000000000000000e+00
-2.684159999999999968e+01 1.000000000000000000e+00 1.110000000000000049e-02 0.000000000000000000e+00
-2.682941399999999987e+01 9.995460032188840938e-01 8.899999999999999925e-03 3.526868018540237765e-02
-2.684159999999999968e+01 1.000000000000000000e+00 1.159999999999999920e-02 0.000000000000000000e+00
-2.681866400000000183e+01 9.991455054840249206e-01 8.699999999999999400e-03 7.417961755499985488e-02
-2.684159999999999968e+01 1.000000000000000000e+00 1.030000000000000013e-02 0.000000000000000000e+00
-2.683985400000000610e+01 9.999349517167384072e-01 9.799999999999999684e-03 1.294319695727243376e-02
-2.684159999999999968e+01 1.000000000000000000e+00 1.250000000000000069e-02 0.000000000000000000e+00
-2.684159999999999968e+01 1.000000000000000000e+00 1.190000000000000085e-02 0.000000000000000000e+00
-2.683578799999999376e+01 9.997834704339529921e-01 9.400000000000000369e-03 2.406094652075724608e-02
-2.684159999999999968e+01 1.000000000000000000e+00 1.000000000000000021e-02 0.000000000000000000e+00
-2.684159999999999968e+01 1.000000000000000000e+00 1.000000000000000021e-02 0.000000000000000000e+00
-2.684159999999999968e+01 1.000000000000000000e+00 1.009999999999999960e-02 0.000000000000000000e+00
-2.684159999999999968e+01 1.000000000000000000e+00 1.080000000000000057e-02 0.000000000000000000e+00
-2.684042799999999929e+01 9.999563364329995263e-01 9.799999999999999684e-03 8.245330236386355302e-03
-2.684159999999999968e+01 1.000000000000000000e+00 1.099999999999999936e-02 0.000000000000000000e+00
-2.684159999999999968e+01 1.000000000000000000e+00 1.129999999999999928e-02 0.000000000000000000e+00
-2.682593400000000017e+01 9.994163537195994707e-01 8.600000000000000006e-03 3.941742479891054834e-02
-2.684159999999999968e+01 1.000000000000000000e+00 1.159999999999999920e-02 0.000000000000000000e+00
-2.684159999999999968e+01 1.000000000000000000e+00 1.200000000000000025e-02 0.000000000000000000e+00
-2.684159999999999968e+01 1.000000000000000000e+00 1.080000000000000057e-02 0.000000000000000000e+00
-2.684159999999999968e+01 1.000000000000000000e+00 1.119999999999999989e-02 0.000000000000000000e+00
-2.684159999999999968e+01 1.000000000000000000e+00 1.129999999999999928e-02 0.000000000000000000e+00
-2.684159999999999968e+01 1.000000000000000000e+00 1.069999999999999944e-02 0.000000000000000000e+00
-2.684159999999999968e+01 1.000000000000000000e+00 1.020000000000000073e-02 0.000000000000000000e+00
-2.682883999999999602e+01 9.995246185026226415e-01 8.899999999999999925e-03 3.647806037728543171e-02
-2.682999999999999829e+01 9.995678350023843306e-01 8.999999999999999320e-03 3.497531597102049306e-02
-2.682825400000000116e+01 9.995027867191226267e-01 8.800000000000000530e-03 3.674075000746585690e-02
-2.684159999999999968e+01 1.000000000000000000e+00 1.060000000000000005e-02 0.000000000000000000e+00
-2.684159999999999968e+01 1.000000000000000000e+00 1.140000000000000041e-02 0.000000000000000000e+00
-2.683462799999999859e+01 9.997402539341916361e-01 9.299999999999999239e-03 2.645503935114632693e-02
-2.684159999999999968e+01 1.000000000000000000e+00 1.159999999999999920e-02 0.000000000000000000e+00
-2.683173400000000086e+01 9.996324362184072498e-01 9.100000000000000450e-03 3.199560645343709625e-02
-2.684101399999999416e+01 9.999781682164995411e-01 9.900000000000000813e-03 5.859999999999826285e-03
-2.684159999999999968e+01 1.000000000000000000e+00 1.200000000000000025e-02 0.000000000000000000e+00
-2.684159999999999968e+01 1.000000000000000000e+00 1.030000000000000013e-02 0.000000000000000000e+00
-2.684159999999999968e+01 1.000000000000000000e+00 1.050000000000000065e-02 0.000000000000000000e+00
-2.684159999999999968e+01 1.000000000000000000e+00 1.230000000000000017e-02 0.000000000000000000e+00
-2.684159999999999968e+01 1.000000000000000000e+00 1.039999999999999952e-02 0.000000000000000000e+00
-2.684043999999999741e+01 9.999567835002383109e-01 9.900000000000000813e-03 1.159999999999993155e-02
-2.684159999999999968e+01 1.000000000000000000e+00 1.039999999999999952e-02 0.000000000000000000e+00
-2.684159999999999968e+01 1.000000000000000000e+00 1.089999999999999997e-02 0.000000000000000000e+00
-2.684101399999999416e+01 9.999781682164995411e-01 9.900000000000000813e-03 5.859999999999826285e-03
-2.684101399999999416e+01 9.999781682164995411e-01 9.900000000000000813e-03 5.859999999999826285e-03
-2.684159999999999968e+01 1.000000000000000000e+00 1.080000000000000057e-02 0.000000000000000000e+00
-2.684159999999999968e+01 1.000000000000000000e+00 1.089999999999999997e-02 0.000000000000000000e+00
-2.684159999999999968e+01 1.000000000000000000e+00 1.020000000000000073e-02 0.000000000000000000e+00
-2.684159999999999968e+01 1.000000000000000000e+00 1.129999999999999928e-02 0.000000000000000000e+00
-2.684159999999999968e+01 1.000000000000000000e+00 1.099999999999999936e-02 0.000000000000000000e+00
-2.684159999999999968e+01 1.000000000000000000e+00 1.099999999999999936e-02 0.000000000000000000e+00
-2.683405400000000185e+01 9.997188692179304059e-01 9.299999999999999239e-03 2.815465018913790307e-02
-2.684159999999999968e+01 1.000000000000000000e+00 1.220000000000000077e-02 0.000000000000000000e+00
-2.684159999999999968e+01 1.000000000000000000e+00 1.129999999999999928e-02 0.000000000000000000e+00
-2.684159999999999968e+01 1.000000000000000000e+00 1.089999999999999997e-02 0.000000000000000000e+00
-2.684159999999999968e+01 1.000000000000000000e+00 1.179999999999999973e-02 0.000000000000000000e+00
-2.683925599999999889e+01 9.999126728659990526e-01 9.599999999999999159e-03 1.154105819422193008e-02
-2.684159999999999968e+01 1.000000000000000000e+00 1.110000000000000049e-02 0.000000000000000000e+00
-2.684159999999999968e+01 1.000000000000000000e+00 1.030000000000000013e-02 0.000000000000000000e+00
-2.684159999999999968e+01 1.000000000000000000e+00 1.200000000000000025e-02 0.000000000000000000e+00
-2.684159999999999968e+01 1.000000000000000000e+00 1.149999999999999981e-02 0.000000000000000000e+00
-2.684101399999999416e+01 9.999781682164995411e-01 9.900000000000000813e-03 5.859999999999826285e-03
-2.683753400000000156e+01 9.998485187172151401e-01 9.599999999999999159e-03 2.063358163065949491e-02
-2.684159999999999968e+01 1.000000000000000000e+00 1.170000000000000033e-02 0.000000000000000000e+00
-2.683520199999999534e+01 9.997616386504528663e-01 9.299999999999999239e-03 2.462495236112898986e-02
-2.684159999999999968e+01 1.000000000000000000e+00 1.159999999999999920e-02 0.000000000000000000e+00
-2.684159999999999968e+01 1.000000000000000000e+00 1.030000000000000013e-02 0.000000000000000000e+00
-2.684159999999999968e+01 1.000000000000000000e+00 1.179999999999999973e-02 0.000000000000000000e+00
-2.684159999999999968e+01 1.000000000000000000e+00 1.220000000000000077e-02 0.000000000000000000e+00
-2.684159999999999968e+01 1.000000000000000000e+00 1.220000000000000077e-02 0.000000000000000000e+00
-2.683926800000000057e+01 9.999131199332379483e-01 9.700000000000000289e-03 1.413502619935882998e-02
-2.684159999999999968e+01 1.000000000000000000e+00 1.119999999999999989e-02 0.000000000000000000e+00
-2.684159999999999968e+01 1.000000000000000000e+00 1.129999999999999928e-02 0.000000000000000000e+00
-2.684159999999999968e+01 1.000000000000000000e+00 1.179999999999999973e-02 0.000000000000000000e+00
-2.684159999999999968e+01 1.000000000000000000e+00 1.030000000000000013e-02 0.000000000000000000e+00
-2.684159999999999968e+01 1.000000000000000000e+00 1.159999999999999920e-02 0.000000000000000000e+00
-2.684159999999999968e+01 1.000000000000000000e+00 1.099999999999999936e-02 0.000000000000000000e+00
-2.684159999999999968e+01 1.000000000000000000e+00 1.140000000000000041e-02 0.000000000000000000e+00
-2.684159999999999968e+01 1.000000000000000000e+00 1.159999999999999920e-02 0.000000000000000000e+00
-2.682940200000000175e+01 9.995455561516453091e-01 8.800000000000000530e-03 3.430798705487637240e-02
-2.683985400000000610e+01 9.999349517167384072e-01 9.799999999999999684e-03 1.294319695727243376e-02
-2.684159999999999968e+01 1.000000000000000000e+00 1.269999999999999948e-02 0.000000000000000000e+00
-2.684159999999999968e+01 1.000000000000000000e+00 1.039999999999999952e-02 0.000000000000000000e+00
-2.684159999999999968e+01 1.000000000000000000e+00 1.089999999999999997e-02 0.000000000000000000e+00
-2.684159999999999968e+01 1.000000000000000000e+00 1.099999999999999936e-02 0.000000000000000000e+00
-2.684159999999999968e+01 1.000000000000000000e+00 1.290000000000000001e-02 0.000000000000000000e+00
-2.684159999999999968e+01 1.000000000000000000e+00 1.250000000000000069e-02 0.000000000000000000e+00
-2.684159999999999968e+01 1.000000000000000000e+00 1.140000000000000041e-02 0.000000000000000000e+00
-2.684159999999999968e+01 1.000000000000000000e+00 1.089999999999999997e-02 0.000000000000000000e+00
-2.681442999999999799e+01 9.989877652598950775e-01 7.900000000000000772e-03 5.970534635891790870e-02
-2.684159999999999968e+01 1.000000000000000000e+00 1.179999999999999973e-02 0.000000000000000000e+00
-2.684159999999999968e+01 1.000000000000000000e+00 1.080000000000000057e-02 0.000000000000000000e+00
-2.683753400000000156e+01 9.998485187172151401e-01 9.599999999999999159e-03 2.063358163065949491e-02
-2.684159999999999968e+01 1.000000000000000000e+00 1.050000000000000065e-02 0.000000000000000000e+00
-2.684159999999999968e+01 1.000000000000000000e+00 1.200000000000000025e-02 0.000000000000000000e+00
-2.684159999999999968e+01 1.000000000000000000e+00 1.089999999999999997e-02 0.000000000000000000e+00
-2.683984200000000087e+01 9.999345046494992895e-01 9.700000000000000289e-03 1.004677122866877610e-02
-2.684159999999999968e+01 1.000000000000000000e+00 1.069999999999999944e-02 0.000000000000000000e+00
-2.684159999999999968e+01 1.000000000000000000e+00 1.099999999999999936e-02 0.000000000000000000e+00
-2.684159999999999968e+01 1.000000000000000000e+00 1.190000000000000085e-02 0.000000000000000000e+00
-2.684159999999999968e+01 1.000000000000000000e+00 1.009999999999999960e-02 0.000000000000000000e+00
-2.684159999999999968e+01 1.000000000000000000e+00 1.020000000000000073e-02 0.000000000000000000e+00
-2.684159999999999968e+01 1.000000000000000000e+00 1.050000000000000065e-02 0.000000000000000000e+00
-2.678293400000000091e+01 9.978143627801622229e-01 7.799999999999999642e-03 1.299446659392392844e-01
-2.684159999999999968e+01 1.000000000000000000e+00 1.030000000000000013e-02 0.000000000000000000e+00
-2.683462799999999859e+01 9.997402539341916361e-01 9.299999999999999239e-03 2.645503935114632693e-02
-2.684159999999999968e+01 1.000000000000000000e+00 1.050000000000000065e-02 0.000000000000000000e+00
-2.684159999999999968e+01 1.000000000000000000e+00 1.370000000000000037e-02 0.000000000000000000e+00
-2.684159999999999968e+01 1.000000000000000000e+00 1.060000000000000005e-02 0.000000000000000000e+00
-2.684159999999999968e+01 1.000000000000000000e+00 1.110000000000000049e-02 0.000000000000000000e+00
-2.684159999999999968e+01 1.000000000000000000e+00 1.050000000000000065e-02 0.000000000000000000e+00
-2.684159999999999968e+01 1.000000000000000000e+00 1.069999999999999944e-02 0.000000000000000000e+00
-2.684159999999999968e+01 1.000000000000000000e+00 1.179999999999999973e-02 0.000000000000000000e+00
-2.684159999999999968e+01 1.000000000000000000e+00 1.069999999999999944e-02 0.000000000000000000e+00
-2.683984200000000087e+01 9.999345046494992895e-01 9.700000000000000289e-03 1.004677122866877610e-02
-2.684159999999999968e+01 1.000000000000000000e+00 1.110000000000000049e-02 0.000000000000000000e+00
-2.684159999999999968e+01 1.000000000000000000e+00 1.170000000000000033e-02 0.000000000000000000e+00
-2.684159999999999968e+01 1.000000000000000000e+00 1.050000000000000065e-02 0.000000000000000000e+00
-2.684159999999999968e+01 1.000000000000000000e+00 1.000000000000000021e-02 0.000000000000000000e+00
-2.683345599999999820e+01 9.996965903671911624e-01 9.100000000000000450e-03 2.741071205484319276e-02
-2.684159999999999968e+01 1.000000000000000000e+00 1.009999999999999960e-02 0.000000000000000000e+00
-2.684159999999999968e+01 1.000000000000000000e+00 1.140000000000000041e-02 0.000000000000000000e+00
-2.684159999999999968e+01 1.000000000000000000e+00 1.110000000000000049e-02 0.000000000000000000e+00
-2.678303000000000011e+01 9.978179393180734991e-01 8.099999999999999561e-03 1.343374504970988315e-01
-2.684159999999999968e+01 1.000000000000000000e+00 1.140000000000000041e-02 0.000000000000000000e+00
-2.684159999999999968e+01 1.000000000000000000e+00 1.069999999999999944e-02 0.000000000000000000e+00
-2.684159999999999968e+01 1.000000000000000000e+00 1.119999999999999989e-02 0.000000000000000000e+00
-2.684159999999999968e+01 1.000000000000000000e+00 1.060000000000000005e-02 0.000000000000000000e+00
-2.684159999999999968e+01 1.000000000000000000e+00 1.230000000000000017e-02 0.000000000000000000e+00
-2.683869400000000738e+01 9.998917352169769401e-01 9.700000000000000289e-03 1.726252331239869903e-02
-2.683637400000000284e+01 9.998053022174536730e-01 9.499999999999999764e-03 2.346862345491706678e-02
-2.684159999999999968e+01 1.000000000000000000e+00 1.140000000000000041e-02 0.000000000000000000e+00
-2.684159999999999968e+01 1.000000000000000000e+00 1.089999999999999997e-02 0.000000000000000000e+00
-2.684159999999999968e+01 1.000000000000000000e+00 1.099999999999999936e-02 0.000000000000000000e+00
-2.684159999999999968e+01 1.000000000000000000e+00 1.129999999999999928e-02 0.000000000000000000e+00
-2.683984200000000087e+01 9.999345046494992895e-01 9.700000000000000289e-03 1.004677122866877610e-02
-2.684159999999999968e+01 1.000000000000000000e+00 1.119999999999999989e-02 0.000000000000000000e+00
-2.683405400000000185e+01 9.997188692179304059e-01 9.299999999999999239e-03 2.815465018913790307e-02
-2.684159999999999968e+01 1.000000000000000000e+00 1.080000000000000057e-02 0.000000000000000000e+00
-2.684159999999999968e+01 1.000000000000000000e+00 1.319999999999999993e-02 0.000000000000000000e+00
-2.684159999999999968e+01 1.000000000000000000e+00 1.020000000000000073e-02 0.000000000000000000e+00
-2.683521400000000057e+01 9.997620857176919840e-01 9.400000000000000369e-03 2.594396845106573465e-02
-2.684159999999999968e+01 1.000000000000000000e+00 1.179999999999999973e-02 0.000000000000000000e+00
-2.684159999999999968e+01 1.000000000000000000e+00 1.039999999999999952e-02 0.000000000000000000e+00
-2.684159999999999968e+01 1.000000000000000000e+00 1.110000000000000049e-02 0.000000000000000000e+00
-2.684159999999999968e+01 1.000000000000000000e+00 1.209999999999999964e-02 0.000000000000000000e+00
-2.683579999999999899e+01 9.997839175011921098e-01 9.499999999999999764e-03 2.540897797268041117e-02
-2.684159999999999968e+01 1.000000000000000000e+00 1.030000000000000013e-02 0.000000000000000000e+00
-2.684159999999999968e+01 1.000000000000000000e+00 1.050000000000000065e-02 0.000000000000000000e+00
-2.684159999999999968e+01 1.000000000000000000e+00 1.119999999999999989e-02 0.000000000000000000e+00
-2.684159999999999968e+01 1.000000000000000000e+00 1.069999999999999944e-02 0.000000000000000000e+00
-2.683637400000000284e+01 9.998053022174536730e-01 9.499999999999999764e-03 2.346862345491706678e-02
-2.684159999999999968e+01 1.000000000000000000e+00 1.050000000000000065e-02 0.000000000000000000e+00
-2.684159999999999968e+01 1.000000000000000000e+00 1.000000000000000021e-02 0.000000000000000000e+00
-2.683811999999999642e+01 9.998703505007151549e-01 9.700000000000000289e-03 1.988780652774070970e-02
-2.684159999999999968e+01 1.000000000000000000e+00 1.119999999999999989e-02 0.000000000000000000e+00
-2.684159999999999968e+01 1.000000000000000000e+00 1.179999999999999973e-02 0.000000000000000000e+00
-2.683694799999999248e+01 9.998266869337145701e-01 9.499999999999999764e-03 2.133707580809512602e-02
-2.683113600000000432e+01 9.996101573676682284e-01 8.899999999999999925e-03 3.129822507634071049e-02
-2.684159999999999968e+01 1.000000000000000000e+00 1.089999999999999997e-02 0.000000000000000000e+00
-2.684159999999999968e+01 1.000000000000000000e+00 1.159999999999999920e-02 0.000000000000000000e+00
-2.684159999999999968e+01 1.000000000000000000e+00 1.030000000000000013e-02 0.000000000000000000e+00
-2.684159999999999968e+01 1.000000000000000000e+00 1.039999999999999952e-02 0.000000000000000000e+00
-2.684159999999999968e+01 1.000000000000000000e+00 1.159999999999999920e-02 0.000000000000000000e+00
-2.684159999999999968e+01 1.000000000000000000e+00 1.110000000000000049e-02 0.000000000000000000e+00
-2.684159999999999968e+01 1.000000000000000000e+00 1.190000000000000085e-02 0.000000000000000000e+00
-2.684159999999999968e+01 1.000000000000000000e+00 1.060000000000000005e-02 0.000000000000000000e+00
-2.684101399999999416e+01 9.999781682164995411e-01 9.900000000000000813e-03 5.859999999999826285e-03
-2.684101399999999416e+01 9.999781682164995411e-01 9.900000000000000813e-03 5.859999999999826285e-03
-2.684159999999999968e+01 1.000000000000000000e+00 1.080000000000000057e-02 0.000000000000000000e+00
-2.682940200000000175e+01 9.995455561516453091e-01 8.800000000000000530e-03 3.430798705487637240e-02
-2.684159999999999968e+01 1.000000000000000000e+00 1.200000000000000025e-02 0.000000000000000000e+00
-2.684101399999999416e+01 9.999781682164995411e-01 9.900000000000000813e-03 5.859999999999826285e-03
-2.684159999999999968e+01 1.000000000000000000e+00 1.069999999999999944e-02 0.000000000000000000e+00
-2.684159999999999968e+01 1.000000000000000000e+00 1.030000000000000013e-02 0.000000000000000000e+00
-2.684159999999999968e+01 1.000000000000000000e+00 1.280000000000000061e-02 0.000000000000000000e+00
-2.682940200000000175e+01 9.995455561516453091e-01 8.800000000000000530e-03 3.430798705487637240e-02
-2.684159999999999968e+01 1.000000000000000000e+00 1.039999999999999952e-02 0.000000000000000000e+00
-2.684159999999999968e+01 1.000000000000000000e+00 1.209999999999999964e-02 0.000000000000000000e+00
-2.683869400000000738e+01 9.998917352169769401e-01 9.700000000000000289e-03 1.726252331239869903e-02
-2.682941399999999987e+01 9.995460032188840938e-01 8.899999999999999925e-03 3.526868018540237765e-02
-2.684159999999999968e+01 1.000000000000000000e+00 1.230000000000000017e-02 0.000000000000000000e+00
-2.684159999999999968e+01 1.000000000000000000e+00 1.089999999999999997e-02 0.000000000000000000e+00
-2.684159999999999968e+01 1.000000000000000000e+00 1.299999999999999940e-02 0.000000000000000000e+00
-2.684159999999999968e+01 1.000000000000000000e+00 1.039999999999999952e-02 0.000000000000000000e+00
-2.684043999999999741e+01 9.999567835002383109e-01 9.900000000000000813e-03 1.159999999999993155e-02
-2.684159999999999968e+01 1.000000000000000000e+00 1.030000000000000013e-02 0.000000000000000000e+00
-2.684159999999999968e+01 1.000000000000000000e+00 1.209999999999999964e-02 0.000000000000000000e+00
-2.683289399999999958e+01 9.996756527181688279e-01 9.199999999999999845e-03 3.015892524141346176e-02
-2.684159999999999968e+01 1.000000000000000000e+00 1.009999999999999960e-02 0.000000000000000000e+00
-2.684159999999999968e+01 1.000000000000000000e+00 1.239999999999999956e-02 0.000000000000000000e+00
-2.684159999999999968e+01 1.000000000000000000e+00 1.250000000000000069e-02 0.000000000000000000e+00
-2.684159999999999968e+01 1.000000000000000000e+00 1.140000000000000041e-02 0.000000000000000000e+00
-2.684159999999999968e+01 1.000000000000000000e+00 1.020000000000000073e-02 0.000000000000000000e+00
-2.684159999999999968e+01 1.000000000000000000e+00 1.220000000000000077e-02 0.000000000000000000e+00
-2.683694799999999248e+01 9.998266869337145701e-01 9.499999999999999764e-03 2.133707580809512602e-02
-2.683289399999999958e+01 9.996756527181688279e-01 9.199999999999999845e-03 3.015892524141346176e-02
-2.683695999999999771e+01 9.998271340009536878e-01 9.599999999999999159e-03 2.284578072576411503e-02
-2.684159999999999968e+01 1.000000000000000000e+00 1.030000000000000013e-02 0.000000000000000000e+00
-2.683230799999999761e+01 9.996538209346684800e-01 9.100000000000000450e-03 3.055476844532560923e-02
-2.684159999999999968e+01 1.000000000000000000e+00 1.190000000000000085e-02 0.000000000000000000e+00
-2.682534799999999819e+01 9.993945219360991228e-01 8.500000000000000611e-03 3.961725590770457522e-02
-2.684159999999999968e+01 1.000000000000000000e+00 1.050000000000000065e-02 0.000000000000000000e+00
-2.684159999999999968e+01 1.000000000000000000e+00 1.179999999999999973e-02 0.000000000000000000e+00
-2.684159999999999968e+01 1.000000000000000000e+00 1.349999999999999985e-02 0.000000000000000000e+00
-2.684159999999999968e+01 1.000000000000000000e+00 1.000000000000000021e-02 0.000000000000000000e+00
-2.684159999999999968e+01 1.000000000000000000e+00 1.170000000000000033e-02 0.000000000000000000e+00
-2.684159999999999968e+01 1.000000000000000000e+00 1.030000000000000013e-02 0.000000000000000000e+00
-2.684159999999999968e+01 1.000000000000000000e+00 1.030000000000000013e-02 0.000000000000000000e+00
-2.684159999999999968e+01 1.000000000000000000e+00 1.269999999999999948e-02 0.000000000000000000e+00
-2.681906999999999286e+01 9.991606312589410566e-01 8.300000000000000086e-03 5.704374628212070808e-02
-2.684159999999999968e+01 1.000000000000000000e+00 1.119999999999999989e-02 0.000000000000000000e+00
-2.684159999999999968e+01 1.000000000000000000e+00 1.329999999999999932e-02 0.000000000000000000e+00
-2.684159999999999968e+01 1.000000000000000000e+00 1.239999999999999956e-02 0.000000000000000000e+00
-2.683694799999999248e+01 9.998266869337145701e-01 9.499999999999999764e-03 2.133707580809512602e-02
-2.684159999999999968e+01 1.000000000000000000e+00 1.060000000000000005e-02 0.000000000000000000e+00
-2.684159999999999968e+01 1.000000000000000000e+00 1.250000000000000069e-02 0.000000000000000000e+00
-2.684159999999999968e+01 1.000000000000000000e+00 1.149999999999999981e-02 0.000000000000000000e+00
-2.684159999999999968e+01 1.000000000000000000e+00 1.050000000000000065e-02 0.000000000000000000e+00
-2.684159999999999968e+01 1.000000000000000000e+00 1.190000000000000085e-02 0.000000000000000000e+00
-2.684159999999999968e+01 1.000000000000000000e+00 1.069999999999999944e-02 0.000000000000000000e+00
-2.684159999999999968e+01 1.000000000000000000e+00 1.020000000000000073e-02 0.000000000000000000e+00
-2.684101399999999416e+01 9.999781682164995411e-01 9.900000000000000813e-03 5.859999999999826285e-03
-2.684159999999999968e+01 1.000000000000000000e+00 1.030000000000000013e-02 0.000000000000000000e+00
-2.684101399999999416e+01 9.999781682164995411e-01 9.900000000000000813e-03 5.859999999999826285e-03
-2.683405400000000185e+01 9.997188692179304059e-01 9.299999999999999239e-03 2.815465018913790307e-02
-2.682999999999999829e+01 9.995678350023843306e-01 8.999999999999999320e-03 3.497531597102049306e-02
-2.684159999999999968e+01 1.000000000000000000e+00 1.239999999999999956e-02 0.000000000000000000e+00
-2.684159999999999968e+01 1.000000000000000000e+00 1.409999999999999969e-02 0.000000000000000000e+00
-2.684159999999999968e+01 1.000000000000000000e+00 1.159999999999999920e-02 0.000000000000000000e+00
-2.683752200000000343e+01 9.998480716499762444e-01 9.499999999999999764e-03 1.894992646770185182e-02
-2.684159999999999968e+01 1.000000000000000000e+00 1.230000000000000017e-02 0.000000000000000000e+00
-2.684159999999999968e+01 1.000000000000000000e+00 1.000000000000000021e-02 0.000000000000000000e+00
-2.684159999999999968e+01 1.000000000000000000e+00 1.020000000000000073e-02 0.000000000000000000e+00
-2.684042799999999929e+01 9.999563364329995263e-01 9.799999999999999684e-03 8.245330236386355302e-03
-2.684159999999999968e+01 1.000000000000000000e+00 1.179999999999999973e-02 0.000000000000000000e+00
-2.684159999999999968e+01 1.000000000000000000e+00 1.159999999999999920e-02 0.000000000000000000e+00
-2.684159999999999968e+01 1.000000000000000000e+00 1.239999999999999956e-02 0.000000000000000000e+00
-2.682999999999999829e+01 9.995678350023843306e-01 8.999999999999999320e-03 3.497531597102049306e-02
-2.683173400000000086e+01 9.996324362184072498e-01 9.100000000000000450e-03 3.199560645343709625e-02
-2.684159999999999968e+01 1.000000000000000000e+00 1.110000000000000049e-02 0.000000000000000000e+00
-2.684159999999999968e+01 1.000000000000000000e+00 1.179999999999999973e-02 0.000000000000000000e+00
-2.684159999999999968e+01 1.000000000000000000e+00 1.310000000000000053e-02 0.000000000000000000e+00
-2.684159999999999968e+01 1.000000000000000000e+00 1.110000000000000049e-02 0.000000000000000000e+00
-2.684159999999999968e+01 1.000000000000000000e+00 1.200000000000000025e-02 0.000000000000000000e+00
-2.684159999999999968e+01 1.000000000000000000e+00 1.239999999999999956e-02 0.000000000000000000e+00
-2.684159999999999968e+01 1.000000000000000000e+00 1.140000000000000041e-02 0.000000000000000000e+00
-2.684159999999999968e+01 1.000000000000000000e+00 1.119999999999999989e-02 0.000000000000000000e+00
-2.684159999999999968e+01 1.000000000000000000e+00 1.190000000000000085e-02 0.000000000000000000e+00
-2.684159999999999968e+01 1.000000000000000000e+00 1.250000000000000069e-02 0.000000000000000000e+00
-2.684159999999999968e+01 1.000000000000000000e+00 1.020000000000000073e-02 0.000000000000000000e+00
-2.684159999999999968e+01 1.000000000000000000e+00 1.119999999999999989e-02 0.000000000000000000e+00
-2.684159999999999968e+01 1.000000000000000000e+00 1.069999999999999944e-02 0.000000000000000000e+00
-2.684159999999999968e+01 1.000000000000000000e+00 1.039999999999999952e-02 0.000000000000000000e+00
-2.684159999999999968e+01 1.000000000000000000e+00 1.290000000000000001e-02 0.000000000000000000e+00
-2.684159999999999968e+01 1.000000000000000000e+00 1.119999999999999989e-02 0.000000000000000000e+00
-2.684159999999999968e+01 1.000000000000000000e+00 1.000000000000000021e-02 0.000000000000000000e+00
-2.684159999999999968e+01 1.000000000000000000e+00 1.099999999999999936e-02 0.000000000000000000e+00
-2.683579999999999899e+01 9.997839175011921098e-01 9.499999999999999764e-03 2.540897797268041117e-02
-2.684159999999999968e+01 1.000000000000000000e+00 1.089999999999999997e-02 0.000000000000000000e+00
-2.684159999999999968e+01 1.000000000000000000e+00 1.099999999999999936e-02 0.000000000000000000e+00
-2.684159999999999968e+01 1.000000000000000000e+00 1.020000000000000073e-02 0.000000000000000000e+00
-2.684159999999999968e+01 1.000000000000000000e+00 1.020000000000000073e-02 0.000000000000000000e+00
-2.684159999999999968e+01 1.000000000000000000e+00 1.140000000000000041e-02 0.000000000000000000e+00
-2.684159999999999968e+01 1.000000000000000000e+00 1.290000000000000001e-02 0.000000000000000000e+00
-2.684159999999999968e+01 1.000000000000000000e+00 1.039999999999999952e-02 0.000000000000000000e+00
-2.683637400000000284e+01 9.998053022174536730e-01 9.499999999999999764e-03 2.346862345491706678e-02
-2.684159999999999968e+01 1.000000000000000000e+00 1.009999999999999960e-02 0.000000000000000000e+00
-2.683984200000000087e+01 9.999345046494992895e-01 9.700000000000000289e-03 1.004677122866877610e-02
-2.684159999999999968e+01 1.000000000000000000e+00 1.000000000000000021e-02 0.000000000000000000e+00
-2.682882799999999790e+01 9.995241714353838569e-01 8.800000000000000530e-03 3.554986845931693007e-02
-2.684159999999999968e+01 1.000000000000000000e+00 1.060000000000000005e-02 0.000000000000000000e+00
-2.684159999999999968e+01 1.000000000000000000e+00 1.080000000000000057e-02 0.000000000000000000e+00
-2.684159999999999968e+01 1.000000000000000000e+00 1.140000000000000041e-02 0.000000000000000000e+00
-2.684159999999999968e+01 1.000000000000000000e+00 1.099999999999999936e-02 0.000000000000000000e+00
-2.684101399999999416e+01 9.999781682164995411e-01 9.900000000000000813e-03 5.859999999999826285e-03
-2.684159999999999968e+01 1.000000000000000000e+00 1.020000000000000073e-02 0.000000000000000000e+00
-2.684159999999999968e+01 1.000000000000000000e+00 1.069999999999999944e-02 0.000000000000000000e+00
-2.684159999999999968e+01 1.000000000000000000e+00 1.030000000000000013e-02 0.000000000000000000e+00
-2.684101399999999416e+01 9.999781682164995411e-01 9.900000000000000813e-03 5.859999999999826285e-03
-2.684159999999999968e+01 1.000000000000000000e+00 1.110000000000000049e-02 0.000000000000000000e+00
-2.684042799999999929e+01 9.999563364329995263e-01 9.799999999999999684e-03 8.245330236386365710e-03
-2.684159999999999968e+01 1.000000000000000000e+00 1.250000000000000069e-02 0.000000000000000000e+00
-2.684159999999999968e+01 1.000000000000000000e+00 1.069999999999999944e-02 0.000000000000000000e+00
-2.684159999999999968e+01 1.000000000000000000e+00 1.170000000000000033e-02 0.000000000000000000e+00
-2.684159999999999968e+01 1.000000000000000000e+00 1.080000000000000057e-02 0.000000000000000000e+00
-2.684159999999999968e+01 1.000000000000000000e+00 1.140000000000000041e-02 0.000000000000000000e+00
-2.684159999999999968e+01 1.000000000000000000e+00 1.260000000000000009e-02 0.000000000000000000e+00
-2.684159999999999968e+01 1.000000000000000000e+00 1.069999999999999944e-02 0.000000000000000000e+00
-2.684101399999999416e+01 9.999781682164995411e-01 9.900000000000000813e-03 5.859999999999826285e-03
-2.684159999999999968e+01 1.000000000000000000e+00 1.099999999999999936e-02 0.000000000000000000e+00
-2.684159999999999968e+01 1.000000000000000000e+00 1.000000000000000021e-02 0.000000000000000000e+00
-2.684159999999999968e+01 1.000000000000000000e+00 1.039999999999999952e-02 0.000000000000000000e+00
-2.684159999999999968e+01 1.000000000000000000e+00 1.159999999999999920e-02 0.000000000000000000e+00
-2.684159999999999968e+01 1.000000000000000000e+00 1.020000000000000073e-02 0.000000000000000000e+00
-2.684159999999999968e+01 1.000000000000000000e+00 1.280000000000000061e-02 0.000000000000000000e+00
-2.684159999999999968e+01 1.000000000000000000e+00 1.220000000000000077e-02 0.000000000000000000e+00
-2.683984200000000087e+01 9.999345046494992895e-01 9.700000000000000289e-03 1.004677122866877610e-02
-2.684159999999999968e+01 1.000000000000000000e+00 1.220000000000000077e-02 0.000000000000000000e+00
-2.684159999999999968e+01 1.000000000000000000e+00 1.140000000000000041e-02 0.000000000000000000e+00
-2.684159999999999968e+01 1.000000000000000000e+00 1.080000000000000057e-02 0.000000000000000000e+00
-2.684159999999999968e+01 1.000000000000000000e+00 1.370000000000000037e-02 0.000000000000000000e+00
-2.684159999999999968e+01 1.000000000000000000e+00 1.149999999999999981e-02 0.000000000000000000e+00
-2.682822999999999780e+01 9.995018925846446134e-01 8.600000000000000006e-03 3.487323508440980796e-02
-2.684159999999999968e+01 1.000000000000000000e+00 1.250000000000000069e-02 0.000000000000000000e+00
-2.684159999999999968e+01 1.000000000000000000e+00 1.140000000000000041e-02 0.000000000000000000e+00
-2.684159999999999968e+01 1.000000000000000000e+00 1.039999999999999952e-02 0.000000000000000000e+00
-2.684159999999999968e+01 1.000000000000000000e+00 1.089999999999999997e-02 0.000000000000000000e+00
-2.684159999999999968e+01 1.000000000000000000e+00 1.129999999999999928e-02 0.000000000000000000e+00
-2.684159999999999968e+01 1.000000000000000000e+00 1.060000000000000005e-02 0.000000000000000000e+00
-2.684159999999999968e+01 1.000000000000000000e+00 1.179999999999999973e-02 0.000000000000000000e+00
-2.684159999999999968e+01 1.000000000000000000e+00 1.099999999999999936e-02 0.000000000000000000e+00
-2.684159999999999968e+01 1.000000000000000000e+00 1.099999999999999936e-02 0.000000000000000000e+00
-2.684159999999999968e+01 1.000000000000000000e+00 1.110000000000000049e-02 0.000000000000000000e+00
-2.684159999999999968e+01 1.000000000000000000e+00 1.089999999999999997e-02 0.000000000000000000e+00
-2.684159999999999968e+01 1.000000000000000000e+00 1.080000000000000057e-02 0.000000000000000000e+00
-2.684159999999999968e+01 1.000000000000000000e+00 1.230000000000000017e-02 0.000000000000000000e+00
-2.684159999999999968e+01 1.000000000000000000e+00 1.190000000000000085e-02 0.000000000000000000e+00
-2.684159999999999968e+01 1.000000000000000000e+00 1.190000000000000085e-02 0.000000000000000000e+00
-2.684159999999999968e+01 1.000000000000000000e+00 1.089999999999999997e-02 0.000000000000000000e+00
-2.684159999999999968e+01 1.000000000000000000e+00 1.280000000000000061e-02 0.000000000000000000e+00
-2.684159999999999968e+01 1.000000000000000000e+00 1.099999999999999936e-02 0.000000000000000000e+00
-2.683985400000000610e+01 9.999349517167384072e-01 9.799999999999999684e-03 1.294319695727243376e-02
-2.684159999999999968e+01 1.000000000000000000e+00 1.179999999999999973e-02 0.000000000000000000e+00
-2.684159999999999968e+01 1.000000000000000000e+00 1.009999999999999960e-02 0.000000000000000000e+00
-2.684159999999999968e+01 1.000000000000000000e+00 1.140000000000000041e-02 0.000000000000000000e+00
-2.684159999999999968e+01 1.000000000000000000e+00 1.170000000000000033e-02 0.000000000000000000e+00
-2.684159999999999968e+01 1.000000000000000000e+00 1.149999999999999981e-02 0.000000000000000000e+00
-2.684159999999999968e+01 1.000000000000000000e+00 1.110000000000000049e-02 0.000000000000000000e+00
-2.684159999999999968e+01 1.000000000000000000e+00 1.159999999999999920e-02 0.000000000000000000e+00
-2.684159999999999968e+01 1.000000000000000000e+00 1.170000000000000033e-02 0.000000000000000000e+00
-2.683115999999999701e+01 9.996110515021457976e-01 9.100000000000000450e-03 3.336432498670061086e-02
-2.682767999999999731e+01 9.994814020028611745e-01 8.800000000000000530e-03 3.788544135504637311e-02
-2.684159999999999968e+01 1.000000000000000000e+00 1.200000000000000025e-02 0.000000000000000000e+00
-2.684159999999999968e+01 1.000000000000000000e+00 1.069999999999999944e-02 0.000000000000000000e+00
-2.684159999999999968e+01 1.000000000000000000e+00 1.170000000000000033e-02 0.000000000000000000e+00
-2.684159999999999968e+01 1.000000000000000000e+00 1.129999999999999928e-02 0.000000000000000000e+00
-2.684159999999999968e+01 1.000000000000000000e+00 1.020000000000000073e-02 0.000000000000000000e+00
-2.684159999999999968e+01 1.000000000000000000e+00 1.110000000000000049e-02 0.000000000000000000e+00
-2.684159999999999968e+01 1.000000000000000000e+00 1.069999999999999944e-02 0.000000000000000000e+00
-2.684159999999999968e+01 1.000000000000000000e+00 1.000000000000000021e-02 0.000000000000000000e+00
-2.684159999999999968e+01 1.000000000000000000e+00 1.200000000000000025e-02 0.000000000000000000e+00
-2.684159999999999968e+01 1.000000000000000000e+00 1.080000000000000057e-02 0.000000000000000000e+00
-2.684159999999999968e+01 1.000000000000000000e+00 1.069999999999999944e-02 0.000000000000000000e+00
-2.684159999999999968e+01 1.000000000000000000e+00 1.009999999999999960e-02 0.000000000000000000e+00
-2.684159999999999968e+01 1.000000000000000000e+00 1.050000000000000065e-02 0.000000000000000000e+00
-2.684159999999999968e+01 1.000000000000000000e+00 1.290000000000000001e-02 0.000000000000000000e+00
-2.684159999999999968e+01 1.000000000000000000e+00 1.009999999999999960e-02 0.000000000000000000e+00
-2.684159999999999968e+01 1.000000000000000000e+00 1.220000000000000077e-02 0.000000000000000000e+00
-2.684159999999999968e+01 1.000000000000000000e+00 1.099999999999999936e-02 0.000000000000000000e+00
-2.684101399999999416e+01 9.999781682164995411e-01 9.900000000000000813e-03 5.859999999999826285e-03
-2.684101399999999416e+01 9.999781682164995411e-01 9.900000000000000813e-03 5.859999999999826285e-03
-2.684159999999999968e+01 1.000000000000000000e+00 1.220000000000000077e-02 0.000000000000000000e+00
-2.684159999999999968e+01 1.000000000000000000e+00 1.250000000000000069e-02 0.000000000000000000e+00
-2.684159999999999968e+01 1.000000000000000000e+00 1.080000000000000057e-02 0.000000000000000000e+00
-2.684159999999999968e+01 1.000000000000000000e+00 1.170000000000000033e-02 0.000000000000000000e+00
-2.684159999999999968e+01 1.000000000000000000e+00 1.069999999999999944e-02 0.000000000000000000e+00
-2.684159999999999968e+01 1.000000000000000000e+00 1.020000000000000073e-02 0.000000000000000000e+00
-2.684159999999999968e+01 1.000000000000000000e+00 1.080000000000000057e-02 0.000000000000000000e+00
-2.684159999999999968e+01 1.000000000000000000e+00 1.039999999999999952e-02 0.000000000000000000e+00
-2.684159999999999968e+01 1.000000000000000000e+00 1.129999999999999928e-02 0.000000000000000000e+00
-2.684159999999999968e+01 1.000000000000000000e+00 1.000000000000000021e-02 0.000000000000000000e+00
-2.684159999999999968e+01 1.000000000000000000e+00 1.089999999999999997e-02 0.000000000000000000e+00
-2.682825400000000116e+01 9.995027867191226267e-01 8.800000000000000530e-03 3.674075000746585690e-02
-2.684042799999999929e+01 9.999563364329995263e-01 9.799999999999999684e-03 8.245330236386365710e-03
-2.684159999999999968e+01 1.000000000000000000e+00 1.230000000000000017e-02 0.000000000000000000e+00
-2.684159999999999968e+01 1.000000000000000000e+00 1.209999999999999964e-02 0.000000000000000000e+00
-2.684101399999999416e+01 9.999781682164995411e-01 9.900000000000000813e-03 5.859999999999826285e-03
-2.684159999999999968e+01 1.000000000000000000e+00 1.039999999999999952e-02 0.000000000000000000e+00
-2.684159999999999968e+01 1.000000000000000000e+00 1.190000000000000085e-02 0.000000000000000000e+00
-2.684159999999999968e+01 1.000000000000000000e+00 1.299999999999999940e-02 0.000000000000000000e+00
-2.684159999999999968e+01 1.000000000000000000e+00 1.069999999999999944e-02 0.000000000000000000e+00
-2.684159999999999968e+01 1.000000000000000000e+00 1.140000000000000041e-02 0.000000000000000000e+00
-2.684159999999999968e+01 1.000000000000000000e+00 1.000000000000000021e-02 0.000000000000000000e+00
-2.684159999999999968e+01 1.000000000000000000e+00 1.170000000000000033e-02 0.000000000000000000e+00
-2.684159999999999968e+01 1.000000000000000000e+00 1.239999999999999956e-02 0.000000000000000000e+00
-2.683985400000000610e+01 9.999349517167384072e-01 9.799999999999999684e-03 1.294319695727243376e-02
-2.684159999999999968e+01 1.000000000000000000e+00 1.069999999999999944e-02 0.000000000000000000e+00
-2.684159999999999968e+01 1.000000000000000000e+00 1.260000000000000009e-02 0.000000000000000000e+00
-2.683869400000000738e+01 9.998917352169769401e-01 9.700000000000000289e-03 1.726252331239869903e-02
-2.684159999999999968e+01 1.000000000000000000e+00 1.110000000000000049e-02 0.000000000000000000e+00
-2.684159999999999968e+01 1.000000000000000000e+00 1.060000000000000005e-02 0.000000000000000000e+00
-2.683752200000000343e+01 9.998480716499762444e-01 9.499999999999999764e-03 1.894992646770185182e-02
-2.684159999999999968e+01 1.000000000000000000e+00 1.050000000000000065e-02 0.000000000000000000e+00
-2.684159999999999968e+01 1.000000000000000000e+00 1.129999999999999928e-02 0.000000000000000000e+00
-2.684159999999999968e+01 1.000000000000000000e+00 1.039999999999999952e-02 0.000000000000000000e+00
-2.684042799999999929e+01 9.999563364329995263e-01 9.799999999999999684e-03 8.245330236386355302e-03
-2.684159999999999968e+01 1.000000000000000000e+00 1.069999999999999944e-02 0.000000000000000000e+00
-2.684159999999999968e+01 1.000000000000000000e+00 1.050000000000000065e-02 0.000000000000000000e+00
-2.684159999999999968e+01 1.000000000000000000e+00 1.039999999999999952e-02 0.000000000000000000e+00
-2.684159999999999968e+01 1.000000000000000000e+00 1.039999999999999952e-02 0.000000000000000000e+00
-2.682709400000000244e+01 9.994595702193610487e-01 8.699999999999999400e-03 3.812043069488627728e-02
-2.684159999999999968e+01 1.000000000000000000e+00 1.110000000000000049e-02 0.000000000000000000e+00
-2.684159999999999968e+01 1.000000000000000000e+00 1.050000000000000065e-02 0.000000000000000000e+00
-2.684159999999999968e+01 1.000000000000000000e+00 1.119999999999999989e-02 0.000000000000000000e+00
-2.684159999999999968e+01 1.000000000000000000e+00 1.110000000000000049e-02 0.000000000000000000e+00
-2.684159999999999968e+01 1.000000000000000000e+00 1.110000000000000049e-02 0.000000000000000000e+00
-2.684159999999999968e+01 1.000000000000000000e+00 1.209999999999999964e-02 0.000000000000000000e+00
-2.684159999999999968e+01 1.000000000000000000e+00 1.119999999999999989e-02 0.000000000000000000e+00
-2.684159999999999968e+01 1.000000000000000000e+00 1.030000000000000013e-02 0.000000000000000000e+00
-2.684159999999999968e+01 1.000000000000000000e+00 1.170000000000000033e-02 0.000000000000000000e+00
-2.683985400000000610e+01 9.999349517167384072e-01 9.799999999999999684e-03 1.294319695727243376e-02
-2.684159999999999968e+01 1.000000000000000000e+00 1.039999999999999952e-02 0.000000000000000000e+00
-2.684159999999999968e+01 1.000000000000000000e+00 1.260000000000000009e-02 0.000000000000000000e+00
-2.684101399999999416e+01 9.999781682164995411e-01 9.900000000000000813e-03 5.859999999999826285e-03
-2.684159999999999968e+01 1.000000000000000000e+00 1.140000000000000041e-02 0.000000000000000000e+00
-2.684159999999999968e+01 1.000000000000000000e+00 1.190000000000000085e-02 0.000000000000000000e+00
-2.684159999999999968e+01 1.000000000000000000e+00 1.000000000000000021e-02 0.000000000000000000e+00
-2.684159999999999968e+01 1.000000000000000000e+00 1.080000000000000057e-02 0.000000000000000000e+00
-2.684159999999999968e+01 1.000000000000000000e+00 1.159999999999999920e-02 0.000000000000000000e+00
-2.684159999999999968e+01 1.000000000000000000e+00 1.050000000000000065e-02 0.000000000000000000e+00
-2.684159999999999968e+01 1.000000000000000000e+00 1.080000000000000057e-02 0.000000000000000000e+00
-2.684159999999999968e+01 1.000000000000000000e+00 1.200000000000000025e-02 0.000000000000000000e+00
-2.684159999999999968e+01 1.000000000000000000e+00 1.119999999999999989e-02 0.000000000000000000e+00
-2.684159999999999968e+01 1.000000000000000000e+00 1.030000000000000013e-02 0.000000000000000000e+00
-2.682825400000000116e+01 9.995027867191226267e-01 8.800000000000000530e-03 3.674075000746585690e-02
-2.684042799999999929e+01 9.999563364329995263e-01 9.799999999999999684e-03 8.245330236386365710e-03
-2.684159999999999968e+01 1.000000000000000000e+00 1.170000000000000033e-02 0.000000000000000000e+00
-2.684159999999999968e+01 1.000000000000000000e+00 1.190000000000000085e-02 0.000000000000000000e+00
-2.684042799999999929e+01 9.999563364329995263e-01 9.799999999999999684e-03 8.245330236386355302e-03
-2.683521400000000057e+01 9.997620857176919840e-01 9.400000000000000369e-03 2.594396845106573465e-02
-2.684159999999999968e+01 1.000000000000000000e+00 1.030000000000000013e-02 0.000000000000000000e+00
-2.684159999999999968e+01 1.000000000000000000e+00 1.220000000000000077e-02 0.000000000000000000e+00
-2.684159999999999968e+01 1.000000000000000000e+00 1.119999999999999989e-02 0.000000000000000000e+00
-2.684159999999999968e+01 1.000000000000000000e+00 1.020000000000000073e-02 0.000000000000000000e+00
-2.684159999999999968e+01 1.000000000000000000e+00 1.009999999999999960e-02 0.000000000000000000e+00
-2.684159999999999968e+01 1.000000000000000000e+00 1.060000000000000005e-02 0.000000000000000000e+00
-2.684159999999999968e+01 1.000000000000000000e+00 1.099999999999999936e-02 0.000000000000000000e+00
-2.684159999999999968e+01 1.000000000000000000e+00 1.020000000000000073e-02 0.000000000000000000e+00
-2.684159999999999968e+01 1.000000000000000000e+00 1.000000000000000021e-02 0.000000000000000000e+00
-2.684159999999999968e+01 1.000000000000000000e+00 1.039999999999999952e-02 0.000000000000000000e+00
-2.684159999999999968e+01 1.000000000000000000e+00 1.190000000000000085e-02 0.000000000000000000e+00
-2.684159999999999968e+01 1.000000000000000000e+00 1.170000000000000033e-02 0.000000000000000000e+00
-2.684159999999999968e+01 1.000000000000000000e+00 1.179999999999999973e-02 0.000000000000000000e+00
-2.683810799999999830e+01 9.998699034334763702e-01 9.599999999999999159e-03 1.813543704374593821e-02
-2.684159999999999968e+01 1.000000000000000000e+00 1.170000000000000033e-02 0.000000000000000000e+00
-2.684159999999999968e+01 1.000000000000000000e+00 1.209999999999999964e-02 0.000000000000000000e+00
-2.683753400000000156e+01 9.998485187172151401e-01 9.599999999999999159e-03 2.063358163065949491e-02
-2.684159999999999968e+01 1.000000000000000000e+00 1.099999999999999936e-02 0.000000000000000000e+00
-2.684159999999999968e+01 1.000000000000000000e+00 1.069999999999999944e-02 0.000000000000000000e+00
-2.684159999999999968e+01 1.000000000000000000e+00 1.170000000000000033e-02 0.000000000000000000e+00
-2.683695999999999771e+01 9.998271340009536878e-01 9.599999999999999159e-03 2.284578072576411503e-02
-2.684159999999999968e+01 1.000000000000000000e+00 1.030000000000000013e-02 0.000000000000000000e+00
-2.684042799999999929e+01 9.999563364329995263e-01 9.799999999999999684e-03 8.245330236386365710e-03
-2.683926800000000057e+01 9.999131199332379483e-01 9.700000000000000289e-03 1.413502619935882998e-02
-2.684159999999999968e+01 1.000000000000000000e+00 1.009999999999999960e-02 0.000000000000000000e+00
-2.684101399999999416e+01 9.999781682164995411e-01 9.900000000000000813e-03 5.859999999999826285e-03
-2.684159999999999968e+01 1.000000000000000000e+00 1.060000000000000005e-02 0.000000000000000000e+00
-2.684159999999999968e+01 1.000000000000000000e+00 1.119999999999999989e-02 0.000000000000000000e+00
-2.684159999999999968e+01 1.000000000000000000e+00 1.069999999999999944e-02 0.000000000000000000e+00
-2.684159999999999968e+01 1.000000000000000000e+00 1.080000000000000057e-02 0.000000000000000000e+00
-2.684159999999999968e+01 1.000000000000000000e+00 1.220000000000000077e-02 0.000000000000000000e+00
-2.683173400000000086e+01 9.996324362184072498e-01 9.100000000000000450e-03 3.199560645343709625e-02
-2.684159999999999968e+01 1.000000000000000000e+00 1.009999999999999960e-02 0.000000000000000000e+00
-2.684159999999999968e+01 1.000000000000000000e+00 1.000000000000000021e-02 0.000000000000000000e+00
-2.684159999999999968e+01 1.000000000000000000e+00 1.230000000000000017e-02 0.000000000000000000e+00
-2.684159999999999968e+01 1.000000000000000000e+00 1.030000000000000013e-02 0.000000000000000000e+00
-2.683637400000000284e+01 9.998053022174536730e-01 9.499999999999999764e-03 2.346862345491706678e-02
-2.684159999999999968e+01 1.000000000000000000e+00 1.030000000000000013e-02 0.000000000000000000e+00
-2.684159999999999968e+01 1.000000000000000000e+00 1.159999999999999920e-02 0.000000000000000000e+00
-2.684159999999999968e+01 1.000000000000000000e+00 1.009999999999999960e-02 0.000000000000000000e+00
-2.684159999999999968e+01 1.000000000000000000e+00 1.190000000000000085e-02 0.000000000000000000e+00
-2.684159999999999968e+01 1.000000000000000000e+00 1.030000000000000013e-02 0.000000000000000000e+00
-2.683753400000000156e+01 9.998485187172151401e-01 9.599999999999999159e-03 2.063358163065949491e-02
-2.684159999999999968e+01 1.000000000000000000e+00 1.159999999999999920e-02 0.000000000000000000e+00
-2.684159999999999968e+01 1.000000000000000000e+00 1.089999999999999997e-02 0.000000000000000000e+00
-2.684159999999999968e+01 1.000000000000000000e+00 1.119999999999999989e-02 0.000000000000000000e+00
-2.684159999999999968e+01 1.000000000000000000e+00 1.140000000000000041e-02 0.000000000000000000e+00
-2.684159999999999968e+01 1.000000000000000000e+00 1.209999999999999964e-02 0.000000000000000000e+00
-2.684159999999999968e+01 1.000000000000000000e+00 1.140000000000000041e-02 0.000000000000000000e+00
-2.684159999999999968e+01 1.000000000000000000e+00 1.319999999999999993e-02 0.000000000000000000e+00
-2.684159999999999968e+01 1.000000000000000000e+00 1.110000000000000049e-02 0.000000000000000000e+00
-2.684159999999999968e+01 1.000000000000000000e+00 1.149999999999999981e-02 0.000000000000000000e+00
-2.684159999999999968e+01 1.000000000000000000e+00 1.250000000000000069e-02 0.000000000000000000e+00
-2.684159999999999968e+01 1.000000000000000000e+00 1.119999999999999989e-02 0.000000000000000000e+00
-2.684159999999999968e+01 1.000000000000000000e+00 1.209999999999999964e-02 0.000000000000000000e+00
-2.684101399999999416e+01 9.999781682164995411e-01 9.900000000000000813e-03 5.859999999999826285e-03
-2.684159999999999968e+01 1.000000000000000000e+00 1.149999999999999981e-02 0.000000000000000000e+00
-2.683753400000000156e+01 9.998485187172151401e-01 9.599999999999999159e-03 2.063358163065949491e-02
-2.684159999999999968e+01 1.000000000000000000e+00 1.140000000000000041e-02 0.000000000000000000e+00
-2.684159999999999968e+01 1.000000000000000000e+00 1.080000000000000057e-02 0.000000000000000000e+00
-2.680492400000000330e+01 9.986336134954698629e-01 8.000000000000000167e-03 9.240611191469891295e-02
-2.684159999999999968e+01 1.000000000000000000e+00 1.009999999999999960e-02 0.000000000000000000e+00
-2.683288200000000145e+01 9.996752056509299322e-01 9.100000000000000450e-03 2.903107488693623325e-02
-2.684159999999999968e+01 1.000000000000000000e+00 1.039999999999999952e-02 0.000000000000000000e+00
-2.684159999999999968e+01 1.000000000000000000e+00 1.140000000000000041e-02 0.000000000000000000e+00
-2.683520199999999534e+01 9.997616386504528663e-01 9.299999999999999239e-03 2.462495236112898986e-02
-2.684159999999999968e+01 1.000000000000000000e+00 1.129999999999999928e-02 0.000000000000000000e+00
-2.684159999999999968e+01 1.000000000000000000e+00 1.119999999999999989e-02 0.000000000000000000e+00
-2.684159999999999968e+01 1.000000000000000000e+00 1.329999999999999932e-02 0.000000000000000000e+00
-2.684159999999999968e+01 1.000000000000000000e+00 1.110000000000000049e-02 0.000000000000000000e+00
-2.683115999999999701e+01 9.996110515021457976e-01 9.100000000000000450e-03 3.336432498670061086e-02
-2.684159999999999968e+01 1.000000000000000000e+00 1.099999999999999936e-02 0.000000000000000000e+00
-2.684159999999999968e+01 1.000000000000000000e+00 1.110000000000000049e-02 0.000000000000000000e+00
-2.684159999999999968e+01 1.000000000000000000e+00 1.089999999999999997e-02 0.000000000000000000e+00
-2.684159999999999968e+01 1.000000000000000000e+00 1.149999999999999981e-02 0.000000000000000000e+00
-2.684159999999999968e+01 1.000000000000000000e+00 1.050000000000000065e-02 0.000000000000000000e+00
-2.684101399999999416e+01 9.999781682164995411e-01 9.900000000000000813e-03 5.859999999999826285e-03
-2.684159999999999968e+01 1.000000000000000000e+00 1.050000000000000065e-02 0.000000000000000000e+00
-2.683695999999999771e+01 9.998271340009536878e-01 9.599999999999999159e-03 2.284578072576411503e-02
-2.684159999999999968e+01 1.000000000000000000e+00 1.110000000000000049e-02 0.000000000000000000e+00
-2.684159999999999968e+01 1.000000000000000000e+00 1.050000000000000065e-02 0.000000000000000000e+00
-2.684159999999999968e+01 1.000000000000000000e+00 1.179999999999999973e-02 0.000000000000000000e+00
-2.684159999999999968e+01 1.000000000000000000e+00 1.269999999999999948e-02 0.000000000000000000e+00
-2.684159999999999968e+01 1.000000000000000000e+00 1.050000000000000065e-02 0.000000000000000000e+00
-2.683405400000000185e+01 9.997188692179304059e-01 9.299999999999999239e-03 2.815465018913790307e-02
-2.684159999999999968e+01 1.000000000000000000e+00 1.080000000000000057e-02 0.000000000000000000e+00
-2.684159999999999968e+01 1.000000000000000000e+00 1.069999999999999944e-02 0.000000000000000000e+00
-2.684159999999999968e+01 1.000000000000000000e+00 1.129999999999999928e-02 0.000000000000000000e+00
-2.683695999999999771e+01 9.998271340009536878e-01 9.599999999999999159e-03 2.284578072576411503e-02
-2.683405400000000185e+01 9.997188692179304059e-01 9.299999999999999239e-03 2.815465018913790307e-02
-2.684159999999999968e+01 1.000000000000000000e+00 1.020000000000000073e-02 0.000000000000000000e+00
-2.684159999999999968e+01 1.000000000000000000e+00 1.020000000000000073e-02 0.000000000000000000e+00
-2.684159999999999968e+01 1.000000000000000000e+00 1.009999999999999960e-02 0.000000000000000000e+00
-2.683985400000000610e+01 9.999349517167384072e-01 9.799999999999999684e-03 1.294319695727243376e-02
-2.684159999999999968e+01 1.000000000000000000e+00 1.020000000000000073e-02 0.000000000000000000e+00
-2.684159999999999968e+01 1.000000000000000000e+00 1.099999999999999936e-02 0.000000000000000000e+00
-2.684159999999999968e+01 1.000000000000000000e+00 1.159999999999999920e-02 0.000000000000000000e+00
-2.684159999999999968e+01 1.000000000000000000e+00 1.179999999999999973e-02 0.000000000000000000e+00
-2.684159999999999968e+01 1.000000000000000000e+00 1.030000000000000013e-02 0.000000000000000000e+00
-2.684159999999999968e+01 1.000000000000000000e+00 1.200000000000000025e-02 0.000000000000000000e+00
-2.684159999999999968e+01 1.000000000000000000e+00 1.050000000000000065e-02 0.000000000000000000e+00
-2.684159999999999968e+01 1.000000000000000000e+00 1.170000000000000033e-02 0.000000000000000000e+00
-2.684159999999999968e+01 1.000000000000000000e+00 1.149999999999999981e-02 0.000000000000000000e+00
-2.683579999999999899e+01 9.997839175011921098e-01 9.499999999999999764e-03 2.540897797268041117e-02
-2.684159999999999968e+01 1.000000000000000000e+00 1.119999999999999989e-02 0.000000000000000000e+00
-2.683928000000000225e+01 9.999135670004769549e-01 9.799999999999999684e-03 1.632181411980957939e-02
-2.683057400000000214e+01 9.995892197186457828e-01 8.999999999999999320e-03 3.369211345539046415e-02
-2.684159999999999968e+01 1.000000000000000000e+00 1.089999999999999997e-02 0.000000000000000000e+00
-2.682477400000000145e+01 9.993731372198378926e-01 8.500000000000000611e-03 4.063964979368701186e-02
-2.684159999999999968e+01 1.000000000000000000e+00 1.110000000000000049e-02 0.000000000000000000e+00
-2.684159999999999968e+01 1.000000000000000000e+00 1.089999999999999997e-02 0.000000000000000000e+00
-2.684159999999999968e+01 1.000000000000000000e+00 1.050000000000000065e-02 0.000000000000000000e+00
-2.684159999999999968e+01 1.000000000000000000e+00 1.269999999999999948e-02 0.000000000000000000e+00
-2.683057400000000214e+01 9.995892197186457828e-01 8.999999999999999320e-03 3.369211345539046415e-02
-2.683578799999999376e+01 9.997834704339529921e-01 9.400000000000000369e-03 2.406094652075724608e-02
-2.682708200000000076e+01 9.994591231521221530e-01 8.600000000000000006e-03 3.723263578739431645e-02
-2.684159999999999968e+01 1.000000000000000000e+00 1.039999999999999952e-02 0.000000000000000000e+00
-2.684159999999999968e+01 1.000000000000000000e+00 1.310000000000000053e-02 0.000000000000000000e+00
-2.682070799999999977e+01 9.992216559370529216e-01 8.099999999999999561e-03 4.403537989876173814e-02
-2.684159999999999968e+01 1.000000000000000000e+00 1.039999999999999952e-02 0.000000000000000000e+00
-2.684159999999999968e+01 1.000000000000000000e+00 1.119999999999999989e-02 0.000000000000000000e+00
-2.684159999999999968e+01 1.000000000000000000e+00 1.080000000000000057e-02 0.000000000000000000e+00
-2.684159999999999968e+01 1.000000000000000000e+00 1.089999999999999997e-02 0.000000000000000000e+00
-2.684159999999999968e+01 1.000000000000000000e+00 1.060000000000000005e-02 0.000000000000000000e+00
-2.684159999999999968e+01 1.000000000000000000e+00 1.269999999999999948e-02 0.000000000000000000e+00
-2.684159999999999968e+01 1.000000000000000000e+00 1.209999999999999964e-02 0.000000000000000000e+00
-2.684159999999999968e+01 1.000000000000000000e+00 1.200000000000000025e-02 0.000000000000000000e+00
-2.684159999999999968e+01 1.000000000000000000e+00 1.190000000000000085e-02 0.000000000000000000e+00
-2.684159999999999968e+01 1.000000000000000000e+00 1.140000000000000041e-02 0.000000000000000000e+00
-2.683578799999999376e+01 9.997834704339529921e-01 9.400000000000000369e-03 2.406094652075724608e-02
-2.684159999999999968e+01 1.000000000000000000e+00 1.200000000000000025e-02 0.000000000000000000e+00
-2.683810799999999830e+01 9.998699034334763702e-01 9.599999999999999159e-03 1.813543704374593821e-02
-2.683637400000000284e+01 9.998053022174536730e-01 9.499999999999999764e-03 2.346862345491706678e-02
-2.684159999999999968e+01 1.000000000000000000e+00 1.190000000000000085e-02 0.000000000000000000e+00
-2.684101399999999416e+01 9.999781682164995411e-01 9.900000000000000813e-03 5.859999999999826285e-03
-2.684159999999999968e+01 1.000000000000000000e+00 1.099999999999999936e-02 0.000000000000000000e+00
-2.684159999999999968e+01 1.000000000000000000e+00 1.179999999999999973e-02 0.000000000000000000e+00
-2.683869400000000738e+01 9.998917352169769401e-01 9.700000000000000289e-03 1.726252331239869903e-02
-2.680384799999999501e+01 9.985935264663803324e-01 8.099999999999999561e-03 9.837141376672682569e-02
-2.684159999999999968e+01 1.000000000000000000e+00 1.299999999999999940e-02 0.000000000000000000e+00
-2.684159999999999968e+01 1.000000000000000000e+00 1.200000000000000025e-02 0.000000000000000000e+00
-2.684159999999999968e+01 1.000000000000000000e+00 1.080000000000000057e-02 0.000000000000000000e+00
-2.683753400000000156e+01 9.998485187172151401e-01 9.599999999999999159e-03 2.063358163065949491e-02
-2.684159999999999968e+01 1.000000000000000000e+00 1.089999999999999997e-02 0.000000000000000000e+00
-2.684101399999999416e+01 9.999781682164995411e-01 9.900000000000000813e-03 5.859999999999826285e-03
-2.684159999999999968e+01 1.000000000000000000e+00 1.110000000000000049e-02 0.000000000000000000e+00
-2.683926800000000057e+01 9.999131199332379483e-01 9.700000000000000289e-03 1.413502619935882998e-02
-2.684159999999999968e+01 1.000000000000000000e+00 1.069999999999999944e-02 0.000000000000000000e+00
-2.684159999999999968e+01 1.000000000000000000e+00 1.159999999999999920e-02 0.000000000000000000e+00
-2.683695999999999771e+01 9.998271340009536878e-01 9.599999999999999159e-03 2.284578072576411503e-02
-2.683810799999999830e+01 9.998699034334763702e-01 9.599999999999999159e-03 1.813543704374593821e-02
-2.684159999999999968e+01 1.000000000000000000e+00 1.099999999999999936e-02 0.000000000000000000e+00
-2.682361399999999918e+01 9.993299207200763146e-01 8.399999999999999481e-03 4.179366589677075555e-02
-2.684159999999999968e+01 1.000000000000000000e+00 1.129999999999999928e-02 0.000000000000000000e+00
-2.684159999999999968e+01 1.000000000000000000e+00 1.089999999999999997e-02 0.000000000000000000e+00
-2.684159999999999968e+01 1.000000000000000000e+00 1.099999999999999936e-02 0.000000000000000000e+00
-2.682534799999999819e+01 9.993945219360991228e-01 8.500000000000000611e-03 3.961725590770457522e-02
-2.684159999999999968e+01 1.000000000000000000e+00 1.220000000000000077e-02 0.000000000000000000e+00
-2.684159999999999968e+01 1.000000000000000000e+00 1.170000000000000033e-02 0.000000000000000000e+00
-2.684159999999999968e+01 1.000000000000000000e+00 1.099999999999999936e-02 0.000000000000000000e+00
-2.684159999999999968e+01 1.000000000000000000e+00 1.250000000000000069e-02 0.000000000000000000e+00
-2.684159999999999968e+01 1.000000000000000000e+00 1.050000000000000065e-02 0.000000000000000000e+00
-2.684159999999999968e+01 1.000000000000000000e+00 1.009999999999999960e-02 0.000000000000000000e+00
-2.684159999999999968e+01 1.000000000000000000e+00 1.060000000000000005e-02 0.000000000000000000e+00
-2.684159999999999968e+01 1.000000000000000000e+00 1.170000000000000033e-02 0.000000000000000000e+00
-2.684159999999999968e+01 1.000000000000000000e+00 1.110000000000000049e-02 0.000000000000000000e+00
-2.684159999999999968e+01 1.000000000000000000e+00 1.129999999999999928e-02 0.000000000000000000e+00
-2.684159999999999968e+01 1.000000000000000000e+00 1.159999999999999920e-02 0.000000000000000000e+00
-2.684159999999999968e+01 1.000000000000000000e+00 1.159999999999999920e-02 0.000000000000000000e+00
-2.684159999999999968e+01 1.000000000000000000e+00 1.039999999999999952e-02 0.000000000000000000e+00
-2.682883999999999602e+01 9.995246185026226415e-01 8.899999999999999925e-03 3.647806037728543171e-02
-2.684159999999999968e+01 1.000000000000000000e+00 1.060000000000000005e-02 0.000000000000000000e+00
-2.684159999999999968e+01 1.000000000000000000e+00 1.069999999999999944e-02 0.000000000000000000e+00
-2.683346799999999988e+01 9.996970374344301691e-01 9.199999999999999845e-03 2.860228457358389431e-02
-2.684159999999999968e+01 1.000000000000000000e+00 1.149999999999999981e-02 0.000000000000000000e+00
-2.683753400000000156e+01 9.998485187172151401e-01 9.599999999999999159e-03 2.063358163065949491e-02
-2.684159999999999968e+01 1.000000000000000000e+00 1.260000000000000009e-02 0.000000000000000000e+00
-2.684159999999999968e+01 1.000000000000000000e+00 1.159999999999999920e-02 0.000000000000000000e+00
-2.684159999999999968e+01 1.000000000000000000e+00 1.060000000000000005e-02 0.000000000000000000e+00
-2.684159999999999968e+01 1.000000000000000000e+00 1.110000000000000049e-02 0.000000000000000000e+00
-2.684159999999999968e+01 1.000000000000000000e+00 1.020000000000000073e-02 0.000000000000000000e+00
-2.684159999999999968e+01 1.000000000000000000e+00 1.000000000000000021e-02 0.000000000000000000e+00
-2.684159999999999968e+01 1.000000000000000000e+00 1.069999999999999944e-02 0.000000000000000000e+00
-2.683462799999999859e+01 9.997402539341916361e-01 9.299999999999999239e-03 2.645503935114632693e-02
-2.684159999999999968e+01 1.000000000000000000e+00 1.039999999999999952e-02 0.000000000000000000e+00
-2.684159999999999968e+01 1.000000000000000000e+00 1.190000000000000085e-02 0.000000000000000000e+00
-2.683811999999999642e+01 9.998703505007151549e-01 9.700000000000000289e-03 1.988780652774070970e-02
-2.684159999999999968e+01 1.000000000000000000e+00 1.069999999999999944e-02 0.000000000000000000e+00
-2.684159999999999968e+01 1.000000000000000000e+00 1.110000000000000049e-02 0.000000000000000000e+00
-2.684159999999999968e+01 1.000000000000000000e+00 1.080000000000000057e-02 0.000000000000000000e+00
-2.684159999999999968e+01 1.000000000000000000e+00 1.119999999999999989e-02 0.000000000000000000e+00
-2.682999999999999829e+01 9.995678350023843306e-01 8.999999999999999320e-03 3.497531597102049306e-02
-2.684159999999999968e+01 1.000000000000000000e+00 1.099999999999999936e-02 0.000000000000000000e+00
-2.683577599999999919e+01 9.997830233667143185e-01 9.299999999999999239e-03 2.263276038012675476e-02
-2.684159999999999968e+01 1.000000000000000000e+00 1.310000000000000053e-02 0.000000000000000000e+00
-2.684159999999999968e+01 1.000000000000000000e+00 1.220000000000000077e-02 0.000000000000000000e+00
-2.684159999999999968e+01 1.000000000000000000e+00 1.000000000000000021e-02 0.000000000000000000e+00
-2.684159999999999968e+01 1.000000000000000000e+00 1.129999999999999928e-02 0.000000000000000000e+00
-2.683578799999999376e+01 9.997834704339529921e-01 9.400000000000000369e-03 2.406094652075724608e-02
-2.684159999999999968e+01 1.000000000000000000e+00 1.009999999999999960e-02 0.000000000000000000e+00
-2.684159999999999968e+01 1.000000000000000000e+00 1.119999999999999989e-02 0.000000000000000000e+00
-2.684159999999999968e+01 1.000000000000000000e+00 1.149999999999999981e-02 0.000000000000000000e+00
-2.683693599999999790e+01 9.998262398664758965e-01 9.400000000000000369e-03 1.971323464584167143e-02
-2.684101399999999416e+01 9.999781682164995411e-01 9.900000000000000813e-03 5.859999999999826285e-03
-2.684159999999999968e+01 1.000000000000000000e+00 1.030000000000000013e-02 0.000000000000000000e+00
-2.684159999999999968e+01 1.000000000000000000e+00 1.220000000000000077e-02 0.000000000000000000e+00
-2.684159999999999968e+01 1.000000000000000000e+00 1.080000000000000057e-02 0.000000000000000000e+00
-2.684159999999999968e+01 1.000000000000000000e+00 1.179999999999999973e-02 0.000000000000000000e+00
-2.684159999999999968e+01 1.000000000000000000e+00 1.119999999999999989e-02 0.000000000000000000e+00
-2.684159999999999968e+01 1.000000000000000000e+00 1.220000000000000077e-02 0.000000000000000000e+00
-2.684159999999999968e+01 1.000000000000000000e+00 1.220000000000000077e-02 0.000000000000000000e+00
-2.684159999999999968e+01 1.000000000000000000e+00 1.250000000000000069e-02 0.000000000000000000e+00
-2.684159999999999968e+01 1.000000000000000000e+00 1.030000000000000013e-02 0.000000000000000000e+00
-2.684159999999999968e+01 1.000000000000000000e+00 1.089999999999999997e-02 0.000000000000000000e+00
-2.684159999999999968e+01 1.000000000000000000e+00 1.239999999999999956e-02 0.000000000000000000e+00
-2.684159999999999968e+01 1.000000000000000000e+00 1.039999999999999952e-02 0.000000000000000000e+00
-2.684159999999999968e+01 1.000000000000000000e+00 1.020000000000000073e-02 0.000000000000000000e+00
-2.684159999999999968e+01 1.000000000000000000e+00 1.119999999999999989e-02 0.000000000000000000e+00
-2.684159999999999968e+01 1.000000000000000000e+00 1.159999999999999920e-02 0.000000000000000000e+00
-2.684159999999999968e+01 1.000000000000000000e+00 1.050000000000000065e-02 0.000000000000000000e+00
-2.684159999999999968e+01 1.000000000000000000e+00 1.080000000000000057e-02 0.000000000000000000e+00
-2.684159999999999968e+01 1.000000000000000000e+00 1.060000000000000005e-02 0.000000000000000000e+00
-2.684101399999999416e+01 9.999781682164995411e-01 9.900000000000000813e-03 5.859999999999826285e-03
-2.684159999999999968e+01 1.000000000000000000e+00 1.110000000000000049e-02 0.000000000000000000e+00
-2.684159999999999968e+01 1.000000000000000000e+00 1.170000000000000033e-02 0.000000000000000000e+00
-2.684159999999999968e+01 1.000000000000000000e+00 1.329999999999999932e-02 0.000000000000000000e+00
-2.684159999999999968e+01 1.000000000000000000e+00 1.190000000000000085e-02 0.000000000000000000e+00
-2.684159999999999968e+01 1.000000000000000000e+00 1.409999999999999969e-02 0.000000000000000000e+00
-2.683346799999999988e+01 9.996970374344301691e-01 9.199999999999999845e-03 2.860228457358389431e-02
-2.684159999999999968e+01 1.000000000000000000e+00 1.190000000000000085e-02 0.000000000000000000e+00
-2.684159999999999968e+01 1.000000000000000000e+00 1.080000000000000057e-02 0.000000000000000000e+00
-2.684159999999999968e+01 1.000000000000000000e+00 1.170000000000000033e-02 0.000000000000000000e+00
-2.684159999999999968e+01 1.000000000000000000e+00 1.149999999999999981e-02 0.000000000000000000e+00
-2.684159999999999968e+01 1.000000000000000000e+00 1.129999999999999928e-02 0.000000000000000000e+00
-2.684159999999999968e+01 1.000000000000000000e+00 1.119999999999999989e-02 0.000000000000000000e+00
-2.683753400000000156e+01 9.998485187172151401e-01 9.599999999999999159e-03 2.063358163065949491e-02
-2.684159999999999968e+01 1.000000000000000000e+00 1.020000000000000073e-02 0.000000000000000000e+00
-2.684159999999999968e+01 1.000000000000000000e+00 1.129999999999999928e-02 0.000000000000000000e+00
-2.684159999999999968e+01 1.000000000000000000e+00 1.030000000000000013e-02 0.000000000000000000e+00
-2.683984200000000087e+01 9.999345046494992895e-01 9.700000000000000289e-03 1.004677122866877610e-02
-2.684159999999999968e+01 1.000000000000000000e+00 1.099999999999999936e-02 0.000000000000000000e+00
-2.684159999999999968e+01 1.000000000000000000e+00 1.110000000000000049e-02 0.000000000000000000e+00
-2.684159999999999968e+01 1.000000000000000000e+00 1.009999999999999960e-02 0.000000000000000000e+00
-2.684159999999999968e+01 1.000000000000000000e+00 1.140000000000000041e-02 0.000000000000000000e+00
-2.683637400000000284e+01 9.998053022174536730e-01 9.499999999999999764e-03 2.346862345491706678e-02
-2.684159999999999968e+01 1.000000000000000000e+00 1.179999999999999973e-02 0.000000000000000000e+00
-2.684159999999999968e+01 1.000000000000000000e+00 1.220000000000000077e-02 0.000000000000000000e+00
-2.684159999999999968e+01 1.000000000000000000e+00 1.190000000000000085e-02 0.000000000000000000e+00
-2.684159999999999968e+01 1.000000000000000000e+00 1.179999999999999973e-02 0.000000000000000000e+00
-2.684159999999999968e+01 1.000000000000000000e+00 1.060000000000000005e-02 0.000000000000000000e+00
-2.684159999999999968e+01 1.000000000000000000e+00 1.179999999999999973e-02 0.000000000000000000e+00
