-2.738963400000001513e+01 2.519096644838497712e-01 0.000000000000000000e+00 3.004616391193102309e+00
-2.685374800000001727e+01 2.469809800603342265e-01 0.000000000000000000e+00 3.681601720334191086e+00
-2.754259400000001179e+01 2.533164778162020347e-01 0.000000000000000000e+00 3.021622435345260094e+00
-2.747954400000001485e+01 2.527365903906999001e-01 0.000000000000000000e+00 3.478461564633179126e+00
-2.789617200000001773e+01 2.565684276359357363e-01 0.000000000000000000e+00 3.445060829478057141e+00
-2.606225800000000703e+01 2.397014384519167984e-01 0.000000000000000000e+00 3.373748087845087618e+00
-2.843597000000001884e+01 2.615330917518948195e-01 0.000000000000000000e+00 3.472333384400789758e+00
-2.670247600000002208e+01 2.455896917077479980e-01 0.000000000000000000e+00 2.301702961955505167e+00
-2.798311800000002592e+01 2.573680928555664438e-01 0.000000000000000000e+00 3.577852241032687619e+00
-2.851959600000003192e+01 2.623022220587156172e-01 0.000000000000000000e+00 3.726824493105099556e+00
-2.802015800000000212e+01 2.577087594731808373e-01 0.000000000000000000e+00 3.794377180156038420e+00
-2.885313400000002915e+01 2.653698587300422074e-01 0.000000000000000000e+00 3.404855764554231889e+00
-2.790543800000001795e+01 2.566536494739167229e-01 0.000000000000000000e+00 3.368619718735034407e+00
-2.916100000000001913e+01 2.682013832683395327e-01 0.000000000000000000e+00 3.077568755634317643e+00
-2.794977000000002576e+01 2.570613825325585577e-01 0.000000000000000000e+00 2.890601740489549432e+00
-2.851361000000001056e+01 2.622471672430286005e-01 0.000000000000000000e+00 2.859305067563435276e+00
-2.703654800000001401e+01 2.486622397174602372e-01 0.000000000000000000e+00 2.691726206170653057e+00
-2.875295600000002239e+01 2.644484953277906891e-01 0.000000000000000000e+00 2.755445005557270122e+00
-2.811220600000000758e+01 2.585553491280995764e-01 0.000000000000000000e+00 3.346312788782255687e+00
-2.819698000000001770e+01 2.593350378927232747e-01 0.000000000000000000e+00 3.082332197502010818e+00
-2.810730200000001489e+01 2.585102457508646756e-01 0.000000000000000000e+00 2.892514828156818485e+00
-2.828588600000001918e+01 2.601527297476273204e-01 0.000000000000000000e+00 2.821832373555963613e+00
-2.867604200000002024e+01 2.637410970495182583e-01 0.000000000000000000e+00 3.559963211624127322e+00
-2.929968600000001544e+01 2.694769148701348094e-01 0.000000000000000000e+00 3.373862502542841924e+00
-2.909918200000001676e+01 2.676328268707234281e-01 0.000000000000000000e+00 3.127205814870778866e+00
-3.006843000000000643e+01 2.765472555367523566e-01 0.000000000000000000e+00 2.877867922138319656e+00
-3.085211000000002457e+01 2.837549665219633033e-01 0.000000000000000000e+00 2.895575345054742566e+00
-3.066011000000001729e+01 2.819890920462072015e-01 0.000000000000000000e+00 3.722091055000827264e+00
-3.218658200000000136e+01 2.960284563313957951e-01 0.000000000000000000e+00 3.787810939155204615e+00
-3.087558600000001618e+01 2.839708814656759506e-01 0.000000000000000000e+00 3.140722816020979025e+00
-3.191309000000001461e+01 2.935130785078362003e-01 0.000000000000000000e+00 3.403084576356924185e+00
-3.042907800000001473e+01 2.798642300051505938e-01 0.000000000000000000e+00 3.059864317173411674e+00
-3.140775400000003259e+01 2.888653704657497268e-01 0.000000000000000000e+00 3.312576978100648439e+00
-3.047252600000001621e+01 2.802638326833936100e-01 0.000000000000000000e+00 3.659569116178139403e+00
-3.170840800000001991e+01 2.916305643440514350e-01 0.000000000000000000e+00 3.001132524806344737e+00
-3.207126600000002270e+01 2.949678647634466078e-01 0.000000000000000000e+00 3.215395667382511036e+00
-3.145602000000000587e+01 2.893092855566184451e-01 0.000000000000000000e+00 3.006783334765280369e+00
-3.098677400000001469e+01 2.849935067323965954e-01 0.000000000000000000e+00 2.843853493030578328e+00
-3.109611000000002434e+01 2.859990986682365843e-01 0.000000000000000000e+00 2.938348419408151280e+00
-3.076618000000001274e+01 2.829646457214334276e-01 0.000000000000000000e+00 3.275231344747445927e+00
-3.253692400000000617e+01 2.992506438084027165e-01 0.000000000000000000e+00 4.005134369809114858e+00
-2.946295000000001352e+01 2.709784967993526528e-01 0.000000000000000000e+00 3.097852557788698391e+00
-3.309238000000000568e+01 3.043593186667648554e-01 0.000000000000000000e+00 3.033539630613889315e+00
-3.195901200000001197e+01 2.939354352144802895e-01 0.000000000000000000e+00 3.574281580856282226e+00
-3.243402800000001207e+01 2.983042822456038468e-01 0.000000000000000000e+00 3.473490381608573596e+00
-3.357828800000001479e+01 3.088283422853360105e-01 0.000000000000000000e+00 3.230213921967510338e+00
-3.434656600000003124e+01 3.158943970274449287e-01 0.000000000000000000e+00 3.266640091673598256e+00
-3.259247200000001499e+01 2.997615333676699190e-01 0.000000000000000000e+00 3.422866958939833282e+00
-3.408116200000003460e+01 3.134534066661764928e-01 0.000000000000000000e+00 2.748555674001686544e+00
-3.417115400000000136e+01 3.142810867485836268e-01 0.000000000000000000e+00 3.507047144338110378e+00
-3.468415200000002585e+01 3.189992642189686811e-01 0.000000000000000000e+00 2.904355927365694257e+00
-3.395279000000001446e+01 3.122727356338755311e-01 0.000000000000000000e+00 3.092993074334112080e+00
-3.418266400000000971e+01 3.143869472445001145e-01 0.000000000000000000e+00 3.021912030069503707e+00
-3.391281800000000857e+01 3.119051026414539907e-01 0.000000000000000000e+00 3.607568180176533357e+00
-3.597237400000001628e+01 3.308473806195277866e-01 0.000000000000000000e+00 3.107009071214646312e+00
-3.401704800000002393e+01 3.128637333529544207e-01 0.000000000000000000e+00 3.060948882406080429e+00
-3.540799800000002762e+01 3.256566661761462478e-01 0.000000000000000000e+00 3.121950019400105969e+00
-3.546859000000002027e+01 3.262139467294535300e-01 0.000000000000000000e+00 3.463884288590984628e+00
-3.584378200000001158e+01 3.296646861893901548e-01 0.000000000000000000e+00 3.379494324864881438e+00
-3.470792400000000555e+01 3.192179015524980179e-01 0.000000000000000000e+00 3.437225717193058028e+00
-3.552988600000002606e+01 3.267777021558386785e-01 0.000000000000000000e+00 3.650062461151462490e+00
-3.463639000000002000e+01 3.185599845485985182e-01 0.000000000000000000e+00 2.895516378974412053e+00
-3.476056200000002150e+01 3.197020270767421679e-01 0.000000000000000000e+00 3.185621214168058213e+00
-3.472620800000002816e+01 3.193860643072624073e-01 0.000000000000000000e+00 3.588241861708484581e+00
-3.455824200000001412e+01 3.178412368479142103e-01 0.000000000000000000e+00 2.983434463604357489e+00
-3.467110200000001896e+01 3.188792399381945586e-01 0.000000000000000000e+00 3.583535198767278995e+00
-3.573685800000001933e+01 3.286812780516520371e-01 0.000000000000000000e+00 3.321746308193321173e+00
-3.636613800000001362e+01 3.344689316459423245e-01 0.000000000000000000e+00 3.179370785941930233e+00
-3.573588600000001492e+01 3.286723383121184505e-01 0.000000000000000000e+00 3.169125912980939042e+00
-3.515679800000000910e+01 3.233463137370319318e-01 0.000000000000000000e+00 2.289324490989964822e+00
-3.581506400000002799e+01 3.294005591935842414e-01 0.000000000000000000e+00 2.753957970803754929e+00
-3.709673600000004967e+01 3.411884335221842535e-01 0.000000000000000000e+00 4.034730357293364378e+00
-3.686857400000003082e+01 3.390899676256349249e-01 0.000000000000000000e+00 3.211090349531219079e+00
-3.630987200000001991e+01 3.339514384519168821e-01 0.000000000000000000e+00 3.118930496506192362e+00
-3.687757000000001995e+01 3.391727062026342887e-01 0.000000000000000000e+00 2.621169491376940552e+00
-3.654485200000003431e+01 3.361126112868813576e-01 0.000000000000000000e+00 3.591431574292379914e+00
-3.679194400000002219e+01 3.383851813700244904e-01 0.000000000000000000e+00 3.101545242125856028e+00
-3.636233800000003669e+01 3.344339820469431901e-01 0.000000000000000000e+00 3.186268002918178688e+00
-3.583753200000001726e+01 3.296072032962992227e-01 0.000000000000000000e+00 3.139870534192597429e+00
-3.729659400000001312e+01 3.430265800897654427e-01 0.000000000000000000e+00 3.143969244774008409e+00
-3.728345400000004162e+01 3.429057280553311493e-01 0.000000000000000000e+00 3.678995034369186623e+00
-3.707442000000001769e+01 3.409831874034289223e-01 0.000000000000000000e+00 2.948082806767061914e+00
-3.598058000000001044e+01 3.309228533588405297e-01 0.000000000000000000e+00 2.867892013872265888e+00
-3.731661600000001044e+01 3.432107276874403201e-01 0.000000000000000000e+00 2.729386699405734085e+00
-3.869774600000002351e+01 3.559133433890076526e-01 0.000000000000000000e+00 3.335632536002183901e+00
-3.839586800000002142e+01 3.531368920609228579e-01 0.000000000000000000e+00 2.839137670650200729e+00
-3.743583400000002825e+01 3.443072069752044495e-01 0.000000000000000000e+00 3.077573614123222168e+00
-3.802055400000002550e+01 3.496850305349130661e-01 0.000000000000000000e+00 3.788174481689196238e+00
-3.842151600000002531e+01 3.533727834596426809e-01 0.000000000000000000e+00 2.762518308462388550e+00
-3.779599200000003378e+01 3.476196747847843938e-01 0.000000000000000000e+00 3.361114711547016132e+00
-3.864030400000002174e+01 3.553850342138181739e-01 0.000000000000000000e+00 2.534073092386956993e+00
-3.865567400000001186e+01 3.555263961445075394e-01 0.000000000000000000e+00 2.924419483051725610e+00
-3.896408000000003113e+01 3.583628872047681657e-01 0.000000000000000000e+00 3.033358539355812677e+00
-3.740733600000002923e+01 3.440451033772352063e-01 0.000000000000000000e+00 3.230430844565348458e+00
-3.666634800000004191e+01 3.372300419395192206e-01 0.000000000000000000e+00 3.031399549645661384e+00
-3.781753400000003040e+01 3.478178022220589916e-01 0.000000000000000000e+00 3.105520460039059571e+00
-3.914406000000000319e+01 3.600182105805312949e-01 0.000000000000000000e+00 3.285053901376580932e+00
-3.732113600000003828e+01 3.432522993157239855e-01 0.000000000000000000e+00 3.016794108927655760e+00
-4.067873600000002199e+01 3.741330292105071731e-01 0.000000000000000000e+00 3.924422024575559664e+00
-4.003251600000000110e+01 3.681895739827827363e-01 0.000000000000000000e+00 3.340923610297371393e+00
-4.023136800000001756e+01 3.700184681038924395e-01 0.000000000000000000e+00 2.938128431532184504e+00
-3.841174400000002009e+01 3.532829078066369588e-01 0.000000000000000000e+00 3.648740192724611475e+00
-3.910487800000004199e+01 3.596578434257968748e-01 0.000000000000000000e+00 3.084043274715708716e+00
-3.781238599999999650e+01 3.477704547126774792e-01 0.000000000000000000e+00 3.272363903877131275e+00
-3.986295400000003042e+01 3.666300676918551882e-01 0.000000000000000000e+00 3.420158467101319211e+00
-3.995840800000003412e+01 3.675079832241928135e-01 0.000000000000000000e+00 3.318685925765610278e+00
-4.027742200000002981e+01 3.704420388492387639e-01 0.000000000000000000e+00 3.303539993645017603e+00
-3.987807200000000307e+01 3.667691119122949428e-01 0.000000000000000000e+00 3.561750693527614420e+00
-3.967390200000004086e+01 3.648913067471124538e-01 0.000000000000000000e+00 2.758404507293037433e+00
-3.860517400000001231e+01 3.550619343683321105e-01 0.000000000000000000e+00 2.761992045959480446e+00
-3.897944000000001097e+01 3.585041571628284629e-01 0.000000000000000000e+00 3.396655781348722147e+00
-4.008843800000003910e+01 3.687039033183728276e-01 0.000000000000000000e+00 3.386824729751535923e+00
-3.831845600000001184e+01 3.524249135457289128e-01 0.000000000000000000e+00 2.772496248098672122e+00
-3.854959000000001623e+01 3.545507137076007731e-01 0.000000000000000000e+00 3.256978697917269017e+00
-4.018660800000002098e+01 3.696067986167318464e-01 0.000000000000000000e+00 3.198581100188145232e+00
-3.932773200000001168e+01 3.617074902509014311e-01 0.000000000000000000e+00 3.163444218539998687e+00
-3.980553000000002584e+01 3.661019240673977770e-01 0.000000000000000000e+00 3.610459840365059403e+00
-3.957114400000002519e+01 3.639462144065928606e-01 0.000000000000000000e+00 3.262625852066046939e+00
-4.109447400000002659e+01 3.779566808917668719e-01 0.000000000000000000e+00 3.078561948513026003e+00
-4.082405000000001394e+01 3.754695202707675761e-01 0.000000000000000000e+00 2.917708186871568188e+00
-4.043178800000004003e+01 3.718617835332209132e-01 0.000000000000000000e+00 3.057811965708866264e+00
-4.129062600000002448e+01 3.797607424030610690e-01 0.000000000000000000e+00 3.118667148568374348e+00
-3.995570600000001349e+01 3.674831322198515160e-01 0.000000000000000000e+00 2.974728157338859980e+00
-4.074425400000000508e+01 3.747356154808329509e-01 0.000000000000000000e+00 3.601562497152163811e+00
-4.077436200000003197e+01 3.750125266720626960e-01 0.000000000000000000e+00 3.497035226807318598e+00
-4.064654600000004336e+01 3.738369693179314224e-01 0.000000000000000000e+00 3.168677343013209136e+00
-4.047484800000002281e+01 3.722578176734606115e-01 0.000000000000000000e+00 3.498941055403459455e+00
-4.213728600000003865e+01 3.875476970053715609e-01 0.000000000000000000e+00 3.049349429838529524e+00
-4.076570800000001071e+01 3.749329335589729473e-01 0.000000000000000000e+00 2.797413168606837974e+00
-4.163667000000003071e+01 3.829434000441471753e-01 0.000000000000000000e+00 2.991422759956853028e+00
-4.232578800000003127e+01 3.892813994555223700e-01 0.000000000000000000e+00 2.840643436830479374e+00
-4.218956000000004281e+01 3.880284747259220013e-01 0.000000000000000000e+00 3.537923590657849449e+00
-4.150521400000002359e+01 3.817343646530794721e-01 0.000000000000000000e+00 3.264224727886462674e+00
-4.150685400000003256e+01 3.817494481642266235e-01 0.000000000000000000e+00 3.438034045565675711e+00
-4.203614000000001738e+01 3.866174306526379278e-01 0.000000000000000000e+00 2.944883309996331189e+00
-4.135087400000003299e+01 3.803148590979327781e-01 0.000000000000000000e+00 3.211487716881509247e+00
-4.135076000000002239e+01 3.803138106099627214e-01 0.000000000000000000e+00 2.709634951148373272e+00
-4.231988599999999678e+01 3.892271172099183163e-01 0.000000000000000000e+00 2.851009561577453333e+00
-4.271786200000001088e+01 3.928874071076448593e-01 0.000000000000000000e+00 2.935200272374178798e+00
-4.272984600000001620e+01 3.929976271061733639e-01 0.000000000000000000e+00 2.978883630883803590e+00
-4.238402200000002296e+01 3.898169928629242054e-01 0.000000000000000000e+00 3.452838573765186769e+00
-4.185532000000002029e+01 3.849543815760431698e-01 0.000000000000000000e+00 2.826594210477880065e+00
-4.255163000000003137e+01 3.913585277021561226e-01 0.000000000000000000e+00 3.245491127407500009e+00
-4.192220200000001995e+01 3.855695129129573240e-01 0.000000000000000000e+00 2.914229619218656531e+00
-4.252286400000001265e+01 3.910939592377309926e-01 0.000000000000000000e+00 3.209430486862745457e+00
-4.308234200000002545e+01 3.962396254874551715e-01 0.000000000000000000e+00 2.553547809537138669e+00
-4.270972400000002978e+01 3.928125597822091364e-01 0.000000000000000000e+00 3.123297134395191410e+00
-4.209373400000002619e+01 3.871471378117874451e-01 0.000000000000000000e+00 3.789745641533108778e+00
-4.202143000000002360e+01 3.864821389154590170e-01 0.000000000000000000e+00 2.546486843464813798e+00
-4.275160200000003385e+01 3.931977227577076461e-01 0.000000000000000000e+00 3.603375879713495156e+00
-4.249562200000001866e+01 3.908434074019573878e-01 0.000000000000000000e+00 3.324268135740404695e+00
-4.388043800000002648e+01 4.035799242145540200e-01 0.000000000000000000e+00 3.955776219701968355e+00
-4.183897600000002370e+01 3.848040615112944818e-01 0.000000000000000000e+00 3.640476647921896181e+00
-4.227736600000003619e+01 3.888360495916418635e-01 0.000000000000000000e+00 2.730070305833151245e+00
-4.201086400000003351e+01 3.863849606357151467e-01 0.000000000000000000e+00 3.455492490663863325e+00
-4.208534600000000125e+01 3.870699911706276253e-01 0.000000000000000000e+00 3.703640977632141063e+00
-4.129170800000004959e+01 3.797706938415132405e-01 0.000000000000000000e+00 3.332804695586774724e+00
-4.135552400000001683e+01 3.803576263703923321e-01 0.000000000000000000e+00 2.984129750310953177e+00
-4.285686600000004631e+01 3.941658634390409754e-01 0.000000000000000000e+00 3.117660864802846543e+00
-4.263133800000000662e+01 3.920916231329557022e-01 0.000000000000000000e+00 3.114640223748145864e+00
-4.215867200000001702e+01 3.877443896696344816e-01 0.000000000000000000e+00 3.080405466098857126e+00
-4.290778600000000864e+01 3.946341880656317747e-01 0.000000000000000000e+00 3.748540048654632528e+00
-4.271509800000002599e+01 3.928619858730044712e-01 0.000000000000000000e+00 3.843087312843330938e+00
-4.144448000000004129e+01 3.811757780884412750e-01 0.000000000000000000e+00 3.080954102386158411e+00
-4.248624600000002971e+01 3.907571738650580384e-01 0.000000000000000000e+00 2.601288157328707662e+00
-4.180061400000001726e+01 3.844512361121332211e-01 0.000000000000000000e+00 2.748456208768695230e+00
-4.193609399999999710e+01 3.856972812890883673e-01 0.000000000000000000e+00 3.443491060303173423e+00
-4.236347800000001484e+01 3.896280442940182609e-01 0.000000000000000000e+00 3.096007440924291920e+00
-4.242394600000000793e+01 3.901841843867265847e-01 0.000000000000000000e+00 2.864154475950110079e+00
-4.299536000000002645e+01 3.954396291663603291e-01 0.000000000000000000e+00 3.632215679641607409e+00
-4.251240400000002495e+01 3.909977558678539578e-01 0.000000000000000000e+00 3.407073687240542714e+00
-4.329428400000004018e+01 3.981889117798547151e-01 0.000000000000000000e+00 3.211051318469142934e+00
-4.317095199999999977e+01 3.970545949525421392e-01 0.000000000000000000e+00 2.960444631240791047e+00
-4.221972600000003695e+01 3.883059193583993096e-01 0.000000000000000000e+00 3.565439213388397199e+00
-4.284245600000003407e+01 3.940333308807302259e-01 0.000000000000000000e+00 3.192317121038692918e+00
-4.152295600000001485e+01 3.818975424913547134e-01 0.000000000000000000e+00 2.492186233548951080e+00
-4.254693800000001858e+01 3.913153741446547262e-01 0.000000000000000000e+00 2.962423158267978085e+00
-4.282850400000000946e+01 3.939050106688250508e-01 0.000000000000000000e+00 2.843969233872996938e+00
-4.267382600000003379e+01 3.924823964388201580e-01 0.000000000000000000e+00 3.395887398361063791e+00
-4.351479800000002029e+01 4.002170370097861141e-01 0.000000000000000000e+00 3.113344879025376599e+00
-4.347412400000000332e+01 3.998429475388124987e-01 0.000000000000000000e+00 3.133218299342925395e+00
-4.308410000000002782e+01 3.962557942756238516e-01 0.000000000000000000e+00 3.476735513830655933e+00
-4.349039200000000704e+01 3.999925686115812784e-01 0.000000000000000000e+00 3.390884362215135894e+00
-4.375644200000000694e+01 4.024395004046796287e-01 0.000000000000000000e+00 3.955476538918585749e+00
-4.426488200000000006e+01 4.071157567507909802e-01 0.000000000000000000e+00 4.006275343880630224e+00
-4.210744200000001314e+01 3.872732138915460087e-01 0.000000000000000000e+00 3.057818521584538818e+00
-4.254001400000003486e+01 3.912516922963729660e-01 0.000000000000000000e+00 3.485224779586886701e+00
-4.294714000000001164e+01 3.949961371495844253e-01 0.000000000000000000e+00 2.843404891990934491e+00
-4.362919600000002873e+01 4.012691854903983613e-01 0.000000000000000000e+00 2.441083621106897361e+00
-4.286101400000003991e+01 3.942040136855275989e-01 0.000000000000000000e+00 3.162573420651944467e+00
-4.286973600000001028e+01 3.942842322124937016e-01 0.000000000000000000e+00 2.803932279168963593e+00
-4.204425600000003271e+01 3.866920756382903890e-01 0.000000000000000000e+00 2.966091960142881678e+00
-4.288286800000001620e+01 3.944050106688251067e-01 0.000000000000000000e+00 3.256705035253027791e+00
-4.396615000000002027e+01 4.043682400117726838e-01 0.000000000000000000e+00 2.950907127007256658e+00
-4.411715800000000343e+01 4.057571002869546639e-01 0.000000000000000000e+00 2.782042334353913571e+00
-4.386990600000003582e+01 4.034830586417485487e-01 0.000000000000000000e+00 3.705137498663718443e+00
-4.306515000000002402e+01 3.960815061437718554e-01 0.000000000000000000e+00 2.984723192535716940e+00
-4.231507800000001396e+01 3.891828967699214048e-01 0.000000000000000000e+00 2.706141739797593093e+00
-4.343594600000002259e+01 3.994918144360240508e-01 0.000000000000000000e+00 2.836888839763686665e+00
-4.345830600000000743e+01 3.996974652343463497e-01 0.000000000000000000e+00 3.495617763406408507e+00
-4.447946800000003265e+01 4.090893606062838694e-01 0.000000000000000000e+00 2.895957978128630650e+00
-4.295772200000002528e+01 3.950934625855347937e-01 0.000000000000000000e+00 2.822260796873973465e+00
-4.309153000000002010e+01 3.963241299389304029e-01 0.000000000000000000e+00 2.357397698349139148e+00
-4.450926000000004024e+01 4.093633654624387885e-01 0.000000000000000000e+00 3.159296669651125100e+00
-4.472359400000001983e+01 4.113346516076817339e-01 0.000000000000000000e+00 2.907454552857762220e+00
-4.513344800000005108e+01 4.151041865940701125e-01 0.000000000000000000e+00 2.920575454867023080e+00
-4.441520000000002710e+01 4.084982709145760782e-01 0.000000000000000000e+00 3.355969444967513038e+00
-4.626292000000002957e+01 4.254922375101172771e-01 0.000000000000000000e+00 3.159653039768317129e+00
-4.667271600000005094e+01 4.292612390552576485e-01 0.000000000000000000e+00 3.460607717889323087e+00
-4.554409400000003671e+01 4.188810058126705149e-01 0.000000000000000000e+00 3.431441541229097503e+00
-4.558301200000003206e+01 4.192389448900010751e-01 0.000000000000000000e+00 2.791914087101094122e+00
-4.532078000000002760e+01 4.168271282466340932e-01 0.000000000000000000e+00 3.154082579000036191e+00
-4.576216199999999645e+01 4.208866345375615881e-01 0.000000000000000000e+00 2.610287302689460631e+00
-4.590952199999999550e+01 4.222419431977043613e-01 0.000000000000000000e+00 2.650392189601952442e+00
-4.594736200000001247e+01 4.225899676256347215e-01 0.000000000000000000e+00 3.180417344914712174e+00
-4.557168600000003522e+01 4.191347766904572891e-01 0.000000000000000000e+00 2.573589869809064901e+00
-4.575922400000001034e+01 4.208596129791775109e-01 0.000000000000000000e+00 2.630591157324516427e+00
-4.657069000000004166e+01 4.283228791111769462e-01 0.000000000000000000e+00 3.312995145032678224e+00
-4.705015800000001036e+01 4.327326723567067601e-01 0.000000000000000000e+00 3.600652484674117915e+00
-4.640372400000002528e+01 4.267872489147232495e-01 0.000000000000000000e+00 3.539660118681144496e+00
-4.586715600000002269e+01 4.218522919579135722e-01 0.000000000000000000e+00 3.712142041602710663e+00
-4.650260600000002853e+01 4.276966926642634115e-01 0.000000000000000000e+00 3.331010395982794581e+00
-4.534039000000000641e+01 4.170074865719962665e-01 0.000000000000000000e+00 3.112316394081534376e+00
-4.697793000000003616e+01 4.320683724523585179e-01 0.000000000000000000e+00 3.315472990663350217e+00
-4.738169600000000514e+01 4.357819145022441831e-01 0.000000000000000000e+00 4.162358184508566872e+00
-4.784915600000003622e+01 4.400812670149367167e-01 0.000000000000000000e+00 2.989569172782681417e+00
-4.761071600000002491e+01 4.378882716503570971e-01 0.000000000000000000e+00 3.654830618765064987e+00
-4.727991400000002642e+01 4.348457986903100370e-01 0.000000000000000000e+00 2.791779731153008814e+00
-4.667933800000001554e+01 4.293221433301451229e-01 0.000000000000000000e+00 3.114845883658684311e+00
-4.694272000000002976e+01 4.317445368258409077e-01 0.000000000000000000e+00 3.203208535014209435e+00
-4.808129400000002818e+01 4.422163012287546047e-01 0.000000000000000000e+00 3.432162107901246983e+00
-4.662194600000002964e+01 4.287942940181004858e-01 0.000000000000000000e+00 2.817237472426568967e+00
-4.731646600000002678e+01 4.351819770436320955e-01 0.000000000000000000e+00 3.172804798874587995e+00
-4.622257600000004629e+01 4.251211831358991944e-01 0.000000000000000000e+00 3.663800782295275837e+00
-4.694233000000001965e+01 4.317409498933119649e-01 0.000000000000000000e+00 3.531474967139842658e+00
-4.724089000000002159e+01 4.344868847031125858e-01 0.000000000000000000e+00 3.258564115875691503e+00
-4.763799200000002543e+01 4.381391361930692119e-01 0.000000000000000000e+00 3.097008240145852298e+00
-4.784936000000002565e+01 4.400831432565671109e-01 0.000000000000000000e+00 2.969524221184602020e+00
-4.751866200000002749e+01 4.370416268118610392e-01 0.000000000000000000e+00 3.154314256385429172e+00
-4.781720400000001092e+01 4.397873960709294261e-01 0.000000000000000000e+00 3.347670223308180315e+00
-4.841398200000002561e+01 4.452761202266208307e-01 0.000000000000000000e+00 3.344697408076239498e+00
-4.782223400000003011e+01 4.398336583032892433e-01 0.000000000000000000e+00 2.943603006837475000e+00
-4.879470200000005065e+01 4.487777021558388979e-01 0.000000000000000000e+00 3.272900569861232345e+00
-4.801271000000002687e+01 4.415855161503939308e-01 0.000000000000000000e+00 2.732862956182165792e+00
-4.778700600000001941e+01 4.395096571260395102e-01 0.000000000000000000e+00 3.026360338850893505e+00
-4.775774200000003589e+01 4.392405084246931435e-01 0.000000000000000000e+00 2.981509432010517102e+00
-4.718029200000002987e+01 4.339295489662279293e-01 0.000000000000000000e+00 2.724124743345849087e+00
-4.800063200000004571e+01 4.414744316091535614e-01 0.000000000000000000e+00 3.266323391700166390e+00
-4.885157200000003286e+01 4.493007504966525234e-01 0.000000000000000000e+00 3.667829182656612730e+00
-4.603453800000002616e+01 4.233917482157312784e-01 0.000000000000000000e+00 3.235192452795076168e+00
-4.832128600000002905e+01 4.444235707453464967e-01 0.000000000000000000e+00 2.505775015375643733e+00
-4.810589800000001759e+01 4.424425906850123491e-01 0.000000000000000000e+00 3.697058199173603121e+00
-4.799321800000006277e+01 4.414062431020534527e-01 0.000000000000000000e+00 3.076780137780140478e+00
-4.930411600000001471e+01 4.534629166360092944e-01 0.000000000000000000e+00 3.952790075012224680e+00
-4.807362800000002068e+01 4.421457950114048296e-01 0.000000000000000000e+00 3.308360809292210103e+00
-4.737530000000000996e+01 4.357230888087706422e-01 0.000000000000000000e+00 3.009803702381384394e+00
-4.815206400000003839e+01 4.428671915238028833e-01 0.000000000000000000e+00 3.395280442963096501e+00
-4.759554600000004854e+01 4.377487491722468205e-01 0.000000000000000000e+00 2.806994435457773829e+00
-4.830543800000001653e+01 4.442778125229933095e-01 0.000000000000000000e+00 3.048578026754125592e+00
-4.900842800000000921e+01 4.507433963652417996e-01 0.000000000000000000e+00 3.912615249280849916e+00
-4.784696800000002526e+01 4.400611434037233205e-01 0.000000000000000000e+00 3.665878752007518671e+00
-4.922909600000004815e+01 4.527729379736595283e-01 0.000000000000000000e+00 3.642786764456158899e+00
-4.881848000000002941e+01 4.489963946729456090e-01 0.000000000000000000e+00 3.133058420048107529e+00
-4.804877800000003418e+01 4.419172430284750708e-01 0.000000000000000000e+00 2.956713855370758370e+00
-4.798797199999999918e+01 4.413579942609079931e-01 0.000000000000000000e+00 3.173598261798251663e+00
-4.777387400000005613e+01 4.393888786697084381e-01 0.000000000000000000e+00 2.945587638808770947e+00
-4.798538800000004301e+01 4.413342285335888349e-01 0.000000000000000000e+00 3.482460940582511100e+00
-4.873666400000004728e+01 4.482439114119642354e-01 0.000000000000000000e+00 4.510392001049947197e+00
-4.840250800000001874e+01 4.451705908321685334e-01 0.000000000000000000e+00 3.484449010301327032e+00
-4.759455600000005404e+01 4.377396438819812219e-01 0.000000000000000000e+00 3.562403206165322800e+00
-4.728521800000003594e+01 4.348945809727028933e-01 0.000000000000000000e+00 2.845877362590498283e+00
-4.764131200000003474e+01 4.381696711058792326e-01 0.000000000000000000e+00 3.492384742862357783e+00
-4.702640600000001569e+01 4.325142189684351712e-01 0.000000000000000000e+00 3.175682153071584413e+00
-4.699598600000003046e+01 4.322344382311826827e-01 0.000000000000000000e+00 3.836733794453166535e+00
-4.740519000000001171e+01 4.359979949966891200e-01 0.000000000000000000e+00 2.767540668430030770e+00
-4.773978000000003874e+01 4.390753071885810654e-01 0.000000000000000000e+00 3.091494083364019652e+00
-4.830449000000002968e+01 4.442690935177693867e-01 0.000000000000000000e+00 2.936423859583509266e+00
-4.887563400000004066e+01 4.495220550364215639e-01 0.000000000000000000e+00 3.296013741151972987e+00
-4.856026800000000776e+01 4.466215510264146538e-01 0.000000000000000000e+00 3.011463886345582264e+00
-4.881140400000001733e+01 4.489313148407035881e-01 0.000000000000000000e+00 3.318592086282276643e+00
-4.796059200000003386e+01 4.411061732028551674e-01 0.000000000000000000e+00 3.059717546338174277e+00
-4.805477800000003441e+01 4.419724266058424611e-01 0.000000000000000000e+00 3.305189941135888265e+00
-4.767969600000002828e+01 4.385226988448240881e-01 0.000000000000000000e+00 3.336813270836155532e+00
-4.871112400000002651e+01 4.480090133176369283e-01 0.000000000000000000e+00 3.266003775880341298e+00
-4.952904800000003149e+01 4.555316753734091617e-01 0.000000000000000000e+00 3.071245042060271047e+00
-4.872290200000001192e+01 4.481173386800089697e-01 0.000000000000000000e+00 3.008542766082858311e+00
-4.882407600000003356e+01 4.490478625561036274e-01 0.000000000000000000e+00 3.308921384242144104e+00
-4.829411200000001259e+01 4.441736443234494680e-01 0.000000000000000000e+00 3.304594925932830218e+00
-4.867454200000003084e+01 4.476725590464281090e-01 0.000000000000000000e+00 2.819168777171345397e+00
-4.974338800000003857e+01 4.575030167022298144e-01 0.000000000000000000e+00 3.614338141718733244e+00
-4.956135600000002484e+01 4.558288205430066631e-01 0.000000000000000000e+00 2.921559712067469672e+00
-4.962699000000002059e+01 4.564324736958283446e-01 0.000000000000000000e+00 2.571584810005399291e+00
-5.049216800000002792e+01 4.643897432124202695e-01 0.000000000000000000e+00 3.871485622474434507e+00
-5.001232200000001171e+01 4.599764734015158174e-01 0.000000000000000000e+00 3.279123490411681718e+00
-5.026312199999999564e+01 4.622831469354720113e-01 0.000000000000000000e+00 2.960470878038345077e+00
-4.999449000000001320e+01 4.598124678095800166e-01 0.000000000000000000e+00 3.412164887056990725e+00
-5.053132200000001717e+01 4.647498528437938869e-01 0.000000000000000000e+00 2.751354635964699202e+00
-4.966357800000002953e+01 4.567689831506146492e-01 0.000000000000000000e+00 3.300265740006798953e+00
-5.050852800000003384e+01 4.645402104333753446e-01 0.000000000000000000e+00 3.409230424433768114e+00
-5.019419200000001524e+01 4.616491796041499729e-01 0.000000000000000000e+00 3.050961609354259529e+00
-5.103235200000003857e+01 4.693579574718567682e-01 0.000000000000000000e+00 2.834284441592717751e+00
-5.059386400000000350e+01 4.653250680597454947e-01 0.000000000000000000e+00 3.503489906241396667e+00
-4.980202800000002128e+01 4.580423441983667576e-01 0.000000000000000000e+00 3.969645356779623047e+00
-5.038535400000004216e+01 4.634073467736005703e-01 0.000000000000000000e+00 3.372989922615341474e+00
-4.992839600000003486e+01 4.592045839158269693e-01 0.000000000000000000e+00 2.604414610040793665e+00
-5.044086200000004538e+01 4.639178684423519994e-01 0.000000000000000000e+00 2.542681567021062516e+00
-5.140852600000002326e+01 4.728177286439557703e-01 0.000000000000000000e+00 2.898645934894917620e+00
-4.991874200000003725e+01 4.591157935398428869e-01 0.000000000000000000e+00 2.707264837514128608e+00
-5.085161600000003546e+01 4.676956809653450842e-01 0.000000000000000000e+00 3.223227586956460833e+00
-4.962457400000003815e+01 4.564102531086752235e-01 0.000000000000000000e+00 3.199099200441690716e+00
-4.976510800000003343e+01 4.577027812522996286e-01 0.000000000000000000e+00 2.879292718766085279e+00
-5.066811600000005456e+01 4.660079832241930120e-01 0.000000000000000000e+00 3.127005774617131362e+00
-5.124971200000001659e+01 4.713570745346186697e-01 0.000000000000000000e+00 2.962219042544990799e+00
-5.107166000000002271e+01 4.697194834817160491e-01 0.000000000000000000e+00 3.337565001039173307e+00
-4.993718200000003549e+01 4.592853910676186202e-01 0.000000000000000000e+00 2.548130700562174056e+00
-5.035853400000002722e+01 4.631606761827682939e-01 0.000000000000000000e+00 2.965221318062945421e+00
-5.099595000000001477e+01 4.690231587079686792e-01 0.000000000000000000e+00 2.886075861351317329e+00
-5.011323200000001066e+01 4.609045692002061156e-01 0.000000000000000000e+00 2.801406489564435720e+00
-5.017133400000001586e+01 4.614389485689060488e-01 0.000000000000000000e+00 3.165206733581089615e+00
-4.880981800000003545e+01 4.489167279817529721e-01 0.000000000000000000e+00 3.187579680553059625e+00
-5.028853800000003105e+01 4.625169045692005265e-01 0.000000000000000000e+00 3.423907203582397862e+00
-5.145580800000004018e+01 4.732525936281366530e-01 0.000000000000000000e+00 3.333050306156464249e+00
-5.145429800000002274e+01 4.732387057611657233e-01 0.000000000000000000e+00 3.001621114522529332e+00
-5.089974000000002974e+01 4.681382900448829432e-01 0.000000000000000000e+00 3.062216978833234737e+00
-5.149551400000002133e+01 4.736177801486279870e-01 0.000000000000000000e+00 3.505475676565726673e+00
-5.093425400000003833e+01 4.684557243764259638e-01 0.000000000000000000e+00 3.133832091040029244e+00
-5.078582200000001734e+01 4.670905562504600317e-01 0.000000000000000000e+00 3.313446737147761834e+00
-5.000567799999998897e+01 4.599153667868441375e-01 0.000000000000000000e+00 3.587559697305862993e+00
-5.029068800000003137e+01 4.625366786844238298e-01 0.000000000000000000e+00 3.040304397083497978e+00
-5.200716200000000811e+01 4.783235413141050385e-01 0.000000000000000000e+00 2.525031602513704510e+00
-5.113401000000003194e+01 4.702929328231921224e-01 0.000000000000000000e+00 3.060288750537547564e+00
-5.126804400000002460e+01 4.715256787580018871e-01 0.000000000000000000e+00 2.973989319752853522e+00
-5.100797400000004700e+01 4.691337465970131793e-01 0.000000000000000000e+00 2.848602511125039261e+00
-5.169160600000001438e+01 4.754212898241484964e-01 0.000000000000000000e+00 3.350990385241927161e+00
-5.057031800000001454e+01 4.651085093076302024e-01 0.000000000000000000e+00 3.340721958033149974e+00
-5.092339200000002819e+01 4.683558237068651264e-01 0.000000000000000000e+00 2.583959367651265104e+00
-5.112364400000001297e+01 4.701975939960269524e-01 0.000000000000000000e+00 3.351371348752084423e+00
-5.098310800000004406e+01 4.689050474578769778e-01 0.000000000000000000e+00 3.165349313025452638e+00
-5.209501800000003158e+01 4.791315760429699089e-01 0.000000000000000000e+00 3.189652938416891903e+00
-5.238375400000003879e+01 4.817871569420943967e-01 0.000000000000000000e+00 3.122712410302713959e+00
-5.188147400000003273e+01 4.771675557354134734e-01 0.000000000000000000e+00 3.179731818900023654e+00
-5.224533200000004030e+01 4.805140534177033129e-01 0.000000000000000000e+00 3.409912056595174601e+00
-5.158096000000004722e+01 4.744036494739169996e-01 0.000000000000000000e+00 2.482210067051074276e+00
-5.175947400000003285e+01 4.760454896622768328e-01 0.000000000000000000e+00 3.266375404164887808e+00
-5.066120400000002633e+01 4.659444117430655563e-01 0.000000000000000000e+00 3.189052704915883663e+00
-5.177543000000003559e+01 4.761922411890224804e-01 0.000000000000000000e+00 2.668523345363025712e+00
-5.202982600000001412e+01 4.785319880803474701e-01 0.000000000000000000e+00 3.373790399344795077e+00
-5.228058600000004219e+01 4.808382937237882238e-01 0.000000000000000000e+00 3.111247197027928291e+00
-5.165872400000002784e+01 4.751188654256496280e-01 0.000000000000000000e+00 3.302754938786832017e+00
-5.213167600000004143e+01 4.794687293061589139e-01 0.000000000000000000e+00 3.148353003551815465e+00
-5.059617600000002113e+01 4.653463321315578494e-01 0.000000000000000000e+00 2.856820311313848393e+00
-5.259961999999998739e+01 4.837725332940915890e-01 0.000000000000000000e+00 3.911209872851998615e+00
-5.164915400000003132e+01 4.750308476197486751e-01 0.000000000000000000e+00 3.160897477827677715e+00
-5.274030599999999680e+01 4.850664594216760883e-01 0.000000000000000000e+00 3.052119235323269564e+00
-5.162815200000002136e+01 4.748376867044369898e-01 0.000000000000000000e+00 2.983390236683661989e+00
-5.148876000000003472e+01 4.735556618350382219e-01 0.000000000000000000e+00 2.809540767823205165e+00
-5.198813600000001856e+01 4.781485541902731895e-01 0.000000000000000000e+00 2.743505599640096104e+00
-5.154230400000002987e+01 4.740481200794646743e-01 0.000000000000000000e+00 2.987348650962602825e+00
-5.227268200000001741e+01 4.807655985578693780e-01 0.000000000000000000e+00 3.109515521339378363e+00
-5.306122800000004247e+01 4.880180634243253546e-01 0.000000000000000000e+00 3.463067087035578417e+00
-5.238753000000003368e+01 4.818218858067842558e-01 0.000000000000000000e+00 3.008508625917868606e+00
-5.312406800000003670e+01 4.885960194246196098e-01 0.000000000000000000e+00 3.154506456038389306e+00
-5.205124800000002949e+01 4.787290118460749144e-01 0.000000000000000000e+00 2.901801160912082178e+00
-5.229083200000003728e+01 4.809325288794058517e-01 0.000000000000000000e+00 3.335949636966931031e+00
-5.275674600000003522e+01 4.852176624236630431e-01 0.000000000000000000e+00 2.691217172241150646e+00
-5.209041800000000677e+01 4.790892686336546968e-01 0.000000000000000000e+00 3.042833083927283688e+00
-5.280421600000003934e+01 4.856542564932679884e-01 0.000000000000000000e+00 2.507020737353241380e+00
-5.296396200000001642e+01 4.871234824516225692e-01 0.000000000000000000e+00 2.947502939564850433e+00
-5.298505800000002353e+01 4.873175079096463413e-01 0.000000000000000000e+00 3.420559341027562095e+00
-5.339738000000001250e+01 4.911097417408580856e-01 0.000000000000000000e+00 3.270239802469623314e+00
-5.326837800000003398e+01 4.899232764329338741e-01 0.000000000000000000e+00 2.718932755402383883e+00
-5.377688600000004726e+01 4.946001581929222457e-01 0.000000000000000000e+00 3.422687742407163114e+00
-5.333654000000002782e+01 4.905501802663529975e-01 0.000000000000000000e+00 2.843530390201589153e+00
-5.303881800000003466e+01 4.878119527628581031e-01 0.000000000000000000e+00 2.675698646360866295e+00
-5.268363600000003544e+01 4.845452505334416071e-01 0.000000000000000000e+00 2.855373776573468358e+00
-5.202342000000001576e+01 4.784730704142449165e-01 0.000000000000000000e+00 3.001193754478239661e+00
-5.205715400000003967e+01 4.787833308807302735e-01 0.000000000000000000e+00 2.591299560063219598e+00
-5.122528800000002747e+01 4.711324405856819886e-01 0.000000000000000000e+00 2.552351180409422771e+00
-5.224817200000003226e+01 4.805401736443237759e-01 0.000000000000000000e+00 2.933740341600693302e+00
-5.280069600000003049e+01 4.856218821278790454e-01 0.000000000000000000e+00 2.832091594632468734e+00
-5.307139200000003143e+01 4.881115444043855889e-01 0.000000000000000000e+00 3.507322957012062759e+00
-5.164402000000004023e+01 4.749836288720480915e-01 0.000000000000000000e+00 2.766609972036849996e+00
-5.210309800000000990e+01 4.792058899271577910e-01 0.000000000000000000e+00 2.690196801857298148e+00
-5.126957400000001996e+01 4.715397505702305092e-01 0.000000000000000000e+00 3.258659851906651639e+00
-5.247157000000000693e+01 4.825948237804430496e-01 0.000000000000000000e+00 3.285148616581950343e+00
-5.277545800000002174e+01 4.853897616069460241e-01 0.000000000000000000e+00 2.817656639410153208e+00
-5.322727200000002767e+01 4.895452137443899732e-01 0.000000000000000000e+00 2.878624517428313823e+00
-5.173628599999999977e+01 4.758322235302774317e-01 0.000000000000000000e+00 2.961655491905045068e+00
-5.349075600000001884e+01 4.919685453609007886e-01 0.000000000000000000e+00 2.773158348148015317e+00
-5.409484000000004045e+01 4.975244647192999525e-01 0.000000000000000000e+00 3.413048313976136949e+00
-5.323243800000003034e+01 4.895927268045032754e-01 0.000000000000000000e+00 3.765328131992179639e+00
-5.382501600000005482e+01 4.950428224560375901e-01 0.000000000000000000e+00 2.442126382070354929e+00
-5.330067000000001798e+01 4.902202744463249884e-01 0.000000000000000000e+00 3.306348886779963969e+00
-5.342016400000000687e+01 4.913192921786477263e-01 0.000000000000000000e+00 2.793949235112885177e+00
-5.461692600000002784e+01 5.023262269148703885e-01 0.000000000000000000e+00 3.617024339767246577e+00
-5.495164000000005444e+01 5.054046795673612369e-01 0.000000000000000000e+00 3.333316691594821357e+00
-5.475969200000004378e+01 5.036392833492756571e-01 0.000000000000000000e+00 3.768562398186642959e+00
-5.309206400000004322e+01 4.883016702229420747e-01 0.000000000000000000e+00 3.150231161488331821e+00
-5.395276200000002831e+01 4.962177360017661631e-01 0.000000000000000000e+00 4.017649419792572729e+00
-5.343009200000000902e+01 4.914106026046649589e-01 0.000000000000000000e+00 2.843161831258156358e+00
-5.333507200000004644e+01 4.905366786844239657e-01 0.000000000000000000e+00 3.363225443266981252e+00
-5.348907000000004075e+01 4.919530387756607670e-01 0.000000000000000000e+00 2.791472227819375540e+00
-5.486028200000005484e+01 5.045644360238398241e-01 0.000000000000000000e+00 3.352304582132998423e+00
-5.363893000000003042e+01 4.933313405930397910e-01 0.000000000000000000e+00 2.991707383516285290e+00
-5.293865200000002602e+01 4.868906997277612780e-01 0.000000000000000000e+00 3.128592158501708465e+00
-5.525825200000003434e+01 5.082246707379887152e-01 0.000000000000000000e+00 3.317508898893623659e+00
-5.430467600000001482e+01 4.994543815760431049e-01 0.000000000000000000e+00 3.079210765702828034e+00
-5.447848600000001085e+01 5.010529578397470152e-01 0.000000000000000000e+00 3.376563960776718609e+00
-5.391189000000003517e+01 4.958418254727396390e-01 0.000000000000000000e+00 3.091992879547383222e+00
-5.342228200000001692e+01 4.913387719814584775e-01 0.000000000000000000e+00 2.808312036836074999e+00
-5.397322200000003534e+01 4.964059120005889780e-01 0.000000000000000000e+00 2.791174946530111889e+00
-5.279080400000000850e+01 4.855309028033258367e-01 0.000000000000000000e+00 2.585386315111859457e+00
-5.396288200000005020e+01 4.963108123022593188e-01 0.000000000000000000e+00 2.916591413622443341e+00
-5.412708000000002073e+01 4.978209844750204338e-01 0.000000000000000000e+00 3.285901770481358231e+00
-5.353129200000004317e+01 4.923413656095950164e-01 0.000000000000000000e+00 2.894446935314153091e+00
-5.433365600000001194e+01 4.997209182547275308e-01 0.000000000000000000e+00 3.117815345875014188e+00
-5.396997600000002393e+01 4.963760576852331297e-01 0.000000000000000000e+00 2.549420341370551402e+00
-5.477354400000002244e+01 5.037666838348909826e-01 0.000000000000000000e+00 3.180223943589157276e+00
-5.358085600000002557e+01 4.927972187477009380e-01 0.000000000000000000e+00 3.057275480439564763e+00
-5.400696200000004410e+01 4.967162276506515983e-01 0.000000000000000000e+00 2.419329529075893159e+00
-5.478707000000006389e+01 5.038910860128031910e-01 0.000000000000000000e+00 3.072704946653993296e+00
-5.351095200000002450e+01 4.921542932823194105e-01 0.000000000000000000e+00 3.451214495190662479e+00
-5.439880600000003597e+01 5.003201199323085158e-01 0.000000000000000000e+00 3.483812065749038567e+00
-5.473389600000002275e+01 5.034020307556473783e-01 0.000000000000000000e+00 3.410481705895291871e+00
-5.327253000000003169e+01 4.899614634684720804e-01 0.000000000000000000e+00 3.756468114069411612e+00
-5.495001800000004977e+01 5.053897616069462639e-01 0.000000000000000000e+00 2.923578587838659093e+00
-5.418197600000003433e+01 4.983258774188804585e-01 0.000000000000000000e+00 3.063249784764968453e+00
-5.474322000000002220e+01 5.034877860348762058e-01 0.000000000000000000e+00 3.429347469750306576e+00
-5.400251800000007307e+01 4.966753550143484519e-01 0.000000000000000000e+00 3.014078744099483842e+00
-5.582320800000002947e+01 5.134207195938491619e-01 0.000000000000000000e+00 3.363879636434722986e+00
-5.550564800000001497e+01 5.105000367890517587e-01 0.000000000000000000e+00 2.625336131417318697e+00
-5.523811200000004362e+01 5.080394378632923091e-01 0.000000000000000000e+00 2.603521506615626535e+00
-5.472074600000002675e+01 5.032810867485838502e-01 0.000000000000000000e+00 2.574204655886528137e+00
-5.487974000000004082e+01 5.047433963652421252e-01 0.000000000000000000e+00 2.648894915227705482e+00
-5.477717599999999720e+01 5.038000882937238023e-01 0.000000000000000000e+00 2.719551690666323740e+00
-5.609064200000003808e+01 5.158803803987936920e-01 0.000000000000000000e+00 3.433502708066354714e+00
-5.446625800000002471e+01 5.009404937090724541e-01 0.000000000000000000e+00 2.511408306962208847e+00
-5.592888200000000865e+01 5.143926311529689599e-01 0.000000000000000000e+00 3.117126087428169878e+00
-5.455373000000003003e+01 5.017449966889856450e-01 0.000000000000000000e+00 2.532735210631327671e+00
-5.607877600000002616e+01 5.157712456772867160e-01 0.000000000000000000e+00 3.215865917135529273e+00
-5.557162000000002422e+01 5.111067986167319166e-01 0.000000000000000000e+00 3.054095224580935852e+00
-5.525115200000004023e+01 5.081593701714374189e-01 0.000000000000000000e+00 3.081996565145996403e+00
-5.635901400000004458e+01 5.183486682363332987e-01 0.000000000000000000e+00 2.865895693401730782e+00
-5.555467800000001688e+01 5.109509785887721423e-01 0.000000000000000000e+00 2.301410544175993778e+00
-5.672710000000003561e+01 5.217340519461411974e-01 0.000000000000000000e+00 2.949002763613147504e+00
-5.558170600000002537e+01 5.111995622102865067e-01 0.000000000000000000e+00 3.049266751595845815e+00
-5.616427800000001014e+01 5.165576300492974449e-01 0.000000000000000000e+00 2.472027086395848450e+00
-5.690991400000006450e+01 5.234154403649480258e-01 0.000000000000000000e+00 3.157352932122704736e+00
-5.720570800000000844e+01 5.261359355455816900e-01 0.000000000000000000e+00 2.662069418521287201e+00
-5.692582800000003829e+01 5.235618056066518866e-01 0.000000000000000000e+00 2.839551200136736231e+00
-5.721070600000003736e+01 5.261819034655290661e-01 0.000000000000000000e+00 3.106566227464047092e+00
-5.589777000000001550e+01 5.141064859097934647e-01 0.000000000000000000e+00 2.758920369776495018e+00
-5.566382600000004288e+01 5.119548414391881241e-01 0.000000000000000000e+00 3.119503713268337641e+00
-5.727236600000002653e+01 5.267490066956076467e-01 0.000000000000000000e+00 4.103191364607542191e+00
-5.636796400000002194e+01 5.184309837392394593e-01 0.000000000000000000e+00 2.758206303603187859e+00
-5.587494600000004397e+01 5.138965675814881617e-01 0.000000000000000000e+00 3.033339326781291589e+00
-5.586219400000003787e+01 5.137792840850566867e-01 0.000000000000000000e+00 2.890279910174021971e+00
-5.601597200000003340e+01 5.151936207784566513e-01 0.000000000000000000e+00 2.745524009011133248e+00
-5.635958600000004282e+01 5.183539290707089853e-01 0.000000000000000000e+00 3.107456727508425498e+00
-5.716549400000002379e+01 5.257660768155399955e-01 0.000000000000000000e+00 3.310089310944386742e+00
-5.667178399999999527e+01 5.212252961518651917e-01 0.000000000000000000e+00 2.616197030031078175e+00
-5.678897799999999307e+01 5.223031601795304901e-01 0.000000000000000000e+00 3.040032755258809338e+00
-5.696798200000004897e+01 5.239495070267092824e-01 0.000000000000000000e+00 3.073942088411075968e+00
-5.795213200000006282e+01 5.330009933043932113e-01 0.000000000000000000e+00 2.759342931041169233e+00
-5.791041800000004969e+01 5.326173386800092668e-01 0.000000000000000000e+00 2.800494631504739207e+00
-5.840979800000003053e+01 5.372102678242958174e-01 0.000000000000000000e+00 3.449345215040270585e+00
-5.843277800000004873e+01 5.374216209256129639e-01 0.000000000000000000e+00 2.619350721445174113e+00
-5.682686400000003601e+01 5.226516076815542755e-01 0.000000000000000000e+00 2.537572458338317016e+00
-5.731564800000003856e+01 5.271470826282101951e-01 0.000000000000000000e+00 3.032070948387679099e+00
-5.796640400000004689e+01 5.331322566404242957e-01 0.000000000000000000e+00 2.934106201761647270e+00
-5.894805200000003254e+01 5.421607313663456829e-01 0.000000000000000000e+00 2.739465365317425682e+00
-5.852270400000006845e+01 5.382486939886695909e-01 0.000000000000000000e+00 3.196829098850385797e+00
-5.769837200000002753e+01 5.306670958722686793e-01 0.000000000000000000e+00 2.818402833187117373e+00
-5.835159800000002406e+01 5.366749871238322145e-01 0.000000000000000000e+00 2.763340538133678415e+00
-5.751105200000004913e+01 5.289442645868593917e-01 0.000000000000000000e+00 2.491639371026329819e+00
-5.861755800000004513e+01 5.391210911632702274e-01 0.000000000000000000e+00 2.371869475056127552e+00
-5.890711400000002129e+01 5.417842138179680411e-01 0.000000000000000000e+00 3.632116992648621423e+00
-5.762282400000002269e+01 5.299722610551101942e-01 0.000000000000000000e+00 2.983214873189694583e+00
-5.681383200000002631e+01 5.225317489515123315e-01 0.000000000000000000e+00 3.102477011786328731e+00
-5.846982800000002811e+01 5.377623795158563702e-01 0.000000000000000000e+00 2.823572030268958422e+00
-5.816394400000002207e+01 5.349490839526159780e-01 0.000000000000000000e+00 2.637067962578242941e+00
-6.132182400000002076e+01 5.639929365020971419e-01 0.000000000000000000e+00 3.309932113836485001e+00
-6.389180200000000553e+01 5.876296998013391670e-01 0.000000000000000000e+00 2.629311554168666465e+00
-6.468839200000005007e+01 5.949561474505191683e-01 0.000000000000000000e+00 2.964560718363623337e+00
-6.459702400000001887e+01 5.941158119343685762e-01 0.000000000000000000e+00 3.201562366862955589e+00
-6.410298400000003483e+01 5.895719961739389614e-01 0.000000000000000000e+00 2.796528593504252314e+00
-6.467040000000002919e+01 5.947906702965201076e-01 0.000000000000000000e+00 2.924145150399696025e+00
-6.429624000000002582e+01 5.913494224118904796e-01 0.000000000000000000e+00 3.281019970630592031e+00
-6.434738400000003367e+01 5.918198072253700870e-01 0.000000000000000000e+00 2.419648806586642387e+00
-6.400671800000006328e+01 5.886866124641312314e-01 0.000000000000000000e+00 3.240470769651480065e+00
-6.480780000000002872e+01 5.960543742182329296e-01 0.000000000000000000e+00 2.980710067393101514e+00
-6.438649200000007511e+01 5.921794937826510008e-01 0.000000000000000000e+00 2.731735228665346238e+00
-6.291867800000002831e+01 5.786796225443311403e-01 0.000000000000000000e+00 2.971565411337019125e+00
-6.407070800000002464e+01 5.892751453167539566e-01 0.000000000000000000e+00 3.087708281664999888e+00
-6.251411000000006624e+01 5.749587042896040501e-01 0.000000000000000000e+00 2.968366934813984503e+00
-6.355328000000002930e+01 5.845162239717462960e-01 0.000000000000000000e+00 2.575317774017745087e+00
-6.330169600000002816e+01 5.822023397836806335e-01 0.000000000000000000e+00 2.731034907917997856e+00
-6.429107800000005568e+01 5.913019461408289823e-01 0.000000000000000000e+00 3.041611164477594720e+00
-6.511764800000004527e+01 5.989041277315875211e-01 0.000000000000000000e+00 3.774983319208044641e+00
-6.473889600000003952e+01 5.954206460157460690e-01 0.000000000000000000e+00 2.456754323748421509e+00
-6.479801000000003341e+01 5.959643330144952511e-01 0.000000000000000000e+00 3.460072678909119848e+00
-6.437048200000000975e+01 5.920322456037084846e-01 0.000000000000000000e+00 2.811286765747792682e+00
-6.310282000000002256e+01 5.803732249282615996e-01 0.000000000000000000e+00 3.033804118311336673e+00
-6.527244600000004482e+01 6.003278456331400115e-01 0.000000000000000000e+00 3.274739022847716896e+00
-6.501180200000004561e+01 5.979306342432496590e-01 0.000000000000000000e+00 3.150760207064351892e+00
-6.468102000000006058e+01 5.948883452284605688e-01 0.000000000000000000e+00 2.853000540561541509e+00
-6.377533400000003638e+01 5.865585129865356073e-01 0.000000000000000000e+00 2.459076520603996840e+00
-6.435552200000005030e+01 5.918946545508061430e-01 0.000000000000000000e+00 2.298105304071599964e+00
-6.422763400000005163e+01 5.907184349937463219e-01 0.000000000000000000e+00 2.933310242616417263e+00
-6.501216400000004114e+01 5.979339636524174662e-01 0.000000000000000000e+00 2.614990915932228877e+00
-6.392144600000006704e+01 5.879023434625861855e-01 0.000000000000000000e+00 3.167134153799875396e+00
-6.504708000000006507e+01 5.982550952836441782e-01 0.000000000000000000e+00 3.292951183324401399e+00
-6.345090400000000841e+01 5.835746449856523688e-01 0.000000000000000000e+00 3.450643340453217522e+00
-6.402617200000007358e+01 5.888655360164821717e-01 0.000000000000000000e+00 3.227076644129617033e+00
-6.361884200000000789e+01 5.851192149216394300e-01 0.000000000000000000e+00 2.656353768014427352e+00
-6.474489600000001133e+01 5.954758295931131817e-01 0.000000000000000000e+00 2.541756400678058636e+00
-6.542398000000002867e+01 6.017215436686045305e-01 0.000000000000000000e+00 2.785131772955684593e+00
-6.614007800000001680e+01 6.083076852328749284e-01 0.000000000000000000e+00 3.164175589362762775e+00
-6.514523000000006903e+01 5.991578066367455602e-01 0.000000000000000000e+00 2.545345675061749358e+00
-6.481105200000001787e+01 5.960842837171659303e-01 0.000000000000000000e+00 3.181038885840328678e+00
-6.578716600000004178e+01 6.050618607902292778e-01 0.000000000000000000e+00 2.512520362698328125e+00
-6.510335400000005279e+01 5.987726620557727308e-01 0.000000000000000000e+00 2.684230506721835940e+00
-6.551610400000001277e+01 6.025688323155030668e-01 0.000000000000000000e+00 2.332300189366105059e+00
-6.549006800000005057e+01 6.023293723787805920e-01 0.000000000000000000e+00 2.856718061164919664e+00
-6.508411800000001790e+01 5.985957435067326138e-01 0.000000000000000000e+00 2.934001001438208078e+00
-6.467900000000005889e+01 5.948697667574135428e-01 0.000000000000000000e+00 2.490017329216400732e+00
-6.430979800000000068e+01 5.914741189022146850e-01 0.000000000000000000e+00 2.683798025111412855e+00
-6.453216600000001790e+01 5.935192958575530309e-01 0.000000000000000000e+00 3.072146070161390519e+00
-6.547612600000003624e+01 6.022011441395044296e-01 0.000000000000000000e+00 3.075109974435503712e+00
-6.541489800000003640e+01 6.016380141269961346e-01 0.000000000000000000e+00 2.742259973308162291e+00
-6.499120600000000536e+01 5.977412074166729150e-01 0.000000000000000000e+00 3.260782848986798932e+00
-6.507212800000006325e+01 5.984854683246272344e-01 0.000000000000000000e+00 3.477380183677698078e+00
-6.413208800000003862e+01 5.898396733132224012e-01 0.000000000000000000e+00 2.439847002542196996e+00
-6.544937200000001098e+01 6.019550805680230487e-01 0.000000000000000000e+00 2.840553775290866056e+00
-6.432425600000006227e+01 5.916070929291449287e-01 0.000000000000000000e+00 2.507585989233066748e+00
-6.480312800000001516e+01 5.960114046059894477e-01 0.000000000000000000e+00 2.556682625926247177e+00
-6.570868800000003773e+01 6.043400779927897704e-01 0.000000000000000000e+00 2.847712324921727323e+00
-6.543066400000002147e+01 6.017830181737917616e-01 0.000000000000000000e+00 2.755441281842312851e+00
-6.545160600000004081e+01 6.019756272533298702e-01 0.000000000000000000e+00 3.199789485936078481e+00
-6.520092600000002392e+01 5.996700573909207188e-01 0.000000000000000000e+00 3.102512223455518914e+00
-6.526181800000001942e+01 6.002300971230963844e-01 0.000000000000000000e+00 2.950592982017566257e+00
-6.442954800000003956e+01 5.925754911338390052e-01 0.000000000000000000e+00 2.665584748192024289e+00
-6.540818400000000565e+01 6.015762637039218097e-01 0.000000000000000000e+00 2.722946032870139366e+00
-6.477171800000002122e+01 5.957225185784712496e-01 0.000000000000000000e+00 2.750298931792356960e+00
-6.438817000000001656e+01 5.921949267897875790e-01 0.000000000000000000e+00 3.288111674646938543e+00
-6.493749400000002936e+01 5.972472040320803144e-01 0.000000000000000000e+00 2.729192233544643909e+00
-6.581868200000005231e+01 6.053517217276144224e-01 0.000000000000000000e+00 2.533637959849811772e+00
-6.594092000000003395e+01 6.064759767493197451e-01 0.000000000000000000e+00 3.013250204404446020e+00
-6.566824600000005319e+01 6.039681222868079624e-01 0.000000000000000000e+00 2.834078656173426580e+00
-6.554422400000001403e+01 6.028274593480981158e-01 0.000000000000000000e+00 2.724225579185187041e+00
-6.330816800000008726e+01 5.822618644691348599e-01 0.000000000000000000e+00 2.792269885181754674e+00
-6.565999400000002595e+01 6.038922264734017942e-01 0.000000000000000000e+00 2.695876936083895004e+00
-6.446467800000002057e+01 5.928985909793247355e-01 0.000000000000000000e+00 3.091738661567354995e+00
-6.562537999999999272e+01 6.035738724155691459e-01 0.000000000000000000e+00 2.682299945490018711e+00
-6.568208800000002157e+01 6.040954307997942196e-01 0.000000000000000000e+00 3.142270674877957859e+00
-6.630757400000000246e+01 6.098481899786624139e-01 0.000000000000000000e+00 2.786735323448125801e+00
-6.665598000000007062e+01 6.130525715547060495e-01 0.000000000000000000e+00 2.927435885728414178e+00
-6.610839200000003757e+01 6.080162607607979552e-01 0.000000000000000000e+00 2.460081449077849758e+00
-6.795245800000007819e+01 6.249766205577227396e-01 0.000000000000000000e+00 2.774797158158637256e+00
-6.740719800000006501e+01 6.199617209918334426e-01 0.000000000000000000e+00 2.845415351618859834e+00
-6.758533000000007007e+01 6.216000478257677209e-01 0.000000000000000000e+00 2.915442183330589021e+00
-6.738607000000001790e+01 6.197674012213967298e-01 0.000000000000000000e+00 2.744624523031200081e+00
-6.659329000000002452e+01 6.124759951438454308e-01 0.000000000000000000e+00 2.905328126655465582e+00
-6.769574800000005155e+01 6.226155912000593817e-01 0.000000000000000000e+00 3.116980217268701558e+00
-6.643706800000006751e+01 6.110391803399315425e-01 0.000000000000000000e+00 2.697946789273935497e+00
-6.695185000000003583e+01 6.157737657273198995e-01 0.000000000000000000e+00 2.612731657604060675e+00
-6.618525200000003395e+01 6.087231623868739616e-01 0.000000000000000000e+00 2.271080533044065319e+00
-6.717728600000003780e+01 6.178471598852185442e-01 0.000000000000000000e+00 3.135608246796430354e+00
-6.662970799999999372e+01 6.128109410639392962e-01 0.000000000000000000e+00 2.661637173616222540e+00
-6.690392400000001771e+01 6.153329777058349492e-01 0.000000000000000000e+00 2.927923143935290184e+00
-6.694379200000005881e+01 6.156996541829157232e-01 0.000000000000000000e+00 2.659628399033492130e+00
-6.718895800000004215e+01 6.179545103377238613e-01 0.000000000000000000e+00 2.507375872318880372e+00
-6.756244800000007444e+01 6.213895960562143550e-01 0.000000000000000000e+00 2.089933039016253602e+00
-6.743709800000006283e+01 6.202367191523808776e-01 0.000000000000000000e+00 3.756869641527411652e+00
-6.688479400000004205e+01 6.151570340666622227e-01 0.000000000000000000e+00 3.029789080695055148e+00
-6.627382000000004325e+01 6.095377455669197531e-01 0.000000000000000000e+00 3.046769993274712984e+00
-6.680023400000003164e+01 6.143793135162978203e-01 0.000000000000000000e+00 2.890027156428280009e+00
-6.736139800000006517e+01 6.195404863512624649e-01 0.000000000000000000e+00 2.418591443401917118e+00
-6.567108400000005020e+01 6.039942241189026895e-01 0.000000000000000000e+00 2.558744835633836257e+00
-6.810915599999999870e+01 6.264178132587742143e-01 0.000000000000000000e+00 3.517868837469698473e+00
-6.609221400000001267e+01 6.078674674416895130e-01 0.000000000000000000e+00 2.731432141060099461e+00
-6.743384600000005946e+01 6.202068096534477659e-01 0.000000000000000000e+00 2.760388517502490036e+00
-6.541229000000005556e+01 6.016140276653673125e-01 0.000000000000000000e+00 3.106405758373585346e+00
-6.656489600000003293e+01 6.122148480612172872e-01 0.000000000000000000e+00 2.442089857210604453e+00
-6.609540800000002037e+01 6.078968434993747838e-01 0.000000000000000000e+00 2.446361106824963549e+00
-6.663340000000000884e+01 6.128448973585461923e-01 0.000000000000000000e+00 2.794920005432655508e+00
-6.716601200000002336e+01 6.177434699433450582e-01 0.000000000000000000e+00 3.256825710929232010e+00
-6.688052400000002251e+01 6.151177617541022657e-01 0.000000000000000000e+00 3.056888734113742068e+00
-6.683470600000006812e+01 6.146963615627996091e-01 0.000000000000000000e+00 3.638185455088868814e+00
-6.707681799999998873e+01 6.169231292767272112e-01 0.000000000000000000e+00 2.696716234940920831e+00
-6.548205800000003762e+01 6.022557023029949663e-01 0.000000000000000000e+00 2.958028884280608839e+00
-6.620550000000002910e+01 6.089093885659631056e-01 0.000000000000000000e+00 2.485491256443801866e+00
-6.647587000000001467e+01 6.113960525347658104e-01 0.000000000000000000e+00 2.914716584919371023e+00
-6.668049000000004867e+01 6.132779964682515406e-01 0.000000000000000000e+00 2.870532307285830420e+00
-6.552261800000003689e+01 6.026287432859984694e-01 0.000000000000000000e+00 2.741137605336496641e+00
-6.762162800000001539e+01 6.219338900743140996e-01 0.000000000000000000e+00 2.963398232103873653e+00
-6.788157000000003904e+01 6.243246449856526548e-01 0.000000000000000000e+00 3.423063186930263235e+00
-6.773582000000004655e+01 6.229841439187702168e-01 0.000000000000000000e+00 3.056747922848461751e+00
-6.804445400000004440e+01 6.258227319549706236e-01 0.000000000000000000e+00 2.830603409826465189e+00
-6.641934600000003286e+01 6.108761864469137715e-01 0.000000000000000000e+00 3.026493182166616336e+00
-6.782345800000007330e+01 6.237901736443242084e-01 0.000000000000000000e+00 2.908784222864920554e+00
-6.778376800000005176e+01 6.234251342800387619e-01 0.000000000000000000e+00 2.924676113256047927e+00
-6.746139600000005032e+01 6.204601942461928088e-01 0.000000000000000000e+00 2.472914660142455201e+00
-6.771904000000000678e+01 6.228298138473991052e-01 0.000000000000000000e+00 3.112202662898015948e+00
-6.741451600000002031e+01 6.200290265616954510e-01 0.000000000000000000e+00 3.052977315115541934e+00
-6.744472400000005052e+01 6.203068574792146572e-01 0.000000000000000000e+00 3.125123571896029961e+00
-6.707101200000003871e+01 6.168697299683617574e-01 0.000000000000000000e+00 3.064317752047119647e+00
-6.677369800000002442e+01 6.141352549481277068e-01 0.000000000000000000e+00 2.925886465826220473e+00
-6.729943600000002846e+01 6.189706055477892654e-01 0.000000000000000000e+00 2.926641610078422939e+00
-6.697984200000006183e+01 6.160312155102647402e-01 0.000000000000000000e+00 3.145044246904303620e+00
-6.658948400000002721e+01 6.124409903612687556e-01 0.000000000000000000e+00 2.956324628937188059e+00
-6.652097000000001970e+01 6.118108490913106712e-01 0.000000000000000000e+00 2.493592366446448771e+00
-6.809147600000005696e+01 6.262552056507988407e-01 0.000000000000000000e+00 3.087498347903537166e+00
-6.687074800000004871e+01 6.150278493120452383e-01 0.000000000000000000e+00 2.942531138099107491e+00
-6.642180600000004631e+01 6.108988117136344709e-01 0.000000000000000000e+00 2.976082599246767213e+00
-6.730113800000002300e+01 6.189862592892357851e-01 0.000000000000000000e+00 2.527723411172570600e+00
-6.743094000000003518e+01 6.201800824074759078e-01 0.000000000000000000e+00 2.832947538725649750e+00
-6.793914200000004655e+01 6.248541498050185217e-01 0.000000000000000000e+00 3.103113559421025514e+00
-6.637268200000001173e+01 6.104470053712016675e-01 0.000000000000000000e+00 2.545471717605063855e+00
-6.690806800000001431e+01 6.153710911632699343e-01 0.000000000000000000e+00 2.638217277827256790e+00
-6.673089400000004900e+01 6.137415753071890911e-01 0.000000000000000000e+00 2.747353175820486104e+00
-6.757909600000003536e+01 6.215427120888826762e-01 0.000000000000000000e+00 3.146422716979273115e+00
-6.647584800000004179e+01 6.113958501949824376e-01 0.000000000000000000e+00 3.196795498919997147e+00
-6.778464000000002443e+01 6.234331542932826098e-01 0.000000000000000000e+00 3.101045036106311770e+00
-6.689072200000005353e+01 6.152115554411012877e-01 0.000000000000000000e+00 2.328416301230161523e+00
-6.877367400000005659e+01 6.325295600029436915e-01 0.000000000000000000e+00 3.909748105105720573e+00
-6.720530200000004584e+01 6.181048304024726603e-01 0.000000000000000000e+00 3.102800438508425795e+00
-6.719562400000000935e+01 6.180158192921787474e-01 0.000000000000000000e+00 2.675365341430072874e+00
-6.799249600000003113e+01 6.253448605694947871e-01 0.000000000000000000e+00 2.795863965633391235e+00
-6.665165800000005447e+01 6.130128209844755149e-01 0.000000000000000000e+00 2.380330706044303302e+00
-6.653046200000002841e+01 6.118981495107058688e-01 0.000000000000000000e+00 3.014458423067068349e+00
-6.740268200000004128e+01 6.199201861526013602e-01 0.000000000000000000e+00 3.366096779620831647e+00
-6.686464200000004610e+01 6.149716908248109570e-01 0.000000000000000000e+00 2.925759421373113067e+00
-6.755437999999999477e+01 6.213153925391803334e-01 0.000000000000000000e+00 3.352359998568172905e+00
-6.778964200000000062e+01 6.234791590022810137e-01 0.000000000000000000e+00 3.060732809763640816e+00
-6.785613400000002571e+01 6.240907034066663917e-01 0.000000000000000000e+00 2.953849511230038694e+00
-6.830451400000005435e+01 6.282145721433306518e-01 0.000000000000000000e+00 3.197251538779247060e+00
-6.739795400000004122e+01 6.198767014936359399e-01 0.000000000000000000e+00 2.597887402923127365e+00
-6.916703800000006197e+01 6.361474321242004404e-01 0.000000000000000000e+00 2.911188189190943909e+00
-6.882714600000004168e+01 6.330213560444415410e-01 0.000000000000000000e+00 3.021588731864296218e+00
-6.775561400000002266e+01 6.231661945405050362e-01 0.000000000000000000e+00 2.862229926354130871e+00
-6.815537400000005164e+01 6.268428923552356036e-01 0.000000000000000000e+00 2.430745596161096422e+00
-6.860429200000001515e+01 6.309717092193365406e-01 0.000000000000000000e+00 2.876932224467197319e+00
-6.766851600000001099e+01 6.223651313369142901e-01 0.000000000000000000e+00 2.896683258616916223e+00
-6.886031400000005931e+01 6.333264108601286413e-01 0.000000000000000000e+00 2.565017495402558190e+00
-6.896724600000005978e+01 6.343098925759699247e-01 0.000000000000000000e+00 3.045850114016536381e+00
-6.841730800000006241e+01 6.292519682142599935e-01 0.000000000000000000e+00 2.257661179260385342e+00
-6.898857399999999984e+01 6.345060517989846716e-01 0.000000000000000000e+00 2.435545993859705494e+00
-6.989352400000007037e+01 6.428291148554197143e-01 0.000000000000000000e+00 2.877358160195641279e+00
-6.969033200000004058e+01 6.409603046133475202e-01 0.000000000000000000e+00 2.965390023060145541e+00
-6.949784800000004736e+01 6.391899786623504998e-01 0.000000000000000000e+00 2.808896805066200653e+00
-6.952912600000004772e+01 6.394776506511666847e-01 0.000000000000000000e+00 3.355961137812697004e+00
-6.945471800000002816e+01 6.387933007137078789e-01 0.000000000000000000e+00 3.057758292644856102e+00
-7.014591200000000981e+01 6.451503936428519825e-01 0.000000000000000000e+00 3.400988803015732032e+00
-6.955161999999999978e+01 6.396845338827165106e-01 0.000000000000000000e+00 2.558536478362407163e+00
-6.876261200000000429e+01 6.324278198808035434e-01 0.000000000000000000e+00 2.022311581028906513e+00
-7.078022400000004666e+01 6.509843278640281561e-01 0.000000000000000000e+00 2.600548502715098742e+00
-7.082810000000004891e+01 6.514246560223682092e-01 0.000000000000000000e+00 2.592919060858170699e+00
-7.111255800000002125e+01 6.540408910308294077e-01 0.000000000000000000e+00 3.058916558877959435e+00
-7.106698400000001925e+01 6.536217349716726410e-01 0.000000000000000000e+00 2.836261807333979590e+00
-7.147537000000004070e+01 6.573777683761317103e-01 0.000000000000000000e+00 2.898098230118182794e+00
-7.197196000000005256e+01 6.619450371569426395e-01 0.000000000000000000e+00 2.819539252567283327e+00
-7.251434000000007529e+01 6.669334486056957001e-01 0.000000000000000000e+00 3.129707268139054310e+00
-7.197660200000004238e+01 6.619877308512990277e-01 0.000000000000000000e+00 2.545343200053101995e+00
-7.093111400000002220e+01 6.523721028621884965e-01 0.000000000000000000e+00 3.349047249562480566e+00
-7.196600200000003156e+01 6.618902398646165919e-01 0.000000000000000000e+00 2.179870838819436774e+00
-7.273692600000002528e+01 6.689806305643443141e-01 0.000000000000000000e+00 2.803507291781983213e+00
-7.326118800000007525e+01 6.738024060039738972e-01 0.000000000000000000e+00 2.759990483634596981e+00
-7.369978800000004071e+01 6.778363255095287698e-01 0.000000000000000000e+00 2.358442870966375171e+00
-7.393866000000002714e+01 6.800332940916785640e-01 0.000000000000000000e+00 3.299724441326407298e+00
-7.347700200000004145e+01 6.757873040983007895e-01 0.000000000000000000e+00 2.663358535701291441e+00
-7.429968400000002759e+01 6.833537267309252039e-01 0.000000000000000000e+00 3.032515904268335394e+00
-7.359928600000003485e+01 6.769119821940994264e-01 0.000000000000000000e+00 3.019063454655493306e+00
-7.433419800000005750e+01 6.836711610624683910e-01 0.000000000000000000e+00 2.855352583651562526e+00
-7.354126000000000829e+01 6.763783018173792350e-01 0.000000000000000000e+00 2.597661107670327763e+00
-7.427520000000001232e+01 6.831285409462145575e-01 0.000000000000000000e+00 2.617872189856533360e+00
-7.465661200000002395e+01 6.866364873813555203e-01 0.000000000000000000e+00 2.332551607894433499e+00
-7.430524600000006785e+01 6.834048819071451009e-01 0.000000000000000000e+00 2.620806135964098615e+00
-7.349973400000003210e+01 6.759963762784199082e-01 0.000000000000000000e+00 2.272794405337476231e+00
-7.432580400000004772e+01 6.835939592377313634e-01 0.000000000000000000e+00 2.949794123818326508e+00
-7.579316200000002368e+01 6.970896365241706638e-01 0.000000000000000000e+00 2.656284158569385045e+00
-7.483028000000003033e+01 6.882337576337285157e-01 0.000000000000000000e+00 2.482055456611912181e+00
-7.482579399999998770e+01 6.881924987123830828e-01 0.000000000000000000e+00 2.156178481294153126e+00
-7.486413600000005886e+01 6.885451401662870952e-01 0.000000000000000000e+00 2.326929122277910711e+00
-7.468310400000002858e+01 6.868801412699583331e-01 0.000000000000000000e+00 2.244965365997723339e+00
-7.438268000000000768e+01 6.841170627621221412e-01 0.000000000000000000e+00 2.594737973108442564e+00
-7.499924200000002372e+01 6.897877455669195745e-01 0.000000000000000000e+00 2.739768650012609275e+00
-7.567731600000006154e+01 6.960241704068874657e-01 0.000000000000000000e+00 2.984217007731904570e+00
-7.492337400000006653e+01 6.890899676256352357e-01 0.000000000000000000e+00 2.526246270240300795e+00
-7.573004200000005426e+01 6.965091052902661062e-01 0.000000000000000000e+00 2.642353523063188270e+00
-7.665469400000007738e+01 7.050133728202494510e-01 0.000000000000000000e+00 3.670531665169794344e+00
-7.513244000000007361e+01 6.910128025899499038e-01 0.000000000000000000e+00 2.240773324483574136e+00
-7.543612600000004420e+01 6.938058825693478315e-01 0.000000000000000000e+00 2.280023098528219272e+00
-7.559512000000005116e+01 6.952681921860059955e-01 0.000000000000000000e+00 2.688688907931961580e+00
-7.518457400000005464e+01 6.914922926936949432e-01 0.000000000000000000e+00 2.634797172981540037e+00
-7.568975400000002196e+01 6.961385659627696842e-01 0.000000000000000000e+00 2.653329041850496228e+00
-7.560269600000002299e+01 6.953378706496948780e-01 0.000000000000000000e+00 2.345461946355561711e+00
-7.498008200000005274e+01 6.896115260098599764e-01 0.000000000000000000e+00 2.787717700893465267e+00
-7.521253400000001932e+01 6.917494481642265658e-01 0.000000000000000000e+00 2.445186830986189719e+00
-7.543749600000006694e+01 6.938184828195135267e-01 0.000000000000000000e+00 2.781194165361056569e+00
-7.520982800000004431e+01 6.917245603708340740e-01 0.000000000000000000e+00 2.837977534669520185e+00
-7.549096800000005203e+01 6.943102788610114873e-01 0.000000000000000000e+00 2.814772215083139351e+00
-7.492873000000005845e+01 6.891392281656985030e-01 0.000000000000000000e+00 2.321862852834709390e+00
-7.410618800000003148e+01 6.815740931498789346e-01 0.000000000000000000e+00 2.711281025614006968e+00
-7.515411800000003950e+01 6.912121808549779312e-01 0.000000000000000000e+00 2.788922282722605228e+00
-7.564240400000007014e+01 6.957030755647126696e-01 0.000000000000000000e+00 3.022997170309791759e+00
-7.520180800000007082e+01 6.916507983224199352e-01 0.000000000000000000e+00 2.357364373153658210e+00
-7.562717200000004425e+01 6.955629828563023587e-01 0.000000000000000000e+00 2.726925751197016190e+00
-7.614945800000003828e+01 7.003665845044518834e-01 0.000000000000000000e+00 2.425336059487531060e+00
-7.546417600000008008e+01 6.940638657935406242e-01 0.000000000000000000e+00 2.110347295709663840e+00
-7.524653800000002946e+01 6.920621918916933790e-01 0.000000000000000000e+00 2.686624194971462654e+00
-7.568436400000001640e+01 6.960889927157679624e-01 0.000000000000000000e+00 3.058378740031847620e+00
-7.626615000000005296e+01 7.014398315061443068e-01 0.000000000000000000e+00 2.219578741972940694e+00
-7.433362400000002879e+01 6.836658818335665799e-01 0.000000000000000000e+00 2.708183132025952844e+00
-7.567698599999999942e+01 6.960211353101317666e-01 0.000000000000000000e+00 3.097068521305366140e+00
-7.555914800000005016e+01 6.949373482451627337e-01 0.000000000000000000e+00 3.142631339411369851e+00
-7.613968800000002091e+01 7.002767272459717862e-01 0.000000000000000000e+00 2.681666666338210714e+00
-7.537696400000002939e+01 6.932617541019795437e-01 0.000000000000000000e+00 2.737977482605831181e+00
-7.603742000000005419e+01 6.993361415642710410e-01 0.000000000000000000e+00 2.789247331442587630e+00
-7.506050000000001887e+01 6.903511514973146301e-01 0.000000000000000000e+00 2.564704926261084150e+00
-7.519825600000001486e+01 6.916181296446178850e-01 0.000000000000000000e+00 2.711974606132415477e+00
-7.558213000000006332e+01 6.951487197410056718e-01 0.000000000000000000e+00 2.437616993203721272e+00
-7.531376800000003868e+01 6.926805238760949113e-01 0.000000000000000000e+00 2.501577376109447304e+00
-7.552106600000004732e+01 6.945870980796119420e-01 0.000000000000000000e+00 2.723663509090562762e+00
-7.666388200000004360e+01 7.050978772717243492e-01 0.000000000000000000e+00 2.628639281606367728e+00
-7.608881600000005108e+01 6.998088440879999261e-01 0.000000000000000000e+00 2.525127652767621189e+00
-7.802397400000005234e+01 7.176070009565158614e-01 0.000000000000000000e+00 2.589271870920354601e+00
-7.745447800000002303e+01 7.123691965271137239e-01 0.000000000000000000e+00 2.471346856915855650e+00
-7.699152600000003588e+01 7.081113052755503290e-01 0.000000000000000000e+00 2.552136293604899464e+00
-7.708382800000003954e+01 7.089602310352443038e-01 0.000000000000000000e+00 2.539230815853055656e+00
-7.759499000000005253e+01 7.136615223309548117e-01 0.000000000000000000e+00 2.756236877327381318e+00
-7.694814400000005605e+01 7.077123096166586524e-01 0.000000000000000000e+00 2.575229689248684561e+00
-7.746733200000004160e+01 7.124874181443606735e-01 0.000000000000000000e+00 2.323242513805985343e+00
-7.699601400000003082e+01 7.081525825914211092e-01 0.000000000000000000e+00 2.039840761314272388e+00
-7.799796400000005292e+01 7.173677801486283423e-01 0.000000000000000000e+00 2.890252438924862055e+00
-7.647933000000006132e+01 7.034005040100071993e-01 0.000000000000000000e+00 2.343784367020760318e+00
-7.817119000000002416e+01 7.189609852108015398e-01 0.000000000000000000e+00 2.978216290030329283e+00
-7.751315200000003358e+01 7.129088367301894547e-01 0.000000000000000000e+00 2.714145933880490524e+00
-7.849967200000007495e+01 7.219821205209336901e-01 0.000000000000000000e+00 2.803478421715825952e+00
-7.824177400000006344e+01 7.196101648149516583e-01 0.000000000000000000e+00 2.709864782143010853e+00
-7.864659000000004596e+01 7.233333639908767765e-01 0.000000000000000000e+00 2.386690780371665710e+00
-7.911013000000005491e+01 7.275966632330224115e-01 0.000000000000000000e+00 2.799517385157302751e+00
-7.945506800000003977e+01 7.307691487013469045e-01 0.000000000000000000e+00 2.496599208737090070e+00
-7.920767200000004493e+01 7.284937826502837499e-01 0.000000000000000000e+00 2.503624682480030117e+00
-8.005071400000004189e+01 7.362474615554415180e-01 0.000000000000000000e+00 2.811640135637430760e+00
-7.931114400000006981e+01 7.294454418365101667e-01 0.000000000000000000e+00 2.112863034197145495e+00
-8.059738600000002862e+01 7.412753476565376864e-01 0.000000000000000000e+00 2.294806783047146137e+00
-8.078169800000003420e+01 7.429705135751604184e-01 0.000000000000000000e+00 2.384182328885459778e+00
-8.020725800000003858e+01 7.376872378780079398e-01 0.000000000000000000e+00 2.821319630100048048e+00
-8.119505000000003747e+01 7.467722205871536456e-01 0.000000000000000000e+00 2.433211036922612980e+00
-8.114376200000005213e+01 7.463005113678174984e-01 0.000000000000000000e+00 2.477402982302886247e+00
-8.017108600000000251e+01 7.373545544845854227e-01 0.000000000000000000e+00 2.169042348340144422e+00
-8.216725800000004654e+01 7.557138731513506347e-01 0.000000000000000000e+00 2.499435606642734342e+00
-8.171085600000007787e+01 7.515162239717467774e-01 0.000000000000000000e+00 2.329122599109117342e+00
-8.140997600000002876e+01 7.487489515120303585e-01 0.000000000000000000e+00 2.318673440539359643e+00
-8.096290000000004738e+01 7.446370760061810090e-01 0.000000000000000000e+00 1.985378971838420270e+00
-8.157234000000006802e+01 7.502422559046434403e-01 0.000000000000000000e+00 2.353017027330888133e+00
-8.181899400000001776e+01 7.525107975866384136e-01 0.000000000000000000e+00 2.457905498007470602e+00
-8.134069600000005096e+01 7.481117651386952616e-01 0.000000000000000000e+00 2.412349209938500216e+00
-8.148958000000001789e+01 7.494810904274890051e-01 0.000000000000000000e+00 2.549247429213871374e+00
-8.162532400000007726e+01 7.507295636818490658e-01 0.000000000000000000e+00 2.408373985485567470e+00
-8.230540000000006273e+01 7.569844014421314160e-01 0.000000000000000000e+00 2.570935976242775478e+00
-8.277810200000004670e+01 7.613319660069167716e-01 0.000000000000000000e+00 2.607763933124516598e+00
-8.201271400000004519e+01 7.542924913545733245e-01 0.000000000000000000e+00 2.492614159975244714e+00
-8.373327800000002696e+01 7.701169707894933714e-01 0.000000000000000000e+00 2.420187881160711374e+00
-8.270919800000004329e+01 7.606982378044297999e-01 0.000000000000000000e+00 2.406570493418786150e+00
-8.426424600000005682e+01 7.750004230740936695e-01 0.000000000000000000e+00 2.785507690969184935e+00
-8.405932800000003624e+01 7.731157383562655694e-01 0.000000000000000000e+00 2.366055836755004194e+00
-8.463013000000003672e+01 7.783655544110076319e-01 0.000000000000000000e+00 2.104720975556972462e+00
-8.489623400000003528e+01 7.808129828563022956e-01 0.000000000000000000e+00 2.443959057511381427e+00
-8.426254400000006228e+01 7.749847693326472609e-01 0.000000000000000000e+00 2.150938467688423117e+00
-8.444275400000006471e+01 7.766422080788764060e-01 0.000000000000000000e+00 2.269070983278301146e+00
-8.395960800000005975e+01 7.721985873004200140e-01 0.000000000000000000e+00 2.414572896614775921e+00
-8.468559400000003734e+01 7.788756714001916492e-01 0.000000000000000000e+00 2.928645079413986885e+00
-8.423872600000005662e+01 7.747657089250244988e-01 0.000000000000000000e+00 2.456859983949291060e+00
-8.380217800000004047e+01 7.707506622029288712e-01 0.000000000000000000e+00 2.242645513879813368e+00
-8.416784400000003075e+01 7.741137885365318994e-01 0.000000000000000000e+00 2.332145047827224982e+00
-8.446299200000007090e+01 7.768283422853365927e-01 0.000000000000000000e+00 2.469411563640703466e+00
-8.366968000000004224e+01 7.695320432639251029e-01 0.000000000000000000e+00 2.616914672516534868e+00
-8.474535800000009544e+01 7.794253366198228283e-01 0.000000000000000000e+00 2.102173914764225771e+00
-8.403469400000007283e+01 7.728891729821212309e-01 0.000000000000000000e+00 2.384021031948274860e+00
-8.435811800000004723e+01 7.758637885365320397e-01 0.000000000000000000e+00 1.986553593100016224e+00
-8.389570200000007105e+01 7.716108270178801964e-01 0.000000000000000000e+00 2.331209631035858543e+00
-8.411850800000004824e+01 7.736600323743658691e-01 0.000000000000000000e+00 1.797577715923247554e+00
-8.479078400000008742e+01 7.798431314840711392e-01 0.000000000000000000e+00 2.198544239324436322e+00
-8.480027600000001087e+01 7.799304319034656707e-01 0.000000000000000000e+00 2.671867495320360941e+00
-8.376043000000004213e+01 7.703666948716065832e-01 0.000000000000000000e+00 2.184954443160513904e+00
-8.480629800000002660e+01 7.799858178206168224e-01 0.000000000000000000e+00 2.497817212662837960e+00
-8.413919400000004600e+01 7.738502869546027840e-01 0.000000000000000000e+00 2.411480116586266043e+00
-8.428843000000003371e+01 7.752228496799355995e-01 0.000000000000000000e+00 2.682039698314202525e+00
-8.448031600000004460e+01 7.769876756677217555e-01 0.000000000000000000e+00 2.407710697608368644e+00
-8.453126200000005497e+01 7.774562394231482321e-01 0.000000000000000000e+00 2.753499429386598418e+00
-8.433596600000004173e+01 7.756600507688915513e-01 0.000000000000000000e+00 2.212102912113679487e+00
-8.507740200000010589e+01 7.824792325803850979e-01 0.000000000000000000e+00 2.962522449166273830e+00
-8.465128000000005670e+01 7.785600765212278285e-01 0.000000000000000000e+00 2.097762602239237051e+00
-8.432320000000001414e+01 7.755426385107793141e-01 0.000000000000000000e+00 2.241520726577553635e+00
-8.478249400000002822e+01 7.797668861746747115e-01 0.000000000000000000e+00 2.438034259743043108e+00
-8.337899600000007183e+01 7.668585460966823586e-01 0.000000000000000000e+00 2.091140416132746704e+00
-8.436568600000003926e+01 7.759333934221179785e-01 0.000000000000000000e+00 2.486228274339517430e+00
-8.420891000000003146e+01 7.744914833345599714e-01 0.000000000000000000e+00 1.644343732498184441e+00
-8.411261200000005545e+01 7.736058053123395784e-01 0.000000000000000000e+00 2.500100628410339532e+00
-8.419841600000002302e+01 7.743949672577443710e-01 0.000000000000000000e+00 2.107574290420246133e+00
-8.527045800000001918e+01 7.842548193657569167e-01 0.000000000000000000e+00 2.283397297630056499e+00
-8.467014400000007868e+01 7.787335736884710702e-01 0.000000000000000000e+00 2.073493804582112077e+00
-8.455997200000003033e+01 7.777202928408508686e-01 0.000000000000000000e+00 2.626267604975824899e+00
-8.446947000000008643e+01 7.768879221543677494e-01 0.000000000000000000e+00 2.171697118859028386e+00
-8.462073000000005152e+01 7.782791001397989517e-01 0.000000000000000000e+00 2.303706916574837837e+00
-8.586529000000003009e+01 7.897256456478555231e-01 0.000000000000000000e+00 2.361393839440912412e+00
-8.530074000000004730e+01 7.845333308807304062e-01 0.000000000000000000e+00 2.062261683715529870e+00
-8.505041800000005026e+01 7.822310536384377011e-01 0.000000000000000000e+00 2.165490564170417187e+00
-8.439241400000003068e+01 7.761792178647637375e-01 0.000000000000000000e+00 2.288061656168443481e+00
-8.512315400000007060e+01 7.829000257523367479e-01 0.000000000000000000e+00 1.963219431558399286e+00
-8.530817000000008932e+01 7.846016665440374016e-01 0.000000000000000000e+00 2.193716585172433842e+00
-8.519456000000002405e+01 7.835567655065854842e-01 0.000000000000000000e+00 2.253204023185873872e+00
-8.536355200000004118e+01 7.851110293576635257e-01 0.000000000000000000e+00 2.350558092186499692e+00
-8.484386400000006745e+01 7.803313221985144210e-01 0.000000000000000000e+00 2.701517845097043846e+00
-8.510665200000002528e+01 7.827482525200503138e-01 0.000000000000000000e+00 2.117392398347981430e+00
-8.508878600000006998e+01 7.825839342211764471e-01 0.000000000000000000e+00 2.915602030907220144e+00
-8.481607800000000452e+01 7.800757670517254327e-01 0.000000000000000000e+00 2.563039273182279310e+00
-8.488271000000007405e+01 7.806885990729166558e-01 0.000000000000000000e+00 2.133874102365806102e+00
-8.467569400000006397e+01 7.787846184975357744e-01 0.000000000000000000e+00 2.102412882295103813e+00
-8.473638200000009135e+01 7.793427819880812679e-01 0.000000000000000000e+00 2.186306293492669361e+00
-8.479048600000005820e+01 7.798403906997283253e-01 0.000000000000000000e+00 2.365977327223009130e+00
-8.476334000000004210e+01 7.795907218011923767e-01 0.000000000000000000e+00 2.198145308107621876e+00
-8.477024000000004378e+01 7.796541829151648617e-01 0.000000000000000000e+00 2.392499849128689515e+00
-8.500848200000005761e+01 7.818453572216913505e-01 0.000000000000000000e+00 2.080652132442707192e+00
-8.617509800000000553e+01 7.925750312706939527e-01 0.000000000000000000e+00 3.083529279997519357e+00
-8.472312000000005128e+01 7.792208078875731969e-01 0.000000000000000000e+00 2.158518993769720673e+00
-8.542777400000004207e+01 7.857016959752781693e-01 0.000000000000000000e+00 2.406108096122503426e+00
-8.560764000000003193e+01 7.873559708630715193e-01 0.000000000000000000e+00 2.341950116178110441e+00
-8.584233600000004571e+01 7.895145316753738873e-01 0.000000000000000000e+00 2.770292407113937205e+00
-8.570052200000004916e+01 7.882102310352444574e-01 0.000000000000000000e+00 2.179329026552841775e+00
-8.452342200000008177e+01 7.773841328820551011e-01 0.000000000000000000e+00 2.657467709338681594e+00
-8.547730600000001289e+01 7.861572548009714279e-01 0.000000000000000000e+00 2.103197094844326376e+00
-8.549336600000006570e+01 7.863049628430585081e-01 0.000000000000000000e+00 1.871628938674771092e+00
-8.559549000000005492e+01 7.872442241189027134e-01 0.000000000000000000e+00 2.650203353566010112e+00
-8.545264800000003902e+01 7.859304686925174810e-01 0.000000000000000000e+00 2.115175321934616992e+00
-8.495172000000002299e+01 7.813233021852699078e-01 0.000000000000000000e+00 2.850797298506456912e+00
-8.524399600000003829e+01 7.840114413950411976e-01 0.000000000000000000e+00 2.143345103880211600e+00
-8.528306200000005788e+01 7.843707416672803800e-01 0.000000000000000000e+00 2.708554351104081270e+00
-8.525804000000006511e+01 7.841406077551327236e-01 0.000000000000000000e+00 2.701038066366261425e+00
-8.572012800000007360e+01 7.883905525715554363e-01 0.000000000000000000e+00 2.893526203391483698e+00
-8.618076400000005322e+01 7.926271429622550047e-01 0.000000000000000000e+00 2.595212824947449093e+00
-8.571970600000005902e+01 7.883866713266137749e-01 0.000000000000000000e+00 2.207092505913743175e+00
-8.486383200000003058e+01 7.805149731439926519e-01 0.000000000000000000e+00 2.310924794325047493e+00
-8.573450400000004379e+01 7.885227724229273427e-01 0.000000000000000000e+00 1.976053025804701324e+00
-8.546037200000007772e+01 7.860015083511154854e-01 0.000000000000000000e+00 2.299112857106655916e+00
-8.549457200000006196e+01 7.863160547421093050e-01 0.000000000000000000e+00 2.118338763843026218e+00
-8.520337400000005346e+01 7.836378301817384928e-01 0.000000000000000000e+00 2.332998679491501637e+00
-8.538930400000003829e+01 7.853478772717242817e-01 0.000000000000000000e+00 2.631410619970385945e+00
-8.499529199999997786e+01 7.817240453241113274e-01 0.000000000000000000e+00 2.447458546514128752e+00
-8.531356200000004719e+01 7.846512581855644708e-01 0.000000000000000000e+00 2.132721552183377778e+00
-8.530767600000004336e+01 7.845971230961670262e-01 0.000000000000000000e+00 2.088092380552453164e+00
-8.556596800000002645e+01 7.869727025237291951e-01 0.000000000000000000e+00 2.126695927930164931e+00
-8.518610200000007637e+01 7.834789750570237965e-01 0.000000000000000000e+00 2.511355375774265486e+00
-8.541069400000009182e+01 7.855446067250395625e-01 0.000000000000000000e+00 1.997084349787372926e+00
-8.520717199999999991e+01 7.836727613862115582e-01 0.000000000000000000e+00 2.001509422334286192e+00
-8.504284000000002663e+01 7.821613567802224720e-01 0.000000000000000000e+00 2.529985454663342903e+00
-8.507341400000008491e+01 7.824425538959614013e-01 0.000000000000000000e+00 2.336635099472069488e+00
-8.616724600000009104e+01 7.925028143624466281e-01 0.000000000000000000e+00 2.228714815940325611e+00
-8.535079600000004518e+01 7.849937090721805788e-01 0.000000000000000000e+00 2.218543835283573795e+00
-8.483262200000002906e+01 7.802279265690533760e-01 0.000000000000000000e+00 1.972987452057350266e+00
-8.536370800000003101e+01 7.851124641306750362e-01 0.000000000000000000e+00 2.156193079081460073e+00
-8.597216600000002984e+01 7.907086123169747571e-01 0.000000000000000000e+00 2.492898224886126446e+00
-8.532138000000003331e+01 7.847231623868740069e-01 0.000000000000000000e+00 2.080225494867071756e+00
-8.581925200000004850e+01 7.893022220587158078e-01 0.000000000000000000e+00 2.122569163212878696e+00
-8.571007400000003429e+01 7.882980832904131763e-01 0.000000000000000000e+00 2.088450717957542668e+00
-8.519442600000004973e+01 7.835555330733579016e-01 0.000000000000000000e+00 2.344821867784502967e+00
-8.528854000000002600e+01 7.844211242734164813e-01 0.000000000000000000e+00 2.177687490264047288e+00
-8.512713000000006502e+01 7.829365940696054738e-01 0.000000000000000000e+00 2.337940858205067141e+00
-8.583648200000004636e+01 7.894606908983891058e-01 0.000000000000000000e+00 2.146100872754206357e+00
-8.570156200000002400e+01 7.882197961886545645e-01 0.000000000000000000e+00 2.202538944806628596e+00
-8.587508400000007214e+01 7.898157236406452286e-01 0.000000000000000000e+00 2.272944372870936203e+00
-8.507443000000003508e+01 7.824518983150617890e-01 0.000000000000000000e+00 2.076219383393719475e+00
-8.583010800000008089e+01 7.894020675446994373e-01 0.000000000000000000e+00 2.171055361003356055e+00
-8.528740800000007027e+01 7.844107129718203009e-01 0.000000000000000000e+00 2.062991036946406620e+00
-8.545514800000005096e+01 7.859534618497540093e-01 0.000000000000000000e+00 2.405272973209594767e+00
-8.558991800000008254e+01 7.871929769700545254e-01 0.000000000000000000e+00 2.659880750436269370e+00
-8.562003400000004660e+01 7.874699617393868811e-01 0.000000000000000000e+00 2.484721433981863292e+00
-8.442766000000003146e+01 7.765033845927454825e-01 0.000000000000000000e+00 2.143284976974656253e+00
-8.541598400000002300e+01 7.855932602457511571e-01 0.000000000000000000e+00 2.299154220367643386e+00
-8.490736200000003464e+01 7.809153299977930063e-01 0.000000000000000000e+00 2.159759137280512498e+00
-8.560407400000001132e+01 7.873231734235892620e-01 0.000000000000000000e+00 2.446316485493232662e+00
-8.532647000000004311e+01 7.847699764550074564e-01 0.000000000000000000e+00 2.284029083183549247e+00
-8.612142400000004727e+01 7.920813773820916115e-01 0.000000000000000000e+00 2.216648633561644655e+00
-8.560039800000006949e+01 7.872893642851893636e-01 0.000000000000000000e+00 2.701495378413947712e+00
-8.528127800000004299e+01 7.843543337502763002e-01 0.000000000000000000e+00 2.643754497670983028e+00
-8.571557200000003718e+01 7.883486498418074140e-01 0.000000000000000000e+00 2.461530158586793693e+00
-8.530541000000005170e+01 7.845762820984479857e-01 0.000000000000000000e+00 2.583569547499676045e+00
-8.631042200000003106e+01 7.938196416746379214e-01 0.000000000000000000e+00 2.363585884167179074e+00
-8.513433200000004319e+01 7.830028327569719115e-01 0.000000000000000000e+00 2.523106954533668400e+00
-8.585190200000000971e+01 7.896025126922229243e-01 0.000000000000000000e+00 2.262754428128725959e+00
-8.571808000000007155e+01 7.883717165771473301e-01 0.000000000000000000e+00 2.173838353110586041e+00
-8.566508800000002566e+01 7.878843352218382057e-01 0.000000000000000000e+00 2.183690134587540577e+00
-8.634384200000006615e+01 7.941270142005745214e-01 0.000000000000000000e+00 2.312081449107944220e+00
-8.612635000000008745e+01 7.921266830991104957e-01 0.000000000000000000e+00 2.540865985895916168e+00
-8.571210200000001578e+01 7.883167353395631460e-01 0.000000000000000000e+00 2.455558156138391901e+00
-8.555986600000005637e+01 7.869165808255468297e-01 0.000000000000000000e+00 2.229112075082087419e+00
-8.624453000000006853e+01 7.932136156279897543e-01 0.000000000000000000e+00 2.444345893520742496e+00
-8.512638600000006761e+01 7.829297513060119451e-01 0.000000000000000000e+00 2.329938268789041977e+00
-8.657588000000002637e+01 7.962611286881027262e-01 0.000000000000000000e+00 2.661422093011876822e+00
-8.566572800000002985e+01 7.878902214700908013e-01 0.000000000000000000e+00 2.002073555499977786e+00
-8.638722000000001344e+01 7.945259730704143930e-01 0.000000000000000000e+00 2.155655643026764157e+00
-8.638816400000001750e+01 7.945346552865869549e-01 0.000000000000000000e+00 2.228920920490904400e+00
-8.709869000000006167e+01 8.010695497020092759e-01 0.000000000000000000e+00 2.723479556680491243e+00
-8.598980200000002583e+01 7.908708152453832740e-01 0.000000000000000000e+00 2.331669736215623345e+00
-8.639708999999999151e+01 7.946167500551835072e-01 0.000000000000000000e+00 2.329680283154143883e+00
-8.684111800000002290e+01 7.987005923037306943e-01 0.000000000000000000e+00 2.169129628009140109e+00
-8.772404800000003888e+01 8.068211316312269288e-01 0.000000000000000000e+00 2.630493304754755179e+00
-8.775191800000004605e+01 8.070774593480984915e-01 0.000000000000000000e+00 2.348950695475265693e+00
-8.764498600000005979e+01 8.060939776322572081e-01 0.000000000000000000e+00 2.196779333893647657e+00
-8.751766000000003487e+01 8.049229269369438944e-01 0.000000000000000000e+00 2.191960114195105724e+00
-8.643087800000004961e+01 7.949275071738655107e-01 0.000000000000000000e+00 2.035385161256371589e+00
-8.746286000000003469e+01 8.044189169303218589e-01 0.000000000000000000e+00 2.254626367666663800e+00
-8.756351400000002627e+01 8.053446582297111300e-01 0.000000000000000000e+00 1.664597295251188713e+00
-8.756259600000005605e+01 8.053362151423741899e-01 0.000000000000000000e+00 2.068440107708163556e+00
-8.868586000000003366e+01 8.156671694503718761e-01 0.000000000000000000e+00 2.225154947277591333e+00
-8.769729000000006636e+01 8.065750312706945202e-01 0.000000000000000000e+00 2.162530504134712928e+00
-8.800833000000004347e+01 8.094357479214190354e-01 0.000000000000000000e+00 2.005559464074649689e+00
-8.783586600000005262e+01 8.078495511735712675e-01 0.000000000000000000e+00 2.425137026898967818e+00
-8.874725000000006503e+01 8.162317894194693890e-01 0.000000000000000000e+00 2.257989807775977908e+00
-8.794219000000005337e+01 8.088274409535727294e-01 0.000000000000000000e+00 2.334937073687598730e+00
-8.738558400000005122e+01 8.037081892428817875e-01 0.000000000000000000e+00 2.325303368704628060e+00
-8.883372600000004127e+01 8.170271319255393294e-01 0.000000000000000000e+00 1.954548491746853189e+00
-8.832735000000009506e+01 8.123698587300428597e-01 0.000000000000000000e+00 2.067718020823043457e+00
-8.925207000000006019e+01 8.208747516739024475e-01 0.000000000000000000e+00 2.547189178726664949e+00
-8.772645000000008508e+01 8.068432234567001204e-01 0.000000000000000000e+00 1.898300808165773290e+00
-8.785601000000006877e+01 8.080348208373194785e-01 0.000000000000000000e+00 2.409033861312350311e+00
-8.803465800000003583e+01 8.096778934589069499e-01 0.000000000000000000e+00 2.109794252076957477e+00
-8.857994400000004021e+01 8.146930321536315356e-01 0.000000000000000000e+00 2.101770266848901336e+00
-8.796147400000008076e+01 8.090048009712317301e-01 0.000000000000000000e+00 2.040137541145675026e+00
-8.834684200000006626e+01 8.125491317783833933e-01 0.000000000000000000e+00 2.335931005327966936e+00
-8.868541000000004715e+01 8.156630306820694676e-01 0.000000000000000000e+00 1.986769221142910880e+00
-8.775920600000003446e+01 8.071444890000739614e-01 0.000000000000000000e+00 2.146744303029566314e+00
-8.727732800000006819e+01 8.027125303509682341e-01 0.000000000000000000e+00 2.577957497595742442e+00
-8.813642000000005794e+01 8.106138253255836812e-01 0.000000000000000000e+00 2.243035699378604697e+00
-8.812175200000005759e+01 8.104789198734462241e-01 0.000000000000000000e+00 2.675674088066690715e+00
-8.860372000000003823e+01 8.149117062762125663e-01 0.000000000000000000e+00 2.163277365293668542e+00
-8.888198800000006372e+01 8.174710102273570200e-01 0.000000000000000000e+00 2.587548702914701515e+00
-8.842180400000006557e+01 8.132385769994856517e-01 0.000000000000000000e+00 2.307227802474019374e+00
-8.790272400000004893e+01 8.084644617761759244e-01 0.000000000000000000e+00 2.213648041478001538e+00
-8.880598000000007630e+01 8.167719446692671692e-01 0.000000000000000000e+00 2.286325823789175704e+00
-8.848736600000005126e+01 8.138415679493787858e-01 0.000000000000000000e+00 1.834425190251787408e+00
-8.915474800000005473e+01 8.199796556544777237e-01 0.000000000000000000e+00 2.490426168328414125e+00
-8.794900400000005902e+01 8.088901111029364044e-01 0.000000000000000000e+00 2.051148180450563352e+00
-8.939162000000003161e+01 8.221582297108384063e-01 0.000000000000000000e+00 2.531565133878783680e+00
-8.869823400000004199e+01 8.157809763814293236e-01 0.000000000000000000e+00 2.394829869422625546e+00
-8.934016800000004821e+01 8.216850121403874718e-01 0.000000000000000000e+00 2.234164589529399780e+00
-8.915580600000005518e+01 8.199893863586201759e-01 0.000000000000000000e+00 1.951981056675551551e+00
-8.934996400000005679e+01 8.217751085277027467e-01 0.000000000000000000e+00 2.387460590039956809e+00
-8.889384400000004405e+01 8.175800529762347058e-01 0.000000000000000000e+00 2.469150742575186630e+00
-8.829339200000002563e+01 8.120575380766686946e-01 0.000000000000000000e+00 2.109451576757054969e+00
-8.883774800000006167e+01 8.170641233169014805e-01 0.000000000000000000e+00 2.724897119602903484e+00
-8.790684399999997822e+01 8.085023544993008571e-01 0.000000000000000000e+00 2.285577424569339211e+00
-8.803928000000001930e+01 8.097204032080055347e-01 0.000000000000000000e+00 1.904805456913348349e+00
-8.868271200000005194e+01 8.156382164667800305e-01 0.000000000000000000e+00 2.313987411386796644e+00
-8.927241800000003025e+01 8.210618975792807195e-01 0.000000000000000000e+00 2.822400414733328589e+00
-8.813096800000003839e+01 8.105636818482823136e-01 0.000000000000000000e+00 1.874109730564883725e+00
-8.852293200000003992e+01 8.141686778014867176e-01 0.000000000000000000e+00 2.311784158814455203e+00
-8.820984000000005665e+01 8.112890883673024023e-01 0.000000000000000000e+00 2.248218369637557057e+00
-8.934684800000005112e+01 8.217464498565232311e-01 0.000000000000000000e+00 2.083942367050461097e+00
-8.816996000000006006e+01 8.109223015230673237e-01 0.000000000000000000e+00 2.388958663805996530e+00
-8.691484000000004073e+01 7.993786329188438122e-01 0.000000000000000000e+00 2.305412008927924195e+00
-8.854213600000004192e+01 8.143453020381138385e-01 0.000000000000000000e+00 2.064820124604982876e+00
-8.787584400000004337e+01 8.082172393495700158e-01 0.000000000000000000e+00 2.033652369323864395e+00
-8.864385800000006554e+01 8.152808660142748520e-01 0.000000000000000000e+00 2.193397762578608301e+00
-8.628657400000003008e+01 7.936003053491283987e-01 0.000000000000000000e+00 2.087254754316823391e+00
-8.862438800000006722e+01 8.151017953057176912e-01 0.000000000000000000e+00 2.402732938214273695e+00
-8.850571400000002598e+01 8.140103193289679462e-01 0.000000000000000000e+00 2.549422106076891126e+00
-8.851677800000007323e+01 8.141120778456338858e-01 0.000000000000000000e+00 2.378811199898730688e+00
-8.820098399999999117e+01 8.112076374071075513e-01 0.000000000000000000e+00 2.444361152320527530e+00
-8.860448999999999842e+01 8.149187881686410506e-01 0.000000000000000000e+00 2.510786005206216753e+00
-8.790724400000003413e+01 8.085060334044591457e-01 0.000000000000000000e+00 2.624256213559964301e+00
-8.784549800000003472e+01 8.079381392097715331e-01 0.000000000000000000e+00 2.386238887258916197e+00
-8.782485400000004461e+01 8.077482709145762385e-01 0.000000000000000000e+00 1.930390139633944457e+00
-8.854601600000000872e+01 8.143809874181444641e-01 0.000000000000000000e+00 1.889670350104654339e+00
-8.888297600000002774e+01 8.174800971230964386e-01 0.000000000000000000e+00 2.405607281530702135e+00
-8.877373200000006648e+01 8.164753513354432446e-01 0.000000000000000000e+00 2.732739030471556863e+00
-8.749700000000005673e+01 8.047329114855424903e-01 0.000000000000000000e+00 2.259758512887086734e+00
-8.880628199999999595e+01 8.167747222426605669e-01 0.000000000000000000e+00 2.191966114921864328e+00
-8.722764800000007313e+01 8.022556103303664088e-01 0.000000000000000000e+00 2.319019770649363821e+00
-8.838459400000007804e+01 8.128963468471790410e-01 0.000000000000000000e+00 2.141921401090264521e+00
-8.778622000000002856e+01 8.073929438599075636e-01 0.000000000000000000e+00 1.785647298416860540e+00
-8.876480000000009341e+01 8.163932013832692069e-01 0.000000000000000000e+00 2.375800739187365451e+00
-8.754079600000004291e+01 8.051357148112725515e-01 0.000000000000000000e+00 2.605472229785967375e+00
-8.809040600000002996e+01 8.101906224707530191e-01 0.000000000000000000e+00 2.316615205611999073e+00
-8.761882400000003202e+01 8.058533588404094283e-01 0.000000000000000000e+00 2.141234989869729155e+00
-8.880268400000008455e+01 8.167416304907667568e-01 0.000000000000000000e+00 2.691828534047277177e+00
-8.893739200000003109e+01 8.179805753807669610e-01 0.000000000000000000e+00 2.304451031000395389e+00
-8.926850200000005486e+01 8.210258810977858479e-01 0.000000000000000000e+00 2.462934719131432804e+00
-8.897578800000005117e+01 8.183337134868667873e-01 0.000000000000000000e+00 2.123867247239090705e+00
-8.828730800000005274e+01 8.120015819292183412e-01 0.000000000000000000e+00 1.850950306929721290e+00
-8.823164199999999369e+01 8.114896070929291660e-01 0.000000000000000000e+00 2.156397240684638561e+00
-8.800643600000003630e+01 8.094183283054966482e-01 0.000000000000000000e+00 1.897134148146789601e+00
-8.837688800000005074e+01 8.128254727393132706e-01 0.000000000000000000e+00 2.365233566841365764e+00
-8.846367000000005021e+01 8.136236296078291907e-01 0.000000000000000000e+00 2.140820763283336703e+00
-8.771909200000006024e+01 8.067755499963217281e-01 0.000000000000000000e+00 2.307342872581473969e+00
-8.924560000000001025e+01 8.208152453829741235e-01 0.000000000000000000e+00 2.428009666830472035e+00
-8.844528600000003848e+01 8.134545471267754513e-01 0.000000000000000000e+00 2.432996118145922981e+00
-8.836791600000003655e+01 8.127429548966231820e-01 0.000000000000000000e+00 2.297254882351735361e+00
