-1.480875400000000930e+01 4.829424464185552157e-01 0.000000000000000000e+00 1.923867338053297793e+00
-1.492061200000000731e+01 4.865903546876429453e-01 0.000000000000000000e+00 1.774873867151969931e+00
-1.535357600000000744e+01 5.007101579723192142e-01 0.000000000000000000e+00 1.580370316219549487e+00
-1.635620000000001539e+01 5.334076885949470270e-01 0.000000000000000000e+00 2.007702746519971715e+00
-1.665606000000000009e+01 5.431867099753453498e-01 0.000000000000000000e+00 1.739948403623718720e+00
-1.661031800000000302e+01 5.416949738452107033e-01 0.000000000000000000e+00 1.638530301817991308e+00
-1.547851200000000205e+01 5.047845654130631576e-01 0.000000000000000000e+00 1.917130936617886361e+00
-1.523172000000001169e+01 4.967361953586666989e-01 0.000000000000000000e+00 1.879457788347963509e+00
-1.710723800000002015e+01 5.579005074420492205e-01 0.000000000000000000e+00 1.420138052385873983e+00
-1.789701800000001342e+01 5.836567787213509106e-01 0.000000000000000000e+00 2.010062656060474406e+00
-1.773864000000001440e+01 5.784917622197006670e-01 0.000000000000000000e+00 1.631544926402177298e+00
-1.905825000000001168e+01 6.215268265957034632e-01 0.000000000000000000e+00 1.501597725084783841e+00
-1.875175800000001658e+01 6.115315227174896728e-01 0.000000000000000000e+00 1.515210135187109453e+00
-1.930481600000001308e+01 6.295678263478525771e-01 0.000000000000000000e+00 1.997024170489478889e+00
-1.986542000000001451e+01 6.478502198045896776e-01 0.000000000000000000e+00 1.603001551131280955e+00
-1.938237600000001137e+01 6.320972097209724971e-01 0.000000000000000000e+00 1.592537939742470154e+00
-1.767071400000000381e+01 5.762765624388527241e-01 0.000000000000000000e+00 1.333495818661565524e+00
-2.099334200000000550e+01 6.846339633963398619e-01 0.000000000000000000e+00 1.778691194527849850e+00
-2.127549200000001406e+01 6.938354270209634578e-01 0.000000000000000000e+00 1.355405825669413922e+00
-2.141653600000002200e+01 6.984351478626130705e-01 0.000000000000000000e+00 1.417720184635611558e+00
-2.041515600000000674e+01 6.657781865143038713e-01 0.000000000000000000e+00 1.622479466450822860e+00
-2.025087600000001942e+01 6.604206942433380467e-01 0.000000000000000000e+00 1.531770030153602136e+00
-2.208842600000001610e+01 7.203467955491207331e-01 0.000000000000000000e+00 1.659027547132793767e+00
-2.068593000000002746e+01 6.746086565178266437e-01 0.000000000000000000e+00 1.472344851835762469e+00
-2.285239600000000948e+01 7.452613522221790410e-01 0.000000000000000000e+00 1.522415137633940319e+00
-2.320477400000000756e+01 7.567530883523138074e-01 0.000000000000000000e+00 1.549096296386634375e+00
-2.212812800000001801e+01 7.216415554598943904e-01 0.000000000000000000e+00 1.234199736146070592e+00
-2.408519800000001254e+01 7.854654378481330523e-01 0.000000000000000000e+00 1.323103420832317800e+00
-2.307182800000001066e+01 7.524174591372184695e-01 0.000000000000000000e+00 1.236204560242210260e+00
-2.469824000000001973e+01 8.054579370980583519e-01 0.000000000000000000e+00 1.280985411724312018e+00
-2.308819199999999938e+01 7.529511211990764785e-01 0.000000000000000000e+00 1.122598168902943838e+00
-2.446551600000002935e+01 7.978683520525975403e-01 0.000000000000000000e+00 1.487803474091653033e+00
-2.376433400000002649e+01 7.750014349261021840e-01 0.000000000000000000e+00 1.187695853341437235e+00
-2.367906600000002015e+01 7.722206785895987524e-01 0.000000000000000000e+00 1.165033950189843015e+00
-2.354075800000001806e+01 7.677101840618850703e-01 0.000000000000000000e+00 1.245775114778754800e+00
-2.509631400000000667e+01 8.184399092083123328e-01 0.000000000000000000e+00 1.364697319978153578e+00
-2.472373000000002108e+01 8.062892158781103102e-01 0.000000000000000000e+00 1.227893264658593830e+00
-2.462688400000001110e+01 8.031308783052222289e-01 0.000000000000000000e+00 1.315836266004753563e+00
-2.434464400000001305e+01 7.939264796044825934e-01 0.000000000000000000e+00 1.169224280730820631e+00
-2.437510800000002931e+01 7.949199702578962912e-01 0.000000000000000000e+00 1.502064679886194742e+00
-2.469637800000001704e+01 8.053972136344075272e-01 0.000000000000000000e+00 1.320098695696574564e+00
-2.459399600000001485e+01 8.020583362684099438e-01 0.000000000000000000e+00 1.341190243581717789e+00
-2.524800000000001887e+01 8.233866864947371189e-01 0.000000000000000000e+00 1.493208089986121312e+00
-2.478403400000000900e+01 8.082558473238631302e-01 0.000000000000000000e+00 1.264187837678140802e+00
-2.512545799999999474e+01 8.193903520786859351e-01 0.000000000000000000e+00 1.619162296266969392e+00
-2.591494600000001114e+01 8.451371006665887586e-01 0.000000000000000000e+00 1.282595899848066434e+00
-2.546397600000002370e+01 8.304300864869104126e-01 0.000000000000000000e+00 1.379761618784457688e+00
-2.449110800000000765e+01 7.987029572522472698e-01 0.000000000000000000e+00 1.516951042649016923e+00
-2.466259200000001783e+01 8.042953860603457850e-01 0.000000000000000000e+00 1.442867360968947077e+00
-2.492445600000000638e+01 8.128352835283531030e-01 0.000000000000000000e+00 1.359412443216449606e+00
-2.471579800000001015e+01 8.060305378363926687e-01 0.000000000000000000e+00 1.445675132763549975e+00
-2.624734800000000945e+01 8.559773803467306541e-01 0.000000000000000000e+00 1.198431422502098664e+00
-2.624325200000000180e+01 8.558438017714815604e-01 0.000000000000000000e+00 1.411743434675541309e+00
-2.695754400000000928e+01 8.791382616522525062e-01 0.000000000000000000e+00 1.111246594597274706e+00
-2.703763800000002249e+01 8.817502837240253077e-01 0.000000000000000000e+00 9.603968698576248464e-01
-2.644117800000001139e+01 8.622985559425512259e-01 0.000000000000000000e+00 1.260924092075236036e+00
-2.655697199999999469e+01 8.660748248737916155e-01 0.000000000000000000e+00 1.260016235271385288e+00
-2.719537800000001226e+01 8.868944937972061959e-01 0.000000000000000000e+00 1.018765265296053046e+00
-2.736150999999999911e+01 8.923123834122542730e-01 0.000000000000000000e+00 1.212456094258695050e+00
-2.691471000000000657e+01 8.777413610926312337e-01 0.000000000000000000e+00 1.160306228257581118e+00
-2.482206000000001467e+01 8.094959495949599626e-01 0.000000000000000000e+00 1.443177533056550610e+00
-2.814318600000000714e+01 9.178043673932613222e-01 0.000000000000000000e+00 1.122563336947445922e+00
-2.805352399999999591e+01 9.148803141183682319e-01 0.000000000000000000e+00 1.092768557669144380e+00
-2.836753200000001485e+01 9.251207294642512791e-01 0.000000000000000000e+00 9.799214477773926513e-01
-2.825630799999998999e+01 9.214934971758041993e-01 0.000000000000000000e+00 8.870479337121698338e-01
-2.748656000000001143e+01 8.963905086160793845e-01 0.000000000000000000e+00 1.129886908079965613e+00
-2.743005600000001820e+01 8.945478026063482524e-01 0.000000000000000000e+00 1.278692255907249553e+00
-2.900682400000000882e+01 9.459692925814323639e-01 0.000000000000000000e+00 7.633820951899290552e-01
-2.871429200000000037e+01 9.364292516208142514e-01 0.000000000000000000e+00 8.873106016349273650e-01
-2.823399999999999821e+01 9.207659896424424950e-01 0.000000000000000000e+00 1.075133200110478304e+00
-2.822525200000000112e+01 9.204807002439374664e-01 0.000000000000000000e+00 1.114914193779462215e+00
-2.905443199999999138e+01 9.475218826230447089e-01 0.000000000000000000e+00 7.742829121558643113e-01
-2.919849400000000017e+01 9.522200263504612128e-01 0.000000000000000000e+00 6.347367496669605869e-01
-2.867493000000000336e+01 9.351455797753689403e-01 0.000000000000000000e+00 7.201677584445379532e-01
-2.816945800000000233e+01 9.186611487235680773e-01 0.000000000000000000e+00 6.776208208165097613e-01
-2.971978199999999859e+01 9.692202481117676571e-01 0.000000000000000000e+00 5.223476578221861732e-01
-2.883411600000000519e+01 9.403369467381522684e-01 0.000000000000000000e+00 7.014161572133906786e-01
-2.897221999999999653e+01 9.448407884266686318e-01 0.000000000000000000e+00 7.482615620573632720e-01
-2.952747399999999800e+01 9.629487079142696748e-01 0.000000000000000000e+00 5.781757061620284022e-01
-2.966917599999999666e+01 9.675698874235248992e-01 0.000000000000000000e+00 5.445597152366178362e-01
-2.958746199999999860e+01 9.649050339816590549e-01 1.000000000000000048e-04 5.642735440199271313e-01
-2.945310999999999879e+01 9.605235523552355659e-01 0.000000000000000000e+00 5.233581004562094519e-01
-2.961928200000000189e+01 9.659427464485580428e-01 0.000000000000000000e+00 5.389090087136488849e-01
-2.747993600000000569e+01 8.961744870139189967e-01 0.000000000000000000e+00 9.479768576981780770e-01
-2.734618000000000748e+01 8.918124421137768598e-01 0.000000000000000000e+00 9.636737297310412620e-01
-2.907253800000000155e+01 9.481123547137323415e-01 0.000000000000000000e+00 6.694293283178752718e-01
-2.931074199999999408e+01 9.558806532827194280e-01 0.000000000000000000e+00 5.466252055932832032e-01
-3.001353600000001265e+01 9.788001408836540795e-01 0.000000000000000000e+00 2.831201749052583150e-01
-2.989472000000000662e+01 9.749253186188187037e-01 0.000000000000000000e+00 4.087221604518709306e-01
-3.014937999999999718e+01 9.832302795496939973e-01 1.000000000000000048e-04 1.045060783114568626e-01
-3.012688800000000100e+01 9.824967714162721188e-01 0.000000000000000000e+00 9.035868511525349533e-02
-2.981507199999999713e+01 9.723278414798001146e-01 0.000000000000000000e+00 4.697528045577797351e-01
-3.014867999999999881e+01 9.832074511799006045e-01 0.000000000000000000e+00 9.079999999999976978e-02
-3.014504799999999562e+01 9.830890045526290422e-01 0.000000000000000000e+00 9.109302214126085984e-02
-3.005408999999999864e+01 9.801226861816616509e-01 1.000000000000000048e-04 2.677250351469667722e-01
-3.017047200000000373e+01 9.839181309435293121e-01 0.000000000000000000e+00 8.582081177274715478e-02
-3.013052000000000064e+01 9.826152180435435701e-01 0.000000000000000000e+00 9.079999999999976978e-02
-3.013959999999999795e+01 9.829113346117219763e-01 0.000000000000000000e+00 9.125743362553623284e-02
-3.004635999999999996e+01 9.798705957552277246e-01 0.000000000000000000e+00 2.390205891135781524e-01
-3.014141599999999954e+01 9.829705579253578129e-01 0.000000000000000000e+00 9.123918031329733558e-02
-3.016320799999999736e+01 9.836812376889861875e-01 0.000000000000000000e+00 8.811896421625378673e-02
-3.011599200000000209e+01 9.821414315344578760e-01 0.000000000000000000e+00 8.811896421625378673e-02
-3.005969599999999531e+01 9.803055088117506033e-01 0.000000000000000000e+00 4.334487939419096048e-02
-2.986298200000000236e+01 9.738902803323812307e-01 0.000000000000000000e+00 4.315576383616483436e-01
-3.018318400000000068e+01 9.843326941389791696e-01 0.000000000000000000e+00 8.005727081346813989e-02
-3.019407999999999959e+01 9.846880340207934124e-01 0.000000000000000000e+00 7.300594690042898349e-02
-3.023039999999999949e+01 9.858725002935075921e-01 0.000000000000000000e+00 0.000000000000000000e+00
-3.022313599999999312e+01 9.856356070389645785e-01 0.000000000000000000e+00 3.576546361895487081e-02
-3.023039999999999949e+01 9.858725002935075921e-01 0.000000000000000000e+00 0.000000000000000000e+00
-2.983467800000000381e+01 9.729672315057594778e-01 0.000000000000000000e+00 5.066581752837099328e-01
-2.991983000000000104e+01 9.757442048552682490e-01 0.000000000000000000e+00 4.743316653860235044e-01
-3.003256400000000070e+01 9.794206811985547434e-01 0.000000000000000000e+00 4.156947397679061074e-01
-3.023473200000000105e+01 9.860137752905726582e-01 1.000000000000000048e-04 4.331999999999993495e-02
-2.987389199999999434e+01 9.742460767815910305e-01 0.000000000000000000e+00 5.043060970594284154e-01
-2.978697599999999923e+01 9.714115759402027761e-01 0.000000000000000000e+00 5.286625635363724207e-01
-3.023039999999999949e+01 9.858725002935075921e-01 0.000000000000000000e+00 0.000000000000000000e+00
-3.023039999999999949e+01 9.858725002935075921e-01 0.000000000000000000e+00 0.000000000000000000e+00
-3.000943199999999678e+01 9.786663014127499061e-01 0.000000000000000000e+00 4.316221455641661708e-01
-2.964568200000000076e+01 9.668037021093414118e-01 0.000000000000000000e+00 5.347144474191701802e-01
-2.994423200000000307e+01 9.765400018262697657e-01 0.000000000000000000e+00 4.775860797930794877e-01
-3.023039999999999949e+01 9.858725002935075921e-01 0.000000000000000000e+00 0.000000000000000000e+00
-3.023039999999999949e+01 9.858725002935075921e-01 0.000000000000000000e+00 0.000000000000000000e+00
-3.023039999999999949e+01 9.858725002935075921e-01 0.000000000000000000e+00 0.000000000000000000e+00
-2.988888999999999996e+01 9.747351909103953993e-01 0.000000000000000000e+00 5.012162156679343950e-01
-3.021405599999999936e+01 9.853394904707861723e-01 0.000000000000000000e+00 5.223242601366236831e-02
-2.898109600000000086e+01 9.451302521556503855e-01 0.000000000000000000e+00 7.857326126423012091e-01
-3.022313599999999312e+01 9.856356070389645785e-01 0.000000000000000000e+00 3.576546361895487081e-02
-3.001467600000000147e+01 9.788373185144602084e-01 1.000000000000000048e-04 4.238348017991937500e-01
-2.974276399999999754e+01 9.699697361040451327e-01 0.000000000000000000e+00 5.325596512366037594e-01
-3.000327599999999961e+01 9.784655422063945895e-01 0.000000000000000000e+00 4.313374593779522037e-01
-3.011268600000000006e+01 9.820336164051187700e-01 0.000000000000000000e+00 3.053967596621173786e-01
-2.997920000000000584e+01 9.776803767333257511e-01 0.000000000000000000e+00 4.469404886604487759e-01
-3.023039999999999949e+01 9.858725002935075921e-01 0.000000000000000000e+00 0.000000000000000000e+00
-3.006587999999999994e+01 9.805071811528979220e-01 0.000000000000000000e+00 3.758716705569508654e-01
-3.023039999999999949e+01 9.858725002935075921e-01 0.000000000000000000e+00 0.000000000000000000e+00
-3.020545199999999397e+01 9.850588971940670291e-01 0.000000000000000000e+00 1.516100836709323441e-01
-3.023039999999999949e+01 9.858725002935075921e-01 0.000000000000000000e+00 0.000000000000000000e+00
-3.022676800000000341e+01 9.857540536662363628e-01 0.000000000000000000e+00 2.555208141515017545e-02
-3.011688400000000598e+01 9.821705213999663009e-01 0.000000000000000000e+00 3.039656934124591037e-01
-3.013692800000000105e+01 9.828241954630246857e-01 0.000000000000000000e+00 2.938614522993359679e-01
-3.023039999999999949e+01 9.858725002935075921e-01 0.000000000000000000e+00 0.000000000000000000e+00
-3.023473200000000105e+01 9.860137752905726582e-01 1.000000000000000048e-04 4.331999999999993495e-02
-3.023291600000000301e+01 9.859545519769369326e-01 0.000000000000000000e+00 2.515999999999998099e-02
-2.989905799999999303e+01 9.750667892876242471e-01 0.000000000000000000e+00 4.968437514648814113e-01
-3.023039999999999949e+01 9.858725002935075921e-01 0.000000000000000000e+00 0.000000000000000000e+00
-3.012322800000000100e+01 9.823774116542089985e-01 0.000000000000000000e+00 3.015810298939892720e-01
-3.023039999999999949e+01 9.858725002935075921e-01 0.000000000000000000e+00 0.000000000000000000e+00
-2.996799200000000241e+01 9.773148619209748311e-01 1.000000000000000048e-04 4.551085446463308815e-01
-3.023039999999999949e+01 9.858725002935075921e-01 0.000000000000000000e+00 0.000000000000000000e+00
-3.022676800000000341e+01 9.857540536662363628e-01 0.000000000000000000e+00 2.555208141515017545e-02
-3.023039999999999949e+01 9.858725002935075921e-01 0.000000000000000000e+00 0.000000000000000000e+00
-3.019613400000000070e+01 9.847550189801589360e-01 0.000000000000000000e+00 1.209071371012492985e-01
-3.021587199999999740e+01 9.853987137844218980e-01 0.000000000000000000e+00 4.951504226092308392e-02
-2.936336400000000069e+01 9.575967596759676903e-01 0.000000000000000000e+00 4.357955060981628104e-01
-3.021405599999999936e+01 9.853394904707861723e-01 0.000000000000000000e+00 5.223242601366236831e-02
-3.016439800000000204e+01 9.837200459176353995e-01 0.000000000000000000e+00 2.351632083073670887e-01
-2.993159399999999337e+01 9.761278519156261213e-01 0.000000000000000000e+00 4.713803057944926378e-01
-3.023039999999999949e+01 9.858725002935075921e-01 0.000000000000000000e+00 0.000000000000000000e+00
-3.023039999999999949e+01 9.858725002935075921e-01 0.000000000000000000e+00 0.000000000000000000e+00
-2.987846800000000158e+01 9.743953090961270380e-01 0.000000000000000000e+00 5.048543490088320818e-01
-3.023039999999999949e+01 9.858725002935075921e-01 0.000000000000000000e+00 0.000000000000000000e+00
-2.986890999999999963e+01 9.740836040125752104e-01 1.000000000000000048e-04 5.145633774317210918e-01
-3.000928400000000096e+01 9.786614748431365918e-01 0.000000000000000000e+00 3.957515200223497009e-01
-3.015957599999999772e+01 9.835627910617148473e-01 0.000000000000000000e+00 8.902161480803560956e-02
-3.010653399999999991e+01 9.818329876465907713e-01 0.000000000000000000e+00 3.380603724159042534e-01
-3.023039999999999949e+01 9.858725002935075921e-01 0.000000000000000000e+00 0.000000000000000000e+00
-3.023039999999999949e+01 9.858725002935075921e-01 0.000000000000000000e+00 0.000000000000000000e+00
-3.023039999999999949e+01 9.858725002935075921e-01 0.000000000000000000e+00 0.000000000000000000e+00
-3.023039999999999949e+01 9.858725002935075921e-01 0.000000000000000000e+00 0.000000000000000000e+00
-3.022495200000000537e+01 9.856948303526006372e-01 0.000000000000000000e+00 3.113470401239409185e-02
-3.023039999999999949e+01 9.858725002935075921e-01 0.000000000000000000e+00 0.000000000000000000e+00
-2.949062399999999684e+01 9.617469573044260533e-01 0.000000000000000000e+00 5.064997071643537740e-01
-3.022858400000000145e+01 9.858132769798719774e-01 0.000000000000000000e+00 1.815999999999989845e-02
-2.993270199999999903e+01 9.761639859638138184e-01 0.000000000000000000e+00 4.806668108224896319e-01
-3.019411000000000200e+01 9.846890123794989069e-01 0.000000000000000000e+00 1.780970734620799245e-01
-3.023039999999999949e+01 9.858725002935075921e-01 0.000000000000000000e+00 0.000000000000000000e+00
-3.004070000000000817e+01 9.796860120794691484e-01 0.000000000000000000e+00 3.989840973008695890e-01
-3.023906399999999906e+01 9.861550502876375024e-01 2.000000000000000096e-04 6.095353341984060397e-02
-3.013633600000000712e+01 9.828048891845708734e-01 0.000000000000000000e+00 2.674309545632028717e-01
-2.959019399999998967e+01 9.649941298477671126e-01 0.000000000000000000e+00 6.240183314161805717e-01
-3.009614200000000395e+01 9.814940841910280156e-01 5.000000000000000104e-04 3.642686668552830853e-01
-2.989601399999999387e+01 9.749675184909794012e-01 0.000000000000000000e+00 4.847426494189019386e-01
-2.985522800000000032e+01 9.736374072189828421e-01 0.000000000000000000e+00 4.823531268749695622e-01
-2.975410200000000316e+01 9.703394904707863811e-01 2.000000000000000096e-04 5.373289010231512286e-01
-2.997748799999999747e+01 9.776245450632019551e-01 2.000000000000000096e-04 4.548151693142872265e-01
-3.009540799999999550e+01 9.814701470147013662e-01 2.999999999999999737e-04 3.583719008645805948e-01
-2.986973399999999756e+01 9.741104762650177884e-01 0.000000000000000000e+00 4.844954289263262437e-01
-2.986585799999999935e+01 9.739840723202755068e-01 0.000000000000000000e+00 4.965276399235803440e-01
-2.992802400000000418e+01 9.760114272296797067e-01 0.000000000000000000e+00 4.678015777932546526e-01
-2.980482600000000204e+01 9.719936993699370698e-01 1.000000000000000048e-04 5.212030610350664173e-01
-2.973112199999999916e+01 9.695900677024223979e-01 2.000000000000000096e-04 5.326331660834884296e-01
-3.001410799999999313e+01 9.788187949229704143e-01 1.000000000000000048e-04 4.253908362573375901e-01
-2.985010000000000119e+01 9.734701731042669781e-01 1.000000000000000048e-04 5.137719059204494121e-01
-2.981931599999999349e+01 9.724662466246623005e-01 2.000000000000000096e-04 5.256304983079985726e-01
-3.010566199999999881e+01 9.818045500202193798e-01 0.000000000000000000e+00 3.246205327125593620e-01
-2.991566999999999510e+01 9.756085391147809593e-01 1.000000000000000048e-04 4.814174268645544652e-01
-3.021444399999999675e+01 9.853521439100431101e-01 2.000000000000000096e-04 1.284003448184422302e-01
-3.025639199999999818e+01 9.867201502758971010e-01 5.999999999999999474e-04 1.033975867486979366e-01
-3.024591199999999702e+01 9.863783769681315761e-01 2.999999999999999737e-04 7.799424127925891348e-02
-3.026072399999999973e+01 9.868614252729620562e-01 6.999999999999999929e-04 1.110865156697082162e-01
-3.023039999999999949e+01 9.858725002935075921e-01 0.000000000000000000e+00 0.000000000000000000e+00
-3.023039999999999949e+01 9.858725002935075921e-01 0.000000000000000000e+00 0.000000000000000000e+00
-3.025205999999999662e+01 9.865788752788321458e-01 5.000000000000000104e-04 9.488939015314798442e-02
-3.025024399999999858e+01 9.865196519651965312e-01 4.000000000000000192e-04 8.845321118928893556e-02
-3.027190399999999926e+01 9.872260269505211960e-01 8.999999999999999754e-04 1.263314750962718502e-01
-3.024339600000000061e+01 9.862963252847024576e-01 2.999999999999999737e-04 7.427067058463181215e-02
-3.025275999999999854e+01 9.866017036486257608e-01 4.000000000000000192e-04 9.141188393886488794e-02
-3.026323999999999614e+01 9.869434769563911747e-01 6.999999999999999929e-04 1.132214991898086442e-01
-3.024842799999999343e+01 9.864604286515605835e-01 2.999999999999999737e-04 8.146951847411411374e-02
-3.024339600000000061e+01 9.862963252847024576e-01 2.999999999999999737e-04 7.427067058463181215e-02
-3.024591199999999702e+01 9.863783769681315761e-01 2.999999999999999737e-04 7.799424127925891348e-02
-3.024409599999999898e+01 9.863191536544958504e-01 2.000000000000000096e-04 6.986072424416440996e-02
-3.025457600000000014e+01 9.866609269622614864e-01 5.000000000000000104e-04 9.760598292640813856e-02
-3.024339600000000061e+01 9.862963252847024576e-01 2.999999999999999737e-04 7.427067058463181215e-02
-3.023906399999999906e+01 9.861550502876375024e-01 2.000000000000000096e-04 6.095353341984060397e-02
-3.025024399999999858e+01 9.865196519651965312e-01 4.000000000000000192e-04 8.845321118928893556e-02
-3.024339600000000061e+01 9.862963252847024576e-01 2.999999999999999737e-04 7.427067058463181215e-02
-3.024339600000000061e+01 9.862963252847024576e-01 2.999999999999999737e-04 7.427067058463181215e-02
-3.025639199999999818e+01 9.867201502758971010e-01 5.999999999999999474e-04 1.033975867486979366e-01
-3.023473200000000105e+01 9.860137752905726582e-01 1.000000000000000048e-04 4.331999999999993495e-02
-3.025205999999999662e+01 9.865788752788321458e-01 5.000000000000000104e-04 9.488939015314798442e-02
-3.024339600000000061e+01 9.862963252847024576e-01 2.999999999999999737e-04 7.427067058463181215e-02
-3.024339600000000061e+01 9.862963252847024576e-01 2.999999999999999737e-04 7.427067058463181215e-02
-3.024339600000000061e+01 9.862963252847024576e-01 2.999999999999999737e-04 7.427067058463181215e-02
-3.024591199999999702e+01 9.863783769681315761e-01 2.999999999999999737e-04 7.799424127925891348e-02
-3.024339600000000061e+01 9.862963252847024576e-01 2.999999999999999737e-04 7.427067058463181215e-02
-3.025457600000000014e+01 9.866609269622614864e-01 5.000000000000000104e-04 9.760598292640813856e-02
-3.025205999999999662e+01 9.865788752788321458e-01 5.000000000000000104e-04 9.488939015314798442e-02
-3.026072399999999973e+01 9.868614252729620562e-01 6.999999999999999929e-04 1.110865156697082162e-01
-3.024339600000000061e+01 9.862963252847024576e-01 2.999999999999999737e-04 7.427067058463181215e-02
-3.025639199999999818e+01 9.867201502758971010e-01 5.999999999999999474e-04 1.033975867486979366e-01
-3.023906399999999906e+01 9.861550502876375024e-01 2.000000000000000096e-04 6.095353341984060397e-02
-3.025890800000000169e+01 9.868022019593264416e-01 5.999999999999999474e-04 1.057921248143132847e-01
-3.025639199999999818e+01 9.867201502758971010e-01 5.999999999999999474e-04 1.033975867486979366e-01
-3.024339600000000061e+01 9.862963252847024576e-01 2.999999999999999737e-04 7.427067058463181215e-02
-3.023039999999999949e+01 9.858725002935075921e-01 0.000000000000000000e+00 0.000000000000000000e+00
-3.025205999999999662e+01 9.865788752788321458e-01 5.000000000000000104e-04 9.488939015314798442e-02
-3.024157999999999902e+01 9.862371019710667319e-01 2.000000000000000096e-04 6.560732590283802068e-02
-3.026505599999999419e+01 9.870027002700269003e-01 8.000000000000000383e-04 1.181162792259465855e-01
-3.026757199999999770e+01 9.870847519534561298e-01 8.000000000000000383e-04 1.200347054864220608e-01
-3.031270799999999710e+01 9.885567252377410741e-01 1.899999999999999996e-03 1.708009022756663831e-01
-3.032821999999999818e+01 9.890626019123651691e-01 2.200000000000000133e-03 1.807670692724016037e-01
-3.034736399999999890e+01 9.896869252142606044e-01 2.700000000000000143e-03 1.932921259742265419e-01
-3.026938800000000285e+01 9.871439752670920775e-01 8.999999999999999754e-04 1.245984964158511205e-01
-3.030474399999999946e+01 9.882970036134048897e-01 1.600000000000000077e-03 1.613233758008984498e-01
-3.033688399999999774e+01 9.893451519064949684e-01 2.399999999999999790e-03 1.862254551490060139e-01
-3.031089199999999906e+01 9.884975019241054595e-01 1.799999999999999951e-03 1.679744651590070192e-01
-3.030222800000000305e+01 9.882149519299757712e-01 1.600000000000000077e-03 1.604907952802804572e-01
-3.033688399999999774e+01 9.893451519064949684e-01 2.399999999999999790e-03 1.862254551490060139e-01
-3.042995600000000067e+01 9.923804119542389834e-01 4.199999999999999740e-03 2.094406279361836209e-01
-3.040256399999999815e+01 9.914871052322623557e-01 3.799999999999999992e-03 2.097865319650888960e-01
-3.038956800000000058e+01 9.910632802410676012e-01 3.500000000000000073e-03 2.065747805898809630e-01
-3.037587199999999754e+01 9.906166268800792318e-01 3.299999999999999982e-03 2.044936145702351271e-01
-3.039306799999999953e+01 9.911774220900351207e-01 3.000000000000000062e-03 1.960909049549736383e-01
-3.040367999999999782e+01 9.915235001761045774e-01 4.000000000000000083e-03 2.132929355689874573e-01
-3.038635199999999870e+01 9.909584001878448678e-01 3.599999999999999901e-03 2.089835431537392096e-01
-3.038635199999999870e+01 9.909584001878448678e-01 3.599999999999999901e-03 2.089835431537392096e-01
-3.040186399999999978e+01 9.914642768624688518e-01 3.899999999999999821e-03 2.118256284605976036e-01
-3.045203199999999910e+01 9.931003535136122551e-01 5.000000000000000104e-03 2.155013599432115123e-01
-3.037838800000000106e+01 9.906986785635085724e-01 3.299999999999999982e-03 2.042333342136887497e-01
-3.029524999999999579e+01 9.879873856950911470e-01 1.799999999999999951e-03 1.911200867929832015e-01
-3.036539199999999994e+01 9.902748535723138179e-01 3.000000000000000062e-03 1.993471241200870381e-01
-3.043037199999999842e+01 9.923939785282875903e-01 4.499999999999999660e-03 2.149119115198857011e-01
-3.042352400000000046e+01 9.921706518477935166e-01 4.400000000000000265e-03 2.153398343703889217e-01
-3.035239600000000237e+01 9.898510285811190634e-01 2.700000000000000143e-03 1.934582459166091228e-01
-3.047076000000000207e+01 9.937111102414590835e-01 5.199999999999999761e-03 2.098811323034292520e-01
-3.042673999999999523e+01 9.922755319010160280e-01 4.300000000000000003e-03 2.124353020939727110e-01
-3.041052800000000289e+01 9.917468268565988732e-01 4.100000000000000346e-03 2.135047786847217022e-01
-3.038202000000000425e+01 9.908171251907801347e-01 3.500000000000000073e-03 2.076641606930851869e-01
-3.035602800000000201e+01 9.899694752083905147e-01 2.899999999999999800e-03 1.975600029450198525e-01
-3.027008799999999411e+01 9.871668036368852484e-01 8.000000000000000383e-04 1.218704936737469158e-01
-3.066360000000000241e+01 1.000000000000000222e+00 1.009999999999999960e-02 3.570611593983173639e-15
-3.065633599999999959e+01 9.997631067454572085e-01 9.599999999999999159e-03 3.576546361895482917e-02
-3.065996799999999922e+01 9.998815533727285487e-01 9.799999999999999684e-03 2.555208141515017545e-02
-3.049241999999999564e+01 9.944174852267834153e-01 5.700000000000000205e-03 2.062438245172810714e-01
-3.054678799999999583e+01 9.961905320966878419e-01 6.199999999999999782e-03 1.690039407107346014e-01
-3.046936000000000178e+01 9.936654535018720757e-01 5.400000000000000286e-03 2.143860842762724817e-01
-3.053937199999999663e+01 9.959486818247040851e-01 6.899999999999999883e-03 1.921577403798209738e-01
-3.066178400000000082e+01 9.999407766863643854e-01 9.900000000000000813e-03 1.815999999999989845e-02
-3.061804799999999815e+01 9.985144601416663379e-01 8.600000000000000006e-03 1.227492644179649373e-01
-3.062782799999999384e+01 9.988334050796382479e-01 8.999999999999999320e-03 1.139115269661396118e-01
-3.056424799999999919e+01 9.967599368632515944e-01 7.300000000000000065e-03 1.739909648646887907e-01
-3.062629599999999641e+01 9.987834435617474194e-01 8.500000000000000611e-03 9.920157411589124175e-02
-3.066360000000000241e+01 1.000000000000000222e+00 1.000000000000000021e-02 3.570611593983173639e-15
-3.055418399999999934e+01 9.964317301295346763e-01 7.300000000000000065e-03 1.854735499234649032e-01
-3.066360000000000241e+01 1.000000000000000222e+00 1.020000000000000073e-02 3.570611593983173639e-15
-3.059205599999999947e+01 9.976668101592768290e-01 8.000000000000000167e-03 1.528612074776170282e-01
-3.046572800000000214e+01 9.935470068746006245e-01 5.199999999999999761e-03 2.125772577704679867e-01
-3.055488399999999771e+01 9.964545584993281802e-01 7.199999999999999803e-03 1.825522605234515261e-01
-3.046251199999999670e+01 9.934421268213776690e-01 5.300000000000000024e-03 2.160668439781229799e-01
-3.058199199999999607e+01 9.973386034255599109e-01 8.000000000000000167e-03 1.675097124758361256e-01
-3.062992799999999960e+01 9.989018901890188706e-01 8.699999999999999400e-03 9.713448147238483432e-02
-3.058199199999999607e+01 9.973386034255599109e-01 8.000000000000000167e-03 1.675097124758361256e-01
-3.066360000000000241e+01 1.000000000000000222e+00 1.519999999999999997e-02 3.570611593983173639e-15
-3.066360000000000241e+01 1.000000000000000222e+00 1.260000000000000009e-02 3.570611593983173639e-15
-3.058953999999999951e+01 9.975847584758475994e-01 8.000000000000000167e-03 1.567130182882392753e-01
-3.058450799999999958e+01 9.974206551089891404e-01 8.000000000000000167e-03 1.640288011665059220e-01
-3.066360000000000241e+01 1.000000000000000222e+00 2.100000000000000130e-02 3.570611593983173639e-15
-3.059065599999999918e+01 9.976211534196898212e-01 8.200000000000000691e-03 1.600653353471571949e-01
-3.066360000000000241e+01 1.000000000000000222e+00 1.140000000000000041e-02 3.570611593983173639e-15
-3.061008400000000407e+01 9.982547385173301535e-01 8.300000000000000086e-03 1.297391483327255401e-01
-3.052707599999999744e+01 9.955476852033029456e-01 6.499999999999999702e-03 1.953033398836201973e-01
-3.044336800000000309e+01 9.928178035194825668e-01 4.799999999999999580e-03 2.155297850845347141e-01
-3.066360000000000241e+01 1.000000000000000222e+00 1.469999999999999953e-02 3.570611593983173639e-15
-3.043680399999999864e+01 9.926037386347330571e-01 4.300000000000000003e-03 2.087876423062386411e-01
-3.066360000000000241e+01 1.000000000000000222e+00 1.310000000000000053e-02 3.570611593983173639e-15
-3.051338000000000150e+01 9.951010318423147982e-01 6.300000000000000044e-03 2.027129961000987968e-01
-3.066360000000000241e+01 1.000000000000000222e+00 1.400000000000000029e-02 3.570611593983173639e-15
-3.060253600000000063e+01 9.980085834670424649e-01 8.300000000000000086e-03 1.436873173093418388e-01
-3.066360000000000241e+01 1.000000000000000222e+00 1.660000000000000017e-02 3.570611593983173639e-15
-3.066360000000000241e+01 1.000000000000000222e+00 1.450000000000000074e-02 3.570611593983173639e-15
-3.023257000000000261e+01 9.859432682398675540e-01 3.099999999999999891e-03 3.902446250414434714e-01
-3.066178400000000082e+01 9.999407766863643854e-01 9.900000000000000813e-03 1.815999999999989845e-02
-3.065018799999999999e+01 9.995626084347565277e-01 9.400000000000000369e-03 5.813315137586182180e-02
-3.057864399999999705e+01 9.972294185940332456e-01 7.400000000000000328e-03 1.575040665307956278e-01
-3.051771200000000306e+01 9.952423068393797534e-01 6.400000000000000307e-03 2.012279240818801163e-01
-3.066360000000000241e+01 1.000000000000000222e+00 1.149999999999999981e-02 3.570611593983173639e-15
-3.021898600000000812e+01 9.855002674180464162e-01 4.400000000000000265e-03 4.690978285297345285e-01
-3.060616800000000026e+01 9.981270300943138052e-01 8.500000000000000611e-03 1.428794468753077085e-01
-3.051477999999999469e+01 9.951466885819015840e-01 6.100000000000000387e-03 1.976278177368617217e-01
-3.055166800000000293e+01 9.963496784461055578e-01 7.300000000000000065e-03 1.881498397500771247e-01
-3.042533999999999850e+01 9.922298751614291312e-01 4.499999999999999660e-03 2.165999999999996817e-01
-3.060072000000000259e+01 9.979493601534067393e-01 8.200000000000000691e-03 1.440548717003558854e-01
-3.048235599999999934e+01 9.940892784930667192e-01 5.700000000000000205e-03 2.126117105396260198e-01
-3.062964399999999898e+01 9.988926283932740846e-01 9.100000000000000450e-03 1.130071869708765830e-01
-3.026657400000000209e+01 9.870522052205221719e-01 3.599999999999999901e-03 3.954325468586910586e-01
-3.065563599999999767e+01 9.997402783756635936e-01 9.700000000000000289e-03 4.997745253227842133e-02
-3.050723200000000190e+01 9.949005335316141174e-01 6.100000000000000387e-03 2.035124352192975161e-01
-3.061986399999999620e+01 9.985736834553019525e-01 8.699999999999999400e-03 1.220575684013095741e-01
-3.066360000000000241e+01 1.000000000000000222e+00 1.039999999999999952e-02 3.570611593983173639e-15
-3.058953999999999951e+01 9.975847584758475994e-01 8.000000000000000167e-03 1.567130182882392753e-01
-3.060980000000000345e+01 9.982454767215853675e-01 8.699999999999999400e-03 1.419731600754809420e-01
-3.058269199999999799e+01 9.973614317953534147e-01 7.900000000000000772e-03 1.641495337498798945e-01
-3.052022800000000302e+01 9.953243585228089829e-01 6.400000000000000307e-03 1.991616064172684886e-01
-3.058269199999999799e+01 9.973614317953534147e-01 7.900000000000000772e-03 1.641495337498798945e-01
-3.057682799999999901e+01 9.971701952803976310e-01 7.300000000000000065e-03 1.575615423005281845e-01
-3.065018799999999999e+01 9.995626084347565277e-01 9.400000000000000369e-03 5.813315137586182180e-02
-3.055740000000000123e+01 9.965366101827575207e-01 7.199999999999999803e-03 1.797472029537507954e-01
-3.066360000000000241e+01 1.000000000000000222e+00 1.209999999999999964e-02 3.570611593983173639e-15
-3.060575200000000251e+01 9.981134635202651983e-01 8.200000000000000691e-03 1.350574800788629515e-01
-3.052567600000000070e+01 9.955020284637160488e-01 6.700000000000000226e-03 2.005342254573963534e-01
-3.066360000000000241e+01 1.000000000000000222e+00 1.230000000000000017e-02 3.570611593983173639e-15
-3.057542799999999872e+01 9.971245385408106232e-01 7.499999999999999722e-03 1.644291134486070005e-01
-3.054370399999999819e+01 9.960899568217691513e-01 7.000000000000000146e-03 1.899927536736197298e-01
-3.065633599999999603e+01 9.997631067454570974e-01 9.599999999999999159e-03 3.576546361895487081e-02
-3.058199199999999607e+01 9.973386034255599109e-01 8.000000000000000167e-03 1.675097124758361256e-01
-3.062601199999999579e+01 9.987741817660026333e-01 8.899999999999999925e-03 1.147797251656009071e-01
-3.066360000000000241e+01 1.000000000000000222e+00 1.370000000000000037e-02 3.570611593983173639e-15
-3.051086399999999799e+01 9.950189801588854577e-01 6.300000000000000044e-03 2.046584558218736694e-01
-3.051589599999999791e+01 9.951830835257438057e-01 6.300000000000000044e-03 2.007168294897165028e-01
-3.065451999999999444e+01 9.997038834318212608e-01 9.499999999999999764e-03 3.977819310205831654e-02
-3.060365199999999675e+01 9.980449784108844646e-01 8.500000000000000611e-03 1.472368383306843498e-01
-3.052456000000000103e+01 9.954656335198738271e-01 6.499999999999999702e-03 1.974981866685707743e-01
-3.048920400000000086e+01 9.943126051735609039e-01 5.799999999999999600e-03 2.102515702964453392e-01
-3.051841200000000143e+01 9.952651352091731463e-01 6.300000000000000044e-03 1.986684275293122415e-01
-3.061036799999999758e+01 9.982640003130747175e-01 7.900000000000000772e-03 1.162237157251894415e-01
-3.055781599999999898e+01 9.965501767568061275e-01 7.499999999999999722e-03 1.858055585820830857e-01
-3.063830799999999854e+01 9.991751783874039949e-01 9.299999999999999239e-03 9.745756878319554450e-02
-3.065088799999999836e+01 9.995854368045500316e-01 9.299999999999999239e-03 4.656812383568560004e-02
-3.053392399999999895e+01 9.957710118837971303e-01 6.599999999999999964e-03 1.911196119838264595e-01
-3.066360000000000241e+01 1.000000000000000222e+00 1.089999999999999997e-02 3.570611593983173639e-15
-3.045846399999999576e+01 9.933101136200576109e-01 4.799999999999999580e-03 2.087211950827408125e-01
-3.066360000000000241e+01 1.000000000000000222e+00 1.110000000000000049e-02 3.570611593983173639e-15
-3.055530000000000257e+01 9.964681250733770090e-01 7.499999999999999722e-03 1.885261014000205182e-01
-3.060686799999999863e+01 9.981498584641073091e-01 8.399999999999999481e-03 1.388017064489167618e-01
-3.066360000000000241e+01 1.000000000000000222e+00 1.089999999999999997e-02 3.570611593983173639e-15
-3.056606399999999724e+01 9.968191601768872090e-01 7.400000000000000328e-03 1.740715349991767136e-01
-3.061231599999999986e+01 9.983275284050144860e-01 8.699999999999999400e-03 1.373352785387392250e-01
-3.062964399999999898e+01 9.988926283932740846e-01 9.100000000000000450e-03 1.130071869708765830e-01
-3.059428799999999526e+01 9.977396000469610504e-01 8.399999999999999481e-03 1.596138175836800677e-01
-3.050904799999999994e+01 9.949597568452497320e-01 6.199999999999999782e-03 2.040944109519368110e-01
-3.057654399999999484e+01 9.971609334846527339e-01 7.700000000000000247e-03 1.677220646597736287e-01
-3.054007200000000211e+01 9.959715101944978111e-01 6.799999999999999621e-03 1.893949142704604016e-01
-3.054510399999999848e+01 9.961356135613561591e-01 6.799999999999999621e-03 1.843249227737678020e-01
-3.061874799999999652e+01 9.985372885114597308e-01 8.500000000000000611e-03 1.179065701684551271e-01
-3.061301600000000178e+01 9.983503567748079899e-01 8.600000000000000006e-03 1.330551087468509197e-01
-3.058632399999999762e+01 9.974798784226248660e-01 8.099999999999999561e-03 1.638876549914171643e-01
-3.064655600000000035e+01 9.994441618074851874e-01 9.199999999999999845e-03 6.272131453477118590e-02
-3.060323600000000610e+01 9.980314118368360798e-01 8.200000000000000691e-03 1.396515617202651882e-01
-3.063285999999999376e+01 9.989975084464967070e-01 8.999999999999999320e-03 1.009404885178499522e-01
-3.060253600000000063e+01 9.980085834670424649e-01 8.300000000000000086e-03 1.436873173093418388e-01
-3.057151199999999847e+01 9.969968301177943859e-01 7.700000000000000247e-03 1.741983226443960808e-01
-3.065633599999999603e+01 9.997631067454570974e-01 9.599999999999999159e-03 3.576546361895487081e-02
-3.061231599999999986e+01 9.983275284050144860e-01 8.699999999999999400e-03 1.373352785387392250e-01
-3.056647999999999499e+01 9.968327267509358158e-01 7.700000000000000247e-03 1.803004899235345071e-01
-3.065088799999999836e+01 9.995854368045500316e-01 9.299999999999999239e-03 4.656812383568560004e-02
-3.060868400000000378e+01 9.982090817777431457e-01 8.500000000000000611e-03 1.383387065185013864e-01
-3.060505200000000414e+01 9.980906351504716945e-01 8.300000000000000086e-03 1.392392450773018153e-01
-3.066360000000000241e+01 1.000000000000000222e+00 1.020000000000000073e-02 3.570611593983173639e-15
-3.065815199999999763e+01 9.998223300590928231e-01 9.700000000000000289e-03 3.113470401239409185e-02
-3.060463600000000284e+01 9.980770685764229766e-01 8.000000000000000167e-03 1.311968599648879186e-01
-3.064152399999999687e+01 9.992800584406266173e-01 9.199999999999999845e-03 8.282539394912806496e-02
-3.064180800000000460e+01 9.992893202363716254e-01 8.800000000000000530e-03 5.931031163858986599e-02
-3.066360000000000241e+01 1.000000000000000222e+00 1.000000000000000021e-02 3.570611593983173639e-15
-3.066360000000000241e+01 1.000000000000000222e+00 1.080000000000000057e-02 3.570611593983173639e-15
-3.065996799999999922e+01 9.998815533727285487e-01 9.799999999999999684e-03 2.555208141515017545e-02
-3.065270400000000350e+01 9.996446601181858682e-01 9.400000000000000369e-03 4.334487939419095354e-02
-3.062671200000000127e+01 9.987970101357962482e-01 8.800000000000000530e-03 1.095340150848402999e-01
-3.065200399999999803e+01 9.996218317483922533e-01 9.499999999999999764e-03 5.560773131335417646e-02
-3.056354799999999372e+01 9.967371084934578684e-01 7.400000000000000328e-03 1.770909590400855937e-01
-3.062741199999999608e+01 9.988198385055896411e-01 8.699999999999999400e-03 1.040193525894642645e-01
-3.051771200000000306e+01 9.952423068393797534e-01 6.400000000000000307e-03 2.012279240818801163e-01
-3.063537599999999728e+01 9.990795601299259365e-01 8.999999999999999320e-03 9.368229689495845280e-02
-3.060756800000000766e+01 9.981726868339010350e-01 8.300000000000000086e-03 1.345968097240003158e-01
-3.066360000000000241e+01 1.000000000000000222e+00 1.149999999999999981e-02 3.570611593983173639e-15
-3.061623199999999656e+01 9.984552368280305013e-01 8.500000000000000611e-03 1.234100947690627420e-01
-3.066360000000000241e+01 1.000000000000000222e+00 1.039999999999999952e-02 3.570611593983173639e-15
-3.065088799999999836e+01 9.995854368045500316e-01 9.299999999999999239e-03 4.656812383568560004e-02
-3.062489599999999967e+01 9.987377868221605226e-01 8.699999999999999400e-03 1.104180942572091512e-01
-3.060980000000000345e+01 9.982454767215853675e-01 8.699999999999999400e-03 1.419731600754809420e-01
-3.066360000000000241e+01 1.000000000000000222e+00 1.159999999999999920e-02 3.570611593983173639e-15
-3.061371600000000015e+01 9.983731851446014938e-01 8.500000000000000611e-03 1.286287498849679467e-01
-3.063174399999999764e+01 9.989611135026545963e-01 8.800000000000000530e-03 9.603224239700924869e-02
-3.064334000000000202e+01 9.993392817542624540e-01 9.299999999999999239e-03 8.126861558306430755e-02
-3.062922800000000123e+01 9.988790618192254778e-01 8.800000000000000530e-03 1.030356259658851692e-01
-3.066360000000000241e+01 1.000000000000000222e+00 1.020000000000000073e-02 3.570611593983173639e-15
-3.061874799999999652e+01 9.985372885114597308e-01 8.500000000000000611e-03 1.179065701684551271e-01
-3.061846399999999946e+01 9.985280267157150558e-01 8.899999999999999925e-03 1.312671387713318372e-01
-3.060546800000000189e+01 9.981042017245204123e-01 8.600000000000000006e-03 1.468406247149153798e-01
-3.060435200000000222e+01 9.980678067806781906e-01 8.399999999999999481e-03 1.432955753509209673e-01
-3.064585599999999843e+01 9.994213334376915725e-01 9.299999999999999239e-03 7.168479872104517592e-02
-3.060072000000000259e+01 9.979493601534067393e-01 8.200000000000000691e-03 1.440548717003558854e-01
-3.066360000000000241e+01 1.000000000000000222e+00 1.060000000000000005e-02 3.570611593983173639e-15
-3.059638800000000103e+01 9.978080851563417841e-01 8.099999999999999561e-03 1.485871232236452288e-01
-3.064585599999999843e+01 9.994213334376915725e-01 9.299999999999999239e-03 7.168479872104517592e-02
-3.065270400000000350e+01 9.996446601181858682e-01 9.400000000000000369e-03 4.334487939419095354e-02
-3.059024000000000143e+01 9.976075868456412143e-01 7.900000000000000772e-03 1.530812262107334454e-01
-3.065270400000000350e+01 9.996446601181858682e-01 9.400000000000000369e-03 4.334487939419095354e-02
-3.065088799999999836e+01 9.995854368045500316e-01 9.299999999999999239e-03 4.656812383568560004e-02
-3.062307999999999808e+01 9.986785635085246859e-01 8.600000000000000006e-03 1.112652159609113511e-01
-3.063900800000000046e+01 9.991980067571974988e-01 9.199999999999999845e-03 9.112576244848748230e-02
-3.065270400000000350e+01 9.996446601181858682e-01 9.400000000000000369e-03 4.334487939419095354e-02
-3.065088799999999836e+01 9.995854368045500316e-01 9.299999999999999239e-03 4.656812383568560004e-02
-3.064948799999999807e+01 9.995397800649630238e-01 9.499999999999999764e-03 6.774471581763492900e-02
-3.061008400000000407e+01 9.982547385173301535e-01 8.300000000000000086e-03 1.297391483327255401e-01
-3.059135600000000110e+01 9.976439817894833251e-01 8.099999999999999561e-03 1.565063101448355698e-01
-3.065088800000000191e+01 9.995854368045501426e-01 9.299999999999999239e-03 4.656812383568557229e-02
-3.065633599999999603e+01 9.997631067454570974e-01 9.599999999999999159e-03 3.576546361895487081e-02
-3.060686799999999863e+01 9.981498584641073091e-01 8.399999999999999481e-03 1.388017064489167618e-01
-3.056313200000000307e+01 9.967235419194094836e-01 7.100000000000000408e-03 1.707377414029887519e-01
-3.066360000000000241e+01 1.000000000000000222e+00 1.009999999999999960e-02 3.570611593983173639e-15
-3.060575200000000251e+01 9.981134635202651983e-01 8.200000000000000691e-03 1.350574800788629515e-01
-3.066360000000000241e+01 1.000000000000000222e+00 1.000000000000000021e-02 3.570611593983173639e-15
-3.066178400000000082e+01 9.999407766863643854e-01 9.900000000000000813e-03 1.815999999999989845e-02
-3.061301600000000178e+01 9.983503567748079899e-01 8.600000000000000006e-03 1.330551087468509197e-01
-3.060575200000000251e+01 9.981134635202651983e-01 8.200000000000000691e-03 1.350574800788629515e-01
-3.061231599999999986e+01 9.983275284050144860e-01 8.699999999999999400e-03 1.373352785387392250e-01
-3.061050000000000182e+01 9.982683050913787604e-01 8.600000000000000006e-03 1.378499887339108276e-01
-3.064907200000000032e+01 9.995262134909143059e-01 9.199999999999999845e-03 4.951504226092308392e-02
-3.055921599999999927e+01 9.965958334963931353e-01 7.300000000000000065e-03 1.798950348947905009e-01
-3.065815199999999763e+01 9.998223300590928231e-01 9.700000000000000289e-03 3.113470401239409185e-02
-3.057361200000000068e+01 9.970653152271748976e-01 7.400000000000000328e-03 1.644483003588331771e-01
-3.062782799999999384e+01 9.988334050796382479e-01 8.999999999999999320e-03 1.139115269661396118e-01
-3.065815199999999763e+01 9.998223300590928231e-01 9.700000000000000289e-03 3.113470401239409185e-02
-3.063467599999999891e+01 9.990567317601325437e-01 9.100000000000000450e-03 9.982639791764551240e-02
-3.062601199999999579e+01 9.987741817660026333e-01 8.899999999999999925e-03 1.147797251656009071e-01
-3.065270400000000350e+01 9.996446601181858682e-01 9.400000000000000369e-03 4.334487939419095354e-02
-3.062922800000000123e+01 9.988790618192254778e-01 8.800000000000000530e-03 1.030356259658851692e-01
-3.062782799999999384e+01 9.988334050796382479e-01 8.999999999999999320e-03 1.139115269661396118e-01
-3.063034399999999735e+01 9.989154567630675885e-01 8.999999999999999320e-03 1.076513042046852581e-01
-3.066178400000000082e+01 9.999407766863643854e-01 9.900000000000000813e-03 1.815999999999989845e-02
-3.065451999999999444e+01 9.997038834318212608e-01 9.499999999999999764e-03 3.977819310205830267e-02
-3.065633599999999603e+01 9.997631067454570974e-01 9.599999999999999159e-03 3.576546361895487081e-02
-3.056424799999999919e+01 9.967599368632515944e-01 7.300000000000000065e-03 1.739909648646887907e-01
-3.056899599999999850e+01 9.969147784343651564e-01 7.700000000000000247e-03 1.772936979629384513e-01
-3.066360000000000241e+01 1.000000000000000222e+00 1.000000000000000021e-02 3.570611593983173639e-15
-3.060686799999999863e+01 9.981498584641073091e-01 8.399999999999999481e-03 1.388017064489167618e-01
-3.063215999999999539e+01 9.989746800767032031e-01 9.100000000000000450e-03 1.066506503126969929e-01
-3.066360000000000241e+01 1.000000000000000222e+00 1.089999999999999997e-02 3.570611593983173639e-15
-3.051659599999999628e+01 9.952059118955373096e-01 6.199999999999999782e-03 1.981572112941607788e-01
-3.065815199999999763e+01 9.998223300590928231e-01 9.700000000000000289e-03 3.113470401239409185e-02
-3.051729600000000531e+01 9.952287402653311466e-01 6.100000000000000387e-03 1.955615638011813373e-01
-3.065996799999999922e+01 9.998815533727285487e-01 9.799999999999999684e-03 2.555208141515017545e-02
-3.066360000000000241e+01 1.000000000000000222e+00 1.009999999999999960e-02 3.570611593983173639e-15
-3.066360000000000241e+01 1.000000000000000222e+00 1.030000000000000013e-02 3.570611593983173639e-15
-3.054985199999999779e+01 9.962904551324697211e-01 7.199999999999999803e-03 1.879348406746174649e-01
-3.063285999999999376e+01 9.989975084464967070e-01 8.999999999999999320e-03 1.009404885178499522e-01
-3.062852799999999220e+01 9.988562334494316408e-01 8.899999999999999925e-03 1.086120759697769833e-01
-3.064655600000000035e+01 9.994441618074851874e-01 9.199999999999999845e-03 6.272131453477118590e-02
-3.059931999999999519e+01 9.979037034138195095e-01 8.399999999999999481e-03 1.517586015068439764e-01
-3.059890400000000454e+01 9.978901368397711247e-01 8.099999999999999561e-03 1.443984232265123624e-01
-3.060868400000000378e+01 9.982090817777431457e-01 8.500000000000000611e-03 1.383387065185013864e-01
-3.060868400000000378e+01 9.982090817777431457e-01 8.500000000000000611e-03 1.383387065185013864e-01
-3.066178400000000082e+01 9.999407766863643854e-01 9.900000000000000813e-03 1.815999999999989845e-02
-3.066360000000000241e+01 1.000000000000000222e+00 1.000000000000000021e-02 3.570611593983173639e-15
-3.066360000000000241e+01 1.000000000000000222e+00 1.030000000000000013e-02 3.570611593983173639e-15
-3.065815199999999763e+01 9.998223300590928231e-01 9.700000000000000289e-03 3.113470401239409185e-02
-3.066360000000000241e+01 1.000000000000000222e+00 1.030000000000000013e-02 3.570611593983173639e-15
-3.066360000000000241e+01 1.000000000000000222e+00 1.020000000000000073e-02 3.570611593983173639e-15
-3.065088800000000191e+01 9.995854368045501426e-01 9.299999999999999239e-03 4.656812383568557229e-02
-3.061874799999999652e+01 9.985372885114597308e-01 8.500000000000000611e-03 1.179065701684551271e-01
-3.065633599999999603e+01 9.997631067454570974e-01 9.599999999999999159e-03 3.576546361895487081e-02
-3.055418399999999934e+01 9.964317301295346763e-01 7.300000000000000065e-03 1.854735499234649032e-01
-3.062782799999999384e+01 9.988334050796382479e-01 8.999999999999999320e-03 1.139115269661396118e-01
-3.059457200000000299e+01 9.977488618427061695e-01 8.000000000000000167e-03 1.488668499232134179e-01
-3.060546800000000189e+01 9.981042017245204123e-01 8.600000000000000006e-03 1.468406247149153798e-01
-3.065018799999999999e+01 9.995626084347565277e-01 9.400000000000000369e-03 5.813315137586182180e-02
-3.064040799999999720e+01 9.992436634967843956e-01 8.999999999999999320e-03 7.689465925681841785e-02
-3.065815199999999763e+01 9.998223300590928231e-01 9.700000000000000289e-03 3.113470401239409185e-02
-3.059024000000000143e+01 9.976075868456412143e-01 7.900000000000000772e-03 1.530812262107334454e-01
-3.052315999999999718e+01 9.954199767802867083e-01 6.700000000000000226e-03 2.026548760525605231e-01
-3.062419600000000131e+01 9.987149584523670187e-01 8.800000000000000530e-03 1.156125957976493757e-01
-3.066360000000000241e+01 1.000000000000000222e+00 1.020000000000000073e-02 3.570611593983173639e-15
-3.063970799999999883e+01 9.992208351269910027e-01 9.100000000000000450e-03 8.431394636425888767e-02
-3.064907200000000032e+01 9.995262134909143059e-01 9.199999999999999845e-03 4.951504226092308392e-02
-3.066360000000000241e+01 1.000000000000000222e+00 1.030000000000000013e-02 3.570611593983173639e-15
-3.059820399999999907e+01 9.978673084699773987e-01 8.200000000000000691e-03 1.482844059041386608e-01
-3.065451999999999444e+01 9.997038834318212608e-01 9.499999999999999764e-03 3.977819310205830267e-02
-3.064082399999999851e+01 9.992572300708331134e-01 9.299999999999999239e-03 8.976456424413470359e-02
-3.060072000000000259e+01 9.979493601534067393e-01 8.200000000000000691e-03 1.440548717003558854e-01
-3.066360000000000241e+01 1.000000000000000222e+00 1.149999999999999981e-02 3.570611593983173639e-15
-3.061734800000000334e+01 9.984916317718729450e-01 8.699999999999999400e-03 1.274041390317607325e-01
-3.065815199999999763e+01 9.998223300590928231e-01 9.700000000000000289e-03 3.113470401239409185e-02
-3.060980000000000345e+01 9.982454767215853675e-01 8.699999999999999400e-03 1.419731600754809420e-01
-3.065633599999999603e+01 9.997631067454570974e-01 9.599999999999999159e-03 3.576546361895487081e-02
-3.064725599999999872e+01 9.994669901772785803e-01 9.100000000000000450e-03 5.223242601366236831e-02
-3.066360000000000241e+01 1.000000000000000222e+00 1.009999999999999960e-02 3.570611593983173639e-15
-3.063355999999999923e+01 9.990203368162903219e-01 8.899999999999999925e-03 9.488210228137507196e-02
-3.063426000000000116e+01 9.990431651860839368e-01 8.800000000000000530e-03 8.840392833723237365e-02
-3.059135600000000110e+01 9.976439817894833251e-01 8.099999999999999561e-03 1.565063101448355698e-01
-3.066360000000000241e+01 1.000000000000000222e+00 1.050000000000000065e-02 3.570611593983173639e-15
-3.065996799999999922e+01 9.998815533727285487e-01 9.799999999999999684e-03 2.555208141515017545e-02
-3.064334000000000202e+01 9.993392817542624540e-01 9.299999999999999239e-03 8.126861558306430755e-02
-3.064948799999999807e+01 9.995397800649630238e-01 9.499999999999999764e-03 6.774471581763492900e-02
-3.063900800000000046e+01 9.991980067571974988e-01 9.199999999999999845e-03 9.112576244848748230e-02
-3.059597199999999972e+01 9.977945185822930663e-01 7.799999999999999642e-03 1.410528291890033870e-01
-3.064837200000000195e+01 9.995033851211209130e-01 9.299999999999999239e-03 6.049830130347517293e-02
-3.059135600000000110e+01 9.976439817894833251e-01 8.099999999999999561e-03 1.565063101448355698e-01
-3.060002000000000422e+01 9.979265317836133464e-01 8.300000000000000086e-03 1.479585568510807247e-01
-3.064837200000000195e+01 9.995033851211209130e-01 9.299999999999999239e-03 6.049830130347517293e-02
-3.062782799999999384e+01 9.988334050796382479e-01 8.999999999999999320e-03 1.139115269661396118e-01
-3.063607599999999564e+01 9.991023884997194404e-01 8.899999999999999925e-03 8.710020598614134912e-02
-3.058269199999999799e+01 9.973614317953534147e-01 7.900000000000000772e-03 1.641495337498798945e-01
-3.061804799999999815e+01 9.985144601416663379e-01 8.600000000000000006e-03 1.227492644179649373e-01
-3.066360000000000241e+01 1.000000000000000222e+00 1.129999999999999928e-02 3.570611593983173639e-15
-3.062671200000000127e+01 9.987970101357962482e-01 8.800000000000000530e-03 1.095340150848402999e-01
-3.066360000000000241e+01 1.000000000000000222e+00 1.060000000000000005e-02 3.570611593983173639e-15
-3.065815199999999763e+01 9.998223300590928231e-01 9.700000000000000289e-03 3.113470401239409185e-02
-3.061734800000000334e+01 9.984916317718729450e-01 8.699999999999999400e-03 1.274041390317607325e-01
-3.065200399999999803e+01 9.996218317483922533e-01 9.499999999999999764e-03 5.560773131335417646e-02
-3.063607599999999564e+01 9.991023884997194404e-01 8.899999999999999925e-03 8.710020598614134912e-02
-3.058772399999999791e+01 9.975255351622118738e-01 7.900000000000000772e-03 1.568982241821591517e-01
-3.066178400000000082e+01 9.999407766863643854e-01 9.900000000000000813e-03 1.815999999999989845e-02
-3.060100399999999610e+01 9.979586219491513033e-01 7.799999999999999642e-03 1.320336473185618198e-01
-3.057905999999999480e+01 9.972429851680818524e-01 7.700000000000000247e-03 1.643299305075188732e-01
-3.064222400000000235e+01 9.993028868104202322e-01 9.100000000000000450e-03 7.524244063510474034e-02
-3.065633599999999603e+01 9.997631067454570974e-01 9.599999999999999159e-03 3.576546361895487081e-02
-3.062168000000000490e+01 9.986329067689380112e-01 8.800000000000000530e-03 1.213344788490712395e-01
-3.063145999999999702e+01 9.989518517069098102e-01 9.199999999999999845e-03 1.120658302205907869e-01
-3.058450799999999958e+01 9.974206551089891404e-01 8.000000000000000167e-03 1.640288011665059220e-01
-3.065815199999999763e+01 9.998223300590928231e-01 9.700000000000000289e-03 3.113470401239409185e-02
-3.066360000000000241e+01 1.000000000000000222e+00 1.099999999999999936e-02 3.570611593983173639e-15
-3.066360000000000241e+01 1.000000000000000222e+00 1.030000000000000013e-02 3.570611593983173639e-15
-3.054803599999999975e+01 9.962312318188341065e-01 7.100000000000000408e-03 1.877018490730830158e-01
-3.066360000000000241e+01 1.000000000000000222e+00 1.119999999999999989e-02 3.570611593983173639e-15
-3.062307999999999808e+01 9.986785635085246859e-01 8.600000000000000006e-03 1.112652159609113511e-01
-3.062741199999999608e+01 9.988198385055896411e-01 8.699999999999999400e-03 1.040193525894642645e-01
-3.061190000000000211e+01 9.983139618309657681e-01 8.399999999999999481e-03 1.291980345098643068e-01
-3.066360000000000241e+01 1.000000000000000222e+00 1.089999999999999997e-02 3.570611593983173639e-15
-3.065088799999999836e+01 9.995854368045500316e-01 9.299999999999999239e-03 4.656812383568560004e-02
-3.061371600000000015e+01 9.983731851446014938e-01 8.500000000000000611e-03 1.286287498849679467e-01
-3.065451999999999444e+01 9.997038834318212608e-01 9.499999999999999764e-03 3.977819310205831654e-02
-3.063104399999999572e+01 9.989382851328609814e-01 8.899999999999999925e-03 1.020097661397121463e-01
-3.060686799999999863e+01 9.981498584641073091e-01 8.399999999999999481e-03 1.388017064489167618e-01
-3.059345600000000331e+01 9.977124668988639478e-01 7.799999999999999642e-03 1.452867038901794194e-01
-3.066360000000000241e+01 1.000000000000000222e+00 1.089999999999999997e-02 3.570611593983173639e-15
-3.063397599999999699e+01 9.990339033903389288e-01 9.199999999999999845e-03 1.056089806404699460e-01
-3.057794400000000223e+01 9.972065902242399638e-01 7.499999999999999722e-03 1.609852194231731481e-01
-3.060323600000000610e+01 9.980314118368360798e-01 8.200000000000000691e-03 1.396515617202651882e-01
-3.064767200000000358e+01 9.994805567513274092e-01 9.400000000000000369e-03 6.976646481025969293e-02
-3.064263999999999655e+01 9.993164533844688391e-01 9.400000000000000369e-03 8.834470595744284283e-02
-3.063244399999999601e+01 9.989839418724479891e-01 8.699999999999999400e-03 8.965155253941364810e-02
-3.066360000000000241e+01 1.000000000000000222e+00 1.060000000000000005e-02 3.570611593983173639e-15
-3.064180800000000460e+01 9.992893202363716254e-01 8.800000000000000530e-03 5.931031163858986599e-02
-3.061734800000000334e+01 9.984916317718729450e-01 8.699999999999999400e-03 1.274041390317607325e-01
-3.066360000000000241e+01 1.000000000000000222e+00 1.000000000000000021e-02 3.570611593983173639e-15
-3.058842399999999628e+01 9.975483635320052667e-01 7.799999999999999642e-03 1.532791980325278469e-01
-3.052204399999999751e+01 9.953835818364444865e-01 6.499999999999999702e-03 1.996368816353601694e-01
-3.064767200000000358e+01 9.994805567513274092e-01 9.400000000000000369e-03 6.976646481025969293e-02
-3.064473999999999876e+01 9.993849384938493507e-01 9.100000000000000450e-03 6.481681724660484645e-02
-3.061623199999999656e+01 9.984552368280305013e-01 8.500000000000000611e-03 1.234100947690627420e-01
-3.065996799999999922e+01 9.998815533727285487e-01 9.799999999999999684e-03 2.555208141515017545e-02
-3.064725599999999872e+01 9.994669901772785803e-01 9.100000000000000450e-03 5.223242601366236831e-02
-3.066360000000000241e+01 1.000000000000000222e+00 1.009999999999999960e-02 3.570611593983173639e-15
-3.063426000000000116e+01 9.990431651860839368e-01 8.800000000000000530e-03 8.840392833723237365e-02
-3.063649199999999695e+01 9.991159550737681583e-01 9.199999999999999845e-03 9.866597632846119126e-02
-3.063285999999999376e+01 9.989975084464967070e-01 8.999999999999999320e-03 1.009404885178499522e-01
-3.058450799999999958e+01 9.974206551089891404e-01 8.000000000000000167e-03 1.640288011665059220e-01
-3.066360000000000241e+01 1.000000000000000222e+00 1.000000000000000021e-02 3.570611593983173639e-15
-3.061693199999999493e+01 9.984780651978240051e-01 8.399999999999999481e-03 1.186052146638355564e-01
-3.062168000000000490e+01 9.986329067689380112e-01 8.800000000000000530e-03 1.213344788490712395e-01
-3.066360000000000241e+01 1.000000000000000222e+00 1.039999999999999952e-02 3.570611593983173639e-15
-3.064585599999999843e+01 9.994213334376915725e-01 9.299999999999999239e-03 7.168479872104517592e-02
-3.066360000000000241e+01 1.000000000000000222e+00 1.000000000000000021e-02 3.570611593983173639e-15
-3.057402800000000198e+01 9.970788818012237265e-01 7.700000000000000247e-03 1.710095538000991622e-01
-3.060183599999999871e+01 9.979857550972488500e-01 8.399999999999999481e-03 1.476094228740566228e-01
-3.066360000000000241e+01 1.000000000000000222e+00 1.030000000000000013e-02 3.570611593983173639e-15
-3.061441599999999852e+01 9.983960135143948866e-01 8.399999999999999481e-03 1.240405527692983595e-01
-3.065633599999999603e+01 9.997631067454570974e-01 9.599999999999999159e-03 3.576546361895487081e-02
-3.066178400000000082e+01 9.999407766863643854e-01 9.900000000000000813e-03 1.815999999999989845e-02
-3.065451999999999444e+01 9.997038834318212608e-01 9.499999999999999764e-03 3.977819310205831654e-02
-3.060072000000000259e+01 9.979493601534067393e-01 8.200000000000000691e-03 1.440548717003558854e-01
-3.066360000000000241e+01 1.000000000000000222e+00 1.000000000000000021e-02 3.570611593983173639e-15
-3.057905999999999480e+01 9.972429851680818524e-01 7.700000000000000247e-03 1.643299305075188732e-01
-3.065018799999999999e+01 9.995626084347565277e-01 9.400000000000000369e-03 5.813315137586182180e-02
-3.066360000000000241e+01 1.000000000000000222e+00 1.030000000000000013e-02 3.570611593983173639e-15
-3.061623199999999656e+01 9.984552368280305013e-01 8.500000000000000611e-03 1.234100947690627420e-01
-3.060645200000000088e+01 9.981362918900585912e-01 8.099999999999999561e-03 1.307382445262981474e-01
-3.062741199999999608e+01 9.988198385055896411e-01 8.699999999999999400e-03 1.040193525894642645e-01
-3.065815199999999763e+01 9.998223300590928231e-01 9.700000000000000289e-03 3.113470401239409185e-02
-3.063174399999999764e+01 9.989611135026545963e-01 8.800000000000000530e-03 9.603224239700924869e-02
-3.065270400000000350e+01 9.996446601181858682e-01 9.400000000000000369e-03 4.334487939419095354e-02
-3.056927999999999912e+01 9.969240402301099424e-01 7.300000000000000065e-03 1.677269642766316127e-01
-3.066360000000000241e+01 1.000000000000000222e+00 1.200000000000000025e-02 3.570611593983173639e-15
-3.057905999999999480e+01 9.972429851680818524e-01 7.700000000000000247e-03 1.643299305075188732e-01
-3.062489599999999967e+01 9.987377868221605226e-01 8.699999999999999400e-03 1.104180942572091512e-01
-3.066360000000000241e+01 1.000000000000000222e+00 1.039999999999999952e-02 3.570611593983173639e-15
-3.063900800000000046e+01 9.991980067571974988e-01 9.199999999999999845e-03 9.112576244848748230e-02
-3.064040799999999720e+01 9.992436634967843956e-01 8.999999999999999320e-03 7.689465925681841785e-02
-3.063467599999999891e+01 9.990567317601325437e-01 9.100000000000000450e-03 9.982639791764551240e-02
-3.061804799999999815e+01 9.985144601416663379e-01 8.600000000000000006e-03 1.227492644179649373e-01
-3.060645200000000088e+01 9.981362918900585912e-01 8.099999999999999561e-03 1.307382445262981474e-01
-3.062852799999999220e+01 9.988562334494316408e-01 8.899999999999999925e-03 1.086120759697769833e-01
-3.060072000000000259e+01 9.979493601534067393e-01 8.200000000000000691e-03 1.440548717003558854e-01
-3.057542799999999872e+01 9.971245385408106232e-01 7.499999999999999722e-03 1.644291134486070005e-01
-3.062349599999999228e+01 9.986921300825732928e-01 8.899999999999999925e-03 1.205794309812313614e-01
-3.060686799999999863e+01 9.981498584641073091e-01 8.399999999999999481e-03 1.388017064489167618e-01
-3.065815199999999763e+01 9.998223300590928231e-01 9.700000000000000289e-03 3.113470401239409185e-02
-3.064222400000000235e+01 9.993028868104202322e-01 9.100000000000000450e-03 7.524244063510474034e-02
-3.062377999999999290e+01 9.987013918783180788e-01 8.500000000000000611e-03 1.058650541820559537e-01
-3.063285999999999376e+01 9.989975084464967070e-01 8.999999999999999320e-03 1.009404885178499522e-01
-3.058632399999999762e+01 9.974798784226248660e-01 8.099999999999999561e-03 1.638876549914171643e-01
-3.063789200000000079e+01 9.991616118133552771e-01 8.999999999999999320e-03 8.573782645278854586e-02
-3.063397599999999699e+01 9.990339033903389288e-01 9.199999999999999845e-03 1.056089806404699460e-01
-3.065633599999999603e+01 9.997631067454570974e-01 9.599999999999999159e-03 3.576546361895487081e-02
-3.065451999999999444e+01 9.997038834318212608e-01 9.499999999999999764e-03 3.977819310205831654e-02
-3.065815199999999763e+01 9.998223300590928231e-01 9.700000000000000289e-03 3.113470401239409185e-02
-3.055921599999999927e+01 9.965958334963931353e-01 7.300000000000000065e-03 1.798950348947905009e-01
-3.061511600000000399e+01 9.984188418841886126e-01 8.300000000000000086e-03 1.192718418851097945e-01
-3.063537599999999728e+01 9.990795601299259365e-01 8.999999999999999320e-03 9.368229689495845280e-02
-3.065815199999999763e+01 9.998223300590928231e-01 9.700000000000000289e-03 3.113470401239409185e-02
-3.062741199999999608e+01 9.988198385055896411e-01 8.699999999999999400e-03 1.040193525894642645e-01
-3.064948799999999807e+01 9.995397800649630238e-01 9.499999999999999764e-03 6.774471581763492900e-02
-3.059024000000000143e+01 9.976075868456412143e-01 7.900000000000000772e-03 1.530812262107334454e-01
-3.059024000000000143e+01 9.976075868456412143e-01 7.900000000000000772e-03 1.530812262107334454e-01
-3.061483200000000338e+01 9.984095800884438265e-01 8.699999999999999400e-03 1.324869460922412645e-01
-3.059387199999999751e+01 9.977260334729124436e-01 8.099999999999999561e-03 1.526190464833760141e-01
-3.065451999999999444e+01 9.997038834318212608e-01 9.499999999999999764e-03 3.977819310205831654e-02
-3.065270400000000350e+01 9.996446601181858682e-01 9.400000000000000369e-03 4.334487939419095354e-02
-3.063537599999999728e+01 9.990795601299259365e-01 8.999999999999999320e-03 9.368229689495845280e-02
-3.061050000000000182e+01 9.982683050913787604e-01 8.600000000000000006e-03 1.378499887339108276e-01
-3.060868400000000378e+01 9.982090817777431457e-01 8.500000000000000611e-03 1.383387065185013864e-01
-3.065270400000000350e+01 9.996446601181858682e-01 9.400000000000000369e-03 4.334487939419095354e-02
-3.061371600000000015e+01 9.983731851446014938e-01 8.500000000000000611e-03 1.286287498849679467e-01
-3.062349599999999228e+01 9.986921300825732928e-01 8.899999999999999925e-03 1.205794309812313614e-01
-3.066360000000000241e+01 1.000000000000000222e+00 1.060000000000000005e-02 3.570611593983173639e-15
-3.060183599999999871e+01 9.979857550972488500e-01 8.399999999999999481e-03 1.476094228740566228e-01
-3.055991600000000474e+01 9.966186618661868613e-01 7.199999999999999803e-03 1.768615213131789210e-01
-3.060868400000000378e+01 9.982090817777431457e-01 8.500000000000000611e-03 1.383387065185013864e-01
-3.065633599999999603e+01 9.997631067454570974e-01 9.599999999999999159e-03 3.576546361895487081e-02
-3.057584400000000002e+01 9.971381051148593411e-01 7.799999999999999642e-03 1.709866403429153858e-01
-3.063426000000000116e+01 9.990431651860839368e-01 8.800000000000000530e-03 8.840392833723237365e-02
-3.064907200000000032e+01 9.995262134909143059e-01 9.199999999999999845e-03 4.951504226092307698e-02
-3.061623199999999656e+01 9.984552368280305013e-01 8.500000000000000611e-03 1.234100947690627420e-01
-3.066360000000000241e+01 1.000000000000000222e+00 1.050000000000000065e-02 3.570611593983173639e-15
-3.061008400000000407e+01 9.982547385173301535e-01 8.300000000000000086e-03 1.297391483327255401e-01
-3.058632399999999762e+01 9.974798784226248660e-01 8.099999999999999561e-03 1.638876549914171643e-01
-3.066360000000000241e+01 1.000000000000000222e+00 1.000000000000000021e-02 3.570611593983173639e-15
-3.062601199999999579e+01 9.987741817660026333e-01 8.899999999999999925e-03 1.147797251656009071e-01
-3.063830799999999854e+01 9.991751783874039949e-01 9.299999999999999239e-03 9.745756878319554450e-02
-3.061804799999999815e+01 9.985144601416663379e-01 8.600000000000000006e-03 1.227492644179649373e-01
-3.057179599999999908e+01 9.970060919135391719e-01 7.300000000000000065e-03 1.644472295205048895e-01
-3.064585599999999843e+01 9.994213334376915725e-01 9.299999999999999239e-03 7.168479872104517592e-02
-3.054692000000000007e+01 9.961948368749918847e-01 6.899999999999999883e-03 1.845913159912834223e-01
-3.053462399999999732e+01 9.957938402535905231e-01 6.499999999999999702e-03 1.883620096805855015e-01
-3.065996799999999922e+01 9.998815533727285487e-01 9.799999999999999684e-03 2.555208141515017545e-02
-3.064948799999999807e+01 9.995397800649630238e-01 9.499999999999999764e-03 6.774471581763492900e-02
-3.065996799999999922e+01 9.998815533727285487e-01 9.799999999999999684e-03 2.555208141515017545e-02
-3.063467599999999891e+01 9.990567317601325437e-01 9.100000000000000450e-03 9.982639791764551240e-02
-3.060575200000000251e+01 9.981134635202651983e-01 8.200000000000000691e-03 1.350574800788629515e-01
-3.065451999999999444e+01 9.997038834318212608e-01 9.499999999999999764e-03 3.977819310205831654e-02
-3.066360000000000241e+01 1.000000000000000222e+00 1.050000000000000065e-02 3.570611593983173639e-15
-3.065018799999999999e+01 9.995626084347565277e-01 9.400000000000000369e-03 5.813315137586182180e-02
-3.063830799999999854e+01 9.991751783874039949e-01 9.299999999999999239e-03 9.745756878319554450e-02
-3.062922800000000123e+01 9.988790618192254778e-01 8.800000000000000530e-03 1.030356259658851692e-01
-3.058842399999999628e+01 9.975483635320052667e-01 7.799999999999999642e-03 1.532791980325278469e-01
-3.063034399999999735e+01 9.989154567630675885e-01 8.999999999999999320e-03 1.076513042046852581e-01
-3.062922800000000123e+01 9.988790618192254778e-01 8.800000000000000530e-03 1.030356259658851692e-01
-3.065633599999999959e+01 9.997631067454572085e-01 9.599999999999999159e-03 3.576546361895482917e-02
-3.063607599999999564e+01 9.991023884997194404e-01 8.899999999999999925e-03 8.710020598614134912e-02
-3.052092800000000139e+01 9.953471868926023758e-01 6.300000000000000044e-03 1.965661572030537596e-01
-3.059931999999999519e+01 9.979037034138195095e-01 8.399999999999999481e-03 1.517586015068439764e-01
-3.060505200000000414e+01 9.980906351504716945e-01 8.300000000000000086e-03 1.392392450773018153e-01
-3.054692000000000007e+01 9.961948368749918847e-01 6.899999999999999883e-03 1.845913159912834223e-01
-3.060505200000000414e+01 9.980906351504716945e-01 8.300000000000000086e-03 1.392392450773018153e-01
-3.060323600000000610e+01 9.980314118368360798e-01 8.200000000000000691e-03 1.396515617202651882e-01
-3.064697199999999455e+01 9.994577283815336832e-01 9.499999999999999764e-03 7.793384928672807133e-02
-3.062168000000000490e+01 9.986329067689380112e-01 8.800000000000000530e-03 1.213344788490712395e-01
-3.061763200000000040e+01 9.985008935676177311e-01 8.300000000000000086e-03 1.135929245200160281e-01
-3.059317200000000270e+01 9.977032051031191617e-01 8.200000000000000691e-03 1.562780144292194306e-01
-3.058772399999999791e+01 9.975255351622118738e-01 7.900000000000000772e-03 1.568982241821591517e-01
-3.064473999999999876e+01 9.993849384938493507e-01 9.100000000000000450e-03 6.481681724660484645e-02
-3.060826800000000603e+01 9.981955152036945389e-01 8.200000000000000691e-03 1.302524424478723741e-01
-3.059457200000000299e+01 9.977488618427061695e-01 8.000000000000000167e-03 1.488668499232134179e-01
-3.066360000000000241e+01 1.000000000000000222e+00 1.000000000000000021e-02 3.570611593983173639e-15
-3.064907200000000032e+01 9.995262134909143059e-01 9.199999999999999845e-03 4.951504226092307698e-02
-3.063355999999999923e+01 9.990203368162903219e-01 8.899999999999999925e-03 9.488210228137507196e-02
-3.056969599999999687e+01 9.969376068041586603e-01 7.599999999999999985e-03 1.741751967869061557e-01
-3.066360000000000241e+01 1.000000000000000222e+00 1.000000000000000021e-02 3.570611593983173639e-15
-3.062992799999999960e+01 9.989018901890188706e-01 8.699999999999999400e-03 9.713448147238483432e-02
-3.062489599999999967e+01 9.987377868221605226e-01 8.699999999999999400e-03 1.104180942572091512e-01
-3.060505200000000414e+01 9.980906351504716945e-01 8.300000000000000086e-03 1.392392450773018153e-01
-3.065815199999999763e+01 9.998223300590928231e-01 9.700000000000000289e-03 3.113470401239409185e-02
-3.063285999999999376e+01 9.989975084464967070e-01 8.999999999999999320e-03 1.009404885178499522e-01
-3.062559599999999804e+01 9.987606151919539155e-01 8.600000000000000006e-03 1.049621306601921239e-01
-3.056061599999999956e+01 9.966414902359801431e-01 7.100000000000000408e-03 1.737722128639566932e-01
-3.065633599999999603e+01 9.997631067454570974e-01 9.599999999999999159e-03 3.576546361895487081e-02
-3.057402800000000198e+01 9.970788818012237265e-01 7.700000000000000247e-03 1.710095538000991622e-01
-3.059890400000000454e+01 9.978901368397711247e-01 8.099999999999999561e-03 1.443984232265123624e-01
-3.064907200000000032e+01 9.995262134909143059e-01 9.199999999999999845e-03 4.951504226092308392e-02
-3.065088799999999836e+01 9.995854368045500316e-01 9.299999999999999239e-03 4.656812383568560004e-02
-3.060686799999999863e+01 9.981498584641073091e-01 8.399999999999999481e-03 1.388017064489167618e-01
-3.065996799999999922e+01 9.998815533727285487e-01 9.799999999999999684e-03 2.555208141515017545e-02
-3.063677600000000467e+01 9.991252168695132774e-01 8.800000000000000530e-03 7.997205208791068054e-02
-3.065633599999999603e+01 9.997631067454570974e-01 9.599999999999999159e-03 3.576546361895487081e-02
-3.059680399999999878e+01 9.978216517303903910e-01 8.399999999999999481e-03 1.557562716087365073e-01
-3.062489599999999967e+01 9.987377868221605226e-01 8.699999999999999400e-03 1.104180942572091512e-01
-3.062377999999999290e+01 9.987013918783180788e-01 8.500000000000000611e-03 1.058650541820559537e-01
-3.061623199999999656e+01 9.984552368280305013e-01 8.500000000000000611e-03 1.234100947690627420e-01
-3.060323600000000610e+01 9.980314118368360798e-01 8.200000000000000691e-03 1.396515617202651882e-01
-3.051407999999999987e+01 9.951238602121081911e-01 6.199999999999999782e-03 2.001877906245818073e-01
-3.062419600000000131e+01 9.987149584523670187e-01 8.800000000000000530e-03 1.156125957976493757e-01
-3.061301600000000178e+01 9.983503567748079899e-01 8.600000000000000006e-03 1.330551087468509197e-01
-3.060575200000000251e+01 9.981134635202651983e-01 8.200000000000000691e-03 1.350574800788629515e-01
-3.062671200000000127e+01 9.987970101357962482e-01 8.800000000000000530e-03 1.095340150848402999e-01
-3.060183599999999871e+01 9.979857550972488500e-01 8.399999999999999481e-03 1.476094228740566228e-01
-3.062237999999999971e+01 9.986557351387312931e-01 8.699999999999999400e-03 1.164108971260721104e-01
-3.061371600000000015e+01 9.983731851446014938e-01 8.500000000000000611e-03 1.286287498849679467e-01
-3.065815199999999763e+01 9.998223300590928231e-01 9.700000000000000289e-03 3.113470401239409185e-02
-3.064152399999999687e+01 9.992800584406266173e-01 9.199999999999999845e-03 8.282539394912806496e-02
-3.061050000000000182e+01 9.982683050913787604e-01 8.600000000000000006e-03 1.378499887339108276e-01
-3.062349599999999228e+01 9.986921300825732928e-01 8.899999999999999925e-03 1.205794309812313614e-01
-3.062671200000000127e+01 9.987970101357962482e-01 8.800000000000000530e-03 1.095340150848402999e-01
-3.058520799999999795e+01 9.974434834787826443e-01 7.900000000000000772e-03 1.605847293141187682e-01
-3.058590799999999987e+01 9.974663118485761482e-01 7.799999999999999642e-03 1.570620038923055684e-01
-3.065815199999999763e+01 9.998223300590928231e-01 9.700000000000000289e-03 3.113470401239409185e-02
-3.058953999999999951e+01 9.975847584758475994e-01 8.000000000000000167e-03 1.567130182882392753e-01
-3.063649199999999695e+01 9.991159550737681583e-01 9.199999999999999845e-03 9.866597632846119126e-02
-3.058157599999999832e+01 9.973250368515111930e-01 7.700000000000000247e-03 1.608265299989870556e-01
-3.055306799999999967e+01 9.963953351856924545e-01 7.100000000000000408e-03 1.823630128633708380e-01
-3.065996799999999922e+01 9.998815533727285487e-01 9.799999999999999684e-03 2.555208141515017545e-02
-3.064082399999999851e+01 9.992572300708331134e-01 9.299999999999999239e-03 8.976456424413470359e-02
-3.063355999999999923e+01 9.990203368162903219e-01 8.899999999999999925e-03 9.488210228137507196e-02
-3.064040799999999720e+01 9.992436634967843956e-01 8.999999999999999320e-03 7.689465925681841785e-02
-3.061734800000000334e+01 9.984916317718729450e-01 8.699999999999999400e-03 1.274041390317607325e-01
-3.057905999999999480e+01 9.972429851680818524e-01 7.700000000000000247e-03 1.643299305075188732e-01
-3.064292399999999716e+01 9.993257151802136251e-01 8.999999999999999320e-03 6.679681102894331757e-02
-3.059638800000000103e+01 9.978080851563417841e-01 8.099999999999999561e-03 1.485871232236452288e-01
-3.064585599999999843e+01 9.994213334376915725e-01 9.299999999999999239e-03 7.168479872104517592e-02
-3.066360000000000241e+01 1.000000000000000222e+00 1.080000000000000057e-02 3.570611593983173639e-15
-3.065451999999999444e+01 9.997038834318212608e-01 9.499999999999999764e-03 3.977819310205831654e-02
-3.063104399999999572e+01 9.989382851328609814e-01 8.899999999999999925e-03 1.020097661397121463e-01
-3.063034399999999735e+01 9.989154567630675885e-01 8.999999999999999320e-03 1.076513042046852581e-01
-3.059457200000000299e+01 9.977488618427061695e-01 8.000000000000000167e-03 1.488668499232134179e-01
-3.058953999999999951e+01 9.975847584758475994e-01 8.000000000000000167e-03 1.567130182882392753e-01
-3.058157599999999832e+01 9.973250368515111930e-01 7.700000000000000247e-03 1.608265299989870556e-01
-3.065270400000000350e+01 9.996446601181858682e-01 9.400000000000000369e-03 4.334487939419095354e-02
-3.059093999999999980e+01 9.976304152154346072e-01 7.799999999999999642e-03 1.493578375458200769e-01
-3.064907200000000032e+01 9.995262134909143059e-01 9.199999999999999845e-03 4.951504226092307698e-02
-3.053755599999999859e+01 9.958894585110684705e-01 6.799999999999999621e-03 1.918296878889069468e-01
-3.066360000000000241e+01 1.000000000000000222e+00 1.020000000000000073e-02 3.570611593983173639e-15
-3.065270400000000350e+01 9.996446601181858682e-01 9.400000000000000369e-03 4.334487939419095354e-02
-3.065270400000000350e+01 9.996446601181858682e-01 9.400000000000000369e-03 4.334487939419095354e-02
-3.065270400000000350e+01 9.996446601181858682e-01 9.400000000000000369e-03 4.334487939419095354e-02
-3.063900800000000046e+01 9.991980067571974988e-01 9.199999999999999845e-03 9.112576244848748230e-02
-3.065815199999999763e+01 9.998223300590928231e-01 9.700000000000000289e-03 3.113470401239409185e-02
-3.063719199999999532e+01 9.991387834435616622e-01 9.100000000000000450e-03 9.243089220787276128e-02
-3.064515600000000006e+01 9.993985050678981796e-01 9.400000000000000369e-03 7.963961036691426243e-02
-3.061148400000000080e+01 9.983003952569170503e-01 8.099999999999999561e-03 1.205111443105170571e-01
-3.062601199999999579e+01 9.987741817660026333e-01 8.899999999999999925e-03 1.147797251656009071e-01
-3.065996799999999922e+01 9.998815533727285487e-01 9.799999999999999684e-03 2.555208141515014422e-02
-3.063900800000000046e+01 9.991980067571974988e-01 9.199999999999999845e-03 9.112576244848748230e-02
-3.061260000000000048e+01 9.983367902007592720e-01 8.300000000000000086e-03 1.246410993066235512e-01
-3.059275599999999784e+01 9.976896385290702218e-01 7.900000000000000772e-03 1.491237153805148874e-01
-3.059387199999999751e+01 9.977260334729124436e-01 8.099999999999999561e-03 1.526190464833760141e-01
-3.064082399999999851e+01 9.992572300708331134e-01 9.299999999999999239e-03 8.976456424413470359e-02
-3.062531199999999387e+01 9.987513533962090184e-01 8.999999999999999320e-03 1.197918204995058050e-01
-3.066360000000000241e+01 1.000000000000000222e+00 1.089999999999999997e-02 3.570611593983173639e-15
-3.066360000000000241e+01 1.000000000000000222e+00 1.009999999999999960e-02 3.570611593983173639e-15
-3.062279600000000102e+01 9.986693017127800109e-01 8.999999999999999320e-03 1.253456666401137620e-01
-3.065451999999999444e+01 9.997038834318212608e-01 9.499999999999999764e-03 3.977819310205831654e-02
-3.056536399999999887e+01 9.967963318070937051e-01 7.499999999999999722e-03 1.771773667740030866e-01
-3.066360000000000241e+01 1.000000000000000222e+00 1.050000000000000065e-02 3.570611593983173639e-15
-3.064837200000000195e+01 9.995033851211209130e-01 9.299999999999999239e-03 6.049830130347517293e-02
-3.066360000000000241e+01 1.000000000000000222e+00 1.009999999999999960e-02 3.570611593983173639e-15
-3.062419600000000131e+01 9.987149584523670187e-01 8.800000000000000530e-03 1.156125957976493757e-01
-3.063285999999999376e+01 9.989975084464967070e-01 8.999999999999999320e-03 1.009404885178499522e-01
-3.063355999999999923e+01 9.990203368162903219e-01 8.899999999999999925e-03 9.488210228137507196e-02
-3.061623199999999656e+01 9.984552368280305013e-01 8.500000000000000611e-03 1.234100947690627420e-01
-3.063104399999999572e+01 9.989382851328609814e-01 8.899999999999999925e-03 1.020097661397121463e-01
-3.066360000000000241e+01 1.000000000000000222e+00 1.119999999999999989e-02 3.570611593983173639e-15
-3.062671200000000127e+01 9.987970101357962482e-01 8.800000000000000530e-03 1.095340150848402999e-01
-3.066360000000000241e+01 1.000000000000000222e+00 1.000000000000000021e-02 3.570611593983173639e-15
-3.058590799999999987e+01 9.974663118485761482e-01 7.799999999999999642e-03 1.570620038923055684e-01
-3.060002000000000422e+01 9.979265317836133464e-01 8.300000000000000086e-03 1.479585568510807247e-01
-3.064907200000000032e+01 9.995262134909143059e-01 9.199999999999999845e-03 4.951504226092307698e-02
-3.055600000000000094e+01 9.964909534431705129e-01 7.400000000000000328e-03 1.856486003940851781e-01
-3.061623199999999656e+01 9.984552368280305013e-01 8.500000000000000611e-03 1.234100947690627420e-01
-3.065270400000000350e+01 9.996446601181858682e-01 9.400000000000000369e-03 4.334487939419095354e-02
-3.064585599999999843e+01 9.994213334376915725e-01 9.299999999999999239e-03 7.168479872104517592e-02
-3.057864399999999705e+01 9.972294185940332456e-01 7.400000000000000328e-03 1.575040665307956278e-01
-3.060002000000000422e+01 9.979265317836133464e-01 8.300000000000000086e-03 1.479585568510807247e-01
-3.062126399999999649e+01 9.986193401948889603e-01 8.500000000000000611e-03 1.120762182218379699e-01
-3.059275599999999784e+01 9.976896385290702218e-01 7.900000000000000772e-03 1.491237153805148874e-01
-3.061078400000000244e+01 9.982775668871236574e-01 8.200000000000000691e-03 1.252121647686859351e-01
-3.065996799999999922e+01 9.998815533727285487e-01 9.799999999999999684e-03 2.555208141515017545e-02
-3.065270400000000350e+01 9.996446601181858682e-01 9.400000000000000369e-03 4.334487939419095354e-02
-3.061664800000000142e+01 9.984688034020794412e-01 8.800000000000000530e-03 1.318910818467534385e-01
-3.059275599999999784e+01 9.976896385290702218e-01 7.900000000000000772e-03 1.491237153805148874e-01
-3.066360000000000241e+01 1.000000000000000222e+00 1.050000000000000065e-02 3.570611593983173639e-15
-3.065815199999999763e+01 9.998223300590928231e-01 9.700000000000000289e-03 3.113470401239409185e-02
-3.064152399999999687e+01 9.992800584406266173e-01 9.199999999999999845e-03 8.282539394912806496e-02
-3.064152399999999687e+01 9.992800584406266173e-01 9.199999999999999845e-03 8.282539394912806496e-02
-3.066360000000000241e+01 1.000000000000000222e+00 1.030000000000000013e-02 3.570611593983173639e-15
-3.065451999999999444e+01 9.997038834318212608e-01 9.499999999999999764e-03 3.977819310205831654e-02
-3.062489599999999967e+01 9.987377868221605226e-01 8.699999999999999400e-03 1.104180942572091512e-01
-3.058772399999999791e+01 9.975255351622118738e-01 7.900000000000000772e-03 1.568982241821591517e-01
-3.061553200000000174e+01 9.984324084582372194e-01 8.600000000000000006e-03 1.280309186773791741e-01
-3.064180800000000460e+01 9.992893202363716254e-01 8.800000000000000530e-03 5.931031163858986599e-02
-3.060211999999999932e+01 9.979950168929936360e-01 8.000000000000000167e-03 1.359006232286641414e-01
-3.058772399999999791e+01 9.975255351622118738e-01 7.900000000000000772e-03 1.568982241821591517e-01
-3.064948799999999807e+01 9.995397800649630238e-01 9.499999999999999764e-03 6.774471581763492900e-02
-3.064222400000000235e+01 9.993028868104202322e-01 9.100000000000000450e-03 7.524244063510474034e-02
-3.065088799999999836e+01 9.995854368045500316e-01 9.299999999999999239e-03 4.656812383568560004e-02
-3.061190000000000211e+01 9.983139618309657681e-01 8.399999999999999481e-03 1.291980345098643068e-01
-3.066360000000000241e+01 1.000000000000000222e+00 1.119999999999999989e-02 3.570611593983173639e-15
-3.061734800000000334e+01 9.984916317718729450e-01 8.699999999999999400e-03 1.274041390317607325e-01
-3.062237999999999971e+01 9.986557351387312931e-01 8.699999999999999400e-03 1.164108971260721104e-01
-3.062559599999999804e+01 9.987606151919539155e-01 8.600000000000000006e-03 1.049621306601921239e-01
-3.064334000000000202e+01 9.993392817542624540e-01 9.299999999999999239e-03 8.126861558306430755e-02
-3.063719199999999532e+01 9.991387834435616622e-01 9.100000000000000450e-03 9.243089220787276128e-02
-3.066360000000000241e+01 1.000000000000000222e+00 1.080000000000000057e-02 3.570611593983173639e-15
-3.066360000000000241e+01 1.000000000000000222e+00 1.030000000000000013e-02 3.570611593983173639e-15
-3.061623199999999656e+01 9.984552368280305013e-01 8.500000000000000611e-03 1.234100947690627420e-01
-3.065451999999999444e+01 9.997038834318212608e-01 9.499999999999999764e-03 3.977819310205831654e-02
-3.062852799999999220e+01 9.988562334494316408e-01 8.899999999999999925e-03 1.086120759697769833e-01
-3.065815199999999763e+01 9.998223300590928231e-01 9.700000000000000289e-03 3.113470401239409185e-02
-3.060505200000000414e+01 9.980906351504716945e-01 8.300000000000000086e-03 1.392392450773018153e-01
-3.060183599999999871e+01 9.979857550972488500e-01 8.399999999999999481e-03 1.476094228740566228e-01
-3.063285999999999376e+01 9.989975084464967070e-01 8.999999999999999320e-03 1.009404885178499522e-01
-3.059638800000000103e+01 9.978080851563417841e-01 8.099999999999999561e-03 1.485871232236452288e-01
-3.062126399999999649e+01 9.986193401948889603e-01 8.500000000000000611e-03 1.120762182218379699e-01
-3.066178400000000082e+01 9.999407766863643854e-01 9.900000000000000813e-03 1.815999999999989845e-02
-3.058953999999999951e+01 9.975847584758475994e-01 8.000000000000000167e-03 1.567130182882392753e-01
-3.059387199999999751e+01 9.977260334729124436e-01 8.099999999999999561e-03 1.526190464833760141e-01
-3.065270400000000350e+01 9.996446601181858682e-01 9.400000000000000369e-03 4.334487939419095354e-02
-3.066360000000000241e+01 1.000000000000000222e+00 1.020000000000000073e-02 3.570611593983173639e-15
-3.065996799999999922e+01 9.998815533727285487e-01 9.799999999999999684e-03 2.555208141515017545e-02
-3.061553200000000174e+01 9.984324084582372194e-01 8.600000000000000006e-03 1.280309186773791741e-01
-3.059205599999999947e+01 9.976668101592768290e-01 8.000000000000000167e-03 1.528612074776170282e-01
-3.059820399999999907e+01 9.978673084699773987e-01 8.200000000000000691e-03 1.482844059041386608e-01
-3.058772399999999791e+01 9.975255351622118738e-01 7.900000000000000772e-03 1.568982241821591517e-01
-3.058157599999999832e+01 9.973250368515111930e-01 7.700000000000000247e-03 1.608265299989870556e-01
-3.064697199999999455e+01 9.994577283815336832e-01 9.499999999999999764e-03 7.793384928672807133e-02
-3.061916400000000493e+01 9.985508550855087817e-01 8.800000000000000530e-03 1.267479814913088088e-01
-3.060142000000000095e+01 9.979721885232002432e-01 8.099999999999999561e-03 1.400388791613515482e-01
-3.061734800000000334e+01 9.984916317718729450e-01 8.699999999999999400e-03 1.274041390317607325e-01
-3.055740000000000123e+01 9.965366101827575207e-01 7.199999999999999803e-03 1.797472029537507954e-01
-3.063467599999999891e+01 9.990567317601325437e-01 9.100000000000000450e-03 9.982639791764551240e-02
-3.066360000000000241e+01 1.000000000000000222e+00 1.050000000000000065e-02 3.570611593983173639e-15
-3.063174399999999764e+01 9.989611135026545963e-01 8.800000000000000530e-03 9.603224239700924869e-02
-3.063215999999999539e+01 9.989746800767032031e-01 9.100000000000000450e-03 1.066506503126969929e-01
-3.062349599999999228e+01 9.986921300825732928e-01 8.899999999999999925e-03 1.205794309812313614e-01
-3.059387199999999751e+01 9.977260334729124436e-01 8.099999999999999561e-03 1.526190464833760141e-01
-3.066360000000000241e+01 1.000000000000000222e+00 1.069999999999999944e-02 3.570611593983173639e-15
-3.060142000000000095e+01 9.979721885232002432e-01 8.099999999999999561e-03 1.400388791613515482e-01
-3.058157599999999832e+01 9.973250368515111930e-01 7.700000000000000247e-03 1.608265299989870556e-01
-3.061260000000000048e+01 9.983367902007592720e-01 8.300000000000000086e-03 1.246410993066235512e-01
-3.064404000000000039e+01 9.993621101240559579e-01 9.199999999999999845e-03 7.350781446811473219e-02
-3.064152399999999687e+01 9.992800584406266173e-01 9.199999999999999845e-03 8.282539394912806496e-02
-3.062168000000000490e+01 9.986329067689380112e-01 8.800000000000000530e-03 1.213344788490712395e-01
-3.058520799999999795e+01 9.974434834787826443e-01 7.900000000000000772e-03 1.605847293141187682e-01
-3.058772399999999791e+01 9.975255351622118738e-01 7.900000000000000772e-03 1.568982241821591517e-01
-3.061623199999999656e+01 9.984552368280305013e-01 8.500000000000000611e-03 1.234100947690627420e-01
-3.058702399999999955e+01 9.975027067924183699e-01 8.000000000000000167e-03 1.604325498598877797e-01
-3.063537599999999728e+01 9.990795601299259365e-01 8.999999999999999320e-03 9.368229689495845280e-02
-3.059568800000000266e+01 9.977852567865483913e-01 8.200000000000000691e-03 1.523546376455969520e-01
-3.066360000000000241e+01 1.000000000000000222e+00 1.080000000000000057e-02 3.570611593983173639e-15
-3.062881199999999993e+01 9.988654952451767599e-01 8.500000000000000611e-03 9.198753459687941669e-02
-3.063285999999999376e+01 9.989975084464967070e-01 8.999999999999999320e-03 1.009404885178499522e-01
-3.061120000000000019e+01 9.982911334611722642e-01 8.500000000000000611e-03 1.335959232427046672e-01
-3.060575200000000251e+01 9.981134635202651983e-01 8.200000000000000691e-03 1.350574800788629515e-01
-3.066360000000000241e+01 1.000000000000000222e+00 1.039999999999999952e-02 3.570611593983173639e-15
-3.065563599999999767e+01 9.997402783756635936e-01 9.700000000000000289e-03 4.997745253227842133e-02
-3.065996799999999922e+01 9.998815533727285487e-01 9.799999999999999684e-03 2.555208141515017545e-02
-3.066360000000000241e+01 1.000000000000000222e+00 1.069999999999999944e-02 3.570611593983173639e-15
-3.064767200000000358e+01 9.994805567513274092e-01 9.400000000000000369e-03 6.976646481025969293e-02
-3.060142000000000095e+01 9.979721885232002432e-01 8.099999999999999561e-03 1.400388791613515482e-01
-3.062811199999999445e+01 9.988426668753830340e-01 8.600000000000000006e-03 9.819043266360844013e-02
-3.066360000000000241e+01 1.000000000000000222e+00 1.030000000000000013e-02 3.570611593983173639e-15
-3.065088799999999836e+01 9.995854368045500316e-01 9.299999999999999239e-03 4.656812383568560004e-02
-3.066360000000000241e+01 1.000000000000000222e+00 1.020000000000000073e-02 3.570611593983173639e-15
-3.061874799999999652e+01 9.985372885114597308e-01 8.500000000000000611e-03 1.179065701684551271e-01
-3.063062799999999797e+01 9.989247185588123745e-01 8.600000000000000006e-03 9.084538989209323123e-02
-3.063789200000000079e+01 9.991616118133552771e-01 8.999999999999999320e-03 8.573782645278854586e-02
-3.062377999999999290e+01 9.987013918783180788e-01 8.500000000000000611e-03 1.058650541820559537e-01
-3.057039599999999879e+01 9.969604351739521642e-01 7.499999999999999722e-03 1.709969389057927891e-01
-3.062629599999999641e+01 9.987834435617474194e-01 8.500000000000000611e-03 9.920157411589124175e-02
-3.064152399999999687e+01 9.992800584406266173e-01 9.199999999999999845e-03 8.282539394912806496e-02
-3.061301600000000178e+01 9.983503567748079899e-01 8.600000000000000006e-03 1.330551087468509197e-01
-3.062741199999999608e+01 9.988198385055896411e-01 8.699999999999999400e-03 1.040193525894642645e-01
-3.060435200000000222e+01 9.980678067806781906e-01 8.399999999999999481e-03 1.432955753509209673e-01
-3.066360000000000241e+01 1.000000000000000222e+00 1.080000000000000057e-02 3.570611593983173639e-15
-3.059387199999999751e+01 9.977260334729124436e-01 8.099999999999999561e-03 1.526190464833760141e-01
-3.066178400000000082e+01 9.999407766863643854e-01 9.900000000000000813e-03 1.815999999999989845e-02
-3.059527200000000136e+01 9.977716902124995624e-01 7.900000000000000772e-03 1.450141881459751925e-01
-3.059568800000000266e+01 9.977852567865483913e-01 8.200000000000000691e-03 1.523546376455969520e-01
-3.058339199999999636e+01 9.973842601651469186e-01 7.799999999999999642e-03 1.607160389876465256e-01
-3.066360000000000241e+01 1.000000000000000222e+00 1.069999999999999944e-02 3.570611593983173639e-15
-3.062922800000000123e+01 9.988790618192254778e-01 8.800000000000000530e-03 1.030356259658851692e-01
-3.065996799999999922e+01 9.998815533727285487e-01 9.799999999999999684e-03 2.555208141515017545e-02
-3.063174399999999764e+01 9.989611135026545963e-01 8.800000000000000530e-03 9.603224239700924869e-02
-3.063062799999999797e+01 9.989247185588123745e-01 8.600000000000000006e-03 9.084538989209323123e-02
-3.064655600000000035e+01 9.994441618074851874e-01 9.199999999999999845e-03 6.272131453477118590e-02
-3.057905999999999480e+01 9.972429851680818524e-01 7.700000000000000247e-03 1.643299305075188732e-01
-3.066178400000000082e+01 9.999407766863643854e-01 9.900000000000000813e-03 1.815999999999989845e-02
-3.060868400000000378e+01 9.982090817777431457e-01 8.500000000000000611e-03 1.383387065185013864e-01
-3.060938399999999859e+01 9.982319101475365386e-01 8.399999999999999481e-03 1.341097204349911143e-01
-3.065381999999999607e+01 9.996810550620278679e-01 9.599999999999999159e-03 5.289909204697137296e-02
-3.066360000000000241e+01 1.000000000000000222e+00 1.009999999999999960e-02 3.570611593983173639e-15
-3.064655600000000035e+01 9.994441618074851874e-01 9.199999999999999845e-03 6.272131453477118590e-02
-3.058087599999999640e+01 9.973022084817176891e-01 7.799999999999999642e-03 1.642498977568364604e-01
-3.062964399999999898e+01 9.988926283932740846e-01 9.100000000000000450e-03 1.130071869708765830e-01
-3.065815199999999763e+01 9.998223300590928231e-01 9.700000000000000289e-03 3.113470401239409185e-02
-3.063244399999999601e+01 9.989839418724479891e-01 8.699999999999999400e-03 8.965155253941364810e-02
-3.064655600000000035e+01 9.994441618074851874e-01 9.199999999999999845e-03 6.272131453477118590e-02
-3.057654399999999484e+01 9.971609334846527339e-01 7.700000000000000247e-03 1.677220646597736287e-01
-3.065270400000000350e+01 9.996446601181858682e-01 9.400000000000000369e-03 4.334487939419095354e-02
-3.060938399999999859e+01 9.982319101475365386e-01 8.399999999999999481e-03 1.341097204349911143e-01
-3.055125200000000163e+01 9.963361118720568399e-01 7.000000000000000146e-03 1.821552820086100866e-01
-3.061008400000000407e+01 9.982547385173301535e-01 8.300000000000000086e-03 1.297391483327255401e-01
-3.066360000000000241e+01 1.000000000000000222e+00 1.050000000000000065e-02 3.570611593983173639e-15
-3.065088799999999836e+01 9.995854368045500316e-01 9.299999999999999239e-03 4.656812383568560004e-02
-3.064725599999999872e+01 9.994669901772785803e-01 9.100000000000000450e-03 5.223242601366236831e-02
-3.059820399999999907e+01 9.978673084699773987e-01 8.200000000000000691e-03 1.482844059041386608e-01
-3.060393600000000447e+01 9.980542402066295837e-01 8.099999999999999561e-03 1.354920009715432638e-01
-3.065381999999999607e+01 9.996810550620278679e-01 9.599999999999999159e-03 5.289909204697137296e-02
-3.061371600000000015e+01 9.983731851446014938e-01 8.500000000000000611e-03 1.286287498849679467e-01
-3.064040799999999720e+01 9.992436634967843956e-01 8.999999999999999320e-03 7.689465925681841785e-02
-3.063900800000000046e+01 9.991980067571974988e-01 9.199999999999999845e-03 9.112576244848748230e-02
-3.065270400000000350e+01 9.996446601181858682e-01 9.400000000000000369e-03 4.334487939419095354e-02
-3.055740000000000123e+01 9.965366101827575207e-01 7.199999999999999803e-03 1.797472029537507954e-01
-3.066360000000000241e+01 1.000000000000000222e+00 1.000000000000000021e-02 3.570611593983173639e-15
-3.062196399999999485e+01 9.986421685646824642e-01 8.399999999999999481e-03 1.067291346627459170e-01
-3.063607599999999564e+01 9.991023884997194404e-01 8.899999999999999925e-03 8.710020598614134912e-02
-3.065270400000000350e+01 9.996446601181858682e-01 9.400000000000000369e-03 4.334487939419095354e-02
-3.066360000000000241e+01 1.000000000000000222e+00 1.009999999999999960e-02 3.570611593983173639e-15
-3.065270400000000350e+01 9.996446601181858682e-01 9.400000000000000369e-03 4.334487939419095354e-02
-3.063719199999999532e+01 9.991387834435616622e-01 9.100000000000000450e-03 9.243089220787276128e-02
-3.064292399999999716e+01 9.993257151802136251e-01 8.999999999999999320e-03 6.679681102894331757e-02
-3.059135600000000110e+01 9.976439817894833251e-01 8.099999999999999561e-03 1.565063101448355698e-01
-3.055670000000000286e+01 9.965137818129640168e-01 7.300000000000000065e-03 1.827230824184091773e-01
-3.063034399999999735e+01 9.989154567630675885e-01 8.999999999999999320e-03 1.076513042046852581e-01
-3.058157599999999832e+01 9.973250368515111930e-01 7.700000000000000247e-03 1.608265299989870556e-01
-3.060323600000000610e+01 9.980314118368360798e-01 8.200000000000000691e-03 1.396515617202651882e-01
-3.063649199999999695e+01 9.991159550737681583e-01 9.199999999999999845e-03 9.866597632846119126e-02
-3.061441599999999852e+01 9.983960135143948866e-01 8.399999999999999481e-03 1.240405527692983595e-01
-3.062601199999999579e+01 9.987741817660026333e-01 8.899999999999999925e-03 1.147797251656009071e-01
-3.064948799999999807e+01 9.995397800649630238e-01 9.499999999999999764e-03 6.774471581763492900e-02
-3.065088799999999836e+01 9.995854368045500316e-01 9.299999999999999239e-03 4.656812383568560004e-02
-3.060616800000000026e+01 9.981270300943138052e-01 8.500000000000000611e-03 1.428794468753077085e-01
-3.057724399999999676e+01 9.971837618544462378e-01 7.599999999999999985e-03 1.643896616966139812e-01
-3.062237999999999971e+01 9.986557351387312931e-01 8.699999999999999400e-03 1.164108971260721104e-01
-3.055558400000000319e+01 9.964773868691217951e-01 7.100000000000000408e-03 1.795807005895742881e-01
-3.060365199999999675e+01 9.980449784108844646e-01 8.500000000000000611e-03 1.472368383306843498e-01
-3.053182399999999674e+01 9.957025267744165076e-01 6.899999999999999883e-03 1.991485497630529067e-01
-3.063174399999999764e+01 9.989611135026545963e-01 8.800000000000000530e-03 9.603224239700924869e-02
-3.061120000000000019e+01 9.982911334611722642e-01 8.500000000000000611e-03 1.335959232427046672e-01
-3.064404000000000039e+01 9.993621101240559579e-01 9.199999999999999845e-03 7.350781446811473219e-02
-3.066360000000000241e+01 1.000000000000000222e+00 1.050000000000000065e-02 3.570611593983173639e-15
-3.056354799999999372e+01 9.967371084934578684e-01 7.400000000000000328e-03 1.770909590400855937e-01
-3.065815199999999763e+01 9.998223300590928231e-01 9.700000000000000289e-03 3.113470401239409185e-02
-3.060002000000000422e+01 9.979265317836133464e-01 8.300000000000000086e-03 1.479585568510807247e-01
-3.053574000000000055e+01 9.958302351974328559e-01 6.700000000000000226e-03 1.914836776017180275e-01
-3.063215999999999539e+01 9.989746800767032031e-01 9.100000000000000450e-03 1.066506503126969929e-01
-3.065996799999999922e+01 9.998815533727285487e-01 9.799999999999999684e-03 2.555208141515017545e-02
-3.066178400000000082e+01 9.999407766863643854e-01 9.900000000000000813e-03 1.815999999999989845e-02
-3.061874799999999652e+01 9.985372885114597308e-01 8.500000000000000611e-03 1.179065701684551271e-01
-3.062922800000000123e+01 9.988790618192254778e-01 8.800000000000000530e-03 1.030356259658851692e-01
-3.066360000000000241e+01 1.000000000000000222e+00 1.060000000000000005e-02 3.570611593983173639e-15
-3.066360000000000241e+01 1.000000000000000222e+00 1.020000000000000073e-02 3.570611593983173639e-15
-3.063537599999999728e+01 9.990795601299259365e-01 8.999999999999999320e-03 9.368229689495845280e-02
-3.065996799999999922e+01 9.998815533727285487e-01 9.799999999999999684e-03 2.555208141515017545e-02
-3.053755599999999859e+01 9.958894585110684705e-01 6.799999999999999621e-03 1.918296878889069468e-01
-3.064515600000000006e+01 9.993985050678981796e-01 9.400000000000000369e-03 7.963961036691426243e-02
-3.057765999999999451e+01 9.971973284284948447e-01 7.900000000000000772e-03 1.709442380580650789e-01
-3.065088800000000191e+01 9.995854368045501426e-01 9.299999999999999239e-03 4.656812383568557229e-02
-3.064837200000000195e+01 9.995033851211209130e-01 9.299999999999999239e-03 6.049830130347517293e-02
-3.054440400000000366e+01 9.961127851915627662e-01 6.899999999999999883e-03 1.871816143522516407e-01
-3.056396399999999858e+01 9.967506750675066973e-01 7.700000000000000247e-03 1.832230596840908055e-01
