-5.418244200000002309e+01 6.976852008040146380e-01 0.000000000000000000e+00 1.953367153765543707e+00
-5.488123000000003060e+01 7.066832087952277242e-01 0.000000000000000000e+00 1.884510397177661334e+00
-5.401097200000001664e+01 6.954772515686910017e-01 0.000000000000000000e+00 1.738821710999269188e+00
-5.449355000000002036e+01 7.016912115971740693e-01 0.000000000000000000e+00 1.740666933457495791e+00
-5.432935200000004983e+01 6.995769009390904181e-01 0.000000000000000000e+00 1.933337825202723126e+00
-5.383348800000000267e+01 6.931918625089009689e-01 0.000000000000000000e+00 1.735139756096862662e+00
-5.472844600000001236e+01 7.047158715585699618e-01 0.000000000000000000e+00 1.812386439238429237e+00
-5.434474600000005040e+01 6.997751231967948016e-01 0.000000000000000000e+00 2.123922679422595827e+00
-5.486707400000003076e+01 7.065009277584560765e-01 0.000000000000000000e+00 2.181627504920641503e+00
-5.340840200000000237e+01 6.877182035093863943e-01 0.000000000000000000e+00 1.937267942439568458e+00
-5.433147400000004978e+01 6.996042250673772944e-01 0.000000000000000000e+00 2.131637712629195658e+00
-5.305585200000005131e+01 6.831785609893349376e-01 0.000000000000000000e+00 2.166861594983431782e+00
-5.498779600000002432e+01 7.080554157014590233e-01 0.000000000000000000e+00 2.026395933168944730e+00
-5.284212400000004095e+01 6.804264727280223690e-01 0.000000000000000000e+00 1.932725723805264861e+00
-5.480688600000006261e+01 7.057259114373760633e-01 0.000000000000000000e+00 2.094868206313281078e+00
-5.442226200000006031e+01 7.007732651045650574e-01 0.000000000000000000e+00 1.478612715275279932e+00
-5.459692400000001555e+01 7.030223164216466980e-01 0.000000000000000000e+00 1.946295711081370561e+00
-5.444697200000000947e+01 7.010914456936170325e-01 0.000000000000000000e+00 2.271214921003712472e+00
-5.430340000000003187e+01 6.992427276227367594e-01 0.000000000000000000e+00 1.610455020085060251e+00
-5.507150200000005213e+01 7.091332637138930695e-01 0.000000000000000000e+00 1.827239900653828464e+00
-5.550065200000003074e+01 7.146592531834158324e-01 0.000000000000000000e+00 2.089711209687824311e+00
-5.579850200000001337e+01 7.184945461194459648e-01 0.000000000000000000e+00 1.810107289971531142e+00
-5.554778800000001127e+01 7.152662042253249419e-01 0.000000000000000000e+00 2.054702125688561143e+00
-5.428074200000005334e+01 6.989509698005292870e-01 0.000000000000000000e+00 1.910565569719600232e+00
-5.463117000000004708e+01 7.034632881922944225e-01 0.000000000000000000e+00 1.878002880856429746e+00
-5.652054600000003148e+01 7.277920121349006344e-01 0.000000000000000000e+00 1.827426253229918585e+00
-5.486926200000003462e+01 7.065291017418170449e-01 0.000000000000000000e+00 1.829320480495310930e+00
-5.461830400000003038e+01 7.032976179592407284e-01 0.000000000000000000e+00 1.727413496375024282e+00
-5.709718800000002403e+01 7.352171959160602732e-01 0.000000000000000000e+00 1.827779650163420255e+00
-5.637787200000001064e+01 7.259548572436624880e-01 0.000000000000000000e+00 1.680396772775869074e+00
-5.663197400000003512e+01 7.292268250315802058e-01 0.000000000000000000e+00 1.772531740373159526e+00
-5.687952200000004410e+01 7.324143996353353891e-01 0.000000000000000000e+00 2.122388366653250369e+00
-5.684601800000001504e+01 7.319829822959738053e-01 0.000000000000000000e+00 1.984024018691163294e+00
-5.702269200000004901e+01 7.342579413162200197e-01 0.000000000000000000e+00 1.649987373547036063e+00
-5.786887800000000937e+01 7.451539332194184739e-01 0.000000000000000000e+00 1.887859880499609844e+00
-5.605431400000003350e+01 7.217885328797343236e-01 0.000000000000000000e+00 1.768002279182908643e+00
-5.586724000000002377e+01 7.193796573023799601e-01 0.000000000000000000e+00 1.605763901409763994e+00
-5.807530000000001280e+01 7.478119450993623296e-01 0.000000000000000000e+00 1.999285493986450835e+00
-5.751092799999999983e+01 7.405447571024061926e-01 0.000000000000000000e+00 1.693366611226335028e+00
-5.803215800000003100e+01 7.472564231660194789e-01 0.000000000000000000e+00 2.132914118715083518e+00
-5.673126000000001312e+01 7.305052903478355120e-01 0.000000000000000000e+00 2.068612985367810353e+00
-5.813620800000003896e+01 7.485962325667043782e-01 0.000000000000000000e+00 2.084580657666954107e+00
-5.832741600000001370e+01 7.510583399755088596e-01 0.000000000000000000e+00 2.208713699648313877e+00
-5.625018200000004498e+01 7.243106452073972967e-01 0.000000000000000000e+00 1.546107853881592442e+00
-5.808872400000003466e+01 7.479848004707685405e-01 0.000000000000000000e+00 1.977026547908588672e+00
-5.747377200000003938e+01 7.400663144489530998e-01 0.000000000000000000e+00 1.743893979614980383e+00
-5.649000400000002031e+01 7.273987352611310797e-01 0.000000000000000000e+00 2.019994721161219253e+00
-5.907119200000002479e+01 7.606356400889517921e-01 0.000000000000000000e+00 2.311761376385871092e+00
-5.824753600000007481e+01 7.500297578041814628e-01 0.000000000000000000e+00 1.791150077662704510e+00
-5.716065800000004060e+01 7.360344732121821831e-01 0.000000000000000000e+00 1.995581579652022874e+00
-5.905232000000003012e+01 7.603926330441683756e-01 0.000000000000000000e+00 2.112442685565215417e+00
-5.851050800000003704e+01 7.534159409634012539e-01 0.000000000000000000e+00 2.086768816730978582e+00
-5.869529800000002240e+01 7.557954064045595555e-01 0.000000000000000000e+00 1.748667696598548149e+00
-5.799659800000004140e+01 7.467985315534454438e-01 0.000000000000000000e+00 1.582857589641869511e+00
-5.752814000000003603e+01 7.407663890044209332e-01 0.000000000000000000e+00 1.619872255843813669e+00
-5.905498400000005432e+01 7.604269362853356418e-01 0.000000000000000000e+00 1.936134492402504792e+00
-5.721709800000002843e+01 7.367612280663353719e-01 0.000000000000000000e+00 1.526047326667257176e+00
-5.854495200000003763e+01 7.538594622992704775e-01 0.000000000000000000e+00 1.855954102014335527e+00
-5.798607600000001838e+01 7.466630440521091483e-01 0.000000000000000000e+00 1.932727373225764600e+00
-5.830684000000005796e+01 7.507933912179073355e-01 0.000000000000000000e+00 1.516975664160953530e+00
-5.867278400000002847e+01 7.555055028116042237e-01 0.000000000000000000e+00 1.831923758102118605e+00
-5.741784000000004085e+01 7.393461009035509068e-01 0.000000000000000000e+00 1.789452291240608117e+00
-5.882563800000001919e+01 7.574737414097036936e-01 0.000000000000000000e+00 1.740403277008585325e+00
-5.807385800000000842e+01 7.477933770536555613e-01 0.000000000000000000e+00 1.648265204289870223e+00
-5.859107399999999188e+01 7.544533564768612921e-01 0.000000000000000000e+00 1.833091621455540832e+00
-5.819487600000002203e+01 7.493516764678995745e-01 0.000000000000000000e+00 1.731109376369250441e+00
-5.870528600000006492e+01 7.559240178057522463e-01 0.000000000000000000e+00 1.919334148695186704e+00
-5.870595800000004516e+01 7.559326708755959023e-01 0.000000000000000000e+00 1.695605285756938363e+00
-5.758532400000001417e+01 7.415027240430439592e-01 0.000000000000000000e+00 1.695500603595268441e+00
-5.847279000000003890e+01 7.529302616652270297e-01 0.000000000000000000e+00 1.425628423509853748e+00
-5.912946200000003216e+01 7.613859591065194055e-01 0.000000000000000000e+00 2.100177693625956188e+00
-5.940371400000005053e+01 7.649173902238344258e-01 0.000000000000000000e+00 1.367580313156537386e+00
-5.904468000000002093e+01 7.602942558810616980e-01 0.000000000000000000e+00 1.787551573374807301e+00
-5.852294400000001673e+01 7.535760742618816677e-01 0.000000000000000000e+00 1.638273105235318994e+00
-5.912278800000003542e+01 7.613000207313135315e-01 0.000000000000000000e+00 1.435246001458645226e+00
-5.994621000000002198e+01 7.719028898935493821e-01 0.000000000000000000e+00 1.790498901722843428e+00
-6.016584200000003335e+01 7.747310015542050454e-01 0.000000000000000000e+00 1.867526577755246331e+00
-5.943947200000003050e+01 7.653778314016302931e-01 0.000000000000000000e+00 2.100551471028596850e+00
-6.018377000000002397e+01 7.749618530961124296e-01 0.000000000000000000e+00 1.743337457640407706e+00
-6.062767400000004159e+01 7.806778238044410623e-01 0.000000000000000000e+00 1.481090760122826921e+00
-6.152915000000005108e+01 7.922857624809592769e-01 0.000000000000000000e+00 1.749397294510427692e+00
-5.968089800000003464e+01 7.684865755089799189e-01 0.000000000000000000e+00 1.619962687809490376e+00
-6.133181600000003897e+01 7.897447730693808454e-01 0.000000000000000000e+00 1.673540255509894381e+00
-6.031440600000002661e+01 7.766439995724974121e-01 0.000000000000000000e+00 1.675324283508458967e+00
-6.107738600000001838e+01 7.864685817592774741e-01 0.000000000000000000e+00 1.234338920192922906e+00
-6.080780600000004199e+01 7.829973100799254571e-01 0.000000000000000000e+00 1.889521371805328753e+00
-6.066380600000000811e+01 7.811430808276558224e-01 0.000000000000000000e+00 1.750282874558777069e+00
-6.062524000000001934e+01 7.806464821794406594e-01 0.000000000000000000e+00 2.014666026011169286e+00
-5.984260600000001773e+01 7.705688234529097791e-01 0.000000000000000000e+00 1.716735877264428334e+00
-6.153792200000005153e+01 7.923987159462434482e-01 0.000000000000000000e+00 1.435180461083116921e+00
-6.152284800000001752e+01 7.922046141979880440e-01 0.000000000000000000e+00 1.679547381698325070e+00
-6.110510400000000431e+01 7.868254951371550510e-01 0.000000000000000000e+00 1.636869070982585495e+00
-6.125001200000002655e+01 7.886914163349874052e-01 0.000000000000000000e+00 1.754208126582959659e+00
-6.152293800000006030e+01 7.922057730912712703e-01 0.000000000000000000e+00 1.995578055175740495e+00
-6.164746000000003079e+01 7.938091920839865923e-01 0.000000000000000000e+00 1.903077175990972814e+00
-6.064768200000004583e+01 7.809354586577703650e-01 0.000000000000000000e+00 1.932809263159076751e+00
-6.061515800000004361e+01 7.805166603785980151e-01 0.000000000000000000e+00 1.439989372658596389e+00
-6.135345400000004901e+01 7.900233967677183777e-01 0.000000000000000000e+00 1.932816570614087848e+00
-6.036963800000003033e+01 7.773551995034789774e-01 0.000000000000000000e+00 1.881703491857493971e+00
-6.050433600000002343e+01 7.790896506966882296e-01 0.000000000000000000e+00 1.569238074753656731e+00
-6.078627999999999787e+01 7.827201285598947011e-01 0.000000000000000000e+00 1.956289125416338592e+00
-6.130227400000001126e+01 7.893643727876406002e-01 0.000000000000000000e+00 1.596521002694434976e+00
-6.038114800000006710e+01 7.775034090777406259e-01 0.000000000000000000e+00 1.343656519998073229e+00
-6.002256999999999465e+01 7.728861464609328991e-01 0.000000000000000000e+00 1.408398827632559192e+00
-6.083378800000004105e+01 7.833318696940397841e-01 0.000000000000000000e+00 1.400173468421940459e+00
-6.107843600000003192e+01 7.864821021809087487e-01 0.000000000000000000e+00 1.717437667845134408e+00
-6.087291200000002078e+01 7.838356534806074638e-01 0.000000000000000000e+00 1.633849046801243654e+00
-6.081422800000003548e+01 7.830800035539398074e-01 0.000000000000000000e+00 1.562674730954474178e+00
-6.141175000000006179e+01 7.907740505766789330e-01 0.000000000000000000e+00 1.686160794032803167e+00
-6.084579000000002935e+01 7.834864145515794132e-01 0.000000000000000000e+00 1.562115808993389310e+00
-6.087624000000002411e+01 7.838785067788821559e-01 0.000000000000000000e+00 1.951932026159587830e+00
-6.059414400000005685e+01 7.802460716736872026e-01 0.000000000000000000e+00 1.455216268304953653e+00
-6.115643200000004498e+01 7.874864248528532507e-01 0.000000000000000000e+00 1.753259513187314544e+00
-6.112736400000002845e+01 7.871121280757352734e-01 0.000000000000000000e+00 1.840768278972865879e+00
-6.075635600000005354e+01 7.823348094200003322e-01 0.000000000000000000e+00 1.866961478901214111e+00
-6.190787599999999458e+01 7.971624626739787223e-01 0.000000000000000000e+00 1.884485153446318950e+00
-6.120579400000004711e+01 7.881220391886206711e-01 0.000000000000000000e+00 2.015346986883248981e+00
-6.112895400000000734e+01 7.871326018570621308e-01 0.000000000000000000e+00 1.867644230359722046e+00
-6.065143600000002522e+01 7.809837973842493897e-01 0.000000000000000000e+00 1.539067664747299613e+00
-6.084003600000006884e+01 7.834123226410413254e-01 0.000000000000000000e+00 1.547824788424259967e+00
-6.104496000000002454e+01 7.860510453861241364e-01 0.000000000000000000e+00 1.625741539834494764e+00
-6.073322199999999782e+01 7.820369223399856740e-01 0.000000000000000000e+00 1.522812916580710496e+00
-6.187366200000001726e+01 7.967219029542766950e-01 0.000000000000000000e+00 1.747317744417298035e+00
-6.141983800000006966e+01 7.908781964530148256e-01 0.000000000000000000e+00 1.513865458093314853e+00
-6.061985200000005847e+01 7.805771031015854566e-01 0.000000000000000000e+00 1.812883480991683394e+00
-6.102636800000004058e+01 7.858116437871092153e-01 0.000000000000000000e+00 1.957461199939524832e+00
-6.106878400000002927e+01 7.863578173146384964e-01 0.000000000000000000e+00 1.565908744888146797e+00
-6.108627000000000606e+01 7.865829774028686439e-01 0.000000000000000000e+00 1.773902927975143928e+00
-6.118861200000002754e+01 7.879007935843670429e-01 0.000000000000000000e+00 1.708282589950290919e+00
-6.116202400000002370e+01 7.875584307554828190e-01 0.000000000000000000e+00 1.636471890596080891e+00
-6.146458200000002137e+01 7.914543466867887123e-01 0.000000000000000000e+00 1.677860467608566220e+00
-6.127118800000003063e+01 7.889640910478072922e-01 0.000000000000000000e+00 1.386675539400518131e+00
-6.163685400000004933e+01 7.936726229489203810e-01 0.000000000000000000e+00 1.640831560761774721e+00
-6.117727400000002547e+01 7.877547987839349508e-01 0.000000000000000000e+00 2.256661190388593141e+00
-6.081933800000003032e+01 7.831458029392112108e-01 0.000000000000000000e+00 1.769222952574138308e+00
-6.065107800000001959e+01 7.809791875643026238e-01 0.000000000000000000e+00 1.375073667490677387e+00
-6.109173800000002785e+01 7.866533866080870352e-01 0.000000000000000000e+00 1.654322003928748508e+00
-6.060480200000001361e+01 7.803833103915386316e-01 0.000000000000000000e+00 1.551879005096919562e+00
-6.066828400000002830e+01 7.812007422067649420e-01 0.000000000000000000e+00 1.754690082665899098e+00
-6.077809200000003642e+01 7.826146950243564326e-01 0.000000000000000000e+00 2.131358185449557574e+00
-6.110190000000003607e+01 7.867842385362924240e-01 0.000000000000000000e+00 1.574269217796312237e+00
-6.018786800000004433e+01 7.750146213702501230e-01 0.000000000000000000e+00 2.115294479147315165e+00
-6.204586400000002300e+01 7.989392778549659901e-01 0.000000000000000000e+00 1.660366567870183330e+00
-6.166730600000003903e+01 7.940647409294070425e-01 0.000000000000000000e+00 1.615979525686629392e+00
-6.183496800000007454e+01 7.962236561022821846e-01 0.000000000000000000e+00 1.896667036527630357e+00
-6.104187800000001118e+01 7.860113597294886567e-01 0.000000000000000000e+00 1.596816135445844553e+00
-6.100630800000006104e+01 7.855533393509946949e-01 0.000000000000000000e+00 1.879318032319708287e+00
-6.141169600000004891e+01 7.907733552407091304e-01 0.000000000000000000e+00 1.579663194885785771e+00
-6.163908200000002324e+01 7.937013119959621665e-01 0.000000000000000000e+00 1.417468127828664937e+00
-6.046609800000005208e+01 7.785972755706589421e-01 0.000000000000000000e+00 1.256901352089673018e+00
-6.074692800000001824e+01 7.822134089103442989e-01 0.000000000000000000e+00 1.689436933519388617e+00
-6.125701600000003566e+01 7.887816039855631844e-01 0.000000000000000000e+00 1.219068073995190460e+00
-6.175466600000005712e+01 7.951896400091172934e-01 0.000000000000000000e+00 1.720133016011179850e+00
-6.153578800000004634e+01 7.923712372988520602e-01 0.000000000000000000e+00 1.976291945537389072e+00
-6.068190400000005980e+01 7.813761213902090663e-01 0.000000000000000000e+00 1.462916610499985559e+00
-6.173541400000004131e+01 7.949417398593623396e-01 0.000000000000000000e+00 1.473571494875321353e+00
-6.121976600000002833e+01 7.883019509324586949e-01 0.000000000000000000e+00 1.799687202912570338e+00
-6.198258800000002822e+01 7.981244986176981859e-01 0.000000000000000000e+00 1.679309663196473457e+00
-6.171587200000001161e+01 7.946901054979186307e-01 0.000000000000000000e+00 1.310472712003210249e+00
-6.100872800000003338e+01 7.855845007037061123e-01 0.000000000000000000e+00 1.753345584706592408e+00
-6.100356799999999424e+01 7.855180574888326328e-01 0.000000000000000000e+00 1.729365593077765384e+00
-6.057550400000008040e+01 7.800060519982549012e-01 0.000000000000000000e+00 1.816045195891113240e+00
-6.058628800000005299e+01 7.801449131667023140e-01 0.000000000000000000e+00 1.747277534590554904e+00
-6.127478800000002224e+01 7.890104467791139164e-01 0.000000000000000000e+00 2.222674900153806199e+00
-6.047132600000001190e+01 7.786645943937894332e-01 0.000000000000000000e+00 1.706557995748320122e+00
-6.146393600000000390e+01 7.914460284083373320e-01 0.000000000000000000e+00 1.820409372625683142e+00
-6.146667000000000769e+01 7.914812330109464167e-01 0.000000000000000000e+00 1.627550254899129634e+00
-6.154335600000000994e+01 7.924686873473320015e-01 0.000000000000000000e+00 1.587750190788045135e+00
-6.145959000000004835e+01 7.913900667393770627e-01 0.000000000000000000e+00 1.613579803956833647e+00
-6.115430200000003680e+01 7.874589977118300332e-01 0.000000000000000000e+00 1.432779070987074688e+00
-6.157010000000004624e+01 7.928130589245733217e-01 0.000000000000000000e+00 1.762969956486708289e+00
-6.182159000000000049e+01 7.960513930541086580e-01 0.000000000000000000e+00 1.987155460791514505e+00
-6.139768200000003873e+01 7.905929026800054826e-01 0.000000000000000000e+00 2.005887420447894698e+00
-6.086698400000003062e+01 7.837593210430557900e-01 0.000000000000000000e+00 1.818305516034201208e+00
-6.115686400000005563e+01 7.874919875406102276e-01 0.000000000000000000e+00 1.770196172974091819e+00
-6.130432800000000526e+01 7.893908213076694658e-01 0.000000000000000000e+00 2.076765798698164023e+00
-6.187015200000004000e+01 7.966767061162528529e-01 0.000000000000000000e+00 1.686826105680143906e+00
-6.105754400000001425e+01 7.862130844202250834e-01 0.000000000000000000e+00 1.364107274308814288e+00
-6.144816000000007250e+01 7.912428872924784917e-01 0.000000000000000000e+00 1.390823815897860749e+00
-6.065699800000002284e+01 7.810554169891181786e-01 0.000000000000000000e+00 1.548788696713230495e+00
-6.190665400000003871e+01 7.971467274785190016e-01 0.000000000000000000e+00 1.728104843165986226e+00
-6.139506800000005171e+01 7.905592432684401816e-01 0.000000000000000000e+00 1.774041448667960763e+00
-6.180658000000006069e+01 7.958581154077444264e-01 0.000000000000000000e+00 1.547834963666176344e+00
-6.092057200000002837e+01 7.844493518567404733e-01 0.000000000000000000e+00 1.817358621073980274e+00
-6.108796400000002791e+01 7.866047903497671578e-01 0.000000000000000000e+00 2.055371490594212869e+00
-6.155079000000007738e+01 7.925644119324812831e-01 0.000000000000000000e+00 1.562189254659542392e+00
-6.179850400000004385e+01 7.957541240505128233e-01 0.000000000000000000e+00 1.569302541594368217e+00
-6.136694400000004634e+01 7.901971019941983476e-01 0.000000000000000000e+00 1.800500166554176218e+00
-6.068114200000004388e+01 7.813663094270822951e-01 0.000000000000000000e+00 1.879484429475920093e+00
-6.188099400000000827e+01 7.968163141270379057e-01 0.000000000000000000e+00 1.864640423744649889e+00
-6.144992200000002924e+01 7.912655758476341283e-01 0.000000000000000000e+00 1.592335194115924946e+00
-6.133472400000005820e+01 7.897822181990032941e-01 0.000000000000000000e+00 1.805175592965510223e+00
-6.129490600000003298e+01 7.892694980575664099e-01 0.000000000000000000e+00 1.702617671741150085e+00
-6.140416400000002284e+01 7.906763687495415027e-01 0.000000000000000000e+00 1.578797490197696218e+00
-6.163961600000003926e+01 7.937081880961062152e-01 0.000000000000000000e+00 1.582096330101682380e+00
-6.108589000000004177e+01 7.865780842978978837e-01 0.000000000000000000e+00 1.612205877364954132e+00
-6.111301600000000889e+01 7.869273747332936608e-01 0.000000000000000000e+00 1.469884521865646887e+00
-6.117513800000001822e+01 7.877272943833595331e-01 0.000000000000000000e+00 1.649184496284099133e+00
-6.079990000000001515e+01 7.828955077433387144e-01 0.000000000000000000e+00 1.711491285931126649e+00
-6.132946400000005127e+01 7.897144873249272168e-01 0.000000000000000000e+00 1.754005158851241308e+00
-6.146166200000006086e+01 7.914167470380626401e-01 0.000000000000000000e+00 1.600060283888318668e+00
-6.183931800000004131e+01 7.962796692776107355e-01 0.000000000000000000e+00 1.776564118956486249e+00
-6.225114400000006754e+01 8.015825846668125365e-01 0.000000000000000000e+00 1.879872760916643459e+00
-6.106843400000000344e+01 7.863533105074278495e-01 0.000000000000000000e+00 1.679267916503492719e+00
-6.182013200000000097e+01 7.960326189829294297e-01 0.000000000000000000e+00 1.779938656920512452e+00
-6.146366200000001356e+01 7.914425002221213701e-01 0.000000000000000000e+00 1.800259866246026519e+00
-6.116779400000005040e+01 7.876327286914941439e-01 0.000000000000000000e+00 1.640228255230523180e+00
-6.200545800000003283e+01 7.984189862774162538e-01 0.000000000000000000e+00 1.472107639974987725e+00
-6.205130600000000385e+01 7.990093522687911065e-01 0.000000000000000000e+00 1.720138248250688839e+00
-6.149950600000002510e+01 7.919040487868321820e-01 0.000000000000000000e+00 1.640111121008746009e+00
-6.147095000000000198e+01 7.915363448248332601e-01 0.000000000000000000e+00 1.458796433033171303e+00
-6.173399000000004833e+01 7.949234035923121722e-01 0.000000000000000000e+00 1.757456404936555971e+00
-6.140007600000004828e+01 7.906237292413246243e-01 0.000000000000000000e+00 1.522327560626301368e+00
-6.135444000000006071e+01 7.900360930874598120e-01 0.000000000000000000e+00 1.652415788040544786e+00
-6.133357399999997739e+01 7.897674101181680895e-01 0.000000000000000000e+00 1.904135029728297512e+00
-6.073246600000003781e+01 7.820271876364117691e-01 0.000000000000000000e+00 2.167706186817686564e+00
-6.130482800000004318e+01 7.893972596036847866e-01 0.000000000000000000e+00 1.749995003864729393e+00
-6.138548600000002864e+01 7.904358597636118589e-01 0.000000000000000000e+00 1.584463519635130435e+00
-6.134942200000002543e+01 7.899714783486545544e-01 0.000000000000000000e+00 1.548528312450439648e+00
-6.104758400000004315e+01 7.860848335636102524e-01 0.000000000000000000e+00 1.591077506744623227e+00
-6.116903200000002272e+01 7.876486699124265467e-01 0.000000000000000000e+00 1.822054733617788358e+00
-6.112723400000002982e+01 7.871104541187714521e-01 0.000000000000000000e+00 1.825888423921379289e+00
-6.116016200000002812e+01 7.875344545411235853e-01 0.000000000000000000e+00 1.297631143897263639e+00
-6.188070000000004001e+01 7.968125284089816462e-01 0.000000000000000000e+00 1.502406464256056395e+00
-6.150999600000006495e+01 7.920391242372236684e-01 0.000000000000000000e+00 1.878271081322749891e+00
-6.101429600000005138e+01 7.856561975681274346e-01 0.000000000000000000e+00 1.826136302563254432e+00
-6.078817800000003757e+01 7.827445683315674696e-01 0.000000000000000000e+00 1.714834013440520888e+00
-6.084827000000004915e+01 7.835183484998131664e-01 0.000000000000000000e+00 2.068034934619839227e+00
-6.155284600000005923e+01 7.925908862056939563e-01 0.000000000000000000e+00 1.667606139787984887e+00
-6.227106400000001685e+01 8.018390863800424206e-01 0.000000000000000000e+00 1.757337869442804790e+00
-6.166301200000002325e+01 7.940094488432315467e-01 0.000000000000000000e+00 1.687294230434207343e+00
-6.110638200000002485e+01 7.868419514217691590e-01 0.000000000000000000e+00 1.417154602914451500e+00
-6.145961600000002534e+01 7.913904015307695605e-01 0.000000000000000000e+00 1.620665884641372845e+00
-6.218808600000002684e+01 8.007706125266065289e-01 0.000000000000000000e+00 1.658070499227363825e+00
-6.194777200000005735e+01 7.976761871895943212e-01 0.000000000000000000e+00 1.640812228904091619e+00
-6.185194800000004278e+01 7.964423006349452550e-01 0.000000000000000000e+00 1.454306407107366139e+00
-6.220007000000002506e+01 8.009249256054897792e-01 0.000000000000000000e+00 1.775769609993868681e+00
-6.228228800000002963e+01 8.019836132489833735e-01 0.000000000000000000e+00 1.923412580651925108e+00
-6.237326800000002436e+01 8.031551255918406573e-01 0.000000000000000000e+00 1.856636063883584820e+00
-6.171695600000006721e+01 7.947040637236794103e-01 0.000000000000000000e+00 1.780326522560772062e+00
-6.218538200000001837e+01 8.007357942217582236e-01 0.000000000000000000e+00 1.486005350696622207e+00
-6.200803600000005389e+01 7.984521821316689083e-01 0.000000000000000000e+00 1.500342610537319876e+00
-6.170947000000003868e+01 7.946076695557451330e-01 0.000000000000000000e+00 1.687609448422246361e+00
-6.148238400000004589e+01 7.916835757781007787e-01 0.000000000000000000e+00 1.706779361141973261e+00
-6.227741200000002664e+01 8.019208269862467819e-01 0.000000000000000000e+00 1.642078350797420594e+00
-6.159631199999998330e+01 7.931505801548536239e-01 0.000000000000000000e+00 1.707883957882361914e+00
-6.182479400000006819e+01 7.960926496549725062e-01 0.000000000000000000e+00 1.423060003691007269e+00
-6.214925200000003969e+01 8.002705629517273822e-01 0.000000000000000000e+00 1.309613673660435795e+00
-6.183473000000002173e+01 7.962205914733785361e-01 0.000000000000000000e+00 1.497728381026857569e+00
-6.226261400000001345e+01 8.017302791773919246e-01 0.000000000000000000e+00 1.626742817207862624e+00
-6.167222800000004668e+01 7.941281195153770955e-01 0.000000000000000000e+00 1.549837265493093197e+00
-6.154521400000004405e+01 7.924926120553235087e-01 0.000000000000000000e+00 1.547242592943388839e+00
-6.224271600000003701e+01 8.014740607491862567e-01 0.000000000000000000e+00 1.793528938680061469e+00
-6.219080000000003139e+01 8.008055595973750940e-01 0.000000000000000000e+00 1.375957754666277122e+00
-6.216970000000003438e+01 8.005338635055495589e-01 0.000000000000000000e+00 1.902705393630210962e+00
-6.181933200000004547e+01 7.960223177093063152e-01 0.000000000000000000e+00 1.607909761707396745e+00
-6.162289200000004996e+01 7.934928399710025060e-01 0.000000000000000000e+00 1.409883440105184294e+00
-6.187856000000000023e+01 7.967849725020376139e-01 0.000000000000000000e+00 1.706228004350029082e+00
-6.163125200000004611e+01 7.936004882803703309e-01 0.000000000000000000e+00 1.750872921017260664e+00
-6.178181600000004181e+01 7.955392394827219826e-01 0.000000000000000000e+00 1.706450208616965947e+00
-6.186157400000001871e+01 7.965662507098223433e-01 0.000000000000000000e+00 1.609233654279155656e+00
-6.210433200000002785e+01 7.996921464377554356e-01 0.000000000000000000e+00 1.982671146236100856e+00
-6.105322200000004074e+01 7.861574317894732822e-01 0.000000000000000000e+00 1.870025893602394129e+00
-6.154065800000004316e+01 7.924339463020364516e-01 0.000000000000000000e+00 1.560049637981322457e+00
-6.227964800000003009e+01 8.019496190460251306e-01 0.000000000000000000e+00 1.554346674438940923e+00
-6.227345800000004772e+01 8.018699129413617843e-01 0.000000000000000000e+00 1.854825701369432256e+00
-6.248045400000001592e+01 8.045353159851302838e-01 0.000000000000000000e+00 1.527769280496332760e+00
-6.233349600000001800e+01 8.026429977736374566e-01 0.000000000000000000e+00 2.058269222896566220e+00
-6.202081200000002070e+01 7.986166934714392651e-01 0.000000000000000000e+00 1.733249623228057867e+00
-6.224762400000003026e+01 8.015372590628676575e-01 0.000000000000000000e+00 1.572841255554977780e+00
-6.126318800000006348e+01 7.888610783115704850e-01 0.000000000000000000e+00 1.709245025922972561e+00
-6.208231000000003519e+01 7.994085781280787506e-01 0.000000000000000000e+00 1.978397187680527969e+00
-6.191042800000002444e+01 7.971953237368387679e-01 0.000000000000000000e+00 1.765944807016997409e+00
-6.214579200000002146e+01 8.002260099433046170e-01 0.000000000000000000e+00 1.796253488988408087e+00
-6.171653400000001710e+01 7.946986298018422490e-01 0.000000000000000000e+00 1.743610311864552731e+00
-6.143675400000005737e+01 7.910960168837881668e-01 0.000000000000000000e+00 1.368591138406665353e+00
-6.107203600000002552e+01 7.863996919919189477e-01 0.000000000000000000e+00 1.507772546648957768e+00
-6.146370400000003542e+01 7.914430410389868831e-01 0.000000000000000000e+00 1.623786911924521181e+00
-6.123997600000002706e+01 7.885621868573778892e-01 0.000000000000000000e+00 1.438898177732819361e+00
-6.162658200000001329e+01 7.935403545955914684e-01 0.000000000000000000e+00 1.617001357943745887e+00
-6.161897200000001362e+01 7.934423637302457921e-01 0.000000000000000000e+00 1.395196730639761462e+00
-6.128653800000005702e+01 7.891617467354626880e-01 0.000000000000000000e+00 1.839612626921024230e+00
-6.212778600000002882e+01 7.999941540272188512e-01 0.000000000000000000e+00 1.691473385406756291e+00
-6.139869600000005079e+01 7.906059595443237775e-01 0.000000000000000000e+00 1.456927210865942568e+00
-6.191176200000001018e+01 7.972125011106061532e-01 0.000000000000000000e+00 1.591300054417103871e+00
-6.203650600000000992e+01 7.988187787067524415e-01 0.000000000000000000e+00 1.796363986075396602e+00
-6.232542800000003780e+01 8.025391094291424166e-01 0.000000000000000000e+00 1.749772910292051842e+00
-6.220654600000005985e+01 8.010083144154742651e-01 0.000000000000000000e+00 1.453839936406655431e+00
-6.114645000000002995e+01 7.873578907112130931e-01 0.000000000000000000e+00 1.761956157717089688e+00
-6.110587000000005986e+01 7.868353586066504368e-01 0.000000000000000000e+00 1.658796809513607862e+00
-6.178220000000003864e+01 7.955441840940613574e-01 0.000000000000000000e+00 1.798854369319596191e+00
-6.183479200000003573e+01 7.962213898220845687e-01 0.000000000000000000e+00 1.790132935060376740e+00
-6.194332600000002031e+01 7.976189378614300107e-01 0.000000000000000000e+00 1.965718195665827173e+00
-6.152817400000004255e+01 7.922731949271383245e-01 0.000000000000000000e+00 1.657251241696638067e+00
-6.245014600000000371e+01 8.041450522338955409e-01 0.000000000000000000e+00 1.623529449383084300e+00
-6.200447400000000897e+01 7.984063157108587383e-01 0.000000000000000000e+00 1.424930444137643804e+00
-6.195823400000003289e+01 7.978109020954081698e-01 0.000000000000000000e+00 1.526424493973422392e+00
-6.172036800000000056e+01 7.947479986556836851e-01 0.000000000000000000e+00 1.810245617180500366e+00
-6.252183600000004304e+01 8.050681751165014166e-01 0.000000000000000000e+00 1.595453684852396581e+00
-6.268152600000005492e+01 8.071244380977159460e-01 0.000000000000000000e+00 1.803382337015249970e+00
-6.264571600000004992e+01 8.066633273371341950e-01 0.000000000000000000e+00 1.831207785722005044e+00
-6.236556800000002454e+01 8.030559758332123099e-01 0.000000000000000000e+00 1.501611477873290079e+00
-6.269499400000003675e+01 8.072978600391710335e-01 0.000000000000000000e+00 1.426237578196068556e+00
-6.205092400000003039e+01 7.990044334106360946e-01 0.000000000000000000e+00 1.640695607167209857e+00
-6.244486400000004522e+01 8.040770380747954693e-01 0.000000000000000000e+00 1.719033384338037207e+00
-6.218253000000007802e+01 8.006990701812904954e-01 0.000000000000000000e+00 2.017772892161909137e+00
-6.251660200000002732e+01 8.050007790338180591e-01 0.000000000000000000e+00 1.718456553556302113e+00
-6.286671000000002607e+01 8.095089769161337712e-01 0.000000000000000000e+00 1.807441667695312670e+00
-6.265413400000002753e+01 8.067717224888395489e-01 0.000000000000000000e+00 1.706245948156360770e+00
-6.148530000000003071e+01 7.917211239204590134e-01 0.000000000000000000e+00 1.653992918285133618e+00
-6.279365000000004216e+01 8.085682131024479746e-01 0.000000000000000000e+00 1.644481011342686427e+00
-6.232731800000001954e+01 8.025634461880782888e-01 0.000000000000000000e+00 1.589098475400820609e+00
-6.251864200000004246e+01 8.050270472815587164e-01 0.000000000000000000e+00 1.932367400768165044e+00
-6.272420600000001656e+01 8.076740110455408184e-01 0.000000000000000000e+00 1.765793891322059883e+00
-6.277556600000002618e+01 8.083353528121836051e-01 0.000000000000000000e+00 1.667406837596826064e+00
-6.214082400000003759e+01 8.001620390341015465e-01 0.000000000000000000e+00 1.550204074354551986e+00
-6.238653600000002086e+01 8.033259722148898829e-01 0.000000000000000000e+00 1.470742050426562697e+00
-6.250068600000004437e+01 8.047958351950744715e-01 0.000000000000000000e+00 1.363030912966030295e+00
-6.210429800000008527e+01 7.996917086336272629e-01 0.000000000000000000e+00 1.804291326450090605e+00
-6.281962199999999541e+01 8.089026439506412647e-01 0.000000000000000000e+00 1.479899068055765987e+00
-6.266459000000000401e+01 8.069063601351011972e-01 0.000000000000000000e+00 1.676191270003624334e+00
-6.200375000000003212e+01 7.983969930582295316e-01 0.000000000000000000e+00 1.963159189143659500e+00
-6.232578000000003726e+01 8.025436419895368712e-01 0.000000000000000000e+00 1.579815951689347964e+00
-6.294070000000002807e+01 8.104617159604073917e-01 0.000000000000000000e+00 1.746076980958841673e+00
-6.252389800000001685e+01 8.050947266492662902e-01 0.000000000000000000e+00 1.558035777002634070e+00
-6.223920800000001918e+01 8.014288896643460003e-01 0.000000000000000000e+00 1.797754369896179094e+00
-6.217306000000004218e+01 8.005771288547692821e-01 0.000000000000000000e+00 1.601928381354764896e+00
-6.258822800000000797e+01 8.059230778145333174e-01 0.000000000000000000e+00 1.597349554609798439e+00
-6.254647800000003599e+01 8.053854800972959360e-01 0.000000000000000000e+00 2.003362186227962027e+00
-6.195187600000004835e+01 7.977290327232838818e-01 0.000000000000000000e+00 1.668923357847111877e+00
-6.208632400000002605e+01 7.994602647684855290e-01 0.000000000000000000e+00 1.369753953067277985e+00
-6.232935800000005599e+01 8.025897144358191682e-01 0.000000000000000000e+00 1.317132064521207457e+00
-6.311809800000003179e+01 8.127459976332827019e-01 0.000000000000000000e+00 1.826602925562293089e+00
-6.321659200000002699e+01 8.140142646886506794e-01 0.000000000000000000e+00 1.444550040018403703e+00
-6.250143400000003169e+01 8.048054668859124794e-01 0.000000000000000000e+00 1.362017135730766659e+00
-6.378337000000004764e+01 8.213124337660302476e-01 0.000000000000000000e+00 1.858332278379915214e+00
-6.296931800000003676e+01 8.108302182711119022e-01 0.000000000000000000e+00 1.622015301175819380e+00
-6.399072600000003774e+01 8.239824723829296538e-01 0.000000000000000000e+00 1.768164455456390005e+00
-6.348568600000000828e+01 8.174792783442763611e-01 0.000000000000000000e+00 1.855100933899160420e+00
-6.300974600000002823e+01 8.113507931336864099e-01 0.000000000000000000e+00 1.717577789832313018e+00
-6.411656000000003530e+01 8.256027854643882558e-01 0.000000000000000000e+00 2.031205152244610179e+00
-6.408214200000004723e+01 8.251595989199119741e-01 0.000000000000000000e+00 1.695050400560527359e+00
-6.391282400000002184e+01 8.229793601106358825e-01 0.000000000000000000e+00 1.954037611949455577e+00
-6.422614400000001922e+01 8.270138539253648613e-01 0.000000000000000000e+00 1.620431301005002878e+00
-6.393143000000001308e+01 8.232189419819393450e-01 0.000000000000000000e+00 1.386714737038296841e+00
-6.399524599999998031e+01 8.240406745789029541e-01 0.000000000000000000e+00 1.852012693382117270e+00
-6.365445400000003673e+01 8.196524350279361659e-01 0.000000000000000000e+00 1.544182698631063833e+00
-6.418343400000006227e+01 8.264638946797792096e-01 0.000000000000000000e+00 1.676154845684345362e+00
-6.399984400000002438e+01 8.240998811490558573e-01 0.000000000000000000e+00 1.742564219028492678e+00
-6.386058000000003432e+01 8.223066354366391773e-01 0.000000000000000000e+00 1.644148605193458623e+00
-6.378711000000001974e+01 8.213605922202208420e-01 0.000000000000000000e+00 1.709624901000570629e+00
-6.289431600000003897e+01 8.098644481157043495e-01 0.000000000000000000e+00 1.534619850187628698e+00
-6.343452800000003577e+01 8.168205376492240211e-01 0.000000000000000000e+00 1.859458196318095835e+00
-6.402763000000005889e+01 8.244576701351920001e-01 0.000000000000000000e+00 1.661011655314587943e+00
-6.376399200000003731e+01 8.210629111656796431e-01 0.000000000000000000e+00 1.614913140965992033e+00
-6.301009800000001349e+01 8.113553256940806424e-01 0.000000000000000000e+00 1.571851837800229301e+00
-6.339426200000001899e+01 8.163020487945580328e-01 0.000000000000000000e+00 1.730026561761408344e+00
-6.403466600000002984e+01 8.245482698367122554e-01 0.000000000000000000e+00 1.971831402437947967e+00
-6.365726400000004759e+01 8.196886182515396024e-01 0.000000000000000000e+00 1.355088642634857399e+00
-6.331194800000005074e+01 8.152421249982300111e-01 0.000000000000000000e+00 1.643722669748904464e+00
-6.389413400000004373e+01 8.227386966056020601e-01 0.000000000000000000e+00 1.496606036716193300e+00
-6.578261800000002779e+01 8.470559346281179014e-01 0.000000000000000000e+00 1.456375479971640408e+00
-6.633256400000003339e+01 8.541373649084542663e-01 0.000000000000000000e+00 1.549474651897450705e+00
-6.591594800000001442e+01 8.487727706434305963e-01 0.000000000000000000e+00 1.366974630821322423e+00
-6.602497800000007544e+01 8.501767054724237438e-01 0.000000000000000000e+00 1.775051026131276632e+00
-6.589917200000007824e+01 8.485567529355420024e-01 0.000000000000000000e+00 1.342011806695116549e+00
-6.614304600000001244e+01 8.516970189401793512e-01 0.000000000000000000e+00 1.527527430719330281e+00
-6.578704000000004726e+01 8.471128749180731887e-01 0.000000000000000000e+00 1.309353553352480715e+00
-6.583999600000004193e+01 8.477947677255951442e-01 0.000000000000000000e+00 1.247644050339468347e+00
-6.640362200000006965e+01 8.550523497848973031e-01 0.000000000000000000e+00 1.269126967212126367e+00
-6.642280600000003687e+01 8.552993743263936910e-01 0.000000000000000000e+00 1.388667475655505301e+00
-6.541957200000004491e+01 8.423811393981228690e-01 0.000000000000000000e+00 1.331767374511834134e+00
-6.570270800000002964e+01 8.460269661590288370e-01 0.000000000000000000e+00 1.304011279594271988e+00
-6.594711200000001838e+01 8.491740567574425080e-01 0.000000000000000000e+00 1.325162661353867399e+00
-6.483006400000003566e+01 8.347902853839095361e-01 0.000000000000000000e+00 1.495271128113459413e+00
-6.573412000000003275e+01 8.464314456678641019e-01 0.000000000000000000e+00 1.714516459441836060e+00
-6.567020600000003583e+01 8.456084511648812585e-01 0.000000000000000000e+00 1.232144076074733752e+00
-6.571047200000002420e+01 8.461269400195469137e-01 0.000000000000000000e+00 1.740152105976760399e+00
-6.585686600000003921e+01 8.480119958331352459e-01 0.000000000000000000e+00 1.202864160380246128e+00
-6.584824600000006001e+01 8.479009996098400004e-01 0.000000000000000000e+00 1.693700912825239380e+00
-6.618054200000001686e+01 8.521798396349230531e-01 0.000000000000000000e+00 1.361068587409290709e+00
-6.590888200000004815e+01 8.486817846441494506e-01 0.000000000000000000e+00 1.539468763966415521e+00
-6.578151400000002980e+01 8.470417188705171574e-01 0.000000000000000000e+00 1.339010997685692761e+00
-6.637275000000005321e+01 8.546548236357578432e-01 0.000000000000000000e+00 1.412440317466207462e+00
-6.548685400000002232e+01 8.432475022630612216e-01 0.000000000000000000e+00 1.757437741841367584e+00
-6.527850800000003062e+01 8.405647158200525437e-01 0.000000000000000000e+00 1.398885956440793166e+00
-6.581728400000001500e+01 8.475023145674174252e-01 0.000000000000000000e+00 1.551077290972212586e+00
-6.613753200000003574e+01 8.516260174117281645e-01 0.000000000000000000e+00 1.580612895247353267e+00
-6.544220400000004645e+01 8.426725624289378436e-01 0.000000000000000000e+00 1.659062646506859418e+00
-6.609220400000005213e+01 8.510423472482084861e-01 0.000000000000000000e+00 1.525009917895882694e+00
-6.559084400000004678e+01 8.445865390682245621e-01 0.000000000000000000e+00 1.317679672629355370e+00
-6.653207800000002692e+01 8.567064252906571031e-01 0.000000000000000000e+00 1.484476101823416494e+00
-6.561314400000001967e+01 8.448736870704853796e-01 0.000000000000000000e+00 1.591723544490325493e+00
-6.612663200000005759e+01 8.514856625586052497e-01 0.000000000000000000e+00 1.742145493748986640e+00
-6.560840800000005402e+01 8.448127035306334243e-01 0.000000000000000000e+00 1.380252537402507640e+00
-6.571732600000001412e+01 8.462151961813180190e-01 0.000000000000000000e+00 1.399416190150937656e+00
-6.523165400000003444e+01 8.399613959770955152e-01 0.000000000000000000e+00 1.556670931109595424e+00
-6.522111800000003257e+01 8.398257282034711224e-01 0.000000000000000000e+00 1.408869556756605634e+00
-6.490966799999998216e+01 8.358153136158368302e-01 0.000000000000000000e+00 1.426066282540184638e+00
-6.515386999999999773e+01 8.389598031426609426e-01 0.000000000000000000e+00 1.527917134136494770e+00
-6.569747800000004645e+01 8.459596215827139831e-01 0.000000000000000000e+00 1.513236119396595081e+00
-6.598164200000002211e+01 8.496186854802262323e-01 0.000000000000000000e+00 1.591856256719357710e+00
-6.487105400000004352e+01 8.353180968912048421e-01 0.000000000000000000e+00 1.249259037555114471e+00
-6.535906600000001276e+01 8.416020283207765740e-01 0.000000000000000000e+00 1.517708066858070692e+00
-6.540528200000001391e+01 8.421971328980187854e-01 0.000000000000000000e+00 1.589702530357884891e+00
-6.560424600000004602e+01 8.447591111546058906e-01 0.000000000000000000e+00 1.359812207431154274e+00
-6.629126600000003577e+01 8.536055874108139374e-01 0.000000000000000000e+00 1.488088038574833627e+00
-6.589012800000003267e+01 8.484402970372253439e-01 0.000000000000000000e+00 1.530050503165951925e+00
-6.516328000000000031e+01 8.390809718736599310e-01 0.000000000000000000e+00 1.504972209817587059e+00
-6.591055000000002906e+01 8.487032627996546896e-01 0.000000000000000000e+00 1.338243634527560566e+00
-6.576129000000004510e+01 8.467813026733097548e-01 0.000000000000000000e+00 1.718486218840125979e+00
-6.606366599999998357e+01 8.506748750648654989e-01 0.000000000000000000e+00 1.362080784342377449e+00
-6.533699599999999919e+01 8.413178419346820647e-01 0.000000000000000000e+00 1.823548400695963467e+00
-6.569273600000001068e+01 8.458985607833089393e-01 0.000000000000000000e+00 1.473840063518537358e+00
-6.494509000000003596e+01 8.362714282587117021e-01 0.000000000000000000e+00 1.334354176288206517e+00
-6.562503400000007048e+01 8.450267897497185654e-01 0.000000000000000000e+00 1.577462639505083253e+00
-6.538796200000004433e+01 8.419741103240656610e-01 0.000000000000000000e+00 1.516453127210420471e+00
-6.545593400000002759e+01 8.428493580375046035e-01 0.000000000000000000e+00 1.285897773417780998e+00
-6.503907800000004613e+01 8.374816733903943655e-01 0.000000000000000000e+00 1.421469380007529093e+00
-6.596167400000003056e+01 8.493615656905784128e-01 0.000000000000000000e+00 1.406829780476787084e+00
-6.551218800000005160e+01 8.435737178455406937e-01 0.000000000000000000e+00 1.479761536158765489e+00
-6.576125800000005484e+01 8.467808906223649457e-01 0.000000000000000000e+00 1.267579380669702882e+00
-6.578377000000004671e+01 8.470707684621362477e-01 0.000000000000000000e+00 1.322125961503217040e+00
-6.638583200000005036e+01 8.548232752126896372e-01 0.000000000000000000e+00 1.457072266732438504e+00
-6.575618999999998948e+01 8.467156320539578340e-01 0.000000000000000000e+00 1.631503670658984273e+00
-6.589606200000004321e+01 8.485167067343293290e-01 0.000000000000000000e+00 1.375067955623218374e+00
-6.543061400000004824e+01 8.425233227273142278e-01 0.000000000000000000e+00 1.399646286992148436e+00
-6.547377400000003433e+01 8.430790764393136794e-01 0.000000000000000000e+00 1.565253928514895421e+00
-6.609816200000001629e+01 8.511190659835207173e-01 0.000000000000000000e+00 1.424199646569570543e+00
-6.580818600000000629e+01 8.473851633331316302e-01 0.000000000000000000e+00 1.645912845307270667e+00
-6.589278400000003444e+01 8.484744972656560469e-01 0.000000000000000000e+00 1.305562724815733544e+00
-6.565200200000002440e+01 8.453740456835734385e-01 0.000000000000000000e+00 1.638079228358567230e+00
-6.543166000000000793e+01 8.425367916425767767e-01 0.000000000000000000e+00 1.418233622674645034e+00
-6.592895000000005723e+01 8.489401920930005341e-01 0.000000000000000000e+00 1.499124220397302087e+00
-6.530134800000004702e+01 8.408588171820098323e-01 0.000000000000000000e+00 1.691031360656340077e+00
-6.515166400000003932e+01 8.389313973806440394e-01 0.000000000000000000e+00 1.452928018927935883e+00
-6.576632600000004913e+01 8.468461491907711691e-01 0.000000000000000000e+00 1.624679191121941368e+00
-6.597710800000004383e+01 8.495603030119641685e-01 0.000000000000000000e+00 1.291948271760541944e+00
-6.525455600000005063e+01 8.402562956877587252e-01 0.000000000000000000e+00 1.349482846872845476e+00
-6.595274400000002402e+01 8.492465777237535596e-01 0.000000000000000000e+00 1.659537720609342903e+00
-6.553581400000004464e+01 8.438779402088331105e-01 0.000000000000000000e+00 1.497161071138751298e+00
-6.557423200000002339e+01 8.443726331214277403e-01 0.000000000000000000e+00 1.683539441140226911e+00
-6.516855000000003884e+01 8.391488315136567122e-01 0.000000000000000000e+00 1.641711998605003497e+00
-6.625909200000008070e+01 8.531912959388525675e-01 0.000000000000000000e+00 1.535929358886960250e+00
-6.513861600000004159e+01 8.387633836078413063e-01 0.000000000000000000e+00 1.753673323915871496e+00
-6.605338800000004085e+01 8.505425294519856072e-01 0.000000000000000000e+00 1.563233402846079922e+00
-6.635973000000005584e+01 8.544871704075318597e-01 0.000000000000000000e+00 1.385651037555555298e+00
-6.571329800000003729e+01 8.461633292686228103e-01 0.000000000000000000e+00 1.628103558241795090e+00
-6.585390400000004263e+01 8.479738553675434387e-01 0.000000000000000000e+00 1.415506308098506416e+00
-6.584321400000003166e+01 8.478362045987464235e-01 0.000000000000000000e+00 1.842984037760061700e+00
-6.627048600000001954e+01 8.533380118284376037e-01 0.000000000000000000e+00 1.564799903496878031e+00
-6.611139000000007115e+01 8.512893975428895699e-01 0.000000000000000000e+00 1.407281929605414650e+00
-6.596649200000005919e+01 8.494236051109775865e-01 0.000000000000000000e+00 1.405751844393654304e+00
-6.606889000000005296e+01 8.507421423816293737e-01 0.000000000000000000e+00 1.658804393915306319e+00
-6.561864600000005510e+01 8.449445340798329429e-01 0.000000000000000000e+00 1.415407546222299695e+00
-6.616353400000009799e+01 8.519608345576837882e-01 0.000000000000000000e+00 1.387660869423539278e+00
-6.595528800000003855e+01 8.492793357738771531e-01 0.000000000000000000e+00 1.547071826979711462e+00
-6.574254400000002363e+01 8.465399180791217670e-01 0.000000000000000000e+00 1.572419954335329662e+00
-6.650774000000005515e+01 8.563930347938399912e-01 0.000000000000000000e+00 1.480108148109795740e+00
-6.551578000000004920e+01 8.436199705641111990e-01 0.000000000000000000e+00 1.510681752044287007e+00
-6.628550800000003562e+01 8.535314439939072351e-01 0.000000000000000000e+00 1.496384096405651176e+00
-6.566512200000003929e+01 8.455429865710025750e-01 0.000000000000000000e+00 1.298364394818855683e+00
-6.572159400000003870e+01 8.462701534761007949e-01 0.000000000000000000e+00 1.468856373793000714e+00
-6.610168400000004851e+01 8.511644173406495151e-01 0.000000000000000000e+00 1.438836869949916553e+00
-6.570531800000006228e+01 8.460605740642266337e-01 0.000000000000000000e+00 1.353101658359247894e+00
-6.607591400000006843e+01 8.508325875640457836e-01 0.000000000000000000e+00 1.466811541675315800e+00
-6.579399200000003134e+01 8.472023929858630842e-01 0.000000000000000000e+00 1.843288150341091169e+00
-6.592119400000004248e+01 8.488403212452184654e-01 0.000000000000000000e+00 1.294089332452623697e+00
-6.591254200000004460e+01 8.487289129709779667e-01 0.000000000000000000e+00 1.868967712546531823e+00
-6.586311200000004362e+01 8.480924230269525355e-01 0.000000000000000000e+00 1.381263850721175857e+00
-6.585851200000003303e+01 8.480331907036159356e-01 0.000000000000000000e+00 1.501567830553630190e+00
-6.600692800000005889e+01 8.499442829862884352e-01 0.000000000000000000e+00 1.436056388139111961e+00
-6.628172200000001624e+01 8.534826932164827351e-01 0.000000000000000000e+00 1.818877189649224402e+00
-6.608216400000002011e+01 8.509130662642304666e-01 0.000000000000000000e+00 1.596269211967313195e+00
-6.633111599999999441e+01 8.541187196031947426e-01 0.000000000000000000e+00 1.680789857776408658e+00
-6.611059600000005787e+01 8.512791735288178785e-01 0.000000000000000000e+00 1.219412304376434664e+00
-6.623470600000003117e+01 8.528772873656169651e-01 0.000000000000000000e+00 1.916182349656565087e+00
-6.535480600000005325e+01 8.415471740387308053e-01 0.000000000000000000e+00 1.266934212081043398e+00
-6.594444000000005701e+01 8.491396505035397890e-01 0.000000000000000000e+00 1.602184589045137608e+00
-6.554442200000008256e+01 8.439887819130247326e-01 0.000000000000000000e+00 1.494528743371513535e+00
-6.568986800000001836e+01 8.458616307173679738e-01 0.000000000000000000e+00 1.454381204032293651e+00
-6.565685400000006666e+01 8.454365229081017841e-01 0.000000000000000000e+00 1.416374291641952610e+00
-6.640666200000001140e+01 8.550914946246667148e-01 0.000000000000000000e+00 1.602122416209576850e+00
-6.632317600000003210e+01 8.540164794624799383e-01 0.000000000000000000e+00 1.621220892926255042e+00
-6.639832800000002067e+01 8.549841811066917208e-01 0.000000000000000000e+00 1.317883637977377287e+00
-6.563016800000002604e+01 8.450928981731981038e-01 0.000000000000000000e+00 1.453745775565919329e+00
-6.593501000000003387e+01 8.490182242406999480e-01 0.000000000000000000e+00 1.623706596468136754e+00
-6.579565000000002328e+01 8.472237423754481744e-01 0.000000000000000000e+00 1.587209609008618738e+00
-6.632466600000003609e+01 8.540356655846040868e-01 0.000000000000000000e+00 1.640070241672655360e+00
-6.558773000000005027e+01 8.445464413606442733e-01 0.000000000000000000e+00 1.233580356711571957e+00
-6.620497200000001214e+01 8.524944147782071990e-01 0.000000000000000000e+00 1.729464983311605586e+00
-6.582920000000004279e+01 8.476557520380431088e-01 0.000000000000000000e+00 1.397830070596074670e+00
-6.587523600000002943e+01 8.482485388287197559e-01 0.000000000000000000e+00 1.549663401935069462e+00
-6.598690000000001987e+01 8.496863906011181689e-01 0.000000000000000000e+00 1.643750558382207405e+00
-6.639170799999999417e+01 8.548989380674552052e-01 0.000000000000000000e+00 1.487423374186638947e+00
-6.612556200000001638e+01 8.514718846051330114e-01 0.000000000000000000e+00 1.373613832988652916e+00
-6.591561600000002841e+01 8.487684956148768833e-01 0.000000000000000000e+00 1.469274736823126037e+00
-6.585788800000003107e+01 8.480251557101894377e-01 0.000000000000000000e+00 1.214741050451710658e+00
-6.596959200000000578e+01 8.494635225462687789e-01 0.000000000000000000e+00 1.443243465162178385e+00
-6.565859400000006474e+01 8.454589281782334265e-01 0.000000000000000000e+00 1.226202675901450601e+00
-6.629358000000004836e+01 8.536353838447706677e-01 0.000000000000000000e+00 1.579667605235450134e+00
-6.591631200000001911e+01 8.487774577229293405e-01 0.000000000000000000e+00 1.473319615134270455e+00
-6.624472000000002936e+01 8.530062335582018207e-01 0.000000000000000000e+00 1.430265451804755950e+00
-6.602487800000004370e+01 8.501754178132203688e-01 0.000000000000000000e+00 1.404772719499672640e+00
-6.520034400000000119e+01 8.395582298806467669e-01 0.000000000000000000e+00 1.546483626729172167e+00
-6.574827400000002342e+01 8.466137009514516087e-01 0.000000000000000000e+00 1.275534054965909769e+00
-6.598000600000004567e+01 8.495976193756660244e-01 0.000000000000000000e+00 1.417521693762344270e+00
-6.581054000000000315e+01 8.474154748307693996e-01 0.000000000000000000e+00 1.392096902757371746e+00
-6.597680200000004902e+01 8.495563627748031754e-01 0.000000000000000000e+00 1.714983860452372166e+00
-6.561355200000001275e+01 8.448789407200333335e-01 0.000000000000000000e+00 1.351255712177724666e+00
-6.548236199999999485e+01 8.431896606116637827e-01 0.000000000000000000e+00 1.382148958247207293e+00
-6.592911600000003602e+01 8.489423296072772240e-01 0.000000000000000000e+00 1.372299938260398644e+00
-6.612939600000004248e+01 8.515212534589750026e-01 0.000000000000000000e+00 1.453712411079046030e+00
-6.574440400000004558e+01 8.465638685402971930e-01 0.000000000000000000e+00 1.345947603248695890e+00
-6.630644200000001831e+01 8.538010025714556361e-01 0.000000000000000000e+00 1.710382905512887630e+00
-6.567908200000000818e+01 8.457227437957360872e-01 0.000000000000000000e+00 1.522465696044520422e+00
-6.603552800000005618e+01 8.503125535183362338e-01 0.000000000000000000e+00 1.351666648587975805e+00
-6.548088800000004994e+01 8.431706805150127604e-01 0.000000000000000000e+00 1.341047254214542406e+00
-6.619165800000004651e+01 8.523229758319249560e-01 0.000000000000000000e+00 1.443074707963394543e+00
-6.620386200000005772e+01 8.524801217610549209e-01 0.000000000000000000e+00 1.344502134040851393e+00
-6.582375400000003651e+01 8.475856261178494888e-01 0.000000000000000000e+00 1.501378025831097585e+00
-6.564180800000001170e+01 8.452427817044230185e-01 0.000000000000000000e+00 1.538894857145703510e+00
-6.621089400000005298e+01 8.525706699562073387e-01 0.000000000000000000e+00 1.627314336153438346e+00
-6.615743200000002844e+01 8.518822615931179731e-01 0.000000000000000000e+00 1.522157597654385519e+00
-6.572761000000004117e+01 8.463476190537512212e-01 0.000000000000000000e+00 1.371664575535060715e+00
-6.580759800000006976e+01 8.473775918970190002e-01 0.000000000000000000e+00 1.415585237005629438e+00
-6.588461200000004681e+01 8.483692697555899054e-01 0.000000000000000000e+00 1.183591007820665730e+00
-6.579022600000007515e+01 8.471538997402799920e-01 0.000000000000000000e+00 1.556217711822448280e+00
-6.600214600000001042e+01 8.498827071232020192e-01 0.000000000000000000e+00 1.753167492296284768e+00
-6.602916800000005537e+01 8.502306583930276940e-01 0.000000000000000000e+00 1.491763226594014169e+00
-6.565285400000003335e+01 8.453850165399827699e-01 0.000000000000000000e+00 1.341232460167163243e+00
-6.600163000000002000e+01 8.498760628017147933e-01 0.000000000000000000e+00 1.419930058136668283e+00
-6.648535200000003442e+01 8.561047536514799772e-01 0.000000000000000000e+00 1.547052514467822659e+00
-6.582336200000004567e+01 8.475805784937739951e-01 0.000000000000000000e+00 1.399327215455753004e+00
-6.605307000000006212e+01 8.505384346957204356e-01 0.000000000000000000e+00 1.345438360129921573e+00
-6.599367200000004630e+01 8.497735908823432771e-01 0.000000000000000000e+00 1.399433757067551021e+00
-6.598019000000002166e+01 8.495999886685992042e-01 0.000000000000000000e+00 1.350223117926002692e+00
-6.592596200000004103e+01 8.489017168360157850e-01 0.000000000000000000e+00 1.466562375271375007e+00
-6.633643600000002039e+01 8.541872230727928228e-01 0.000000000000000000e+00 1.215645547715619168e+00
-6.584586600000001511e+01 8.478703533208088450e-01 0.000000000000000000e+00 1.601861945666272602e+00
-6.601812600000006626e+01 8.500884750638364462e-01 0.000000000000000000e+00 1.465796173534190450e+00
-6.619478200000001777e+01 8.523632023054251716e-01 0.000000000000000000e+00 1.513687952869621656e+00
-6.589120000000002619e+01 8.484541007438809457e-01 0.000000000000000000e+00 1.360003247619413935e+00
-6.588466400000007184e+01 8.483699393383757892e-01 0.000000000000000000e+00 1.537314270264735327e+00
-6.567273600000005729e+01 8.456410289427165328e-01 0.000000000000000000e+00 1.442829865686586333e+00
-6.563481200000002502e+01 8.451526970665838023e-01 0.000000000000000000e+00 1.521684478456607259e+00
-6.607455400000004886e+01 8.508150753988852344e-01 0.000000000000000000e+00 1.567302519026066543e+00
-6.589790000000000703e+01 8.485403739104794285e-01 0.000000000000000000e+00 1.396619401529018090e+00
-6.601718000000003883e+01 8.500762938077760511e-01 0.000000000000000000e+00 1.441981120093834612e+00
-6.605334400000002404e+01 8.505419628819360645e-01 0.000000000000000000e+00 1.297543313406397836e+00
-6.622189799999999593e+01 8.527123639749007999e-01 0.000000000000000000e+00 1.400113553113504494e+00
-6.629728800000003730e+01 8.536831302480164529e-01 0.000000000000000000e+00 1.401233715808748448e+00
-6.573026400000000535e+01 8.463817935289974503e-01 0.000000000000000000e+00 1.236311357396785660e+00
-6.611893200000005777e+01 8.513865127999770133e-01 0.000000000000000000e+00 1.450226679800106888e+00
-6.565482400000000496e+01 8.454103834262808315e-01 0.000000000000000000e+00 1.546071312213147975e+00
-6.593252600000000996e+01 8.489862387860980242e-01 0.000000000000000000e+00 1.480569884453792451e+00
-6.635159600000002911e+01 8.543824322079623945e-01 0.000000000000000000e+00 1.322790964186455254e+00
-6.569417000000007079e+01 8.459170258162802547e-01 0.000000000000000000e+00 1.500815847457574126e+00
-6.584794400000004089e+01 8.478971108790467337e-01 0.000000000000000000e+00 1.384716851071150723e+00
-6.616923400000001720e+01 8.520342311322517403e-01 0.000000000000000000e+00 1.711038146692931416e+00
-6.663303400000005183e+01 8.580063945156025662e-01 0.000000000000000000e+00 1.358996434853100066e+00
-6.610148000000005197e+01 8.511617905158754827e-01 0.000000000000000000e+00 1.402942663104802756e+00
-6.650428600000005019e+01 8.563485590449695373e-01 0.000000000000000000e+00 1.481446207208525268e+00
-6.624024400000000412e+01 8.529485979322768419e-01 0.000000000000000000e+00 1.557723666079008362e+00
-6.681633600000003526e+01 8.603666995878206381e-01 0.000000000000000000e+00 1.414319450543567003e+00
-6.682832200000004264e+01 8.605210384198881401e-01 0.000000000000000000e+00 1.614485275173960233e+00
-6.657295400000005259e+01 8.572327688664613810e-01 0.000000000000000000e+00 1.243176012422466670e+00
-6.639672600000002944e+01 8.549635528062603518e-01 0.000000000000000000e+00 1.304700493407966455e+00
-6.626234000000006574e+01 8.532331191097647372e-01 0.000000000000000000e+00 1.534453558644367721e+00
-6.597886600000008173e+01 8.495829400607527448e-01 0.000000000000000000e+00 1.579644798343391665e+00
-6.615749000000000990e+01 8.518830084354555021e-01 0.000000000000000000e+00 1.405695276941685279e+00
-6.589521400000005258e+01 8.485057873842882792e-01 0.000000000000000000e+00 1.498538915145703587e+00
-6.644867000000003543e+01 8.556324145026484862e-01 0.000000000000000000e+00 1.377593611000975216e+00
-6.677118000000004372e+01 8.597852441981300720e-01 0.000000000000000000e+00 1.485369761535775934e+00
-6.679175400000005425e+01 8.600501672025481215e-01 0.000000000000000000e+00 1.411952438851889369e+00
-6.636172200000002874e+01 8.545128205788545817e-01 0.000000000000000000e+00 1.628548747736319413e+00
-6.652837600000005125e+01 8.566587561469637402e-01 0.000000000000000000e+00 1.582163532846938336e+00
-6.656945000000003176e+01 8.571876492879891840e-01 0.000000000000000000e+00 1.348882442444616192e+00
-6.652768600000004540e+01 8.566498712984631503e-01 0.000000000000000000e+00 1.494429752060103977e+00
-6.659805600000002812e+01 8.575559970795891829e-01 0.000000000000000000e+00 1.327422911784828408e+00
-6.639888200000004304e+01 8.549913147386765111e-01 0.000000000000000000e+00 1.395755430834152211e+00
-6.657597400000007326e+01 8.572716561743911612e-01 0.000000000000000000e+00 1.581050582482318001e+00
-6.651280400000004533e+01 8.564582418558779331e-01 0.000000000000000000e+00 1.345030170208728171e+00
-6.633096199999999953e+01 8.541167366080223422e-01 0.000000000000000000e+00 1.489761464384025569e+00
-6.716562400000003663e+01 8.648643386646720499e-01 0.000000000000000000e+00 1.719327368309532478e+00
-6.681992200000004800e+01 8.604128750468391651e-01 0.000000000000000000e+00 1.501340895587552904e+00
-6.714592000000006067e+01 8.646106182953201547e-01 0.000000000000000000e+00 1.394840018341773069e+00
-6.667706600000005324e+01 8.585733766158519797e-01 0.000000000000000000e+00 1.350731831583354969e+00
-6.653188400000004776e+01 8.567039272318036636e-01 0.000000000000000000e+00 1.270740153899023728e+00
-6.673533400000005145e+01 8.593236698802354523e-01 0.000000000000000000e+00 1.416667702261296569e+00
-6.701157400000003861e+01 8.628806996625049131e-01 0.000000000000000000e+00 1.516211209576174390e+00
-6.690141200000005028e+01 8.614621885313351601e-01 0.000000000000000000e+00 1.535741629500814165e+00
-6.658427400000000773e+01 8.573785318882363171e-01 0.000000000000000000e+00 1.116179899208894710e+00
-6.697657600000003697e+01 8.624300446946513432e-01 0.000000000000000000e+00 1.065490317928792230e+00
-6.705466400000003091e+01 8.634355520130623241e-01 0.000000000000000000e+00 1.386929388684211117e+00
-6.661462200000005396e+01 8.577693107031526543e-01 0.000000000000000000e+00 1.505382246808451230e+00
-6.613231600000003141e+01 8.515588531077014078e-01 0.000000000000000000e+00 1.463694824868720046e+00
-6.681847200000004250e+01 8.603942039883960557e-01 0.000000000000000000e+00 1.284813636612034848e+00
-6.726259400000003552e+01 8.661129817937869291e-01 0.000000000000000000e+00 1.392747040184768359e+00
-6.725304800000000682e+01 8.659900618462715860e-01 0.000000000000000000e+00 1.423267423247215113e+00
-6.639955600000001823e+01 8.549999935617041968e-01 0.000000000000000000e+00 1.246816327130824797e+00
-6.674943200000006982e+01 8.595052040746695710e-01 0.000000000000000000e+00 1.261666715253993099e+00
-6.696542400000002715e+01 8.622864449403365716e-01 0.000000000000000000e+00 1.580125487608468049e+00
-6.694471600000004230e+01 8.620197964725868633e-01 0.000000000000000000e+00 1.283758053821479894e+00
-6.694572600000003604e+01 8.620328018305367657e-01 0.000000000000000000e+00 1.333532749831336961e+00
-6.670150000000002422e+01 8.588880032655039631e-01 0.000000000000000000e+00 1.755349096592781155e+00
-6.680636000000004060e+01 8.602382427057330139e-01 0.000000000000000000e+00 1.594135898418406860e+00
-6.705764000000003477e+01 8.634738727509426726e-01 0.000000000000000000e+00 1.438730756148234535e+00
-6.725748200000003862e+01 8.660471566553313849e-01 0.000000000000000000e+00 1.351929471322488086e+00
-6.692209600000003888e+01 8.617285279608761783e-01 0.000000000000000000e+00 1.719622713137795023e+00
-6.691438200000006020e+01 8.616291979299597337e-01 0.000000000000000000e+00 1.349334815274967792e+00
-6.667105000000003656e+01 8.584959110382013314e-01 0.000000000000000000e+00 1.685965588005696736e+00
-6.712989000000006001e+01 8.644042065250849838e-01 0.000000000000000000e+00 1.632119634002657804e+00
-6.677542400000002942e+01 8.598398924547037137e-01 0.000000000000000000e+00 1.220429223643564098e+00
-6.673982000000002301e+01 8.593814342720800248e-01 0.000000000000000000e+00 1.467461802645037006e+00
-6.695581600000004130e+01 8.621627266441159732e-01 0.000000000000000000e+00 1.391671125140381049e+00
-6.683216800000005264e+01 8.605705617928343099e-01 0.000000000000000000e+00 1.253049325726257823e+00
-6.677505200000003072e+01 8.598351023624686285e-01 0.000000000000000000e+00 1.520408212362121425e+00
-6.745889400000004343e+01 8.686406568092067682e-01 0.000000000000000000e+00 1.481536940008619574e+00
-6.700982800000001305e+01 8.628582171328208483e-01 0.000000000000000000e+00 1.629942188606080533e+00
-6.693520600000003640e+01 8.618973400823848330e-01 0.000000000000000000e+00 1.465767714438720226e+00
-6.691847000000004186e+01 8.616818374381767232e-01 0.000000000000000000e+00 1.560681450844502383e+00
-6.675760000000003913e+01 8.596103800783673199e-01 0.000000000000000000e+00 1.441954757832701439e+00
-6.730499600000003113e+01 8.666589750490280020e-01 0.000000000000000000e+00 1.429120320366638941e+00
-6.698412000000004696e+01 8.625271857049231494e-01 0.000000000000000000e+00 1.409149141800959848e+00
-6.623866600000005178e+01 8.529282786700547181e-01 0.000000000000000000e+00 1.321604169122670980e+00
-6.738137400000006494e+01 8.676424633950687859e-01 0.000000000000000000e+00 1.729464968391360991e+00
-6.701105800000004820e+01 8.628740553410177982e-01 0.000000000000000000e+00 1.271127908049469291e+00
-6.702313000000003740e+01 8.630295015599995789e-01 0.000000000000000000e+00 1.841985881206926967e+00
-6.716338600000003112e+01 8.648355208517096715e-01 0.000000000000000000e+00 1.406931072738954791e+00
-6.646353200000002914e+01 8.558237864133929618e-01 0.000000000000000000e+00 1.204311713640668025e+00
-6.717593400000004067e+01 8.649970963284977499e-01 0.000000000000000000e+00 1.199267963605002985e+00
-6.721297000000002697e+01 8.654739937909076142e-01 0.000000000000000000e+00 1.447683651858576948e+00
-6.684904000000004487e+01 8.607878156535583303e-01 0.000000000000000000e+00 1.286607917798353373e+00
-6.691993200000003128e+01 8.617006630157239000e-01 0.000000000000000000e+00 1.518248506753286931e+00
-6.706512200000004498e+01 8.635702154125085572e-01 0.000000000000000000e+00 1.578920104015604231e+00
-6.687461200000005590e+01 8.611170958649406737e-01 0.000000000000000000e+00 1.465224573215845094e+00
-6.709301200000001586e+01 8.639293435642150243e-01 0.000000000000000000e+00 1.369853491043934168e+00
-6.683810200000002055e+01 8.606469714899377399e-01 0.000000000000000000e+00 1.390909811248113748e+00
-6.696058400000002564e+01 8.622241222349130707e-01 0.000000000000000000e+00 1.332683522012043209e+00
-6.670505400000003249e+01 8.589337666735774590e-01 0.000000000000000000e+00 1.348983995039499284e+00
-6.690099600000003477e+01 8.614568318690505322e-01 0.000000000000000000e+00 1.508362054032269306e+00
-6.719400400000006357e+01 8.652297763464738001e-01 0.000000000000000000e+00 1.439689040353204774e+00
-6.698682000000003711e+01 8.625619525034030621e-01 0.000000000000000000e+00 1.479554853612559340e+00
-6.699503200000003744e+01 8.626676950771504648e-01 0.000000000000000000e+00 1.418300975657676322e+00
-6.688767000000001417e+01 8.612852384036632225e-01 0.000000000000000000e+00 1.496189423640650551e+00
-6.718470800000002896e+01 8.651100755469657289e-01 0.000000000000000000e+00 1.566975467934029975e+00
-6.728060400000001096e+01 8.663448892162405324e-01 0.000000000000000000e+00 1.513758068411464430e+00
-6.749458800000004999e+01 8.691002738851130172e-01 0.000000000000000000e+00 1.602843141173858843e+00
-6.730575000000004593e+01 8.666686839994185432e-01 0.000000000000000000e+00 1.337909647528372714e+00
-6.758392000000003463e+01 8.702505656043052484e-01 0.000000000000000000e+00 1.299527458017496029e+00
-6.724300600000005090e+01 8.658607551091104249e-01 0.000000000000000000e+00 1.147039793927188578e+00
-6.770783800000008057e+01 8.718462071354357024e-01 0.000000000000000000e+00 1.477480687240167123e+00
-6.737492800000002546e+01 8.675594608828451904e-01 0.000000000000000000e+00 1.513419343175906207e+00
-6.728320600000003537e+01 8.663783941087019880e-01 0.000000000000000000e+00 1.583986694019972719e+00
-6.707956800000000896e+01 8.637562306609684049e-01 0.000000000000000000e+00 1.599496176034026718e+00
-6.719891600000002541e+01 8.652930261665229272e-01 0.000000000000000000e+00 1.314472992888915615e+00
-6.728550600000001225e+01 8.664080102703698438e-01 0.000000000000000000e+00 1.854028081130434824e+00
-6.696417800000003240e+01 8.622704007066677168e-01 0.000000000000000000e+00 1.409412191221445232e+00
-6.674053800000000081e+01 8.593906796651570312e-01 0.000000000000000000e+00 1.334317488212416913e+00
-6.692308200000000795e+01 8.617412242806170575e-01 0.000000000000000000e+00 1.553416715175248042e+00
-6.712146600000002650e+01 8.642957341138267635e-01 0.000000000000000000e+00 1.405275669294502539e+00
-6.745551000000004649e+01 8.685970824217784658e-01 0.000000000000000000e+00 1.612412802841653336e+00
-6.721256800000006137e+01 8.654688174009120827e-01 0.000000000000000000e+00 1.578608634073599415e+00
-6.701216600000003609e+01 8.628883226049864907e-01 0.000000000000000000e+00 1.441972668188277407e+00
-6.734501000000003046e+01 8.671742190025022445e-01 0.000000000000000000e+00 1.374580670494449652e+00
-6.737680800000001113e+01 8.675836688758606918e-01 0.000000000000000000e+00 1.914920924162129001e+00
-6.789778200000003494e+01 8.742920385319143950e-01 0.000000000000000000e+00 1.777835625242051520e+00
-6.751508800000000576e+01 8.693642440217201894e-01 0.000000000000000000e+00 1.750672266791569287e+00
-6.699776800000003618e+01 8.627029254329435792e-01 0.000000000000000000e+00 1.358825648122657714e+00
-6.711923000000005857e+01 8.642669420540488590e-01 0.000000000000000000e+00 1.573524331851685387e+00
-6.738564400000007026e+01 8.676974464430354805e-01 0.000000000000000000e+00 1.520244097912030634e+00
-6.726277800000002571e+01 8.661153510867202199e-01 0.000000000000000000e+00 1.465435429452607963e+00
-6.753599600000008252e+01 8.696334678078770919e-01 0.000000000000000000e+00 1.559523872038701464e+00
-6.719850200000003326e+01 8.652876952574227731e-01 0.000000000000000000e+00 1.255782313856163679e+00
-6.742670000000001096e+01 8.682261078054038794e-01 0.000000000000000000e+00 1.355225114253359342e+00
-6.716300200000003429e+01 8.648305762403702968e-01 0.000000000000000000e+00 1.524302512327152748e+00
-6.698474200000006817e+01 8.625351949451658395e-01 0.000000000000000000e+00 1.432320415395799573e+00
-6.705727200000004018e+01 8.634691341650757579e-01 0.000000000000000000e+00 1.409135284390086840e+00
-6.729301600000002281e+01 8.665047134765127002e-01 0.000000000000000000e+00 1.521411663768391431e+00
-6.706536800000002074e+01 8.635733830541475475e-01 0.000000000000000000e+00 1.683465068285461053e+00
-6.761147600000008140e+01 8.706053929742748609e-01 0.000000000000000000e+00 1.468171867648177198e+00
-6.724866600000005690e+01 8.659336366199982260e-01 0.000000000000000000e+00 1.421421592874861473e+00
-6.744694400000005885e+01 8.684867815344526898e-01 0.000000000000000000e+00 1.654128595291676662e+00
-6.667436600000004887e+01 8.585386098173718450e-01 0.000000000000000000e+00 1.541737499976025383e+00
-6.726192000000004612e+01 8.661043029707590213e-01 0.000000000000000000e+00 1.310720854485744047e+00
-6.693870000000001141e+01 8.619423308949361040e-01 0.000000000000000000e+00 1.383147434314399904e+00
-6.688316800000006879e+01 8.612272679863465230e-01 0.000000000000000000e+00 1.513568883342354399e+00
-6.642047800000008806e+01 8.552693976201493076e-01 0.000000000000000000e+00 1.254866043120849151e+00
-6.738953000000006455e+01 8.677474848796625784e-01 0.000000000000000000e+00 1.404719113192988367e+00
-6.708238800000002300e+01 8.637925426504922122e-01 0.000000000000000000e+00 1.636462491818029052e+00
-6.696934600000003002e+01 8.623369469342768712e-01 0.000000000000000000e+00 1.721389522556610707e+00
-6.716251000000009697e+01 8.648242409570925382e-01 0.000000000000000000e+00 1.685310030855156294e+00
-6.706479800000002456e+01 8.635660433966907412e-01 0.000000000000000000e+00 1.355071473010061478e+00
-6.704627200000000187e+01 8.633274916527491349e-01 0.000000000000000000e+00 1.244761274104842164e+00
-6.729388600000004317e+01 8.665159161115787434e-01 0.000000000000000000e+00 1.430143986889559349e+00
-6.719805600000002244e+01 8.652819522973773658e-01 0.000000000000000000e+00 1.535837890377493409e+00
-6.696943600000005858e+01 8.623381058275599864e-01 0.000000000000000000e+00 1.219961347253230910e+00
-6.734084200000002340e+01 8.671205493669226216e-01 0.000000000000000000e+00 1.521366192058767552e+00
-6.744554000000002247e+01 8.684687027992425978e-01 0.000000000000000000e+00 1.657515082064935141e+00
-6.694097800000001541e+01 8.619716637715796326e-01 0.000000000000000000e+00 1.429063439267306501e+00
-6.746425200000004452e+01 8.687096495893016357e-01 0.000000000000000000e+00 1.753280866623681433e+00
-6.724857000000004348e+01 8.659324004671632435e-01 0.000000000000000000e+00 1.464838253800733403e+00
-6.678054000000001622e+01 8.599057690995272063e-01 0.000000000000000000e+00 1.672753582775081238e+00
-6.665117000000003600e+01 8.582399243886520424e-01 0.000000000000000000e+00 1.420783546910547646e+00
-6.665351000000002557e+01 8.582700556140012704e-01 0.000000000000000000e+00 1.373903024932688899e+00
-6.652473400000002357e+01 8.566118595987913809e-01 0.000000000000000000e+00 1.495993067843011115e+00
-6.728355800000004194e+01 8.663829266690965536e-01 0.000000000000000000e+00 1.578681596800559417e+00
-6.735402800000002799e+01 8.672903401094255171e-01 0.000000000000000000e+00 1.352068232848767426e+00
-6.728686199999999928e+01 8.664254709291618894e-01 0.000000000000000000e+00 1.581027057747365516e+00
-6.681600600000004420e+01 8.603624503124509548e-01 0.000000000000000000e+00 1.496117704399684722e+00
-6.714998000000007039e+01 8.646628972589607276e-01 0.000000000000000000e+00 1.604574081502721850e+00
-6.692300800000001004e+01 8.617402714128068464e-01 0.000000000000000000e+00 1.238481169663923964e+00
-6.748328000000005034e+01 8.689546653824418154e-01 0.000000000000000000e+00 1.288937494468395339e+00
-6.704546000000003403e+01 8.633170358600215089e-01 0.000000000000000000e+00 1.337273973425041840e+00
-6.703400800000002846e+01 8.631695731280979444e-01 0.000000000000000000e+00 1.185593967125696757e+00
-6.684981600000004676e+01 8.607978078889734208e-01 0.000000000000000000e+00 1.241689409653011777e+00
-6.722748600000004160e+01 8.656609104008101685e-01 0.000000000000000000e+00 1.479634674882671419e+00
-6.725130400000006148e+01 8.659676050697725502e-01 0.000000000000000000e+00 1.511423466582866748e+00
-6.732607200000002479e+01 8.669303621026447360e-01 0.000000000000000000e+00 1.580542763703326470e+00
-6.645375800000002187e+01 8.556979306028951182e-01 0.000000000000000000e+00 1.279852443923979344e+00
-6.634564200000004064e+01 8.543057649790180008e-01 0.000000000000000000e+00 1.601971342710176494e+00
-6.603969199999998807e+01 8.503661716475467980e-01 0.000000000000000000e+00 1.341254960635860805e+00
-6.689817800000001569e+01 8.614205456327107546e-01 0.000000000000000000e+00 1.580388715486276574e+00
-6.709032799999999952e+01 8.638947827912072386e-01 0.000000000000000000e+00 1.550192893574501740e+00
-6.687028600000007827e+01 8.610613917278207019e-01 0.000000000000000000e+00 1.719788241898908554e+00
-6.694848400000002187e+01 8.620683154713543184e-01 0.000000000000000000e+00 1.812924960183560863e+00
-6.714457400000003418e+01 8.645932864024479247e-01 0.000000000000000000e+00 1.679508059445208756e+00
-6.678072200000003988e+01 8.599081126392769114e-01 0.000000000000000000e+00 1.320256576194891895e+00
-6.715611800000009168e+01 8.647419337808389672e-01 0.000000000000000000e+00 1.592654885376976859e+00
-6.620598000000003935e+01 8.525073943829734047e-01 0.000000000000000000e+00 1.522196574995913876e+00
-6.709894200000006492e+01 8.640057017549515050e-01 0.000000000000000000e+00 1.406524399611692289e+00
-6.633069400000003668e+01 8.541132856813588026e-01 0.000000000000000000e+00 1.572225982280401890e+00
-6.705355800000002375e+01 8.634213105022774393e-01 0.000000000000000000e+00 1.479082860053840820e+00
-6.692266400000005433e+01 8.617358418651491769e-01 0.000000000000000000e+00 1.369046206473173211e+00
-6.756230800000004422e+01 8.699722766973606580e-01 0.000000000000000000e+00 1.422079472106203335e+00
-6.691905200000002196e+01 8.616893316147377080e-01 0.000000000000000000e+00 1.546863080036432692e+00
-6.719831200000004401e+01 8.652852487049372820e-01 0.000000000000000000e+00 1.490679236901517601e+00
-6.735812400000004629e+01 8.673430826303792918e-01 0.000000000000000000e+00 1.450663185791278176e+00
-6.736455200000001753e+01 8.674258533639453983e-01 0.000000000000000000e+00 1.664005283019003523e+00
-6.742032000000003222e+01 8.681439551482549311e-01 0.000000000000000000e+00 1.522871361155059500e+00
-6.726224400000003811e+01 8.661084749865766153e-01 0.000000000000000000e+00 1.558434905931024517e+00
-6.725650600000001589e+01 8.660345891015102104e-01 0.000000000000000000e+00 1.835286661770505701e+00
-6.684961200000002179e+01 8.607951810641990553e-01 0.000000000000000000e+00 1.490357946380463927e+00
-6.682991800000004901e+01 8.605415894607675309e-01 0.000000000000000000e+00 1.789101199568930989e+00
-6.693906200000002116e+01 8.619469922212509294e-01 0.000000000000000000e+00 1.520812574854094823e+00
-6.664611200000003066e+01 8.581747945861659677e-01 0.000000000000000000e+00 1.385713176210441766e+00
-6.707326799999999878e+01 8.636751081311815348e-01 0.000000000000000000e+00 1.452282424245965764e+00
-6.676969000000005394e+01 8.597660580760060345e-01 0.000000000000000000e+00 1.570908699357531635e+00
-6.693624400000001629e+01 8.619107059849113739e-01 0.000000000000000000e+00 1.438295411721033812e+00
-6.711928000000001759e+01 8.642675858836498248e-01 0.000000000000000000e+00 1.528980362030443851e+00
-6.704210600000001818e+01 8.632738477703538749e-01 0.000000000000000000e+00 1.391693526129480940e+00
-6.619207000000002949e+01 8.523282809878409694e-01 0.000000000000000000e+00 1.578727164682057760e+00
-6.669852200000005382e+01 8.588496567744400290e-01 0.000000000000000000e+00 1.347481844751667213e+00
-6.666681200000004992e+01 8.584413400411798900e-01 0.000000000000000000e+00 1.517047640814556120e+00
-6.703377800000002651e+01 8.631666115119310811e-01 0.000000000000000000e+00 1.642286561171970805e+00
-6.727606600000002857e+01 8.662864552416101871e-01 0.000000000000000000e+00 1.716599563985365950e+00
-6.696888600000001190e+01 8.623310237019430335e-01 0.000000000000000000e+00 1.483988168227221127e+00
-6.700998400000004551e+01 8.628602258811779446e-01 0.000000000000000000e+00 1.738675674632734536e+00
-6.724524800000001790e+01 8.658896244284404187e-01 0.000000000000000000e+00 1.390907240186792349e+00
-6.716723400000002187e+01 8.648850699778396489e-01 0.000000000000000000e+00 1.474392281737964661e+00
-6.709670999999998742e+01 8.639769612015403277e-01 0.000000000000000000e+00 1.757082836649565882e+00
-6.690710000000001401e+01 8.615354305867992668e-01 0.000000000000000000e+00 1.573985495293378500e+00
-6.745298600000005251e+01 8.685645819034957249e-01 0.000000000000000000e+00 1.577071176056260127e+00
-6.739063200000001075e+01 8.677616748840785155e-01 0.000000000000000000e+00 1.533237304033790771e+00
-6.736969200000001479e+01 8.674920390469778031e-01 0.000000000000000000e+00 1.395383054586181615e+00
-6.743482000000004462e+01 8.683306657326850253e-01 0.000000000000000000e+00 1.557586158389987707e+00
-6.706325400000004322e+01 8.635461619385971233e-01 0.000000000000000000e+00 1.550321910099103917e+00
-6.769419400000005282e+01 8.716705189137827769e-01 0.000000000000000000e+00 1.450322783565538787e+00
-6.696988200000002678e+01 8.623438487876047276e-01 0.000000000000000000e+00 1.577794131850226211e+00
-6.783431000000005895e+01 8.734747354826088994e-01 0.000000000000000000e+00 1.489587658048394436e+00
-6.723358000000004608e+01 8.657393803526388654e-01 0.000000000000000000e+00 1.332697405621206421e+00
-6.731752400000003433e+01 8.668202929939754497e-01 0.000000000000000000e+00 1.625601491608319238e+00
-6.696520600000005174e+01 8.622836378432744420e-01 0.000000000000000000e+00 1.440954628423725348e+00
-6.643929400000006069e+01 8.555116835757787808e-01 0.000000000000000000e+00 1.343344553515064099e+00
-6.736545200000001898e+01 8.674374422967721099e-01 0.000000000000000000e+00 1.674626755971056147e+00
-6.702001200000007941e+01 8.629893523460516747e-01 0.000000000000000000e+00 1.569586805131989227e+00
-6.739980800000002148e+01 8.678798304925426921e-01 0.000000000000000000e+00 1.351058222708213519e+00
-6.686785800000001245e+01 8.610301273623718332e-01 0.000000000000000000e+00 1.473705047115924760e+00
-6.742667400000006239e+01 8.682257730140117147e-01 0.000000000000000000e+00 1.478135190617358097e+00
-6.679420000000003199e+01 8.600816633466523697e-01 0.000000000000000000e+00 1.275474654686433063e+00
-6.732264400000002524e+01 8.668862211451671129e-01 0.000000000000000000e+00 1.559616215438459852e+00
-6.716537200000001917e+01 8.648610937634803042e-01 0.000000000000000000e+00 1.174611177625183966e+00
-6.731584200000001772e+01 8.667986345661813363e-01 0.000000000000000000e+00 1.231426108724549051e+00
-6.789572200000002056e+01 8.742655127523331071e-01 0.000000000000000000e+00 1.729249836982219346e+00
-6.718089200000008532e+01 8.650609384717813377e-01 0.000000000000000000e+00 1.614102928619416844e+00
-6.749308600000007630e+01 8.690809332438848012e-01 0.000000000000000000e+00 1.408843458410859339e+00
-6.701594000000000051e+01 8.629369188633059240e-01 0.000000000000000000e+00 1.304482092207052579e+00
-6.731672200000004125e+01 8.668099659671677504e-01 0.000000000000000000e+00 1.408538407416595417e+00
-6.674867000000001838e+01 8.594953921115423556e-01 0.000000000000000000e+00 1.349700232599368110e+00
-6.711559600000003911e+01 8.642201485186129517e-01 0.000000000000000000e+00 1.488339889626877133e+00
-6.729877800000004129e+01 8.665789083997876840e-01 0.000000000000000000e+00 1.591703837965449120e+00
-6.737636000000003378e+01 8.675779001626316989e-01 0.000000000000000000e+00 1.313485252096401101e+00
-6.690669400000003009e+01 8.615302026904354538e-01 0.000000000000000000e+00 1.444915250516706884e+00
-6.777179400000005671e+01 8.726697424552835036e-01 0.000000000000000000e+00 1.388492682755168683e+00
-6.722179600000005451e+01 8.655876425921615880e-01 0.000000000000000000e+00 1.448291170423708252e+00
-6.787461800000002654e+01 8.739937651541395125e-01 0.000000000000000000e+00 1.584183218435202489e+00
-6.744004000000003884e+01 8.683978815430797304e-01 0.000000000000000000e+00 1.529600637256323337e+00
-6.779794000000003962e+01 8.730064138304903798e-01 0.000000000000000000e+00 1.502914728254414412e+00
-6.724774200000003077e+01 8.659217386489624912e-01 0.000000000000000000e+00 1.416102244295583956e+00
-6.756375600000002635e+01 8.699909220026194046e-01 0.000000000000000000e+00 1.230085998498076316e+00
-6.724075600000004727e+01 8.658317827770436459e-01 0.000000000000000000e+00 1.681006490491558703e+00
-6.662451000000002921e+01 8.578966344451415260e-01 0.000000000000000000e+00 1.313090687129515155e+00
-6.714737000000002354e+01 8.646292893537627089e-01 0.000000000000000000e+00 1.692157267895903594e+00
-6.759771999999999537e+01 8.704282625743139379e-01 0.000000000000000000e+00 1.669907740389912965e+00
-6.729118600000005301e+01 8.664811493130988307e-01 0.000000000000000000e+00 1.378904576874429910e+00
-6.699541000000002100e+01 8.626725624289375283e-01 0.000000000000000000e+00 1.619245829783953816e+00
-6.725047000000003550e+01 8.659568659920194866e-01 0.000000000000000000e+00 1.659677571065834467e+00
-6.763857200000003900e+01 8.709542971119096366e-01 0.000000000000000000e+00 1.611420077032250875e+00
-6.739948800000003359e+01 8.678757099830933797e-01 0.000000000000000000e+00 1.358050150907468057e+00
-6.773384600000002820e+01 8.721811015409420831e-01 0.000000000000000000e+00 1.416117694091558521e+00
-6.684897200000006023e+01 8.607869400453005415e-01 0.000000000000000000e+00 1.420569428727207706e+00
-6.717431399999999542e+01 8.649762362494091139e-01 0.000000000000000000e+00 1.364994305461907365e+00
-6.738335800000008646e+01 8.676680105536558330e-01 0.000000000000000000e+00 1.398943972364204091e+00
-6.766796800000007295e+01 8.713328174112134894e-01 0.000000000000000000e+00 1.311297187103309447e+00
-6.713877400000005480e+01 8.645186021686762645e-01 0.000000000000000000e+00 1.709525847820873468e+00
-6.720996200000003284e+01 8.654352610020824565e-01 0.000000000000000000e+00 1.408518127146757948e+00
-6.715184200000004466e+01 8.646868734733195172e-01 0.000000000000000000e+00 1.301107175857034282e+00
-6.774065200000003983e+01 8.722687396262960302e-01 0.000000000000000000e+00 1.472141697483876355e+00
-6.720813800000003368e+01 8.654117740982204543e-01 0.000000000000000000e+00 1.443926351599847058e+00
-6.755746200000004364e+01 8.699098767323849568e-01 0.000000000000000000e+00 1.444389825020317319e+00
-6.732985200000004511e+01 8.669790356205170356e-01 0.000000000000000000e+00 1.675263329126245315e+00
-6.804061400000004767e+01 8.761312279246931123e-01 0.000000000000000000e+00 1.335909087590571476e+00
-6.761565200000001141e+01 8.706591656225897147e-01 0.000000000000000000e+00 1.500526861040158311e+00
-6.772332200000002445e+01 8.720455882864219799e-01 0.000000000000000000e+00 1.510913883030847060e+00
-6.756985800000001063e+01 8.700694949671841094e-01 0.000000000000000000e+00 1.215502379338592176e+00
-6.749764200000004166e+01 8.691395989971715252e-01 0.000000000000000000e+00 1.283956816132431067e+00
-6.778155600000006586e+01 8.727954437466770576e-01 0.000000000000000000e+00 1.718116458954192405e+00
-6.756454200000004562e+01 8.700010430039548659e-01 0.000000000000000000e+00 1.558973559567417011e+00
-6.700056400000002554e+01 8.627389283842583634e-01 0.000000000000000000e+00 1.486061460148056401e+00
-6.690834800000007476e+01 8.615515005736530396e-01 0.000000000000000000e+00 1.347215851150779908e+00
-6.771800800000002596e+01 8.719771620763764330e-01 0.000000000000000000e+00 1.357414690489076481e+00
-6.729257000000001199e+01 8.664989705164672928e-01 0.000000000000000000e+00 1.452959970494227759e+00
-6.788765200000005962e+01 8.741615986546543704e-01 0.000000000000000000e+00 1.407981567005144763e+00
-6.771591400000002636e+01 8.719501984926664173e-01 0.000000000000000000e+00 1.499018359266550915e+00
-6.759397800000002121e+01 8.703800783669393137e-01 0.000000000000000000e+00 1.773684694262942507e+00
-6.741050600000006909e+01 8.680175842740764924e-01 0.000000000000000000e+00 1.293859689973134053e+00
-6.740456400000005033e+01 8.679410715642360552e-01 0.000000000000000000e+00 1.605208372484690171e+00
-6.659012200000006487e+01 8.574538341984264678e-01 0.000000000000000000e+00 1.881148854837534357e+00
-6.766069000000004507e+01 8.712391015744214151e-01 0.000000000000000000e+00 1.460984577764134817e+00
-6.705447200000004671e+01 8.634330797073928032e-01 0.000000000000000000e+00 1.343760864373650943e+00
-6.765527800000002401e+01 8.711694134583567450e-01 0.000000000000000000e+00 1.553026362149501072e+00
-6.674000200000001826e+01 8.593837778118293969e-01 0.000000000000000000e+00 1.445312232177119682e+00
-6.767702800000003549e+01 8.714494793350017199e-01 0.000000000000000000e+00 1.227681117258357268e+00
-6.770088400000001627e+01 8.717566633144606669e-01 0.000000000000000000e+00 1.487641708161823173e+00
-6.755987800000002608e+01 8.699409865787284257e-01 0.000000000000000000e+00 1.311760568475077937e+00
-6.691432400000003611e+01 8.616284510876217606e-01 0.000000000000000000e+00 1.531770547545314498e+00
-6.743499400000007427e+01 8.683329062596986114e-01 0.000000000000000000e+00 1.485913872038064243e+00
-6.734670400000003099e+01 8.671960319494004255e-01 0.000000000000000000e+00 1.490516939404080476e+00
-6.741727400000002035e+01 8.681047330489325420e-01 0.000000000000000000e+00 1.496297868486205607e+00
-6.765264000000001943e+01 8.711354450085824208e-01 0.000000000000000000e+00 1.182625011223639611e+00
-6.760663600000003726e+01 8.705430702688508049e-01 0.000000000000000000e+00 1.415521245573766684e+00
-6.788193200000003458e+01 8.740879445482444554e-01 0.000000000000000000e+00 1.338624511505762893e+00
-6.744143600000006700e+01 8.684158572655534813e-01 0.000000000000000000e+00 1.643784369569319281e+00
-6.764847200000004079e+01 8.710817753730031310e-01 0.000000000000000000e+00 1.457308771319810514e+00
-6.787515600000003246e+01 8.740006927606515097e-01 0.000000000000000000e+00 1.397118440010789664e+00
-6.765567600000004234e+01 8.711745383419847721e-01 0.000000000000000000e+00 1.353106403807269542e+00
-6.763237800000007383e+01 8.708745395008784529e-01 0.000000000000000000e+00 1.391723343253815637e+00
-6.759765800000000979e+01 8.704274642256082384e-01 0.000000000000000000e+00 1.536306675849123726e+00
-6.720651800000004528e+01 8.653909140191325955e-01 0.000000000000000000e+00 1.108180370431683048e+00
-6.769909000000002663e+01 8.717335627083596661e-01 0.000000000000000000e+00 1.400800029240144795e+00
-6.761609200000006581e+01 8.706648313230834768e-01 0.000000000000000000e+00 1.302551810922458086e+00
-6.745484000000003277e+01 8.685884551051183955e-01 0.000000000000000000e+00 1.418052402758690711e+00
-6.743286799999999914e+01 8.683055306250425653e-01 0.000000000000000000e+00 1.090654576772290385e+00
-6.736198400000003517e+01 8.673927862756135587e-01 0.000000000000000000e+00 1.585875061551988541e+00
-6.789214400000001604e+01 8.742194403060509211e-01 0.000000000000000000e+00 1.395358279346711416e+00
-6.745233800000004010e+01 8.685562378718603149e-01 0.000000000000000000e+00 1.306833514608900071e+00
-6.724091400000000363e+01 8.658338172785837727e-01 0.000000000000000000e+00 1.295279447172179355e+00
-6.724216200000002175e+01 8.658498872654369904e-01 0.000000000000000000e+00 1.391417872210598761e+00
-6.717704800000004184e+01 8.650114408520187537e-01 0.000000000000000000e+00 1.334241901838726374e+00
-6.777495400000005077e+01 8.727104324860970319e-01 0.000000000000000000e+00 1.643887255062699060e+00
-6.776673400000005643e+01 8.726045868996133992e-01 0.000000000000000000e+00 1.427608210706553082e+00
-6.741630600000004847e+01 8.680922685078481527e-01 0.000000000000000000e+00 1.642498500949149731e+00
-6.780965000000001908e+01 8.731571987231573351e-01 0.000000000000000000e+00 1.468049784853389328e+00
-6.778236800000003370e+01 8.728058995394046837e-01 0.000000000000000000e+00 1.460490007496100917e+00
-6.713811800000004837e+01 8.645101551243047355e-01 0.000000000000000000e+00 1.302297812328639059e+00
-6.681829600000004632e+01 8.603919377081988840e-01 0.000000000000000000e+00 1.271551956534083372e+00
-6.797792600000003915e+01 8.753240201235384932e-01 0.000000000000000000e+00 1.465634597110229143e+00
-6.802430400000001498e+01 8.759212107086891130e-01 0.000000000000000000e+00 1.558643718881284501e+00
-6.780499400000003618e+01 8.730972453106674580e-01 0.000000000000000000e+00 1.269094731984778290e+00
-6.767457800000008206e+01 8.714179316845296341e-01 0.000000000000000000e+00 1.367901993032181629e+00
-6.733883200000003910e+01 8.670946674169431878e-01 0.000000000000000000e+00 1.446041303801171241e+00
-6.756365000000003818e+01 8.699895570838643843e-01 0.000000000000000000e+00 1.234985518215505396e+00
-6.751552799999998911e+01 8.693699097222130634e-01 0.000000000000000000e+00 1.377923499956848818e+00
-6.719896799999999359e+01 8.652936957493080339e-01 0.000000000000000000e+00 1.307259236451932427e+00
-6.789116400000001761e+01 8.742068212458619092e-01 0.000000000000000000e+00 1.518016928847194080e+00
-6.792793800000004012e+01 8.746803450411604341e-01 0.000000000000000000e+00 1.477933645588879408e+00
-6.785037600000003977e+01 8.736816108101569389e-01 0.000000000000000000e+00 1.510502232025340952e+00
-6.767246400000003348e+01 8.713907105689783217e-01 0.000000000000000000e+00 1.565028142872784800e+00
-6.711871200000003057e+01 8.642602719793771593e-01 0.000000000000000000e+00 1.567423639902516319e+00
-6.765351000000001136e+01 8.711466476436481310e-01 0.000000000000000000e+00 1.382013734199176724e+00
-6.792794200000003002e+01 8.746803965475284937e-01 0.000000000000000000e+00 1.562032293486581569e+00
-6.726029800000002012e+01 8.660834171384866886e-01 0.000000000000000000e+00 1.759045582929630092e+00
-6.748136200000003271e+01 8.689299680789287494e-01 0.000000000000000000e+00 1.581881160841819067e+00
-6.741403400000005774e+01 8.680630128907569354e-01 0.000000000000000000e+00 1.285572795515562250e+00
-6.753482000000005314e+01 8.696183249356498335e-01 0.000000000000000000e+00 1.131671512106375399e+00
-6.728145000000003506e+01 8.663557828130978855e-01 0.000000000000000000e+00 1.357591770174099377e+00
-6.755736800000005360e+01 8.699086663327343372e-01 0.000000000000000000e+00 1.452148942529273734e+00
-6.739170200000005195e+01 8.677754528375507537e-01 0.000000000000000000e+00 1.431349950784965186e+00
-6.750328600000007384e+01 8.692122744825871994e-01 0.000000000000000000e+00 1.357489315099791094e+00
-6.750009400000001847e+01 8.691711724008278628e-01 0.000000000000000000e+00 1.603824098633505058e+00
-6.734964600000006385e+01 8.672339148831521571e-01 0.000000000000000000e+00 1.450650900330710869e+00
-6.740579600000000937e+01 8.679569355256161467e-01 0.000000000000000000e+00 1.228376753800220378e+00
-6.726887800000002926e+01 8.661938982981011170e-01 0.000000000000000000e+00 1.675703154178942000e+00
-6.762991400000002784e+01 8.708428115781168266e-01 0.000000000000000000e+00 1.448178800349535722e+00
-6.754431200000006186e+01 8.697405495471953740e-01 0.000000000000000000e+00 1.224679997888543870e+00
-6.768301800000003254e+01 8.715266101212592043e-01 0.000000000000000000e+00 1.382774611985451374e+00
-6.764194800000005614e+01 8.709977684866019310e-01 0.000000000000000000e+00 1.513919357664439413e+00
-6.783436600000004546e+01 8.734754565717623986e-01 0.000000000000000000e+00 1.391951951758407136e+00
-6.773698800000002507e+01 8.722215597930991215e-01 0.000000000000000000e+00 1.264307926729845155e+00
-6.810000200000004611e+01 8.768959429721497889e-01 0.000000000000000000e+00 1.521955472740927462e+00
-6.808732000000001960e+01 8.767326420320293856e-01 0.000000000000000000e+00 1.295414834067926568e+00
-6.829769800000003954e+01 8.794415937100427128e-01 0.000000000000000000e+00 1.334589420915736291e+00
-6.803947200000000350e+01 8.761165228565946927e-01 0.000000000000000000e+00 1.459745952719447404e+00
-6.810653600000003394e+01 8.769800786244712487e-01 0.000000000000000000e+00 1.276281841638817083e+00
-6.831121400000006361e+01 8.796156337279157356e-01 0.000000000000000000e+00 1.578829737496745267e+00
-6.747310400000003483e+01 8.688236331819478853e-01 0.000000000000000000e+00 1.351771482086309151e+00
-6.784801000000004478e+01 8.736511447934148800e-01 0.000000000000000000e+00 1.176178121044701097e+00
-6.819653800000004651e+01 8.781389976603237724e-01 0.000000000000000000e+00 1.751899460861169988e+00
-6.797228600000002530e+01 8.752513961444911006e-01 0.000000000000000000e+00 1.164387158444954551e+00
-6.818226000000005627e+01 8.779551456793245334e-01 0.000000000000000000e+00 1.464590134136544375e+00
-6.823726600000001952e+01 8.786634355005068509e-01 0.000000000000000000e+00 1.277968342522180389e+00
-6.732661000000005913e+01 8.669372897091570662e-01 0.000000000000000000e+00 1.273825767504958018e+00
-6.808882200000002172e+01 8.767519826732579347e-01 0.000000000000000000e+00 1.577673932307569915e+00
-6.672351400000005128e+01 8.591714685624449732e-01 0.000000000000000000e+00 1.400088046078429516e+00
-6.782332799999998940e+01 8.733333247489384332e-01 0.000000000000000000e+00 1.233919983660515252e+00
-6.764876400000002832e+01 8.710855353378755828e-01 0.000000000000000000e+00 1.157235249607154293e+00
-6.811178200000004779e+01 8.770476292262590068e-01 0.000000000000000000e+00 1.428209701122282294e+00
-6.779830800000003421e+01 8.730111524163572945e-01 0.000000000000000000e+00 1.323299841395888521e+00
-6.778601800000004118e+01 8.728528991003129400e-01 0.000000000000000000e+00 1.387250251351480390e+00
-6.792907800000004670e+01 8.746950243560743798e-01 0.000000000000000000e+00 1.343912302302046946e+00
-6.774063000000005275e+01 8.722684563412714809e-01 0.000000000000000000e+00 1.528947999690498216e+00
-6.748078400000004251e+01 8.689225254087357131e-01 0.000000000000000000e+00 1.102659902210756160e+00
-6.801300400000003776e+01 8.757757052187543634e-01 0.000000000000000000e+00 1.395944600353670184e+00
-6.768209000000000231e+01 8.715146606438552990e-01 0.000000000000000000e+00 1.325309999604056266e+00
-6.770009800000002542e+01 8.717465423131255386e-01 0.000000000000000000e+00 1.398103601743476254e+00
-6.737803200000000459e+01 8.675994298245048864e-01 0.000000000000000000e+00 1.517545867369983981e+00
-6.781054600000004484e+01 8.731687361496162092e-01 0.000000000000000000e+00 1.341385299268986975e+00
-6.786963800000002323e+01 8.739296397258318194e-01 0.000000000000000000e+00 1.342619703278751020e+00
-6.829419400000004714e+01 8.793964741315709599e-01 0.000000000000000000e+00 1.469618963178323856e+00
-6.831601000000003410e+01 8.796773898632895827e-01 0.000000000000000000e+00 1.616557288989740160e+00
-6.810488800000003096e+01 8.769588580008064183e-01 0.000000000000000000e+00 1.689312052871154712e+00
-6.738001400000000274e+01 8.676249512299076816e-01 0.000000000000000000e+00 1.391704358554719079e+00
-6.786799800000004268e+01 8.739085221149034410e-01 0.000000000000000000e+00 1.250588087437427109e+00
-6.727804000000004692e+01 8.663118736342769743e-01 0.000000000000000000e+00 1.514758334427366737e+00
-6.798640200000006928e+01 8.754331621175821532e-01 0.000000000000000000e+00 1.550821412715652547e+00
-6.786042800000002728e+01 8.738110463132388039e-01 0.000000000000000000e+00 1.205328254722473291e+00
-6.743165200000005655e+01 8.682898726891352670e-01 0.000000000000000000e+00 1.201203049512269638e+00
-6.759819600000001572e+01 8.704343918321202356e-01 0.000000000000000000e+00 1.291142828982264179e+00
-6.783448600000001250e+01 8.734770017628055161e-01 0.000000000000000000e+00 1.448005458512787724e+00
-6.712008000000000152e+01 8.642778871572733834e-01 0.000000000000000000e+00 1.523866548280949695e+00
-6.765444800000005898e+01 8.711587258869725181e-01 0.000000000000000000e+00 1.611169963413562778e+00
-6.738616800000004048e+01 8.677041937772586033e-01 0.000000000000000000e+00 1.341979174060506930e+00
-6.752157800000003363e+01 8.694478131039929947e-01 0.000000000000000000e+00 1.457163367752288607e+00
-6.797605600000004245e+01 8.752999408964430295e-01 0.000000000000000000e+00 1.625004565545723700e+00
-6.791844400000003645e+01 8.745580946764309749e-01 0.000000000000000000e+00 1.474813503314774010e+00
-6.763320400000003474e+01 8.708851755658943983e-01 0.000000000000000000e+00 1.487750722163149186e+00
-6.765441400000004535e+01 8.711582880828433462e-01 0.000000000000000000e+00 1.421025984807804843e+00
-6.728398000000001389e+01 8.663883605909327157e-01 0.000000000000000000e+00 1.222729266762671241e+00
-6.758214400000004218e+01 8.702276967768607374e-01 0.000000000000000000e+00 1.427985506980184560e+00
-6.766027800000003367e+01 8.712337964185050687e-01 0.000000000000000000e+00 1.413272870603492937e+00
-6.790454200000004903e+01 8.743790842940349917e-01 0.000000000000000000e+00 1.353892253085767772e+00
-6.782181600000002675e+01 8.733138553417900685e-01 0.000000000000000000e+00 1.343813456023528197e+00
-6.821755600000003028e+01 8.784096378716026443e-01 0.000000000000000000e+00 1.414576327072933903e+00
-6.841996400000004996e+01 8.810159631111397216e-01 0.000000000000000000e+00 1.720830728651341124e+00
-6.808691400000003568e+01 8.767274141356655726e-01 0.000000000000000000e+00 1.384795781101882950e+00
-6.787820600000004845e+01 8.740399663663421803e-01 0.000000000000000000e+00 1.669049025904489669e+00
-6.800557200000004343e+01 8.756800063867901107e-01 0.000000000000000000e+00 1.186997593802502138e+00
-6.766966200000003084e+01 8.713546303581112262e-01 0.000000000000000000e+00 1.331714053298806322e+00
-6.776948200000003908e+01 8.726399717745106921e-01 0.000000000000000000e+00 1.388234444757844299e+00
-6.742525800000004210e+01 8.682075397596975552e-01 0.000000000000000000e+00 1.406604256922294738e+00
-6.774296800000001895e+01 8.722985618134363461e-01 0.000000000000000000e+00 1.484207196518727567e+00
-6.760320400000003360e+01 8.704988778050050113e-01 0.000000000000000000e+00 1.240525994819222655e+00
-6.790611600000005410e+01 8.743993520498897221e-01 0.000000000000000000e+00 1.405641789413453635e+00
-6.743459200000002340e+01 8.683277298697019697e-01 0.000000000000000000e+00 1.363318931366473308e+00
-6.783770600000002560e+01 8.735184643891411582e-01 0.000000000000000000e+00 1.672663285732781446e+00
-6.794676800000004846e+01 8.749228112690787817e-01 0.000000000000000000e+00 1.446451215689523062e+00
-6.787105200000000593e+01 8.739478472269615050e-01 0.000000000000000000e+00 1.471491875441692354e+00
-6.738882600000005141e+01 8.677384197588735582e-01 0.000000000000000000e+00 1.176483857601097638e+00
-6.759513200000007771e+01 8.703949379541422449e-01 0.000000000000000000e+00 1.418780501163167340e+00
-6.822688000000005104e+01 8.785296992156873541e-01 0.000000000000000000e+00 1.356063422580450428e+00
-6.801771400000001222e+01 8.758363539672137099e-01 0.000000000000000000e+00 1.336791500935631705e+00
-6.765901400000002752e+01 8.712175204061795020e-01 0.000000000000000000e+00 1.367558215112326891e+00
-6.776637200000000405e+01 8.725999255732980187e-01 0.000000000000000000e+00 1.547262430848481696e+00
-6.781921399999998812e+01 8.732803504493285018e-01 0.000000000000000000e+00 1.432836595321646200e+00
-6.779474800000005530e+01 8.729653117487319314e-01 0.000000000000000000e+00 1.415442357558836184e+00
-6.816583600000008403e+01 8.777436605318300611e-01 0.000000000000000000e+00 1.446959344190918983e+00
-6.817711600000004069e+01 8.778889084899238471e-01 0.000000000000000000e+00 1.564262793463470969e+00
-6.796701799999999594e+01 8.751835622576784601e-01 0.000000000000000000e+00 1.503707752633235417e+00
-6.790714600000002577e+01 8.744126149396798109e-01 0.000000000000000000e+00 1.453166835571209292e+00
-6.793864400000001069e+01 8.748182018354294653e-01 0.000000000000000000e+00 1.451094615765294638e+00
-6.787128400000001704e+01 8.739508345963125091e-01 0.000000000000000000e+00 1.428450246388749623e+00
-6.816448000000004015e+01 8.777261998730372383e-01 0.000000000000000000e+00 1.551215181525096520e+00
-6.782995800000004749e+01 8.734186965540957637e-01 0.000000000000000000e+00 1.293039970569706876e+00
-6.705596400000007407e+01 8.634522915827014256e-01 0.000000000000000000e+00 1.472474986738211866e+00
-6.795532800000003704e+01 8.750330348968524685e-01 0.000000000000000000e+00 1.674470177147856731e+00
-6.696205600000000402e+01 8.622430765783803963e-01 0.000000000000000000e+00 1.629547368419596243e+00
-6.806221400000001154e+01 8.764093623125329691e-01 0.000000000000000000e+00 1.427504820138688402e+00
-6.802288600000001395e+01 8.759029517011910349e-01 0.000000000000000000e+00 1.401025850778455650e+00
-6.778564800000003743e+01 8.728481347612619956e-01 0.000000000000000000e+00 1.443726382935435426e+00
