-1.207945600000000930e+01 4.934317518024554095e-01 0.000000000000000000e+00 1.468269855630611076e+00
-1.252859400000000711e+01 5.117785175956376387e-01 0.000000000000000000e+00 1.413788556606651481e+00
-1.170191600000000598e+01 4.780096811748128505e-01 0.000000000000000000e+00 1.254375847427755986e+00
-1.312915800000000566e+01 5.363108596638143100e-01 0.000000000000000000e+00 1.547547311538650661e+00
-1.193044400000001026e+01 4.873447846244974846e-01 0.000000000000000000e+00 1.163313570755121207e+00
-1.271964400000000239e+01 5.195826882620863119e-01 0.000000000000000000e+00 1.567390377802633461e+00
-1.283710200000001578e+01 5.243807111782854413e-01 0.000000000000000000e+00 1.440985663923247895e+00
-1.211232200000001491e+01 4.947742897408147211e-01 0.000000000000000000e+00 1.265875844326166622e+00
-1.267261200000001153e+01 5.176614856722702163e-01 0.000000000000000000e+00 1.517932347894278999e+00
-1.248584200000000521e+01 5.100321480361923454e-01 0.000000000000000000e+00 1.233273035477693291e+00
-1.249780600000000952e+01 5.105208635444541398e-01 0.000000000000000000e+00 1.377923311248056448e+00
-1.253041600000000599e+01 5.118529441800619972e-01 0.000000000000000000e+00 1.466044925016166234e+00
-1.268915400000001448e+01 5.183372071648869595e-01 0.000000000000000000e+00 1.557603969545350742e+00
-1.287774200000000313e+01 5.260408079900330547e-01 0.000000000000000000e+00 1.710067349207113230e+00
-1.251159200000000560e+01 5.110840056371399598e-01 0.000000000000000000e+00 1.249780858179027954e+00
-1.310369800000000673e+01 5.352708482261394618e-01 0.000000000000000000e+00 1.514316601270965679e+00
-1.262248200000000864e+01 5.156137333796290134e-01 0.000000000000000000e+00 1.471104957656116374e+00
-1.303223000000001264e+01 5.323514634096531140e-01 0.000000000000000000e+00 1.557334311792708537e+00
-1.238531000000000759e+01 5.059255325667371128e-01 0.000000000000000000e+00 1.433392902321007689e+00
-1.251046200000000574e+01 5.110378464492149053e-01 0.000000000000000000e+00 1.576824678787189571e+00
-1.273899800000000582e+01 5.203732766896103090e-01 0.000000000000000000e+00 1.366411213522636503e+00
-1.276051600000000619e+01 5.212522620044527377e-01 0.000000000000000000e+00 1.269435661676224125e+00
-1.250598200000000482e+01 5.108548436510694790e-01 0.000000000000000000e+00 1.408892615387322245e+00
-1.287467200000000744e+01 5.259154020546968900e-01 0.000000000000000000e+00 1.376498245775206852e+00
-1.298274800000000795e+01 5.303301811646007335e-01 0.000000000000000000e+00 1.680182143594117772e+00
-1.235220400000000929e+01 5.045731909070488852e-01 0.000000000000000000e+00 1.174128963191888975e+00
-1.247079200000000831e+01 5.094173730111725140e-01 0.000000000000000000e+00 1.486526829520694593e+00
-1.232927800000000040e+01 5.036366904270745959e-01 0.000000000000000000e+00 1.449176186706492953e+00
-1.283348399999999856e+01 5.242329200792467114e-01 0.000000000000000000e+00 1.447668709989556657e+00
-1.220758000000000010e+01 4.986654684340597887e-01 0.000000000000000000e+00 1.239481395625206650e+00
-1.283757600000000920e+01 5.244000735279104042e-01 0.000000000000000000e+00 1.375695379947203589e+00
-1.262658400000001357e+01 5.157812953166811543e-01 0.000000000000000000e+00 1.189902572424577309e+00
-1.289831200000000777e+01 5.268810686056252246e-01 0.000000000000000000e+00 1.354360157050575664e+00
-1.222627200000001224e+01 4.994290149302511028e-01 0.000000000000000000e+00 1.403194993546923675e+00
-1.258568600000000970e+01 5.141106595045039640e-01 0.000000000000000000e+00 1.395373370476283181e+00
-1.279199200000000758e+01 5.225380200567801836e-01 0.000000000000000000e+00 1.427856511032172815e+00
-1.285565600000000863e+01 5.251386205347117198e-01 0.000000000000000000e+00 1.273264096984874305e+00
-1.261214200000001107e+01 5.151913563856952427e-01 0.000000000000000000e+00 1.230967543342892601e+00
-1.212280800000000802e+01 4.952026306652236864e-01 0.000000000000000000e+00 1.086528846222099665e+00
-1.268996600000000896e+01 5.183703764220506383e-01 0.000000000000000000e+00 1.446082193915544822e+00
-1.224336200000000296e+01 5.001271215865690234e-01 0.000000000000000000e+00 1.172894402988442719e+00
-1.267718400000000400e+01 5.178482465635916299e-01 0.000000000000000000e+00 1.473135362040070451e+00
-1.275674200000000269e+01 5.210980984865506427e-01 0.000000000000000000e+00 1.255455016003393265e+00
-1.253200000000000713e+01 5.119176487408348963e-01 0.000000000000000000e+00 1.168353182557363201e+00
-1.197523200000000188e+01 4.891743224198852880e-01 0.000000000000000000e+00 1.183839281413732181e+00
-1.316895800000000705e+01 5.379366434509101902e-01 0.000000000000000000e+00 1.326178590680681113e+00
-1.268926200000000826e+01 5.183416188394848190e-01 0.000000000000000000e+00 1.325413785648798193e+00
-1.358837400000001061e+01 5.550693000551464307e-01 0.000000000000000000e+00 1.260063757134711304e+00
-1.366958999999999946e+01 5.583868793529543906e-01 0.000000000000000000e+00 1.361228176087218911e+00
-1.416231400000000562e+01 5.785140826372012768e-01 0.000000000000000000e+00 1.326952203246601680e+00
-1.436522600000000160e+01 5.868028022303466429e-01 0.000000000000000000e+00 1.427363034425525701e+00
-1.402434800000000159e+01 5.728783317334205094e-01 0.000000000000000000e+00 1.340022602890931003e+00
-1.450091000000001351e+01 5.923453360838223380e-01 0.000000000000000000e+00 1.235944537141084210e+00
-1.442620400000001268e+01 5.892936827270690570e-01 0.000000000000000000e+00 1.260687924273125038e+00
-1.404249200000000819e+01 5.736194930659099800e-01 0.000000000000000000e+00 1.271686350034727075e+00
-1.469246200000001856e+01 6.001700128673850276e-01 0.000000000000000000e+00 1.302417360745670383e+00
-1.434950200000000464e+01 5.861604950879273357e-01 0.000000000000000000e+00 1.479451784760254629e+00
-1.458453800000000378e+01 5.957614427809890811e-01 0.000000000000000000e+00 1.433939140388947653e+00
-1.512322000000001232e+01 6.177659770021042274e-01 0.000000000000000000e+00 1.373067714825073393e+00
-1.498803800000000841e+01 6.122439492657424376e-01 0.000000000000000000e+00 1.303990411656822612e+00
-1.554243200000001046e+01 6.348903004432103758e-01 0.000000000000000000e+00 1.751615596688273380e+00
-1.474531600000000786e+01 6.023290373971122991e-01 0.000000000000000000e+00 1.376764695806876659e+00
-1.362008200000000357e+01 5.563645350380916899e-01 0.000000000000000000e+00 1.534343937604814467e+00
-1.488313400000000186e+01 6.079587426727396382e-01 0.000000000000000000e+00 1.660170519915336707e+00
-1.469173400000000740e+01 6.001402749126859559e-01 0.000000000000000000e+00 1.309754489463848648e+00
-1.503868000000001182e+01 6.143126161638859939e-01 0.000000000000000000e+00 1.615069523474629065e+00
-1.487824000000000879e+01 6.077588284553014919e-01 0.000000000000000000e+00 1.390132605694198276e+00
-1.535970000000001079e+01 6.274259104184968239e-01 0.000000000000000000e+00 1.782562491686526362e+00
-1.551600000000001245e+01 6.338105839341522385e-01 0.000000000000000000e+00 1.602820431916718746e+00
-1.567811200000000227e+01 6.404326709013297148e-01 0.000000000000000000e+00 1.771607429169021142e+00
-1.532060200000000805e+01 6.258288025162888069e-01 0.000000000000000000e+00 1.680736795261368322e+00
-1.526808200000001214e+01 6.236834214987444502e-01 0.000000000000000000e+00 1.394287713477944557e+00
-1.521465200000001694e+01 6.215008680378267814e-01 0.000000000000000000e+00 1.563348493076332391e+00
-1.463788800000001444e+01 5.979407283347977220e-01 0.000000000000000000e+00 1.322497914094324267e+00
-1.470850400000001379e+01 6.008253099405654885e-01 0.000000000000000000e+00 1.515061451693653805e+00
-1.564200400000000002e+01 6.389577010273482793e-01 0.000000000000000000e+00 1.472772875569801299e+00
-1.518732400000000737e+01 6.203845509691390259e-01 0.000000000000000000e+00 1.033625925840531812e+00
-1.470251800000000841e+01 6.005807887910790122e-01 0.000000000000000000e+00 1.532219918306953144e+00
-1.504291000000001688e+01 6.144854067523137786e-01 0.000000000000000000e+00 1.466568710881755111e+00
-1.550758200000000997e+01 6.334667184085296388e-01 0.000000000000000000e+00 1.578168832512906850e+00
-1.535444800000000853e+01 6.272113723167422883e-01 0.000000000000000000e+00 1.426507989368910989e+00
-1.525184000000001028e+01 6.230199546577892544e-01 0.000000000000000000e+00 1.459742214269770688e+00
-1.502689600000001136e+01 6.138312534466212611e-01 0.000000000000000000e+00 1.426635984371286581e+00
-1.579993000000000869e+01 6.454087947550094517e-01 0.000000000000000000e+00 1.794202295132459879e+00
-1.606063199999999469e+01 6.560581687465532053e-01 0.000000000000000000e+00 1.714596097850347167e+00
-1.624311000000000860e+01 6.635121831661938696e-01 0.000000000000000000e+00 1.420854153797509456e+00
-1.726557800000000142e+01 7.052788137497192356e-01 0.000000000000000000e+00 1.744070857817098030e+00
-1.731175600000001324e+01 7.071651314311396819e-01 0.000000000000000000e+00 1.490367814700434890e+00
-1.543724200000001900e+01 6.305934110822908334e-01 0.000000000000000000e+00 1.393893287597038677e+00
-1.779333800000001631e+01 7.268371969526773446e-01 0.000000000000000000e+00 1.576477670957081134e+00
-1.696991200000001143e+01 6.932012009558633503e-01 0.000000000000000000e+00 1.670278387446750612e+00
-1.707794599999999363e+01 6.976142644145337801e-01 0.000000000000000000e+00 1.425791919836378874e+00
-1.752209600000001188e+01 7.157572761994245303e-01 0.000000000000000000e+00 1.365041411435320873e+00
-1.754709600000001757e+01 7.167784971712186648e-01 0.000000000000000000e+00 1.445068534386777293e+00
-1.755814400000000575e+01 7.172297951430732788e-01 0.000000000000000000e+00 1.564666130993698001e+00
-1.717544200000001453e+01 7.015968628091752146e-01 0.000000000000000000e+00 1.549724268806968563e+00
-1.593644000000000638e+01 6.509850697493926308e-01 0.000000000000000000e+00 1.290909227614162491e+00
-1.793932799999999972e+01 7.328007189395641108e-01 0.000000000000000000e+00 1.725812948657395873e+00
-1.786931000000000935e+01 7.299405649394420381e-01 0.000000000000000000e+00 1.555704938234909740e+00
-1.816156000000000859e+01 7.418786380997124397e-01 1.000000000000000048e-04 1.868165944546585466e+00
-1.780330800000000480e+01 7.272444598762282109e-01 0.000000000000000000e+00 1.530544951849609925e+00
-1.765410600000001295e+01 7.211497314188849428e-01 0.000000000000000000e+00 1.404939310082161885e+00
-1.871529800000002197e+01 7.644981924388808414e-01 0.000000000000000000e+00 1.557359447294286880e+00
-1.875076400000001087e+01 7.659469373583061014e-01 2.000000000000000096e-04 1.787350162994245206e+00
-1.953191400000000755e+01 7.978560078429773883e-01 0.000000000000000000e+00 1.643845862973825733e+00
-1.909702400000001887e+01 7.800912563060402594e-01 0.000000000000000000e+00 1.762314712439525533e+00
-1.986005000000000109e+01 8.112599824349993050e-01 0.000000000000000000e+00 1.536043906510250912e+00
-1.981241200000002323e+01 8.093140254488275787e-01 0.000000000000000000e+00 1.398845650598370849e+00
-1.929013600000001460e+01 7.879796572782424846e-01 1.000000000000000048e-04 1.259633993138763675e+00
-1.913311400000002038e+01 7.815654909009219775e-01 0.000000000000000000e+00 1.275018465861129657e+00
-1.945799200000001861e+01 7.948363799758999537e-01 0.000000000000000000e+00 1.245735488703015648e+00
-1.917373600000000877e+01 7.832248524335699846e-01 0.000000000000000000e+00 1.439977620303085626e+00
-1.985205600000000103e+01 8.109334368170585394e-01 0.000000000000000000e+00 1.540411297714104899e+00
-1.939726800000001106e+01 7.923558750842512044e-01 0.000000000000000000e+00 1.535673547937302708e+00
-1.989740400000001941e+01 8.127858499622155897e-01 0.000000000000000000e+00 1.314678370923374251e+00
-2.026138800000001083e+01 8.276541737301121859e-01 0.000000000000000000e+00 1.313718025591350536e+00
-1.943797200000000913e+01 7.940185862216870838e-01 0.000000000000000000e+00 1.375166534200072066e+00
-2.016274800000000411e+01 8.236248442638020029e-01 0.000000000000000000e+00 1.259717400445774294e+00
-1.969498800000001637e+01 8.045173913931503717e-01 0.000000000000000000e+00 1.307923643809669745e+00
-1.914896200000000448e+01 7.822128632993609054e-01 0.000000000000000000e+00 1.335544391161759936e+00
-1.886602200000001517e+01 7.706550928289870317e-01 0.000000000000000000e+00 1.340746932454013995e+00
-2.176063600000000520e+01 8.888967137109130556e-01 5.000000000000000104e-04 1.147409203161186664e+00
-2.252769600000000949e+01 9.202302240558816182e-01 8.000000000000000383e-04 9.830140794453955388e-01
-2.240174200000000937e+01 9.150851494046285950e-01 2.000000000000000096e-04 8.226125036415840031e-01
-2.157826800000001555e+01 8.814471926635492061e-01 2.000000000000000096e-04 1.197587589836038857e+00
-2.215691200000001260e+01 9.050841281836569108e-01 2.999999999999999737e-04 9.068406004375962892e-01
-2.232347800000001214e+01 9.118881558791696040e-01 1.000000000000000048e-04 7.994685693950110972e-01
-2.301534000000001257e+01 9.401499152386598723e-01 1.299999999999999940e-03 7.911458693987262203e-01
-2.238466600000000639e+01 9.143876146320544240e-01 5.000000000000000104e-04 8.918806651410970954e-01
-2.302406600000000481e+01 9.405063622066545115e-01 1.000000000000000021e-03 7.427650824595972701e-01
-2.259504600000002128e+01 9.229813933538948412e-01 8.000000000000000383e-04 9.099473426234481188e-01
-2.261144400000000942e+01 9.236512326137134021e-01 2.999999999999999737e-04 7.446448558049454380e-01
-2.246828199999999853e+01 9.178032311431547630e-01 1.000000000000000048e-04 7.332913834254844998e-01
-2.274865600000000398e+01 9.292561834929844444e-01 5.999999999999999474e-04 8.184340107569070266e-01
-2.244172000000000367e+01 9.167182042850433588e-01 1.100000000000000066e-03 1.082422215088535422e+00
-2.284148800000000179e+01 9.330482629031270347e-01 1.100000000000000066e-03 8.075094114321612615e-01
-2.247738200000000575e+01 9.181749555768879967e-01 6.999999999999999929e-04 9.133802806314931244e-01
-2.235142200000001012e+01 9.130296358326018824e-01 5.999999999999999474e-04 8.996851682312837495e-01
-2.239963000000001614e+01 9.149988766569316923e-01 6.999999999999999929e-04 1.003835513257410161e+00
-2.276026999999999845e+01 9.297306019076407857e-01 6.999999999999999929e-04 7.429815900352531033e-01
-2.258073800000000375e+01 9.223969281673169984e-01 2.000000000000000096e-04 7.039729228579547637e-01
-2.266159800000001212e+01 9.256999652784875243e-01 2.999999999999999737e-04 8.090392508963389906e-01
-2.225944600000001117e+01 9.092725230285334526e-01 1.000000000000000048e-04 8.061133343157254050e-01
-2.296570599999999729e+01 9.381224239700985956e-01 1.199999999999999895e-03 8.717773890880929910e-01
-2.268144600000000466e+01 9.265107330324138246e-01 5.000000000000000104e-04 8.357911110420891410e-01
-2.292354800000000026e+01 9.364003186209431950e-01 1.000000000000000021e-03 7.698611886528241577e-01
-2.219291999999999732e+01 9.065550131737504236e-01 4.000000000000000192e-04 9.959292524871412589e-01
-2.258444800000001251e+01 9.225484773595316046e-01 8.000000000000000383e-04 8.518334107634716323e-01
-2.247479000000000227e+01 9.180690753865322629e-01 2.000000000000000096e-04 8.130836076507159671e-01
-2.259970400000001334e+01 9.231716672453591510e-01 1.000000000000000021e-03 8.842807018022038612e-01
-2.233557999999999666e+01 9.123825085271950464e-01 4.000000000000000192e-04 1.004751084104964276e+00
-2.245210800000001328e+01 9.171425420232435233e-01 0.000000000000000000e+00 7.090566776052292797e-01
-2.261278200000000282e+01 9.237058883601234616e-01 4.000000000000000192e-04 8.299093883093743296e-01
-2.245283200000000434e+01 9.171721165825863498e-01 2.999999999999999737e-04 8.235611360574529582e-01
-2.253914200000000179e+01 9.206977798656074130e-01 5.999999999999999474e-04 9.744352634539794611e-01
-2.252942000000000888e+01 9.203006474540964543e-01 8.999999999999999754e-04 9.722155212698365689e-01
-2.275665800000000516e+01 9.295830559016362571e-01 5.999999999999999474e-04 7.728401579455699277e-01
-2.257907800000001330e+01 9.223291190947903173e-01 6.999999999999999929e-04 9.032141260470349931e-01
-2.240268600000000632e+01 9.151237107085233857e-01 5.999999999999999474e-04 9.009928015744014251e-01
-2.236074000000001405e+01 9.134102653132091243e-01 2.999999999999999737e-04 9.079649181137190439e-01
-2.262560600000000832e+01 9.242297338698151066e-01 8.999999999999999754e-04 8.859768929905178503e-01
-2.256989800000000201e+01 9.219541267539471674e-01 2.999999999999999737e-04 8.672736347726236472e-01
-2.242908800000000369e+01 9.162022017524154016e-01 2.999999999999999737e-04 9.256154498854621826e-01
-2.273468400000001211e+01 9.286854435162685828e-01 5.000000000000000104e-04 7.606742238914959708e-01
-2.305104399999999742e+01 9.416083821817363697e-01 1.299999999999999940e-03 8.035155684562156342e-01
-2.301632600000000650e+01 9.401901921937871887e-01 5.000000000000000104e-04 6.470204859323713809e-01
-2.288152600000000447e+01 9.346837687138744855e-01 5.999999999999999474e-04 7.595557418476522882e-01
-2.288017199999999463e+01 9.346284593860417766e-01 5.999999999999999474e-04 6.747988614768883897e-01
-2.228555000000000774e+01 9.103388411184415441e-01 2.000000000000000096e-04 9.194723165539521181e-01
-2.295820400000000205e+01 9.378159759808828433e-01 2.999999999999999737e-04 6.385726023473661250e-01
-2.287772000000000716e+01 9.345282980331287570e-01 5.000000000000000104e-04 7.309922574173001175e-01
-2.303869000000000256e+01 9.411037356263149967e-01 1.000000000000000021e-03 7.760128325373403246e-01
-2.226777600000000845e+01 9.096127938563349780e-01 5.999999999999999474e-04 9.978418553593906282e-01
-2.317501400000000800e+01 9.466724127366683561e-01 8.000000000000000383e-04 6.063087317413947686e-01
-2.316372000000000853e+01 9.462110659504506804e-01 8.999999999999999754e-04 6.111348883161326073e-01
-2.269999600000001294e+01 9.272684789934851901e-01 5.000000000000000104e-04 7.383574981913257895e-01
-2.286880000000000734e+01 9.341639263903926960e-01 1.000000000000000048e-04 6.504000661597488797e-01
-2.298208799999999741e+01 9.387916096484956174e-01 8.000000000000000383e-04 6.795656817513238135e-01
-2.295654200000000245e+01 9.377480852106779841e-01 8.999999999999999754e-04 7.293631755542264727e-01
-2.306418800000000502e+01 9.421452993198670134e-01 8.999999999999999754e-04 7.192882207439588171e-01
-2.333332800000000162e+01 9.531393558138110400e-01 1.699999999999999905e-03 6.791948596609802546e-01
-2.336955600000000288e+01 9.546192275484570722e-01 1.899999999999999996e-03 6.405056582470325388e-01
-2.330453400000000741e+01 9.519631543473380253e-01 1.699999999999999905e-03 7.032755760027643577e-01
-2.350254400000000032e+01 9.600516329323339759e-01 2.000000000000000042e-03 5.978320716750082919e-01
-2.330977999999999994e+01 9.521774473560589147e-01 1.199999999999999895e-03 5.755226122158163538e-01
-2.326704600000000056e+01 9.504318130757133387e-01 1.000000000000000021e-03 5.931322518339873229e-01
-2.359394999999999953e+01 9.637854618982455435e-01 1.799999999999999951e-03 5.222709745027772632e-01
-2.364800400000000380e+01 9.659935050346195595e-01 2.599999999999999881e-03 5.969956685493341686e-01
-2.377173400000000214e+01 9.710477318682217973e-01 2.200000000000000133e-03 4.243173093739439627e-01
-2.357601400000000069e+01 9.630527971242418550e-01 2.200000000000000133e-03 5.981327174472299557e-01
-2.387327600000000416e+01 9.751956046649375986e-01 3.899999999999999821e-03 5.316417106558617434e-01
-2.362029799999999824e+01 9.648617471048385186e-01 2.799999999999999972e-03 6.470924668098216870e-01
-2.406441600000000136e+01 9.830034517268847472e-01 4.400000000000000265e-03 3.857810183055255804e-01
-2.380026400000000564e+01 9.722131492412330322e-01 2.899999999999999800e-03 4.854822310555835241e-01
-2.418823399999999424e+01 9.880612732583073932e-01 5.599999999999999943e-03 3.321214491931241963e-01
-2.419096199999999897e+01 9.881727088907498180e-01 5.599999999999999943e-03 3.284815837526452453e-01
-2.412807799999999858e+01 9.856039705071383272e-01 4.700000000000000185e-03 3.351083031866652351e-01
-2.425232799999999855e+01 9.906794387369538546e-01 6.599999999999999964e-03 3.208858874170598674e-01
-2.399716400000000149e+01 9.802562856150814907e-01 3.700000000000000164e-03 3.908313076176744283e-01
-2.423126200000000097e+01 9.898189170972815365e-01 6.300000000000000044e-03 3.297788015251333915e-01
-2.448049999999999926e+01 1.000000000000000000e+00 1.179999999999999973e-02 0.000000000000000000e+00
-2.435959999999999681e+01 9.950613753804047334e-01 8.000000000000000167e-03 2.435622874723997744e-01
-2.445410799999999796e+01 9.989219174444965432e-01 9.599999999999999159e-03 1.299452251970622529e-01
-2.445146000000000086e+01 9.988137497191642566e-01 9.499999999999999764e-03 1.272201241942484962e-01
-2.423822400000000243e+01 9.901033067135067700e-01 6.300000000000000044e-03 3.180178456081549365e-01
-2.448049999999999926e+01 1.000000000000000000e+00 1.170000000000000033e-02 0.000000000000000000e+00
-2.379009400000000696e+01 9.717977165499074310e-01 4.400000000000000265e-03 7.457784031669886238e-01
-2.448049999999999926e+01 1.000000000000000000e+00 1.110000000000000049e-02 0.000000000000000000e+00
-2.424517600000000073e+01 9.903872878413432224e-01 6.400000000000000307e-03 3.166084958117861281e-01
-2.448049999999999926e+01 1.000000000000000000e+00 1.050000000000000065e-02 0.000000000000000000e+00
-2.448049999999999926e+01 1.000000000000000000e+00 1.540000000000000049e-02 0.000000000000000000e+00
-2.434826200000000185e+01 9.945982312452769092e-01 7.900000000000000772e-03 2.583809100979218565e-01
-2.440369400000000155e+01 9.968625640816161093e-01 8.800000000000000530e-03 2.093784480530194447e-01
-2.439918799999999877e+01 9.966784992136598076e-01 8.600000000000000006e-03 2.025453391218864918e-01
-2.433412000000000219e+01 9.940205469659526560e-01 7.700000000000000247e-03 2.697659479375902891e-01
-2.445146000000000086e+01 9.988137497191642566e-01 9.499999999999999764e-03 1.272201241942484962e-01
-2.434668200000000127e+01 9.945336900798595892e-01 7.900000000000000772e-03 2.613733489694679002e-01
-2.448049999999999926e+01 1.000000000000000000e+00 1.190000000000000085e-02 0.000000000000000000e+00
-2.445726799999999912e+01 9.990509997753314053e-01 9.599999999999999159e-03 1.143864607372744729e-01
-2.448049999999999926e+01 1.000000000000000000e+00 1.069999999999999944e-02 0.000000000000000000e+00
-2.411379200000000012e+01 9.850204039950164470e-01 4.400000000000000265e-03 3.271549059094263079e-01
-2.438176400000000044e+01 9.959667490451584726e-01 8.300000000000000086e-03 2.192666176142643308e-01
-2.448049999999999926e+01 1.000000000000000000e+00 1.000000000000000021e-02 0.000000000000000000e+00
-2.434339999999999904e+01 9.943996241906823963e-01 7.799999999999999642e-03 2.600958541256154777e-01
-2.403414999999999679e+01 9.817671207695920499e-01 3.700000000000000164e-03 3.581015073913529356e-01
-2.443245599999999840e+01 9.980374583852453796e-01 9.199999999999999845e-03 1.640344053095342536e-01
-2.448049999999999926e+01 1.000000000000000000e+00 1.140000000000000041e-02 0.000000000000000000e+00
-2.448049999999999926e+01 1.000000000000000000e+00 1.129999999999999928e-02 0.000000000000000000e+00
-2.435874599999999290e+01 9.950264904720080850e-01 8.099999999999999561e-03 2.528327412230131910e-01
-2.446307600000000093e+01 9.992882498314985540e-01 9.700000000000000289e-03 9.957618992510205991e-02
-2.446888399999999919e+01 9.995254998876657027e-01 9.799999999999999684e-03 8.172163483435715414e-02
-2.435359199999999902e+01 9.948159555564632939e-01 8.000000000000000167e-03 2.555925488868262541e-01
-2.448049999999999926e+01 1.000000000000000000e+00 1.220000000000000077e-02 0.000000000000000000e+00
-2.444565199999999905e+01 9.985764996629971080e-01 9.400000000000000369e-03 1.386272354193071044e-01
-2.437544399999999811e+01 9.957085843834888594e-01 8.300000000000000086e-03 2.338731799652768450e-01
-2.445066999999999879e+01 9.987814791364555411e-01 9.499999999999999764e-03 1.308738196381030172e-01
-2.448049999999999926e+01 1.000000000000000000e+00 1.009999999999999960e-02 0.000000000000000000e+00
-2.448049999999999926e+01 1.000000000000000000e+00 1.060000000000000005e-02 0.000000000000000000e+00
-2.448049999999999926e+01 1.000000000000000000e+00 1.119999999999999989e-02 0.000000000000000000e+00
-2.448049999999999926e+01 1.000000000000000000e+00 1.080000000000000057e-02 0.000000000000000000e+00
-2.448049999999999926e+01 1.000000000000000000e+00 1.439999999999999961e-02 0.000000000000000000e+00
-2.439207800000000148e+01 9.963880639692818120e-01 8.600000000000000006e-03 2.207156073074375280e-01
-2.418213400000000135e+01 9.878120953411899663e-01 5.799999999999999600e-03 3.593797350767542476e-01
-2.448049999999999926e+01 1.000000000000000000e+00 1.039999999999999952e-02 0.000000000000000000e+00
-2.407965000000000089e+01 9.836257429382569972e-01 4.700000000000000185e-03 3.966160246511739595e-01
-2.433266999999999669e+01 9.939613161495883809e-01 7.700000000000000247e-03 2.723032836431252823e-01
-2.413015800000000155e+01 9.856889360919917076e-01 5.199999999999999761e-03 3.741946323300829880e-01
-2.448049999999999926e+01 1.000000000000000000e+00 1.230000000000000017e-02 0.000000000000000000e+00
-2.448049999999999926e+01 1.000000000000000000e+00 1.179999999999999973e-02 0.000000000000000000e+00
-2.440499600000000058e+01 9.969157492698270673e-01 8.699999999999999400e-03 1.963090461491777960e-01
-2.448049999999999926e+01 1.000000000000000000e+00 1.190000000000000085e-02 0.000000000000000000e+00
-2.446888399999999919e+01 9.995254998876657027e-01 9.799999999999999684e-03 8.172163483435715414e-02
-2.448049999999999926e+01 1.000000000000000000e+00 1.080000000000000057e-02 0.000000000000000000e+00
-2.448049999999999926e+01 1.000000000000000000e+00 1.269999999999999948e-02 0.000000000000000000e+00
-2.433371999999999602e+01 9.940042074304036301e-01 7.499999999999999722e-03 2.557380675455244168e-01
-2.448049999999999926e+01 1.000000000000000000e+00 1.140000000000000041e-02 0.000000000000000000e+00
-2.440183600000000297e+01 9.967866669389924272e-01 8.699999999999999400e-03 2.049513228830573131e-01
-2.447469200000000100e+01 9.997627499438329624e-01 9.900000000000000813e-03 5.807999999999982621e-02
-2.448049999999999926e+01 1.000000000000000000e+00 1.149999999999999981e-02 0.000000000000000000e+00
-2.433190600000000003e+01 9.939301076366904297e-01 7.700000000000000247e-03 2.736340111989893353e-01
-2.444249199999999789e+01 9.984474173321622459e-01 9.400000000000000369e-03 1.514755917131485885e-01
-2.445082600000000284e+01 9.987878515553196834e-01 9.499999999999999764e-03 1.301224587327900195e-01
-2.448049999999999926e+01 1.000000000000000000e+00 1.269999999999999948e-02 0.000000000000000000e+00
-2.448049999999999926e+01 1.000000000000000000e+00 1.110000000000000049e-02 0.000000000000000000e+00
-2.447469200000000100e+01 9.997627499438329624e-01 9.900000000000000813e-03 5.807999999999982621e-02
-2.442241999999999891e+01 9.976274994383284023e-01 8.999999999999999320e-03 1.751177889307651836e-01
-2.442664800000000014e+01 9.978002083290782309e-01 9.100000000000000450e-03 1.723857774254763942e-01
-2.448049999999999926e+01 1.000000000000000000e+00 1.000000000000000021e-02 0.000000000000000000e+00
-2.448049999999999926e+01 1.000000000000000000e+00 1.089999999999999997e-02 0.000000000000000000e+00
-2.443984399999999724e+01 9.983392496068298483e-01 9.299999999999999239e-03 1.489359379062018818e-01
-2.448049999999999926e+01 1.000000000000000000e+00 1.030000000000000013e-02 0.000000000000000000e+00
-2.448049999999999926e+01 1.000000000000000000e+00 1.060000000000000005e-02 0.000000000000000000e+00
-2.448049999999999926e+01 1.000000000000000000e+00 1.529999999999999936e-02 0.000000000000000000e+00
-2.448049999999999926e+01 1.000000000000000000e+00 1.000000000000000021e-02 0.000000000000000000e+00
-2.448049999999999926e+01 1.000000000000000000e+00 1.439999999999999961e-02 0.000000000000000000e+00
-2.448049999999999926e+01 1.000000000000000000e+00 1.110000000000000049e-02 0.000000000000000000e+00
-2.448049999999999926e+01 1.000000000000000000e+00 1.260000000000000009e-02 0.000000000000000000e+00
-2.448049999999999926e+01 1.000000000000000000e+00 1.129999999999999928e-02 0.000000000000000000e+00
-2.448049999999999926e+01 1.000000000000000000e+00 1.069999999999999944e-02 0.000000000000000000e+00
-2.441345200000000304e+01 9.972611670513267246e-01 8.899999999999999925e-03 1.920937589256399569e-01
-2.436461800000000011e+01 9.952663548538632776e-01 8.099999999999999561e-03 2.410505661273233680e-01
-2.446888399999999919e+01 9.995254998876657027e-01 9.799999999999999684e-03 8.172163483435715414e-02
-2.448049999999999926e+01 1.000000000000000000e+00 1.129999999999999928e-02 0.000000000000000000e+00
-2.422151199999999704e+01 9.894206409182818573e-01 6.000000000000000125e-03 3.193898688740668956e-01
-2.448049999999999926e+01 1.000000000000000000e+00 1.030000000000000013e-02 0.000000000000000000e+00
-2.448049999999999926e+01 1.000000000000000000e+00 1.220000000000000077e-02 0.000000000000000000e+00
-2.448049999999999926e+01 1.000000000000000000e+00 1.609999999999999973e-02 0.000000000000000000e+00
-2.437544399999999811e+01 9.957085843834888594e-01 8.300000000000000086e-03 2.338731799652768450e-01
-2.428366199999999964e+01 9.919593962541615184e-01 7.000000000000000146e-03 3.022954133380998942e-01
-2.444565199999999905e+01 9.985764996629971080e-01 9.400000000000000369e-03 1.386272354193071044e-01
-2.444565199999999905e+01 9.985764996629971080e-01 9.400000000000000369e-03 1.386272354193071044e-01
-2.443403599999999898e+01 9.981019995506628106e-01 9.199999999999999845e-03 1.583608840591640976e-01
-2.448049999999999926e+01 1.000000000000000000e+00 1.260000000000000009e-02 0.000000000000000000e+00
-2.448049999999999926e+01 1.000000000000000000e+00 1.310000000000000053e-02 0.000000000000000000e+00
-2.448049999999999926e+01 1.000000000000000000e+00 1.099999999999999936e-02 0.000000000000000000e+00
-2.448049999999999926e+01 1.000000000000000000e+00 1.149999999999999981e-02 0.000000000000000000e+00
-2.448049999999999926e+01 1.000000000000000000e+00 1.080000000000000057e-02 0.000000000000000000e+00
-2.448049999999999926e+01 1.000000000000000000e+00 1.230000000000000017e-02 0.000000000000000000e+00
-2.448049999999999926e+01 1.000000000000000000e+00 1.260000000000000009e-02 0.000000000000000000e+00
-2.436647599999999869e+01 9.953422519964869597e-01 8.200000000000000691e-03 2.451109223732527709e-01
-2.448049999999999926e+01 1.000000000000000000e+00 1.140000000000000041e-02 0.000000000000000000e+00
-2.448049999999999926e+01 1.000000000000000000e+00 1.299999999999999940e-02 0.000000000000000000e+00
-2.448049999999999926e+01 1.000000000000000000e+00 1.039999999999999952e-02 0.000000000000000000e+00
-2.448049999999999926e+01 1.000000000000000000e+00 1.129999999999999928e-02 0.000000000000000000e+00
-2.444486200000000053e+01 9.985442290802883925e-01 9.400000000000000369e-03 1.419550553285557348e-01
-2.440843399999999974e+01 9.970561875778680694e-01 8.800000000000000530e-03 1.965000589713845336e-01
-2.440527400000000213e+01 9.969271052470334293e-01 8.800000000000000530e-03 2.051877773251525594e-01
-2.448049999999999926e+01 1.000000000000000000e+00 1.009999999999999960e-02 0.000000000000000000e+00
-2.448049999999999926e+01 1.000000000000000000e+00 1.200000000000000025e-02 0.000000000000000000e+00
-2.448049999999999926e+01 1.000000000000000000e+00 1.209999999999999964e-02 0.000000000000000000e+00
-2.448049999999999926e+01 1.000000000000000000e+00 1.290000000000000001e-02 0.000000000000000000e+00
-2.448049999999999926e+01 1.000000000000000000e+00 1.209999999999999964e-02 0.000000000000000000e+00
-2.446888399999999919e+01 9.995254998876657027e-01 9.799999999999999684e-03 8.172163483435715414e-02
-2.448049999999999926e+01 1.000000000000000000e+00 1.269999999999999948e-02 0.000000000000000000e+00
-2.448049999999999926e+01 1.000000000000000000e+00 1.370000000000000037e-02 0.000000000000000000e+00
-2.448049999999999926e+01 1.000000000000000000e+00 1.000000000000000021e-02 0.000000000000000000e+00
-2.448049999999999926e+01 1.000000000000000000e+00 1.080000000000000057e-02 0.000000000000000000e+00
-2.445726799999999912e+01 9.990509997753314053e-01 9.599999999999999159e-03 1.143864607372744729e-01
-2.448049999999999926e+01 1.000000000000000000e+00 1.209999999999999964e-02 0.000000000000000000e+00
-2.445146000000000086e+01 9.988137497191642566e-01 9.499999999999999764e-03 1.272201241942484962e-01
-2.448049999999999926e+01 1.000000000000000000e+00 1.030000000000000013e-02 0.000000000000000000e+00
-2.448049999999999926e+01 1.000000000000000000e+00 1.549999999999999989e-02 0.000000000000000000e+00
-2.448049999999999926e+01 1.000000000000000000e+00 1.269999999999999948e-02 0.000000000000000000e+00
-2.448049999999999926e+01 1.000000000000000000e+00 1.220000000000000077e-02 0.000000000000000000e+00
-2.448049999999999926e+01 1.000000000000000000e+00 1.389999999999999916e-02 0.000000000000000000e+00
-2.448049999999999926e+01 1.000000000000000000e+00 1.089999999999999997e-02 0.000000000000000000e+00
-2.448049999999999926e+01 1.000000000000000000e+00 1.260000000000000009e-02 0.000000000000000000e+00
-2.448049999999999926e+01 1.000000000000000000e+00 1.060000000000000005e-02 0.000000000000000000e+00
-2.448049999999999926e+01 1.000000000000000000e+00 1.239999999999999956e-02 0.000000000000000000e+00
-2.448049999999999926e+01 1.000000000000000000e+00 1.170000000000000033e-02 0.000000000000000000e+00
-2.448049999999999926e+01 1.000000000000000000e+00 1.089999999999999997e-02 0.000000000000000000e+00
-2.448049999999999926e+01 1.000000000000000000e+00 1.050000000000000065e-02 0.000000000000000000e+00
-2.448049999999999926e+01 1.000000000000000000e+00 1.200000000000000025e-02 0.000000000000000000e+00
-2.448049999999999926e+01 1.000000000000000000e+00 1.099999999999999936e-02 0.000000000000000000e+00
-2.448049999999999926e+01 1.000000000000000000e+00 1.020000000000000073e-02 0.000000000000000000e+00
-2.448049999999999926e+01 1.000000000000000000e+00 1.009999999999999960e-02 0.000000000000000000e+00
-2.448049999999999926e+01 1.000000000000000000e+00 1.220000000000000077e-02 0.000000000000000000e+00
-2.448049999999999926e+01 1.000000000000000000e+00 1.220000000000000077e-02 0.000000000000000000e+00
-2.448049999999999926e+01 1.000000000000000000e+00 1.370000000000000037e-02 0.000000000000000000e+00
-2.448049999999999926e+01 1.000000000000000000e+00 1.129999999999999928e-02 0.000000000000000000e+00
-2.448049999999999926e+01 1.000000000000000000e+00 1.280000000000000061e-02 0.000000000000000000e+00
-2.445726799999999912e+01 9.990509997753314053e-01 9.599999999999999159e-03 1.143864607372744729e-01
-2.448049999999999926e+01 1.000000000000000000e+00 1.379999999999999977e-02 0.000000000000000000e+00
-2.448049999999999926e+01 1.000000000000000000e+00 1.250000000000000069e-02 0.000000000000000000e+00
-2.448049999999999926e+01 1.000000000000000000e+00 1.170000000000000033e-02 0.000000000000000000e+00
-2.448049999999999926e+01 1.000000000000000000e+00 1.050000000000000065e-02 0.000000000000000000e+00
-2.448049999999999926e+01 1.000000000000000000e+00 1.069999999999999944e-02 0.000000000000000000e+00
-2.448049999999999926e+01 1.000000000000000000e+00 1.099999999999999936e-02 0.000000000000000000e+00
-2.448049999999999926e+01 1.000000000000000000e+00 1.089999999999999997e-02 0.000000000000000000e+00
-2.448049999999999926e+01 1.000000000000000000e+00 1.110000000000000049e-02 0.000000000000000000e+00
-2.448049999999999926e+01 1.000000000000000000e+00 1.020000000000000073e-02 0.000000000000000000e+00
-2.448049999999999926e+01 1.000000000000000000e+00 1.099999999999999936e-02 0.000000000000000000e+00
-2.439602799999999760e+01 9.965494168828250565e-01 8.600000000000000006e-03 2.108443506906975129e-01
-2.448049999999999926e+01 1.000000000000000000e+00 1.069999999999999944e-02 0.000000000000000000e+00
-2.447469200000000100e+01 9.997627499438329624e-01 9.900000000000000813e-03 5.807999999999982621e-02
-2.448049999999999926e+01 1.000000000000000000e+00 1.060000000000000005e-02 0.000000000000000000e+00
-2.448049999999999926e+01 1.000000000000000000e+00 1.110000000000000049e-02 0.000000000000000000e+00
-2.448049999999999926e+01 1.000000000000000000e+00 1.069999999999999944e-02 0.000000000000000000e+00
-2.446307600000000093e+01 9.992882498314985540e-01 9.700000000000000289e-03 9.957618992510205991e-02
-2.448049999999999926e+01 1.000000000000000000e+00 1.269999999999999948e-02 0.000000000000000000e+00
-2.448049999999999926e+01 1.000000000000000000e+00 1.179999999999999973e-02 0.000000000000000000e+00
-2.447469200000000100e+01 9.997627499438329624e-01 9.900000000000000813e-03 5.807999999999982621e-02
-2.448049999999999926e+01 1.000000000000000000e+00 1.110000000000000049e-02 0.000000000000000000e+00
-2.447469200000000100e+01 9.997627499438329624e-01 9.900000000000000813e-03 5.807999999999982621e-02
-2.448049999999999926e+01 1.000000000000000000e+00 1.000000000000000021e-02 0.000000000000000000e+00
-2.448049999999999926e+01 1.000000000000000000e+00 1.099999999999999936e-02 0.000000000000000000e+00
-2.446307600000000093e+01 9.992882498314985540e-01 9.700000000000000289e-03 9.957618992510205991e-02
-2.448049999999999926e+01 1.000000000000000000e+00 1.149999999999999981e-02 0.000000000000000000e+00
-2.448049999999999926e+01 1.000000000000000000e+00 1.039999999999999952e-02 0.000000000000000000e+00
-2.448049999999999926e+01 1.000000000000000000e+00 1.099999999999999936e-02 0.000000000000000000e+00
-2.448049999999999926e+01 1.000000000000000000e+00 1.230000000000000017e-02 0.000000000000000000e+00
-2.448049999999999926e+01 1.000000000000000000e+00 1.409999999999999969e-02 0.000000000000000000e+00
-2.448049999999999926e+01 1.000000000000000000e+00 1.319999999999999993e-02 0.000000000000000000e+00
-2.448049999999999926e+01 1.000000000000000000e+00 1.020000000000000073e-02 0.000000000000000000e+00
-2.448049999999999926e+01 1.000000000000000000e+00 1.239999999999999956e-02 0.000000000000000000e+00
-2.448049999999999926e+01 1.000000000000000000e+00 1.179999999999999973e-02 0.000000000000000000e+00
-2.448049999999999926e+01 1.000000000000000000e+00 1.089999999999999997e-02 0.000000000000000000e+00
-2.448049999999999926e+01 1.000000000000000000e+00 1.119999999999999989e-02 0.000000000000000000e+00
-2.448049999999999926e+01 1.000000000000000000e+00 1.299999999999999940e-02 0.000000000000000000e+00
-2.448049999999999926e+01 1.000000000000000000e+00 1.129999999999999928e-02 0.000000000000000000e+00
-2.443984399999999724e+01 9.983392496068298483e-01 9.299999999999999239e-03 1.489359379062018818e-01
-2.445146000000000086e+01 9.988137497191642566e-01 9.499999999999999764e-03 1.272201241942484962e-01
-2.448049999999999926e+01 1.000000000000000000e+00 1.119999999999999989e-02 0.000000000000000000e+00
-2.441610000000000014e+01 9.973693347766590112e-01 8.999999999999999320e-03 1.944328608382272505e-01
-2.448049999999999926e+01 1.000000000000000000e+00 1.110000000000000049e-02 0.000000000000000000e+00
-2.446888399999999919e+01 9.995254998876657027e-01 9.799999999999999684e-03 8.172163483435715414e-02
-2.448049999999999926e+01 1.000000000000000000e+00 1.239999999999999956e-02 0.000000000000000000e+00
-2.446307600000000093e+01 9.992882498314985540e-01 9.700000000000000289e-03 9.957618992510205991e-02
-2.448049999999999926e+01 1.000000000000000000e+00 1.190000000000000085e-02 0.000000000000000000e+00
-2.448049999999999926e+01 1.000000000000000000e+00 1.050000000000000065e-02 0.000000000000000000e+00
-2.448049999999999926e+01 1.000000000000000000e+00 1.050000000000000065e-02 0.000000000000000000e+00
-2.444565199999999905e+01 9.985764996629971080e-01 9.400000000000000369e-03 1.386272354193071044e-01
-2.448049999999999926e+01 1.000000000000000000e+00 1.119999999999999989e-02 0.000000000000000000e+00
-2.448049999999999926e+01 1.000000000000000000e+00 1.179999999999999973e-02 0.000000000000000000e+00
-2.448049999999999926e+01 1.000000000000000000e+00 1.230000000000000017e-02 0.000000000000000000e+00
-2.448049999999999926e+01 1.000000000000000000e+00 1.209999999999999964e-02 0.000000000000000000e+00
-2.448049999999999926e+01 1.000000000000000000e+00 1.269999999999999948e-02 0.000000000000000000e+00
-2.448049999999999926e+01 1.000000000000000000e+00 1.200000000000000025e-02 0.000000000000000000e+00
-2.448049999999999926e+01 1.000000000000000000e+00 1.170000000000000033e-02 0.000000000000000000e+00
-2.448049999999999926e+01 1.000000000000000000e+00 1.119999999999999989e-02 0.000000000000000000e+00
-2.448049999999999926e+01 1.000000000000000000e+00 1.239999999999999956e-02 0.000000000000000000e+00
-2.448049999999999926e+01 1.000000000000000000e+00 1.329999999999999932e-02 0.000000000000000000e+00
-2.442241999999999891e+01 9.976274994383284023e-01 8.999999999999999320e-03 1.751177889307651836e-01
-2.448049999999999926e+01 1.000000000000000000e+00 1.239999999999999956e-02 0.000000000000000000e+00
-2.448049999999999926e+01 1.000000000000000000e+00 1.009999999999999960e-02 0.000000000000000000e+00
-2.448049999999999926e+01 1.000000000000000000e+00 1.209999999999999964e-02 0.000000000000000000e+00
-2.448049999999999926e+01 1.000000000000000000e+00 1.069999999999999944e-02 0.000000000000000000e+00
-2.448049999999999926e+01 1.000000000000000000e+00 1.129999999999999928e-02 0.000000000000000000e+00
-2.448049999999999926e+01 1.000000000000000000e+00 1.039999999999999952e-02 0.000000000000000000e+00
-2.448049999999999926e+01 1.000000000000000000e+00 1.020000000000000073e-02 0.000000000000000000e+00
-2.448049999999999926e+01 1.000000000000000000e+00 1.110000000000000049e-02 0.000000000000000000e+00
-2.448049999999999926e+01 1.000000000000000000e+00 1.020000000000000073e-02 0.000000000000000000e+00
-2.448049999999999926e+01 1.000000000000000000e+00 1.190000000000000085e-02 0.000000000000000000e+00
-2.448049999999999926e+01 1.000000000000000000e+00 1.239999999999999956e-02 0.000000000000000000e+00
-2.448049999999999926e+01 1.000000000000000000e+00 1.000000000000000021e-02 0.000000000000000000e+00
-2.448049999999999926e+01 1.000000000000000000e+00 1.129999999999999928e-02 0.000000000000000000e+00
-2.448049999999999926e+01 1.000000000000000000e+00 1.039999999999999952e-02 0.000000000000000000e+00
-2.448049999999999926e+01 1.000000000000000000e+00 1.050000000000000065e-02 0.000000000000000000e+00
-2.445146000000000086e+01 9.988137497191642566e-01 9.499999999999999764e-03 1.272201241942484962e-01
-2.448049999999999926e+01 1.000000000000000000e+00 1.009999999999999960e-02 0.000000000000000000e+00
-2.448049999999999926e+01 1.000000000000000000e+00 1.119999999999999989e-02 0.000000000000000000e+00
-2.448049999999999926e+01 1.000000000000000000e+00 1.089999999999999997e-02 0.000000000000000000e+00
-2.448049999999999926e+01 1.000000000000000000e+00 1.129999999999999928e-02 0.000000000000000000e+00
-2.448049999999999926e+01 1.000000000000000000e+00 1.039999999999999952e-02 0.000000000000000000e+00
-2.448049999999999926e+01 1.000000000000000000e+00 1.170000000000000033e-02 0.000000000000000000e+00
-2.448049999999999926e+01 1.000000000000000000e+00 1.310000000000000053e-02 0.000000000000000000e+00
-2.448049999999999926e+01 1.000000000000000000e+00 1.190000000000000085e-02 0.000000000000000000e+00
-2.448049999999999926e+01 1.000000000000000000e+00 1.000000000000000021e-02 0.000000000000000000e+00
-2.448049999999999926e+01 1.000000000000000000e+00 1.009999999999999960e-02 0.000000000000000000e+00
-2.448049999999999926e+01 1.000000000000000000e+00 1.269999999999999948e-02 0.000000000000000000e+00
-2.448049999999999926e+01 1.000000000000000000e+00 1.129999999999999928e-02 0.000000000000000000e+00
-2.448049999999999926e+01 1.000000000000000000e+00 1.069999999999999944e-02 0.000000000000000000e+00
-2.448049999999999926e+01 1.000000000000000000e+00 1.149999999999999981e-02 0.000000000000000000e+00
-2.448049999999999926e+01 1.000000000000000000e+00 1.260000000000000009e-02 0.000000000000000000e+00
-2.448049999999999926e+01 1.000000000000000000e+00 1.149999999999999981e-02 0.000000000000000000e+00
-2.448049999999999926e+01 1.000000000000000000e+00 1.239999999999999956e-02 0.000000000000000000e+00
-2.448049999999999926e+01 1.000000000000000000e+00 1.190000000000000085e-02 0.000000000000000000e+00
-2.448049999999999926e+01 1.000000000000000000e+00 1.020000000000000073e-02 0.000000000000000000e+00
-2.448049999999999926e+01 1.000000000000000000e+00 1.069999999999999944e-02 0.000000000000000000e+00
-2.448049999999999926e+01 1.000000000000000000e+00 1.239999999999999956e-02 0.000000000000000000e+00
-2.448049999999999926e+01 1.000000000000000000e+00 1.009999999999999960e-02 0.000000000000000000e+00
-2.437967200000000290e+01 9.958812932742387991e-01 8.399999999999999481e-03 2.326983498789016724e-01
-2.448049999999999926e+01 1.000000000000000000e+00 1.239999999999999956e-02 0.000000000000000000e+00
-2.444565199999999905e+01 9.985764996629971080e-01 9.400000000000000369e-03 1.386272354193071044e-01
-2.448049999999999926e+01 1.000000000000000000e+00 1.030000000000000013e-02 0.000000000000000000e+00
-2.448049999999999926e+01 1.000000000000000000e+00 1.260000000000000009e-02 0.000000000000000000e+00
-2.448049999999999926e+01 1.000000000000000000e+00 1.200000000000000025e-02 0.000000000000000000e+00
-2.448049999999999926e+01 1.000000000000000000e+00 1.209999999999999964e-02 0.000000000000000000e+00
-2.448049999999999926e+01 1.000000000000000000e+00 1.220000000000000077e-02 0.000000000000000000e+00
-2.448049999999999926e+01 1.000000000000000000e+00 1.089999999999999997e-02 0.000000000000000000e+00
-2.448049999999999926e+01 1.000000000000000000e+00 1.149999999999999981e-02 0.000000000000000000e+00
-2.448049999999999926e+01 1.000000000000000000e+00 1.000000000000000021e-02 0.000000000000000000e+00
-2.448049999999999926e+01 1.000000000000000000e+00 1.379999999999999977e-02 0.000000000000000000e+00
-2.448049999999999926e+01 1.000000000000000000e+00 1.340000000000000045e-02 0.000000000000000000e+00
-2.448049999999999926e+01 1.000000000000000000e+00 1.000000000000000021e-02 0.000000000000000000e+00
-2.448049999999999926e+01 1.000000000000000000e+00 1.030000000000000013e-02 0.000000000000000000e+00
-2.448049999999999926e+01 1.000000000000000000e+00 1.149999999999999981e-02 0.000000000000000000e+00
-2.440025599999999883e+01 9.967221257735748852e-01 8.699999999999999400e-03 2.091204951189337136e-01
-2.448049999999999926e+01 1.000000000000000000e+00 1.119999999999999989e-02 0.000000000000000000e+00
-2.447469200000000100e+01 9.997627499438329624e-01 9.900000000000000813e-03 5.807999999999982621e-02
-2.448049999999999926e+01 1.000000000000000000e+00 1.050000000000000065e-02 0.000000000000000000e+00
-2.443403599999999898e+01 9.981019995506628106e-01 9.199999999999999845e-03 1.583608840591640976e-01
-2.448049999999999926e+01 1.000000000000000000e+00 1.119999999999999989e-02 0.000000000000000000e+00
-2.448049999999999926e+01 1.000000000000000000e+00 1.060000000000000005e-02 0.000000000000000000e+00
-2.448049999999999926e+01 1.000000000000000000e+00 1.140000000000000041e-02 0.000000000000000000e+00
-2.448049999999999926e+01 1.000000000000000000e+00 1.039999999999999952e-02 0.000000000000000000e+00
-2.448049999999999926e+01 1.000000000000000000e+00 1.039999999999999952e-02 0.000000000000000000e+00
-2.448049999999999926e+01 1.000000000000000000e+00 1.170000000000000033e-02 0.000000000000000000e+00
-2.448049999999999926e+01 1.000000000000000000e+00 1.020000000000000073e-02 0.000000000000000000e+00
-2.448049999999999926e+01 1.000000000000000000e+00 1.060000000000000005e-02 0.000000000000000000e+00
-2.445726799999999912e+01 9.990509997753314053e-01 9.599999999999999159e-03 1.143864607372744729e-01
-2.448049999999999926e+01 1.000000000000000000e+00 1.099999999999999936e-02 0.000000000000000000e+00
-2.442822800000000072e+01 9.978647494944956620e-01 9.100000000000000450e-03 1.670517237265152777e-01
-2.448049999999999926e+01 1.000000000000000000e+00 1.239999999999999956e-02 0.000000000000000000e+00
-2.446888399999999919e+01 9.995254998876657027e-01 9.799999999999999684e-03 8.172163483435715414e-02
-2.448049999999999926e+01 1.000000000000000000e+00 1.159999999999999920e-02 0.000000000000000000e+00
-2.448049999999999926e+01 1.000000000000000000e+00 1.069999999999999944e-02 0.000000000000000000e+00
-2.448049999999999926e+01 1.000000000000000000e+00 1.179999999999999973e-02 0.000000000000000000e+00
-2.448049999999999926e+01 1.000000000000000000e+00 1.140000000000000041e-02 0.000000000000000000e+00
-2.448049999999999926e+01 1.000000000000000000e+00 1.050000000000000065e-02 0.000000000000000000e+00
-2.448049999999999926e+01 1.000000000000000000e+00 1.220000000000000077e-02 0.000000000000000000e+00
-2.448049999999999926e+01 1.000000000000000000e+00 1.170000000000000033e-02 0.000000000000000000e+00
-2.448049999999999926e+01 1.000000000000000000e+00 1.140000000000000041e-02 0.000000000000000000e+00
-2.448049999999999926e+01 1.000000000000000000e+00 1.250000000000000069e-02 0.000000000000000000e+00
-2.443403599999999898e+01 9.981019995506628106e-01 9.199999999999999845e-03 1.583608840591640976e-01
-2.447469200000000100e+01 9.997627499438329624e-01 9.900000000000000813e-03 5.807999999999982621e-02
-2.448049999999999926e+01 1.000000000000000000e+00 1.089999999999999997e-02 0.000000000000000000e+00
-2.448049999999999926e+01 1.000000000000000000e+00 1.009999999999999960e-02 0.000000000000000000e+00
-2.448049999999999926e+01 1.000000000000000000e+00 1.080000000000000057e-02 0.000000000000000000e+00
-2.448049999999999926e+01 1.000000000000000000e+00 1.239999999999999956e-02 0.000000000000000000e+00
-2.448049999999999926e+01 1.000000000000000000e+00 1.069999999999999944e-02 0.000000000000000000e+00
-2.448049999999999926e+01 1.000000000000000000e+00 1.149999999999999981e-02 0.000000000000000000e+00
-2.448049999999999926e+01 1.000000000000000000e+00 1.129999999999999928e-02 0.000000000000000000e+00
-2.446888399999999919e+01 9.995254998876657027e-01 9.799999999999999684e-03 8.172163483435715414e-02
-2.448049999999999926e+01 1.000000000000000000e+00 1.230000000000000017e-02 0.000000000000000000e+00
-2.448049999999999926e+01 1.000000000000000000e+00 1.260000000000000009e-02 0.000000000000000000e+00
-2.448049999999999926e+01 1.000000000000000000e+00 1.220000000000000077e-02 0.000000000000000000e+00
-2.448049999999999926e+01 1.000000000000000000e+00 1.349999999999999985e-02 0.000000000000000000e+00
-2.448049999999999926e+01 1.000000000000000000e+00 1.170000000000000033e-02 0.000000000000000000e+00
-2.448049999999999926e+01 1.000000000000000000e+00 1.110000000000000049e-02 0.000000000000000000e+00
-2.448049999999999926e+01 1.000000000000000000e+00 1.170000000000000033e-02 0.000000000000000000e+00
-2.448049999999999926e+01 1.000000000000000000e+00 1.319999999999999993e-02 0.000000000000000000e+00
-2.448049999999999926e+01 1.000000000000000000e+00 1.080000000000000057e-02 0.000000000000000000e+00
-2.448049999999999926e+01 1.000000000000000000e+00 1.099999999999999936e-02 0.000000000000000000e+00
-2.448049999999999926e+01 1.000000000000000000e+00 1.119999999999999989e-02 0.000000000000000000e+00
-2.448049999999999926e+01 1.000000000000000000e+00 1.030000000000000013e-02 0.000000000000000000e+00
-2.448049999999999926e+01 1.000000000000000000e+00 1.119999999999999989e-02 0.000000000000000000e+00
-2.448049999999999926e+01 1.000000000000000000e+00 1.260000000000000009e-02 0.000000000000000000e+00
-2.448049999999999926e+01 1.000000000000000000e+00 1.089999999999999997e-02 0.000000000000000000e+00
-2.448049999999999926e+01 1.000000000000000000e+00 1.179999999999999973e-02 0.000000000000000000e+00
-2.445726799999999912e+01 9.990509997753314053e-01 9.599999999999999159e-03 1.143864607372744729e-01
-2.443984399999999724e+01 9.983392496068298483e-01 9.299999999999999239e-03 1.489359379062018818e-01
-2.448049999999999926e+01 1.000000000000000000e+00 1.170000000000000033e-02 0.000000000000000000e+00
-2.448049999999999926e+01 1.000000000000000000e+00 1.200000000000000025e-02 0.000000000000000000e+00
-2.448049999999999926e+01 1.000000000000000000e+00 1.099999999999999936e-02 0.000000000000000000e+00
-2.443984399999999724e+01 9.983392496068298483e-01 9.299999999999999239e-03 1.489359379062018818e-01
-2.448049999999999926e+01 1.000000000000000000e+00 1.119999999999999989e-02 0.000000000000000000e+00
-2.439681799999999612e+01 9.965816874655336610e-01 8.600000000000000006e-03 2.088050525628094012e-01
-2.448049999999999926e+01 1.000000000000000000e+00 1.340000000000000045e-02 0.000000000000000000e+00
-2.448049999999999926e+01 1.000000000000000000e+00 1.099999999999999936e-02 0.000000000000000000e+00
-2.446888399999999919e+01 9.995254998876657027e-01 9.799999999999999684e-03 8.172163483435715414e-02
-2.448049999999999926e+01 1.000000000000000000e+00 1.159999999999999920e-02 0.000000000000000000e+00
-2.448049999999999926e+01 1.000000000000000000e+00 1.050000000000000065e-02 0.000000000000000000e+00
-2.448049999999999926e+01 1.000000000000000000e+00 1.080000000000000057e-02 0.000000000000000000e+00
-2.448049999999999926e+01 1.000000000000000000e+00 1.179999999999999973e-02 0.000000000000000000e+00
-2.448049999999999926e+01 1.000000000000000000e+00 1.069999999999999944e-02 0.000000000000000000e+00
-2.448049999999999926e+01 1.000000000000000000e+00 1.209999999999999964e-02 0.000000000000000000e+00
-2.448049999999999926e+01 1.000000000000000000e+00 1.099999999999999936e-02 0.000000000000000000e+00
-2.448049999999999926e+01 1.000000000000000000e+00 1.190000000000000085e-02 0.000000000000000000e+00
-2.448049999999999926e+01 1.000000000000000000e+00 1.020000000000000073e-02 0.000000000000000000e+00
-2.448049999999999926e+01 1.000000000000000000e+00 1.039999999999999952e-02 0.000000000000000000e+00
-2.448049999999999926e+01 1.000000000000000000e+00 1.089999999999999997e-02 0.000000000000000000e+00
-2.448049999999999926e+01 1.000000000000000000e+00 1.110000000000000049e-02 0.000000000000000000e+00
-2.448049999999999926e+01 1.000000000000000000e+00 1.030000000000000013e-02 0.000000000000000000e+00
-2.443984399999999724e+01 9.983392496068298483e-01 9.299999999999999239e-03 1.489359379062018818e-01
-2.447469200000000100e+01 9.997627499438329624e-01 9.900000000000000813e-03 5.807999999999982621e-02
-2.448049999999999926e+01 1.000000000000000000e+00 1.009999999999999960e-02 0.000000000000000000e+00
-2.448049999999999926e+01 1.000000000000000000e+00 1.260000000000000009e-02 0.000000000000000000e+00
-2.448049999999999926e+01 1.000000000000000000e+00 1.099999999999999936e-02 0.000000000000000000e+00
-2.448049999999999926e+01 1.000000000000000000e+00 1.000000000000000021e-02 0.000000000000000000e+00
-2.448049999999999926e+01 1.000000000000000000e+00 1.050000000000000065e-02 0.000000000000000000e+00
-2.448049999999999926e+01 1.000000000000000000e+00 1.220000000000000077e-02 0.000000000000000000e+00
-2.448049999999999926e+01 1.000000000000000000e+00 1.149999999999999981e-02 0.000000000000000000e+00
-2.445726799999999912e+01 9.990509997753314053e-01 9.599999999999999159e-03 1.143864607372744729e-01
-2.448049999999999926e+01 1.000000000000000000e+00 1.069999999999999944e-02 0.000000000000000000e+00
-2.448049999999999926e+01 1.000000000000000000e+00 1.170000000000000033e-02 0.000000000000000000e+00
-2.445726799999999912e+01 9.990509997753314053e-01 9.599999999999999159e-03 1.143864607372744729e-01
-2.448049999999999926e+01 1.000000000000000000e+00 1.140000000000000041e-02 0.000000000000000000e+00
-2.448049999999999926e+01 1.000000000000000000e+00 1.080000000000000057e-02 0.000000000000000000e+00
-2.448049999999999926e+01 1.000000000000000000e+00 1.119999999999999989e-02 0.000000000000000000e+00
-2.448049999999999926e+01 1.000000000000000000e+00 1.170000000000000033e-02 0.000000000000000000e+00
-2.445726799999999912e+01 9.990509997753314053e-01 9.599999999999999159e-03 1.143864607372744729e-01
-2.448049999999999926e+01 1.000000000000000000e+00 1.099999999999999936e-02 0.000000000000000000e+00
-2.448049999999999926e+01 1.000000000000000000e+00 1.140000000000000041e-02 0.000000000000000000e+00
-2.448049999999999926e+01 1.000000000000000000e+00 1.140000000000000041e-02 0.000000000000000000e+00
-2.448049999999999926e+01 1.000000000000000000e+00 1.020000000000000073e-02 0.000000000000000000e+00
-2.448049999999999926e+01 1.000000000000000000e+00 1.319999999999999993e-02 0.000000000000000000e+00
-2.448049999999999926e+01 1.000000000000000000e+00 1.340000000000000045e-02 0.000000000000000000e+00
-2.445146000000000086e+01 9.988137497191642566e-01 9.499999999999999764e-03 1.272201241942484962e-01
-2.448049999999999926e+01 1.000000000000000000e+00 1.149999999999999981e-02 0.000000000000000000e+00
-2.448049999999999926e+01 1.000000000000000000e+00 1.280000000000000061e-02 0.000000000000000000e+00
-2.447469200000000100e+01 9.997627499438329624e-01 9.900000000000000813e-03 5.807999999999982621e-02
-2.448049999999999926e+01 1.000000000000000000e+00 1.000000000000000021e-02 0.000000000000000000e+00
-2.448049999999999926e+01 1.000000000000000000e+00 1.149999999999999981e-02 0.000000000000000000e+00
-2.447469200000000100e+01 9.997627499438329624e-01 9.900000000000000813e-03 5.807999999999982621e-02
-2.448049999999999926e+01 1.000000000000000000e+00 1.069999999999999944e-02 0.000000000000000000e+00
-2.448049999999999926e+01 1.000000000000000000e+00 1.140000000000000041e-02 0.000000000000000000e+00
-2.448049999999999926e+01 1.000000000000000000e+00 1.110000000000000049e-02 0.000000000000000000e+00
-2.448049999999999926e+01 1.000000000000000000e+00 1.000000000000000021e-02 0.000000000000000000e+00
-2.448049999999999926e+01 1.000000000000000000e+00 1.089999999999999997e-02 0.000000000000000000e+00
-2.443984399999999724e+01 9.983392496068298483e-01 9.299999999999999239e-03 1.489359379062018818e-01
-2.448049999999999926e+01 1.000000000000000000e+00 1.230000000000000017e-02 0.000000000000000000e+00
-2.442241999999999891e+01 9.976274994383284023e-01 8.999999999999999320e-03 1.751177889307651836e-01
-2.448049999999999926e+01 1.000000000000000000e+00 1.110000000000000049e-02 0.000000000000000000e+00
-2.443984399999999724e+01 9.983392496068298483e-01 9.299999999999999239e-03 1.489359379062018818e-01
-2.448049999999999926e+01 1.000000000000000000e+00 1.200000000000000025e-02 0.000000000000000000e+00
-2.443403599999999898e+01 9.981019995506628106e-01 9.199999999999999845e-03 1.583608840591640976e-01
-2.448049999999999926e+01 1.000000000000000000e+00 1.110000000000000049e-02 0.000000000000000000e+00
-2.448049999999999926e+01 1.000000000000000000e+00 1.110000000000000049e-02 0.000000000000000000e+00
-2.448049999999999926e+01 1.000000000000000000e+00 1.110000000000000049e-02 0.000000000000000000e+00
-2.448049999999999926e+01 1.000000000000000000e+00 1.080000000000000057e-02 0.000000000000000000e+00
-2.448049999999999926e+01 1.000000000000000000e+00 1.149999999999999981e-02 0.000000000000000000e+00
-2.448049999999999926e+01 1.000000000000000000e+00 1.179999999999999973e-02 0.000000000000000000e+00
-2.448049999999999926e+01 1.000000000000000000e+00 1.089999999999999997e-02 0.000000000000000000e+00
-2.448049999999999926e+01 1.000000000000000000e+00 1.099999999999999936e-02 0.000000000000000000e+00
-2.446888399999999919e+01 9.995254998876657027e-01 9.799999999999999684e-03 8.172163483435715414e-02
-2.448049999999999926e+01 1.000000000000000000e+00 1.030000000000000013e-02 0.000000000000000000e+00
-2.448049999999999926e+01 1.000000000000000000e+00 1.089999999999999997e-02 0.000000000000000000e+00
-2.448049999999999926e+01 1.000000000000000000e+00 1.140000000000000041e-02 0.000000000000000000e+00
-2.448049999999999926e+01 1.000000000000000000e+00 1.250000000000000069e-02 0.000000000000000000e+00
-2.448049999999999926e+01 1.000000000000000000e+00 1.179999999999999973e-02 0.000000000000000000e+00
-2.443403599999999898e+01 9.981019995506628106e-01 9.199999999999999845e-03 1.583608840591640976e-01
-2.448049999999999926e+01 1.000000000000000000e+00 1.129999999999999928e-02 0.000000000000000000e+00
-2.448049999999999926e+01 1.000000000000000000e+00 1.179999999999999973e-02 0.000000000000000000e+00
-2.448049999999999926e+01 1.000000000000000000e+00 1.400000000000000029e-02 0.000000000000000000e+00
-2.448049999999999926e+01 1.000000000000000000e+00 1.220000000000000077e-02 0.000000000000000000e+00
-2.448049999999999926e+01 1.000000000000000000e+00 1.030000000000000013e-02 0.000000000000000000e+00
-2.448049999999999926e+01 1.000000000000000000e+00 1.149999999999999981e-02 0.000000000000000000e+00
-2.448049999999999926e+01 1.000000000000000000e+00 1.119999999999999989e-02 0.000000000000000000e+00
-2.448049999999999926e+01 1.000000000000000000e+00 1.170000000000000033e-02 0.000000000000000000e+00
-2.448049999999999926e+01 1.000000000000000000e+00 1.250000000000000069e-02 0.000000000000000000e+00
-2.448049999999999926e+01 1.000000000000000000e+00 1.159999999999999920e-02 0.000000000000000000e+00
-2.448049999999999926e+01 1.000000000000000000e+00 1.089999999999999997e-02 0.000000000000000000e+00
-2.448049999999999926e+01 1.000000000000000000e+00 1.099999999999999936e-02 0.000000000000000000e+00
-2.448049999999999926e+01 1.000000000000000000e+00 1.099999999999999936e-02 0.000000000000000000e+00
-2.448049999999999926e+01 1.000000000000000000e+00 1.020000000000000073e-02 0.000000000000000000e+00
-2.448049999999999926e+01 1.000000000000000000e+00 1.170000000000000033e-02 0.000000000000000000e+00
-2.448049999999999926e+01 1.000000000000000000e+00 1.110000000000000049e-02 0.000000000000000000e+00
-2.446307600000000093e+01 9.992882498314985540e-01 9.700000000000000289e-03 9.957618992510205991e-02
-2.448049999999999926e+01 1.000000000000000000e+00 1.280000000000000061e-02 0.000000000000000000e+00
-2.448049999999999926e+01 1.000000000000000000e+00 1.089999999999999997e-02 0.000000000000000000e+00
-2.447469200000000100e+01 9.997627499438329624e-01 9.900000000000000813e-03 5.807999999999982621e-02
-2.448049999999999926e+01 1.000000000000000000e+00 1.149999999999999981e-02 0.000000000000000000e+00
-2.448049999999999926e+01 1.000000000000000000e+00 1.310000000000000053e-02 0.000000000000000000e+00
-2.448049999999999926e+01 1.000000000000000000e+00 1.129999999999999928e-02 0.000000000000000000e+00
-2.448049999999999926e+01 1.000000000000000000e+00 1.340000000000000045e-02 0.000000000000000000e+00
-2.448049999999999926e+01 1.000000000000000000e+00 1.060000000000000005e-02 0.000000000000000000e+00
-2.447469200000000100e+01 9.997627499438329624e-01 9.900000000000000813e-03 5.807999999999982621e-02
-2.448049999999999926e+01 1.000000000000000000e+00 1.149999999999999981e-02 0.000000000000000000e+00
-2.448049999999999926e+01 1.000000000000000000e+00 1.129999999999999928e-02 0.000000000000000000e+00
-2.448049999999999926e+01 1.000000000000000000e+00 1.080000000000000057e-02 0.000000000000000000e+00
-2.448049999999999926e+01 1.000000000000000000e+00 1.129999999999999928e-02 0.000000000000000000e+00
-2.448049999999999926e+01 1.000000000000000000e+00 1.340000000000000045e-02 0.000000000000000000e+00
-2.448049999999999926e+01 1.000000000000000000e+00 1.099999999999999936e-02 0.000000000000000000e+00
-2.448049999999999926e+01 1.000000000000000000e+00 1.069999999999999944e-02 0.000000000000000000e+00
-2.448049999999999926e+01 1.000000000000000000e+00 1.009999999999999960e-02 0.000000000000000000e+00
-2.448049999999999926e+01 1.000000000000000000e+00 1.149999999999999981e-02 0.000000000000000000e+00
-2.448049999999999926e+01 1.000000000000000000e+00 1.110000000000000049e-02 0.000000000000000000e+00
-2.448049999999999926e+01 1.000000000000000000e+00 1.149999999999999981e-02 0.000000000000000000e+00
-2.448049999999999926e+01 1.000000000000000000e+00 1.200000000000000025e-02 0.000000000000000000e+00
-2.444565199999999905e+01 9.985764996629971080e-01 9.400000000000000369e-03 1.386272354193071044e-01
-2.448049999999999926e+01 1.000000000000000000e+00 1.129999999999999928e-02 0.000000000000000000e+00
-2.448049999999999926e+01 1.000000000000000000e+00 1.209999999999999964e-02 0.000000000000000000e+00
-2.448049999999999926e+01 1.000000000000000000e+00 1.170000000000000033e-02 0.000000000000000000e+00
-2.446307600000000093e+01 9.992882498314985540e-01 9.700000000000000289e-03 9.957618992510205991e-02
-2.448049999999999926e+01 1.000000000000000000e+00 1.220000000000000077e-02 0.000000000000000000e+00
-2.448049999999999926e+01 1.000000000000000000e+00 1.190000000000000085e-02 0.000000000000000000e+00
-2.448049999999999926e+01 1.000000000000000000e+00 1.020000000000000073e-02 0.000000000000000000e+00
-2.448049999999999926e+01 1.000000000000000000e+00 1.119999999999999989e-02 0.000000000000000000e+00
-2.448049999999999926e+01 1.000000000000000000e+00 1.080000000000000057e-02 0.000000000000000000e+00
-2.448049999999999926e+01 1.000000000000000000e+00 1.260000000000000009e-02 0.000000000000000000e+00
-2.443826399999999666e+01 9.982747084414124172e-01 9.299999999999999239e-03 1.550147373378390481e-01
-2.448049999999999926e+01 1.000000000000000000e+00 1.099999999999999936e-02 0.000000000000000000e+00
-2.448049999999999926e+01 1.000000000000000000e+00 1.220000000000000077e-02 0.000000000000000000e+00
-2.448049999999999926e+01 1.000000000000000000e+00 1.149999999999999981e-02 0.000000000000000000e+00
-2.448049999999999926e+01 1.000000000000000000e+00 1.230000000000000017e-02 0.000000000000000000e+00
-2.448049999999999926e+01 1.000000000000000000e+00 1.209999999999999964e-02 0.000000000000000000e+00
-2.444565199999999905e+01 9.985764996629971080e-01 9.400000000000000369e-03 1.386272354193071044e-01
-2.442822800000000072e+01 9.978647494944956620e-01 9.100000000000000450e-03 1.670517237265152777e-01
-2.445726799999999912e+01 9.990509997753314053e-01 9.599999999999999159e-03 1.143864607372744729e-01
-2.448049999999999926e+01 1.000000000000000000e+00 1.000000000000000021e-02 0.000000000000000000e+00
-2.448049999999999926e+01 1.000000000000000000e+00 1.119999999999999989e-02 0.000000000000000000e+00
-2.448049999999999926e+01 1.000000000000000000e+00 1.379999999999999977e-02 0.000000000000000000e+00
-2.448049999999999926e+01 1.000000000000000000e+00 1.129999999999999928e-02 0.000000000000000000e+00
-2.448049999999999926e+01 1.000000000000000000e+00 1.080000000000000057e-02 0.000000000000000000e+00
-2.443984399999999724e+01 9.983392496068298483e-01 9.299999999999999239e-03 1.489359379062018818e-01
-2.447469200000000100e+01 9.997627499438329624e-01 9.900000000000000813e-03 5.807999999999982621e-02
-2.448049999999999926e+01 1.000000000000000000e+00 1.200000000000000025e-02 0.000000000000000000e+00
-2.448049999999999926e+01 1.000000000000000000e+00 1.280000000000000061e-02 0.000000000000000000e+00
-2.448049999999999926e+01 1.000000000000000000e+00 1.030000000000000013e-02 0.000000000000000000e+00
-2.448049999999999926e+01 1.000000000000000000e+00 1.190000000000000085e-02 0.000000000000000000e+00
-2.448049999999999926e+01 1.000000000000000000e+00 1.190000000000000085e-02 0.000000000000000000e+00
-2.442822800000000072e+01 9.978647494944956620e-01 9.100000000000000450e-03 1.670517237265152777e-01
-2.448049999999999926e+01 1.000000000000000000e+00 1.069999999999999944e-02 0.000000000000000000e+00
-2.448049999999999926e+01 1.000000000000000000e+00 1.190000000000000085e-02 0.000000000000000000e+00
-2.448049999999999926e+01 1.000000000000000000e+00 1.149999999999999981e-02 0.000000000000000000e+00
-2.443403599999999898e+01 9.981019995506628106e-01 9.199999999999999845e-03 1.583608840591640698e-01
-2.448049999999999926e+01 1.000000000000000000e+00 1.119999999999999989e-02 0.000000000000000000e+00
-2.448049999999999926e+01 1.000000000000000000e+00 1.069999999999999944e-02 0.000000000000000000e+00
-2.448049999999999926e+01 1.000000000000000000e+00 1.129999999999999928e-02 0.000000000000000000e+00
-2.448049999999999926e+01 1.000000000000000000e+00 1.009999999999999960e-02 0.000000000000000000e+00
-2.445726799999999912e+01 9.990509997753314053e-01 9.599999999999999159e-03 1.143864607372744729e-01
-2.448049999999999926e+01 1.000000000000000000e+00 1.140000000000000041e-02 0.000000000000000000e+00
-2.448049999999999926e+01 1.000000000000000000e+00 1.299999999999999940e-02 0.000000000000000000e+00
-2.448049999999999926e+01 1.000000000000000000e+00 1.149999999999999981e-02 0.000000000000000000e+00
-2.437702399999999869e+01 9.957731255489062905e-01 8.300000000000000086e-03 2.303248260148869075e-01
-2.448049999999999926e+01 1.000000000000000000e+00 1.230000000000000017e-02 0.000000000000000000e+00
-2.448049999999999926e+01 1.000000000000000000e+00 1.149999999999999981e-02 0.000000000000000000e+00
-2.448049999999999926e+01 1.000000000000000000e+00 1.039999999999999952e-02 0.000000000000000000e+00
-2.448049999999999926e+01 1.000000000000000000e+00 1.269999999999999948e-02 0.000000000000000000e+00
-2.448049999999999926e+01 1.000000000000000000e+00 1.389999999999999916e-02 0.000000000000000000e+00
-2.448049999999999926e+01 1.000000000000000000e+00 1.129999999999999928e-02 0.000000000000000000e+00
-2.448049999999999926e+01 1.000000000000000000e+00 1.140000000000000041e-02 0.000000000000000000e+00
-2.448049999999999926e+01 1.000000000000000000e+00 1.060000000000000005e-02 0.000000000000000000e+00
-2.448049999999999926e+01 1.000000000000000000e+00 1.200000000000000025e-02 0.000000000000000000e+00
-2.448049999999999926e+01 1.000000000000000000e+00 1.039999999999999952e-02 0.000000000000000000e+00
-2.448049999999999926e+01 1.000000000000000000e+00 1.149999999999999981e-02 0.000000000000000000e+00
-2.448049999999999926e+01 1.000000000000000000e+00 1.039999999999999952e-02 0.000000000000000000e+00
-2.448049999999999926e+01 1.000000000000000000e+00 1.039999999999999952e-02 0.000000000000000000e+00
-2.443984399999999724e+01 9.983392496068298483e-01 9.299999999999999239e-03 1.489359379062018818e-01
-2.446307600000000093e+01 9.992882498314985540e-01 9.700000000000000289e-03 9.957618992510205991e-02
-2.448049999999999926e+01 1.000000000000000000e+00 1.099999999999999936e-02 0.000000000000000000e+00
-2.448049999999999926e+01 1.000000000000000000e+00 1.080000000000000057e-02 0.000000000000000000e+00
-2.448049999999999926e+01 1.000000000000000000e+00 1.190000000000000085e-02 0.000000000000000000e+00
-2.448049999999999926e+01 1.000000000000000000e+00 1.260000000000000009e-02 0.000000000000000000e+00
-2.445146000000000086e+01 9.988137497191642566e-01 9.499999999999999764e-03 1.272201241942484962e-01
-2.440922400000000181e+01 9.970884581605768959e-01 8.800000000000000530e-03 1.942593201331300201e-01
-2.448049999999999926e+01 1.000000000000000000e+00 1.069999999999999944e-02 0.000000000000000000e+00
-2.448049999999999926e+01 1.000000000000000000e+00 1.119999999999999989e-02 0.000000000000000000e+00
-2.448049999999999926e+01 1.000000000000000000e+00 1.110000000000000049e-02 0.000000000000000000e+00
-2.448049999999999926e+01 1.000000000000000000e+00 1.050000000000000065e-02 0.000000000000000000e+00
-2.445146000000000086e+01 9.988137497191642566e-01 9.499999999999999764e-03 1.272201241942484962e-01
-2.448049999999999926e+01 1.000000000000000000e+00 1.159999999999999920e-02 0.000000000000000000e+00
-2.448049999999999926e+01 1.000000000000000000e+00 1.099999999999999936e-02 0.000000000000000000e+00
-2.448049999999999926e+01 1.000000000000000000e+00 1.080000000000000057e-02 0.000000000000000000e+00
-2.448049999999999926e+01 1.000000000000000000e+00 1.060000000000000005e-02 0.000000000000000000e+00
-2.448049999999999926e+01 1.000000000000000000e+00 1.280000000000000061e-02 0.000000000000000000e+00
-2.448049999999999926e+01 1.000000000000000000e+00 1.299999999999999940e-02 0.000000000000000000e+00
-2.442822800000000072e+01 9.978647494944956620e-01 9.100000000000000450e-03 1.670517237265152777e-01
-2.448049999999999926e+01 1.000000000000000000e+00 1.110000000000000049e-02 0.000000000000000000e+00
-2.448049999999999926e+01 1.000000000000000000e+00 1.269999999999999948e-02 0.000000000000000000e+00
-2.448049999999999926e+01 1.000000000000000000e+00 1.020000000000000073e-02 0.000000000000000000e+00
-2.448049999999999926e+01 1.000000000000000000e+00 1.080000000000000057e-02 0.000000000000000000e+00
-2.448049999999999926e+01 1.000000000000000000e+00 1.119999999999999989e-02 0.000000000000000000e+00
-2.448049999999999926e+01 1.000000000000000000e+00 1.050000000000000065e-02 0.000000000000000000e+00
-2.448049999999999926e+01 1.000000000000000000e+00 1.119999999999999989e-02 0.000000000000000000e+00
-2.448049999999999926e+01 1.000000000000000000e+00 1.329999999999999932e-02 0.000000000000000000e+00
-2.448049999999999926e+01 1.000000000000000000e+00 1.200000000000000025e-02 0.000000000000000000e+00
-2.448049999999999926e+01 1.000000000000000000e+00 1.039999999999999952e-02 0.000000000000000000e+00
-2.448049999999999926e+01 1.000000000000000000e+00 1.239999999999999956e-02 0.000000000000000000e+00
-2.448049999999999926e+01 1.000000000000000000e+00 1.170000000000000033e-02 0.000000000000000000e+00
-2.448049999999999926e+01 1.000000000000000000e+00 1.030000000000000013e-02 0.000000000000000000e+00
-2.443403599999999898e+01 9.981019995506628106e-01 9.199999999999999845e-03 1.583608840591640976e-01
-2.448049999999999926e+01 1.000000000000000000e+00 1.030000000000000013e-02 0.000000000000000000e+00
-2.448049999999999926e+01 1.000000000000000000e+00 1.250000000000000069e-02 0.000000000000000000e+00
-2.448049999999999926e+01 1.000000000000000000e+00 1.020000000000000073e-02 0.000000000000000000e+00
-2.448049999999999926e+01 1.000000000000000000e+00 1.290000000000000001e-02 0.000000000000000000e+00
-2.448049999999999926e+01 1.000000000000000000e+00 1.149999999999999981e-02 0.000000000000000000e+00
-2.448049999999999926e+01 1.000000000000000000e+00 1.290000000000000001e-02 0.000000000000000000e+00
-2.448049999999999926e+01 1.000000000000000000e+00 1.129999999999999928e-02 0.000000000000000000e+00
-2.448049999999999926e+01 1.000000000000000000e+00 1.140000000000000041e-02 0.000000000000000000e+00
-2.448049999999999926e+01 1.000000000000000000e+00 1.050000000000000065e-02 0.000000000000000000e+00
-2.448049999999999926e+01 1.000000000000000000e+00 1.000000000000000021e-02 0.000000000000000000e+00
-2.448049999999999926e+01 1.000000000000000000e+00 1.080000000000000057e-02 0.000000000000000000e+00
-2.448049999999999926e+01 1.000000000000000000e+00 1.050000000000000065e-02 0.000000000000000000e+00
-2.448049999999999926e+01 1.000000000000000000e+00 1.050000000000000065e-02 0.000000000000000000e+00
-2.448049999999999926e+01 1.000000000000000000e+00 1.119999999999999989e-02 0.000000000000000000e+00
-2.448049999999999926e+01 1.000000000000000000e+00 1.260000000000000009e-02 0.000000000000000000e+00
-2.448049999999999926e+01 1.000000000000000000e+00 1.230000000000000017e-02 0.000000000000000000e+00
-2.448049999999999926e+01 1.000000000000000000e+00 1.089999999999999997e-02 0.000000000000000000e+00
-2.448049999999999926e+01 1.000000000000000000e+00 1.220000000000000077e-02 0.000000000000000000e+00
-2.440606400000000065e+01 9.969593758297421449e-01 8.800000000000000530e-03 2.030553557008234200e-01
-2.448049999999999926e+01 1.000000000000000000e+00 1.420000000000000082e-02 0.000000000000000000e+00
-2.448049999999999926e+01 1.000000000000000000e+00 1.209999999999999964e-02 0.000000000000000000e+00
-2.448049999999999926e+01 1.000000000000000000e+00 1.020000000000000073e-02 0.000000000000000000e+00
-2.436382799999999804e+01 9.952340842711545621e-01 8.099999999999999561e-03 2.427133613415986546e-01
-2.448049999999999926e+01 1.000000000000000000e+00 1.069999999999999944e-02 0.000000000000000000e+00
-2.448049999999999926e+01 1.000000000000000000e+00 1.190000000000000085e-02 0.000000000000000000e+00
-2.448049999999999926e+01 1.000000000000000000e+00 1.200000000000000025e-02 0.000000000000000000e+00
-2.448049999999999926e+01 1.000000000000000000e+00 1.260000000000000009e-02 0.000000000000000000e+00
-2.448049999999999926e+01 1.000000000000000000e+00 1.110000000000000049e-02 0.000000000000000000e+00
-2.448049999999999926e+01 1.000000000000000000e+00 1.280000000000000061e-02 0.000000000000000000e+00
-2.448049999999999926e+01 1.000000000000000000e+00 1.030000000000000013e-02 0.000000000000000000e+00
-2.448049999999999926e+01 1.000000000000000000e+00 1.060000000000000005e-02 0.000000000000000000e+00
-2.448049999999999926e+01 1.000000000000000000e+00 1.129999999999999928e-02 0.000000000000000000e+00
-2.448049999999999926e+01 1.000000000000000000e+00 1.239999999999999956e-02 0.000000000000000000e+00
-2.448049999999999926e+01 1.000000000000000000e+00 1.149999999999999981e-02 0.000000000000000000e+00
-2.448049999999999926e+01 1.000000000000000000e+00 1.200000000000000025e-02 0.000000000000000000e+00
-2.445146000000000086e+01 9.988137497191642566e-01 9.499999999999999764e-03 1.272201241942484962e-01
-2.448049999999999926e+01 1.000000000000000000e+00 1.080000000000000057e-02 0.000000000000000000e+00
-2.448049999999999926e+01 1.000000000000000000e+00 1.140000000000000041e-02 0.000000000000000000e+00
-2.448049999999999926e+01 1.000000000000000000e+00 1.190000000000000085e-02 0.000000000000000000e+00
-2.446888399999999919e+01 9.995254998876657027e-01 9.799999999999999684e-03 8.172163483435715414e-02
-2.448049999999999926e+01 1.000000000000000000e+00 1.080000000000000057e-02 0.000000000000000000e+00
-2.448049999999999926e+01 1.000000000000000000e+00 1.230000000000000017e-02 0.000000000000000000e+00
-2.448049999999999926e+01 1.000000000000000000e+00 1.110000000000000049e-02 0.000000000000000000e+00
-2.448049999999999926e+01 1.000000000000000000e+00 1.000000000000000021e-02 0.000000000000000000e+00
-2.448049999999999926e+01 1.000000000000000000e+00 1.170000000000000033e-02 0.000000000000000000e+00
-2.448049999999999926e+01 1.000000000000000000e+00 1.190000000000000085e-02 0.000000000000000000e+00
-2.448049999999999926e+01 1.000000000000000000e+00 1.179999999999999973e-02 0.000000000000000000e+00
-2.448049999999999926e+01 1.000000000000000000e+00 1.009999999999999960e-02 0.000000000000000000e+00
-2.448049999999999926e+01 1.000000000000000000e+00 1.179999999999999973e-02 0.000000000000000000e+00
-2.448049999999999926e+01 1.000000000000000000e+00 1.269999999999999948e-02 0.000000000000000000e+00
-2.448049999999999926e+01 1.000000000000000000e+00 1.119999999999999989e-02 0.000000000000000000e+00
-2.448049999999999926e+01 1.000000000000000000e+00 1.250000000000000069e-02 0.000000000000000000e+00
-2.448049999999999926e+01 1.000000000000000000e+00 1.089999999999999997e-02 0.000000000000000000e+00
-2.448049999999999926e+01 1.000000000000000000e+00 1.190000000000000085e-02 0.000000000000000000e+00
-2.448049999999999926e+01 1.000000000000000000e+00 1.020000000000000073e-02 0.000000000000000000e+00
-2.448049999999999926e+01 1.000000000000000000e+00 1.190000000000000085e-02 0.000000000000000000e+00
-2.448049999999999926e+01 1.000000000000000000e+00 1.209999999999999964e-02 0.000000000000000000e+00
-2.448049999999999926e+01 1.000000000000000000e+00 1.269999999999999948e-02 0.000000000000000000e+00
-2.448049999999999926e+01 1.000000000000000000e+00 1.170000000000000033e-02 0.000000000000000000e+00
-2.448049999999999926e+01 1.000000000000000000e+00 1.069999999999999944e-02 0.000000000000000000e+00
-2.448049999999999926e+01 1.000000000000000000e+00 1.030000000000000013e-02 0.000000000000000000e+00
-2.448049999999999926e+01 1.000000000000000000e+00 1.039999999999999952e-02 0.000000000000000000e+00
-2.448049999999999926e+01 1.000000000000000000e+00 1.089999999999999997e-02 0.000000000000000000e+00
-2.448049999999999926e+01 1.000000000000000000e+00 1.110000000000000049e-02 0.000000000000000000e+00
-2.448049999999999926e+01 1.000000000000000000e+00 1.340000000000000045e-02 0.000000000000000000e+00
-2.448049999999999926e+01 1.000000000000000000e+00 1.080000000000000057e-02 0.000000000000000000e+00
-2.448049999999999926e+01 1.000000000000000000e+00 1.099999999999999936e-02 0.000000000000000000e+00
-2.448049999999999926e+01 1.000000000000000000e+00 1.000000000000000021e-02 0.000000000000000000e+00
-2.446888399999999919e+01 9.995254998876657027e-01 9.799999999999999684e-03 8.172163483435715414e-02
-2.448049999999999926e+01 1.000000000000000000e+00 1.149999999999999981e-02 0.000000000000000000e+00
-2.448049999999999926e+01 1.000000000000000000e+00 1.299999999999999940e-02 0.000000000000000000e+00
-2.448049999999999926e+01 1.000000000000000000e+00 1.119999999999999989e-02 0.000000000000000000e+00
-2.445726799999999912e+01 9.990509997753314053e-01 9.599999999999999159e-03 1.143864607372744729e-01
-2.448049999999999926e+01 1.000000000000000000e+00 1.190000000000000085e-02 0.000000000000000000e+00
-2.448049999999999926e+01 1.000000000000000000e+00 1.030000000000000013e-02 0.000000000000000000e+00
-2.448049999999999926e+01 1.000000000000000000e+00 1.089999999999999997e-02 0.000000000000000000e+00
-2.448049999999999926e+01 1.000000000000000000e+00 1.149999999999999981e-02 0.000000000000000000e+00
-2.445146000000000086e+01 9.988137497191642566e-01 9.499999999999999764e-03 1.272201241942484962e-01
-2.445146000000000086e+01 9.988137497191642566e-01 9.499999999999999764e-03 1.272201241942484962e-01
-2.448049999999999926e+01 1.000000000000000000e+00 1.159999999999999920e-02 0.000000000000000000e+00
-2.448049999999999926e+01 1.000000000000000000e+00 1.039999999999999952e-02 0.000000000000000000e+00
-2.448049999999999926e+01 1.000000000000000000e+00 1.039999999999999952e-02 0.000000000000000000e+00
-2.448049999999999926e+01 1.000000000000000000e+00 1.149999999999999981e-02 0.000000000000000000e+00
-2.445726799999999912e+01 9.990509997753314053e-01 9.599999999999999159e-03 1.143864607372744729e-01
-2.448049999999999926e+01 1.000000000000000000e+00 1.140000000000000041e-02 0.000000000000000000e+00
-2.448049999999999926e+01 1.000000000000000000e+00 1.069999999999999944e-02 0.000000000000000000e+00
-2.446888399999999919e+01 9.995254998876657027e-01 9.799999999999999684e-03 8.172163483435715414e-02
-2.448049999999999926e+01 1.000000000000000000e+00 1.039999999999999952e-02 0.000000000000000000e+00
-2.448049999999999926e+01 1.000000000000000000e+00 1.089999999999999997e-02 0.000000000000000000e+00
-2.448049999999999926e+01 1.000000000000000000e+00 1.089999999999999997e-02 0.000000000000000000e+00
-2.448049999999999926e+01 1.000000000000000000e+00 1.110000000000000049e-02 0.000000000000000000e+00
-2.448049999999999926e+01 1.000000000000000000e+00 1.110000000000000049e-02 0.000000000000000000e+00
-2.448049999999999926e+01 1.000000000000000000e+00 1.050000000000000065e-02 0.000000000000000000e+00
-2.448049999999999926e+01 1.000000000000000000e+00 1.190000000000000085e-02 0.000000000000000000e+00
-2.448049999999999926e+01 1.000000000000000000e+00 1.159999999999999920e-02 0.000000000000000000e+00
-2.448049999999999926e+01 1.000000000000000000e+00 1.099999999999999936e-02 0.000000000000000000e+00
-2.448049999999999926e+01 1.000000000000000000e+00 1.050000000000000065e-02 0.000000000000000000e+00
-2.448049999999999926e+01 1.000000000000000000e+00 1.080000000000000057e-02 0.000000000000000000e+00
-2.448049999999999926e+01 1.000000000000000000e+00 1.230000000000000017e-02 0.000000000000000000e+00
-2.448049999999999926e+01 1.000000000000000000e+00 1.129999999999999928e-02 0.000000000000000000e+00
-2.448049999999999926e+01 1.000000000000000000e+00 1.039999999999999952e-02 0.000000000000000000e+00
-2.448049999999999926e+01 1.000000000000000000e+00 1.039999999999999952e-02 0.000000000000000000e+00
-2.448049999999999926e+01 1.000000000000000000e+00 1.039999999999999952e-02 0.000000000000000000e+00
-2.448049999999999926e+01 1.000000000000000000e+00 1.000000000000000021e-02 0.000000000000000000e+00
-2.448049999999999926e+01 1.000000000000000000e+00 1.069999999999999944e-02 0.000000000000000000e+00
-2.448049999999999926e+01 1.000000000000000000e+00 1.080000000000000057e-02 0.000000000000000000e+00
-2.442822800000000072e+01 9.978647494944956620e-01 9.100000000000000450e-03 1.670517237265152777e-01
-2.448049999999999926e+01 1.000000000000000000e+00 1.170000000000000033e-02 0.000000000000000000e+00
-2.442178600000000088e+01 9.976016012744838291e-01 8.999999999999999320e-03 1.771325481101651833e-01
-2.448049999999999926e+01 1.000000000000000000e+00 1.140000000000000041e-02 0.000000000000000000e+00
-2.447469200000000100e+01 9.997627499438329624e-01 9.900000000000000813e-03 5.807999999999982621e-02
-2.448049999999999926e+01 1.000000000000000000e+00 1.179999999999999973e-02 0.000000000000000000e+00
-2.448049999999999926e+01 1.000000000000000000e+00 1.030000000000000013e-02 0.000000000000000000e+00
-2.448049999999999926e+01 1.000000000000000000e+00 1.349999999999999985e-02 0.000000000000000000e+00
-2.448049999999999926e+01 1.000000000000000000e+00 1.140000000000000041e-02 0.000000000000000000e+00
-2.448049999999999926e+01 1.000000000000000000e+00 1.060000000000000005e-02 0.000000000000000000e+00
-2.448049999999999926e+01 1.000000000000000000e+00 1.069999999999999944e-02 0.000000000000000000e+00
-2.448049999999999926e+01 1.000000000000000000e+00 1.099999999999999936e-02 0.000000000000000000e+00
-2.448049999999999926e+01 1.000000000000000000e+00 1.099999999999999936e-02 0.000000000000000000e+00
-2.448049999999999926e+01 1.000000000000000000e+00 1.129999999999999928e-02 0.000000000000000000e+00
-2.448049999999999926e+01 1.000000000000000000e+00 1.200000000000000025e-02 0.000000000000000000e+00
-2.448049999999999926e+01 1.000000000000000000e+00 1.060000000000000005e-02 0.000000000000000000e+00
-2.447469200000000100e+01 9.997627499438329624e-01 9.900000000000000813e-03 5.807999999999982621e-02
-2.448049999999999926e+01 1.000000000000000000e+00 1.060000000000000005e-02 0.000000000000000000e+00
-2.448049999999999926e+01 1.000000000000000000e+00 1.140000000000000041e-02 0.000000000000000000e+00
-2.445726799999999912e+01 9.990509997753314053e-01 9.599999999999999159e-03 1.143864607372744729e-01
-2.448049999999999926e+01 1.000000000000000000e+00 1.129999999999999928e-02 0.000000000000000000e+00
-2.448049999999999926e+01 1.000000000000000000e+00 1.140000000000000041e-02 0.000000000000000000e+00
-2.448049999999999926e+01 1.000000000000000000e+00 1.020000000000000073e-02 0.000000000000000000e+00
-2.448049999999999926e+01 1.000000000000000000e+00 1.069999999999999944e-02 0.000000000000000000e+00
-2.448049999999999926e+01 1.000000000000000000e+00 1.149999999999999981e-02 0.000000000000000000e+00
-2.448049999999999926e+01 1.000000000000000000e+00 1.230000000000000017e-02 0.000000000000000000e+00
-2.445726799999999912e+01 9.990509997753314053e-01 9.599999999999999159e-03 1.143864607372744729e-01
-2.448049999999999926e+01 1.000000000000000000e+00 1.129999999999999928e-02 0.000000000000000000e+00
-2.448049999999999926e+01 1.000000000000000000e+00 1.209999999999999964e-02 0.000000000000000000e+00
-2.448049999999999926e+01 1.000000000000000000e+00 1.260000000000000009e-02 0.000000000000000000e+00
-2.446307600000000093e+01 9.992882498314985540e-01 9.700000000000000289e-03 9.957618992510205991e-02
-2.448049999999999926e+01 1.000000000000000000e+00 1.179999999999999973e-02 0.000000000000000000e+00
-2.448049999999999926e+01 1.000000000000000000e+00 1.039999999999999952e-02 0.000000000000000000e+00
-2.447469200000000100e+01 9.997627499438329624e-01 9.900000000000000813e-03 5.807999999999982621e-02
-2.448049999999999926e+01 1.000000000000000000e+00 1.039999999999999952e-02 0.000000000000000000e+00
-2.448049999999999926e+01 1.000000000000000000e+00 1.170000000000000033e-02 0.000000000000000000e+00
-2.448049999999999926e+01 1.000000000000000000e+00 1.209999999999999964e-02 0.000000000000000000e+00
-2.446307600000000093e+01 9.992882498314985540e-01 9.700000000000000289e-03 9.957618992510205991e-02
-2.448049999999999926e+01 1.000000000000000000e+00 1.280000000000000061e-02 0.000000000000000000e+00
-2.448049999999999926e+01 1.000000000000000000e+00 1.170000000000000033e-02 0.000000000000000000e+00
-2.448049999999999926e+01 1.000000000000000000e+00 1.230000000000000017e-02 0.000000000000000000e+00
-2.448049999999999926e+01 1.000000000000000000e+00 1.110000000000000049e-02 0.000000000000000000e+00
-2.448049999999999926e+01 1.000000000000000000e+00 1.080000000000000057e-02 0.000000000000000000e+00
-2.448049999999999926e+01 1.000000000000000000e+00 1.009999999999999960e-02 0.000000000000000000e+00
-2.448049999999999926e+01 1.000000000000000000e+00 1.340000000000000045e-02 0.000000000000000000e+00
-2.448049999999999926e+01 1.000000000000000000e+00 1.119999999999999989e-02 0.000000000000000000e+00
-2.448049999999999926e+01 1.000000000000000000e+00 1.319999999999999993e-02 0.000000000000000000e+00
-2.448049999999999926e+01 1.000000000000000000e+00 1.099999999999999936e-02 0.000000000000000000e+00
-2.448049999999999926e+01 1.000000000000000000e+00 1.190000000000000085e-02 0.000000000000000000e+00
-2.448049999999999926e+01 1.000000000000000000e+00 1.269999999999999948e-02 0.000000000000000000e+00
-2.448049999999999926e+01 1.000000000000000000e+00 1.080000000000000057e-02 0.000000000000000000e+00
-2.448049999999999926e+01 1.000000000000000000e+00 1.119999999999999989e-02 0.000000000000000000e+00
-2.445726799999999912e+01 9.990509997753314053e-01 9.599999999999999159e-03 1.143864607372744729e-01
-2.448049999999999926e+01 1.000000000000000000e+00 1.200000000000000025e-02 0.000000000000000000e+00
-2.448049999999999926e+01 1.000000000000000000e+00 1.170000000000000033e-02 0.000000000000000000e+00
-2.448049999999999926e+01 1.000000000000000000e+00 1.119999999999999989e-02 0.000000000000000000e+00
-2.448049999999999926e+01 1.000000000000000000e+00 1.239999999999999956e-02 0.000000000000000000e+00
-2.448049999999999926e+01 1.000000000000000000e+00 1.009999999999999960e-02 0.000000000000000000e+00
-2.448049999999999926e+01 1.000000000000000000e+00 1.209999999999999964e-02 0.000000000000000000e+00
-2.448049999999999926e+01 1.000000000000000000e+00 1.230000000000000017e-02 0.000000000000000000e+00
-2.448049999999999926e+01 1.000000000000000000e+00 1.179999999999999973e-02 0.000000000000000000e+00
-2.448049999999999926e+01 1.000000000000000000e+00 1.250000000000000069e-02 0.000000000000000000e+00
-2.448049999999999926e+01 1.000000000000000000e+00 1.149999999999999981e-02 0.000000000000000000e+00
-2.448049999999999926e+01 1.000000000000000000e+00 1.000000000000000021e-02 0.000000000000000000e+00
-2.444565199999999905e+01 9.985764996629971080e-01 9.400000000000000369e-03 1.386272354193071044e-01
-2.448049999999999926e+01 1.000000000000000000e+00 1.099999999999999936e-02 0.000000000000000000e+00
-2.448049999999999926e+01 1.000000000000000000e+00 1.329999999999999932e-02 0.000000000000000000e+00
-2.446888399999999919e+01 9.995254998876657027e-01 9.799999999999999684e-03 8.172163483435715414e-02
-2.448049999999999926e+01 1.000000000000000000e+00 1.319999999999999993e-02 0.000000000000000000e+00
-2.448049999999999926e+01 1.000000000000000000e+00 1.060000000000000005e-02 0.000000000000000000e+00
-2.448049999999999926e+01 1.000000000000000000e+00 1.149999999999999981e-02 0.000000000000000000e+00
-2.448049999999999926e+01 1.000000000000000000e+00 1.089999999999999997e-02 0.000000000000000000e+00
-2.448049999999999926e+01 1.000000000000000000e+00 1.299999999999999940e-02 0.000000000000000000e+00
-2.448049999999999926e+01 1.000000000000000000e+00 1.110000000000000049e-02 0.000000000000000000e+00
-2.448049999999999926e+01 1.000000000000000000e+00 1.110000000000000049e-02 0.000000000000000000e+00
-2.448049999999999926e+01 1.000000000000000000e+00 1.009999999999999960e-02 0.000000000000000000e+00
-2.448049999999999926e+01 1.000000000000000000e+00 1.020000000000000073e-02 0.000000000000000000e+00
-2.448049999999999926e+01 1.000000000000000000e+00 1.190000000000000085e-02 0.000000000000000000e+00
-2.448049999999999926e+01 1.000000000000000000e+00 1.239999999999999956e-02 0.000000000000000000e+00
-2.445146000000000086e+01 9.988137497191642566e-01 9.499999999999999764e-03 1.272201241942484962e-01
-2.448049999999999926e+01 1.000000000000000000e+00 1.190000000000000085e-02 0.000000000000000000e+00
-2.448049999999999926e+01 1.000000000000000000e+00 1.080000000000000057e-02 0.000000000000000000e+00
-2.448049999999999926e+01 1.000000000000000000e+00 1.179999999999999973e-02 0.000000000000000000e+00
-2.448049999999999926e+01 1.000000000000000000e+00 1.080000000000000057e-02 0.000000000000000000e+00
-2.448049999999999926e+01 1.000000000000000000e+00 1.030000000000000013e-02 0.000000000000000000e+00
-2.448049999999999926e+01 1.000000000000000000e+00 1.149999999999999981e-02 0.000000000000000000e+00
-2.448049999999999926e+01 1.000000000000000000e+00 1.220000000000000077e-02 0.000000000000000000e+00
-2.448049999999999926e+01 1.000000000000000000e+00 1.220000000000000077e-02 0.000000000000000000e+00
-2.448049999999999926e+01 1.000000000000000000e+00 1.209999999999999964e-02 0.000000000000000000e+00
-2.448049999999999926e+01 1.000000000000000000e+00 1.050000000000000065e-02 0.000000000000000000e+00
-2.448049999999999926e+01 1.000000000000000000e+00 1.209999999999999964e-02 0.000000000000000000e+00
-2.448049999999999926e+01 1.000000000000000000e+00 1.009999999999999960e-02 0.000000000000000000e+00
-2.448049999999999926e+01 1.000000000000000000e+00 1.129999999999999928e-02 0.000000000000000000e+00
-2.448049999999999926e+01 1.000000000000000000e+00 1.209999999999999964e-02 0.000000000000000000e+00
-2.448049999999999926e+01 1.000000000000000000e+00 1.030000000000000013e-02 0.000000000000000000e+00
-2.448049999999999926e+01 1.000000000000000000e+00 1.140000000000000041e-02 0.000000000000000000e+00
-2.448049999999999926e+01 1.000000000000000000e+00 1.190000000000000085e-02 0.000000000000000000e+00
-2.448049999999999926e+01 1.000000000000000000e+00 1.050000000000000065e-02 0.000000000000000000e+00
-2.448049999999999926e+01 1.000000000000000000e+00 1.060000000000000005e-02 0.000000000000000000e+00
-2.448049999999999926e+01 1.000000000000000000e+00 1.080000000000000057e-02 0.000000000000000000e+00
-2.448049999999999926e+01 1.000000000000000000e+00 1.179999999999999973e-02 0.000000000000000000e+00
-2.439116599999999835e+01 9.963508098282305436e-01 8.500000000000000611e-03 2.140412743261250472e-01
-2.448049999999999926e+01 1.000000000000000000e+00 1.020000000000000073e-02 0.000000000000000000e+00
-2.448049999999999926e+01 1.000000000000000000e+00 1.119999999999999989e-02 0.000000000000000000e+00
-2.448049999999999926e+01 1.000000000000000000e+00 1.110000000000000049e-02 0.000000000000000000e+00
-2.446888399999999919e+01 9.995254998876657027e-01 9.799999999999999684e-03 8.172163483435715414e-02
-2.448049999999999926e+01 1.000000000000000000e+00 1.110000000000000049e-02 0.000000000000000000e+00
-2.448049999999999926e+01 1.000000000000000000e+00 1.319999999999999993e-02 0.000000000000000000e+00
-2.448049999999999926e+01 1.000000000000000000e+00 1.209999999999999964e-02 0.000000000000000000e+00
-2.448049999999999926e+01 1.000000000000000000e+00 1.050000000000000065e-02 0.000000000000000000e+00
-2.448049999999999926e+01 1.000000000000000000e+00 1.200000000000000025e-02 0.000000000000000000e+00
-2.448049999999999926e+01 1.000000000000000000e+00 1.190000000000000085e-02 0.000000000000000000e+00
-2.448049999999999926e+01 1.000000000000000000e+00 1.159999999999999920e-02 0.000000000000000000e+00
-2.448049999999999926e+01 1.000000000000000000e+00 1.099999999999999936e-02 0.000000000000000000e+00
-2.448049999999999926e+01 1.000000000000000000e+00 1.170000000000000033e-02 0.000000000000000000e+00
-2.448049999999999926e+01 1.000000000000000000e+00 1.250000000000000069e-02 0.000000000000000000e+00
-2.448049999999999926e+01 1.000000000000000000e+00 1.209999999999999964e-02 0.000000000000000000e+00
-2.448049999999999926e+01 1.000000000000000000e+00 1.159999999999999920e-02 0.000000000000000000e+00
-2.448049999999999926e+01 1.000000000000000000e+00 1.060000000000000005e-02 0.000000000000000000e+00
-2.448049999999999926e+01 1.000000000000000000e+00 1.009999999999999960e-02 0.000000000000000000e+00
-2.448049999999999926e+01 1.000000000000000000e+00 1.179999999999999973e-02 0.000000000000000000e+00
-2.448049999999999926e+01 1.000000000000000000e+00 1.039999999999999952e-02 0.000000000000000000e+00
-2.448049999999999926e+01 1.000000000000000000e+00 1.149999999999999981e-02 0.000000000000000000e+00
-2.444565199999999905e+01 9.985764996629971080e-01 9.400000000000000369e-03 1.386272354193071044e-01
-2.448049999999999926e+01 1.000000000000000000e+00 1.080000000000000057e-02 0.000000000000000000e+00
-2.448049999999999926e+01 1.000000000000000000e+00 1.220000000000000077e-02 0.000000000000000000e+00
-2.448049999999999926e+01 1.000000000000000000e+00 1.140000000000000041e-02 0.000000000000000000e+00
-2.448049999999999926e+01 1.000000000000000000e+00 1.020000000000000073e-02 0.000000000000000000e+00
-2.448049999999999926e+01 1.000000000000000000e+00 1.009999999999999960e-02 0.000000000000000000e+00
-2.448049999999999926e+01 1.000000000000000000e+00 1.039999999999999952e-02 0.000000000000000000e+00
-2.448049999999999926e+01 1.000000000000000000e+00 1.119999999999999989e-02 0.000000000000000000e+00
-2.448049999999999926e+01 1.000000000000000000e+00 1.110000000000000049e-02 0.000000000000000000e+00
-2.448049999999999926e+01 1.000000000000000000e+00 1.190000000000000085e-02 0.000000000000000000e+00
-2.448049999999999926e+01 1.000000000000000000e+00 1.050000000000000065e-02 0.000000000000000000e+00
-2.448049999999999926e+01 1.000000000000000000e+00 1.280000000000000061e-02 0.000000000000000000e+00
-2.448049999999999926e+01 1.000000000000000000e+00 1.140000000000000041e-02 0.000000000000000000e+00
-2.448049999999999926e+01 1.000000000000000000e+00 1.060000000000000005e-02 0.000000000000000000e+00
-2.448049999999999926e+01 1.000000000000000000e+00 1.080000000000000057e-02 0.000000000000000000e+00
-2.448049999999999926e+01 1.000000000000000000e+00 1.179999999999999973e-02 0.000000000000000000e+00
-2.448049999999999926e+01 1.000000000000000000e+00 1.159999999999999920e-02 0.000000000000000000e+00
-2.448049999999999926e+01 1.000000000000000000e+00 1.080000000000000057e-02 0.000000000000000000e+00
-2.448049999999999926e+01 1.000000000000000000e+00 1.260000000000000009e-02 0.000000000000000000e+00
-2.448049999999999926e+01 1.000000000000000000e+00 1.190000000000000085e-02 0.000000000000000000e+00
-2.446307600000000093e+01 9.992882498314985540e-01 9.700000000000000289e-03 9.957618992510205991e-02
-2.448049999999999926e+01 1.000000000000000000e+00 1.220000000000000077e-02 0.000000000000000000e+00
-2.448049999999999926e+01 1.000000000000000000e+00 1.009999999999999960e-02 0.000000000000000000e+00
-2.448049999999999926e+01 1.000000000000000000e+00 1.099999999999999936e-02 0.000000000000000000e+00
-2.448049999999999926e+01 1.000000000000000000e+00 1.000000000000000021e-02 0.000000000000000000e+00
-2.448049999999999926e+01 1.000000000000000000e+00 1.209999999999999964e-02 0.000000000000000000e+00
-2.448049999999999926e+01 1.000000000000000000e+00 1.260000000000000009e-02 0.000000000000000000e+00
-2.448049999999999926e+01 1.000000000000000000e+00 1.140000000000000041e-02 0.000000000000000000e+00
-2.448049999999999926e+01 1.000000000000000000e+00 1.129999999999999928e-02 0.000000000000000000e+00
-2.448049999999999926e+01 1.000000000000000000e+00 1.129999999999999928e-02 0.000000000000000000e+00
-2.448049999999999926e+01 1.000000000000000000e+00 1.149999999999999981e-02 0.000000000000000000e+00
-2.448049999999999926e+01 1.000000000000000000e+00 1.060000000000000005e-02 0.000000000000000000e+00
-2.448049999999999926e+01 1.000000000000000000e+00 1.060000000000000005e-02 0.000000000000000000e+00
-2.448049999999999926e+01 1.000000000000000000e+00 1.089999999999999997e-02 0.000000000000000000e+00
-2.448049999999999926e+01 1.000000000000000000e+00 1.190000000000000085e-02 0.000000000000000000e+00
-2.445726799999999912e+01 9.990509997753314053e-01 9.599999999999999159e-03 1.143864607372744729e-01
-2.448049999999999926e+01 1.000000000000000000e+00 1.129999999999999928e-02 0.000000000000000000e+00
-2.448049999999999926e+01 1.000000000000000000e+00 1.030000000000000013e-02 0.000000000000000000e+00
-2.446888399999999919e+01 9.995254998876657027e-01 9.799999999999999684e-03 8.172163483435715414e-02
-2.448049999999999926e+01 1.000000000000000000e+00 1.129999999999999928e-02 0.000000000000000000e+00
-2.448049999999999926e+01 1.000000000000000000e+00 1.089999999999999997e-02 0.000000000000000000e+00
-2.448049999999999926e+01 1.000000000000000000e+00 1.179999999999999973e-02 0.000000000000000000e+00
-2.448049999999999926e+01 1.000000000000000000e+00 1.050000000000000065e-02 0.000000000000000000e+00
-2.448049999999999926e+01 1.000000000000000000e+00 1.239999999999999956e-02 0.000000000000000000e+00
-2.448049999999999926e+01 1.000000000000000000e+00 1.190000000000000085e-02 0.000000000000000000e+00
-2.448049999999999926e+01 1.000000000000000000e+00 1.149999999999999981e-02 0.000000000000000000e+00
-2.448049999999999926e+01 1.000000000000000000e+00 1.129999999999999928e-02 0.000000000000000000e+00
-2.448049999999999926e+01 1.000000000000000000e+00 1.400000000000000029e-02 0.000000000000000000e+00
