-2.669475600000000526e+01 2.683159714544176011e-01 0.000000000000000000e+00 2.792553784270670914e+00
-2.860811000000002480e+01 2.875475927228869910e-01 0.000000000000000000e+00 3.366262107511036383e+00
-2.804977000000001652e+01 2.819355714142126601e-01 0.000000000000000000e+00 2.931270487382906076e+00
-2.651384200000002167e+01 2.664975575434719302e-01 0.000000000000000000e+00 3.092592235844887849e+00
-2.685280000000003042e+01 2.699045130163838513e-01 0.000000000000000000e+00 2.816285101499720334e+00
-2.864321000000001760e+01 2.879003919991960925e-01 0.000000000000000000e+00 3.491817963873300013e+00
-2.743786400000001890e+01 2.757851442356017979e-01 0.000000000000000000e+00 3.382839271152042304e+00
-2.824516000000000560e+01 2.838994873856669487e-01 0.000000000000000000e+00 3.064093634932908650e+00
-2.771749200000001423e+01 2.785957583676753058e-01 0.000000000000000000e+00 2.989119735079614149e+00
-2.843989600000001161e+01 2.858568298321440548e-01 0.000000000000000000e+00 2.786090586456843265e+00
-2.680331600000001302e+01 2.694071363956178078e-01 0.000000000000000000e+00 3.504223959354934248e+00
-2.816606600000001492e+01 2.831044929138608612e-01 0.000000000000000000e+00 3.076499485533661815e+00
-2.802191400000000598e+01 2.816555834757262788e-01 0.000000000000000000e+00 2.125290130592988103e+00
-2.902815000000000012e+01 2.917695245753342270e-01 0.000000000000000000e+00 3.283017162611246320e+00
-2.833748000000000644e+01 2.848274198411901437e-01 0.000000000000000000e+00 2.660781761631400677e+00
-2.767392000000000607e+01 2.781578048045030283e-01 0.000000000000000000e+00 2.710072242654065988e+00
-2.777566999999999808e+01 2.791805206553422680e-01 0.000000000000000000e+00 2.898058554507402462e+00
-2.936257400000000573e+01 2.951309076289074795e-01 0.000000000000000000e+00 3.337175658529653699e+00
-2.831260800000001510e+01 2.845774248668209716e-01 0.000000000000000000e+00 2.472568874251059423e+00
-2.801521400000000739e+01 2.815882400241231376e-01 0.000000000000000000e+00 3.466608117717118631e+00
-2.761378600000002237e+01 2.775533822494725689e-01 0.000000000000000000e+00 2.626729418148290307e+00
-2.871457600000001875e+01 2.886177103226457152e-01 0.000000000000000000e+00 2.922644029065172511e+00
-2.858767000000001701e+01 2.873421449391900806e-01 0.000000000000000000e+00 3.424372097615750565e+00
-2.921359800000003304e+01 2.936335109056190107e-01 0.000000000000000000e+00 2.812287772607126701e+00
-2.986696800000002483e+01 3.002007035883005881e-01 0.000000000000000000e+00 4.117102828541430171e+00
-2.930243600000002502e+01 2.945264448688312831e-01 0.000000000000000000e+00 3.825350806743154752e+00
-3.004159000000001711e+01 3.019558749623079685e-01 0.000000000000000000e+00 2.988963122180930299e+00
-3.024425000000001518e+01 3.039928636043824905e-01 0.000000000000000000e+00 3.135389242135171894e+00
-3.046704800000000546e+01 3.062322645492009943e-01 0.000000000000000000e+00 3.592495280371417188e+00
-3.041486999999999341e+01 3.057078098301336255e-01 0.000000000000000000e+00 2.684052456452723501e+00
-3.011317600000001704e+01 3.026754045632728540e-01 0.000000000000000000e+00 2.525793075536529209e+00
-3.082834400000002972e+01 3.098637451000103571e-01 0.000000000000000000e+00 3.261464789476338666e+00
-2.954757000000002165e+01 2.969903507890242489e-01 0.000000000000000000e+00 2.972373011568196333e+00
-3.167944600000001998e+01 3.184183938084231835e-01 0.000000000000000000e+00 3.120113152941020651e+00
-3.247124000000001587e+01 3.263769223037493172e-01 0.000000000000000000e+00 2.887358033660781587e+00
-3.195054200000001288e+01 3.211432505779476809e-01 0.000000000000000000e+00 3.160538463814114518e+00
-3.208842400000001760e+01 3.225291386068953603e-01 0.000000000000000000e+00 2.821067206799009242e+00
-3.272377800000002424e+01 3.289152477635945981e-01 0.000000000000000000e+00 2.812231924843161313e+00
-3.026526400000000550e+01 3.042040808121420081e-01 0.000000000000000000e+00 2.753001228467476302e+00
-3.448477400000001580e+01 3.466154789426074689e-01 0.000000000000000000e+00 2.994292104622062300e+00
-3.349480400000001623e+01 3.366650316614737126e-01 0.000000000000000000e+00 2.756727148503632652e+00
-3.368322200000002198e+01 3.385588702382151260e-01 0.000000000000000000e+00 2.291056169462529990e+00
-3.522954200000003055e+01 3.541013368177709508e-01 0.000000000000000000e+00 2.939278609811763143e+00
-3.404595000000000482e+01 3.422047441953965929e-01 0.000000000000000000e+00 2.941168473136779760e+00
-3.449161000000000854e+01 3.466841893657655049e-01 0.000000000000000000e+00 2.787628604072361238e+00
-3.535206000000000870e+01 3.553327972660569878e-01 0.000000000000000000e+00 2.624704323511238169e+00
-3.537292400000002601e+01 3.555425067846017528e-01 0.000000000000000000e+00 3.252935346344742573e+00
-3.638308400000002507e+01 3.656958890340740731e-01 0.000000000000000000e+00 3.126388383193888565e+00
-3.641620200000000551e+01 3.660287667102222198e-01 0.000000000000000000e+00 2.831173609167845662e+00
-3.686175600000001396e+01 3.705071464468792652e-01 0.000000000000000000e+00 2.469451686178062211e+00
-3.623832200000003212e+01 3.642408483264653052e-01 0.000000000000000000e+00 2.887334233243634252e+00
-3.589166600000001495e+01 3.607565182430396700e-01 0.000000000000000000e+00 3.261652233480089702e+00
-3.667008400000003121e+01 3.685806010654340548e-01 0.000000000000000000e+00 2.495007453551345122e+00
-3.587414200000002751e+01 3.605803799376824936e-01 0.000000000000000000e+00 2.073013799073096575e+00
-3.602424600000001931e+01 3.620891144838679354e-01 0.000000000000000000e+00 3.063114741547046993e+00
-3.640426000000001494e+01 3.659087345461857210e-01 0.000000000000000000e+00 2.227056963888450092e+00
-3.636948400000002124e+01 3.655591918785809913e-01 0.000000000000000000e+00 2.812460220709751990e+00
-3.702307800000002658e+01 3.721286360438237906e-01 0.000000000000000000e+00 2.534786108944296679e+00
-3.708323200000003794e+01 3.727332596240832130e-01 0.000000000000000000e+00 2.787292717079213666e+00
-3.635838600000001719e+01 3.654476429791940761e-01 0.000000000000000000e+00 2.494331288577312566e+00
-3.562622400000002187e+01 3.580884913056591179e-01 0.000000000000000000e+00 2.277704176795998681e+00
-3.649868800000000846e+01 3.668578550608102562e-01 0.000000000000000000e+00 2.696989576399597688e+00
-3.664714600000001354e+01 3.683500452306766038e-01 0.000000000000000000e+00 2.763497703318471110e+00
-3.709122400000003239e+01 3.728135893054581596e-01 0.000000000000000000e+00 2.633414020287441204e+00
-3.580867600000002682e+01 3.599223640566894256e-01 0.000000000000000000e+00 2.424043413749310982e+00
-3.625221800000003469e+01 3.643805206553425990e-01 0.000000000000000000e+00 2.673994635367796580e+00
-3.698549400000003118e+01 3.717508694341143394e-01 0.000000000000000000e+00 2.662290820267538827e+00
-3.633001800000002390e+01 3.651625087948540127e-01 0.000000000000000000e+00 2.902314269625660526e+00
-3.790119400000001804e+01 3.809548095285960612e-01 0.000000000000000000e+00 2.694647738744942345e+00
-3.775046200000001306e+01 3.794397627902303394e-01 0.000000000000000000e+00 2.413067298528634552e+00
-3.812489600000002810e+01 3.832032968137504270e-01 0.000000000000000000e+00 3.196722118453542372e+00
-3.766580200000003487e+01 3.785888229972865227e-01 0.000000000000000000e+00 2.976199951669778354e+00
-3.776380200000002674e+01 3.795738466177508430e-01 0.000000000000000000e+00 2.777744865493181781e+00
-3.850959600000000194e+01 3.870700170871445023e-01 0.000000000000000000e+00 2.124890474749418612e+00
-3.813692000000003901e+01 3.833241531812246472e-01 0.000000000000000000e+00 2.323015057022126850e+00
-3.688079000000002594e+01 3.706984621570009741e-01 0.000000000000000000e+00 2.839478023503544613e+00
-3.812863200000001740e+01 3.832408483264651555e-01 0.000000000000000000e+00 2.098828942884795712e+00
-3.711155000000001536e+01 3.730178912453514517e-01 0.000000000000000000e+00 3.038273466705202708e+00
-3.816561000000002934e+01 3.836125238717462138e-01 0.000000000000000000e+00 2.281273976057760944e+00
-3.681031600000001447e+01 3.699901095587497801e-01 0.000000000000000000e+00 2.452797521558112148e+00
-3.738265800000002059e+01 3.757428686300132714e-01 0.000000000000000000e+00 3.113830372146339176e+00
-3.778044800000002823e+01 3.797411599155697259e-01 0.000000000000000000e+00 2.750142359454994967e+00
-3.774120200000002967e+01 3.793466881093580656e-01 0.000000000000000000e+00 2.535105604398070422e+00
-3.800608000000003273e+01 3.820090461352903533e-01 0.000000000000000000e+00 2.971142617603775626e+00
-3.755108000000001311e+01 3.774357221831341480e-01 0.000000000000000000e+00 2.807587092580432042e+00
-3.823197800000001934e+01 3.842796059905520534e-01 0.000000000000000000e+00 3.094962104615508469e+00
-3.837621200000001664e+01 3.857293396321240242e-01 0.000000000000000000e+00 2.920446500637679410e+00
-3.742098400000001845e+01 3.761280932757062878e-01 0.000000000000000000e+00 2.923202209792776340e+00
-3.775630200000004066e+01 3.794984621570011152e-01 0.000000000000000000e+00 2.631109233763577304e+00
-3.804538200000003201e+01 3.824040808121422774e-01 0.000000000000000000e+00 2.483332951001800737e+00
-3.754648800000005338e+01 3.773895667906327911e-01 0.000000000000000000e+00 2.942085556621493847e+00
-3.851368000000000791e+01 3.871110664388381917e-01 0.000000000000000000e+00 2.263346163930249677e+00
-3.774355600000003363e+01 3.793703487787720707e-01 0.000000000000000000e+00 2.503512811478376232e+00
-3.809321600000001240e+01 3.828848728515429900e-01 0.000000000000000000e+00 2.731170814416262527e+00
-3.839644200000000751e+01 3.859326766509197926e-01 0.000000000000000000e+00 2.423787595336911682e+00
-3.819956799999999930e+01 3.839538446074982625e-01 0.000000000000000000e+00 2.979387329700486919e+00
-3.762498000000000076e+01 3.781785104030556122e-01 0.000000000000000000e+00 2.905370595600116790e+00
-3.900922000000000622e+01 3.920918685295005091e-01 0.000000000000000000e+00 2.672397763670806725e+00
-3.944801800000000469e+01 3.965023419439140384e-01 0.000000000000000000e+00 2.604507227995888741e+00
-3.852203800000002332e+01 3.871950748818979160e-01 0.000000000000000000e+00 2.678379181926594743e+00
-3.882840000000003045e+01 3.902743994371296599e-01 0.000000000000000000e+00 2.961721820942416095e+00
-3.821753600000002393e+01 3.841344456729322010e-01 0.000000000000000000e+00 2.661402827458489551e+00
-3.897262400000002458e+01 3.917240325660872879e-01 0.000000000000000000e+00 3.166553651479950826e+00
-3.985428600000004451e+01 4.005858478239023857e-01 0.000000000000000000e+00 2.707091956176582936e+00
-3.910145600000002020e+01 3.930189566790634470e-01 0.000000000000000000e+00 2.370208681956979646e+00
-3.872028800000002491e+01 3.891877374610516194e-01 0.000000000000000000e+00 2.525586493393588317e+00
-4.031691000000000003e+01 4.052358025932254471e-01 0.000000000000000000e+00 2.461130682976194972e+00
-3.978441600000002865e+01 3.998835661875568270e-01 0.000000000000000000e+00 2.882991556647540587e+00
-4.008299600000000851e+01 4.028846718263143223e-01 0.000000000000000000e+00 2.580621113393620547e+00
-3.875234600000001706e+01 3.895099608000806013e-01 0.000000000000000000e+00 2.198002902885924037e+00
-3.928048200000002055e+01 3.948183938084232070e-01 0.000000000000000000e+00 2.437269421132567615e+00
-4.053310600000003205e+01 4.074088451100616459e-01 0.000000000000000000e+00 2.485659354259585729e+00
-3.935740400000002381e+01 3.955915569403962717e-01 0.000000000000000000e+00 2.341407625138037574e+00
-3.952129200000000964e+01 3.972388380741784242e-01 0.000000000000000000e+00 2.375733381364435015e+00
-3.923797600000002461e+01 3.943911548899389774e-01 0.000000000000000000e+00 2.142857338026811664e+00
-3.905694000000000443e+01 3.925715147250980475e-01 0.000000000000000000e+00 1.920730577649867099e+00
-3.987246400000003632e+01 4.007685596542369666e-01 0.000000000000000000e+00 2.462729268269640670e+00
-3.996571400000003393e+01 4.017058397828930927e-01 0.000000000000000000e+00 2.811243709705292471e+00
-3.958429400000001408e+01 3.978720876469998835e-01 0.000000000000000000e+00 2.585109858198203270e+00
-3.950045000000004336e+01 3.970293496833857128e-01 0.000000000000000000e+00 2.839139257296695362e+00
-4.043512600000001100e+01 4.064240225148257335e-01 0.000000000000000000e+00 2.434445333570967041e+00
-3.915695400000002735e+01 3.935767815860893304e-01 0.000000000000000000e+00 2.474277559510854374e+00
-3.886400000000003274e+01 3.906322243441555653e-01 0.000000000000000000e+00 2.473159218407896542e+00
-4.000699400000002726e+01 4.021207558548600680e-01 0.000000000000000000e+00 3.292196395758683281e+00
-3.942401600000004436e+01 3.962610915669921297e-01 0.000000000000000000e+00 2.838290102651968017e+00
-3.867810800000000171e+01 3.887637752537944080e-01 0.000000000000000000e+00 2.652651011007286730e+00
-3.925798400000001465e+01 3.945922605286965035e-01 0.000000000000000000e+00 2.275528972523074511e+00
-4.056574200000002151e+01 4.077368780781990276e-01 0.000000000000000000e+00 2.289065500877833781e+00
-3.971915400000001029e+01 3.992276007638960178e-01 0.000000000000000000e+00 2.100663656721538874e+00
-4.011193400000000508e+01 4.031755352296714223e-01 0.000000000000000000e+00 2.716155761299488436e+00
-3.955934800000001417e+01 3.976213488792845197e-01 0.000000000000000000e+00 2.986942580683295656e+00
-4.167172800000003718e+01 4.188534325057798879e-01 0.000000000000000000e+00 2.944612700916709791e+00
-4.120932400000001650e+01 4.142056890139714231e-01 0.000000000000000000e+00 2.800858118690474186e+00
-4.030310800000003013e+01 4.050970750829232525e-01 0.000000000000000000e+00 2.244397407043466686e+00
-4.110338600000001463e+01 4.131408784802494405e-01 0.000000000000000000e+00 2.636000498651874580e+00
-4.033034400000002506e+01 4.053708312393208280e-01 0.000000000000000000e+00 2.710787210585653639e+00
-3.985421600000003650e+01 4.005851442356019310e-01 0.000000000000000000e+00 2.804629808327939955e+00
-4.084688600000001202e+01 4.105627299226054516e-01 0.000000000000000000e+00 2.163234395880204275e+00
-4.166302000000003858e+01 4.187659061212186118e-01 0.000000000000000000e+00 2.933835808822864877e+00
-4.044790000000002550e+01 4.065524173283749931e-01 0.000000000000000000e+00 3.055545191380035330e+00
-4.175418400000002350e+01 4.196822193185247296e-01 0.000000000000000000e+00 2.678981712272577198e+00
-4.109834600000003491e+01 4.130902201226257509e-01 0.000000000000000000e+00 2.710075743077333676e+00
-4.104779400000003875e+01 4.125821087546491239e-01 0.000000000000000000e+00 2.455656078715692470e+00
-4.200276800000002453e+01 4.221808020906626657e-01 0.000000000000000000e+00 2.324618506287373432e+00
-4.214542400000001265e+01 4.236146748416927954e-01 0.000000000000000000e+00 2.693825297145194142e+00
-4.259194400000000513e+01 4.281027640968942394e-01 0.000000000000000000e+00 3.419988368351653651e+00
-4.262466400000002409e+01 4.284316413709923221e-01 0.000000000000000000e+00 2.381451726481054187e+00
-4.278471600000002439e+01 4.300403658659164297e-01 0.000000000000000000e+00 2.423179011914270209e+00
-4.175710400000000533e+01 4.197115690019098122e-01 0.000000000000000000e+00 2.933015786459425289e+00
-4.280289200000002126e+01 4.302230575937282531e-01 0.000000000000000000e+00 2.478771385373297331e+00
-4.348354200000002834e+01 4.370644486883106805e-01 0.000000000000000000e+00 2.810888995331684459e+00
-4.311860200000003829e+01 4.333963413408387089e-01 0.000000000000000000e+00 2.796081336874912449e+00
-4.249770000000003023e+01 4.271554930143736106e-01 0.000000000000000000e+00 2.828842362722127746e+00
-4.267922800000003036e+01 4.289800783998394818e-01 0.000000000000000000e+00 2.653432927934388896e+00
-4.276379400000001141e+01 4.298300733742085877e-01 0.000000000000000000e+00 2.421958047239856526e+00
-4.300124800000001812e+01 4.322167856065938230e-01 0.000000000000000000e+00 2.458152148905286882e+00
-4.449110600000003757e+01 4.471917378631022344e-01 0.000000000000000000e+00 2.783748593730215326e+00
-4.436575200000002894e+01 4.459317720373909832e-01 0.000000000000000000e+00 2.776512698429706827e+00
-4.439552999999999372e+01 4.462310785003517632e-01 0.000000000000000000e+00 2.118399572266237652e+00
-4.333825800000003170e+01 4.356041612222337212e-01 0.000000000000000000e+00 2.147883520400508672e+00
-4.375659800000003230e+01 4.398090059302445787e-01 0.000000000000000000e+00 2.361486758442441491e+00
-4.505789600000002793e+01 4.528886923308878543e-01 0.000000000000000000e+00 2.859418647628933829e+00
-4.451338400000000917e+01 4.474156598653132311e-01 0.000000000000000000e+00 2.891783790160382672e+00
-4.473434400000003563e+01 4.496365865916176485e-01 0.000000000000000000e+00 2.530568683015457676e+00
-4.499567800000001938e+01 4.522633229470300886e-01 0.000000000000000000e+00 2.277915175635365497e+00
-4.508955000000003821e+01 4.532068549602979446e-01 0.000000000000000000e+00 2.840770352253491282e+00
-4.509573800000002564e+01 4.532690521660471261e-01 0.000000000000000000e+00 2.771965521189364345e+00
-4.412452000000002528e+01 4.435070861393107799e-01 0.000000000000000000e+00 2.193493112352850272e+00
-4.421303800000001871e+01 4.443968036988644177e-01 0.000000000000000000e+00 2.294751793835030362e+00
-4.387730800000005615e+01 4.410222936978596686e-01 0.000000000000000000e+00 1.921297488030188294e+00
-4.428186000000003020e+01 4.450885516132278008e-01 0.000000000000000000e+00 2.640410815067085526e+00
-4.476773000000001446e+01 4.499721580058299031e-01 0.000000000000000000e+00 2.600445990555847242e+00
-4.449558000000003943e+01 4.472367072067548466e-01 0.000000000000000000e+00 2.565670782867631061e+00
-4.412616400000003125e+01 4.435236104131071722e-01 0.000000000000000000e+00 2.648665900034211873e+00
-4.423619800000001590e+01 4.446295909136598334e-01 0.000000000000000000e+00 2.528770299547736133e+00
-4.529429600000000278e+01 4.552648105337220308e-01 0.000000000000000000e+00 2.456113806213943818e+00
-4.574613800000000197e+01 4.598063926022716297e-01 0.000000000000000000e+00 2.497171236094913205e+00
-4.634493600000002544e+01 4.658250678460149619e-01 0.000000000000000000e+00 2.712756937941081858e+00
-4.548292600000004882e+01 4.571607799778877324e-01 0.000000000000000000e+00 2.998939465696687012e+00
-4.608042400000002914e+01 4.631663885817673409e-01 0.000000000000000000e+00 1.909311479111427179e+00
-4.663478600000001961e+01 4.687384259724597380e-01 0.000000000000000000e+00 2.434974647329074759e+00
-4.612208200000001312e+01 4.635851040305559723e-01 0.000000000000000000e+00 2.418882389246335141e+00
-4.558452600000001098e+01 4.581819881395116645e-01 0.000000000000000000e+00 2.708372627132016763e+00
-4.611221200000002796e+01 4.634858980802093464e-01 0.000000000000000000e+00 2.313714146774803027e+00
-4.483405200000002111e+01 4.506387777666099326e-01 0.000000000000000000e+00 2.159580365825871873e+00
-4.637887400000002458e+01 4.661661875565386026e-01 0.000000000000000000e+00 2.123640540386182440e+00
-4.511517600000000527e+01 4.534644285857876156e-01 0.000000000000000000e+00 2.959476873549571341e+00
-4.668087200000002923e+01 4.692016484068753934e-01 0.000000000000000000e+00 2.645730600442375291e+00
-4.581852400000002490e+01 4.605339632123834348e-01 0.000000000000000000e+00 2.457703852396551092e+00
-4.684890400000003297e+01 4.708905819680373472e-01 0.000000000000000000e+00 2.488461358939159762e+00
-4.609278600000001802e+01 4.632906422756057907e-01 0.000000000000000000e+00 2.224953840811402461e+00
-4.633727000000001794e+01 4.657480148758671445e-01 0.000000000000000000e+00 2.247085532642249639e+00
-4.616505200000003128e+01 4.640170067343454829e-01 0.000000000000000000e+00 2.321646157471247918e+00
-4.602262600000001669e+01 4.625854457734447367e-01 0.000000000000000000e+00 2.522331640360489402e+00
-4.520928000000002811e+01 4.544102924917080011e-01 0.000000000000000000e+00 2.332787547423498697e+00
-4.652350600000001180e+01 4.676199216001609704e-01 0.000000000000000000e+00 2.461897581579270078e+00
-4.624454800000000176e+01 4.648160418132475935e-01 0.000000000000000000e+00 2.353063909140805876e+00
-4.548762200000000888e+01 4.572079807015781427e-01 0.000000000000000000e+00 2.283461544888781170e+00
-4.596679000000001025e+01 4.620242235400544017e-01 0.000000000000000000e+00 2.779678995982642675e+00
-4.684378400000003495e+01 4.708391195094988046e-01 0.000000000000000000e+00 2.858662684399080778e+00
-4.628794800000000720e+01 4.652522665594532869e-01 0.000000000000000000e+00 2.541743717321125473e+00
-4.560993400000001685e+01 4.584373705900092189e-01 0.000000000000000000e+00 2.251259179521047038e+00
-4.697519000000003331e+01 4.721599155694043426e-01 0.000000000000000000e+00 2.914128356313549162e+00
-4.602824400000003635e+01 4.626419137601772702e-01 0.000000000000000000e+00 2.291642835107820630e+00
-4.602586000000002997e+01 4.626179515529202368e-01 0.000000000000000000e+00 2.385209633545780417e+00
-4.640422800000003178e+01 4.664210272389188172e-01 0.000000000000000000e+00 2.862126708616824278e+00
-4.709071600000002888e+01 4.733210975977488189e-01 0.000000000000000000e+00 2.763904067562929612e+00
-4.550592400000002158e+01 4.573919388883307402e-01 0.000000000000000000e+00 2.543560624782399859e+00
-4.710263000000003331e+01 4.734408483264653245e-01 0.000000000000000000e+00 2.456780179175149126e+00
-4.763049800000000999e+01 4.787465875967434892e-01 0.000000000000000000e+00 3.024283884448239590e+00
-4.691273600000004507e+01 4.715321740878484769e-01 0.000000000000000000e+00 2.202878241706021978e+00
-4.801589000000002727e+01 4.826202633430498601e-01 0.000000000000000000e+00 3.167265252309134471e+00
-4.754117800000001637e+01 4.778488089255203408e-01 0.000000000000000000e+00 2.694642475397836634e+00
-4.692028400000003074e+01 4.716080410091469943e-01 0.000000000000000000e+00 2.388814827259185147e+00
-4.718116800000002797e+01 4.742302542969145662e-01 0.000000000000000000e+00 2.149255151920443030e+00
-4.715251000000002080e+01 4.739422052467586743e-01 0.000000000000000000e+00 2.451011129116003495e+00
-4.751655600000003687e+01 4.776013267665095707e-01 0.000000000000000000e+00 2.838239082700697136e+00
-4.849926600000001287e+01 4.874788018896373254e-01 0.000000000000000000e+00 2.397036230967253267e+00
-4.857550800000002766e+01 4.882451301638358609e-01 0.000000000000000000e+00 2.212309248556467711e+00
-4.761768000000002132e+01 4.786177505276914546e-01 0.000000000000000000e+00 2.404349747663785397e+00
-4.690605200000002384e+01 4.714649914564280619e-01 0.000000000000000000e+00 2.683051475145191489e+00
-4.784847000000002026e+01 4.809374811538850158e-01 0.000000000000000000e+00 2.170586620960082591e+00
-4.834428000000001902e+01 4.859209970851344207e-01 0.000000000000000000e+00 2.789186825487806942e+00
-4.720739400000002206e+01 4.744938586792644686e-01 0.000000000000000000e+00 2.208644437403342486e+00
-4.715565800000004515e+01 4.739738466177509935e-01 0.000000000000000000e+00 2.438161124977078931e+00
-4.723931600000000941e+01 4.748147150467385003e-01 0.000000000000000000e+00 2.594714667122729246e+00
-4.725396199999999425e+01 4.749619258216906115e-01 0.000000000000000000e+00 2.390679009026092761e+00
-4.793202400000001973e+01 4.817773042516838022e-01 0.000000000000000000e+00 2.402453275809643074e+00
-4.741171400000004610e+01 4.765475324153186087e-01 0.000000000000000000e+00 2.253279216896336479e+00
-4.889992000000003003e+01 4.915058799879388207e-01 0.000000000000000000e+00 2.215285957782306525e+00
-4.772394000000002023e+01 4.796857975675949404e-01 0.000000000000000000e+00 2.489490972512698352e+00
-4.877802400000003047e+01 4.902806714242640695e-01 0.000000000000000000e+00 2.303497932333924414e+00
-4.885518800000002670e+01 4.910562669615039511e-01 0.000000000000000000e+00 2.622069088892444277e+00
-4.835500200000004867e+01 4.860287667102226594e-01 0.000000000000000000e+00 2.752985969649476505e+00
-4.851967199999999991e+01 4.876839079304453040e-01 0.000000000000000000e+00 2.256962304169124689e+00
-4.794317999999999813e+01 4.818894361242335722e-01 0.000000000000000000e+00 2.311626248756358581e+00
-4.887493600000002658e+01 4.912547592722889545e-01 0.000000000000000000e+00 2.542704514008577110e+00
-4.738079600000004632e+01 4.762367675143235335e-01 0.000000000000000000e+00 2.003346301572507038e+00
-4.770936400000002209e+01 4.795392903809430618e-01 0.000000000000000000e+00 2.406226955446047366e+00
-4.901431800000004557e+01 4.926557241933867681e-01 0.000000000000000000e+00 2.406845839396911213e+00
-4.908226000000001932e+01 4.933386269976884342e-01 0.000000000000000000e+00 2.339641286240869089e+00
-4.838625800000001220e+01 4.863429289375817977e-01 0.000000000000000000e+00 2.440366709038175763e+00
-4.773719600000004704e+01 4.798190370891551870e-01 0.000000000000000000e+00 2.337386603825181375e+00
-4.894427800000003970e+01 4.919517338425976605e-01 0.000000000000000000e+00 1.808785690527925816e+00
-4.888486400000000742e+01 4.913545481957986572e-01 0.000000000000000000e+00 2.567621177080828598e+00
-4.874278800000001155e+01 4.899265051763997958e-01 0.000000000000000000e+00 2.176030357003785110e+00
-4.871408800000002515e+01 4.896380339732639420e-01 0.000000000000000000e+00 2.389783458229695512e+00
-4.909093400000001850e+01 4.934258116393609450e-01 0.000000000000000000e+00 2.838477702131724012e+00
-4.907063000000002262e+01 4.932217308272190959e-01 0.000000000000000000e+00 2.168522662849741156e+00
-4.947331800000002744e+01 4.972692531912757952e-01 0.000000000000000000e+00 2.649066860993916084e+00
-4.850643600000002209e+01 4.875508694341142424e-01 0.000000000000000000e+00 2.285631174746647343e+00
-4.853559200000004381e+01 4.878439240124640142e-01 0.000000000000000000e+00 2.080701725049081130e+00
-4.813537200000003935e+01 4.838212081616247162e-01 0.000000000000000000e+00 2.223604960013801257e+00
-4.895574000000004133e+01 4.920669414011462628e-01 0.000000000000000000e+00 2.752154941683026657e+00
-4.843170200000004399e+01 4.867996984621574819e-01 0.000000000000000000e+00 2.575884116455959827e+00
-4.945321600000003315e+01 4.970672027339434473e-01 0.000000000000000000e+00 2.282594966248597146e+00
-4.884140200000003063e+01 4.909177002713843718e-01 0.000000000000000000e+00 2.241631429980126544e+00
-4.883016200000001561e+01 4.908047240928738453e-01 0.000000000000000000e+00 2.412351068759573725e+00
-4.835445400000003957e+01 4.860232586189571213e-01 0.000000000000000000e+00 2.045325943816409087e+00
-4.818219800000000674e+01 4.842918685295005687e-01 0.000000000000000000e+00 2.634699014875486522e+00
-4.867162600000003891e+01 4.892112373102828760e-01 0.000000000000000000e+00 2.460029368249596171e+00
-4.886832200000004889e+01 4.911882802291692718e-01 0.000000000000000000e+00 2.434507850357132241e+00
-4.821425800000002937e+01 4.846141119710526968e-01 0.000000000000000000e+00 2.039373193523099648e+00
-4.822901200000003286e+01 4.847624082822397651e-01 0.000000000000000000e+00 2.196431689243057761e+00
-4.883359000000001515e+01 4.908391798170672060e-01 0.000000000000000000e+00 2.558747072555849655e+00
-4.894459400000000926e+01 4.919549100412102804e-01 0.000000000000000000e+00 2.346864019500116250e+00
-4.798587000000001979e+01 4.823185244748218192e-01 0.000000000000000000e+00 2.232620950403766624e+00
-4.888830200000001724e+01 4.913891044326064717e-01 0.000000000000000000e+00 2.822474389393788030e+00
-4.840610600000002961e+01 4.865424263745103395e-01 0.000000000000000000e+00 2.243856002771959623e+00
-4.884290200000001647e+01 4.909327771635342286e-01 0.000000000000000000e+00 2.442826300277875617e+00
-4.854028000000000986e+01 4.878910443260630614e-01 0.000000000000000000e+00 1.918350489036839024e+00
-4.765303200000001738e+01 4.789730827218817710e-01 0.000000000000000000e+00 2.150987237135356001e+00
-4.906526800000002453e+01 4.931678359634136810e-01 0.000000000000000000e+00 2.519692928095593754e+00
-4.782379600000002995e+01 4.806894763292796635e-01 0.000000000000000000e+00 2.097943011037143535e+00
-4.930385000000001838e+01 4.955658860186955561e-01 0.000000000000000000e+00 2.936253624634939552e+00
-4.906215200000002596e+01 4.931365162327874807e-01 0.000000000000000000e+00 2.129093509600323397e+00
-4.893490800000002139e+01 4.918575535229673945e-01 0.000000000000000000e+00 2.668398132337569173e+00
-4.934554600000003433e+01 4.959849834154190229e-01 0.000000000000000000e+00 2.848652092219948972e+00
-4.825990800000003844e+01 4.850729520554833973e-01 0.000000000000000000e+00 2.430667722771093331e+00
-4.846340600000002041e+01 4.871183636546388973e-01 0.000000000000000000e+00 2.456514342788837180e+00
-4.797191600000002865e+01 4.821782691727815040e-01 0.000000000000000000e+00 2.490125893402568291e+00
-4.778789800000002685e+01 4.803286561463466775e-01 0.000000000000000000e+00 2.181110377487539775e+00
-4.820374400000002879e+01 4.845084330083428426e-01 0.000000000000000000e+00 2.396431401455678678e+00
-4.887015000000001663e+01 4.912066539350690708e-01 0.000000000000000000e+00 2.306669467045944000e+00
-4.899594200000002076e+01 4.924710222132879789e-01 0.000000000000000000e+00 2.383817901542214734e+00
-4.885964200000002933e+01 4.911010352799279333e-01 0.000000000000000000e+00 2.324725702041712694e+00
-4.935151400000001587e+01 4.960449693436528307e-01 0.000000000000000000e+00 2.561991534102351142e+00
-4.914107400000004588e+01 4.939297818876273727e-01 0.000000000000000000e+00 2.183424346130812044e+00
-4.908392200000000116e+01 4.933553321941904213e-01 0.000000000000000000e+00 2.596086851186811373e+00
-4.962037200000002457e+01 4.987473313900897542e-01 0.000000000000000000e+00 2.387039618739140945e+00
-4.876489800000003072e+01 4.901487385666904451e-01 0.000000000000000000e+00 2.092299934173256215e+00
-4.940257200000002769e+01 4.965581666499148672e-01 0.000000000000000000e+00 2.387536255162030052e+00
-4.968987600000004079e+01 4.994459342647506461e-01 0.000000000000000000e+00 2.443380169013261050e+00
-4.929374000000002098e+01 4.954642677656048155e-01 0.000000000000000000e+00 2.615355630876917026e+00
-4.975324800000001346e+01 5.000829028043021207e-01 0.000000000000000000e+00 2.554290056557058541e+00
-4.877211800000002739e+01 4.902213086742389092e-01 0.000000000000000000e+00 2.568741184472277617e+00
-4.921496000000002624e+01 4.946724293898887015e-01 0.000000000000000000e+00 2.174901318741295331e+00
-4.981058800000003828e+01 5.006592421348883271e-01 0.000000000000000000e+00 2.135716311850202942e+00
-4.955275600000001646e+01 4.980677052970149399e-01 0.000000000000000000e+00 2.496235676451219909e+00
-5.005046400000000517e+01 5.030702985224646540e-01 0.000000000000000000e+00 2.847821242812501819e+00
-5.015707600000006039e+01 5.041418836063932263e-01 0.000000000000000000e+00 2.631097107695809179e+00
-4.992158800000003538e+01 5.017749321539857199e-01 0.000000000000000000e+00 1.789614878455104474e+00
-5.032214000000004006e+01 5.058009850236209193e-01 0.000000000000000000e+00 2.714219062268150129e+00
-5.026437000000001376e+01 5.052203236506183082e-01 0.000000000000000000e+00 2.778035611086482337e+00
-4.982180000000000319e+01 5.007719368780783054e-01 0.000000000000000000e+00 2.565023763372703769e+00
-4.955883800000002992e+01 4.981288370690524769e-01 0.000000000000000000e+00 2.021182454330368028e+00
-4.923876400000003883e+01 4.949116896170473456e-01 0.000000000000000000e+00 2.250882320089819366e+00
-4.959878200000003545e+01 4.985303246557447054e-01 0.000000000000000000e+00 2.400291377951157212e+00
-4.935729200000001526e+01 4.961030455322144594e-01 0.000000000000000000e+00 2.266836804562960328e+00
-4.992258000000003193e+01 5.017849030053275206e-01 0.000000000000000000e+00 2.301619105382692876e+00
-4.873240800000002082e+01 4.898221730827221343e-01 0.000000000000000000e+00 1.975630262083623245e+00
-4.930017400000003391e+01 4.955289375816668840e-01 0.000000000000000000e+00 2.268402677390396249e+00
-4.943308800000001924e+01 4.968648909438136418e-01 0.000000000000000000e+00 2.102736541242089974e+00
-4.973739400000003030e+01 4.999235501055385722e-01 0.000000000000000000e+00 2.276177651630429732e+00
-4.930051600000003731e+01 4.955323751130770726e-01 0.000000000000000000e+00 2.271128744097671515e+00
-4.973295800000001066e+01 4.998789627098202404e-01 0.000000000000000000e+00 2.449097577161964967e+00
-4.964481200000003014e+01 4.989929842195198750e-01 0.000000000000000000e+00 2.188009575961908482e+00
-5.002414600000003730e+01 5.028057694240630759e-01 0.000000000000000000e+00 2.626404340208618571e+00
-5.019571400000000239e+01 5.045302442456528480e-01 0.000000000000000000e+00 2.364068767950712413e+00
-5.048530200000003276e+01 5.074409689416025104e-01 0.000000000000000000e+00 2.455978535670197527e+00
-4.945752000000003790e+01 4.971104633631524550e-01 0.000000000000000000e+00 2.454342055964646274e+00
-4.975710800000003786e+01 5.001217006734349768e-01 0.000000000000000000e+00 2.422693077760008862e+00
-4.991214800000001617e+01 5.016800482460550548e-01 0.000000000000000000e+00 2.153658394569810230e+00
-4.950113600000003800e+01 4.975488591818277295e-01 0.000000000000000000e+00 2.464475824593141073e+00
-4.963803400000004018e+01 4.989248567695250269e-01 0.000000000000000000e+00 2.268320883016173628e+00
-4.904372400000003296e+01 4.929512915870945533e-01 0.000000000000000000e+00 2.438045132748196231e+00
-4.943390400000002671e+01 4.968730927731433433e-01 0.000000000000000000e+00 2.652611226922625409e+00
-5.020664200000002353e+01 5.046400844305962696e-01 0.000000000000000000e+00 2.279764888869290740e+00
-5.042501600000002782e+01 5.068350185948339304e-01 0.000000000000000000e+00 2.541763895396941031e+00
-5.062272800000001638e+01 5.088222735953363829e-01 0.000000000000000000e+00 2.360364151758167051e+00
-5.019976400000003736e+01 5.045709518544581051e-01 0.000000000000000000e+00 2.341296817617505521e+00
-4.991734200000002630e+01 5.017322544979397891e-01 0.000000000000000000e+00 2.420110835978427133e+00
-4.854255600000002602e+01 4.879139209970854152e-01 0.000000000000000000e+00 2.876889607370074486e+00
-5.017362600000004136e+01 5.043082319831143634e-01 0.000000000000000000e+00 2.509091973169222278e+00
-5.026597400000002835e+01 5.052364458739574404e-01 0.000000000000000000e+00 2.651272855301122000e+00
-5.084772800000001780e+01 5.110838074178311041e-01 0.000000000000000000e+00 2.210944091873400907e+00
-5.031533600000002338e+01 5.057325962408284470e-01 0.000000000000000000e+00 2.476274829948886147e+00
-5.073428400000005212e+01 5.099435521157911211e-01 0.000000000000000000e+00 2.215493707830916925e+00
-4.983309200000003614e+01 5.008854357221834697e-01 0.000000000000000000e+00 2.061811066875650855e+00
-5.046571400000003393e+01 5.072440848326468243e-01 0.000000000000000000e+00 2.360306635661450159e+00
-5.124006800000002215e+01 5.150273193285760387e-01 0.000000000000000000e+00 2.458731620324560385e+00
-5.058606600000002373e+01 5.084537742486684442e-01 0.000000000000000000e+00 2.494598592604882814e+00
-4.918263400000004992e+01 4.943475123127957782e-01 0.000000000000000000e+00 1.910732326486048516e+00
-5.030416000000003152e+01 5.056202633430498805e-01 0.000000000000000000e+00 2.395215035579616902e+00
-5.097777400000004633e+01 5.123909337621876947e-01 0.000000000000000000e+00 2.194410188933912043e+00
-5.121655400000003056e+01 5.147909739672331675e-01 0.000000000000000000e+00 2.586156045953964089e+00
-5.102879200000001703e+01 5.129037290179919717e-01 0.000000000000000000e+00 1.955564252328687358e+00
-5.160206399999999860e+01 5.186658357623882276e-01 0.000000000000000000e+00 2.616411371121393881e+00
-5.107667000000001423e+01 5.133849633128959589e-01 0.000000000000000000e+00 1.703586790221790270e+00
-5.039064200000003524e+01 5.064895165343253902e-01 0.000000000000000000e+00 2.521919372832261530e+00
-5.085391400000000317e+01 5.111459845210574171e-01 0.000000000000000000e+00 2.296576117888663671e+00
-5.153200200000002695e+01 5.179616242838479545e-01 0.000000000000000000e+00 2.298960787007464202e+00
-5.073559800000003150e+01 5.099567594733142029e-01 0.000000000000000000e+00 2.134876713966018524e+00
-5.020167800000002245e+01 5.045901899688413073e-01 0.000000000000000000e+00 2.700373634737955886e+00
-5.054134800000002059e+01 5.080043019398936543e-01 0.000000000000000000e+00 2.472007937880753570e+00
-5.002051400000001991e+01 5.027692632425371233e-01 0.000000000000000000e+00 2.290539191474532998e+00
-5.021623200000001930e+01 5.047364760277417428e-01 0.000000000000000000e+00 2.045637623194856758e+00
-5.047877600000002474e+01 5.073753744094886553e-01 0.000000000000000000e+00 2.726418603116216755e+00
-5.039837000000004252e+01 5.065671926826821325e-01 0.000000000000000000e+00 2.439897295135203148e+00
-5.078298200000003249e+01 5.104330284450702138e-01 0.000000000000000000e+00 2.462098087649653433e+00
-5.080548800000003240e+01 5.106592421348882249e-01 0.000000000000000000e+00 2.336569872774960643e+00
-5.143039400000003525e+01 5.169403357121322706e-01 0.000000000000000000e+00 2.553395284390466813e+00
-5.019447600000000165e+01 5.045178007839984380e-01 0.000000000000000000e+00 2.473973078380097057e+00
-5.070039000000002005e+01 5.096028746607701443e-01 0.000000000000000000e+00 2.563503450457020438e+00
-4.998351600000003714e+01 5.023973866720277126e-01 0.000000000000000000e+00 1.865486825010262084e+00
-5.098325600000002567e+01 5.124460347773648339e-01 0.000000000000000000e+00 2.885436273450767697e+00
-5.107890000000001862e+01 5.134073776258922805e-01 0.000000000000000000e+00 2.321214269221254511e+00
-5.062575800000004733e+01 5.088527289174796797e-01 0.000000000000000000e+00 2.160488779021725758e+00
-5.146613400000004646e+01 5.172995677957588079e-01 0.000000000000000000e+00 2.701667527273337921e+00
-5.004989000000004751e+01 5.030645290984023799e-01 0.000000000000000000e+00 2.381201099415710232e+00
-5.079675200000004764e+01 5.105714343150070667e-01 0.000000000000000000e+00 2.539420830671530016e+00
-5.092298600000005138e+01 5.118402452507795353e-01 0.000000000000000000e+00 2.348826206445434384e+00
-5.013394800000001794e+01 5.039094180319632077e-01 0.000000000000000000e+00 2.114642546887551156e+00
-5.033065600000003315e+01 5.058865815659868703e-01 0.000000000000000000e+00 2.795742073633916025e+00
-5.014611600000004188e+01 5.040317217810840189e-01 0.000000000000000000e+00 2.528111085044973283e+00
-5.019304800000001876e+01 5.045034475826718490e-01 0.000000000000000000e+00 2.003389243231316730e+00
-5.109013200000004673e+01 5.135202733943114994e-01 0.000000000000000000e+00 2.549074960157313274e+00
-5.132272600000002427e+01 5.158581364961305482e-01 0.000000000000000000e+00 2.104173029267068173e+00
-5.130220000000004887e+01 5.156518243039506233e-01 0.000000000000000000e+00 2.282841264917050417e+00
-5.110012000000003241e+01 5.136206653935072586e-01 0.000000000000000000e+00 2.818354526307787378e+00
-5.112226400000002258e+01 5.138432405266863956e-01 0.000000000000000000e+00 2.273884225063787401e+00
-5.004139000000003534e+01 5.029790933762190441e-01 0.000000000000000000e+00 2.098425906326795598e+00
-5.099329600000001506e+01 5.125469494421551753e-01 0.000000000000000000e+00 2.335207428760317949e+00
-5.025330600000002335e+01 5.051091164941202694e-01 0.000000000000000000e+00 2.494391001962344312e+00
-5.093847200000002573e+01 5.119958990853354930e-01 0.000000000000000000e+00 2.631295902340275994e+00
-5.010402200000001471e+01 5.036086239823099886e-01 0.000000000000000000e+00 2.300798234411419951e+00
-5.041993800000004455e+01 5.067839782892757938e-01 0.000000000000000000e+00 2.534731679413468886e+00
-5.128941200000003420e+01 5.155232887727413393e-01 0.000000000000000000e+00 2.693079457254625275e+00
-5.091427400000002734e+01 5.117526786611722445e-01 0.000000000000000000e+00 2.533120979242560189e+00
-5.144337000000001581e+01 5.170707608804906430e-01 0.000000000000000000e+00 2.309230576196410034e+00
-5.062074200000000701e+01 5.088023117901298020e-01 0.000000000000000000e+00 1.934206506120582869e+00
-5.047495200000004445e+01 5.073369383857678772e-01 0.000000000000000000e+00 2.825229542349728451e+00
-5.139087800000002915e+01 5.165431500653334673e-01 0.000000000000000000e+00 2.545563895123745812e+00
-5.058136200000001281e+01 5.084064931148860600e-01 0.000000000000000000e+00 2.907837694148542429e+00
-4.988309400000001403e+01 5.013880188963716344e-01 0.000000000000000000e+00 2.610217181483005966e+00
-5.047883600000001536e+01 5.073759774851746007e-01 0.000000000000000000e+00 2.210972012647629992e+00
-5.031307600000002367e+01 5.057098803899892081e-01 0.000000000000000000e+00 1.708915534384483959e+00
-5.002206400000005004e+01 5.027848426977591378e-01 0.000000000000000000e+00 1.929433957896156571e+00
-5.092745200000002370e+01 5.118851341843404512e-01 0.000000000000000000e+00 1.760632951295606707e+00
-5.112476000000003040e+01 5.138683284752240121e-01 0.000000000000000000e+00 2.773093273846832574e+00
-5.004297400000002938e+01 5.029950145743293799e-01 0.000000000000000000e+00 2.486564276006375973e+00
-5.111619600000003061e+01 5.137822494723091049e-01 0.000000000000000000e+00 2.491384328177993268e+00
-5.008197800000002786e+01 5.033870539752741680e-01 0.000000000000000000e+00 2.260530728046049376e+00
-5.012516200000003863e+01 5.038211076490103357e-01 0.000000000000000000e+00 2.477248840861877799e+00
-4.999965000000003101e+01 5.025595537239927468e-01 0.000000000000000000e+00 2.409932843923709544e+00
-5.037790400000002933e+01 5.063614835661879310e-01 0.000000000000000000e+00 2.466779245011641031e+00
-5.060259200000002977e+01 5.086198813951153808e-01 0.000000000000000000e+00 2.098607081461319357e+00
-5.093036600000004199e+01 5.119144235601572612e-01 0.000000000000000000e+00 2.552211039539534987e+00
-5.134415000000001328e+01 5.160734747210776741e-01 0.000000000000000000e+00 2.551592440046217547e+00
-5.100436400000003800e+01 5.126581968036992842e-01 0.000000000000000000e+00 2.707335702711386016e+00
-5.019703600000003263e+01 5.045435320132680701e-01 0.000000000000000000e+00 2.207591880628795078e+00
-5.196097200000003369e+01 5.222733139008949310e-01 0.000000000000000000e+00 2.850649622935697458e+00
-5.098867800000001438e+01 5.125005327168561386e-01 0.000000000000000000e+00 2.432888017682239390e+00
-5.073949400000004317e+01 5.099959191878585818e-01 0.000000000000000000e+00 2.371018470923114574e+00
-4.995047000000002413e+01 5.020652326867024451e-01 0.000000000000000000e+00 1.922145010007036303e+00
-5.023342600000003699e+01 5.049092974168262193e-01 0.000000000000000000e+00 2.611496272472038527e+00
-5.005884600000001683e+01 5.031545481957987453e-01 0.000000000000000000e+00 2.803587544681084065e+00
-5.116621600000005543e+01 5.142850135692035307e-01 0.000000000000000000e+00 2.173579129562272172e+00
-5.075476800000003408e+01 5.101494421549908065e-01 0.000000000000000000e+00 2.523500319637007827e+00
-5.087831200000001530e+01 5.113912151975075204e-01 0.000000000000000000e+00 2.350548373468659413e+00
-5.051453800000004435e+01 5.077348276208668576e-01 0.000000000000000000e+00 2.347147729736685839e+00
-5.079545200000001870e+01 5.105583676751433986e-01 0.000000000000000000e+00 2.129847412682206453e+00
-5.051710400000003887e+01 5.077606191577047623e-01 0.000000000000000000e+00 2.205926190232010420e+00
-5.026985600000003984e+01 5.052754648708417395e-01 0.000000000000000000e+00 2.138629983264325851e+00
-5.133632400000000473e+01 5.159948135491004839e-01 0.000000000000000000e+00 2.170867435950128765e+00
-5.016173600000004029e+01 5.041887224846722804e-01 0.000000000000000000e+00 2.098084178507871211e+00
-5.013529200000001396e+01 5.039229269273295397e-01 0.000000000000000000e+00 2.402283636172510839e+00
-5.115313400000002275e+01 5.141535229671326812e-01 0.000000000000000000e+00 2.567438014131612878e+00
-5.024422200000002903e+01 5.050178108352600947e-01 0.000000000000000000e+00 2.344212160546166324e+00
-5.071417000000000286e+01 5.097413810433210068e-01 0.000000000000000000e+00 2.253278636484259856e+00
-5.137952000000002784e+01 5.164289878379739740e-01 0.000000000000000000e+00 2.066545115682576927e+00
-5.124320400000001996e+01 5.150588400844308135e-01 0.000000000000000000e+00 2.512213745326233205e+00
-5.090494600000005221e+01 5.116589204945226621e-01 0.000000000000000000e+00 2.006387548262354326e+00
-5.043096800000002133e+01 5.068948437028849563e-01 0.000000000000000000e+00 2.551820410659532357e+00
-4.894494799999998946e+01 4.919584681877574583e-01 0.000000000000000000e+00 2.348657255182030834e+00
-5.121641200000003380e+01 5.147895466881097226e-01 0.000000000000000000e+00 1.951477905592620354e+00
-5.133925800000002226e+01 5.160243039501459794e-01 0.000000000000000000e+00 2.818143776546698565e+00
-5.017842800000002512e+01 5.043564981405168623e-01 0.000000000000000000e+00 2.312846381203573554e+00
-5.215197600000004030e+01 5.241931450397029346e-01 0.000000000000000000e+00 2.193707961610277923e+00
-5.118161000000003469e+01 5.144397426877076462e-01 0.000000000000000000e+00 2.206771107731654080e+00
-5.151260200000002243e+01 5.177666298120416899e-01 0.000000000000000000e+00 2.621622864415909859e+00
-5.063680800000002336e+01 5.089637953563175277e-01 0.000000000000000000e+00 2.040962427345085484e+00
-5.073378000000001720e+01 5.099384862800283580e-01 0.000000000000000000e+00 1.853742958765242532e+00
-5.143108200000005326e+01 5.169472509799986071e-01 0.000000000000000000e+00 2.540806698445327694e+00
-5.145365800000001855e+01 5.171741682581165733e-01 0.000000000000000000e+00 2.078325923885603999e+00
-5.133373800000004650e+01 5.159688209870343378e-01 0.000000000000000000e+00 2.328883216938405276e+00
-5.098293600000003778e+01 5.124428183737063103e-01 0.000000000000000000e+00 2.498329970018962065e+00
-5.208203800000001138e+01 5.234901799175798454e-01 0.000000000000000000e+00 2.434840900482539983e+00
-5.135881400000005925e+01 5.162208664187362128e-01 0.000000000000000000e+00 2.531320121792961952e+00
-5.144751400000004082e+01 5.171124133078706109e-01 0.000000000000000000e+00 2.628856553713807997e+00
-5.063821600000002832e+01 5.089779475324156532e-01 0.000000000000000000e+00 1.947872151173472233e+00
-5.069604600000003103e+01 5.095592119811039877e-01 0.000000000000000000e+00 1.892313289639285134e+00
-5.040962400000002219e+01 5.066803095788523503e-01 0.000000000000000000e+00 2.373566898326719521e+00
-5.111040200000003608e+01 5.137240124635645833e-01 0.000000000000000000e+00 2.573507945637352190e+00
-5.212832800000005307e+01 5.239554528093280927e-01 0.000000000000000000e+00 2.611316036878839064e+00
-5.152433400000001029e+01 5.178845512111771576e-01 0.000000000000000000e+00 2.516384883611544776e+00
-5.148878600000004724e+01 5.175272489697462230e-01 0.000000000000000000e+00 2.412023402445223841e+00
-5.094179000000003299e+01 5.120292491707713056e-01 0.000000000000000000e+00 2.696568311106664506e+00
-5.165010800000001012e+01 5.191487385666901933e-01 0.000000000000000000e+00 2.315296064829321043e+00
-5.116429800000005912e+01 5.142657352497744805e-01 0.000000000000000000e+00 2.188029126261736401e+00
-5.057647800000003713e+01 5.083574027540460616e-01 0.000000000000000000e+00 2.155935136089734971e+00
-5.139916600000004365e+01 5.166264549200929590e-01 0.000000000000000000e+00 1.816070741525853460e+00
-5.150663800000003079e+01 5.177066840888534527e-01 0.000000000000000000e+00 1.975721086661471837e+00
-5.031833400000001433e+01 5.057627299226054030e-01 0.000000000000000000e+00 2.078069101825932297e+00
-5.132003000000001691e+01 5.158310382953062989e-01 0.000000000000000000e+00 2.235156124775451225e+00
-5.101248000000001781e+01 5.127397728414918587e-01 0.000000000000000000e+00 2.711043833558348659e+00
-5.046607800000001731e+01 5.072477434918084560e-01 0.000000000000000000e+00 2.460523484401010208e+00
-5.114999600000000868e+01 5.141219821087548159e-01 0.000000000000000000e+00 2.587306629827920812e+00
-5.076768200000001485e+01 5.102792441451403649e-01 0.000000000000000000e+00 2.605660563348552561e+00
-5.199688600000004612e+01 5.226342949040109209e-01 0.000000000000000000e+00 2.504097343487390326e+00
-5.098373200000005312e+01 5.124508191778073263e-01 0.000000000000000000e+00 2.255340525471562607e+00
-5.121832600000004021e+01 5.148087848024931468e-01 0.000000000000000000e+00 2.210465305128257452e+00
-5.061819400000003100e+01 5.087767011759979363e-01 0.000000000000000000e+00 2.155409253872871300e+00
-5.023129600000003592e+01 5.048878882299732140e-01 0.000000000000000000e+00 2.195832694861387324e+00
-5.054484000000002908e+01 5.080394009448189196e-01 0.000000000000000000e+00 2.112025046913004633e+00
-5.121650200000001263e+01 5.147904513016384742e-01 0.000000000000000000e+00 2.468379607283394783e+00
-5.154458000000003182e+01 5.180880490501561519e-01 0.000000000000000000e+00 2.414841405504173366e+00
-5.199258200000002716e+01 5.225910342748018023e-01 0.000000000000000000e+00 2.439447690942448954e+00
-5.149049800000002364e+01 5.175444567293198128e-01 0.000000000000000000e+00 2.125162649032879880e+00
-5.132266800000002860e+01 5.158575535229674713e-01 0.000000000000000000e+00 2.115756116288481703e+00
-5.132548800000001421e+01 5.158858980802092375e-01 0.000000000000000000e+00 2.661263255487149149e+00
-5.462448800000004212e+01 5.490450095486988369e-01 0.000000000000000000e+00 2.249731419268630184e+00
-5.429658600000000490e+01 5.457491808221932583e-01 0.000000000000000000e+00 2.419105781570594971e+00
-5.409639800000001486e+01 5.437370388983818748e-01 0.000000000000000000e+00 2.146750719509168182e+00
-5.404988200000001086e+01 5.432694944215500366e-01 0.000000000000000000e+00 2.472604022523213541e+00
-5.481061000000003247e+01 5.509157704291892665e-01 0.000000000000000000e+00 2.591544846303849070e+00
-5.450566400000002432e+01 5.478506784601470114e-01 0.000000000000000000e+00 2.476479868134761730e+00
-5.474434800000005907e+01 5.502497537440954600e-01 0.000000000000000000e+00 2.333224631687902395e+00
-5.415027000000002744e+01 5.442785204543173494e-01 0.000000000000000000e+00 2.466687125447506901e+00
-5.325761000000002809e+01 5.353061614232589305e-01 0.000000000000000000e+00 2.004821026471395040e+00
-5.453075200000002098e+01 5.481028445069858757e-01 0.000000000000000000e+00 2.067629032065081418e+00
-5.441834600000002098e+01 5.469730224143132258e-01 0.000000000000000000e+00 2.455100282484310448e+00
-5.553792000000001394e+01 5.582261533822496791e-01 0.000000000000000000e+00 2.337941625801757795e+00
-5.597005400000003306e+01 5.625696451904718121e-01 0.000000000000000000e+00 2.149049551506973632e+00
-5.661004600000003961e+01 5.690023720976986610e-01 0.000000000000000000e+00 2.329317230149364981e+00
-5.682547600000003740e+01 5.711677153482765945e-01 0.000000000000000000e+00 2.575491851000445198e+00
-5.555148000000002639e+01 5.583624484872854454e-01 0.000000000000000000e+00 2.124697580857334955e+00
-5.563718600000005665e+01 5.592239018996889577e-01 0.000000000000000000e+00 2.191367021203933341e+00
-5.597282200000002916e+01 5.625974670821191070e-01 0.000000000000000000e+00 2.434733679401531070e+00
-5.555654600000003285e+01 5.584133681777067038e-01 0.000000000000000000e+00 2.174932079906418458e+00
-5.600715600000001615e+01 5.629425670921702762e-01 0.000000000000000000e+00 2.504144208836724061e+00
-5.663672400000002227e+01 5.692705196502163556e-01 0.000000000000000000e+00 2.295810168969427689e+00
-5.611302800000003543e+01 5.640067142426378188e-01 0.000000000000000000e+00 2.905554719341363334e+00
-5.654591600000004803e+01 5.683577847019806173e-01 0.000000000000000000e+00 2.194399925279038044e+00
-5.620352000000001169e+01 5.649162729922606596e-01 0.000000000000000000e+00 2.795694889495545787e+00
-5.550203000000000486e+01 5.578654136094081117e-01 0.000000000000000000e+00 2.245934448142584472e+00
-5.624698800000002308e+01 5.653531812242439392e-01 0.000000000000000000e+00 2.373178181993696789e+00
-5.599231600000005926e+01 5.627934063725004155e-01 0.000000000000000000e+00 2.405152886495613540e+00
-5.472032400000001218e+01 5.500082822394212201e-01 0.000000000000000000e+00 2.394325608225843727e+00
-5.533191000000002191e+01 5.561554930143735032e-01 0.000000000000000000e+00 2.343807362783551174e+00
-5.519646200000000391e+01 5.547940697557544043e-01 0.000000000000000000e+00 2.304401488534407516e+00
-5.518340800000000712e+01 5.546628605890040475e-01 0.000000000000000000e+00 2.425996569304827322e+00
-5.567640600000001427e+01 5.596181123731029938e-01 0.000000000000000000e+00 2.312592061735930127e+00
-5.543662600000003948e+01 5.572080209066242462e-01 0.000000000000000000e+00 2.212222005162513661e+00
-5.504088600000002884e+01 5.532303347070059996e-01 0.000000000000000000e+00 2.003553454604739326e+00
-5.582029600000004166e+01 5.610643883807422405e-01 0.000000000000000000e+00 2.594590501308209785e+00
-5.470533400000000057e+01 5.498576138305357741e-01 0.000000000000000000e+00 2.218069092028952305e+00
-5.663893799999998890e+01 5.692927731430293958e-01 0.000000000000000000e+00 2.126184711740822131e+00
-5.642523800000002865e+01 5.671448185747314241e-01 0.000000000000000000e+00 2.179109608675576126e+00
-5.598526000000003222e+01 5.627224846718266171e-01 0.000000000000000000e+00 2.198581328534793489e+00
-5.516367600000000948e+01 5.544645290984019370e-01 0.000000000000000000e+00 1.808408172567824934e+00
-5.582579400000000192e+01 5.611196502161022170e-01 0.000000000000000000e+00 2.743929895658208551e+00
-5.593234400000001472e+01 5.621906121218214203e-01 0.000000000000000000e+00 2.306999682578691147e+00
-5.626998800000001921e+01 5.655843602372100376e-01 0.000000000000000000e+00 2.224225574059202959e+00
-5.579067000000003418e+01 5.607666097095189706e-01 0.000000000000000000e+00 2.450251182238385450e+00
-5.613957400000004583e+01 5.642735350286466334e-01 0.000000000000000000e+00 2.330545670296416016e+00
-5.480930400000003999e+01 5.509026434817574369e-01 0.000000000000000000e+00 1.889549229656896312e+00
-5.588348400000000282e+01 5.616995074881898642e-01 0.000000000000000000e+00 1.874090385621458577e+00
-5.574558800000002634e+01 5.603134787415823270e-01 0.000000000000000000e+00 2.055110865562618905e+00
-5.611044000000006804e+01 5.639807015780488042e-01 0.000000000000000000e+00 2.173290669408344922e+00
-5.529578400000004024e+01 5.557923811438340023e-01 0.000000000000000000e+00 2.443888165650396793e+00
-5.533566200000004898e+01 5.561932053472715687e-01 0.000000000000000000e+00 1.785462696943785899e+00
-5.543464600000005049e+01 5.571881194089863820e-01 0.000000000000000000e+00 1.783136051586834636e+00
-5.589690600000004395e+01 5.618344155191481448e-01 0.000000000000000000e+00 2.108424166294377677e+00
-5.524038600000004351e+01 5.552355613629514908e-01 0.000000000000000000e+00 1.948063712324822117e+00
-5.508212999999999937e+01 5.536448889335612300e-01 0.000000000000000000e+00 2.059386159671484418e+00
-5.600820400000005606e+01 5.629531008141527293e-01 0.000000000000000000e+00 2.271168702126548311e+00
-5.530778600000002854e+01 5.559130163835565019e-01 0.000000000000000000e+00 2.213713805242039534e+00
-5.626949000000004020e+01 5.655793547090164353e-01 0.000000000000000000e+00 2.149046419186468437e+00
-5.639191600000004456e+01 5.668098904412508521e-01 0.000000000000000000e+00 2.601926404782239466e+00
-5.571117200000003322e+01 5.599675545280936584e-01 0.000000000000000000e+00 2.079403769638758170e+00
-5.656378200000004597e+01 5.685373605387481488e-01 0.000000000000000000e+00 2.587050382519236802e+00
-5.687932400000002531e+01 5.717089556739373135e-01 0.000000000000000000e+00 2.207249326129925748e+00
-5.611967000000004191e+01 5.640734747210779387e-01 0.000000000000000000e+00 2.049266413089860794e+00
-5.653277400000004604e+01 5.682256910242240444e-01 0.000000000000000000e+00 2.134997302892342574e+00
-5.653031400000005391e+01 5.682009649210981728e-01 0.000000000000000000e+00 2.238957356594918569e+00
-5.606393600000005506e+01 5.635132777163539552e-01 0.000000000000000000e+00 2.437360198592076088e+00
-5.655219200000001933e+01 5.684208664187357929e-01 0.000000000000000000e+00 2.344555891769765754e+00
-5.642890600000000489e+01 5.671816866016685665e-01 0.000000000000000000e+00 2.162031078268298323e+00
-5.722044800000005438e+01 5.751376821791140959e-01 0.000000000000000000e+00 2.305167161776632057e+00
-5.577672600000003911e+01 5.606264549200928871e-01 0.000000000000000000e+00 2.429679333650363926e+00
-5.670956600000003789e+01 5.700026736355416901e-01 0.000000000000000000e+00 2.161552201367425763e+00
-5.691388200000003650e+01 5.720563071665497601e-01 0.000000000000000000e+00 2.485588250695588641e+00
-5.685140600000003275e+01 5.714283445572423403e-01 0.000000000000000000e+00 2.242682682257338023e+00
-5.617283800000004135e+01 5.646078801889641285e-01 0.000000000000000000e+00 2.295653283520265209e+00
-5.643227600000003008e+01 5.672155593526990724e-01 0.000000000000000000e+00 2.588470729796677361e+00
-5.572414200000002893e+01 5.600979193888836472e-01 0.000000000000000000e+00 2.460183306186017660e+00
-5.638232600000002037e+01 5.667134988441051568e-01 0.000000000000000000e+00 2.856408883055077563e+00
-5.633195800000005704e+01 5.662072369082326029e-01 0.000000000000000000e+00 2.213447001151157334e+00
-5.694049600000003863e+01 5.723238114383358832e-01 0.000000000000000000e+00 2.310204883909737550e+00
-5.668685200000003022e+01 5.697743692833453499e-01 0.000000000000000000e+00 2.178110895252159285e+00
-5.622825200000002610e+01 5.651648607900294774e-01 0.000000000000000000e+00 2.160228648881989955e+00
-5.667300600000002220e+01 5.696351995175397143e-01 0.000000000000000000e+00 2.244507823029450400e+00
-5.717263400000000928e+01 5.746570911649413471e-01 0.000000000000000000e+00 2.847885898726572051e+00
-5.665016200000004432e+01 5.694055885013573626e-01 0.000000000000000000e+00 2.499959803425534144e+00
-5.628256000000005344e+01 5.657107246959499625e-01 0.000000000000000000e+00 2.104856572766702794e+00
-5.712412600000006080e+01 5.741695245753348775e-01 0.000000000000000000e+00 2.564935073611498861e+00
-5.638546000000003744e+01 5.667449994974372851e-01 0.000000000000000000e+00 2.601466365282659066e+00
-5.765854600000000829e+01 5.795411197105237999e-01 0.000000000000000000e+00 2.653278271220207873e+00
-5.706692200000002657e+01 5.735945522163033994e-01 0.000000000000000000e+00 2.712716997663063179e+00
-5.842495800000001083e+01 5.872445270881496704e-01 0.000000000000000000e+00 2.404926911893896957e+00
-5.770801600000003617e+01 5.800383556136299301e-01 0.000000000000000000e+00 2.338896010778666934e+00
-5.837733800000000883e+01 5.867658860186955039e-01 0.000000000000000000e+00 2.321165988554072523e+00
-5.827627200000004848e+01 5.857500452306769745e-01 0.000000000000000000e+00 2.439988263015321568e+00
-5.817513000000003842e+01 5.847334405467889962e-01 0.000000000000000000e+00 2.353354761233890535e+00
-5.802463400000003446e+01 5.832207659061215965e-01 0.000000000000000000e+00 2.399019560520842642e+00
-5.824874800000002040e+01 5.854733943109862171e-01 0.000000000000000000e+00 2.106931949085391498e+00
-5.850138600000001787e+01 5.880127248969747589e-01 0.000000000000000000e+00 2.654442900064156508e+00
-5.799936800000004666e+01 5.829668107347477646e-01 0.000000000000000000e+00 2.168006398611452390e+00
-5.848444000000005616e+01 5.878423962207263154e-01 0.000000000000000000e+00 3.106692142566892301e+00
-5.794868199999999092e+01 5.824573524977384453e-01 0.000000000000000000e+00 2.442933584578717898e+00
-5.817630800000002722e+01 5.847452809327573497e-01 0.000000000000000000e+00 2.237957477578719878e+00
-5.842120400000004565e+01 5.872067946527294025e-01 0.000000000000000000e+00 2.330827583894275357e+00
-5.808613800000004801e+01 5.838389586893160121e-01 0.000000000000000000e+00 2.432732349146082829e+00
-5.798376800000005460e+01 5.828100110563881886e-01 0.000000000000000000e+00 1.886249261401412358e+00
-5.856649400000002004e+01 5.886671424263747454e-01 0.000000000000000000e+00 3.256309133124294153e+00
-5.851455400000006080e+01 5.881450799075290670e-01 0.000000000000000000e+00 1.956830949245037310e+00
-5.808098600000003131e+01 5.837871745904114062e-01 0.000000000000000000e+00 2.175447877862618284e+00
-5.673049600000001647e+01 5.702130465373406176e-01 0.000000000000000000e+00 2.327083545787461905e+00
-5.812954200000002203e+01 5.842752236405671651e-01 0.000000000000000000e+00 2.334127365552749911e+00
-5.921386000000006078e+01 5.951739873354112698e-01 0.000000000000000000e+00 2.399218503318667928e+00
-5.861682000000003967e+01 5.891729822092677260e-01 0.000000000000000000e+00 2.312372377914381438e+00
-5.940687600000003954e+01 5.971140416122228123e-01 0.000000000000000000e+00 2.765065539878253986e+00
-5.893150600000002015e+01 5.923359734646700403e-01 0.000000000000000000e+00 2.069069929630462656e+00
-5.950091400000000874e+01 5.980592421348880361e-01 0.000000000000000000e+00 2.259428727700786510e+00
-6.045435400000003767e+01 6.076425168358633444e-01 0.000000000000000000e+00 2.338164469568279280e+00
-6.135169800000004159e+01 6.166619559754753510e-01 0.000000000000000000e+00 2.392882529417589499e+00
-6.097208000000001249e+01 6.128463162126848163e-01 0.000000000000000000e+00 2.185642156336566000e+00
-6.124096800000003782e+01 6.155489797969648791e-01 0.000000000000000000e+00 2.513512514747825666e+00
-6.155344400000003446e+01 6.186897577645998902e-01 0.000000000000000000e+00 2.230127863087946416e+00
-6.232890200000000647e+01 6.264840888531512109e-01 0.000000000000000000e+00 2.420600044566126652e+00
-6.171690400000007060e+01 6.203327369584890061e-01 0.000000000000000000e+00 1.847061622457560226e+00
-6.307311400000000390e+01 6.339643582269575139e-01 0.000000000000000000e+00 2.115271903004529275e+00
-6.244314200000003723e+01 6.276323449592927650e-01 0.000000000000000000e+00 2.456409869773200416e+00
-6.296595800000002185e+01 6.328873052568100288e-01 0.000000000000000000e+00 2.075552874193215658e+00
-6.267888000000002080e+01 6.300018092270582848e-01 0.000000000000000000e+00 2.126669076278676407e+00
-6.280511400000003874e+01 6.312706201628308644e-01 0.000000000000000000e+00 2.475003890825224317e+00
-6.183987600000003226e+01 6.215687606794656483e-01 0.000000000000000000e+00 1.880690451286334497e+00
-6.239047400000004018e+01 6.271029651221232681e-01 0.000000000000000000e+00 1.905309844555896914e+00
-6.240864400000006640e+01 6.272855965423668190e-01 0.000000000000000000e+00 2.367015095918712397e+00
-6.243800000000001660e+01 6.275806613730025019e-01 0.000000000000000000e+00 2.375762982260391176e+00
-6.276846600000001786e+01 6.309022615338226725e-01 0.000000000000000000e+00 1.964556564570737018e+00
-6.197095400000000609e+01 6.228862599256207444e-01 0.000000000000000000e+00 2.282572575208716259e+00
-6.271054000000001594e+01 6.303200321640367587e-01 0.000000000000000000e+00 1.956351390530934653e+00
-6.329367800000007094e+01 6.361813046537347915e-01 0.000000000000000000e+00 3.077201496689530469e+00
-6.274740000000002027e+01 6.306905216604685727e-01 0.000000000000000000e+00 2.007236625187710288e+00
-6.350539600000006857e+01 6.383093376218722526e-01 0.000000000000000000e+00 2.332260094125547134e+00
-6.360057400000004435e+01 6.392659965825715496e-01 0.000000000000000000e+00 2.213468586348473988e+00
-6.274708200000002734e+01 6.306873253593329176e-01 0.000000000000000000e+00 2.061678534954203279e+00
-6.257593000000002093e+01 6.289670318624990264e-01 0.000000000000000000e+00 2.377880976092926701e+00
-6.277351600000000786e+01 6.309530204040608714e-01 0.000000000000000000e+00 1.941510487708687727e+00
-6.342476400000005299e+01 6.374988843099814728e-01 0.000000000000000000e+00 2.044274382220259145e+00
-6.316879400000004097e+01 6.349260629208970386e-01 0.000000000000000000e+00 2.216029384528767299e+00
-6.337205000000000865e+01 6.369690421147855552e-01 0.000000000000000000e+00 2.421156167990404562e+00
-6.314381600000005079e+01 6.346750025128159445e-01 0.000000000000000000e+00 1.812266309879216220e+00
-6.362501800000003271e+01 6.395116896170472964e-01 0.000000000000000000e+00 2.698134610549003831e+00
-6.298468000000006839e+01 6.330754849733648548e-01 0.000000000000000000e+00 2.715565776865816350e+00
-6.343023200000005346e+01 6.375538446074988652e-01 0.000000000000000000e+00 2.265074456058985053e+00
-6.319880600000002602e+01 6.352277213790333832e-01 0.000000000000000000e+00 2.582415384038983852e+00
-6.299414600000003617e+01 6.331706302140922560e-01 0.000000000000000000e+00 2.758960085433302734e+00
-6.333949000000005469e+01 6.366417730425174559e-01 0.000000000000000000e+00 2.183688612384692807e+00
-6.365939600000003651e+01 6.398572318826016847e-01 0.000000000000000000e+00 2.377339024446356586e+00
-6.331409000000004283e+01 6.363864710021112092e-01 0.000000000000000000e+00 2.385860849299938469e+00
-6.320644000000005036e+01 6.353044527088155258e-01 0.000000000000000000e+00 2.164707007118206850e+00
-6.211258400000004798e+01 6.243098200824208632e-01 0.000000000000000000e+00 2.492814735028609618e+00
-6.284355400000001879e+01 6.316569906523270550e-01 0.000000000000000000e+00 1.999132390572055940e+00
-6.290570000000003148e+01 6.322816363453617194e-01 0.000000000000000000e+00 2.342282315187561803e+00
-6.349875999999999721e+01 6.382426374510000722e-01 0.000000000000000000e+00 2.292857613626201552e+00
-6.356195200000005485e+01 6.388777967634944321e-01 0.000000000000000000e+00 2.232173020179251566e+00
-6.324904600000004962e+01 6.357326967534431272e-01 0.000000000000000000e+00 2.324912490909685214e+00
-6.315344000000003888e+01 6.347717358528499609e-01 0.000000000000000000e+00 2.116539160273132048e+00
-6.325159600000004190e+01 6.357583274700979725e-01 0.000000000000000000e+00 2.669551579940653507e+00
-6.245974800000005445e+01 6.277992562066545545e-01 0.000000000000000000e+00 2.336246341760623846e+00
-6.339018400000000497e+01 6.371513116896171391e-01 0.000000000000000000e+00 2.388740292284583511e+00
-6.299748600000003051e+01 6.332042014272795116e-01 0.000000000000000000e+00 1.982080852351024269e+00
-6.357662800000004211e+01 6.390253090762895161e-01 0.000000000000000000e+00 2.138046509688673602e+00
-6.391132600000004516e+01 6.423894461754955376e-01 0.000000000000000000e+00 2.273788848819111585e+00
-6.363579600000002046e+01 6.396200221127753549e-01 0.000000000000000000e+00 2.463325791431436151e+00
-6.363953600000002808e+01 6.396576138305360981e-01 0.000000000000000000e+00 2.120464131751452985e+00
-6.430152000000003909e+01 6.463113880792044075e-01 0.000000000000000000e+00 2.427426089294975942e+00
-6.324968600000003960e+01 6.357391295607602855e-01 0.000000000000000000e+00 1.998599867938865904e+00
-6.352396200000001869e+01 6.384959493416425547e-01 0.000000000000000000e+00 2.273803451913853024e+00
-6.296171000000006046e+01 6.328446074982416736e-01 0.000000000000000000e+00 2.151809326608844053e+00
-6.334472000000003078e+01 6.366943411398133801e-01 0.000000000000000000e+00 2.229015982378091731e+00
-6.263585200000002118e+01 6.295693235501057528e-01 0.000000000000000000e+00 2.390996657010281634e+00
-6.324929600000004370e+01 6.357352095688013627e-01 0.000000000000000000e+00 2.215559121894538741e+00
-6.271352400000002802e+01 6.303500251281538569e-01 0.000000000000000000e+00 2.009145191324465340e+00
-6.355634600000006174e+01 6.388214493918993320e-01 0.000000000000000000e+00 2.132642072827017898e+00
-6.338686400000003118e+01 6.371179415016587910e-01 0.000000000000000000e+00 2.231170367858106296e+00
-6.385637600000002578e+01 6.418371293597349148e-01 0.000000000000000000e+00 2.374659244927403989e+00
-6.508835800000002791e+01 6.542201025228668865e-01 0.000000000000000000e+00 2.527997821296688929e+00
-6.360573600000002159e+01 6.393178811940900541e-01 0.000000000000000000e+00 2.054347530891695861e+00
-6.468039600000007283e+01 6.501195698060113770e-01 0.000000000000000000e+00 2.198576762037135257e+00
-6.357151400000002894e+01 6.389739069253194126e-01 0.000000000000000000e+00 2.477340951036172356e+00
-6.309523200000002419e+01 6.341866720273396929e-01 0.000000000000000000e+00 1.879706487236125989e+00
-6.395940800000003890e+01 6.428727309277318946e-01 0.000000000000000000e+00 2.243925254146844406e+00
-6.427412800000004722e+01 6.460360639260231963e-01 0.000000000000000000e+00 2.156007619319007862e+00
-6.443023600000002205e+01 6.476051462458540797e-01 0.000000000000000000e+00 1.808214525661189453e+00
-6.432990200000001835e+01 6.465966629812043287e-01 0.000000000000000000e+00 1.931889704381424933e+00
-6.348895600000005146e+01 6.381440948839084415e-01 0.000000000000000000e+00 2.298392413960134384e+00
-6.420277600000000007e+01 6.453188863202332648e-01 0.000000000000000000e+00 2.679676796775268155e+00
-6.515605600000003506e+01 6.549005528193792003e-01 0.000000000000000000e+00 2.389903347706298753e+00
-6.454478000000005977e+01 6.487564579354715422e-01 0.000000000000000000e+00 2.045501437819395640e+00
-6.456758400000003917e+01 6.489856669011965229e-01 0.000000000000000000e+00 1.916889126205700844e+00
-6.469541200000008985e+01 6.502704995476942251e-01 0.000000000000000000e+00 2.414516135197127600e+00
-6.455638600000006022e+01 6.488731128756665134e-01 0.000000000000000000e+00 2.243708530964578785e+00
-6.513193200000002037e+01 6.546580761885618660e-01 0.000000000000000000e+00 2.244002199213888549e+00
-6.462739600000004714e+01 6.495868529500457011e-01 0.000000000000000000e+00 1.981767808715391377e+00
-6.440115200000003881e+01 6.473128153583278532e-01 0.000000000000000000e+00 2.026561696866907791e+00
-6.444395600000004265e+01 6.477430495527193299e-01 0.000000000000000000e+00 2.304394892256659944e+00
-6.494049800000001937e+01 6.527339230073376797e-01 0.000000000000000000e+00 2.397076192683769591e+00
-6.478119000000002359e+01 6.511326766509200059e-01 0.000000000000000000e+00 2.273779950685952400e+00
-6.427408600000003958e+01 6.460356417730429568e-01 0.000000000000000000e+00 2.105086552841363812e+00
-6.392691200000000862e+01 6.425461051361947007e-01 0.000000000000000000e+00 2.455873161321856291e+00
-6.449565600000002519e+01 6.482626997688212267e-01 0.000000000000000000e+00 2.204260437797766592e+00
-6.430453600000001302e+01 6.463417026836869583e-01 0.000000000000000000e+00 2.509538918876847102e+00
-6.483419200000004423e+01 6.516654136094084393e-01 0.000000000000000000e+00 2.469356087158731228e+00
-6.374178200000001482e+01 6.406853151070460717e-01 0.000000000000000000e+00 2.285877473866723797e+00
-6.421255200000005914e+01 6.454171474520058460e-01 0.000000000000000000e+00 2.385763062925612576e+00
-6.447918199999999445e+01 6.480971152879686503e-01 0.000000000000000000e+00 1.950017419056101486e+00
-6.484830600000003642e+01 6.518072771132781273e-01 0.000000000000000000e+00 2.165829651556095303e+00
-6.391092000000000439e+01 6.423853653633532224e-01 0.000000000000000000e+00 2.234965314534370417e+00
-6.469303000000002157e+01 6.502465574429593387e-01 0.000000000000000000e+00 2.591133761814731873e+00
-6.425327400000004729e+01 6.458264549200929405e-01 0.000000000000000000e+00 2.095918934097181996e+00
-6.505769200000004560e+01 6.539118705397531928e-01 0.000000000000000000e+00 1.985585247550175403e+00
-6.480200400000003924e+01 6.513418836063930017e-01 0.000000000000000000e+00 2.386475291291203504e+00
-6.479510800000004167e+01 6.512725701075489093e-01 0.000000000000000000e+00 2.550921943920620105e+00
-6.479197200000001544e+01 6.512410493516938015e-01 0.000000000000000000e+00 1.917170118441883231e+00
-6.456537000000002990e+01 6.489634134083830386e-01 0.000000000000000000e+00 2.285697832106634575e+00
-6.499381800000001874e+01 6.532698562669617681e-01 0.000000000000000000e+00 2.294438548183388438e+00
-6.396807199999999938e+01 6.429598150567896742e-01 0.000000000000000000e+00 1.825596501497191770e+00
-6.417380200000003754e+01 6.450276610714649195e-01 0.000000000000000000e+00 2.456774152740075490e+00
-6.436098800000004871e+01 6.469091164941205285e-01 0.000000000000000000e+00 2.300510523370274729e+00
-6.439860600000002933e+01 6.472872248467186340e-01 0.000000000000000000e+00 2.323243499059716388e+00
-6.478142800000000534e+01 6.511350688511409190e-01 0.000000000000000000e+00 1.871733465230733806e+00
-6.508991400000000738e+01 6.542357422856569515e-01 0.000000000000000000e+00 1.804866777423327129e+00
-6.511013400000004481e+01 6.544389787918388768e-01 0.000000000000000000e+00 1.963384444682243712e+00
-6.461726800000006676e+01 6.494850537742493657e-01 0.000000000000000000e+00 2.616782014399527068e+00
-6.475881200000003446e+01 6.509077495225654708e-01 0.000000000000000000e+00 1.654131545297251371e+00
-6.421423600000007070e+01 6.454340737762596092e-01 0.000000000000000000e+00 1.976798733465372271e+00
-6.455656400000002293e+01 6.488749020002012591e-01 0.000000000000000000e+00 2.274734090687826615e+00
-6.411746600000007845e+01 6.444614132073583912e-01 0.000000000000000000e+00 2.100173190752504304e+00
-6.490303800000002354e+01 6.523574027540458564e-01 0.000000000000000000e+00 2.382502114630368872e+00
-6.473667400000002203e+01 6.506852346969547174e-01 0.000000000000000000e+00 2.066593656120910172e+00
-6.389648000000003947e+01 6.422402251482565161e-01 0.000000000000000000e+00 2.424813027635305929e+00
-6.539348000000005356e+01 6.572869635139215738e-01 0.000000000000000000e+00 2.360479917304953545e+00
-6.515842600000003415e+01 6.549243743089760983e-01 0.000000000000000000e+00 2.026571357139885787e+00
-6.460955400000004545e+01 6.494075183435525922e-01 0.000000000000000000e+00 2.198107372282993133e+00
-6.401860800000002882e+01 6.434677656045837413e-01 0.000000000000000000e+00 2.364950378776850215e+00
-6.516713800000000845e+01 6.550119408985829450e-01 0.000000000000000000e+00 2.207202849935554934e+00
-6.333477000000004153e+01 6.365943310885520123e-01 0.000000000000000000e+00 2.425617442398674051e+00
-6.458466200000005131e+01 6.491573223439547347e-01 0.000000000000000000e+00 2.140077252961309462e+00
-6.430076600000006692e+01 6.463038094280839641e-01 0.000000000000000000e+00 2.395746934925736760e+00
-6.460872800000004190e+01 6.493992160016086590e-01 0.000000000000000000e+00 2.254080016956906185e+00
-6.538943000000000438e+01 6.572462559051162057e-01 0.000000000000000000e+00 2.495175958148283968e+00
-6.480913000000005297e+01 6.514135088953669772e-01 0.000000000000000000e+00 2.165851660491208808e+00
-6.479584800000002076e+01 6.512800080410093839e-01 0.000000000000000000e+00 1.695322219751702386e+00
-6.398075600000003504e+01 6.430873052568101267e-01 0.000000000000000000e+00 2.048084071344965729e+00
-6.479287600000004943e+01 6.512501356920298301e-01 0.000000000000000000e+00 1.742512694452259092e+00
-6.481743400000001998e+01 6.514969745703088622e-01 0.000000000000000000e+00 2.018585036789759535e+00
-6.371780200000003447e+01 6.404442858578754949e-01 0.000000000000000000e+00 2.450027582033155849e+00
-6.464131400000003680e+01 6.497267464066744935e-01 0.000000000000000000e+00 2.474929435215672768e+00
-6.419763200000001291e+01 6.452671826314203551e-01 0.000000000000000000e+00 2.169975608245355847e+00
-6.475275000000003445e+01 6.508468187757567858e-01 0.000000000000000000e+00 2.078794619922367914e+00
-6.483867000000003600e+01 6.517104231581067886e-01 0.000000000000000000e+00 2.166768947026420200e+00
-6.471039400000005060e+01 6.504210875464876418e-01 0.000000000000000000e+00 2.338593237929351254e+00
-6.509953800000003810e+01 6.543324756256914121e-01 0.000000000000000000e+00 2.147910435033372423e+00
-6.468856800000001783e+01 6.502017087144438268e-01 0.000000000000000000e+00 1.929289866260786690e+00
-6.408169200000001808e+01 6.441018393808425335e-01 0.000000000000000000e+00 2.115875456115964504e+00
-6.495448200000004135e+01 6.528744798472212452e-01 0.000000000000000000e+00 2.519148473911794195e+00
-6.491958200000004808e+01 6.525236908231988320e-01 0.000000000000000000e+00 2.366582367272871412e+00
-6.454620200000002228e+01 6.487707508292293035e-01 0.000000000000000000e+00 2.135970308970618792e+00
-6.567174200000005158e+01 6.600838476228771956e-01 0.000000000000000000e+00 2.482324775029091768e+00
-6.566489000000004239e+01 6.600149763795361002e-01 0.000000000000000000e+00 2.413116251474701102e+00
-6.402146400000003723e+01 6.434964720072373634e-01 0.000000000000000000e+00 2.370939552736702538e+00
-6.512334600000002638e+01 6.545717760578955158e-01 0.000000000000000000e+00 1.895420864510096282e+00
-6.512462200000003065e+01 6.545846014674845392e-01 0.000000000000000000e+00 2.144134836687037637e+00
-6.494262200000000007e+01 6.527552718866218573e-01 0.000000000000000000e+00 2.076384032305227834e+00
-6.553412000000000148e+01 6.587005729219017613e-01 0.000000000000000000e+00 2.120951648804294543e+00
-6.545785200000003101e+01 6.579339833149063788e-01 0.000000000000000000e+00 2.128680116997621941e+00
-6.436171600000005810e+01 6.469164338124441249e-01 0.000000000000000000e+00 2.176620374129293545e+00
-6.484825000000002149e+01 6.518067142426376970e-01 0.000000000000000000e+00 2.624854530168377220e+00
-6.542819400000000485e+01 6.576358830033169900e-01 0.000000000000000000e+00 1.889042701167001903e+00
-6.471109800000004952e+01 6.504281636345367046e-01 0.000000000000000000e+00 2.121441172143277765e+00
-6.514231400000004157e+01 6.547624283847627291e-01 0.000000000000000000e+00 1.936710630545690703e+00
-6.547721800000005032e+01 6.581286360438239891e-01 0.000000000000000000e+00 2.116165913201982551e+00
-6.402701400000003673e+01 6.435522565081921442e-01 0.000000000000000000e+00 1.864182846465052057e+00
-6.479713600000003737e+01 6.512929540657356187e-01 0.000000000000000000e+00 2.208001168730476582e+00
-6.464400200000002883e+01 6.497537641974070466e-01 0.000000000000000000e+00 1.955325498232036718e+00
-6.483539000000004648e+01 6.516774550206055894e-01 0.000000000000000000e+00 1.975931535716352050e+00
-6.577906800000003784e+01 6.611626093074685073e-01 0.000000000000000000e+00 2.382531702816408803e+00
-6.542542000000001678e+01 6.576080008041010894e-01 0.000000000000000000e+00 2.342376877869954299e+00
-6.532582400000002565e+01 6.566069353703892775e-01 0.000000000000000000e+00 1.970605924409335685e+00
-6.515122800000006009e+01 6.548520253291794102e-01 0.000000000000000000e+00 2.036756471961429060e+00
-6.485321200000007025e+01 6.518565886018702349e-01 0.000000000000000000e+00 2.595090202565318638e+00
-6.455168200000001377e+01 6.488258317418837962e-01 0.000000000000000000e+00 1.753590058885548641e+00
-6.474355200000003663e+01 6.507543672730932149e-01 0.000000000000000000e+00 2.070954266963552559e+00
-6.505757000000001256e+01 6.539106442858579893e-01 0.000000000000000000e+00 2.026711436382504949e+00
-6.496576000000000306e+01 6.529878379736657745e-01 0.000000000000000000e+00 2.352105330906072655e+00
-6.477862800000005450e+01 6.511069253191281714e-01 0.000000000000000000e+00 1.828725178312460065e+00
-6.546618200000004606e+01 6.580177103226459989e-01 0.000000000000000000e+00 2.522952440904636884e+00
-6.491776000000005808e+01 6.525053774248674721e-01 0.000000000000000000e+00 2.079154416311757458e+00
-6.585436600000001306e+01 6.619194491908736433e-01 0.000000000000000000e+00 2.587999160859620229e+00
-6.586073400000003630e+01 6.619834556236812162e-01 0.000000000000000000e+00 2.153409006467501996e+00
-6.513191200000004244e+01 6.546578751633335136e-01 0.000000000000000000e+00 2.397496198384615251e+00
-6.580175600000004010e+01 6.613906523268674453e-01 0.000000000000000000e+00 2.357365090897423521e+00
-6.576077000000005057e+01 6.609786913257619245e-01 0.000000000000000000e+00 2.265379692103277165e+00
-6.533285200000005943e+01 6.566775756357429161e-01 0.000000000000000000e+00 2.569433574277066867e+00
-6.639142400000001487e+01 6.673175595537241822e-01 0.000000000000000000e+00 2.679175941644532433e+00
-6.565175800000002937e+01 6.598829832143937590e-01 0.000000000000000000e+00 2.219321491597526119e+00
-6.655488000000002557e+01 6.689604985425673389e-01 0.000000000000000000e+00 1.985017116075101118e+00
-6.553600200000002474e+01 6.587194893959195108e-01 0.000000000000000000e+00 1.897702863883574009e+00
-6.541749800000005166e+01 6.575283747110267640e-01 0.000000000000000000e+00 2.172370086872720929e+00
-6.559230399999999861e+01 6.592853955171373848e-01 0.000000000000000000e+00 2.125792145541149036e+00
-6.560077600000003883e+01 6.593705498040007829e-01 0.000000000000000000e+00 2.121022760969220489e+00
-6.728054800000005287e+01 6.762543773243547829e-01 0.000000000000000000e+00 2.490869432992861565e+00
-6.653019400000005135e+01 6.687123731028249418e-01 0.000000000000000000e+00 2.277432011462104278e+00
-6.627207200000000853e+01 6.661179213991357262e-01 0.000000000000000000e+00 2.139199105210482621e+00
-6.532837200000003008e+01 6.566325459845213652e-01 0.000000000000000000e+00 2.217046110339091491e+00
-6.687353200000002573e+01 6.721633531008144313e-01 0.000000000000000000e+00 2.172037062246806371e+00
-6.640407000000003279e+01 6.674446678058100213e-01 0.000000000000000000e+00 2.071373252850933877e+00
-6.570121000000000322e+01 6.603800381947935172e-01 0.000000000000000000e+00 2.325015949179573660e+00
-6.708704600000001506e+01 6.743094381344860722e-01 0.000000000000000000e+00 2.388444146614903119e+00
-6.663083600000001638e+01 6.697239521559957831e-01 0.000000000000000000e+00 2.293802663987722035e+00
-6.600675400000004345e+01 6.634511408181731351e-01 0.000000000000000000e+00 2.174566837136940656e+00
-6.642186800000003188e+01 6.676235601568000222e-01 0.000000000000000000e+00 2.053768469678717512e+00
-6.721563400000002275e+01 6.756019097396726014e-01 0.000000000000000000e+00 1.780632889881935688e+00
-6.637661400000006040e+01 6.671687003718973497e-01 0.000000000000000000e+00 2.160692895085445819e+00
-6.643804199999999582e+01 6.677861292592219833e-01 0.000000000000000000e+00 2.424697171185621336e+00
-6.593216600000000938e+01 6.627014373303851125e-01 0.000000000000000000e+00 2.616298040053518292e+00
-6.714844000000006474e+01 6.749265252789231617e-01 0.000000000000000000e+00 2.592475605760764523e+00
-6.610914200000004826e+01 6.644802693738068866e-01 0.000000000000000000e+00 2.036350766413965729e+00
-6.649691400000004649e+01 6.683778671223243872e-01 0.000000000000000000e+00 2.025280259694216323e+00
-6.592456600000004130e+01 6.626250477434922903e-01 0.000000000000000000e+00 1.733286394948374554e+00
-6.628871200000006070e+01 6.662851743893865031e-01 0.000000000000000000e+00 2.221085809505764175e+00
-6.603063800000002459e+01 6.636912051462461326e-01 0.000000000000000000e+00 1.864168573834653397e+00
-6.710467400000004545e+01 6.744866217710328016e-01 0.000000000000000000e+00 2.145947593974476764e+00
-6.679445400000003019e+01 6.713685194491911812e-01 0.000000000000000000e+00 2.410117853668092724e+00
-6.682499600000008400e+01 6.716755050758879131e-01 0.000000000000000000e+00 2.077394619039954815e+00
-6.621060000000001367e+01 6.655000502563073184e-01 0.000000000000000000e+00 2.387346550021380853e+00
-6.606549000000001115e+01 6.640415117097197006e-01 0.000000000000000000e+00 1.991747518252413363e+00
-6.625555600000002698e+01 6.659519147653033544e-01 0.000000000000000000e+00 2.371847933460024205e+00
-6.618608000000001823e+01 6.652535933259626777e-01 0.000000000000000000e+00 2.217082061237839241e+00
-6.586950400000006312e+01 6.620716051864515839e-01 0.000000000000000000e+00 2.301174046855915645e+00
-6.696814200000005712e+01 6.731143029450201709e-01 0.000000000000000000e+00 2.080138512539368101e+00
-6.661290799999999024e+01 6.695437531410191045e-01 0.000000000000000000e+00 2.152418843326519671e+00
-6.676214400000004900e+01 6.710437631922812063e-01 0.000000000000000000e+00 2.448557864421052610e+00
-6.583632800000003726e+01 6.617381445371398607e-01 0.000000000000000000e+00 2.273168868043557556e+00
-6.622537399999998797e+01 6.656485475927228501e-01 0.000000000000000000e+00 2.128748445629899955e+00
-6.586052800000001639e+01 6.619813850638257557e-01 0.000000000000000000e+00 2.361818215110612851e+00
-6.614721800000000940e+01 6.648629812041412235e-01 0.000000000000000000e+00 2.390353150206686372e+00
-6.676719400000000348e+01 6.710945220625189611e-01 0.000000000000000000e+00 2.293341254294812614e+00
-6.704939800000005334e+01 6.739310282440451605e-01 0.000000000000000000e+00 1.917933201456319514e+00
-6.673242800000004138e+01 6.707450799075288517e-01 0.000000000000000000e+00 2.187192535071091903e+00
-6.677220600000002548e+01 6.711448989848228797e-01 0.000000000000000000e+00 1.990048791941311235e+00
-6.593420600000004583e+01 6.627219419037093662e-01 0.000000000000000000e+00 2.177685107038705770e+00
-6.508593600000000379e+01 6.541957583676751842e-01 0.000000000000000000e+00 1.895015563781400125e+00
-6.641417800000006366e+01 6.675462659563782264e-01 0.000000000000000000e+00 1.855545450019175702e+00
-6.599714400000003423e+01 6.633545481957989765e-01 0.000000000000000000e+00 2.100336875159686478e+00
-6.584896400000006622e+01 6.618651522766114681e-01 0.000000000000000000e+00 2.049379236760402012e+00
-6.683282400000003065e+01 6.717541863503873056e-01 0.000000000000000000e+00 2.069089011131187927e+00
-6.599991600000004155e+01 6.633824102924921196e-01 0.000000000000000000e+00 1.930566148224584611e+00
-6.607142800000005423e+01 6.641011961001110908e-01 0.000000000000000000e+00 2.118833615868252807e+00
-6.628505200000002162e+01 6.662483867725401687e-01 0.000000000000000000e+00 2.007923065172698696e+00
-6.630040200000003381e+01 6.664026736355416203e-01 0.000000000000000000e+00 1.881615622249919406e+00
-6.620802000000000476e+01 6.654741180018093338e-01 0.000000000000000000e+00 2.412079747496509885e+00
-6.682197400000006837e+01 6.716451301638363125e-01 0.000000000000000000e+00 2.431891857586175210e+00
-6.589318600000004267e+01 6.623096391597149690e-01 0.000000000000000000e+00 1.973359175763423012e+00
-6.589690200000001141e+01 6.623469896472008456e-01 0.000000000000000000e+00 2.482611167965916632e+00
-6.636354800000000864e+01 6.670373705900091155e-01 0.000000000000000000e+00 2.054623383340532072e+00
-6.647982000000003211e+01 6.682060508593832271e-01 0.000000000000000000e+00 2.368786489050263011e+00
-6.703116200000003744e+01 6.737477334405471696e-01 0.000000000000000000e+00 2.791195676407506987e+00
-6.704097400000003404e+01 6.738463564177308296e-01 0.000000000000000000e+00 2.326999451698702259e+00
-6.595830800000001659e+01 6.629641974067747023e-01 0.000000000000000000e+00 2.040867524871902816e+00
-6.581077400000003763e+01 6.614812946024730689e-01 0.000000000000000000e+00 2.552936246147351262e+00
-6.611791000000005170e+01 6.645683988340542747e-01 0.000000000000000000e+00 2.233032097346068223e+00
-6.628983000000003756e+01 6.662964116996686892e-01 0.000000000000000000e+00 2.197002594882216719e+00
-6.591024800000005257e+01 6.624811337822902324e-01 0.000000000000000000e+00 2.424861416616203247e+00
-6.630009800000003395e+01 6.663996180520659340e-01 0.000000000000000000e+00 1.647436353668905618e+00
-6.653255200000005232e+01 6.687360739772847396e-01 0.000000000000000000e+00 2.279326552520779536e+00
-6.703568200000006527e+01 6.737931651422260915e-01 0.000000000000000000e+00 2.229611863326635302e+00
-6.593108600000002184e+01 6.626905819680372067e-01 0.000000000000000000e+00 2.347078787547093093e+00
-6.633774000000002502e+01 6.667779676349384621e-01 0.000000000000000000e+00 2.247291208310461030e+00
-6.650178799999999057e+01 6.684268569705497098e-01 0.000000000000000000e+00 2.082925407203954471e+00
-6.529264200000005758e+01 6.562734144135095038e-01 0.000000000000000000e+00 2.080615055586043205e+00
-6.623640400000002160e+01 6.657594130063325677e-01 0.000000000000000000e+00 2.319628848399518439e+00
-6.611582000000001358e+01 6.645473916976581963e-01 0.000000000000000000e+00 2.323233247094237619e+00
-6.588524800000006110e+01 6.622298522464575843e-01 0.000000000000000000e+00 2.002231273560634239e+00
-6.580814200000000369e+01 6.614548396823801690e-01 0.000000000000000000e+00 2.082028105709828214e+00
-6.602051800000003823e+01 6.635894863805411603e-01 0.000000000000000000e+00 2.051114080343123369e+00
-6.713697400000000926e+01 6.748112775153283227e-01 0.000000000000000000e+00 2.776818515496473516e+00
-6.564965400000002660e+01 6.598618353603380449e-01 0.000000000000000000e+00 1.943552359995595058e+00
-6.644020200000004195e+01 6.678078399839184609e-01 0.000000000000000000e+00 2.341650941993143942e+00
-6.668597400000003006e+01 6.702781586089057164e-01 0.000000000000000000e+00 2.202376504597713058e+00
-6.672002600000000427e+01 6.706204241632325314e-01 0.000000000000000000e+00 2.265243963431450513e+00
-6.689076800000005107e+01 6.723365966428792584e-01 0.000000000000000000e+00 2.128661976424333080e+00
-6.718941200000001857e+01 6.753383455623682696e-01 0.000000000000000000e+00 1.953980112968078275e+00
-6.675390800000002400e+01 6.709609810031161858e-01 0.000000000000000000e+00 2.614718256165904808e+00
-6.708339600000002179e+01 6.742727510302545246e-01 0.000000000000000000e+00 2.241961778926138127e+00
-6.584332000000001983e+01 6.618084229570813104e-01 0.000000000000000000e+00 1.672970015368844932e+00
-6.631092000000003850e+01 6.665083928032972116e-01 0.000000000000000000e+00 2.029781269800351229e+00
-6.637921000000001470e+01 6.671947934465777275e-01 0.000000000000000000e+00 2.403999924599571791e+00
-6.619050400000003265e+01 6.652980601065436872e-01 0.000000000000000000e+00 2.211926969127035569e+00
-6.646017800000004172e+01 6.680086239823102012e-01 0.000000000000000000e+00 2.068711872453069311e+00
-6.615134600000006060e+01 6.649044728113384650e-01 0.000000000000000000e+00 2.442307921065026033e+00
-6.630841200000003255e+01 6.664831842396223838e-01 0.000000000000000000e+00 2.181146994304518749e+00
-6.748902000000005330e+01 6.783497838978796990e-01 0.000000000000000000e+00 1.900597009767023726e+00
-6.625427200000004291e+01 6.659390089456231898e-01 0.000000000000000000e+00 1.809543143530706777e+00
-6.738749800000005052e+01 6.773293597346472517e-01 0.000000000000000000e+00 2.086357605826454797e+00
-6.685332800000003317e+01 6.719602774148158986e-01 0.000000000000000000e+00 2.047492119498900642e+00
-6.745730400000003613e+01 6.780309980902606837e-01 0.000000000000000000e+00 2.234016216263725152e+00
-6.710566000000004294e+01 6.744965323148059966e-01 0.000000000000000000e+00 1.996482743286909445e+00
-6.654808400000004553e+01 6.688921901698667849e-01 0.000000000000000000e+00 2.569083678358507594e+00
-6.712885200000003749e+01 6.747296411699672536e-01 0.000000000000000000e+00 2.373451139333615956e+00
-6.701457600000006209e+01 6.735810232184146207e-01 0.000000000000000000e+00 2.495237981853603682e+00
-6.732794400000004487e+01 6.767307669112478941e-01 0.000000000000000000e+00 2.140088385426729634e+00
-6.651477600000006873e+01 6.685574027540464037e-01 0.000000000000000000e+00 2.115909821507409028e+00
-6.669109600000004434e+01 6.703296411699672941e-01 0.000000000000000000e+00 1.742985083353244757e+00
-6.676546400000003700e+01 6.710771333802396654e-01 0.000000000000000000e+00 2.147590893998164940e+00
-6.672290000000002408e+01 6.706493114885920814e-01 0.000000000000000000e+00 1.883496663231459367e+00
-6.705936800000003473e+01 6.740312393205351027e-01 0.000000000000000000e+00 1.961042157015478571e+00
-6.732442000000004612e+01 6.766953462659568430e-01 0.000000000000000000e+00 2.271777536857360946e+00
-6.656396800000000269e+01 6.690518444064730286e-01 0.000000000000000000e+00 1.958238953180517772e+00
-6.629567800000005207e+01 6.663551914765308837e-01 0.000000000000000000e+00 2.059574624296597545e+00
-6.665455400000006136e+01 6.699623479746714683e-01 0.000000000000000000e+00 2.219956591777817678e+00
-6.638690400000002967e+01 6.672721278520458155e-01 0.000000000000000000e+00 2.156202062546387133e+00
-6.753516400000002307e+01 6.788135893054580983e-01 0.000000000000000000e+00 2.493448132080909652e+00
-6.721317800000002762e+01 6.755772238415924669e-01 0.000000000000000000e+00 2.015795137678149551e+00
-6.755260400000001653e+01 6.789888833048549621e-01 0.000000000000000000e+00 1.857145944990306941e+00
-6.793933200000003580e+01 6.828759875364361909e-01 0.000000000000000000e+00 1.976872296161108267e+00
-6.866398400000002766e+01 6.901596542366069675e-01 0.000000000000000000e+00 2.396892549507137371e+00
-6.797247200000005307e+01 6.832090863403362802e-01 0.000000000000000000e+00 2.531751433938269180e+00
-6.804006800000004773e+01 6.838885114081821870e-01 0.000000000000000000e+00 2.121086203005860149e+00
-6.811214000000002500e+01 6.846129259222035746e-01 0.000000000000000000e+00 1.945251565045799547e+00
-6.857974600000005694e+01 6.893129560759881924e-01 0.000000000000000000e+00 1.732653143663342776e+00
-6.832722600000002444e+01 6.867748115388484509e-01 0.000000000000000000e+00 2.306297939640036709e+00
-6.822128800000002968e+01 6.857100010051264682e-01 0.000000000000000000e+00 1.877632761357026725e+00
-6.780589800000004175e+01 6.815348075183440546e-01 0.000000000000000000e+00 2.400960699217685512e+00
-6.741196000000005029e+01 6.775752336918288155e-01 0.000000000000000000e+00 1.725994425357056938e+00
-6.770496200000003739e+01 6.805202733943114257e-01 0.000000000000000000e+00 1.839594198706647088e+00
-6.830061999999999500e+01 6.865073876771534689e-01 0.000000000000000000e+00 1.734621711969605240e+00
-6.791116200000006131e+01 6.825928435018601137e-01 0.000000000000000000e+00 1.852311554546661743e+00
-6.890701000000002807e+01 6.926023720976985931e-01 0.000000000000000000e+00 2.460061183828934794e+00
-6.800893800000005740e+01 6.835756156397634342e-01 0.000000000000000000e+00 1.941494955954292001e+00
-6.846579000000001258e+01 6.881675545280934170e-01 0.000000000000000000e+00 1.958534375831358698e+00
-6.850767000000007556e+01 6.885885013569210678e-01 0.000000000000000000e+00 2.356211424441080560e+00
-6.894888800000003926e+01 6.930232988240028202e-01 0.000000000000000000e+00 2.173684752834005529e+00
-6.944721200000007855e+01 6.980320836264959361e-01 0.000000000000000000e+00 1.762944814807476224e+00
-6.923508400000002894e+01 6.958999296411703117e-01 0.000000000000000000e+00 2.374117415285014410e+00
-6.821066600000006019e+01 6.856032365061821565e-01 0.000000000000000000e+00 2.028244499049173921e+00
-6.924581600000006176e+01 6.960077997788729487e-01 0.000000000000000000e+00 2.713409560343896576e+00
-6.853736000000007778e+01 6.888869233088761312e-01 0.000000000000000000e+00 1.664795951096674331e+00
-6.856659000000004767e+01 6.891807216805714287e-01 0.000000000000000000e+00 1.906149417097995569e+00
-6.860154000000004260e+01 6.895320132676655556e-01 0.000000000000000000e+00 2.167212452563304748e+00
-6.887911400000001549e+01 6.923219821087548409e-01 0.000000000000000000e+00 1.682027225966610251e+00
-6.946203800000006368e+01 6.981811036285060501e-01 0.000000000000000000e+00 1.934082990227375953e+00
-6.892013600000004203e+01 6.927343049552723286e-01 0.000000000000000000e+00 2.030671297449902379e+00
-6.964394600000004232e+01 7.000095084933163347e-01 0.000000000000000000e+00 2.235419214945933764e+00
-6.952074800000002597e+01 6.987712131872553245e-01 0.000000000000000000e+00 2.045276038986553413e+00
-6.922202000000005739e+01 6.957686199618058343e-01 0.000000000000000000e+00 1.877260238009669902e+00
-6.923790200000003381e+01 6.959282540958894314e-01 0.000000000000000000e+00 2.192293769022055638e+00
-6.919420000000003768e+01 6.954889938687309758e-01 0.000000000000000000e+00 1.825214543581386906e+00
-6.904859000000001856e+01 6.940254296914264431e-01 0.000000000000000000e+00 1.769809842521752108e+00
-6.940380000000004657e+01 6.975957382651527539e-01 0.000000000000000000e+00 2.053900042810892224e+00
-6.945799400000004198e+01 6.981404563272695096e-01 0.000000000000000000e+00 2.351641893382389270e+00
-6.857689400000003843e+01 6.892842898783801964e-01 0.000000000000000000e+00 2.118991370784360839e+00
-6.901262000000004093e+01 6.936638858176705780e-01 0.000000000000000000e+00 1.913630285371473505e+00
-6.912067800000005491e+01 6.947500050256313342e-01 0.000000000000000000e+00 2.252266856983572652e+00
-7.007196000000001845e+01 7.043115891044328114e-01 0.000000000000000000e+00 2.289477113785034490e+00
-6.955448600000002557e+01 6.991103226454923325e-01 0.000000000000000000e+00 2.124909249019753865e+00
-6.973561800000001654e+01 7.009309277314305087e-01 0.000000000000000000e+00 2.035398081947598747e+00
-6.988591000000006659e+01 7.024415519147659825e-01 0.000000000000000000e+00 2.030795259537903075e+00
-7.009751600000002725e+01 7.045684591416225828e-01 0.000000000000000000e+00 1.866466274131060921e+00
-7.008934000000006392e+01 7.044862800281441739e-01 0.000000000000000000e+00 2.076066146646711630e+00
-7.082934400000003450e+01 7.119242536938389376e-01 0.000000000000000000e+00 2.314461887687848218e+00
-7.021945600000000809e+01 7.057941099608001645e-01 0.000000000000000000e+00 1.974716741959144706e+00
-7.042815400000007742e+01 7.078917881194097816e-01 0.000000000000000000e+00 1.772929426741532533e+00
-7.067506400000000610e+01 7.103735450799075757e-01 0.000000000000000000e+00 2.317605308146206688e+00
-7.070727800000001650e+01 7.106973364157204154e-01 0.000000000000000000e+00 2.223231930065922679e+00
-7.095965400000004308e+01 7.132340335712136214e-01 0.000000000000000000e+00 2.233540792870857938e+00
-7.116410600000004649e+01 7.152890340737767527e-01 0.000000000000000000e+00 1.934470987212699056e+00
-7.188998000000007949e+01 7.225849834154194351e-01 0.000000000000000000e+00 2.084488142000672006e+00
-7.142450800000004563e+01 7.179064026535335596e-01 0.000000000000000000e+00 1.876961249804771414e+00
-7.190234000000003789e+01 7.227092170067347388e-01 0.000000000000000000e+00 2.014618628571139602e+00
-7.119312200000001667e+01 7.155806814755253376e-01 0.000000000000000000e+00 1.673461855717486291e+00
-7.115524600000001954e+01 7.151999798974774114e-01 0.000000000000000000e+00 2.096886618872866315e+00
-7.120200200000000734e+01 7.156699366770530313e-01 0.000000000000000000e+00 1.915019950207550226e+00
-7.138291000000003805e+01 7.174882902804305962e-01 0.000000000000000000e+00 1.942386108851322790e+00
-7.010288800000004983e+01 7.046224545180425070e-01 0.000000000000000000e+00 1.948385713440589306e+00
-7.173091400000006956e+01 7.209861694642685226e-01 0.000000000000000000e+00 2.087210684676144457e+00
-7.023155400000000270e+01 7.059157101216203545e-01 0.000000000000000000e+00 2.058923507854519386e+00
-7.138553600000004451e+01 7.175146848929545573e-01 0.000000000000000000e+00 1.934626503536498676e+00
-6.893709400000004450e+01 6.929047542466584275e-01 0.000000000000000000e+00 2.273207928728994354e+00
-7.088897800000003713e+01 7.125236506181530372e-01 0.000000000000000000e+00 1.829814770312155447e+00
-7.146620000000000061e+01 7.183254598452105677e-01 0.000000000000000000e+00 2.135748644651639605e+00
-7.114237200000002304e+01 7.150705799577850019e-01 0.000000000000000000e+00 2.306883934770236788e+00
-7.176382800000000373e+01 7.213169966830837998e-01 0.000000000000000000e+00 1.946696082388793769e+00
-7.167538800000004073e+01 7.204280631219222020e-01 0.000000000000000000e+00 1.578617431874544508e+00
-7.156653200000002357e+01 7.193339230073376722e-01 0.000000000000000000e+00 1.861604138114885121e+00
-7.138038400000004913e+01 7.174629007940501735e-01 0.000000000000000000e+00 1.841894235917760803e+00
-7.054159600000001262e+01 7.090320233189266741e-01 0.000000000000000000e+00 1.907595464384786776e+00
-7.183276999999999646e+01 7.220099507488190183e-01 0.000000000000000000e+00 2.150898082455585669e+00
-7.126076000000003319e+01 7.162605286963518170e-01 0.000000000000000000e+00 1.961881300170731368e+00
-7.171599000000003343e+01 7.208361644386374056e-01 0.000000000000000000e+00 2.158304743533590919e+00
-7.077046800000005078e+01 7.113324756256915737e-01 0.000000000000000000e+00 1.835406083868915683e+00
-7.133701600000003396e+01 7.170269976882102103e-01 0.000000000000000000e+00 2.063871226442524520e+00
-7.092260000000004538e+01 7.128615941300637804e-01 0.000000000000000000e+00 1.969785820075293792e+00
-7.114139800000000946e+01 7.150607900291487962e-01 0.000000000000000000e+00 2.048225203940368999e+00
-7.143530200000006403e+01 7.180148959694448996e-01 0.000000000000000000e+00 1.977294976945661809e+00
-7.119136800000003973e+01 7.155630515629716193e-01 0.000000000000000000e+00 1.870710155376910544e+00
-7.170362600000004250e+01 7.207118906422760318e-01 0.000000000000000000e+00 2.305775513906176410e+00
-7.201945800000004283e+01 7.238864006432812470e-01 0.000000000000000000e+00 1.939456820822351713e+00
-7.155334000000006256e+01 7.192013267665098297e-01 0.000000000000000000e+00 2.213844022043872872e+00
-7.139297400000000948e+01 7.175894461754951381e-01 0.000000000000000000e+00 2.215933250764206885e+00
-7.149764200000005587e+01 7.186414916071972581e-01 0.000000000000000000e+00 1.766864011686791081e+00
-7.211047200000004409e+01 7.248012061513724458e-01 0.000000000000000000e+00 1.927845159237628447e+00
-7.193684800000004032e+01 7.230560659362754716e-01 0.000000000000000000e+00 2.225264166385191533e+00
-7.193795800000006579e+01 7.230672228364666276e-01 0.000000000000000000e+00 1.764862845913202749e+00
-7.158390400000003240e+01 7.195085335209572275e-01 0.000000000000000000e+00 1.779825997959952666e+00
-7.178109400000001017e+01 7.214905417629914330e-01 0.000000000000000000e+00 2.168044869164636790e+00
-7.215563600000004385e+01 7.252551613227464777e-01 0.000000000000000000e+00 1.896245367360553491e+00
-7.098972000000004812e+01 7.135362347974676389e-01 0.000000000000000000e+00 1.665093771254552157e+00
-7.173216200000003084e+01 7.209987134385368313e-01 0.000000000000000000e+00 1.883172539275896451e+00
-7.206920600000000832e+01 7.243864307970651062e-01 0.000000000000000000e+00 1.971063127064358600e+00
-7.125138800000001993e+01 7.161663282741986825e-01 0.000000000000000000e+00 2.142288979897413626e+00
-7.197127200000005587e+01 7.234020705598558365e-01 0.000000000000000000e+00 1.741807206977508349e+00
-7.240295400000007930e+01 7.277410191979101217e-01 0.000000000000000000e+00 1.859375596476332326e+00
-7.157329800000003672e+01 7.194019298421956421e-01 0.000000000000000000e+00 2.019490878033522563e+00
-7.294318200000002150e+01 7.331709920595037566e-01 0.000000000000000000e+00 1.524458415928406696e+00
-7.224958600000002207e+01 7.261994773344057075e-01 0.000000000000000000e+00 1.873479920557280076e+00
