-3.915847399999993428e+01 3.086876087366091648e-01 0.000000000000000000e+00 2.989623150692332310e+00
-3.794365799999991395e+01 2.991111720732453350e-01 0.000000000000000000e+00 2.372516303748303468e+00
-3.834594999999994513e+01 3.022824538625683566e-01 0.000000000000000000e+00 3.018756308013569534e+00
-3.839786399999992028e+01 3.026916937251826201e-01 0.000000000000000000e+00 2.835272983188030338e+00
-3.838689599999996460e+01 3.026052326007626636e-01 0.000000000000000000e+00 2.707650362666584432e+00
-3.759525999999994639e+01 2.963647385552127811e-01 0.000000000000000000e+00 2.543790968002065611e+00
-3.846715999999992164e+01 3.032379564966841690e-01 0.000000000000000000e+00 3.281273237785921282e+00
-3.823800999999992456e+01 3.014315590987162730e-01 0.000000000000000000e+00 3.486489794386848029e+00
-3.812233599999993316e+01 3.005196969446140565e-01 0.000000000000000000e+00 2.955408643488077303e+00
-3.789722999999995068e+01 2.987451785389106940e-01 0.000000000000000000e+00 3.162417729532359889e+00
-3.812687399999995819e+01 3.005554701560128050e-01 0.000000000000000000e+00 2.728590848609433905e+00
-3.812713999999994741e+01 3.005575670432388269e-01 0.000000000000000000e+00 3.271690440148886214e+00
-3.817740399999992462e+01 3.009537998986235863e-01 0.000000000000000000e+00 3.417804817198999867e+00
-3.758012599999994308e+01 2.962454367082965612e-01 0.000000000000000000e+00 2.525410812490202606e+00
-3.823160999999991816e+01 3.013811076767350383e-01 0.000000000000000000e+00 2.832171768941262435e+00
-3.714939599999993902e+01 2.928499771786141070e-01 0.000000000000000000e+00 2.594294230562776971e+00
-3.840177599999994129e+01 3.027225321568687844e-01 0.000000000000000000e+00 3.008818348247614960e+00
-3.817668799999992046e+01 3.009481556457894169e-01 0.000000000000000000e+00 2.824011305643091330e+00
-3.786341799999993185e+01 2.984786373701560636e-01 0.000000000000000000e+00 3.207091741005904773e+00
-3.697872199999994081e+01 2.915045481168608288e-01 0.000000000000000000e+00 2.216629640136418722e+00
-3.749082399999992532e+01 2.955414659448954429e-01 0.000000000000000000e+00 2.585539862627602936e+00
-3.805562999999991547e+01 2.999938512329453633e-01 0.000000000000000000e+00 2.854369830345015124e+00
-3.823233799999994176e+01 3.013868465259855745e-01 0.000000000000000000e+00 2.369381571906240325e+00
-3.825258999999994103e+01 3.015464937444173876e-01 0.000000000000000000e+00 3.189723734134510380e+00
-3.760827599999993254e+01 2.964673441346669658e-01 0.000000000000000000e+00 3.581488278003823744e+00
-3.784472599999993037e+01 2.983312876858321694e-01 0.000000000000000000e+00 2.581765044298887091e+00
-3.784635399999994121e+01 2.983441212662987230e-01 0.000000000000000000e+00 2.425950027524153452e+00
-3.829002199999992229e+01 3.018415714987298659e-01 0.000000000000000000e+00 2.983591227978914517e+00
-3.772921999999992693e+01 2.974207498815568673e-01 0.000000000000000000e+00 2.770902020073695127e+00
-3.774009999999995557e+01 2.975065172989251328e-01 0.000000000000000000e+00 3.713145491467859660e+00
-3.741981799999994251e+01 2.949817231840833887e-01 0.000000000000000000e+00 2.507556816818258039e+00
-3.747442599999994428e+01 2.954121999421380762e-01 0.000000000000000000e+00 2.694642889801836638e+00
-3.840805799999996140e+01 3.027720533807573555e-01 0.000000000000000000e+00 3.309840324909949505e+00
-3.846858999999992790e+01 3.032492292362831687e-01 0.000000000000000000e+00 3.582375906074659611e+00
-3.754688199999995390e+01 2.959833731032429638e-01 0.000000000000000000e+00 3.041677447365867426e+00
-3.853398799999993685e+01 3.037647639385843701e-01 0.000000000000000000e+00 3.188729012666046803e+00
-3.833503799999994044e+01 3.021964341880903349e-01 0.000000000000000000e+00 3.663564181955749177e+00
-3.753117999999995646e+01 2.958595936926259329e-01 0.000000000000000000e+00 2.594847304279241484e+00
-3.834658199999991979e+01 3.022874359404887912e-01 0.000000000000000000e+00 2.903960052608759668e+00
-3.819722199999993251e+01 3.011100258800023521e-01 0.000000000000000000e+00 2.832572401192237965e+00
-3.815856799999994564e+01 3.008053150573052892e-01 0.000000000000000000e+00 2.732639100634985496e+00
-3.806364399999993964e+01 3.000570258729076678e-01 0.000000000000000000e+00 2.886477999164484665e+00
-3.780069399999994317e+01 2.979841819026015082e-01 0.000000000000000000e+00 2.709898572250043713e+00
-3.763529599999993280e+01 2.966803437318438763e-01 0.000000000000000000e+00 2.398698512932259330e+00
-3.766867999999992378e+01 2.969435109617533097e-01 0.000000000000000000e+00 2.534157981171527130e+00
-3.819577599999993112e+01 3.010986270118484742e-01 0.000000000000000000e+00 2.909861992323291791e+00
-3.862184799999992890e+01 3.044573673659701218e-01 0.000000000000000000e+00 3.235583706678788474e+00
-3.844380999999992810e+01 3.030538876367996348e-01 0.000000000000000000e+00 3.053105115379350032e+00
-3.859329199999993421e+01 3.042322594275177483e-01 0.000000000000000000e+00 3.280812497041461384e+00
-3.815956599999991283e+01 3.008131823259202475e-01 0.000000000000000000e+00 3.077223858545230062e+00
-3.713493399999994438e+01 2.927359727310059889e-01 0.000000000000000000e+00 2.437779723404562393e+00
-3.827084599999994907e+01 3.016904064256188400e-01 0.000000000000000000e+00 2.545995115780819606e+00
-3.744682799999993250e+01 2.951946439509133824e-01 0.000000000000000000e+00 2.527440855649057294e+00
-3.783521599999993157e+01 2.982563200259819580e-01 0.000000000000000000e+00 3.189137440799168832e+00
-3.853460599999991842e+01 3.037696356540192655e-01 0.000000000000000000e+00 3.542077178799143411e+00
-3.769077399999993361e+01 2.971176787300741085e-01 0.000000000000000000e+00 2.584204886591392025e+00
-3.813389999999992597e+01 3.006108563577063464e-01 0.000000000000000000e+00 3.526198137978470815e+00
-3.829054199999995234e+01 3.018456706767660425e-01 0.000000000000000000e+00 2.888817255765424807e+00
-3.838129799999995129e+01 3.025611033725983390e-01 0.000000000000000000e+00 3.188864167692935681e+00
-3.815784999999991811e+01 3.007996550384015588e-01 0.000000000000000000e+00 2.924902864294053995e+00
-3.766177999999992210e+01 2.968891180224297877e-01 0.000000000000000000e+00 2.898377110095101461e+00
-3.847414599999995488e+01 3.032930273769908203e-01 0.000000000000000000e+00 2.772962466003213500e+00
-3.793298599999993570e+01 2.990270443270918177e-01 0.000000000000000000e+00 2.595571745077069448e+00
-3.780932199999994481e+01 2.980521967258599747e-01 0.000000000000000000e+00 2.757232262067498496e+00
-3.721958999999993267e+01 2.934033189152623899e-01 0.000000000000000000e+00 2.654722271364898578e+00
-3.829313399999995937e+01 3.018661035026685147e-01 0.000000000000000000e+00 2.845108802883725918e+00
-3.789345799999993147e+01 2.987154437320803657e-01 0.000000000000000000e+00 2.301651287999881390e+00
-3.834960799999994663e+01 3.023112900034444772e-01 0.000000000000000000e+00 3.159706987491726515e+00
-3.776617199999994057e+01 2.977120437792209473e-01 0.000000000000000000e+00 2.648509085080421599e+00
-3.769884599999992503e+01 2.971813105860478532e-01 0.000000000000000000e+00 3.500512776388712499e+00
-3.859088199999992952e+01 3.042132613139278963e-01 0.000000000000000000e+00 3.724059016240264253e+00
-3.814635599999993332e+01 3.007090474377372979e-01 0.000000000000000000e+00 2.923344727123367903e+00
-3.797806999999992428e+01 2.993824430628106437e-01 0.000000000000000000e+00 2.740496271414424090e+00
-3.775967399999993290e+01 2.976608198198406052e-01 0.000000000000000000e+00 3.346640645999895192e+00
-3.769046799999993169e+01 2.971152665214606414e-01 0.000000000000000000e+00 3.073184355124471079e+00
-3.782112799999993769e+01 2.981452638333458860e-01 0.000000000000000000e+00 2.945990525198887156e+00
-3.766960199999994785e+01 2.969507791197326663e-01 0.000000000000000000e+00 2.527461741619345226e+00
-3.802333399999993446e+01 2.997392607447728619e-01 0.000000000000000000e+00 3.136061374123068735e+00
-3.755509799999993703e+01 2.960481401162112225e-01 0.000000000000000000e+00 3.191216505131268200e+00
-3.764553999999994005e+01 2.967610975391525852e-01 0.000000000000000000e+00 2.793177435152021548e+00
-3.770202999999992244e+01 2.972064101684834814e-01 0.000000000000000000e+00 3.090229814522805540e+00
-3.834791199999995115e+01 3.022979203766195111e-01 0.000000000000000000e+00 2.958605910422656304e+00
-3.829175599999993551e+01 3.018552406808729938e-01 0.000000000000000000e+00 2.635917568349842366e+00
-3.802118999999993321e+01 2.997223595184091427e-01 0.000000000000000000e+00 2.601202480341998857e+00
-3.788308999999994597e+01 2.986337124284709210e-01 0.000000000000000000e+00 2.563485214773753018e+00
-3.820474599999995746e+01 3.011693378329692306e-01 0.000000000000000000e+00 3.178565344105971135e+00
-3.843145799999994239e+01 3.029565163923760296e-01 0.000000000000000000e+00 3.053594606565921854e+00
-3.754392999999994629e+01 2.959601023848540957e-01 0.000000000000000000e+00 2.759612308062145747e+00
-3.846518599999993171e+01 3.032223953862169252e-01 0.000000000000000000e+00 2.529998766998541093e+00
-3.711816999999992106e+01 2.926038215375537654e-01 0.000000000000000000e+00 2.306498340569639982e+00
-3.794387199999994920e+01 2.991128590426681000e-01 0.000000000000000000e+00 3.168023230072466667e+00
-3.861874399999992846e+01 3.044328984263092175e-01 0.000000000000000000e+00 3.376290529121323214e+00
-3.807989599999991270e+01 3.001851409526010150e-01 0.000000000000000000e+00 3.283723346776592056e+00
-3.734528799999993964e+01 2.943942006090428110e-01 0.000000000000000000e+00 2.461220276437579013e+00
-3.876571199999993667e+01 3.055914522678303546e-01 0.000000000000000000e+00 3.210034772563478356e+00
-3.805576599999992027e+01 2.999949233256625214e-01 0.000000000000000000e+00 2.933757297192855162e+00
-3.788399399999993733e+01 2.986408386918256719e-01 0.000000000000000000e+00 2.978702611955192925e+00
-3.792059199999996366e+01 2.989293419952115949e-01 0.000000000000000000e+00 2.053258860203958314e+00
-3.775392799999993798e+01 2.976155239025431443e-01 0.000000000000000000e+00 2.790791557676781665e+00
-3.769174399999993597e+01 2.971253252737181549e-01 0.000000000000000000e+00 2.790593336073419195e+00
-3.792000199999993271e+01 2.989246910047474448e-01 0.000000000000000000e+00 3.640956792166065270e+00
-3.856514599999994886e+01 3.040103835332861326e-01 0.000000000000000000e+00 3.243378309676625548e+00
-3.787208799999993403e+01 2.985469832808712587e-01 0.000000000000000000e+00 3.371041172355083493e+00
-3.792642999999995368e+01 2.989753631516999799e-01 0.000000000000000000e+00 3.163496158069615483e+00
-3.840930599999992978e+01 3.027818914080434576e-01 0.000000000000000000e+00 3.674986529098378085e+00
-3.825716599999991985e+01 3.015825665111337983e-01 0.000000000000000000e+00 3.296228953513975490e+00
-3.845915799999994533e+01 3.031748764531385087e-01 0.000000000000000000e+00 3.219700188978012356e+00
-3.695157399999994396e+01 2.912905394912442825e-01 0.000000000000000000e+00 2.947374824772209578e+00
-3.838495799999993352e+01 3.025899552795437430e-01 0.000000000000000000e+00 3.091597290839029899e+00
-3.722806999999993138e+01 2.934701670493874981e-01 0.000000000000000000e+00 2.911225526711000100e+00
-3.915002599999996136e+01 3.086210128595942015e-01 0.000000000000000000e+00 3.481251186623521843e+00
-3.798793599999992665e+01 2.994602170830085730e-01 0.000000000000000000e+00 3.396882647474167349e+00
-3.789953399999993877e+01 2.987633410508238052e-01 0.000000000000000000e+00 2.662346614967003866e+00
-3.775956599999992847e+01 2.976599684520946365e-01 0.000000000000000000e+00 2.512744746618845060e+00
-3.696696599999992827e+01 2.914118751611089464e-01 0.000000000000000000e+00 3.099962847748047423e+00
-3.794240799999993641e+01 2.991013182798898384e-01 0.000000000000000000e+00 2.285940558877948448e+00
-3.791298199999992136e+01 2.988693521012616983e-01 0.000000000000000000e+00 2.596192079724503277e+00
-3.732536399999996490e+01 2.942371390259877484e-01 0.000000000000000000e+00 2.864217276883156416e+00
-3.845458599999992799e+01 3.031388352185604984e-01 0.000000000000000000e+00 2.967202054142091594e+00
-3.835607599999994477e+01 3.023622774717842354e-01 0.000000000000000000e+00 2.882586175575710286e+00
-3.723301199999993827e+01 2.935091250067986546e-01 0.000000000000000000e+00 3.104838271338409061e+00
-3.804463599999991885e+01 2.999071851496233343e-01 0.000000000000000000e+00 3.196375006744579750e+00
-3.750317999999993646e+01 2.956388687214580036e-01 0.000000000000000000e+00 2.524432109996185503e+00
-3.779820599999992936e+01 2.979645689123062158e-01 0.000000000000000000e+00 3.081042387225926049e+00
-3.777506799999993348e+01 2.977821712557747746e-01 0.000000000000000000e+00 2.524518584565013324e+00
-3.852821799999993857e+01 3.037192788284544531e-01 0.000000000000000000e+00 3.056705641877684787e+00
-3.883368199999991788e+01 3.061272621353400281e-01 0.000000000000000000e+00 3.225510736235692288e+00
-3.801910599999992968e+01 2.997059312741264803e-01 0.000000000000000000e+00 2.889149272353962683e+00
-3.810115399999995844e+01 3.003527185039258085e-01 0.000000000000000000e+00 2.840092719763304796e+00
-3.804830399999993773e+01 2.999361001208464272e-01 0.000000000000000000e+00 2.703193980637263127e+00
-3.749560999999994237e+01 2.955791941488958852e-01 0.000000000000000000e+00 3.132634109393137134e+00
-3.744610399999993433e+01 2.951889366338018017e-01 0.000000000000000000e+00 3.064617895602067765e+00
-3.823361599999995519e+01 3.013969210443125379e-01 0.000000000000000000e+00 3.044793607532156887e+00
-3.774910599999992655e+01 2.975775119092941012e-01 0.000000000000000000e+00 2.679120434204803836e+00
-3.823038199999993481e+01 3.013714273101425478e-01 0.000000000000000000e+00 3.003420959956001113e+00
-3.790257999999992222e+01 2.987873527744728808e-01 0.000000000000000000e+00 2.818144706265905519e+00
-3.796249799999992547e+01 2.992596884467026430e-01 0.000000000000000000e+00 3.103156572448008799e+00
-3.812891199999993574e+01 3.005715357806997834e-01 0.000000000000000000e+00 3.184203341410611010e+00
-3.835409599999992736e+01 3.023466690631086418e-01 0.000000000000000000e+00 2.700137258461000389e+00
-3.794291599999992570e+01 2.991053228615094817e-01 0.000000000000000000e+00 2.833845115800698533e+00
-3.843568199999992885e+01 3.029898143308835112e-01 0.000000000000000000e+00 3.080577808859956246e+00
-3.730658799999991970e+01 2.940891271667500084e-01 0.000000000000000000e+00 2.691912586018282205e+00
-3.773610999999992544e+01 2.974750639905334726e-01 0.000000000000000000e+00 2.296576061435717353e+00
-3.806803199999993126e+01 3.000916166291034970e-01 0.000000000000000000e+00 3.315417377776838759e+00
-3.812770399999995163e+01 3.005620130748009600e-01 0.000000000000000000e+00 3.170423892887180184e+00
-3.794906599999993091e+01 2.991538035248195726e-01 0.000000000000000000e+00 3.167895366353766118e+00
-3.802432799999992596e+01 2.997470964812492533e-01 0.000000000000000000e+00 2.769408988771225655e+00
-3.782958599999992799e+01 2.982119385407078216e-01 0.000000000000000000e+00 2.575060701648750783e+00
-3.788301399999993180e+01 2.986331133178347641e-01 0.000000000000000000e+00 3.062872622361583641e+00
-3.772081799999990892e+01 2.973545166241369775e-01 0.000000000000000000e+00 3.155808239503980150e+00
-3.770710399999995843e+01 2.972464086864732846e-01 0.000000000000000000e+00 2.428396227463631263e+00
-3.848173599999992689e+01 3.033528596102464392e-01 0.000000000000000000e+00 3.170956878858460559e+00
-3.843397799999992515e+01 3.029763816397810228e-01 0.000000000000000000e+00 3.033716663077541842e+00
-3.774339399999993816e+01 2.975324840151759576e-01 0.000000000000000000e+00 2.852959741678876338e+00
-3.713517799999993230e+01 2.927378961914689492e-01 0.000000000000000000e+00 2.845794069495500178e+00
-3.789303599999993821e+01 2.987121170914435186e-01 0.000000000000000000e+00 2.424759771065532199e+00
-3.799651399999996215e+01 2.995278377545330661e-01 0.000000000000000000e+00 2.483726864121654998e+00
-3.735158799999993562e+01 2.944438637275555437e-01 0.000000000000000000e+00 2.659321112321789915e+00
-3.821347199999992483e+01 3.012381251936264714e-01 0.000000000000000000e+00 2.804699801580529783e+00
-3.736599199999993459e+01 2.945574109591519996e-01 0.000000000000000000e+00 2.552436305982378251e+00
-3.826830199999994164e+01 3.016703519853812798e-01 0.000000000000000000e+00 3.212625642992996688e+00
-3.799338399999993499e+01 2.995031638559701448e-01 0.000000000000000000e+00 2.896370526715157379e+00
-3.779873999999994538e+01 2.979687784528278760e-01 0.000000000000000000e+00 2.766883100114092109e+00
-3.710921199999992126e+01 2.925332053128494314e-01 0.000000000000000000e+00 2.248156482083787377e+00
-3.764153199999993404e+01 2.967295023361368189e-01 0.000000000000000000e+00 2.477743754488153094e+00
-3.817322799999994487e+01 3.009208803457810166e-01 0.000000000000000000e+00 3.035674462726944078e+00
-3.773260199999993603e+01 2.974474103048601048e-01 0.000000000000000000e+00 2.822520784437523744e+00
-3.805519599999993829e+01 2.999904299958924825e-01 0.000000000000000000e+00 2.423051415968772826e+00
-3.764843799999991347e+01 2.967839425736682468e-01 0.000000000000000000e+00 3.345511413752988439e+00
-3.808996199999995014e+01 3.002644915797361147e-01 0.000000000000000000e+00 3.127069836731175556e+00
-3.837191799999993691e+01 3.024871605072570468e-01 0.000000000000000000e+00 3.178593104713041129e+00
-3.801028999999994795e+01 2.996364344403474878e-01 0.000000000000000000e+00 3.104862473035584713e+00
-3.745774399999991289e+01 2.952806951575299710e-01 0.000000000000000000e+00 2.774098360913729966e+00
-3.762695599999994300e+01 2.966145992225746597e-01 0.000000000000000000e+00 2.859440300546224112e+00
-3.814019399999994420e+01 3.006604721780111178e-01 0.000000000000000000e+00 3.570938902023365724e+00
-3.802879599999993587e+01 2.997823178802199728e-01 0.000000000000000000e+00 2.385056055751048287e+00
-3.789257999999993842e+01 2.987085224276273543e-01 0.000000000000000000e+00 3.566482212505933447e+00
-3.747604799999993475e+01 2.954249862243963909e-01 0.000000000000000000e+00 2.816672594524154860e+00
-3.776360999999992174e+01 2.976918474443589480e-01 0.000000000000000000e+00 2.523128334873677936e+00
-3.767173399999993677e+01 2.969675857496800742e-01 0.000000000000000000e+00 2.567840502308694095e+00
-3.768278399999991990e+01 2.970546932829443709e-01 0.000000000000000000e+00 2.699413864426606580e+00
-3.895723799999993275e+01 3.071012583688261799e-01 0.000000000000000000e+00 3.319215500923631268e+00
-3.834372399999993775e+01 3.022649062273604081e-01 0.000000000000000000e+00 3.123277141149706004e+00
-3.866337999999993968e+01 3.047847655624895125e-01 0.000000000000000000e+00 2.948826678082951069e+00
-3.867670399999993691e+01 3.048897991166266697e-01 0.000000000000000000e+00 3.498901974831360562e+00
-3.821040799999993709e+01 3.012139715753530678e-01 0.000000000000000000e+00 3.009501748945337951e+00
-3.709253999999994278e+01 2.924017793585885761e-01 0.000000000000000000e+00 2.938593766763383908e+00
-3.790680999999992906e+01 2.988206980111886568e-01 0.000000000000000000e+00 3.260978100945862490e+00
-3.819315399999994298e+01 3.010779576949056402e-01 0.000000000000000000e+00 3.227211067630120223e+00
-3.766328199999992421e+01 2.969009583405260444e-01 0.000000000000000000e+00 2.431207968134193376e+00
-3.790470599999992629e+01 2.988041121062122718e-01 0.000000000000000000e+00 2.491590450717181326e+00
-3.722203199999992762e+01 2.934225692859620538e-01 0.000000000000000000e+00 2.695450981208333374e+00
-3.788223199999992374e+01 2.986269487847113546e-01 0.000000000000000000e+00 2.830462506978337345e+00
-3.810767199999990851e+01 3.004041001239994291e-01 0.000000000000000000e+00 2.670203963611934128e+00
-3.805008599999992924e+01 2.999501476886542450e-01 0.000000000000000000e+00 3.171284492811623057e+00
-3.823169799999992335e+01 3.013818013837873400e-01 0.000000000000000000e+00 3.263679909475057261e+00
-3.832411199999992846e+01 3.021103041511266629e-01 0.000000000000000000e+00 3.114302937824355855e+00
-3.775556599999992358e+01 2.976284363133563371e-01 0.000000000000000000e+00 3.230599048186800548e+00
-3.735892799999992064e+01 2.945017252021401299e-01 0.000000000000000000e+00 2.554063840911284800e+00
-3.815131799999991102e+01 3.007481630558419550e-01 0.000000000000000000e+00 2.695478647863282173e+00
-3.808940799999994908e+01 3.002601243785208429e-01 0.000000000000000000e+00 2.705678628504025962e+00
-3.773090399999992428e+01 2.974340249119656332e-01 0.000000000000000000e+00 2.563539394007882333e+00
-3.785797799999992463e+01 2.984357536614719586e-01 0.000000000000000000e+00 3.046231583534189991e+00
-3.756704399999992461e+01 2.961423108485529143e-01 0.000000000000000000e+00 3.093788481677048896e+00
-3.783034199999993064e+01 2.982178981149293806e-01 0.000000000000000000e+00 2.884923680981329674e+00
-3.759630799999993656e+01 2.963729999755621014e-01 0.000000000000000000e+00 3.013665597921736161e+00
-3.756917799999992269e+01 2.961591332445697722e-01 0.000000000000000000e+00 2.344704200748157330e+00
-3.771828999999995347e+01 2.973345883124547395e-01 0.000000000000000000e+00 2.965506667783208261e+00
-3.800404799999993344e+01 2.995872285378463062e-01 0.000000000000000000e+00 2.952435314132618505e+00
-3.896848999999991747e+01 3.071899582750967639e-01 0.000000000000000000e+00 4.017821233220963073e+00
-3.699887599999991750e+01 2.916634227978933125e-01 0.000000000000000000e+00 2.600464353138384421e+00
-3.849180799999994917e+01 3.034322575355895557e-01 0.000000000000000000e+00 2.588276881886689917e+00
-3.859195599999992510e+01 3.042217276931791226e-01 0.000000000000000000e+00 3.136582753404337343e+00
-3.929875599999992630e+01 3.097934566082291563e-01 0.000000000000000000e+00 3.049212035069406745e+00
-3.753058799999995898e+01 2.958549269360927214e-01 0.000000000000000000e+00 2.693843613425233485e+00
-3.829188399999992498e+01 3.018562497093125185e-01 0.000000000000000000e+00 2.982575666603303866e+00
-3.816280999999996482e+01 3.008387548904373765e-01 0.000000000000000000e+00 3.371683486873667590e+00
-3.749784999999994284e+01 2.955968521465893173e-01 0.000000000000000000e+00 3.259739193183369022e+00
-3.786307399999990508e+01 2.984759256062243238e-01 0.000000000000000000e+00 2.787429523342249027e+00
-3.755040199999992723e+01 2.960111213853324208e-01 0.000000000000000000e+00 3.024926903999733963e+00
-3.769950199999993146e+01 2.971864818568010214e-01 0.000000000000000000e+00 2.712465550830167160e+00
-3.764322999999993868e+01 2.967428877290312350e-01 0.000000000000000000e+00 2.462233993980082580e+00
-3.814549999999994867e+01 3.007022995600474591e-01 0.000000000000000000e+00 3.016344067398360806e+00
-3.761277999999994393e+01 2.965028493228862860e-01 0.000000000000000000e+00 3.035646018543497249e+00
-3.830452399999995805e+01 3.019558912677256513e-01 0.000000000000000000e+00 2.829960718045535728e+00
-3.777719999999994371e+01 2.977989778857223491e-01 0.000000000000000000e+00 3.251941484744462763e+00
-3.829011799999990728e+01 3.018423282700594124e-01 0.000000000000000000e+00 2.823257936826626846e+00
-3.866298399999993052e+01 3.047816438807544048e-01 0.000000000000000000e+00 3.081614860299086711e+00
-3.784353799999993839e+01 2.983219226406269575e-01 0.000000000000000000e+00 2.722337300395979653e+00
-3.785860399999995707e+01 2.984406884411847649e-01 0.000000000000000000e+00 2.456147868328563355e+00
-3.814638599999992863e+01 3.007092839287778263e-01 0.000000000000000000e+00 2.944332623152760675e+00
-3.758733399999994873e+01 2.963022576223029447e-01 0.000000000000000000e+00 2.995203213902138284e+00
-3.786919999999992825e+01 2.985242170767021808e-01 0.000000000000000000e+00 2.639484033830946874e+00
-3.821344399999993868e+01 3.012379044686553931e-01 0.000000000000000000e+00 2.987126466511475620e+00
-3.764640799999993703e+01 2.967679400132587908e-01 0.000000000000000000e+00 3.267099463156513117e+00
-3.733139399999994623e+01 2.942846737251355038e-01 0.000000000000000000e+00 2.844153159360978567e+00
-3.813094399999992135e+01 3.005875541071786894e-01 0.000000000000000000e+00 3.729130900192660025e+00
-3.868567199999991857e+01 3.049604941716776985e-01 0.000000000000000000e+00 3.210077931527645312e+00
-3.877058399999993554e+01 3.056298584128135376e-01 0.000000000000000000e+00 2.559881044928817850e+00
-3.785712599999993699e+01 2.984290373159207976e-01 0.000000000000000000e+00 2.513692075137704762e+00
-3.926435599999990700e+01 3.095222802150799923e-01 0.000000000000000000e+00 3.391869937362551379e+00
-3.765759599999994123e+01 2.968561354053096957e-01 0.000000000000000000e+00 3.138001808457545838e+00
-3.750173999999994123e+01 2.956275171515122535e-01 0.000000000000000000e+00 3.361015698093106074e+00
-3.769398799999994765e+01 2.971430148035504315e-01 0.000000000000000000e+00 2.917086987455086433e+00
-3.769791399999992620e+01 2.971739635977218574e-01 0.000000000000000000e+00 2.356907603517623517e+00
-3.777040999999994142e+01 2.977454520802141347e-01 0.000000000000000000e+00 3.101918147963719008e+00
-3.845445399999993441e+01 3.031377946579822402e-01 0.000000000000000000e+00 3.212455599454829613e+00
-3.759425599999993750e+01 2.963568239883893618e-01 0.000000000000000000e+00 2.223652401180715721e+00
-3.727536799999993633e+01 2.938430188238980167e-01 0.000000000000000000e+00 2.279336026165904805e+00
-3.855856399999994011e+01 3.039584973989922223e-01 0.000000000000000000e+00 3.257518170853139772e+00
-3.747006199999994891e+01 2.953777983787747030e-01 0.000000000000000000e+00 2.790317337399081499e+00
-3.706699199999992800e+01 2.922003835884671719e-01 0.000000000000000000e+00 2.748786864454568324e+00
-3.812570599999990861e+01 3.005462627715008717e-01 0.000000000000000000e+00 2.479579026416875553e+00
-3.785869999999993496e+01 2.984414452125143113e-01 0.000000000000000000e+00 3.022595347703623592e+00
-3.806313599999994324e+01 3.000530212912879691e-01 0.000000000000000000e+00 2.760669848502039780e+00
-3.888260199999992750e+01 3.065129001921089724e-01 0.000000000000000000e+00 3.032601793839071913e+00
-3.840094599999993363e+01 3.027159892380805184e-01 0.000000000000000000e+00 2.359255986103167668e+00
-3.763619599999994136e+01 2.966874384630600603e-01 0.000000000000000000e+00 2.903790795742417608e+00
-3.760783799999994415e+01 2.964638913654751851e-01 0.000000000000000000e+00 2.410665789369476286e+00
-3.800362599999993307e+01 2.995839018972094592e-01 0.000000000000000000e+00 2.837280094290759447e+00
-3.792405199999992504e+01 2.989566172952198841e-01 0.000000000000000000e+00 2.995777377619803783e+00
-3.780018799999993462e+01 2.979801930870510374e-01 0.000000000000000000e+00 3.128160846741558920e+00
-3.824173599999993201e+01 3.014609312859510282e-01 0.000000000000000000e+00 3.139788170990347016e+00
-3.684276799999993557e+01 2.904328180193554987e-01 0.000000000000000000e+00 2.590133060849394209e+00
-3.785555999999991172e+01 2.984166924836045842e-01 0.000000000000000000e+00 3.153741828560500338e+00
-3.868378799999994300e+01 3.049456425343321508e-01 0.000000000000000000e+00 3.451588699974830643e+00
-3.842822399999994332e+01 3.029310226582061505e-01 0.000000000000000000e+00 2.754500515066022892e+00
-3.720584199999994013e+01 2.932949429544190467e-01 0.000000000000000000e+00 2.598339626216648934e+00
-3.789335999999993021e+01 2.987146711946812583e-01 0.000000000000000000e+00 3.152659065909059866e+00
-3.769020799999994864e+01 2.971132169324428030e-01 0.000000000000000000e+00 2.740876298333004613e+00
-3.784961399999995280e+01 2.983698199593705080e-01 0.000000000000000000e+00 2.334679584315196621e+00
-3.819526199999992144e+01 3.010945751320205366e-01 0.000000000000000000e+00 3.082711312025323558e+00
-3.817671199999993803e+01 3.009483448386219839e-01 0.000000000000000000e+00 3.571976594064050659e+00
-3.876723999999992287e+01 3.056034975448282398e-01 0.000000000000000000e+00 3.511449650684589585e+00
-3.775361799999993195e+01 2.976130801617908883e-01 0.000000000000000000e+00 2.653384377626110791e+00
-3.844243399999992761e+01 3.030430405810736749e-01 0.000000000000000000e+00 2.824822864786070031e+00
-3.715435599999992888e+01 2.928890770306494806e-01 0.000000000000000000e+00 2.481314307497116456e+00
-3.844088199999992383e+01 3.030308061112432227e-01 0.000000000000000000e+00 2.656629679388923471e+00
-3.792734199999992484e+01 2.989825524793320866e-01 0.000000000000000000e+00 2.877168515696140627e+00
-3.801485799999993986e+01 2.996724441427865426e-01 0.000000000000000000e+00 3.089544194723143455e+00
-3.795601999999993126e+01 2.992086221480160790e-01 0.000000000000000000e+00 2.440329267400883406e+00
-3.781444799999992767e+01 2.980926051616528683e-01 0.000000000000000000e+00 3.005475896919763468e+00
-3.789117799999994673e+01 2.986974704129996550e-01 0.000000000000000000e+00 3.028537214249969356e+00
-3.797220599999992885e+01 2.993362169474204082e-01 0.000000000000000000e+00 2.950239467829584239e+00
-3.753952799999993317e+01 2.959254012661725053e-01 0.000000000000000000e+00 2.390593649617583250e+00
-3.816733999999993188e+01 3.008744650375582141e-01 0.000000000000000000e+00 3.453287551703083214e+00
-3.713149799999996503e+01 2.927088866238299891e-01 0.000000000000000000e+00 3.128853217419695909e+00
-3.865633199999992797e+01 3.047292059340326320e-01 0.000000000000000000e+00 3.486639784787734175e+00
-3.824252799999992902e+01 3.014671746494211879e-01 0.000000000000000000e+00 3.147643816567522457e+00
-3.767653399999993979e+01 2.970054243161660001e-01 0.000000000000000000e+00 2.523222231901025570e+00
-3.834518199999992305e+01 3.022763996919304308e-01 0.000000000000000000e+00 2.505361292777848803e+00
-3.765808799999994250e+01 2.968600138583745163e-01 0.000000000000000000e+00 2.441888016496061464e+00
-3.744215999999993727e+01 2.951578459450058811e-01 0.000000000000000000e+00 2.095257549030112632e+00
-3.878182199999993429e+01 3.057184479565986379e-01 0.000000000000000000e+00 3.061919351562138125e+00
-3.744324399999992181e+01 2.951663911546038577e-01 0.000000000000000000e+00 3.037297266803717921e+00
-3.833994599999992658e+01 3.022351241223220630e-01 0.000000000000000000e+00 2.636255913583320343e+00
-3.722065999999993835e+01 2.934117537623748828e-01 0.000000000000000000e+00 2.286412292769012033e+00
-3.709896799999992112e+01 2.924524515055407781e-01 0.000000000000000000e+00 2.367192043302517312e+00
-3.789017599999993280e+01 2.986895716122456301e-01 0.000000000000000000e+00 2.461505507911526891e+00
-3.880335999999992680e+01 3.058882327576347704e-01 0.000000000000000000e+00 2.868010337738295945e+00
-3.757146199999993286e+01 2.961771380957893829e-01 0.000000000000000000e+00 2.773883618729990008e+00
-3.828620199999993190e+01 3.018114583062349032e-01 0.000000000000000000e+00 3.192895894818287950e+00
-3.829294799999992449e+01 3.018646372582168835e-01 0.000000000000000000e+00 2.818262271113857409e+00
-3.800421399999993355e+01 2.995885371216039927e-01 0.000000000000000000e+00 3.158397757495007951e+00
-3.779576199999992525e+01 2.979453027755371020e-01 0.000000000000000000e+00 2.906376578893277163e+00
-3.824787799999992188e+01 3.015093488849835413e-01 0.000000000000000000e+00 2.967411392380962631e+00
-3.801293399999994449e+01 2.996572771840534388e-01 0.000000000000000000e+00 2.760667382502303813e+00
-3.824668999999993702e+01 3.014999838397784404e-01 0.000000000000000000e+00 3.664558220166504565e+00
-3.751196399999991371e+01 2.957081132981270177e-01 0.000000000000000000e+00 2.510144039310263864e+00
-3.784516199999993802e+01 2.983347246889546667e-01 0.000000000000000000e+00 2.758951020641538854e+00
-3.874790999999992636e+01 3.054511184843756721e-01 0.000000000000000000e+00 3.325226282859893523e+00
-3.798473399999994626e+01 2.994349756059487833e-01 0.000000000000000000e+00 2.751984460118062970e+00
-3.803983799999992499e+01 2.998693623492068028e-01 0.000000000000000000e+00 2.668178950837617691e+00
-3.848887199999994380e+01 3.034091129457556213e-01 0.000000000000000000e+00 3.166455296425102262e+00
-3.708719399999996114e+01 2.923596366551650116e-01 0.000000000000000000e+00 2.720220172826182559e+00
-3.754926399999992981e+01 2.960021504918614044e-01 0.000000000000000000e+00 2.788338298299116946e+00
-3.823684599999995015e+01 3.014223832463436836e-01 0.000000000000000000e+00 2.727379087466850205e+00
-3.791626599999992919e+01 2.988952399871658838e-01 0.000000000000000000e+00 2.458694131519346904e+00
-3.823237999999994940e+01 3.013871776134424141e-01 0.000000000000000000e+00 2.771107416455622197e+00
-3.867599399999993182e+01 3.048842021620005727e-01 0.000000000000000000e+00 2.699374812535209056e+00
-3.704342999999992969e+01 2.920146435252294892e-01 0.000000000000000000e+00 2.288866516952057673e+00
-3.805205199999993937e+01 2.999656457348441885e-01 0.000000000000000000e+00 2.663494261474021574e+00
-3.839724599999991739e+01 3.026868220097475026e-01 0.000000000000000000e+00 3.528192911633519557e+00
-3.829431399999994312e+01 3.018754054835961487e-01 0.000000000000000000e+00 3.360563081997547386e+00
-3.798888399999992771e+01 2.994676901998895580e-01 0.000000000000000000e+00 3.160383391482044946e+00
-3.791553799999992691e+01 2.988895011379155142e-01 0.000000000000000000e+00 2.700999584320776137e+00
-3.787624799999994707e+01 2.985797767051591167e-01 0.000000000000000000e+00 2.866039315796789833e+00
-3.724318999999994162e+01 2.935893585338181788e-01 0.000000000000000000e+00 3.319574008860631142e+00
-3.788818199999992231e+01 2.986738528410844973e-01 0.000000000000000000e+00 2.740402622353514506e+00
-3.838658199999994025e+01 3.026027573278715077e-01 0.000000000000000000e+00 3.044296262026063182e+00
-3.872422199999992642e+01 3.052643851587676926e-01 0.000000000000000000e+00 3.221123346293395695e+00
-3.760471399999994446e+01 2.964392647651206136e-01 0.000000000000000000e+00 2.739957100490679753e+00
-3.797569999999992518e+01 2.993637602706082368e-01 0.000000000000000000e+00 2.873815491712026660e+00
-3.839078399999993962e+01 3.026358818396160388e-01 0.000000000000000000e+00 3.175006697224145746e+00
-3.848880199999992868e+01 3.034085611333275923e-01 0.000000000000000000e+00 3.224867545192571239e+00
-3.838703399999992882e+01 3.026063204595488276e-01 0.000000000000000000e+00 3.241923763465953900e+00
-3.838684399999993957e+01 3.026048226829588517e-01 0.000000000000000000e+00 2.809034037800038242e+00
-3.762229799999993674e+01 2.965778800470139087e-01 0.000000000000000000e+00 2.355710943577951966e+00
-3.886035399999992990e+01 3.063375184364468540e-01 0.000000000000000000e+00 2.629861719889737159e+00
-3.829207599999994471e+01 3.018577632519721110e-01 0.000000000000000000e+00 2.711334389920143195e+00
-3.811309999999992471e+01 3.004468892362673893e-01 0.000000000000000000e+00 3.199853095112811019e+00
-3.849866999999994022e+01 3.034863509195949716e-01 0.000000000000000000e+00 2.632923626183092392e+00
-3.853055599999992609e+01 3.037377093635468817e-01 0.000000000000000000e+00 3.091096128956278388e+00
-3.727153399999995287e+01 2.938127952689175704e-01 0.000000000000000000e+00 2.510589515230204682e+00
-3.761815199999993808e+01 2.965451969852117564e-01 0.000000000000000000e+00 2.509215206799999542e+00
-3.813533799999994045e+01 3.006221921615828130e-01 0.000000000000000000e+00 2.385234495080348349e+00
-3.813877599999993606e+01 3.006492940348283183e-01 0.000000000000000000e+00 2.815019839717660233e+00
-3.703193199999992657e+01 2.919240043924263839e-01 0.000000000000000000e+00 2.034736282759954218e+00
-3.851358999999993671e+01 3.036039657970886485e-01 0.000000000000000000e+00 3.141743949133855462e+00
-3.820451799999992204e+01 3.011675405010608708e-01 0.000000000000000000e+00 3.197780728939962902e+00
-3.778786199999991169e+01 2.978830268015289495e-01 0.000000000000000000e+00 2.572901530060934139e+00
-3.824890199999991580e+01 3.015174211125005166e-01 0.000000000000000000e+00 2.946500520133582768e+00
-3.814207599999992482e+01 3.006753080492873265e-01 0.000000000000000000e+00 3.286253481715136093e+00
-3.820949999999994873e+01 3.012068137798595835e-01 0.000000000000000000e+00 3.128153194858757757e+00
-3.805530199999994778e+01 2.999912655975691123e-01 0.000000000000000000e+00 2.818505801220056117e+00
-3.842402399999994600e+01 3.028979139125310138e-01 0.000000000000000000e+00 3.066613363275882076e+00
-3.769287599999992011e+01 2.971342488689809880e-01 0.000000000000000000e+00 2.836125222019249215e+00
-3.869860999999992401e+01 3.050624848744266093e-01 0.000000000000000000e+00 3.229638544665938582e+00
-3.789430199999994642e+01 2.987220970133542264e-01 0.000000000000000000e+00 2.414482606557706301e+00
-3.837383599999994743e+01 3.025022801677821338e-01 0.000000000000000000e+00 3.172100917023576550e+00
-3.779710799999994464e+01 2.979559133402227000e-01 0.000000000000000000e+00 3.026613335122178228e+00
-3.772389599999992527e+01 2.973787806048961979e-01 0.000000000000000000e+00 2.962043692375147419e+00
-3.814325399999995625e+01 3.006845942641459546e-01 0.000000000000000000e+00 3.035188456879029939e+00
-3.876700399999995028e+01 3.056016371486429128e-01 0.000000000000000000e+00 3.738797434111290396e+00
-3.783765999999992857e+01 2.982755861627510163e-01 0.000000000000000000e+00 3.078416945920304126e+00
-3.818938999999993200e+01 3.010482859523528343e-01 0.000000000000000000e+00 2.355822171844371038e+00
-3.796883199999993508e+01 2.993096195883947486e-01 0.000000000000000000e+00 2.837552740893020342e+00
-3.766656399999992999e+01 2.969268304603607800e-01 0.000000000000000000e+00 2.776115948715238702e+00
-3.861208799999993602e+01 3.043804289474488223e-01 0.000000000000000000e+00 2.881303252520611924e+00
-3.751310999999994067e+01 2.957171472558757785e-01 0.000000000000000000e+00 2.437147668376855592e+00
-3.774181199999993197e+01 2.975200130543049215e-01 0.000000000000000000e+00 2.887631080737359301e+00
-3.816329399999995076e+01 3.008425702792246192e-01 0.000000000000000000e+00 3.049249360248146967e+00
-3.896817399999994080e+01 3.071874672361366576e-01 0.000000000000000000e+00 3.380152925553111309e+00
-3.798952599999994106e+01 2.994727511081571314e-01 0.000000000000000000e+00 2.915503407113928525e+00
-3.800386599999990977e+01 2.995857938255335751e-01 0.000000000000000000e+00 3.375449362085594540e+00
-3.779743199999992953e+01 2.979584674434603841e-01 0.000000000000000000e+00 3.216134149574076062e+00
-3.717264599999994346e+01 2.930332577350302503e-01 0.000000000000000000e+00 2.358297894815434059e+00
-3.799956199999992634e+01 2.995518652442513141e-01 0.000000000000000000e+00 2.790031497117021697e+00
-3.779313999999993001e+01 2.979246334585942124e-01 0.000000000000000000e+00 2.559600503392998938e+00
-3.811656399999992573e+01 3.004741960684146895e-01 0.000000000000000000e+00 2.977137965998535751e+00
-3.808972999999994613e+01 3.002626627156892991e-01 0.000000000000000000e+00 3.557221729698954782e+00
-3.677697999999997336e+01 2.899142089335277062e-01 0.000000000000000000e+00 2.623790052576615572e+00
-3.829192999999994385e+01 3.018566123289081471e-01 0.000000000000000000e+00 3.019985134939000115e+00
-3.748632999999993132e+01 2.955060395870230394e-01 0.000000000000000000e+00 2.890344797910463726e+00
-3.744618599999993336e+01 2.951895830426459200e-01 0.000000000000000000e+00 2.472868487111576030e+00
-3.913843399999991135e+01 3.085296327215303336e-01 0.000000000000000000e+00 3.801226219493075043e+00
-3.858688199999992463e+01 3.041817291751895969e-01 0.000000000000000000e+00 2.646796856136209630e+00
-3.766421999999992209e+01 2.969083526270601125e-01 0.000000000000000000e+00 2.480919901401839933e+00
-3.779419599999992130e+01 2.979329579432210551e-01 0.000000000000000000e+00 2.856459611813762844e+00
-3.786819199999992946e+01 2.985162709777401391e-01 0.000000000000000000e+00 3.060755078479884705e+00
-3.771028399999991620e+01 2.972714767367698463e-01 0.000000000000000000e+00 2.542773999368135307e+00
-3.826932799999993051e+01 3.016784399789675386e-01 0.000000000000000000e+00 2.900079859160969331e+00
-3.771689599999992737e+01 2.973235993621042850e-01 0.000000000000000000e+00 2.288772237231837536e+00
-3.867718399999991874e+01 3.048935829732751235e-01 0.000000000000000000e+00 2.732500966414941335e+00
-3.774478199999992967e+01 2.975434256673180622e-01 0.000000000000000000e+00 3.172590895335810401e+00
-3.762006599999994449e+01 2.965602851135980544e-01 0.000000000000000000e+00 2.861217740337180793e+00
-3.816844199999993492e+01 3.008831521417806298e-01 0.000000000000000000e+00 2.876403951386437452e+00
-3.857780599999993143e+01 3.041101827523925438e-01 0.000000000000000000e+00 2.675248559237254131e+00
-3.879711799999990518e+01 3.058390268551335334e-01 0.000000000000000000e+00 3.394272646334193233e+00
-3.817939199999994315e+01 3.009694713715766468e-01 0.000000000000000000e+00 2.870600371712642485e+00
-3.817889599999993067e+01 3.009655613863730372e-01 0.000000000000000000e+00 2.674132449894693675e+00
-3.777936799999992701e+01 2.978160683049183577e-01 0.000000000000000000e+00 2.533408211049718695e+00
-3.823007999999994411e+01 3.013690466336678697e-01 0.000000000000000000e+00 3.728591476413016803e+00
-3.815778999999992749e+01 3.007991820563205576e-01 0.000000000000000000e+00 2.579267519445915369e+00
-3.763628799999993646e+01 2.966881637022509843e-01 0.000000000000000000e+00 2.423925227506288138e+00
-3.854874799999992518e+01 3.038811175305284329e-01 0.000000000000000000e+00 2.706133066243819663e+00
-3.870964799999994455e+01 3.051494978112749834e-01 0.000000000000000000e+00 3.349088378494311069e+00
-3.830367799999991263e+01 3.019492222203821741e-01 0.000000000000000000e+00 2.983042793083882760e+00
-3.801486199999993687e+01 2.996724756749252205e-01 0.000000000000000000e+00 2.702564684908979498e+00
-3.790980399999995853e+01 2.988442998170344755e-01 0.000000000000000000e+00 2.950351331721342341e+00
-3.789701599999995096e+01 2.987434915694882065e-01 0.000000000000000000e+00 2.828829375644471789e+00
-3.747236999999993401e+01 2.953959924228265477e-01 0.000000000000000000e+00 2.947812185590383383e+00
-3.752904999999993407e+01 2.958428028287476419e-01 0.000000000000000000e+00 2.223882038215827972e+00
-3.805144799999991534e+01 2.999608843818945547e-01 0.000000000000000000e+00 3.292025717417374597e+00
-3.805078999999994238e+01 2.999556973450723252e-01 0.000000000000000000e+00 3.412614748031902678e+00
-3.876835199999992909e+01 3.056122634793975168e-01 0.000000000000000000e+00 3.520143397976734256e+00
-3.846611599999994269e+01 3.032297266084736931e-01 0.000000000000000000e+00 3.076660713961214100e+00
-3.805921599999994243e+01 3.000221197953244490e-01 0.000000000000000000e+00 3.205104726025644002e+00
-3.802685599999993826e+01 2.997670247929319354e-01 0.000000000000000000e+00 2.783779330709393651e+00
-3.798003399999992524e+01 2.993979253429311371e-01 0.000000000000000000e+00 2.704587973407969415e+00
-3.750233999999993983e+01 2.956322469723229873e-01 0.000000000000000000e+00 3.022647495494670267e+00
-3.819026599999991589e+01 3.010551914907363957e-01 0.000000000000000000e+00 2.749562056743368732e+00
-3.836525799999992614e+01 3.024346594962577517e-01 0.000000000000000000e+00 3.315811329000989627e+00
-3.837987599999993904e+01 3.025498936972768060e-01 0.000000000000000000e+00 3.024439774857718533e+00
-3.761610399999992893e+01 2.965290525301776947e-01 0.000000000000000000e+00 3.176703205485431170e+00
-3.881651799999993102e+01 3.059919577280142966e-01 0.000000000000000000e+00 4.295141976566624997e+00
-3.789626999999992307e+01 2.987376108256132867e-01 0.000000000000000000e+00 2.711584482839462851e+00
-3.772364399999994333e+01 2.973767940801558263e-01 0.000000000000000000e+00 2.671731330029766927e+00
-3.773869799999993546e+01 2.974954652842972114e-01 0.000000000000000000e+00 2.977172422268342888e+00
-3.757771799999994045e+01 2.962264543607761036e-01 0.000000000000000000e+00 2.464521425232554019e+00
-3.791536399999994700e+01 2.988881294898805274e-01 0.000000000000000000e+00 3.243483277841956447e+00
-3.832013799999995030e+01 3.020789769712903805e-01 0.000000000000000000e+00 3.829248239083125505e+00
-3.776161399999993051e+01 2.976761129071286427e-01 0.000000000000000000e+00 2.942738420848749481e+00
-3.779336599999994206e+01 2.979264150244330112e-01 0.000000000000000000e+00 2.667913949675424945e+00
-3.755369399999994329e+01 2.960370723355141287e-01 0.000000000000000000e+00 2.705923517094981356e+00
-3.753200599999993159e+01 2.958661050792751879e-01 0.000000000000000000e+00 2.431922326054768213e+00
-3.796962399999994631e+01 2.993158629518650193e-01 0.000000000000000000e+00 3.145174613486057869e+00
-3.860539999999993199e+01 3.043277072114784487e-01 0.000000000000000000e+00 3.081293349136746240e+00
-3.739657199999993509e+01 2.947984741598059788e-01 0.000000000000000000e+00 3.272798764659317960e+00
-3.864622599999994890e+01 3.046495399855105868e-01 0.000000000000000000e+00 3.301531573288097210e+00
-3.831282199999994731e+01 3.020213046895380837e-01 0.000000000000000000e+00 2.781915436470477232e+00
-3.776095399999994129e+01 2.976709101042369077e-01 0.000000000000000000e+00 2.488571144917736344e+00
-3.845860799999992707e+01 3.031705407840618594e-01 0.000000000000000000e+00 3.328155605387574045e+00
-3.765584599999993998e+01 2.968423400946117452e-01 0.000000000000000000e+00 2.535344687160131727e+00
-3.854813399999993351e+01 3.038762773472322154e-01 0.000000000000000000e+00 3.291581446697994462e+00
-3.868810999999994493e+01 3.049797130102388509e-01 0.000000000000000000e+00 3.301315430799722783e+00
-3.776862999999990933e+01 2.977314202784753783e-01 0.000000000000000000e+00 2.733643059816852627e+00
-3.762440599999992941e+01 2.965944974841289161e-01 0.000000000000000000e+00 2.451294056839151025e+00
-3.833516399999994917e+01 3.021974274504606317e-01 0.000000000000000000e+00 2.544524112976567221e+00
-3.830863599999992175e+01 3.019883063063483197e-01 0.000000000000000000e+00 2.604147741759888834e+00
-3.796637999999993696e+01 2.992902903873481679e-01 0.000000000000000000e+00 2.928211450111766645e+00
-3.689961599999993069e+01 2.908809527751035628e-01 0.000000000000000000e+00 2.675015113889900764e+00
-3.827183399999992730e+01 3.016981948638870481e-01 0.000000000000000000e+00 2.652273821818371236e+00
-3.629957199999992667e+01 2.861507851108388567e-01 0.000000000000000000e+00 2.821417856974136384e+00
-3.737272199999992495e+01 2.946104637825790462e-01 0.000000000000000000e+00 2.733850909739378388e+00
-3.858900599999994085e+01 3.041984727408597600e-01 0.000000000000000000e+00 3.109684656389753332e+00
-3.908025799999992245e+01 3.080710292957212215e-01 0.000000000000000000e+00 3.422730235305250002e+00
-3.910816799999992810e+01 3.082910447937674547e-01 0.000000000000000000e+00 3.523221502909180014e+00
-3.859931599999991647e+01 3.042797468284574314e-01 0.000000000000000000e+00 2.387779911635089292e+00
-3.827419599999993238e+01 3.017168145918119881e-01 0.000000000000000000e+00 2.716082442253024531e+00
-3.685727199999995207e+01 2.905471535544205675e-01 0.000000000000000000e+00 2.598023599556890328e+00
-3.827485199999992460e+01 3.017219858625649898e-01 0.000000000000000000e+00 2.322208501087103194e+00
-3.645269399999993709e+01 2.873578511478087627e-01 0.000000000000000000e+00 2.311364998682672312e+00
-3.807305999999992707e+01 3.001312525274974496e-01 0.000000000000000000e+00 2.443873258959757155e+00
-3.821424799999994804e+01 3.012442424285418641e-01 0.000000000000000000e+00 3.190669155189040929e+00
-3.759368599999992711e+01 2.963523306586191008e-01 0.000000000000000000e+00 2.971155841511766926e+00
-3.903792999999992475e+01 3.077373562035929933e-01 0.000000000000000000e+00 3.536633907753918393e+00
-3.770604399999991330e+01 2.972380526697072645e-01 0.000000000000000000e+00 2.313829378670777537e+00
-3.729770199999993707e+01 2.940190785205430979e-01 0.000000000000000000e+00 2.257362826150206114e+00
-3.748333799999991811e+01 2.954824535472467262e-01 0.000000000000000000e+00 2.894654348437003311e+00
-3.800554399999992938e+01 2.995990215577344351e-01 0.000000000000000000e+00 2.706751705274061059e+00
-3.851170399999992355e+01 3.035890983936734289e-01 0.000000000000000000e+00 2.775054649381619498e+00
-3.765536999999993384e+01 2.968385877701018027e-01 0.000000000000000000e+00 3.351341398423604456e+00
-3.801321199999994604e+01 2.996594686676957719e-01 0.000000000000000000e+00 3.136968415501588225e+00
-3.704419399999994766e+01 2.920206661637286816e-01 0.000000000000000000e+00 2.773246598214643033e+00
-3.811830199999995017e+01 3.004878967826966618e-01 0.000000000000000000e+00 3.283892135741958374e+00
-3.792451799999994222e+01 2.989602907893830208e-01 0.000000000000000000e+00 2.293157097015360968e+00
-3.878557199999994509e+01 3.057480093366658491e-01 0.000000000000000000e+00 3.206404517416523881e+00
-3.792080999999996038e+01 2.989310604967727603e-01 0.000000000000000000e+00 2.670534118009831204e+00
-3.757181599999991306e+01 2.961799286900675954e-01 0.000000000000000000e+00 2.534845688476494718e+00
-3.866256199999993726e+01 3.047783172401175578e-01 0.000000000000000000e+00 2.770173742528424743e+00
-3.811753599999995146e+01 3.004818583781282970e-01 0.000000000000000000e+00 2.523799985572501736e+00
-3.829611799999993593e+01 3.018896264781670280e-01 0.000000000000000000e+00 2.510391964259402364e+00
-3.854462199999993999e+01 3.038485921294200587e-01 0.000000000000000000e+00 3.544227950109783976e+00
-3.767980799999993735e+01 2.970312333717232134e-01 0.000000000000000000e+00 3.399496446658600401e+00
-3.702508999999993478e+01 2.918700686691146351e-01 0.000000000000000000e+00 2.962478783608978983e+00
-3.769980199999995563e+01 2.971888467672065826e-01 0.000000000000000000e+00 3.222870344172954482e+00
-3.797472599999996135e+01 2.993560821948257344e-01 0.000000000000000000e+00 2.852409666081566542e+00
-3.748770799999993386e+01 2.955169024088183938e-01 0.000000000000000000e+00 2.855583368150999668e+00
-3.813603599999993321e+01 3.006276945197925987e-01 0.000000000000000000e+00 2.942529910029493934e+00
-3.841229799999995720e+01 3.028054774478198818e-01 0.000000000000000000e+00 2.722879535574146637e+00
-3.887631799999993376e+01 3.064633632021512288e-01 0.000000000000000000e+00 2.892823160033857199e+00
-3.691374599999993222e+01 2.909923400551964745e-01 0.000000000000000000e+00 2.379420300652146381e+00
-3.716189199999995907e+01 2.929484835800326148e-01 0.000000000000000000e+00 2.843585941092654057e+00
-3.880702199999992530e+01 3.059171004306496244e-01 0.000000000000000000e+00 2.923878121918615847e+00
-3.794502399999993258e+01 2.991219402986246001e-01 0.000000000000000000e+00 3.031050073173460646e+00
-3.794292399999994814e+01 2.991053859257871150e-01 0.000000000000000000e+00 2.494650197098348343e+00
-3.716054999999994379e+01 2.929379045474858057e-01 0.000000000000000000e+00 2.931308143925926757e+00
-3.705409199999991898e+01 2.920986924410362562e-01 0.000000000000000000e+00 2.687872908389183468e+00
-3.722089999999992926e+01 2.934136456906991097e-01 0.000000000000000000e+00 2.511439043716376496e+00
-3.709752999999994927e+01 2.924411157016645890e-01 0.000000000000000000e+00 2.752110789609100383e+00
-3.776584599999993941e+01 2.977094739099138132e-01 0.000000000000000000e+00 3.177714807127661079e+00
-3.891703599999993202e+01 3.067843446084373427e-01 0.000000000000000000e+00 3.175262960541992641e+00
-3.804513399999993339e+01 2.999111109008963383e-01 0.000000000000000000e+00 3.228893332141442585e+00
-3.774510999999993999e+01 2.975460113026946463e-01 0.000000000000000000e+00 2.973918131969433443e+00
-3.795585399999992404e+01 2.992073135642583925e-01 0.000000000000000000e+00 2.919109833715916924e+00
-3.716472799999994692e+01 2.929708398663979363e-01 0.000000000000000000e+00 2.318504890764952808e+00
-3.761349199999994397e+01 2.965084620435817220e-01 0.000000000000000000e+00 2.994688516464179440e+00
-3.741626999999990488e+01 2.949537541770222426e-01 0.000000000000000000e+00 3.030361953695305921e+00
-3.868556999999993451e+01 3.049596901021399686e-01 0.000000000000000000e+00 3.040171345300767047e+00
-3.823202399999993162e+01 3.013843712530945296e-01 0.000000000000000000e+00 3.301511189802008861e+00
-3.793721599999995675e+01 2.990603895638077048e-01 0.000000000000000000e+00 2.559619018396560808e+00
-3.849249199999994175e+01 3.034376495313137467e-01 0.000000000000000000e+00 2.530948021196001818e+00
-3.805947799999993464e+01 3.000241851504117374e-01 0.000000000000000000e+00 2.616702826060908205e+00
-3.736535999999994573e+01 2.945524288812313984e-01 0.000000000000000000e+00 2.786113456107455644e+00
-3.783705199999990754e+01 2.982707932776626492e-01 0.000000000000000000e+00 2.712220384526003780e+00
-3.735665199999990449e+01 2.944837834151979306e-01 0.000000000000000000e+00 3.069931157865980254e+00
-3.831747399999993320e+01 3.020579765668905958e-01 0.000000000000000000e+00 3.012976032672443072e+00
-3.731045999999993512e+01 2.941196502770487831e-01 0.000000000000000000e+00 2.823131377128108355e+00
-3.888910399999993217e+01 3.065641556836280479e-01 0.000000000000000000e+00 3.045984159609155917e+00
-3.750546999999995279e+01 2.956569208708857976e-01 0.000000000000000000e+00 3.203263013938232540e+00
-3.825382799999993466e+01 3.015562529413567949e-01 0.000000000000000000e+00 2.930594574418665665e+00
-3.833910999999994829e+01 3.022285339053259468e-01 0.000000000000000000e+00 2.757919922127668233e+00
-3.704585599999992240e+01 2.920337677673742194e-01 0.000000000000000000e+00 2.284159539542903516e+00
-3.697405799999994258e+01 2.914677816430920054e-01 0.000000000000000000e+00 2.816777393598377977e+00
-3.878143799999993035e+01 3.057154208712797305e-01 0.000000000000000000e+00 2.766363652000052298e+00
-3.823119399999992396e+01 3.013778283343063191e-01 0.000000000000000000e+00 2.921071184793397890e+00
-3.842984999999991658e+01 3.029438404726030321e-01 0.000000000000000000e+00 3.003247386975261168e+00
-3.906405999999995515e+01 3.079433398999009142e-01 0.000000000000000000e+00 3.451223857056384237e+00
-3.861638599999993460e+01 3.044143102305230664e-01 0.000000000000000000e+00 2.474126032776957196e+00
-3.934546399999994293e+01 3.101616573922759135e-01 0.000000000000000000e+00 3.134445776394218619e+00
-3.928939799999994875e+01 3.097196871696512033e-01 0.000000000000000000e+00 1.933412544144301082e+00
-3.847797599999992002e+01 3.033232193998324222e-01 0.000000000000000000e+00 2.491110938538275921e+00
-3.805196999999994034e+01 2.999649993260000702e-01 0.000000000000000000e+00 2.746695196876685507e+00
-3.821021799999994073e+01 3.012124737987630363e-01 0.000000000000000000e+00 2.683816001023448639e+00
-3.796106199999993436e+01 2.992483684088956819e-01 0.000000000000000000e+00 2.396800674248229068e+00
-3.820616399999991586e+01 3.011805159761515860e-01 0.000000000000000000e+00 3.220878866055354894e+00
-3.800941799999992554e+01 2.996295604341023822e-01 0.000000000000000000e+00 2.824604632685051797e+00
-3.927616599999993952e+01 3.096153788547049701e-01 0.000000000000000000e+00 3.062281138127806557e+00
-3.783006999999992814e+01 2.982157539294951754e-01 0.000000000000000000e+00 3.151722525521366780e+00
-3.826442599999995764e+01 3.016397973429439938e-01 0.000000000000000000e+00 3.516892626910318675e+00
-3.844746399999992548e+01 3.030826922455370220e-01 0.000000000000000000e+00 2.720434303767534256e+00
-3.758926999999994223e+01 2.963175191774521933e-01 0.000000000000000000e+00 2.494694336431263260e+00
-3.926373799999993963e+01 3.095174084996452080e-01 0.000000000000000000e+00 2.805059337883328840e+00
-3.911709199999994269e+01 3.083613929952925825e-01 0.000000000000000000e+00 3.465407757536761668e+00
-3.945098799999993133e+01 3.109935067443297951e-01 0.000000000000000000e+00 3.275028609121088508e+00
-3.954410599999994957e+01 3.117275591680871982e-01 0.000000000000000000e+00 2.982975265385724217e+00
-3.827312999999993792e+01 3.017084112768382842e-01 0.000000000000000000e+00 2.144797926367304708e+00
-3.803252199999993621e+01 2.998116900674546170e-01 0.000000000000000000e+00 2.285273016582304972e+00
-3.983295999999990045e+01 3.140046052688619249e-01 0.000000000000000000e+00 3.538701008316841534e+00
-4.056270199999993764e+01 3.197571867656455735e-01 0.000000000000000000e+00 3.003884991745244371e+00
-4.022206999999992405e+01 3.170719728949729643e-01 0.000000000000000000e+00 2.943549597103141124e+00
-4.019142199999993181e+01 3.168303736479605170e-01 0.000000000000000000e+00 2.797912496143644567e+00
-4.038510399999994860e+01 3.183571755717364282e-01 0.000000000000000000e+00 2.472517956912863024e+00
-3.930195399999993100e+01 3.098186665531504347e-01 0.000000000000000000e+00 2.922827950766487159e+00
-3.987866999999992856e+01 3.143649387842936127e-01 0.000000000000000000e+00 2.909888193537492729e+00
-4.080261199999994659e+01 3.216484056168194550e-01 0.000000000000000000e+00 3.760314157015410164e+00
-4.050343999999992661e+01 3.192900223641688129e-01 0.000000000000000000e+00 3.633139221003225838e+00
-4.018758399999994424e+01 3.168001185608412262e-01 0.000000000000000000e+00 2.365963810643934018e+00
-4.024234199999993677e+01 3.172317777740985556e-01 0.000000000000000000e+00 2.943678133933461005e+00
-4.006572799999992895e+01 3.158395234863188294e-01 0.000000000000000000e+00 2.746909337326390421e+00
-3.908596199999993104e+01 3.081159941255620094e-01 0.000000000000000000e+00 2.649844100113259771e+00
-3.958556399999994113e+01 3.120543740200398264e-01 0.000000000000000000e+00 2.895184353841964153e+00
-4.112596599999993430e+01 3.241974164142119585e-01 0.000000000000000000e+00 3.210779126321871235e+00
-3.991818199999993766e+01 3.146764132507501865e-01 0.000000000000000000e+00 3.055177631575749508e+00
-3.996823599999994769e+01 3.150709906688514694e-01 0.000000000000000000e+00 2.766475408340643760e+00
-4.132296599999994413e+01 3.257503742470712060e-01 0.000000000000000000e+00 3.495266713778576673e+00
-4.143685799999994401e+01 3.266481888333656047e-01 0.000000000000000000e+00 3.157689634033853388e+00
-4.201048799999991701e+01 3.311701340194720400e-01 0.000000000000000000e+00 2.429867000196188176e+00
-4.405305999999993105e+01 3.472717999411920609e-01 0.000000000000000000e+00 3.599519081457656533e+00
-4.201369399999991572e+01 3.311954070286707297e-01 0.000000000000000000e+00 2.456521349010720723e+00
-4.204706799999991773e+01 3.314584954282334128e-01 0.000000000000000000e+00 2.087000491202334107e+00
-4.162940999999993608e+01 3.281660829279477998e-01 0.000000000000000000e+00 2.674345163518793811e+00
-4.213207199999993691e+01 3.321285849085602315e-01 0.000000000000000000e+00 2.527476894001828178e+00
-4.105396999999992147e+01 3.236298694490619687e-01 0.000000000000000000e+00 2.611271829506793374e+00
-4.256702199999993042e+01 3.355573108446114339e-01 0.000000000000000000e+00 2.963975074241216756e+00
-4.216319599999992107e+01 3.323739364800825102e-01 0.000000000000000000e+00 2.679865087887217001e+00
-4.149142599999991177e+01 3.270783502700326806e-01 0.000000000000000000e+00 2.195591546282014583e+00
-4.248554599999990700e+01 3.349150327106517055e-01 0.000000000000000000e+00 2.767791754129319770e+00
-4.109372399999994485e+01 3.239432516099123305e-01 0.000000000000000000e+00 2.392788336239636049e+00
-4.199883399999991695e+01 3.310782651332581095e-01 0.000000000000000000e+00 3.054602387463709157e+00
-4.212438199999994026e+01 3.320679643718359997e-01 0.000000000000000000e+00 2.849486842349554294e+00
-4.181144799999992046e+01 3.296010947958563642e-01 0.000000000000000000e+00 3.162711341682014510e+00
-4.253304399999991858e+01 3.352894610920992280e-01 0.000000000000000000e+00 3.307580605866933698e+00
-4.216023199999991533e+01 3.323505711652774419e-01 0.000000000000000000e+00 2.573812448602620595e+00
-4.244034599999993418e+01 3.345587195429096106e-01 0.000000000000000000e+00 2.484358323161661275e+00
-4.097134599999992588e+01 3.229785415912845847e-01 0.000000000000000000e+00 2.358146375260780303e+00
-4.291303199999989459e+01 3.382849196758172527e-01 0.000000000000000000e+00 2.473837914914533531e+00
-4.265527799999992453e+01 3.362530359537322933e-01 0.000000000000000000e+00 2.646818628397556772e+00
-4.204822199999993870e+01 3.314675924502595294e-01 0.000000000000000000e+00 2.491369111880518350e+00
-4.270181999999993394e+01 3.366199281540213639e-01 0.000000000000000000e+00 2.873775255617248003e+00
-4.334665799999991975e+01 3.417032084739463627e-01 0.000000000000000000e+00 3.286524059392484709e+00
-4.135213399999992134e+01 3.259803066027504026e-01 0.000000000000000000e+00 2.629763393597809529e+00
-4.155817399999991579e+01 3.276045270691579914e-01 0.000000000000000000e+00 3.546988815815352414e+00
-4.250902199999993059e+01 3.351000948329067031e-01 0.000000000000000000e+00 2.884125491307915290e+00
-4.357570999999989425e+01 3.435088333345149847e-01 0.000000000000000000e+00 2.640200821467329817e+00
-4.307245599999993146e+01 3.395416645973695635e-01 0.000000000000000000e+00 2.855775307996343493e+00
-4.171821599999993424e+01 3.288661437061451975e-01 0.000000000000000000e+00 2.482252532457752459e+00
-4.224150599999995848e+01 3.329912569262310496e-01 0.000000000000000000e+00 2.317106373524154606e+00
-4.346736399999992528e+01 3.426547380585814317e-01 0.000000000000000000e+00 3.510459967315573859e+00
-4.180549199999992993e+01 3.295541434412752047e-01 0.000000000000000000e+00 2.496542720218251965e+00
-4.353974799999993195e+01 3.432253436411889513e-01 0.000000000000000000e+00 2.709713663671286632e+00
-4.224496799999991481e+01 3.330185479923086778e-01 0.000000000000000000e+00 2.890339177499045675e+00
-4.272345199999992360e+01 3.367904539603178149e-01 0.000000000000000000e+00 2.849113498577010795e+00
-4.236711999999993594e+01 3.339814764450977358e-01 0.000000000000000000e+00 2.629847074326457257e+00
-4.443387399999991771e+01 3.502737699115596182e-01 0.000000000000000000e+00 3.583796239321334731e+00
-4.451644799999994717e+01 3.509247036176030288e-01 0.000000000000000000e+00 2.641091283269400236e+00
-4.370821199999992501e+01 3.445533511962893813e-01 0.000000000000000000e+00 3.114348491729104662e+00
-4.324128199999992006e+01 3.408725258110257283e-01 0.000000000000000000e+00 2.253100400744347809e+00
-4.480343999999991667e+01 3.531870715077952694e-01 0.000000000000000000e+00 3.061847727676008990e+00
-4.369903599999994270e+01 3.444810164700239374e-01 0.000000000000000000e+00 3.125432263518507447e+00
-4.349550599999989942e+01 3.428765824206742030e-01 0.000000000000000000e+00 2.946876736849687983e+00
-4.335175799999991852e+01 3.417434119508376278e-01 0.000000000000000000e+00 2.286736460158488971e+00
-4.376594199999993862e+01 3.450084387886293569e-01 0.000000000000000000e+00 2.626261717945770791e+00
-4.386529199999993267e+01 3.457916182845408026e-01 0.000000000000000000e+00 2.926242908497398876e+00
-4.368233199999992422e+01 3.443493382586528262e-01 0.000000000000000000e+00 2.622980567667171137e+00
-4.366386399999992562e+01 3.442037543740982808e-01 0.000000000000000000e+00 2.831035717443067590e+00
-4.400284199999990875e+01 3.468759297054024304e-01 0.000000000000000000e+00 3.517689174029859700e+00
-4.382580199999993198e+01 3.454803172448473458e-01 0.000000000000000000e+00 2.578656197605741607e+00
-4.439660999999993152e+01 3.499800165070741098e-01 0.000000000000000000e+00 3.090342013091558204e+00
-4.327780199999993016e+01 3.411604142377060445e-01 0.000000000000000000e+00 2.547860098040683141e+00
-4.355178799999991668e+01 3.433202553787910172e-01 0.000000000000000000e+00 2.708131450985003852e+00
-4.349448599999993803e+01 3.428685417252962386e-01 0.000000000000000000e+00 3.017653364735751964e+00
-4.385012399999991572e+01 3.456720484144451544e-01 0.000000000000000000e+00 3.119400377536967195e+00
-4.387938399999990935e+01 3.459027060093154970e-01 0.000000000000000000e+00 2.889330705929360921e+00
-4.415392999999991019e+01 3.480669616498238694e-01 0.000000000000000000e+00 3.168408697157332643e+00
-4.372297999999990736e+01 3.446697678525108555e-01 0.000000000000000000e+00 2.522182278115601139e+00
-4.307958799999992294e+01 3.395978864007397902e-01 0.000000000000000000e+00 2.850977932423832684e+00
-4.416029199999991306e+01 3.481171135164871089e-01 0.000000000000000000e+00 2.850745757742854991e+00
-4.427635199999990334e+01 3.490320185219775717e-01 0.000000000000000000e+00 2.906942221386727976e+00
-4.381602799999991760e+01 3.454032684638402850e-01 0.000000000000000000e+00 3.140448220537118029e+00
-4.319262399999992397e+01 3.404889531093441835e-01 0.000000000000000000e+00 2.468289978508205973e+00
-4.349465599999994225e+01 3.428698818411926585e-01 0.000000000000000000e+00 3.065014339258892662e+00
-4.360165199999995878e+01 3.437133350203024351e-01 0.000000000000000000e+00 2.990214468727261377e+00
-4.340945999999993177e+01 3.421982788182064694e-01 0.000000000000000000e+00 2.671630534245922117e+00
-4.435954199999991943e+01 3.496878081773865943e-01 0.000000000000000000e+00 2.760575424907281583e+00
-4.412562599999991164e+01 3.478438402361119786e-01 0.000000000000000000e+00 2.869512566027528688e+00
-4.405132799999992699e+01 3.472581465251183275e-01 0.000000000000000000e+00 2.947910403503958499e+00
-4.354362999999992212e+01 3.432559455818343652e-01 0.000000000000000000e+00 2.323552236524623282e+00
-4.345116799999992452e+01 3.425270644288301858e-01 0.000000000000000000e+00 2.656979556073003401e+00
-4.375224399999992642e+01 3.449004569795200981e-01 0.000000000000000000e+00 2.636748143870790262e+00
-4.338514599999990651e+01 3.420066107128857391e-01 0.000000000000000000e+00 2.511358934936391396e+00
-4.411386599999989500e+01 3.477511357482213628e-01 0.000000000000000000e+00 2.977722757180443214e+00
-4.387591999999991543e+01 3.458753991771681968e-01 0.000000000000000000e+00 2.093466689923243695e+00
-4.435255599999992171e+01 3.496327372970802205e-01 0.000000000000000000e+00 3.384019807483162445e+00
-4.326961999999993935e+01 3.410959152479170475e-01 0.000000000000000000e+00 3.138117019404271346e+00
-4.420374599999991716e+01 3.484596629056702088e-01 0.000000000000000000e+00 2.917376845675033525e+00
-4.338542599999992433e+01 3.420088179625975777e-01 0.000000000000000000e+00 2.472377039935454768e+00
-4.391423199999994154e+01 3.461774140020034141e-01 0.000000000000000000e+00 2.660914883180465207e+00
-4.304849399999992698e+01 3.393527713202579843e-01 0.000000000000000000e+00 2.446816842960244376e+00
-4.355306999999992712e+01 3.433303614292567141e-01 0.000000000000000000e+00 2.938346805637827241e+00
-4.432371599999992640e+01 3.494053905767774415e-01 0.000000000000000000e+00 2.571148178165708842e+00
-4.421984199999992171e+01 3.485865482319529529e-01 0.000000000000000000e+00 2.839810514847491696e+00
-4.371871199999992541e+01 3.446361230604773063e-01 0.000000000000000000e+00 2.431278756160546450e+00
-4.392893799999990989e+01 3.462933419100743815e-01 0.000000000000000000e+00 2.580255220121771664e+00
-4.385722399999993115e+01 3.457280179607056803e-01 0.000000000000000000e+00 2.813572728257785815e+00
-4.449111999999993117e+01 3.507250421151122954e-01 0.000000000000000000e+00 3.230055430177662057e+00
-4.438971999999993301e+01 3.499257023980974490e-01 0.000000000000000000e+00 2.903192928936389805e+00
-4.283834599999993031e+01 3.376961673473661829e-01 0.000000000000000000e+00 2.261837819093761581e+00
-4.401774799999991927e+01 3.469934342204106237e-01 0.000000000000000000e+00 2.859524872749797275e+00
-4.322986999999994140e+01 3.407825646192056412e-01 0.000000000000000000e+00 2.184434730547058390e+00
-4.389845599999993908e+01 3.460530512468197317e-01 0.000000000000000000e+00 2.613226391067895005e+00
-4.340362399999990828e+01 3.421522734277871458e-01 0.000000000000000000e+00 2.650154679957570369e+00
-4.412708399999994668e+01 3.478553337006823343e-01 0.000000000000000000e+00 2.449898740217065995e+00
-4.358136799999991240e+01 3.435534355447603660e-01 0.000000000000000000e+00 2.512014252713217211e+00
-4.369319999999991921e+01 3.444350110796046138e-01 0.000000000000000000e+00 2.822431773696525870e+00
-4.387280799999994230e+01 3.458508671732300477e-01 0.000000000000000000e+00 2.862817184991529817e+00
-4.431559399999991911e+01 3.493413645690693348e-01 0.000000000000000000e+00 2.668654137315304986e+00
-4.352407399999993487e+01 3.431017849555431098e-01 0.000000000000000000e+00 2.928772235700498605e+00
-4.429922399999991001e+01 3.492123192912829355e-01 0.000000000000000000e+00 3.570589806104670139e+00
-4.356058599999990832e+01 3.433896103179457371e-01 0.000000000000000000e+00 2.081269641495330003e+00
-4.357233799999991675e+01 3.434822517415587750e-01 0.000000000000000000e+00 2.992213922927573932e+00
-4.427399199999992163e+01 3.490134145601221372e-01 0.000000000000000000e+00 2.670646102043396475e+00
-4.268854199999993426e+01 3.365152572194797242e-01 0.000000000000000000e+00 2.562799245347859856e+00
-4.327228599999991587e+01 3.411169314183858936e-01 0.000000000000000000e+00 2.166592291731395115e+00
-4.398170799999991942e+01 3.467093296503789279e-01 0.000000000000000000e+00 2.947515191132279444e+00
-4.366084999999991823e+01 3.441799949075589615e-01 0.000000000000000000e+00 2.635413097149336803e+00
-4.365253599999991962e+01 3.441144553571914844e-01 0.000000000000000000e+00 2.741584011704978341e+00
-4.334107199999991167e+01 3.416591738421982938e-01 0.000000000000000000e+00 2.773847885252760381e+00
-4.419274599999990727e+01 3.483729495241398855e-01 0.000000000000000000e+00 2.964817486723221318e+00
-4.392956999999993428e+01 3.462983239879952047e-01 0.000000000000000000e+00 2.894777194876972715e+00
-4.375842399999992693e+01 3.449491741338707174e-01 0.000000000000000000e+00 2.566246441597950234e+00
-4.367520199999992769e+01 3.442931322213518830e-01 0.000000000000000000e+00 2.433536778958026670e+00
-4.390938999999993086e+01 3.461392443480607040e-01 0.000000000000000000e+00 2.394606113727054453e+00
-4.321814799999992829e+01 3.406901596866330761e-01 0.000000000000000000e+00 2.239306256770636772e+00
-4.420718399999993409e+01 3.484867647789158251e-01 0.000000000000000000e+00 2.980161823167772894e+00
-4.331065999999990623e+01 3.414194349913712845e-01 0.000000000000000000e+00 2.718248682032925689e+00
-4.376564399999993071e+01 3.450060896442933012e-01 0.000000000000000000e+00 3.427050888974398024e+00
-4.385496799999990714e+01 3.457102338344571479e-01 0.000000000000000000e+00 2.931887178120653026e+00
-4.471994399999991288e+01 3.525288696437728908e-01 0.000000000000000000e+00 3.025600159257829880e+00
-4.348697599999992747e+01 3.428093401348151215e-01 0.000000000000000000e+00 2.549411995867028491e+00
-4.354651999999991574e+01 3.432787275520727266e-01 0.000000000000000000e+00 2.615419152378115175e+00
-4.447497399999994627e+01 3.505977626370954114e-01 0.000000000000000000e+00 2.955526047986596350e+00
-4.302922999999993436e+01 3.392009125400946012e-01 0.000000000000000000e+00 3.030828713604932112e+00
-4.383188199999992918e+01 3.455282460957294632e-01 0.000000000000000000e+00 2.654430840033548566e+00
-4.378588399999993186e+01 3.451656422663089141e-01 0.000000000000000000e+00 2.945338926381234845e+00
-4.390121399999991070e+01 3.460747926564795018e-01 0.000000000000000000e+00 2.693612926120159567e+00
-4.414040999999991755e+01 3.479603830208886084e-01 0.000000000000000000e+00 2.794755843386217631e+00
-4.370053199999991733e+01 3.444928094899118443e-01 0.000000000000000000e+00 2.632435838422297003e+00
-4.363763199999993248e+01 3.439969666082528521e-01 0.000000000000000000e+00 3.318347203565368719e+00
-4.326928199999994007e+01 3.410932507821936577e-01 0.000000000000000000e+00 2.937119256163299497e+00
-4.451036199999992249e+01 3.508767274685126170e-01 0.000000000000000000e+00 2.973768847937857895e+00
-4.432095399999987961e+01 3.493836176349783273e-01 0.000000000000000000e+00 3.428916816198386286e+00
-4.397202199999993866e+01 3.466329745764243908e-01 0.000000000000000000e+00 2.552817312663469451e+00
-4.333805999999992764e+01 3.416354301417285355e-01 0.000000000000000000e+00 2.204921269443524512e+00
-4.370365999999991402e+01 3.445174676224051491e-01 0.000000000000000000e+00 2.332254487734035653e+00
-4.312199199999993482e+01 3.399321586035041198e-01 0.000000000000000000e+00 2.941049987508927543e+00
-4.310907599999993067e+01 3.398303413275182705e-01 0.000000000000000000e+00 2.382279664400924091e+00
-4.399399999999991451e+01 3.468062279127215319e-01 0.000000000000000000e+00 2.815661070986112513e+00
-4.402526799999992591e+01 3.470527146412386021e-01 0.000000000000000000e+00 2.704728709070971959e+00
-4.297617199999994142e+01 3.387826544858010269e-01 0.000000000000000000e+00 2.650661042387789657e+00
-4.500136199999992925e+01 3.547472974986337069e-01 0.000000000000000000e+00 3.263951203796348732e+00
-4.351123199999992863e+01 3.430005510241239119e-01 0.000000000000000000e+00 2.246363152274124975e+00
-4.309389599999992981e+01 3.397106768610065886e-01 0.000000000000000000e+00 3.835676149312933436e+00
-4.420415199999992240e+01 3.484628634177521778e-01 0.000000000000000000e+00 3.041934173989444101e+00
-4.330274399999993307e+01 3.413570328888084759e-01 0.000000000000000000e+00 2.225889469803434384e+00
-4.323467799999989580e+01 3.408204662499686455e-01 0.000000000000000000e+00 3.186384100049218571e+00
-4.344885799999991605e+01 3.425088546187087801e-01 0.000000000000000000e+00 2.570979098060236279e+00
-4.309659399999992502e+01 3.397319452885855240e-01 0.000000000000000000e+00 2.084511844403523106e+00
-4.372783199999992121e+01 3.447080163368004824e-01 0.000000000000000000e+00 2.781789241988767980e+00
-4.378876599999993147e+01 3.451883611722698086e-01 0.000000000000000000e+00 2.894040233300780862e+00
-4.390379999999993288e+01 3.460951781841739572e-01 0.000000000000000000e+00 3.208350142167695651e+00
-4.351846799999990623e+01 3.430575926631012629e-01 0.000000000000000000e+00 3.242035548969789183e+00
-4.412183999999992778e+01 3.478139950667963332e-01 0.000000000000000000e+00 3.115309588000991337e+00
-4.353036199999992562e+01 3.431513534776395868e-01 0.000000000000000000e+00 2.755733522719202799e+00
-4.350694799999990892e+01 3.429667801035350960e-01 0.000000000000000000e+00 3.207029119958000329e+00
-4.368056599999993495e+01 3.443354168193999421e-01 0.000000000000000000e+00 3.220417782051505196e+00
-4.342931599999991477e+01 3.423548043549030084e-01 0.000000000000000000e+00 3.027021327462549483e+00
-4.396467599999993325e+01 3.465750658036315102e-01 0.000000000000000000e+00 3.213488643081870766e+00
-4.356849199999992095e+01 3.434519335901620174e-01 0.000000000000000000e+00 2.799115407730438321e+00
-4.383582199999992923e+01 3.455593052523866504e-01 0.000000000000000000e+00 2.467239786309281868e+00
-4.363629799999993253e+01 3.439864506399836763e-01 0.000000000000000000e+00 2.821556812265958669e+00
-4.402916799999992747e+01 3.470834584765083997e-01 0.000000000000000000e+00 2.494181694307409103e+00
-4.447684599999992372e+01 3.506125196780247588e-01 0.000000000000000000e+00 3.120834660934944438e+00
-4.393712999999992519e+01 3.463579197302104618e-01 0.000000000000000000e+00 3.382582351211463223e+00
-4.418038199999992344e+01 3.482754836833000800e-01 0.000000000000000000e+00 2.932115547779677200e+00
-4.307261199999992840e+01 3.395428943507803332e-01 0.000000000000000000e+00 2.769881823292477563e+00
-4.405106199999990935e+01 3.472560496378920836e-01 0.000000000000000000e+00 2.856655255547378758e+00
-4.314964399999991684e+01 3.401501402786015760e-01 0.000000000000000000e+00 2.844393228874778412e+00
-4.343676399999989002e+01 3.424135171972334524e-01 0.000000000000000000e+00 2.498714059069972127e+00
-4.438523199999990254e+01 3.498903233384328959e-01 0.000000000000000000e+00 2.547791401356131136e+00
-4.368056799999992279e+01 3.443354325854692255e-01 0.000000000000000000e+00 3.151440262331886455e+00
-4.371451799999990584e+01 3.446030616130100754e-01 0.000000000000000000e+00 2.724271380168290069e+00
-4.422979399999993433e+01 3.486650001931338450e-01 0.000000000000000000e+00 2.934404769949611858e+00
-4.343965199999992421e+01 3.424362834014027523e-01 0.000000000000000000e+00 2.521961548761261440e+00
-4.423044199999993253e+01 3.486701083996094352e-01 0.000000000000000000e+00 2.878662743733202856e+00
-4.347536399999992796e+01 3.427178023360579195e-01 0.000000000000000000e+00 2.583504470402537390e+00
-4.363218199999994340e+01 3.439540040692220524e-01 0.000000000000000000e+00 2.770427136537729318e+00
-4.320103199999991972e+01 3.405552336649719791e-01 0.000000000000000000e+00 2.761303531323017868e+00
-4.425508799999991538e+01 3.488643936724450945e-01 0.000000000000000000e+00 2.901882966657645557e+00
-4.493081199999991782e+01 3.541911494016375950e-01 0.000000000000000000e+00 3.484654492250214730e+00
-4.438351999999994746e+01 3.498768275830532737e-01 0.000000000000000000e+00 2.874755226259982699e+00
-4.342744999999994349e+01 3.423400946121818444e-01 0.000000000000000000e+00 3.038165330267661002e+00
-4.346448599999992979e+01 3.426320506847592706e-01 0.000000000000000000e+00 2.648992474032115130e+00
-4.368419199999991065e+01 3.443640007031660288e-01 0.000000000000000000e+00 2.651184157219356408e+00
-4.401552399999990683e+01 3.469759023512720142e-01 0.000000000000000000e+00 2.349990495279294933e+00
-4.362012199999990969e+01 3.438589346709259864e-01 0.000000000000000000e+00 2.340320511572046680e+00
-4.422593999999991610e+01 3.486346189774593984e-01 0.000000000000000000e+00 2.973777811322007025e+00
-4.406482399999993049e+01 3.473645359612212435e-01 0.000000000000000000e+00 2.860911953464976509e+00
-4.421740999999992283e+01 3.485673766916000949e-01 0.000000000000000000e+00 3.227020061836454179e+00
-4.470011399999991397e+01 3.523725490659779802e-01 0.000000000000000000e+00 2.697861651738877597e+00
-4.386174399999993057e+01 3.457636492774799342e-01 0.000000000000000000e+00 3.132341232050562141e+00
-4.393174799999992786e+01 3.463154932375381301e-01 0.000000000000000000e+00 2.465716073854538948e+00
-4.413593199999993999e+01 3.479250827915713051e-01 0.000000000000000000e+00 2.907579323179647179e+00
-4.366278799999994931e+01 3.441952722287778821e-01 0.000000000000000000e+00 2.823881466639901916e+00
-4.343672199999991079e+01 3.424131861097768903e-01 0.000000000000000000e+00 2.563804973262445497e+00
-4.453637399999992397e+01 3.510817809667274858e-01 0.000000000000000000e+00 3.686192584417990137e+00
-4.444632199999992395e+01 3.503718979273131029e-01 0.000000000000000000e+00 2.901785004238639054e+00
-4.407196599999992515e+01 3.474208365949383870e-01 0.000000000000000000e+00 2.884535850281565228e+00
-4.425468599999992136e+01 3.488612246925019145e-01 0.000000000000000000e+00 3.381577651441900034e+00
-4.343517999999993151e+01 3.424010304702934659e-01 0.000000000000000000e+00 2.645780754714986749e+00
-4.332693199999993539e+01 3.415477077317587429e-01 0.000000000000000000e+00 2.781413585338042616e+00
-4.329929399999993223e+01 3.413298364191467149e-01 0.000000000000000000e+00 2.402725033672889143e+00
-4.319116599999991024e+01 3.404774596447739943e-01 0.000000000000000000e+00 2.482324931897351483e+00
-4.477144599999993346e+01 3.529348616960974461e-01 0.000000000000000000e+00 3.635016024680058688e+00
-4.386146799999990975e+01 3.457614735599068290e-01 0.000000000000000000e+00 2.717342993220406733e+00
-4.300859399999991695e+01 3.390382382363437697e-01 0.000000000000000000e+00 3.248378845579451113e+00
-4.367287199999992708e+01 3.442747647505368658e-01 0.000000000000000000e+00 3.210812663173602033e+00
-4.427080599999990795e+01 3.489882992116170035e-01 0.000000000000000000e+00 2.987873492711577761e+00
-4.387024999999992758e+01 3.458307023705067818e-01 0.000000000000000000e+00 2.740730192518376906e+00
-4.386966199999993421e+01 3.458260671461123592e-01 0.000000000000000000e+00 3.351050817214134447e+00
-4.331905999999993639e+01 3.414856524827218909e-01 0.000000000000000000e+00 3.357212439997316000e+00
-4.402693799999992308e+01 3.470658793091617733e-01 0.000000000000000000e+00 2.548189394939238905e+00
-4.364160599999992485e+01 3.440282937880892455e-01 0.000000000000000000e+00 2.754472114115222858e+00
-4.401140999999991976e+01 3.469434715465798402e-01 0.000000000000000000e+00 2.763745214378488413e+00
-4.400132599999989935e+01 3.468639790248205235e-01 0.000000000000000000e+00 3.457184990174358319e+00
-4.439032999999990636e+01 3.499305110492548221e-01 0.000000000000000000e+00 3.029535077892615114e+00
-4.421777399999990621e+01 3.485702461162251686e-01 0.000000000000000000e+00 3.152812829186475430e+00
-4.400799999999991030e+01 3.469165903983054133e-01 0.000000000000000000e+00 3.339471096633794822e+00
-4.365412799999994320e+01 3.441270051484095482e-01 0.000000000000000000e+00 2.638729341289443031e+00
-4.400564399999991849e+01 3.468980179685886567e-01 0.000000000000000000e+00 2.487680238973203561e+00
-4.398052599999993362e+01 3.467000119033818439e-01 0.000000000000000000e+00 2.624008037936536919e+00
-4.361089999999992273e+01 3.437862373250650250e-01 0.000000000000000000e+00 2.631937450670593481e+00
-4.387493399999993215e+01 3.458676265049693277e-01 0.000000000000000000e+00 2.958934143761086322e+00
-4.423494799999993177e+01 3.487056293538980944e-01 0.000000000000000000e+00 2.821499362434480851e+00
-4.346603999999990720e+01 3.426443009206588952e-01 0.000000000000000000e+00 2.447046540817990223e+00
-4.338469599999991289e+01 3.420030633472777581e-01 0.000000000000000000e+00 2.206455946906803689e+00
-4.404507799999991136e+01 3.472088775583396791e-01 0.000000000000000000e+00 2.849915446967619115e+00
-4.363762999999992331e+01 3.439969508421834021e-01 0.000000000000000000e+00 2.891745627967419630e+00
-4.330796199999991813e+01 3.413981665637924601e-01 0.000000000000000000e+00 2.846943886252539357e+00
-4.406315999999991107e+01 3.473514185915059782e-01 0.000000000000000000e+00 3.271625848863144892e+00
-4.361372399999990535e+01 3.438084990150140907e-01 0.000000000000000000e+00 2.805366120225502691e+00
-4.288255399999994921e+01 3.380446605447015584e-01 0.000000000000000000e+00 2.316026342177611497e+00
-4.394846199999992109e+01 3.464472502792558806e-01 0.000000000000000000e+00 3.101366352998483844e+00
-4.379652399999992696e+01 3.452495177553526196e-01 0.000000000000000000e+00 3.124969951374562793e+00
-4.301758799999994665e+01 3.391091382502969820e-01 0.000000000000000000e+00 2.517567704697002640e+00
-4.406240999999992880e+01 3.473455063154927136e-01 0.000000000000000000e+00 2.347478257964524584e+00
-4.306108399999990155e+01 3.394520187269364220e-01 0.000000000000000000e+00 2.688509284618297190e+00
-4.415567999999993276e+01 3.480807569605220420e-01 0.000000000000000000e+00 2.915792366345100639e+00
-4.361566599999989080e+01 3.438238078683714116e-01 0.000000000000000000e+00 2.784600685379168716e+00
-4.392479399999992751e+01 3.462606746143416792e-01 0.000000000000000000e+00 3.354335894283817066e+00
-4.396788599999992897e+01 3.466003703449689333e-01 0.000000000000000000e+00 2.700317534228262151e+00
-4.404424399999992801e+01 3.472023031074129018e-01 0.000000000000000000e+00 3.137713257280393186e+00
-4.320139199999991320e+01 3.405580715574583750e-01 0.000000000000000000e+00 2.777213124214468198e+00
-4.495670399999990963e+01 3.543952569356902949e-01 0.000000000000000000e+00 3.566916037612573032e+00
-4.360520399999992947e+01 3.437413355595018150e-01 0.000000000000000000e+00 2.373633781200580106e+00
-4.408917199999992675e+01 3.475564720897210136e-01 0.000000000000000000e+00 2.860959685355296767e+00
-4.363460799999991480e+01 3.439731283113666160e-01 0.000000000000000000e+00 2.467830812173133381e+00
-4.389561799999990654e+01 3.460306791943846827e-01 0.000000000000000000e+00 3.164507111041835241e+00
-4.370640199999993314e+01 3.445390829035103741e-01 0.000000000000000000e+00 2.881242539830564997e+00
-4.412651599999990992e+01 3.478508561369812457e-01 0.000000000000000000e+00 3.128980924841863409e+00
-4.350394199999991685e+01 3.429430837012733546e-01 0.000000000000000000e+00 2.748358177338873887e+00
-4.360117199999990589e+01 3.437095511636534262e-01 0.000000000000000000e+00 2.682841309834320231e+00
-4.316479599999994576e+01 3.402695840201423461e-01 0.000000000000000000e+00 3.230584932429482858e+00
-4.380284199999994854e+01 3.452993227684898470e-01 0.000000000000000000e+00 2.825999489201238113e+00
-4.273725199999991986e+01 3.368992398389647480e-01 0.000000000000000000e+00 2.890721282068200448e+00
-4.394454599999991729e+01 3.464163803154310939e-01 0.000000000000000000e+00 3.162969389908632856e+00
-4.394601799999990988e+01 3.464279841424867112e-01 0.000000000000000000e+00 2.644784854413940955e+00
-4.376662399999991493e+01 3.450138150182840424e-01 0.000000000000000000e+00 2.676917099387640775e+00
-4.253539799999991544e+01 3.353080177557466457e-01 0.000000000000000000e+00 2.450808371359798787e+00
-4.403866399999992609e+01 3.471583157738730163e-01 0.000000000000000000e+00 2.334383609059671461e+00
-4.424481799999990983e+01 3.487834349062345352e-01 0.000000000000000000e+00 2.977154935161344884e+00
-4.359098199999992573e+01 3.436292230402178682e-01 0.000000000000000000e+00 2.870408849644449756e+00
-4.353739999999994126e+01 3.432068342757496615e-01 0.000000000000000000e+00 2.848101078886693394e+00
-4.388113199999992986e+01 3.459164855539442751e-01 0.000000000000000000e+00 2.596639820255664866e+00
-4.460933399999991877e+01 3.516569271773132832e-01 0.000000000000000000e+00 3.003822642016487077e+00
-4.396420999999991608e+01 3.465713923094683735e-01 0.000000000000000000e+00 2.280304105605302389e+00
-4.280734799999992646e+01 3.374518090382140345e-01 0.000000000000000000e+00 3.093101587990980672e+00
-4.385197799999991020e+01 3.456866635607502847e-01 0.000000000000000000e+00 3.054893786762479468e+00
-4.340863199999990485e+01 3.421917516654874314e-01 0.000000000000000000e+00 2.645865454059570965e+00
-4.308730599999992705e+01 3.396587276624352669e-01 0.000000000000000000e+00 2.848273887558831152e+00
-4.348531199999992936e+01 3.427962227651000227e-01 0.000000000000000000e+00 3.020947652617394397e+00
-4.389102399999989501e+01 3.459944645330436663e-01 0.000000000000000000e+00 2.765229732400824592e+00
-4.363094399999992135e+01 3.439442448722824230e-01 0.000000000000000000e+00 2.666023638165378795e+00
-4.397603599999992241e+01 3.466646170776480629e-01 0.000000000000000000e+00 2.988870061672068257e+00
-4.438490799999994607e+01 3.498877692351954338e-01 0.000000000000000000e+00 3.067947326522929341e+00
-4.371314799999992573e+01 3.445922618554923544e-01 0.000000000000000000e+00 2.623023014893810956e+00
-4.370871199999993451e+01 3.445572927136317243e-01 0.000000000000000000e+00 2.857562554730512794e+00
-4.290168999999990973e+01 3.381955102964250837e-01 0.000000000000000000e+00 2.403175266583606806e+00
-4.268097399999992092e+01 3.364555984129868338e-01 0.000000000000000000e+00 2.521329227382357985e+00
-4.368578599999991496e+01 3.443765662604532096e-01 0.000000000000000000e+00 2.703664239248264156e+00
-4.268101399999991941e+01 3.364559137343742234e-01 0.000000000000000000e+00 2.805561360166731966e+00
-4.293309999999991078e+01 3.384431164158672178e-01 0.000000000000000000e+00 2.350984180587725181e+00
-4.280989799999994005e+01 3.374719107766597781e-01 0.000000000000000000e+00 2.591187737565360472e+00
-4.344614799999993693e+01 3.424874915947138110e-01 0.000000000000000000e+00 2.390225271851583955e+00
-4.310643399999992909e+01 3.398095143498816584e-01 0.000000000000000000e+00 2.709702083897561398e+00
-4.318960799999991451e+01 3.404651778767354697e-01 0.000000000000000000e+00 2.686465655826508314e+00
-4.404557199999992179e+01 3.472127717774739497e-01 0.000000000000000000e+00 3.192064300195380788e+00
-4.419535399999993786e+01 3.483935084785974579e-01 0.000000000000000000e+00 3.426636935710546616e+00
-4.347558599999991458e+01 3.427195523697578183e-01 0.000000000000000000e+00 2.623961996561303245e+00
-4.398143999999991394e+01 3.467072169970834006e-01 0.000000000000000000e+00 2.698435470169087580e+00
-4.337404799999993799e+01 3.419191247939566969e-01 0.000000000000000000e+00 2.470959232807772743e+00
-4.364615199999993678e+01 3.440641300637654054e-01 0.000000000000000000e+00 2.549251595085596733e+00
-4.344919799999991028e+01 3.425115348505015089e-01 0.000000000000000000e+00 3.122692693198864777e+00
-4.370138999999991825e+01 3.444995731336711886e-01 0.000000000000000000e+00 2.548462315442846737e+00
-4.327426599999992618e+01 3.411325398270614317e-01 0.000000000000000000e+00 3.471694994639078047e+00
-4.261484999999990464e+01 3.359343406275046018e-01 0.000000000000000000e+00 2.375992157143638650e+00
-4.337063599999989805e+01 3.418922278796126535e-01 0.000000000000000000e+00 2.900809535198577649e+00
-4.356349999999991240e+01 3.434125814810166100e-01 0.000000000000000000e+00 2.814482819599043673e+00
-4.304456399999991589e+01 3.393217909939475474e-01 0.000000000000000000e+00 2.654731786468238486e+00
-4.428456199999993004e+01 3.490967382367380356e-01 0.000000000000000000e+00 3.041180585710925754e+00
-4.323608999999995461e+01 3.408315970949437057e-01 0.000000000000000000e+00 2.292812899611798017e+00
-4.361204599999992126e+01 3.437952712828135082e-01 0.000000000000000000e+00 3.220927203082924795e+00
-4.404574999999991292e+01 3.472141749576477254e-01 0.000000000000000000e+00 2.695216427714520080e+00
-4.411071199999992842e+01 3.477262726568265405e-01 0.000000000000000000e+00 2.584917481334575662e+00
-4.410823799999992900e+01 3.477067700290168983e-01 0.000000000000000000e+00 2.742530903623383587e+00
-4.397310799999991104e+01 3.466415355520915953e-01 0.000000000000000000e+00 2.817775371956400488e+00
-4.394812199999993396e+01 3.464445700474632628e-01 0.000000000000000000e+00 3.023799337430719714e+00
-4.336016799999993054e+01 3.418097082725348734e-01 0.000000000000000000e+00 1.989601695120981395e+00
-4.343037199999993447e+01 3.423631288395300731e-01 0.000000000000000000e+00 2.834649787788626085e+00
-4.342978199999994615e+01 3.423584778490662561e-01 0.000000000000000000e+00 2.426121722377905243e+00
-4.382758799999992050e+01 3.454943963447938415e-01 0.000000000000000000e+00 3.560061783860647200e+00
-4.346042799999991502e+01 3.426000613300091979e-01 0.000000000000000000e+00 2.729672847903539257e+00
-4.436615799999992049e+01 3.497399623348596553e-01 0.000000000000000000e+00 3.073272936012725776e+00
-4.380537199999992737e+01 3.453192668462416459e-01 0.000000000000000000e+00 2.771956078407848079e+00
-4.483650199999993191e+01 3.534477004005364686e-01 0.000000000000000000e+00 3.152885228907424953e+00
-4.337672199999991562e+01 3.419402040287030653e-01 0.000000000000000000e+00 3.120354084659708427e+00
-4.490513199999991656e+01 3.539887130709379881e-01 0.000000000000000000e+00 2.739044451196862351e+00
-4.343587199999993231e+01 3.424064855302951793e-01 0.000000000000000000e+00 2.492568902103476258e+00
-4.365831199999993828e+01 3.441599877655296957e-01 0.000000000000000000e+00 2.339040996409606610e+00
-4.398229799999992196e+01 3.467139806408428004e-01 0.000000000000000000e+00 2.777837966854252549e+00
-4.431135799999990610e+01 3.493079720341454308e-01 0.000000000000000000e+00 2.686687872432289570e+00
-4.371662999999995236e+01 3.446197105822642048e-01 0.000000000000000000e+00 2.819350223352748763e+00
-4.396639599999993919e+01 3.465886246232890433e-01 0.000000000000000000e+00 3.073662458480225457e+00
-4.452542799999989143e+01 3.509954932690699803e-01 0.000000000000000000e+00 2.982070259999203721e+00
-4.367341199999992796e+01 3.442790215892665429e-01 0.000000000000000000e+00 2.349714298957051639e+00
-4.438451199999990848e+01 3.498846475534600486e-01 0.000000000000000000e+00 3.248881965121061199e+00
-4.370562599999991704e+01 3.445329656685949815e-01 0.000000000000000000e+00 3.232784596692161561e+00
-4.398873999999993600e+01 3.467647631502808747e-01 0.000000000000000000e+00 3.018515856201755554e+00
-4.402919399999989736e+01 3.470836634354099726e-01 0.000000000000000000e+00 3.214832759613922786e+00
-4.396442599999990364e+01 3.465730950449601444e-01 0.000000000000000000e+00 2.875172554667832170e+00
-4.438144199999992168e+01 3.498604466369785726e-01 0.000000000000000000e+00 3.299349639776133714e+00
-4.387061199999991601e+01 3.458335560290625166e-01 0.000000000000000000e+00 3.593028021472538747e+00
-4.274843999999992405e+01 3.369874352310157084e-01 0.000000000000000000e+00 2.709397247590783930e+00
-4.397836399999990675e+01 3.466829687823936301e-01 0.000000000000000000e+00 3.025147729776801686e+00
-4.450313799999991460e+01 3.508197804259512442e-01 0.000000000000000000e+00 3.105437881672285627e+00
-4.333249399999992590e+01 3.415915531706742447e-01 0.000000000000000000e+00 2.635163022109817899e+00
-4.367116999999993254e+01 3.442613478255037718e-01 0.000000000000000000e+00 2.339870751740036336e+00
-4.392817399999992034e+01 3.462873192715754667e-01 0.000000000000000000e+00 2.579925124221611910e+00
-4.544804199999990857e+01 3.582684914315347191e-01 0.000000000000000000e+00 3.657168616723527332e+00
-4.439156999999992337e+01 3.499402860122638459e-01 0.000000000000000000e+00 3.108704629428518551e+00
-4.429588199999992071e+01 3.491859741893672542e-01 0.000000000000000000e+00 2.520991716371983937e+00
-4.516116599999992332e+01 3.560070379733658030e-01 0.000000000000000000e+00 3.348141036221185640e+00
-4.476628599999990854e+01 3.528941852371249022e-01 0.000000000000000000e+00 2.845270070901474213e+00
-4.392901399999991696e+01 3.462939410207104829e-01 0.000000000000000000e+00 2.651922718872616436e+00
-4.502923199999992221e+01 3.549669976752924949e-01 0.000000000000000000e+00 2.804659464839381666e+00
-4.498675399999991953e+01 3.546321421279615138e-01 0.000000000000000000e+00 2.460970107946469643e+00
-4.349128999999990697e+01 3.428433475464441327e-01 0.000000000000000000e+00 2.707281447328759860e+00
-4.505964599999990838e+01 3.552067522921887321e-01 0.000000000000000000e+00 2.795055754468934062e+00
-4.505374399999991653e+01 3.551602266214804460e-01 0.000000000000000000e+00 2.736538531467455293e+00
-4.485147999999989565e+01 3.535657724940415858e-01 0.000000000000000000e+00 2.560994215479052816e+00
-4.375369199999992276e+01 3.449118716137433149e-01 0.000000000000000000e+00 2.968623826449835246e+00
-4.438443999999991263e+01 3.498840799749627917e-01 0.000000000000000000e+00 3.528716952793083284e+00
-4.413835599999990222e+01 3.479441912676464188e-01 0.000000000000000000e+00 2.845838475236313503e+00
-4.370351799999993148e+01 3.445163482314800851e-01 0.000000000000000000e+00 2.390801436498572130e+00
-4.505317799999991735e+01 3.551557648238490295e-01 0.000000000000000000e+00 2.898095053183880498e+00
-4.375457799999990982e+01 3.449188559824737377e-01 0.000000000000000000e+00 2.623107386811190267e+00
-4.413313999999994053e+01 3.479030733587319957e-01 0.000000000000000000e+00 2.900177996766629018e+00
-4.531412199999991941e+01 3.572127954265779670e-01 0.000000000000000000e+00 3.027604062807300433e+00
-4.461572399999992200e+01 3.517072997689476566e-01 0.000000000000000000e+00 3.064984922437909542e+00
-4.408037399999993511e+01 3.474871171505662382e-01 0.000000000000000000e+00 2.318547305142997228e+00
-4.429684999999991390e+01 3.491936049669418507e-01 0.000000000000000000e+00 2.479338134615279632e+00
-4.459892399999991142e+01 3.515748647862468879e-01 0.000000000000000000e+00 2.649843749505226054e+00
-4.342815799999993231e+01 3.423456758007384360e-01 0.000000000000000000e+00 2.321539235693561576e+00
-4.439060599999991297e+01 3.499326867668278163e-01 0.000000000000000000e+00 2.333228398065521070e+00
-4.458330799999994554e+01 3.514517633166129862e-01 0.000000000000000000e+00 2.953024904877072920e+00
-4.514841399999991722e+01 3.559065135150681902e-01 0.000000000000000000e+00 2.628018062797110144e+00
-4.546684199999991449e+01 3.584166924836045820e-01 0.000000000000000000e+00 3.197438300181991711e+00
-4.467416799999990928e+01 3.521680158480522405e-01 0.000000000000000000e+00 3.028753099070188526e+00
-4.493605199999993971e+01 3.542324565033849182e-01 0.000000000000000000e+00 2.753921464241142480e+00
-4.535197399999992030e+01 3.575111840554581200e-01 0.000000000000000000e+00 2.943481508423024806e+00
-4.487324599999991648e+01 3.537373546269859670e-01 0.000000000000000000e+00 3.227466964596167553e+00
-4.447179399999994587e+01 3.505726945867985167e-01 0.000000000000000000e+00 2.996955922730916377e+00
-4.411351999999992302e+01 3.477484082182207281e-01 0.000000000000000000e+00 2.933569014567805944e+00
-4.459935999999993328e+01 3.515783017893695517e-01 0.000000000000000000e+00 2.883831391630505170e+00
-4.513575199999993970e+01 3.558066985298923846e-01 0.000000000000000000e+00 2.771525308608705274e+00
-4.496892999999992213e+01 3.544916349177438808e-01 0.000000000000000000e+00 2.993777729362733453e+00
-4.495768599999991011e+01 3.544029980757505416e-01 0.000000000000000000e+00 2.648479168439993980e+00
-4.544519199999994186e+01 3.582460247826840249e-01 0.000000000000000000e+00 3.337264970960502009e+00
-4.498294999999993848e+01 3.546021550640215958e-01 0.000000000000000000e+00 3.203928848549177033e+00
-4.486176599999992476e+01 3.536468573888072453e-01 0.000000000000000000e+00 3.204493500759220570e+00
-4.446170999999992546e+01 3.504932020650391999e-01 0.000000000000000000e+00 3.185300574609256419e+00
-4.491783999999991295e+01 3.540888906757094223e-01 0.000000000000000000e+00 2.608371683017525200e+00
-4.414910999999991503e+01 3.480289654226443319e-01 0.000000000000000000e+00 2.533382554924534347e+00
-4.451561599999991614e+01 3.509181449327452573e-01 0.000000000000000000e+00 3.006421208979543458e+00
-4.469947599999991894e+01 3.523675196898492512e-01 0.000000000000000000e+00 2.654844805109360273e+00
-4.420704199999993023e+01 3.484856453879905946e-01 0.000000000000000000e+00 2.644273467924162180e+00
-4.494874599999992171e+01 3.543325237456706467e-01 0.000000000000000000e+00 2.615533748005086423e+00
-4.432917199999992874e+01 3.494484004140164246e-01 0.000000000000000000e+00 2.466034264472314774e+00
-4.480465199999994041e+01 3.531966257458331593e-01 0.000000000000000000e+00 2.262403215876443774e+00
-4.442460199999992909e+01 3.502006784139644058e-01 0.000000000000000000e+00 2.400613464777010986e+00
-4.448803199999991165e+01 3.507006993040062137e-01 0.000000000000000000e+00 2.557520554056252671e+00
-4.442710199999993392e+01 3.502203860006758429e-01 0.000000000000000000e+00 2.365036723826177578e+00
-4.516866799999991144e+01 3.560661764995692868e-01 0.000000000000000000e+00 2.622258373068388160e+00
-4.460777199999991893e+01 3.516446138771359697e-01 0.000000000000000000e+00 2.684024461572432685e+00
-4.410570999999992381e+01 3.476868417173342718e-01 0.000000000000000000e+00 2.656111051495923192e+00
-4.456363599999991720e+01 3.512966882582980177e-01 0.000000000000000000e+00 2.999185736887175935e+00
-4.469465399999992172e+01 3.523295076966003192e-01 0.000000000000000000e+00 2.534920334947291742e+00
-4.449592999999993026e+01 3.507629595119450272e-01 0.000000000000000000e+00 2.484997809380576239e+00
-4.457676799999991601e+01 3.514002082697756935e-01 0.000000000000000000e+00 3.181646540656697830e+00
-4.506175199999992742e+01 3.552233539632345671e-01 0.000000000000000000e+00 2.939445225554706109e+00
-4.493473599999992274e+01 3.542220824297399040e-01 0.000000000000000000e+00 2.944452705007203797e+00
-4.458937199999994050e+01 3.514995660389401699e-01 0.000000000000000000e+00 2.944359886945640437e+00
-4.421486999999992662e+01 3.485473537835013236e-01 0.000000000000000000e+00 2.954780309921364090e+00
-4.411388999999991256e+01 3.477513249410539298e-01 0.000000000000000000e+00 3.331405376917306427e+00
-4.479933399999993782e+01 3.531547037673806178e-01 0.000000000000000000e+00 3.162919769633013356e+00
-4.510501399999991889e+01 3.555643898097580746e-01 0.000000000000000000e+00 3.004213968392202894e+00
-4.439650999999990688e+01 3.499792282036054414e-01 0.000000000000000000e+00 2.540719608296003074e+00
-4.461802599999991514e+01 3.517254465147914844e-01 0.000000000000000000e+00 3.364242188000024392e+00
-4.422125199999993583e+01 3.485976633108582856e-01 0.000000000000000000e+00 2.774044706859016163e+00
-4.500776199999990723e+01 3.547977489206147750e-01 0.000000000000000000e+00 2.505614593481340080e+00
-4.447042399999991602e+01 3.505618948292804071e-01 0.000000000000000000e+00 2.818963445684433022e+00
-4.509587199999992890e+01 3.554923231066718925e-01 0.000000000000000000e+00 3.242060615965087766e+00
-4.418936999999993986e+01 3.483463363990450534e-01 0.000000000000000000e+00 3.279458365771440231e+00
-4.490648199999990453e+01 3.539993551677620420e-01 0.000000000000000000e+00 2.782646569760158783e+00
-4.392207399999993100e+01 3.462392327599996822e-01 0.000000000000000000e+00 2.566361676590956709e+00
-4.397093799999992569e+01 3.466244293668261922e-01 0.000000000000000000e+00 2.586226485460422886e+00
-4.468099799999995270e+01 3.522218569749481221e-01 0.000000000000000000e+00 3.386755212812273541e+00
-4.502264799999993272e+01 3.549150957749294122e-01 0.000000000000000000e+00 2.606550697508648984e+00
-4.358497199999991523e+01 3.435818460017635578e-01 0.000000000000000000e+00 2.363868689463580086e+00
-4.411242199999993119e+01 3.477397526461371569e-01 0.000000000000000000e+00 2.441873085641388386e+00
-4.386794799999992733e+01 3.458125556246629539e-01 0.000000000000000000e+00 2.558947443043444459e+00
-4.493414999999993142e+01 3.542174629714148204e-01 0.000000000000000000e+00 3.532899630257665624e+00
-4.455630399999992619e+01 3.512388898479908983e-01 0.000000000000000000e+00 3.319229957914816342e+00
-4.370069599999992960e+01 3.444941023076001918e-01 0.000000000000000000e+00 2.337025462615486937e+00
-4.462887999999993838e+01 3.518110089732578993e-01 0.000000000000000000e+00 2.908196834445493817e+00
-4.459019599999990646e+01 3.515060616595199749e-01 0.000000000000000000e+00 3.132060924943765201e+00
-4.479705199999994392e+01 3.531367146822305125e-01 0.000000000000000000e+00 2.713211353094634237e+00
-4.477072999999991509e+01 3.529292174432631657e-01 0.000000000000000000e+00 3.285666233917722945e+00
-4.561523799999991979e+01 3.595865032986552690e-01 0.000000000000000000e+00 3.463104124908108261e+00
