-3.524057799999995666e+01 3.328885257360924554e-01 0.000000000000000000e+00 3.079121141159495867e+00
-3.473386599999994218e+01 3.281020375390830135e-01 0.000000000000000000e+00 2.152511352272179046e+00
-3.417638599999992266e+01 3.228359861330202252e-01 0.000000000000000000e+00 2.755037376307721164e+00
-3.455958799999994824e+01 3.264557777504883407e-01 0.000000000000000000e+00 2.412488330354567445e+00
-3.490854599999993724e+01 3.297520946884174853e-01 0.000000000000000000e+00 3.046943438374022151e+00
-3.483916999999996023e+01 3.290967571294972083e-01 0.000000000000000000e+00 2.794932240789758104e+00
-3.450422399999994383e+01 3.259327999395439934e-01 0.000000000000000000e+00 2.593758232587446422e+00
-3.496449999999993707e+01 3.302806457402486240e-01 0.000000000000000000e+00 2.435302944919861545e+00
-3.467111999999993088e+01 3.275093280938565221e-01 0.000000000000000000e+00 2.455057234741908179e+00
-3.450392799999995930e+01 3.259300038729297522e-01 0.000000000000000000e+00 2.709515308032158121e+00
-3.429442399999994961e+01 3.239509932648795831e-01 0.000000000000000000e+00 2.352936512905015043e+00
-3.444217999999995783e+01 3.253467217063559236e-01 0.000000000000000000e+00 2.148319381387330473e+00
-3.506034599999994583e+01 3.311860234453958829e-01 0.000000000000000000e+00 2.434032227213752897e+00
-3.488214999999994603e+01 3.295027535588443968e-01 0.000000000000000000e+00 3.115518582560987682e+00
-3.533466199999993762e+01 3.337772592879470479e-01 0.000000000000000000e+00 2.353148417955239768e+00
-3.488290799999994363e+01 3.295099137564582725e-01 0.000000000000000000e+00 2.421965819211802984e+00
-3.530771399999994031e+01 3.335227038719849046e-01 0.000000000000000000e+00 2.474486699512576049e+00
-3.454339599999994448e+01 3.263028253497439746e-01 0.000000000000000000e+00 2.677651974274732005e+00
-3.450151799999994040e+01 3.259072386008325939e-01 0.000000000000000000e+00 2.021870523304116318e+00
-3.486998599999992621e+01 3.293878503348660614e-01 0.000000000000000000e+00 2.664957369796432829e+00
-3.385062199999994448e+01 3.197587636851397241e-01 0.000000000000000000e+00 2.785675853708640126e+00
-3.434929599999994565e+01 3.244693235596945446e-01 0.000000000000000000e+00 2.171620609289502291e+00
-3.507254799999994788e+01 3.313012856238718995e-01 0.000000000000000000e+00 2.227565976008500481e+00
-3.475059799999994681e+01 3.282600908721644561e-01 0.000000000000000000e+00 2.033487154339717495e+00
-3.446778399999994491e+01 3.255885814685012258e-01 0.000000000000000000e+00 2.385188893551878131e+00
-3.517771799999995608e+01 3.322947394273726984e-01 0.000000000000000000e+00 2.870633798048962237e+00
-3.518799799999995059e+01 3.323918460651970053e-01 0.000000000000000000e+00 2.739983698911179211e+00
-3.450983199999993900e+01 3.259857740664816039e-01 0.000000000000000000e+00 3.268151089038547674e+00
-3.441989999999994865e+01 3.251362610165964284e-01 0.000000000000000000e+00 2.646470139333493510e+00
-3.434873599999993843e+01 3.244640337039375044e-01 0.000000000000000000e+00 2.146987497929753186e+00
-3.512097599999993491e+01 3.317587447927975997e-01 0.000000000000000000e+00 3.125618929096001697e+00
-3.418083799999994454e+01 3.228780404862883757e-01 0.000000000000000000e+00 3.079472570962289435e+00
-3.458072199999994467e+01 3.266554131282879414e-01 0.000000000000000000e+00 2.977186569805511773e+00
-3.515170199999994338e+01 3.320489878427774211e-01 0.000000000000000000e+00 2.837449174340512137e+00
-3.477893999999994179e+01 3.285278142504929888e-01 0.000000000000000000e+00 2.537578666701186147e+00
-3.423500599999994165e+01 3.233897206767231136e-01 0.000000000000000000e+00 2.536675215285240981e+00
-3.438908199999995219e+01 3.248451489188852737e-01 0.000000000000000000e+00 2.909338079336045269e+00
-3.404236799999993934e+01 3.215700291886677831e-01 0.000000000000000000e+00 2.647464114154020276e+00
-3.513707399999994152e+01 3.319108092534685528e-01 0.000000000000000000e+00 2.736794983099609002e+00
-3.440926799999994756e+01 3.250358293265819820e-01 0.000000000000000000e+00 1.886881511746218321e+00
-3.445617799999993736e+01 3.254789492079379620e-01 0.000000000000000000e+00 2.581457614697713066e+00
-3.543738399999993760e+01 3.347475888648530629e-01 0.000000000000000000e+00 2.888454531885817023e+00
-3.478830199999995187e+01 3.286162493033444321e-01 0.000000000000000000e+00 2.471692424802131249e+00
-3.477237199999994033e+01 3.284657717994005632e-01 0.000000000000000000e+00 2.324294181387614344e+00
-3.524714399999994185e+01 3.329505492948428014e-01 0.000000000000000000e+00 2.738753667893112809e+00
-3.430135399999993950e+01 3.240164552298719913e-01 0.000000000000000000e+00 2.178686383920087621e+00
-3.514564999999993944e+01 3.319918196159181156e-01 0.000000000000000000e+00 2.585044595496771791e+00
-3.443027999999992517e+01 3.252343122715200541e-01 0.000000000000000000e+00 2.413004134754731744e+00
-3.409494199999995345e+01 3.220666521825373829e-01 0.000000000000000000e+00 2.775385829695167228e+00
-3.430529399999994666e+01 3.240536731435907369e-01 0.000000000000000000e+00 1.863983068040971691e+00
-3.450401599999994318e+01 3.259308351359770928e-01 0.000000000000000000e+00 2.472245039615416307e+00
-3.431706399999995938e+01 3.241648545761971478e-01 0.000000000000000000e+00 2.637652383171156689e+00
-3.436751599999992379e+01 3.246414327952157342e-01 0.000000000000000000e+00 2.421055197812004955e+00
-3.455403599999993247e+01 3.264033326091262399e-01 0.000000000000000000e+00 2.708700315333328223e+00
-3.517238599999993909e+01 3.322443724436294210e-01 0.000000000000000000e+00 2.934845846037580142e+00
-3.453077799999995534e+01 3.261836335641343787e-01 0.000000000000000000e+00 2.830010406076452156e+00
-3.405440799999995249e+01 3.216837610874427322e-01 0.000000000000000000e+00 2.487796133438493040e+00
-3.476708799999994426e+01 3.284158582318651987e-01 0.000000000000000000e+00 2.317954608164513708e+00
-3.484305599999996872e+01 3.291334649499822462e-01 0.000000000000000000e+00 2.811339776521960321e+00
-3.504949399999994597e+01 3.310835135977626131e-01 0.000000000000000000e+00 2.305297789910373929e+00
-3.540091199999992710e+01 3.344030681163383534e-01 0.000000000000000000e+00 3.015924173057460855e+00
-3.442377399999993770e+01 3.251728554830293771e-01 0.000000000000000000e+00 2.993740839596959358e+00
-3.468286799999994230e+01 3.276203017107010007e-01 0.000000000000000000e+00 2.395389334706206075e+00
-3.479226799999994313e+01 3.286537128175088807e-01 0.000000000000000000e+00 2.792692803138761448e+00
-3.436749799999994082e+01 3.246412627641380166e-01 0.000000000000000000e+00 2.162866653028761021e+00
-3.499717199999993511e+01 3.305892710389837230e-01 0.000000000000000000e+00 2.495640020340928356e+00
-3.413587599999995348e+01 3.224533217460298085e-01 0.000000000000000000e+00 2.453954024707427184e+00
-3.401505599999992313e+01 3.213120353664634665e-01 0.000000000000000000e+00 2.474518009687274311e+00
-3.513480599999992648e+01 3.318893853376526648e-01 0.000000000000000000e+00 2.452983646431546205e+00
-3.544448799999991451e+01 3.348146944635983502e-01 0.000000000000000000e+00 2.742340014919795177e+00
-3.482929599999993542e+01 3.290034856370964156e-01 0.000000000000000000e+00 2.409599015466551197e+00
-3.425973399999993774e+01 3.236233055930772817e-01 0.000000000000000000e+00 2.378033014706554038e+00
-3.413332799999996325e+01 3.224292529023357057e-01 0.000000000000000000e+00 2.891655960300851369e+00
-3.481367399999993495e+01 3.288559175538189328e-01 0.000000000000000000e+00 3.159326684391962736e+00
-3.461715799999994658e+01 3.269995938146467163e-01 0.000000000000000000e+00 2.477694756115209618e+00
-3.502608999999991823e+01 3.308624354118050448e-01 0.000000000000000000e+00 2.356983834707124803e+00
-3.528056199999993225e+01 3.332662214371397980e-01 0.000000000000000000e+00 2.847867697059600633e+00
-3.456723399999993518e+01 3.265280031739128397e-01 0.000000000000000000e+00 2.453716997512717768e+00
-3.494119999999994519e+01 3.300605499560748113e-01 0.000000000000000000e+00 2.617391401507781712e+00
-3.430180399999992602e+01 3.240207060068194256e-01 0.000000000000000000e+00 2.351299348154185509e+00
-3.513540599999994640e+01 3.318950530402496324e-01 0.000000000000000000e+00 2.555225134512502994e+00
-3.440952799999993061e+01 3.250382853310403997e-01 0.000000000000000000e+00 2.320688703684769649e+00
-3.491708999999993068e+01 3.298328027733951617e-01 0.000000000000000000e+00 2.302425624831078377e+00
-3.451540599999995607e+01 3.260384270236055815e-01 0.000000000000000000e+00 2.552398426270531484e+00
-3.456701799999992630e+01 3.265259628009779536e-01 0.000000000000000000e+00 2.130720293840046686e+00
-3.468864199999993758e+01 3.276748439020237269e-01 0.000000000000000000e+00 2.787003380744053960e+00
-3.539644599999994057e+01 3.343608815166766446e-01 0.000000000000000000e+00 3.154642167974623046e+00
-3.533482599999993568e+01 3.337788084599901395e-01 0.000000000000000000e+00 3.109231648975987916e+00
-3.477573599999995935e+01 3.284975487186265197e-01 0.000000000000000000e+00 2.852469863809858897e+00
-3.476209199999993871e+01 3.283686651615762009e-01 0.000000000000000000e+00 2.331874578712251900e+00
-3.443221399999990950e+01 3.252525811662234090e-01 0.000000000000000000e+00 2.494576705090424174e+00
-3.438850199999993862e+01 3.248396701397082698e-01 0.000000000000000000e+00 2.103536997006169695e+00
-3.468734799999994323e+01 3.276626205567567673e-01 0.000000000000000000e+00 2.633725788265311785e+00
-3.482797799999994481e+01 3.289910355837256106e-01 0.000000000000000000e+00 3.244219959523975128e+00
-3.468914799999994614e+01 3.276796236645470595e-01 0.000000000000000000e+00 2.683831309127782117e+00
-3.495372199999995644e+01 3.301788349092691366e-01 0.000000000000000000e+00 2.721016647779081143e+00
-3.473281799999993780e+01 3.280921379518806358e-01 0.000000000000000000e+00 2.481390023467010764e+00
-3.495184799999994851e+01 3.301611327848251731e-01 0.000000000000000000e+00 3.224031714023028794e+00
-3.470449199999994505e+01 3.278245657122880186e-01 0.000000000000000000e+00 2.355947089735318745e+00
-3.495921799999993596e+01 3.302307510650551725e-01 0.000000000000000000e+00 2.331133103956012143e+00
-3.426541399999994297e+01 3.236769598443265394e-01 0.000000000000000000e+00 2.368132382706726435e+00
-3.536365399999995418e+01 3.340511226774222631e-01 0.000000000000000000e+00 2.961109771329429208e+00
-3.495752599999993748e+01 3.302147681437323512e-01 0.000000000000000000e+00 2.854838441275059591e+00
-3.487806799999995633e+01 3.294641942888446029e-01 0.000000000000000000e+00 2.721530941145464677e+00
-3.450887999999991962e+01 3.259767813116945523e-01 0.000000000000000000e+00 2.689126229461866746e+00
-3.488161999999994833e+01 3.294977470882173298e-01 0.000000000000000000e+00 2.653550018942605337e+00
-3.502879399999994092e+01 3.308879778581746423e-01 0.000000000000000000e+00 2.754668536397471001e+00
-3.472565199999993268e+01 3.280244466905333778e-01 0.000000000000000000e+00 2.644108616882964835e+00
-3.484532599999992186e+01 3.291549077581394922e-01 0.000000000000000000e+00 3.135514162100262237e+00
-3.526348599999993638e+01 3.331049186212362567e-01 0.000000000000000000e+00 2.825566369506986142e+00
-3.530132799999993409e+01 3.334623806240134547e-01 0.000000000000000000e+00 2.800596925912456125e+00
-3.493485799999994157e+01 3.300006423396270594e-01 0.000000000000000000e+00 2.718044839090976161e+00
-3.457880799999993116e+01 3.266373331570041616e-01 0.000000000000000000e+00 2.687482029657748406e+00
-3.463381199999994919e+01 3.271569103463906059e-01 0.000000000000000000e+00 2.843418993888175539e+00
-3.465840999999993954e+01 3.273892672605153709e-01 0.000000000000000000e+00 2.493594370288671147e+00
-3.489352399999994248e+01 3.296101943077368035e-01 0.000000000000000000e+00 2.585130890972174189e+00
-3.436658399999994629e+01 3.246326289638489793e-01 0.000000000000000000e+00 2.457298195983514510e+00
-3.476607999999993837e+01 3.284063364915025818e-01 0.000000000000000000e+00 2.429189996103991334e+00
-3.463491799999993503e+01 3.271673578115105174e-01 0.000000000000000000e+00 2.662481397796446547e+00
-3.403962599999994154e+01 3.215441277878006709e-01 0.000000000000000000e+00 2.022043274553157133e+00
-3.466903199999995167e+01 3.274896044888199742e-01 0.000000000000000000e+00 2.276651558176940426e+00
-3.446298599999992973e+01 3.255432587400690636e-01 0.000000000000000000e+00 2.592676791124640889e+00
-3.352131799999993689e+01 3.166481017919380303e-01 0.000000000000000000e+00 2.184485893168115922e+00
-3.493012799999993945e+01 3.299559619508226627e-01 0.000000000000000000e+00 3.038356990286066317e+00
-3.427013599999995108e+01 3.237215646637630617e-01 0.000000000000000000e+00 2.043495258575909190e+00
-3.492688799999992710e+01 3.299253563568000924e-01 0.000000000000000000e+00 2.782021762809096632e+00
-3.507011199999993067e+01 3.312782747513288717e-01 0.000000000000000000e+00 2.595769044576932139e+00
-3.493612999999993463e+01 3.300126578691321422e-01 0.000000000000000000e+00 2.320650478711395959e+00
-3.442317999999993106e+01 3.251672444574585374e-01 0.000000000000000000e+00 2.747692938529421092e+00
-3.508152599999994692e+01 3.313860933470612613e-01 0.000000000000000000e+00 2.582834934624973044e+00
-3.471881599999994705e+01 3.279598726656144936e-01 0.000000000000000000e+00 2.112384438855576807e+00
-3.450403799999993026e+01 3.259310429517388585e-01 0.000000000000000000e+00 2.210271448331424082e+00
-3.473140799999993078e+01 3.280788188507781644e-01 0.000000000000000000e+00 2.716197266444097647e+00
-3.427067399999992858e+01 3.237266467037579476e-01 0.000000000000000000e+00 2.483449183005300487e+00
-3.509514199999994588e+01 3.315147124113235755e-01 0.000000000000000000e+00 2.281604823881557831e+00
-3.476133599999993606e+01 3.283615238563042382e-01 0.000000000000000000e+00 2.293058331270728001e+00
-3.514398199999995143e+01 3.319760634026992507e-01 0.000000000000000000e+00 2.617039955013559016e+00
-3.451094799999994223e+01 3.259963159933115806e-01 0.000000000000000000e+00 2.614434845103026817e+00
-3.507294399999992862e+01 3.313050263075855706e-01 0.000000000000000000e+00 2.625598299582728501e+00
-3.462935399999994246e+01 3.271147993160966605e-01 0.000000000000000000e+00 2.456568097007766571e+00
-3.512864599999995363e+01 3.318311969243262771e-01 0.000000000000000000e+00 3.198859247029646191e+00
-3.444670199999993088e+01 3.253894372915931976e-01 0.000000000000000000e+00 2.538110311059601720e+00
-3.449097599999993946e+01 3.258076570662076232e-01 0.000000000000000000e+00 2.657250987986560897e+00
-3.451070199999994514e+01 3.259939922352469432e-01 0.000000000000000000e+00 3.130971692008342355e+00
-3.563338399999994266e+01 3.365990383797922147e-01 0.000000000000000000e+00 3.194215523829084358e+00
-3.471447399999992456e+01 3.279188573911557825e-01 0.000000000000000000e+00 2.756959697247397756e+00
-3.485071999999993153e+01 3.292058604044844072e-01 0.000000000000000000e+00 2.431002199617567250e+00
-3.517311199999992510e+01 3.322512303637713549e-01 0.000000000000000000e+00 2.601357624464501139e+00
-3.502054599999993201e+01 3.308100658398112071e-01 0.000000000000000000e+00 2.500339565440880207e+00
-3.460836599999992558e+01 3.269165430792621008e-01 0.000000000000000000e+00 3.019453692784959564e+00
-3.462517199999994233e+01 3.270752954289973258e-01 0.000000000000000000e+00 3.149550490937659930e+00
-3.443717999999993395e+01 3.252994908513827665e-01 0.000000000000000000e+00 2.219871927236643838e+00
-3.465106799999995246e+01 3.273199134730732651e-01 0.000000000000000000e+00 2.369073158106478783e+00
-3.395990799999993470e+01 3.207910979284540609e-01 0.000000000000000000e+00 2.430230713480395988e+00
-3.403953999999991709e+01 3.215433154170949104e-01 0.000000000000000000e+00 2.273500016905363630e+00
-3.460568799999993672e+01 3.268912462333387059e-01 0.000000000000000000e+00 2.406217680660506897e+00
-3.532725599999994159e+01 3.337073009455611694e-01 0.000000000000000000e+00 2.616111595259750899e+00
-3.460249999999993520e+01 3.268611318402079857e-01 0.000000000000000000e+00 2.513182042468443900e+00
-3.480958999999995740e+01 3.288173393914772813e-01 0.000000000000000000e+00 2.670375524361903619e+00
-3.442480599999993274e+01 3.251826039314957284e-01 0.000000000000000000e+00 2.512665320509861910e+00
-3.465988599999994335e+01 3.274032098089034171e-01 0.000000000000000000e+00 2.241090293504570230e+00
-3.462589199999995060e+01 3.270820966721135203e-01 0.000000000000000000e+00 2.826640250937176191e+00
-3.446206799999993819e+01 3.255345871550960890e-01 0.000000000000000000e+00 2.755515890721039529e+00
-3.552776799999995205e+01 3.356013715840279743e-01 0.000000000000000000e+00 3.186381321790369814e+00
-3.454242199999993801e+01 3.262936247791951572e-01 0.000000000000000000e+00 2.517186117436321258e+00
-3.525448999999994726e+01 3.330199408669690664e-01 0.000000000000000000e+00 2.627582680973813645e+00
-3.565249399999991908e+01 3.367795547074985407e-01 0.000000000000000000e+00 2.656953917241974938e+00
-3.488717999999992969e+01 3.295502677989470275e-01 0.000000000000000000e+00 2.435139039027122365e+00
-3.654104399999993547e+01 3.451729499447392935e-01 0.000000000000000000e+00 2.936098558962800364e+00
-3.479821199999993553e+01 3.287098608579006598e-01 0.000000000000000000e+00 2.734531832117638395e+00
-3.578156999999995236e+01 3.379988286747962478e-01 0.000000000000000000e+00 2.766934856424517974e+00
-3.554174399999993028e+01 3.357333912698481360e-01 0.000000000000000000e+00 2.548309713203652738e+00
-3.580565799999993004e+01 3.382263680417136320e-01 0.000000000000000000e+00 2.415795706677200450e+00
-3.627094199999993407e+01 3.426215202667592385e-01 0.000000000000000000e+00 2.810680057942769317e+00
-3.606449799999992933e+01 3.406714149419526327e-01 0.000000000000000000e+00 2.872509065698698905e+00
-3.521570399999994549e+01 3.326535616787729688e-01 0.000000000000000000e+00 2.587334230240410093e+00
-3.564436599999992694e+01 3.367027762296546101e-01 0.000000000000000000e+00 2.403614283255677275e+00
-3.532054799999993122e+01 3.336439360305293866e-01 0.000000000000000000e+00 2.294350765433315509e+00
-3.536333199999995003e+01 3.340480810103619858e-01 0.000000000000000000e+00 2.633335403485185022e+00
-3.517866199999994592e+01 3.323036566127914870e-01 0.000000000000000000e+00 2.275197507722674484e+00
-3.599410599999993821e+01 3.400064800733016979e-01 0.000000000000000000e+00 3.002303915928565381e+00
-3.548625399999993846e+01 3.352092232413585449e-01 0.000000000000000000e+00 2.659484029528504490e+00
-3.508327399999993901e+01 3.314026052539597589e-01 0.000000000000000000e+00 2.393898186514618054e+00
-3.544053799999993259e+01 3.347773820881699280e-01 0.000000000000000000e+00 2.829641761056539195e+00
-3.490196999999993466e+01 3.296899766679570187e-01 0.000000000000000000e+00 2.638435606184051263e+00
-3.583555799999992075e+01 3.385088085544517011e-01 0.000000000000000000e+00 2.978393396799182025e+00
-3.600949199999993766e+01 3.401518188602244419e-01 0.000000000000000000e+00 2.398274781338459505e+00
-3.745953799999993095e+01 3.538492013262417579e-01 0.000000000000000000e+00 2.968235642949657471e+00
-3.664769399999993027e+01 3.461803840813119648e-01 0.000000000000000000e+00 2.996473835499372740e+00
-3.603313199999992378e+01 3.403751263425363605e-01 0.000000000000000000e+00 2.537770550750912069e+00
-3.601067799999994179e+01 3.401630220190240417e-01 0.000000000000000000e+00 2.401773640566739587e+00
-3.637244999999995088e+01 3.435803821920779821e-01 0.000000000000000000e+00 2.368334751689592732e+00
-3.630574799999993729e+01 3.429503036943968852e-01 0.000000000000000000e+00 2.746679282204038230e+00
-3.606993199999993749e+01 3.407227454351372531e-01 0.000000000000000000e+00 2.403342817485593752e+00
-3.595654599999993906e+01 3.396516818907450164e-01 0.000000000000000000e+00 2.702805638120985510e+00
-3.652303999999992357e+01 3.450028810821526015e-01 0.000000000000000000e+00 2.222201396649891247e+00
-3.639238599999993085e+01 3.437687010570258939e-01 0.000000000000000000e+00 2.579469537238110455e+00
-3.678264199999993878e+01 3.474551259646896373e-01 0.000000000000000000e+00 3.720499845455765620e+00
-3.654927199999993803e+01 3.452506730396827650e-01 0.000000000000000000e+00 2.912692399994524006e+00
-3.670524199999995574e+01 3.467239923297087412e-01 0.000000000000000000e+00 2.213836448896033371e+00
-3.616290999999993971e+01 3.416010315218720450e-01 0.000000000000000000e+00 2.874087843898381234e+00
-3.608369599999993227e+01 3.408527625327067434e-01 0.000000000000000000e+00 2.261146651006425312e+00
-3.629019599999993062e+01 3.428033968430890255e-01 0.000000000000000000e+00 2.299966347400708599e+00
-3.666427199999993292e+01 3.463369827040602700e-01 0.000000000000000000e+00 2.871765103294663835e+00
-3.585549999999994242e+01 3.386971840964259628e-01 0.000000000000000000e+00 2.631506052557444519e+00
-3.670112399999992903e+01 3.466850929975527906e-01 0.000000000000000000e+00 2.597683347671866372e+00
-3.596392799999993173e+01 3.397214135250269940e-01 0.000000000000000000e+00 2.646013881411475310e+00
-3.580466799999992844e+01 3.382170163324289547e-01 0.000000000000000000e+00 1.915157898328832431e+00
-3.655322599999995958e+01 3.452880231997955685e-01 0.000000000000000000e+00 2.438604621981077525e+00
-3.716774799999993917e+01 3.510929030917311899e-01 0.000000000000000000e+00 2.870699428885940208e+00
-3.598282399999994396e+01 3.398999083721408465e-01 0.000000000000000000e+00 2.483608616555004645e+00
-3.627744399999996006e+01 3.426829392705663113e-01 0.000000000000000000e+00 3.331911197305732042e+00
-3.647340599999994737e+01 3.445340298310075045e-01 0.000000000000000000e+00 2.561627314294054436e+00
-3.618745599999994056e+01 3.418328972351051820e-01 0.000000000000000000e+00 2.572256463183225872e+00
-3.626052999999993176e+01 3.425231667343635600e-01 0.000000000000000000e+00 2.931114654095698491e+00
-3.606776999999993194e+01 3.407023228134469228e-01 0.000000000000000000e+00 2.752844365617702849e+00
-3.645198599999993405e+01 3.443316928483033390e-01 0.000000000000000000e+00 2.615569007102112487e+00
-3.599231599999993847e+01 3.399895714272214153e-01 0.000000000000000000e+00 2.853202990393056915e+00
-3.572900599999994142e+01 3.375023001426366576e-01 0.000000000000000000e+00 2.494736074776631618e+00
-3.633882199999995066e+01 3.432627263538720053e-01 0.000000000000000000e+00 3.036396051793885498e+00
-3.633026199999991945e+01 3.431818671301580248e-01 0.000000000000000000e+00 2.583113534140258682e+00
-3.664442399999992972e+01 3.461494951021596989e-01 0.000000000000000000e+00 2.437902319250314420e+00
-3.573481399999994323e+01 3.375571635037731832e-01 0.000000000000000000e+00 2.068675528112154272e+00
-3.672295799999992738e+01 3.468913406950485667e-01 0.000000000000000000e+00 2.820167905352409576e+00
-3.656201199999993889e+01 3.453710172581538340e-01 0.000000000000000000e+00 2.594784909296165232e+00
-3.656236199999992920e+01 3.453743234180018384e-01 0.000000000000000000e+00 2.747786544823879407e+00
-3.606558599999994641e+01 3.406816923759948823e-01 0.000000000000000000e+00 2.313477952383738323e+00
-3.625985399999994030e+01 3.425167811227713410e-01 0.000000000000000000e+00 2.588025755239274694e+00
-3.564739399999991321e+01 3.367313792354261204e-01 0.000000000000000000e+00 2.178454428194726678e+00
-3.611053999999995767e+01 3.411063355468856861e-01 0.000000000000000000e+00 2.334275891443369222e+00
-3.636880799999993741e+01 3.435459792373155574e-01 0.000000000000000000e+00 2.447432986409568301e+00
-3.628126199999993418e+01 3.427190047514234172e-01 0.000000000000000000e+00 3.164829736138018212e+00
-3.608721799999995028e+01 3.408860319469498301e-01 0.000000000000000000e+00 2.415202893808009232e+00
-3.637471599999992122e+01 3.436017872155514574e-01 0.000000000000000000e+00 2.506774719814891750e+00
-3.622654799999995134e+01 3.422021669516256970e-01 0.000000000000000000e+00 2.473693153704159098e+00
-3.636315399999994469e+01 3.434925705865122247e-01 0.000000000000000000e+00 2.522010899111334137e+00
-3.683587599999994211e+01 3.479579834314155407e-01 0.000000000000000000e+00 2.961880451113938495e+00
-3.695298599999992462e+01 3.490642245165914703e-01 0.000000000000000000e+00 2.687627717464009969e+00
-3.627684399999993303e+01 3.426772715679692882e-01 0.000000000000000000e+00 2.614640083245326707e+00
-3.619000399999992368e+01 3.418569660787992293e-01 0.000000000000000000e+00 2.091798689925909560e+00
-3.618477399999994049e+01 3.418075626044976834e-01 0.000000000000000000e+00 2.787700220344556445e+00
-3.529124799999991779e+01 3.333671632203878410e-01 0.000000000000000000e+00 2.074601170408081785e+00
-3.615628999999994164e+01 3.415384978698878804e-01 0.000000000000000000e+00 2.584700500536715850e+00
-3.636903599999993020e+01 3.435481329643022552e-01 0.000000000000000000e+00 2.453630635704707519e+00
-3.596567999999994214e+01 3.397379632166095953e-01 0.000000000000000000e+00 2.324898661417004853e+00
-3.661496599999994572e+01 3.458712297970013005e-01 0.000000000000000000e+00 2.880206416852932882e+00
-3.548753599999993469e+01 3.352213332325735817e-01 0.000000000000000000e+00 2.428873512162551318e+00
-3.587973799999993929e+01 3.389261403889927693e-01 0.000000000000000000e+00 2.552559500855975383e+00
-3.558642199999995626e+01 3.361554272975445512e-01 0.000000000000000000e+00 2.297726511825869178e+00
-3.599549799999993382e+01 3.400196291433261186e-01 0.000000000000000000e+00 2.358501739183868740e+00
-3.656714599999992998e+01 3.454195139000399428e-01 0.000000000000000000e+00 2.829519539020893593e+00
-3.607935599999994025e+01 3.408117661505902785e-01 0.000000000000000000e+00 2.666503261141978776e+00
-3.619576799999992289e+01 3.419114138084120569e-01 0.000000000000000000e+00 2.517252542636534862e+00
-3.663702199999994491e+01 3.460795745444578686e-01 0.000000000000000000e+00 2.915189235487642083e+00
-3.689249199999991902e+01 3.484927878484448960e-01 0.000000000000000000e+00 3.193762201405620615e+00
-3.628741399999992723e+01 3.427771175953820415e-01 0.000000000000000000e+00 2.333059573421851773e+00
-3.656627399999994310e+01 3.454112768389328014e-01 0.000000000000000000e+00 2.588753215396605079e+00
-3.602272199999993063e+01 3.402767917024827615e-01 0.000000000000000000e+00 2.296721196501787965e+00
-3.632531799999994604e+01 3.431351652607610436e-01 0.000000000000000000e+00 3.304880930460462274e+00
-3.678012999999994292e+01 3.474313971831512471e-01 0.000000000000000000e+00 2.480970109929507839e+00
-3.639389199999992996e+01 3.437829269905437468e-01 0.000000000000000000e+00 2.530529394115153430e+00
-3.663029999999993436e+01 3.460160773830321945e-01 0.000000000000000000e+00 2.777235326323244102e+00
-3.573592799999993019e+01 3.375676865382610803e-01 0.000000000000000000e+00 2.578852619900501963e+00
-3.672127199999996350e+01 3.468754144507520398e-01 0.000000000000000000e+00 2.482455675459728450e+00
-3.698048399999991886e+01 3.493239753266005887e-01 0.000000000000000000e+00 3.271764151582414737e+00
-3.614609599999993605e+01 3.414422036027690011e-01 0.000000000000000000e+00 2.895626230202086315e+00
-3.711703599999992065e+01 3.506138688682535198e-01 0.000000000000000000e+00 2.961633546020359553e+00
-3.596213599999993704e+01 3.397044859866047428e-01 0.000000000000000000e+00 2.528982907128771718e+00
-3.573218799999995099e+01 3.375323578587414719e-01 0.000000000000000000e+00 2.639844300094881469e+00
-3.696671799999993624e+01 3.491939393366892963e-01 0.000000000000000000e+00 2.786641603061856376e+00
-3.701654999999993123e+01 3.496646609296915065e-01 0.000000000000000000e+00 3.232721467676384908e+00
-3.690922999999995113e+01 3.486508978585525775e-01 0.000000000000000000e+00 2.889652567194005872e+00
-3.698340199999994127e+01 3.493515392535629926e-01 0.000000000000000000e+00 3.038488970098477182e+00
-3.611360599999994037e+01 3.411352975071549332e-01 0.000000000000000000e+00 2.055321535749861539e+00
-3.660964799999992181e+01 3.458209950596518589e-01 0.000000000000000000e+00 3.082979136821521138e+00
-3.622218199999992549e+01 3.421609249690630850e-01 0.000000000000000000e+00 2.242835034413346307e+00
-3.591185399999994132e+01 3.392295136166549319e-01 0.000000000000000000e+00 2.168851458997585802e+00
-3.742524799999993235e+01 3.535252921228373424e-01 0.000000000000000000e+00 2.641279761303354512e+00
-3.649880599999994502e+01 3.447739625742700098e-01 0.000000000000000000e+00 2.789798342294780742e+00
-3.598795999999991579e+01 3.399484239063687574e-01 0.000000000000000000e+00 2.684051866153487342e+00
-3.687773399999995405e+01 3.483533812569070687e-01 0.000000000000000000e+00 2.284314331013295618e+00
-3.641952399999994583e+01 3.440250512454771092e-01 0.000000000000000000e+00 2.873548331938030387e+00
-3.676263199999994669e+01 3.472661080830879987e-01 0.000000000000000000e+00 2.760726169690894682e+00
-3.609428199999992160e+01 3.409527596988553566e-01 0.000000000000000000e+00 2.129273053945543115e+00
-3.694069199999993458e+01 3.489480932903841204e-01 0.000000000000000000e+00 2.181616426473403259e+00
-3.570769399999994675e+01 3.373009833464000184e-01 0.000000000000000000e+00 2.696938350992573508e+00
-3.664616999999995528e+01 3.461659881167164499e-01 0.000000000000000000e+00 2.387984277290337687e+00
-3.666366999999993936e+01 3.463312961091216113e-01 0.000000000000000000e+00 2.836274295745577767e+00
-3.577874599999995553e+01 3.379721526879075344e-01 0.000000000000000000e+00 2.134496947212763285e+00
-3.640547799999993117e+01 3.438923703276870469e-01 0.000000000000000000e+00 2.741475030958643977e+00
-3.604750599999993455e+01 3.405109056044126614e-01 0.000000000000000000e+00 2.272740169563489232e+00
-3.666125399999992851e+01 3.463084741599985472e-01 0.000000000000000000e+00 2.391844413009433623e+00
-3.641436799999993212e+01 3.439763467878289016e-01 0.000000000000000000e+00 1.976814543749563668e+00
-3.718666999999996392e+01 3.512716435392910230e-01 0.000000000000000000e+00 2.878617233336277170e+00
-3.663716199999993250e+01 3.460808970083970038e-01 0.000000000000000000e+00 2.809784206487442315e+00
-3.615041599999992883e+01 3.414830110614655578e-01 0.000000000000000000e+00 2.710895124847737758e+00
-3.569430599999994058e+01 3.371745180091244576e-01 0.000000000000000000e+00 2.302938230280805687e+00
-3.639902799999993022e+01 3.438314425247719353e-01 0.000000000000000000e+00 2.905409059329919330e+00
-3.633487199999995454e+01 3.432254139784434166e-01 0.000000000000000000e+00 2.674968232118737355e+00
-3.738405199999994011e+01 3.531361476625444196e-01 0.000000000000000000e+00 3.951594808964905781e+00
-3.609136599999993678e+01 3.409252146642352543e-01 0.000000000000000000e+00 2.347089817402293388e+00
-3.604825799999994729e+01 3.405180091250006869e-01 0.000000000000000000e+00 2.768017166598108147e+00
-3.696798999999992930e+01 3.492059548661943236e-01 0.000000000000000000e+00 2.509195669005015894e+00
-3.600976599999992800e+01 3.401544071110768619e-01 0.000000000000000000e+00 2.595355662990755263e+00
-3.574096999999995461e+01 3.376153141324160223e-01 0.000000000000000000e+00 2.493493605183479733e+00
-3.648376799999992670e+01 3.446319110548532461e-01 0.000000000000000000e+00 2.947428276828202520e+00
-3.607688399999994289e+01 3.407884152158917046e-01 0.000000000000000000e+00 2.578215211049862177e+00
-3.526128799999993646e+01 3.330841559373901584e-01 0.000000000000000000e+00 2.777651092882967632e+00
-3.641357999999995343e+01 3.439689032050853856e-01 0.000000000000000000e+00 2.684605569809937808e+00
-3.619967599999995400e+01 3.419483294446591937e-01 0.000000000000000000e+00 2.789792461022825520e+00
-3.634894999999994525e+01 3.433583971737051432e-01 0.000000000000000000e+00 2.676653824245578406e+00
-3.683914799999993051e+01 3.479888913029097197e-01 0.000000000000000000e+00 2.895325482949746121e+00
-3.621738599999994790e+01 3.421156211329732799e-01 0.000000000000000000e+00 2.204144560009206444e+00
-3.597434999999995142e+01 3.398198615191327376e-01 0.000000000000000000e+00 2.776700151476951373e+00
-3.699550199999995215e+01 3.494658379225976108e-01 0.000000000000000000e+00 3.378483426244696108e+00
-3.659679999999992361e+01 3.456996306547133746e-01 0.000000000000000000e+00 2.419245146651318734e+00
-3.636979399999992779e+01 3.435552931619161310e-01 0.000000000000000000e+00 2.983668348679714200e+00
-3.651425399999993715e+01 3.449198870237943360e-01 0.000000000000000000e+00 2.283901318403677827e+00
-3.593108599999995079e+01 3.394111823772229530e-01 0.000000000000000000e+00 2.549856640256982221e+00
-3.581085199999994728e+01 3.382754314538596874e-01 0.000000000000000000e+00 2.419441556840267182e+00
-3.644879599999995889e+01 3.443015595628308168e-01 0.000000000000000000e+00 2.222208029607607216e+00
-3.605653199999994740e+01 3.405961667438098806e-01 0.000000000000000000e+00 2.378984966001383761e+00
-3.599029199999992557e+01 3.399704523771282516e-01 0.000000000000000000e+00 2.925523963488498858e+00
-3.614173599999993058e+01 3.414010182972325724e-01 0.000000000000000000e+00 2.972718549008669164e+00
-3.691325799999994217e+01 3.486889470353186637e-01 0.000000000000000000e+00 3.028036259913262196e+00
-3.608432999999995872e+01 3.408587514051175660e-01 0.000000000000000000e+00 2.443620536822318723e+00
-3.650233399999996209e+01 3.448072886655390579e-01 0.000000000000000000e+00 3.425589786105556200e+00
-3.651970199999992417e+01 3.449713497633726811e-01 0.000000000000000000e+00 2.370965007558455184e+00
-3.652177799999994789e+01 3.449909600143576949e-01 0.000000000000000000e+00 2.316202550744809852e+00
-3.651748199999993716e+01 3.449503792637648170e-01 0.000000000000000000e+00 2.666703783392446958e+00
-3.680074399999995194e+01 3.476261205520337905e-01 0.000000000000000000e+00 2.714329829980731912e+00
-3.586700799999994871e+01 3.388058906322317654e-01 0.000000000000000000e+00 2.741826875734682645e+00
-3.656772199999994655e+01 3.454249548945330095e-01 0.000000000000000000e+00 2.540760682546814753e+00
-3.654449399999995052e+01 3.452055392346707330e-01 0.000000000000000000e+00 2.458271857878286060e+00
-3.609995999999996030e+01 3.410063950577629788e-01 0.000000000000000000e+00 2.642636761901555165e+00
-3.678645799999993926e+01 3.474911725532049966e-01 0.000000000000000000e+00 2.440816216238023362e+00
-3.657480799999993337e+01 3.454918904622005238e-01 0.000000000000000000e+00 2.760368589195686173e+00
-3.638820599999992567e+01 3.437292160622684722e-01 0.000000000000000000e+00 2.269032114299224023e+00
-3.651116799999994100e+01 3.448907361401050697e-01 0.000000000000000000e+00 2.668089249596823365e+00
-3.595712199999992720e+01 3.396571228852378055e-01 0.000000000000000000e+00 2.125324815559334724e+00
-3.672225199999993350e+01 3.468846716983264300e-01 0.000000000000000000e+00 2.920930442685354400e+00
-3.618387999999995941e+01 3.417991177276287207e-01 0.000000000000000000e+00 2.443410864369971680e+00
-3.650910799999991951e+01 3.448712770278560269e-01 0.000000000000000000e+00 2.328479761287013616e+00
-3.627220799999992806e+01 3.426334791192383600e-01 0.000000000000000000e+00 3.039218764040017007e+00
-3.677062599999992898e+01 3.473416207740185890e-01 0.000000000000000000e+00 2.786251640785846195e+00
-3.645120599999992095e+01 3.443243248349274199e-01 0.000000000000000000e+00 2.319216514945502183e+00
-3.671028799999992742e+01 3.467716577085471763e-01 0.000000000000000000e+00 2.632405404644200253e+00
-3.621618199999994658e+01 3.421042479430957406e-01 0.000000000000000000e+00 2.680260402107800921e+00
-3.672057999999992717e+01 3.468688777004234614e-01 0.000000000000000000e+00 2.651015512911414795e+00
-3.692494599999994165e+01 3.487993538819034178e-01 0.000000000000000000e+00 2.564364278296282773e+00
-3.641483799999993920e+01 3.439807864881964106e-01 0.000000000000000000e+00 2.578202998910660071e+00
-3.695501399999994163e+01 3.490833813513686823e-01 0.000000000000000000e+00 2.694256606715908386e+00
-3.665381799999993007e+01 3.462382324324828065e-01 0.000000000000000000e+00 3.033232748261707634e+00
-3.639449799999993473e+01 3.437886513701665092e-01 0.000000000000000000e+00 2.585519011178930349e+00
-3.640839399999995152e+01 3.439199153623074268e-01 0.000000000000000000e+00 2.426012752963057739e+00
-3.641577399999992082e+01 3.439896281042472137e-01 0.000000000000000000e+00 2.719879912627605645e+00
-3.590289399999994657e+01 3.391448759245435096e-01 0.000000000000000000e+00 1.939673186771107671e+00
-3.642547599999994645e+01 3.440812748552369293e-01 0.000000000000000000e+00 2.732025410027209666e+00
-3.661948199999994813e+01 3.459138887052128353e-01 0.000000000000000000e+00 2.742391498268205385e+00
-3.625809199999994803e+01 3.425001369694789521e-01 0.000000000000000000e+00 2.670212243131562690e+00
-3.737511199999995171e+01 3.530516988938529055e-01 0.000000000000000000e+00 3.005158113028163047e+00
-3.712880599999992626e+01 3.507250503008598752e-01 0.000000000000000000e+00 2.954802842072409952e+00
-3.489846799999993010e+01 3.296568961771339512e-01 0.000000000000000000e+00 2.385579583342506194e+00
-3.497367799999992855e+01 3.303673426976368455e-01 0.000000000000000000e+00 2.520583076666944589e+00
-3.653122399999995906e+01 3.450801885455726525e-01 0.000000000000000000e+00 2.666354126121064816e+00
-3.665518199999991822e+01 3.462511170097193336e-01 0.000000000000000000e+00 2.845790282397826054e+00
-3.549593199999993942e+01 3.353006432842441376e-01 0.000000000000000000e+00 2.189767169251404688e+00
-3.522808799999992857e+01 3.327705430603697945e-01 0.000000000000000000e+00 2.692420548944722380e+00
-3.617155599999992432e+01 3.416827031162911199e-01 0.000000000000000000e+00 2.840092630952004704e+00
-3.632817399999993313e+01 3.431621435251214769e-01 0.000000000000000000e+00 2.743898877256613300e+00
-3.679199199999992942e+01 3.475434476634889358e-01 0.000000000000000000e+00 2.477449260248747898e+00
-3.611791799999993913e+01 3.411760293964835600e-01 0.000000000000000000e+00 2.851388388681393327e+00
-3.601061999999995322e+01 3.401624741411064523e-01 0.000000000000000000e+00 2.472951999436129089e+00
-3.664302999999994626e+01 3.461363271397933650e-01 0.000000000000000000e+00 2.400852293005190319e+00
-3.721378399999994002e+01 3.515277670196380044e-01 0.000000000000000000e+00 2.851857644269039760e+00
-3.649757999999992819e+01 3.447623815686304827e-01 0.000000000000000000e+00 2.274730518749263020e+00
-3.758161799999994912e+01 3.550023898812611489e-01 0.000000000000000000e+00 2.672513915088075009e+00
-3.741271599999993214e+01 3.534069127079331740e-01 0.000000000000000000e+00 3.139996965472380719e+00
-3.731613599999995046e+01 3.524946015132761068e-01 0.000000000000000000e+00 2.125526626866665936e+00
-3.706077199999993610e+01 3.500823895034141930e-01 0.000000000000000000e+00 2.265499360391731720e+00
-3.585058999999995422e+01 3.386508033968426701e-01 0.000000000000000000e+00 2.630458834096970122e+00
-3.663598199999991323e+01 3.460697505266231988e-01 0.000000000000000000e+00 2.221157920989806023e+00
-3.736294199999993282e+01 3.529367389928486087e-01 0.000000000000000000e+00 2.833813755390143019e+00
-3.686257999999993018e+01 3.482102339816549041e-01 0.000000000000000000e+00 2.390768561518967328e+00
-3.639914199999992661e+01 3.438325193882652564e-01 0.000000000000000000e+00 2.494793688568498258e+00
-3.655053799999993203e+01 3.452626318921618864e-01 0.000000000000000000e+00 2.440868970896812762e+00
-3.648477399999993764e+01 3.446414139028738943e-01 0.000000000000000000e+00 2.963797399072938710e+00
-3.772470799999993574e+01 3.563540424888765323e-01 0.000000000000000000e+00 2.738049850048295486e+00
-3.807357199999992048e+01 3.596494714867320974e-01 0.000000000000000000e+00 2.814173440128961090e+00
-3.714201999999993120e+01 3.508498720043823904e-01 0.000000000000000000e+00 2.928070948869949230e+00
-3.829946799999994766e+01 3.617833237297256588e-01 0.000000000000000000e+00 2.574476876896105715e+00
-3.874891199999992608e+01 3.660288486062167612e-01 0.000000000000000000e+00 2.809025745385468120e+00
-3.817940199999996054e+01 3.606491597630896440e-01 0.000000000000000000e+00 2.706087121488675695e+00
-3.847962999999992917e+01 3.634851647884523307e-01 0.000000000000000000e+00 2.430613668594742816e+00
-3.892437599999993836e+01 3.676863115536111448e-01 0.000000000000000000e+00 2.393870429188141635e+00
-3.953196199999993610e+01 3.734256728035285078e-01 0.000000000000000000e+00 3.016363229566829229e+00
-3.817431399999993857e+01 3.606010976450689798e-01 0.000000000000000000e+00 2.774131275833859434e+00
-3.870427999999991897e+01 3.656072471023862902e-01 0.000000000000000000e+00 2.881810610422454122e+00
-3.876788399999993828e+01 3.662080613623261982e-01 0.000000000000000000e+00 2.073669498457341831e+00
-4.011760599999993104e+01 3.789577661694825683e-01 0.000000000000000000e+00 2.912170085838484468e+00
-3.901000399999993107e+01 3.684951682835356235e-01 0.000000000000000000e+00 2.646082031906757948e+00
-3.910690399999993616e+01 3.694105022529111659e-01 0.000000000000000000e+00 2.845252441620865103e+00
-3.938273199999994745e+01 3.720160207060063118e-01 0.000000000000000000e+00 2.032614998641657955e+00
-3.869600399999993101e+01 3.655290705912351834e-01 0.000000000000000000e+00 2.256582352657946267e+00
-3.944461799999993445e+01 3.726006064441772514e-01 0.000000000000000000e+00 2.096052232962978934e+00
-3.924273399999992762e+01 3.706935756591058784e-01 0.000000000000000000e+00 2.757210356271591500e+00
-3.957717599999993041e+01 3.738527719788777293e-01 0.000000000000000000e+00 2.616480951568964208e+00
-3.929428799999992350e+01 3.711805635585608276e-01 0.000000000000000000e+00 2.561335176331108965e+00
-3.889405599999991381e+01 3.673999036490550596e-01 0.000000000000000000e+00 2.716082555845027890e+00
-3.909630799999993656e+01 3.693104106250525431e-01 0.000000000000000000e+00 3.197696645067312549e+00
-4.008835399999994564e+01 3.786814467755490465e-01 0.000000000000000000e+00 2.744616667882821215e+00
-3.961546599999994100e+01 3.742144658662605594e-01 0.000000000000000000e+00 2.492569417418601052e+00
-3.832721999999992590e+01 3.620454738671672335e-01 0.000000000000000000e+00 2.213152776589373705e+00
-3.925897199999994314e+01 3.708469625837161332e-01 0.000000000000000000e+00 2.256379639240656765e+00
-3.927764999999993023e+01 3.710233981655529090e-01 0.000000000000000000e+00 3.235518067192844072e+00
-3.999182599999995347e+01 3.777696267817835518e-01 0.000000000000000000e+00 2.463598401067311983e+00
-4.047423599999994792e+01 3.823265541312824145e-01 0.000000000000000000e+00 2.746314020959950586e+00
-4.020203399999992655e+01 3.797552874942135004e-01 0.000000000000000000e+00 2.713034798863151575e+00
-3.944113399999994130e+01 3.725676959844321789e-01 0.000000000000000000e+00 2.552746533735574808e+00
-3.946104999999992202e+01 3.727558259259601825e-01 0.000000000000000000e+00 2.115316007411686350e+00
-4.064070999999993461e+01 3.838990960014351805e-01 0.000000000000000000e+00 2.741620741385642379e+00
-4.122561399999995047e+01 3.894241992008534714e-01 0.000000000000000000e+00 2.430176403166875332e+00
-4.156048799999993548e+01 3.925874762664947615e-01 0.000000000000000000e+00 3.152518072242273650e+00
-4.185848799999992309e+01 3.954024352228816541e-01 0.000000000000000000e+00 2.785107849544055991e+00
-3.984576599999993363e+01 3.763899190463139699e-01 0.000000000000000000e+00 2.162941488545799817e+00
-4.046463999999991756e+01 3.822359086744180345e-01 0.000000000000000000e+00 3.077605296658459721e+00
-4.190846199999993615e+01 3.958744981721653011e-01 0.000000000000000000e+00 2.742097206934645648e+00
-4.097945799999992289e+01 3.870989675335095859e-01 0.000000000000000000e+00 2.135158476704344999e+00
-4.161789999999991352e+01 3.931297998356357848e-01 0.000000000000000000e+00 2.651156711377663733e+00
-4.068714799999992238e+01 3.843377572900817385e-01 0.000000000000000000e+00 2.484252414934334130e+00
-4.107740399999992320e+01 3.880241821977454264e-01 0.000000000000000000e+00 2.448302292020972715e+00
-4.212618399999992391e+01 3.979311374134487655e-01 0.000000000000000000e+00 2.456877636544712029e+00
-4.165905399999991943e+01 3.935185475567470892e-01 0.000000000000000000e+00 2.211234593287083605e+00
-4.186452599999994817e+01 3.954594712033472348e-01 0.000000000000000000e+00 3.303008872382020567e+00
-4.239333999999993097e+01 4.004547386716788004e-01 0.000000000000000000e+00 2.601401700404741835e+00
-4.159703599999992463e+01 3.929327149240048334e-01 0.000000000000000000e+00 2.111256582769339474e+00
-4.099196199999993695e+01 3.872170824556260271e-01 0.000000000000000000e+00 2.745030291116561827e+00
-4.114322599999993457e+01 3.886459480649512299e-01 0.000000000000000000e+00 2.453576891674188687e+00
-4.288394399999992856e+01 4.050890679463072797e-01 0.000000000000000000e+00 2.855216706818053840e+00
-4.284219399999993527e+01 4.046946903072833335e-01 0.000000000000000000e+00 2.393833005231011501e+00
-4.217086599999992558e+01 3.983532112258288960e-01 0.000000000000000000e+00 2.947753651433477007e+00
-4.237529999999991759e+01 4.002843297469362849e-01 0.000000000000000000e+00 2.498561415670783603e+00
-4.177113599999992033e+01 3.945772932941624678e-01 0.000000000000000000e+00 3.014266933395516990e+00
-4.188389599999992896e+01 3.956424435355122005e-01 0.000000000000000000e+00 2.777470904444246269e+00
-4.284327799999992692e+01 4.047049299566413683e-01 0.000000000000000000e+00 2.008989625727018336e+00
-4.306157399999992208e+01 4.067669913000757642e-01 0.000000000000000000e+00 2.171722773880196744e+00
-4.447516599999993758e+01 4.201200230486566434e-01 0.000000000000000000e+00 2.481164997148465723e+00
-4.406704199999990124e+01 4.162648139576613504e-01 0.000000000000000000e+00 2.330635652712137240e+00
-4.457480599999992421e+01 4.210612395265572183e-01 0.000000000000000000e+00 2.264379164354688001e+00
-4.522028799999992543e+01 4.271585728724854314e-01 0.000000000000000000e+00 2.653385189126288068e+00
-4.466093599999990715e+01 4.218748382343208148e-01 0.000000000000000000e+00 2.514908445570136486e+00
-4.445521199999992490e+01 4.199315341526305145e-01 0.000000000000000000e+00 1.827100088774557429e+00
-4.540227199999993957e+01 4.288776248547645498e-01 0.000000000000000000e+00 2.748221520414372510e+00
-4.497469599999990919e+01 4.248386688455825788e-01 0.000000000000000000e+00 2.525597329722817808e+00
-4.511241199999993512e+01 4.261395577302733995e-01 0.000000000000000000e+00 2.238175228933182215e+00
-4.485919799999992819e+01 4.237476549880498933e-01 0.000000000000000000e+00 3.231703948648938063e+00
-4.405872799999993816e+01 4.161862784920126734e-01 0.000000000000000000e+00 3.092752654551992109e+00
-4.579214999999992841e+01 4.325604791097921731e-01 0.000000000000000000e+00 2.661897652469421782e+00
-4.527425399999992806e+01 4.276683449363793410e-01 0.000000000000000000e+00 2.320384917538336644e+00
-4.579255599999991944e+01 4.325643142552159093e-01 0.000000000000000000e+00 2.829785389953796582e+00
-4.490876999999994723e+01 4.242159205765937968e-01 0.000000000000000000e+00 2.311107190932475408e+00
-4.617955599999994121e+01 4.362199824301213891e-01 0.000000000000000000e+00 2.405291024216353879e+00
-4.632000199999991708e+01 4.375466593616269551e-01 0.000000000000000000e+00 1.911672706760686902e+00
-4.580274599999992091e+01 4.326605707376507404e-01 0.000000000000000000e+00 2.246484210351272104e+00
-4.588075999999992405e+01 4.333975043216224954e-01 0.000000000000000000e+00 2.354420289797490184e+00
-4.650065999999991817e+01 4.392531857211671720e-01 0.000000000000000000e+00 2.379518521792918229e+00
-4.714037999999990092e+01 4.452960902298244150e-01 0.000000000000000000e+00 2.531546831724059032e+00
-4.688154799999990985e+01 4.428511188989534553e-01 0.000000000000000000e+00 2.328318884685652179e+00
-4.599584399999992712e+01 4.344846074643636258e-01 0.000000000000000000e+00 1.492772441629630409e+00
-4.607787999999990802e+01 4.352595335480753946e-01 0.000000000000000000e+00 2.444909834283828687e+00
-4.599106399999991623e+01 4.344394547670094031e-01 0.000000000000000000e+00 2.119099504173860282e+00
-4.716413999999988960e+01 4.455205312526556716e-01 0.000000000000000000e+00 2.724117685572428282e+00
-4.752702399999989780e+01 4.489483955678555960e-01 0.000000000000000000e+00 2.731655774531134728e+00
-4.786323199999989697e+01 4.521242738256038285e-01 0.000000000000000000e+00 2.777192394439631506e+00
-4.776522399999988977e+01 4.511984734987662393e-01 0.000000000000000000e+00 2.328377904743336835e+00
-4.734431599999991391e+01 4.472225045577766789e-01 0.000000000000000000e+00 2.602931873624684034e+00
-4.656728199999992057e+01 4.398825085251685807e-01 0.000000000000000000e+00 2.941200910381385647e+00
-4.771571999999991931e+01 4.507308502498504899e-01 0.000000000000000000e+00 2.219923046441297121e+00
-4.800199399999992522e+01 4.534350434051550027e-01 0.000000000000000000e+00 2.276787185674700176e+00
-4.885308599999991941e+01 4.614746039692803059e-01 0.000000000000000000e+00 2.416199130407470808e+00
-4.878513799999991818e+01 4.608327555425400512e-01 0.000000000000000000e+00 2.718078177526812578e+00
-5.020144599999990476e+01 4.742114430915419510e-01 0.000000000000000000e+00 2.235423043298312873e+00
-5.057098799999990035e+01 4.777022000132237212e-01 0.000000000000000000e+00 3.160508980978293359e+00
-5.018965599999991412e+01 4.741000727355158539e-01 0.000000000000000000e+00 2.356580966952338319e+00
-5.041931199999989133e+01 4.762694425814485988e-01 0.000000000000000000e+00 2.643746317437747795e+00
-5.058688199999991042e+01 4.778523374550117664e-01 0.000000000000000000e+00 2.622295467883977604e+00
-5.006311399999993483e+01 4.729047353655189689e-01 0.000000000000000000e+00 2.137278978543804886e+00
-5.027785199999991050e+01 4.749331872325544546e-01 0.000000000000000000e+00 2.235153520159818274e+00
-5.005810799999990479e+01 4.728574478335197950e-01 0.000000000000000000e+00 2.085850701615602709e+00
-5.041405799999992610e+01 4.762198123990433740e-01 0.000000000000000000e+00 2.442806268059070085e+00
-4.992553999999990566e+01 4.716051878371093631e-01 0.000000000000000000e+00 1.753726958580646311e+00
-5.046657999999990807e+01 4.767159441920209018e-01 0.000000000000000000e+00 2.403554107373224724e+00
-5.034290199999992410e+01 4.755476606557524910e-01 0.000000000000000000e+00 2.585170914068440240e+00
-4.991382599999987946e+01 4.714945353900785174e-01 0.000000000000000000e+00 2.280247349803715462e+00
-5.031772399999991308e+01 4.753098249624506666e-01 0.000000000000000000e+00 2.490732835371140208e+00
-5.002186799999989830e+01 4.725151185966758871e-01 0.000000000000000000e+00 1.910878398727462901e+00
-4.952908399999991218e+01 4.678601966692793046e-01 0.000000000000000000e+00 2.203938185567376973e+00
-5.054666199999991250e+01 4.774724124576094630e-01 0.000000000000000000e+00 2.512060775288574632e+00
-4.967517799999991013e+01 4.692402255745625195e-01 0.000000000000000000e+00 2.256039377995576078e+00
-4.967125999999990427e+01 4.692032154766056506e-01 0.000000000000000000e+00 2.412689957183672185e+00
-5.013652199999992121e+01 4.735981598858894914e-01 0.000000000000000000e+00 2.082902754805360246e+00
-4.992971999999988952e+01 4.716446728318665627e-01 0.000000000000000000e+00 2.279432649063393157e+00
-5.024159399999989262e+01 4.745906879646324961e-01 0.000000000000000000e+00 2.280683895916956416e+00
-4.985745599999992095e+01 4.709620547311140215e-01 0.000000000000000000e+00 2.606748873396426802e+00
-4.970020599999990196e+01 4.694766443422149771e-01 0.000000000000000000e+00 2.105509734958268986e+00
-5.020281399999992544e+01 4.742243654534627484e-01 0.000000000000000000e+00 1.968643523810855056e+00
-4.996912599999990334e+01 4.720169086460794250e-01 0.000000000000000000e+00 2.302439610790556923e+00
-5.017601399999993106e+01 4.739712080708078368e-01 0.000000000000000000e+00 2.153503194023798972e+00
-4.942915799999990156e+01 4.669162785864740539e-01 0.000000000000000000e+00 2.053132344806074538e+00
-4.989886799999992917e+01 4.713532395643419415e-01 0.000000000000000000e+00 2.178216320099423342e+00
-4.986588399999993015e+01 4.710416670602564637e-01 0.000000000000000000e+00 2.047017965345805379e+00
-4.990259599999991735e+01 4.713884548898096272e-01 0.000000000000000000e+00 1.953005231929354268e+00
-5.002818999999993821e+01 4.725748372897040639e-01 0.000000000000000000e+00 2.504990948168084319e+00
-4.955281999999989750e+01 4.680844109840066603e-01 0.000000000000000000e+00 2.032869021502826001e+00
-5.031433399999991707e+01 4.752778024427790626e-01 0.000000000000000000e+00 2.243756748200425033e+00
-4.951544199999994333e+01 4.677313320045713985e-01 0.000000000000000000e+00 2.074569528242211636e+00
-4.974809799999989934e+01 4.699290403634877045e-01 0.000000000000000000e+00 2.401327159565870062e+00
-4.980929399999991602e+01 4.705071082436726448e-01 0.000000000000000000e+00 2.080360815724041412e+00
-5.009093999999993940e+01 4.731675845196143815e-01 0.000000000000000000e+00 2.271668651592098076e+00
-4.982205599999987555e+01 4.706276602779052021e-01 0.000000000000000000e+00 2.283268149669891223e+00
-5.006514399999990417e+01 4.729239110926377054e-01 0.000000000000000000e+00 2.043268098040168290e+00
-5.012577399999988614e+01 4.734966324400393667e-01 0.000000000000000000e+00 2.669869937989830078e+00
-5.005051199999989109e+01 4.727856947186447889e-01 0.000000000000000000e+00 2.160025952952950412e+00
-4.963510599999992934e+01 4.688616986104675588e-01 0.000000000000000000e+00 2.154663594067528276e+00
-4.950873199999993801e+01 4.676679481971977026e-01 0.000000000000000000e+00 1.984935502444511890e+00
-5.028501399999990440e+01 4.750008407092176088e-01 0.000000000000000000e+00 2.347415763918038856e+00
-5.016513199999991457e+01 4.738684148380445937e-01 0.000000000000000000e+00 2.167857353058102010e+00
-4.923663599999993323e+01 4.650976828542544017e-01 0.000000000000000000e+00 1.876621224570661273e+00
-5.075163599999989117e+01 4.794086319110538175e-01 0.000000000000000000e+00 2.413868242306559608e+00
-5.065448999999988189e+01 4.784909741836135821e-01 0.000000000000000000e+00 2.302440130874769508e+00
-4.999498799999989274e+01 4.722612055203413428e-01 0.000000000000000000e+00 2.351326714911941895e+00
-4.956014999999990067e+01 4.681536514173970098e-01 0.000000000000000000e+00 2.080831670634400776e+00
-5.001610999999990526e+01 4.724607275440891319e-01 0.000000000000000000e+00 2.045517873697552780e+00
-4.985303599999991064e+01 4.709203026553178129e-01 0.000000000000000000e+00 2.885980132704948797e+00
-5.016433999999992466e+01 4.738609334706169740e-01 0.000000000000000000e+00 2.761808939258778572e+00
-5.018326199999989257e+01 4.740396739181762520e-01 0.000000000000000000e+00 2.008456659147198842e+00
-5.018981199999990395e+01 4.741015463381909045e-01 0.000000000000000000e+00 2.200862170236880910e+00
-4.984104999999990326e+01 4.708070808497766269e-01 0.000000000000000000e+00 2.197135228340796331e+00
-5.071742799999989870e+01 4.790854972936710587e-01 0.000000000000000000e+00 2.593299720748129200e+00
-4.987823999999991287e+01 4.711583839490654513e-01 0.000000000000000000e+00 2.409946546538266787e+00
-4.985506999999990541e+01 4.709395161671207641e-01 0.000000000000000000e+00 2.158997455961558565e+00
-5.019454599999989597e+01 4.741462645116791830e-01 0.000000000000000000e+00 2.836216596970924986e+00
-5.006957599999992681e+01 4.729657765224859478e-01 0.000000000000000000e+00 1.771134889553569680e+00
-4.991181799999989011e+01 4.714755674787214912e-01 0.000000000000000000e+00 2.221735907188090664e+00
-5.050030599999991665e+01 4.770345257549844509e-01 0.000000000000000000e+00 2.172566930764274762e+00
-5.010737999999989967e+01 4.733228795707650205e-01 0.000000000000000000e+00 2.517130204070188171e+00
-4.977040599999991599e+01 4.701397655460351488e-01 0.000000000000000000e+00 2.570930627786936373e+00
-5.021371999999993108e+01 4.743273853943297813e-01 0.000000000000000000e+00 2.179934556890007258e+00
-4.958010599999990120e+01 4.683421592057649963e-01 0.000000000000000000e+00 2.426619823965971978e+00
-5.013963599999991061e+01 4.736275752623665403e-01 0.000000000000000000e+00 2.325329055351221808e+00
-5.024283399999992383e+01 4.746024012166660810e-01 0.000000000000000000e+00 2.291594357965341722e+00
-4.908346999999992732e+01 4.636508506276973973e-01 0.000000000000000000e+00 1.804239052533468168e+00
-4.932454399999993200e+01 4.659280768540465800e-01 0.000000000000000000e+00 1.904280398264960539e+00
-4.992480999999989422e+01 4.715982921322831589e-01 0.000000000000000000e+00 2.660408836261940024e+00
-4.988543999999993162e+01 4.712263963802266198e-01 0.000000000000000000e+00 2.863077021723871241e+00
-4.988996799999990372e+01 4.712691686424898552e-01 0.000000000000000000e+00 2.601256787889541400e+00
-4.948762799999989426e+01 4.674685962045275200e-01 0.000000000000000000e+00 2.037326826108122546e+00
-5.088650999999992308e+01 4.806826747777780962e-01 0.000000000000000000e+00 2.577927238846721369e+00
-5.029434999999988776e+01 4.750890301616229050e-01 0.000000000000000000e+00 1.935649118043303307e+00
-5.028227599999991781e+01 4.749749770930345449e-01 0.000000000000000000e+00 2.216271255100750626e+00
-5.056713599999994813e+01 4.776658133625529823e-01 0.000000000000000000e+00 2.301695137976760286e+00
-5.003171199999991359e+01 4.726081067039467620e-01 0.000000000000000000e+00 2.258579694458040965e+00
-5.009027399999991559e+01 4.731612933697317835e-01 0.000000000000000000e+00 2.534685478331512698e+00
-5.046094399999989832e+01 4.766627055722952866e-01 0.000000000000000000e+00 2.395771277101772956e+00
-4.980377599999988547e+01 4.704549842721242325e-01 0.000000000000000000e+00 2.247990871378711564e+00
-5.054811399999992716e+01 4.774861282978937749e-01 0.000000000000000000e+00 2.103831148552611108e+00
-4.989139799999991709e+01 4.712826766670122347e-01 0.000000000000000000e+00 2.081120151079288494e+00
-5.065918999999991001e+01 4.785353711872883942e-01 0.000000000000000000e+00 2.664343650352130943e+00
-5.056119999999992132e+01 4.776097408915288556e-01 0.000000000000000000e+00 2.184143718585005889e+00
-5.035441199999991113e+01 4.756563860839000402e-01 0.000000000000000000e+00 2.314529428765644159e+00
-4.990891199999988004e+01 4.714481169058111210e-01 0.000000000000000000e+00 2.745920317591465931e+00
-4.997778999999992067e+01 4.720987502715766615e-01 0.000000000000000000e+00 2.242233190798671227e+00
-5.003876399999991520e+01 4.726747211018005879e-01 0.000000000000000000e+00 2.116455049766190477e+00
-5.000441399999992598e+01 4.723502451281366143e-01 0.000000000000000000e+00 2.252001364847890930e+00
-5.015914399999989826e+01 4.738118511661288390e-01 0.000000000000000000e+00 2.938127508297444290e+00
-4.959882199999990604e+01 4.685189537420997308e-01 0.000000000000000000e+00 2.012096416529312481e+00
-5.014792799999991502e+01 4.737059029122537290e-01 0.000000000000000000e+00 2.245698744382516487e+00
-4.981385999999989878e+01 4.705502394604337835e-01 0.000000000000000000e+00 2.778819304610641527e+00
-5.022119399999991174e+01 4.743979860763431478e-01 0.000000000000000000e+00 2.347693243681610920e+00
-4.968958399999990405e+01 4.693763071139104848e-01 0.000000000000000000e+00 2.649643065678656928e+00
-4.958847399999991268e+01 4.684212047646478250e-01 0.000000000000000000e+00 2.095226695510487236e+00
-4.991514999999994728e+01 4.715070421204759499e-01 0.000000000000000000e+00 2.149500836276066806e+00
-4.910336199999990470e+01 4.638387538611215000e-01 0.000000000000000000e+00 2.206888123043921901e+00
-4.998718999999991297e+01 4.721875442789257304e-01 0.000000000000000000e+00 2.330354796652824412e+00
-4.990673799999993321e+01 4.714275809300693676e-01 0.000000000000000000e+00 1.744624953055595507e+00
-5.006500399999993078e+01 4.729225886286986813e-01 0.000000000000000000e+00 2.773410544813885270e+00
-5.002050999999990211e+01 4.725022906964652658e-01 0.000000000000000000e+00 2.437550324929856682e+00
-5.093334999999990487e+01 4.811251334271643976e-01 0.000000000000000000e+00 2.886480770748176994e+00
-5.033181199999992828e+01 4.754429026194225139e-01 0.000000000000000000e+00 2.396956699409574121e+00
-4.995044399999990503e+01 4.718404352795585455e-01 0.000000000000000000e+00 2.338344390320085786e+00
-4.948517799999992661e+01 4.674454530855910450e-01 0.000000000000000000e+00 1.864511307792164230e+00
-4.999934999999989316e+01 4.723024097182196845e-01 0.000000000000000000e+00 2.458159008487876829e+00
-4.904750999999990313e+01 4.633111663187318152e-01 0.000000000000000000e+00 2.032521950854915715e+00
-5.003731799999987828e+01 4.726610619385420708e-01 0.000000000000000000e+00 2.548802739587606503e+00
-5.059592599999991336e+01 4.779377686254868696e-01 0.000000000000000000e+00 2.786628135104785464e+00
-5.001459399999992428e+01 4.724464071488614914e-01 0.000000000000000000e+00 2.187461340717899994e+00
-4.981777799999991885e+01 4.705872495583907633e-01 0.000000000000000000e+00 2.405107989157890813e+00
-4.982076999999988942e+01 4.706155125020062835e-01 0.000000000000000000e+00 2.414820668812748927e+00
-5.004782199999989700e+01 4.727602845186693603e-01 0.000000000000000000e+00 2.355396562960054840e+00
-4.981138399999990440e+01 4.705268507410512169e-01 0.000000000000000000e+00 2.048057726790596167e+00
-4.988973199999989561e+01 4.712669393461350609e-01 0.000000000000000000e+00 2.409781606973770973e+00
-5.053573799999993099e+01 4.773692224856647681e-01 0.000000000000000000e+00 2.234761708164605398e+00
-4.977459199999990602e+01 4.701793072178183652e-01 0.000000000000000000e+00 2.063490374582822806e+00
-5.020051799999993136e+01 4.742026770448592443e-01 0.000000000000000000e+00 2.232380067581990701e+00
-4.991600199999989940e+01 4.715150902581629055e-01 0.000000000000000000e+00 2.103620047018516015e+00
-5.092104599999991876e+01 4.810089077392471490e-01 0.000000000000000000e+00 2.436243150336105945e+00
-5.032961599999990909e+01 4.754221588279182731e-01 0.000000000000000000e+00 2.521292015218395299e+00
-4.997050799999993131e+01 4.720299632543941692e-01 0.000000000000000000e+00 2.520527661674969444e+00
-4.955264999999990749e+01 4.680828051349376628e-01 0.000000000000000000e+00 2.636622358800989829e+00
-4.975812199999989360e+01 4.700237287815374199e-01 0.000000000000000000e+00 2.477674969739316779e+00
-4.950564199999988091e+01 4.676387595288238885e-01 0.000000000000000000e+00 1.927550880313662951e+00
-5.036040599999992651e+01 4.757130064328417562e-01 0.000000000000000000e+00 2.376641634864141039e+00
-5.005047599999994645e+01 4.727853546564894649e-01 0.000000000000000000e+00 2.442434692865528501e+00
-5.003279799999992150e+01 4.726183652456469320e-01 0.000000000000000000e+00 2.367228724636348591e+00
-4.948859599999990877e+01 4.674777400980503761e-01 0.000000000000000000e+00 2.174915730861193275e+00
-5.047862999999991729e+01 4.768297705525057495e-01 0.000000000000000000e+00 2.068714386772712022e+00
-4.999962399999990481e+01 4.723049979690723266e-01 0.000000000000000000e+00 1.909691976702742711e+00
-5.075824399999992664e+01 4.794710522089863924e-01 0.000000000000000000e+00 2.630772388571213760e+00
-5.017160199999991477e+01 4.739295315643795581e-01 0.000000000000000000e+00 2.439724740972458505e+00
-4.983916399999991853e+01 4.707892653712809627e-01 0.000000000000000000e+00 2.461980067759371948e+00
-5.000561599999993234e+01 4.723615994256721851e-01 0.000000000000000000e+00 2.748219323828181793e+00
-5.091273399999990801e+01 4.809303911659399966e-01 0.000000000000000000e+00 2.678010136605463831e+00
-5.030819199999990587e+01 4.752197840605301704e-01 0.000000000000000000e+00 2.261026204650704585e+00
-5.008171399999992701e+01 4.730804341460182472e-01 0.000000000000000000e+00 2.083223275881814107e+00
-4.949715799999990651e+01 4.675586182141060476e-01 0.000000000000000000e+00 2.175390426594079774e+00
-5.026136199999992726e+01 4.747774198728538786e-01 0.000000000000000000e+00 2.387202190925518774e+00
-5.004732999999991705e+01 4.727556370025402521e-01 0.000000000000000000e+00 2.303106514705910879e+00
-5.018839799999991413e+01 4.740881894524046625e-01 0.000000000000000000e+00 2.143086661614008293e+00
-4.999601399999992424e+01 4.722708972917820658e-01 0.000000000000000000e+00 2.322752002095007207e+00
-5.027569999999992234e+01 4.749128590725741894e-01 0.000000000000000000e+00 2.621741959657796883e+00
-5.004848599999991876e+01 4.727665567762099896e-01 0.000000000000000000e+00 1.832674670276954521e+00
-4.988111199999991641e+01 4.711855133521619110e-01 0.000000000000000000e+00 2.091956591341360916e+00
-4.993176799999992710e+01 4.716640185900638493e-01 0.000000000000000000e+00 2.207611605373050345e+00
-5.018963799999992403e+01 4.740999027044380254e-01 0.000000000000000000e+00 2.528903463685876929e+00
-5.026512799999990477e+01 4.748129941528192455e-01 0.000000000000000000e+00 2.211200508982677171e+00
-5.000677799999989759e+01 4.723725758763675509e-01 0.000000000000000000e+00 2.084776725277453391e+00
-4.994231799999991495e+01 4.717636756940566389e-01 0.000000000000000000e+00 1.968763299272315637e+00
-5.003885599999991740e+01 4.726755901495320877e-01 0.000000000000000000e+00 2.421675130741637538e+00
-5.076746599999989940e+01 4.795581647978982009e-01 0.000000000000000000e+00 2.698334513942879376e+00
-4.969838999999992524e+01 4.694594900956889916e-01 0.000000000000000000e+00 2.285255548758456268e+00
-5.051812799999991910e+01 4.772028754144500007e-01 0.000000000000000000e+00 1.871746530478845205e+00
-5.046984199999991461e+01 4.767467576018052933e-01 0.000000000000000000e+00 2.362551032175246313e+00
-5.008009199999990813e+01 4.730651124566648269e-01 0.000000000000000000e+00 2.446303690261259600e+00
-5.010584799999993066e+01 4.733084080368016311e-01 0.000000000000000000e+00 2.603241331415878879e+00
-5.017337599999989095e+01 4.739462890717237586e-01 0.000000000000000000e+00 2.234940498569358613e+00
-5.000168599999989993e+01 4.723244759736631160e-01 0.000000000000000000e+00 2.165397288997092051e+00
-4.961338799999990812e+01 4.686565466688069059e-01 0.000000000000000000e+00 1.959344114092851807e+00
-5.031432999999992717e+01 4.752777646580951809e-01 0.000000000000000000e+00 1.996251656849593381e+00
-5.013181999999991945e+01 4.735537439898729328e-01 0.000000000000000000e+00 2.381830152032531789e+00
-5.012775199999990150e+01 4.735153169662668082e-01 0.000000000000000000e+00 2.442694398267882594e+00
-5.012844399999990941e+01 4.735218537165951092e-01 0.000000000000000000e+00 2.256396491696752715e+00
-5.044637799999991756e+01 4.765251126455883335e-01 0.000000000000000000e+00 2.419402577212444339e+00
-4.980437799999994297e+01 4.704606708670635018e-01 0.000000000000000000e+00 2.035042773311676712e+00
-5.043339399999993589e+01 4.764024635613947622e-01 0.000000000000000000e+00 2.250146324392206854e+00
-4.943324999999991576e+01 4.669549323181840239e-01 0.000000000000000000e+00 1.708616973555873164e+00
-5.008442199999991118e+01 4.731060143770713933e-01 0.000000000000000000e+00 1.936822302804885876e+00
-5.048108999999988100e+01 4.768530081331521231e-01 0.000000000000000000e+00 2.157429177811573950e+00
-5.025498399999992927e+01 4.747171721942504141e-01 0.000000000000000000e+00 2.260580203645770059e+00
-4.991021799999992226e+01 4.714604536051304473e-01 0.000000000000000000e+00 2.169255205256244157e+00
-5.004306199999989246e+01 4.727153207447351013e-01 0.000000000000000000e+00 2.072515158004296421e+00
-4.955135599999991314e+01 4.680705817896707588e-01 0.000000000000000000e+00 2.073389213429952527e+00
-4.980310599999991439e+01 4.704486553375581415e-01 0.000000000000000000e+00 2.184763939809265310e+00
-5.030316199999992932e+01 4.751722698204276507e-01 0.000000000000000000e+00 2.425272957366516824e+00
-5.037464599999992743e+01 4.758475199078046614e-01 0.000000000000000000e+00 2.513728046628767920e+00
-4.995016399999990853e+01 4.718377903516801086e-01 0.000000000000000000e+00 2.267157834374050385e+00
-5.059406599999991272e+01 4.779201987474369084e-01 0.000000000000000000e+00 2.645872623739575324e+00
-4.968506199999990258e+01 4.693335915286729332e-01 0.000000000000000000e+00 2.444772458015409100e+00
-4.978170399999991247e+01 4.702464883859319156e-01 0.000000000000000000e+00 1.841487680863413079e+00
-5.015228199999990721e+01 4.737470315407640853e-01 0.000000000000000000e+00 2.127022132559977852e+00
-4.912190799999990531e+01 4.640139425483871261e-01 0.000000000000000000e+00 2.018445013534583499e+00
-4.956629799999991803e+01 4.682117264766719189e-01 0.000000000000000000e+00 2.301623604450044436e+00
-4.949870799999990822e+01 4.675732597791476541e-01 0.000000000000000000e+00 2.428613274755615059e+00
-5.073021599999992048e+01 4.792062949283500406e-01 0.000000000000000000e+00 2.622988742017684949e+00
-5.004906799999989886e+01 4.727720544477286846e-01 0.000000000000000000e+00 2.144280143242255576e+00
-5.089798399999993705e+01 4.807910601437701548e-01 0.000000000000000000e+00 2.526933602542933421e+00
-4.998686199999992397e+01 4.721844459348396028e-01 0.000000000000000000e+00 1.925989729394560479e+00
-5.064406799999989062e+01 4.783925261895080605e-01 0.000000000000000000e+00 2.234402031813822020e+00
-5.131153399999990938e+01 4.846975241585814720e-01 0.000000000000000000e+00 2.672385839053132539e+00
-5.068628199999990613e+01 4.787912868518737208e-01 0.000000000000000000e+00 2.238157578531812852e+00
-5.049068599999993268e+01 4.769436535900166696e-01 0.000000000000000000e+00 2.469805601846657872e+00
-5.008475199999990224e+01 4.731091316134995450e-01 0.000000000000000000e+00 2.278402356981529930e+00
-5.075989199999992252e+01 4.794866194987854602e-01 0.000000000000000000e+00 2.390122221027724869e+00
-5.036505999999990735e+01 4.757569689126504020e-01 0.000000000000000000e+00 2.101668908849402939e+00
-5.051670799999990891e+01 4.771894618516375752e-01 0.000000000000000000e+00 2.613295488195360061e+00
-5.107411199999990714e+01 4.824547953487045016e-01 0.000000000000000000e+00 2.429565647063255618e+00
-5.066443999999992798e+01 4.785849635850101258e-01 0.000000000000000000e+00 2.236548248321663213e+00
-5.014601999999988635e+01 4.736878796179957996e-01 0.000000000000000000e+00 2.364422415643185893e+00
-5.038113399999990349e+01 4.759088066652173432e-01 0.000000000000000000e+00 2.126999737583624928e+00
-5.040689999999992210e+01 4.761521967070640460e-01 0.000000000000000000e+00 2.130075067392524613e+00
-5.028625199999990514e+01 4.750125350689089476e-01 0.000000000000000000e+00 2.485005051251090169e+00
-4.979523399999990829e+01 4.703742950794886912e-01 0.000000000000000000e+00 1.464387872682850533e+00
-5.082238999999990625e+01 4.800769862936050125e-01 0.000000000000000000e+00 2.579210919246348599e+00
-5.081904199999990368e+01 4.800453605131150825e-01 0.000000000000000000e+00 2.406214744826026486e+00
-5.079846599999991952e+01 4.798509960987306089e-01 0.000000000000000000e+00 2.696473481795109706e+00
-5.013268199999988184e+01 4.735618865892698981e-01 0.000000000000000000e+00 1.621642137182821131e+00
-5.070236799999992172e+01 4.789432379584928068e-01 0.000000000000000000e+00 2.350506154082519394e+00
-5.106699799999992706e+01 4.823875952882492046e-01 0.000000000000000000e+00 2.536781232389987206e+00
-5.019961399999992580e+01 4.741941377062800500e-01 0.000000000000000000e+00 2.429585753818036320e+00
-5.021898799999993201e+01 4.743771478231292305e-01 0.000000000000000000e+00 1.926435146794212683e+00
-5.053311199999991032e+01 4.773444168406327792e-01 0.000000000000000000e+00 2.014246493160178897e+00
-5.013606199999991020e+01 4.735938146472318810e-01 0.000000000000000000e+00 2.433031183016632237e+00
-5.013922799999991042e+01 4.736237212246007799e-01 0.000000000000000000e+00 2.043234092408355629e+00
-5.026376399999990241e+01 4.748001095755826073e-01 0.000000000000000000e+00 2.042176927876601322e+00
-5.000628799999991969e+01 4.723679472525804113e-01 0.000000000000000000e+00 2.419637378511687142e+00
-5.058529199999991022e+01 4.778373180431303435e-01 0.000000000000000000e+00 2.469707530456989097e+00
-5.075299199999990662e+01 4.794214409189226367e-01 0.000000000000000000e+00 2.165797035533862935e+00
-5.061524199999990969e+01 4.781202308644182386e-01 0.000000000000000000e+00 2.123279100643220563e+00
-5.154162399999989930e+01 4.868709936427259577e-01 0.000000000000000000e+00 2.833747768232670161e+00
-5.074877999999993250e+01 4.793816536466936618e-01 0.000000000000000000e+00 1.997090047185067219e+00
-5.113551799999991232e+01 4.830348469247982002e-01 0.000000000000000000e+00 2.544039450824121307e+00
-5.079672199999991022e+01 4.798345219765159930e-01 0.000000000000000000e+00 1.959305292445783220e+00
-5.100680199999990805e+01 4.818189735790588402e-01 0.000000000000000000e+00 2.552894169922490519e+00
-5.086272799999990468e+01 4.804580259391846297e-01 0.000000000000000000e+00 2.179544616976192728e+00
-5.078715999999989350e+01 4.797441976894655791e-01 0.000000000000000000e+00 2.864597322874931962e+00
-5.023865599999990650e+01 4.745629351142505725e-01 0.000000000000000000e+00 2.151049713221782511e+00
-5.034355999999991127e+01 4.755538762362667704e-01 0.000000000000000000e+00 2.231436121343463697e+00
-5.072821999999992926e+01 4.791874403710449370e-01 0.000000000000000000e+00 2.234934700151078424e+00
-5.112640799999991259e+01 4.829487923070375222e-01 0.000000000000000000e+00 2.610177402991388451e+00
-5.062376799999989885e+01 4.782007689183180310e-01 0.000000000000000000e+00 2.284834453472228688e+00
-5.068712999999991808e+01 4.787992972048772389e-01 0.000000000000000000e+00 2.377881395106139273e+00
-5.138870199999992394e+01 4.854264662818918996e-01 0.000000000000000000e+00 2.331740628280023042e+00
-5.022843799999991177e+01 4.744664141390279033e-01 0.000000000000000000e+00 2.286663378864143947e+00
-5.085627599999992299e+01 4.803970792439277715e-01 0.000000000000000000e+00 2.285598566479894789e+00
-5.147341399999991296e+01 4.862266703191853168e-01 0.000000000000000000e+00 2.831773689846893927e+00
-5.066437999999991604e+01 4.785843968147503458e-01 0.000000000000000000e+00 2.518599221308495117e+00
-5.063156599999991414e+01 4.782744301597339209e-01 0.000000000000000000e+00 2.282221970464022753e+00
-5.029376999999988840e+01 4.750835513824460676e-01 0.000000000000000000e+00 2.104296473595836936e+00
-5.032218799999990466e+01 4.753519926697704068e-01 0.000000000000000000e+00 2.303066838913063741e+00
-5.090989999999992222e+01 4.809036207173414956e-01 0.000000000000000000e+00 2.393120163799518973e+00
-5.123050199999993026e+01 4.839320820305482718e-01 0.000000000000000000e+00 2.467410120638703130e+00
-5.103437199999991947e+01 4.820794045133797168e-01 0.000000000000000000e+00 2.282681562543439124e+00
-5.059175599999991135e+01 4.778983780924394020e-01 0.000000000000000000e+00 2.297796282797142098e+00
-5.121284399999991876e+01 4.837652815431257025e-01 0.000000000000000000e+00 2.187412810167491894e+00
-5.062982199999990485e+01 4.782579560375193051e-01 0.000000000000000000e+00 2.409697823529587168e+00
-5.016618799999992007e+01 4.738783899946149569e-01 0.000000000000000000e+00 1.781094701358711507e+00
-5.056870599999990645e+01 4.776806438510141084e-01 0.000000000000000000e+00 1.875906503120154056e+00
-5.042480599999990432e+01 4.763213398448929436e-01 0.000000000000000000e+00 2.394870421994780063e+00
-5.072338599999991970e+01 4.791417775804570067e-01 0.000000000000000000e+00 1.846924883217090363e+00
-5.034125399999991402e+01 4.755320933659533122e-01 0.000000000000000000e+00 2.113708163271076579e+00
-5.067451799999992090e+01 4.786801620962935488e-01 0.000000000000000000e+00 2.344663797672743577e+00
-5.079347599999993434e+01 4.798038597054677945e-01 0.000000000000000000e+00 2.626442519244030827e+00
-5.026985399999992410e+01 4.748576367569398715e-01 0.000000000000000000e+00 2.064790746822944723e+00
-5.092653799999993680e+01 4.810607861103495808e-01 0.000000000000000000e+00 2.416814267374689962e+00
-5.033762999999989063e+01 4.754978604422687161e-01 0.000000000000000000e+00 1.930116793948704723e+00
-5.044568399999992181e+01 4.765185570029181195e-01 0.000000000000000000e+00 2.135031984560172180e+00
-5.145136999999991190e+01 4.860184389257806159e-01 0.000000000000000000e+00 2.259307852959494323e+00
-5.042974999999993457e+01 4.763680417142904799e-01 0.000000000000000000e+00 2.543538681789129008e+00
-5.083152399999988802e+01 4.801632676194693694e-01 0.000000000000000000e+00 2.309784859941757418e+00
-5.079686999999991315e+01 4.798359200098232247e-01 0.000000000000000000e+00 2.415923701781221844e+00
-5.043029999999991020e+01 4.763732371083372885e-01 0.000000000000000000e+00 1.663658257326820378e+00
-5.045996399999989990e+01 4.766534483247206189e-01 0.000000000000000000e+00 2.716688440199787280e+00
-5.041757799999991363e+01 4.762530629209441591e-01 0.000000000000000000e+00 1.845415341034438272e+00
-5.000843799999990580e+01 4.723882565202186523e-01 0.000000000000000000e+00 2.074854241091102836e+00
-5.041614999999990232e+01 4.762395737887638036e-01 0.000000000000000000e+00 2.344022892185763318e+00
-5.088077199999991507e+01 4.806284726486110825e-01 0.000000000000000000e+00 2.305526687304822353e+00
-5.113464399999990917e+01 4.830265909713489236e-01 0.000000000000000000e+00 2.070869290868600832e+00
-5.166315799999990332e+01 4.880190245883821998e-01 0.000000000000000000e+00 3.142493727553506755e+00
-5.038021399999991701e+01 4.759001161879024555e-01 0.000000000000000000e+00 2.330125962738122780e+00
-5.097650799999993154e+01 4.815328112749490685e-01 0.000000000000000000e+00 2.699778238916910489e+00
-5.118044599999989686e+01 4.834592444952428569e-01 0.000000000000000000e+00 2.412934399783923656e+00
-5.089280199999992504e+01 4.807421100856760776e-01 0.000000000000000000e+00 2.414513520484409703e+00
-5.037755599999991318e+01 4.758750082653988023e-01 0.000000000000000000e+00 2.036738187620866114e+00
-5.022774199999991396e+01 4.744598396040157207e-01 0.000000000000000000e+00 2.289043837310084317e+00
-5.066329999999990008e+01 4.785741949500760262e-01 0.000000000000000000e+00 2.353895892843061777e+00
-5.036733799999989714e+01 4.757784872901759665e-01 0.000000000000000000e+00 2.146369335835317305e+00
-5.103790399999990512e+01 4.821127683893324800e-01 0.000000000000000000e+00 2.480291382439171688e+00
-5.012113799999990960e+01 4.734528399913086605e-01 0.000000000000000000e+00 1.864478591981027167e+00
-5.169108799999990822e+01 4.882828561442610349e-01 0.000000000000000000e+00 3.021338710086419521e+00
-5.096194799999988589e+01 4.813952750252674107e-01 0.000000000000000000e+00 2.963524440593659381e+00
-5.037363799999987179e+01 4.758379981674416004e-01 0.000000000000000000e+00 1.846395553820381563e+00
-5.054161799999989313e+01 4.774247659711126079e-01 0.000000000000000000e+00 2.380713871224853673e+00
-5.076711599999991620e+01 4.795548586380502520e-01 0.000000000000000000e+00 2.288697047028013465e+00
-5.110919599999991902e+01 4.827862048118787275e-01 0.000000000000000000e+00 2.217557018725103024e+00
-5.112359999999991089e+01 4.829222674588847242e-01 0.000000000000000000e+00 2.365841126525531024e+00
-5.127366799999990121e+01 4.843398354477003176e-01 0.000000000000000000e+00 2.984861190650329732e+00
-5.038967199999990498e+01 4.759894580731691693e-01 0.000000000000000000e+00 2.124401116516027255e+00
-5.137905799999990109e+01 4.853353674088198844e-01 0.000000000000000000e+00 2.015563484546785133e+00
-5.086999999999991218e+01 4.805267184946573900e-01 0.000000000000000000e+00 2.506294123025290865e+00
-5.138555799999991081e+01 4.853967675202848220e-01 0.000000000000000000e+00 2.319562663637568356e+00
-5.044321199999992444e+01 4.764952060682195456e-01 0.000000000000000000e+00 2.266583378651620961e+00
-5.052504999999990076e+01 4.772682618100743679e-01 0.000000000000000000e+00 1.977222673577532897e+00
-5.005941799999988717e+01 4.728698223175225035e-01 0.000000000000000000e+00 1.992262119603763537e+00
-5.021534399999991649e+01 4.743427259760248371e-01 0.000000000000000000e+00 2.282452776385150539e+00
-5.110712399999991362e+01 4.827666323455779285e-01 0.000000000000000000e+00 2.424869678935802852e+00
-5.093448199999989612e+01 4.811358264927301787e-01 0.000000000000000000e+00 2.471578375683739281e+00
-5.109925399999989537e+01 4.826922909798503358e-01 0.000000000000000000e+00 2.460509385194517229e+00
-5.048715999999988924e+01 4.769103463910893126e-01 0.000000000000000000e+00 2.498558092139941067e+00
-5.056723799999991797e+01 4.776667768719941587e-01 0.000000000000000000e+00 2.003482560205219087e+00
-5.076509599999991451e+01 4.795357773726411921e-01 0.000000000000000000e+00 2.670878911138361289e+00
-5.013155399999993733e+01 4.735512313083885538e-01 0.000000000000000000e+00 2.380185938896625775e+00
-5.115087599999989720e+01 4.831799212189329396e-01 0.000000000000000000e+00 2.285277164328654464e+00
-5.044456199999992663e+01 4.765079583990622369e-01 0.000000000000000000e+00 2.279170165429921902e+00
-4.986516399999990767e+01 4.710348658171401581e-01 0.000000000000000000e+00 1.559471532704964414e+00
-5.001557199999990644e+01 4.724556455040940239e-01 0.000000000000000000e+00 2.308311429371188606e+00
-5.055654999999992327e+01 4.775658161964040915e-01 0.000000000000000000e+00 2.258226646948861660e+00
-5.051632599999989992e+01 4.771858534143175734e-01 0.000000000000000000e+00 1.996431799542940366e+00
-5.063752599999989457e+01 4.783307293388615045e-01 0.000000000000000000e+00 2.416199043519186240e+00
-5.085240999999990663e+01 4.803605603468625307e-01 0.000000000000000000e+00 2.163749768458693712e+00
-5.058537599999990420e+01 4.778381115214938579e-01 0.000000000000000000e+00 2.282841413107353556e+00
-5.082626199999990746e+01 4.801135618676960481e-01 0.000000000000000000e+00 2.386495819971917509e+00
-5.101688199999992435e+01 4.819141909826844539e-01 0.000000000000000000e+00 2.854660581723235779e+00
-5.060473199999993454e+01 4.780209516072653764e-01 0.000000000000000000e+00 2.053875973795236565e+00
-5.099048799999992099e+01 4.816648687454532785e-01 0.000000000000000000e+00 2.331499205773232219e+00
-5.030398599999990950e+01 4.751800534653269903e-01 0.000000000000000000e+00 1.993275167744652077e+00
-5.087838799999990869e+01 4.806059529769599048e-01 0.000000000000000000e+00 2.375968838999146016e+00
-5.089556199999990582e+01 4.807681815176209628e-01 0.000000000000000000e+00 2.856437913077875645e+00
-5.065800799999991710e+01 4.785242058131728426e-01 0.000000000000000000e+00 2.507132149546347666e+00
-5.007458999999989402e+01 4.730131396238524966e-01 0.000000000000000000e+00 2.297753915031024885e+00
-5.069306599999990226e+01 4.788553696759009770e-01 0.000000000000000000e+00 2.188828426452947173e+00
-5.067716199999993165e+01 4.787051377724033108e-01 0.000000000000000000e+00 2.267221879005763441e+00
-5.086177799999992288e+01 4.804490520767399908e-01 0.000000000000000000e+00 2.641252084151826551e+00
-5.102759399999989398e+01 4.820153783663781999e-01 0.000000000000000000e+00 1.872891352466941717e+00
-5.083710199999990209e+01 4.802159583612773397e-01 0.000000000000000000e+00 2.727553969652974253e+00
-5.160479799999990291e+01 4.874677460491380621e-01 0.000000000000000000e+00 3.076203231454008868e+00
-5.074687799999992421e+01 4.793636870294619157e-01 0.000000000000000000e+00 2.395976899417315842e+00
-5.137850599999989498e+01 4.853301531224308296e-01 0.000000000000000000e+00 1.969206198570603084e+00
-5.055277799999990407e+01 4.775301852394123192e-01 0.000000000000000000e+00 2.247416252597725261e+00
-5.058377599999993635e+01 4.778229976479028140e-01 0.000000000000000000e+00 2.340968022905623780e+00
-4.997831199999990304e+01 4.721036811728356875e-01 0.000000000000000000e+00 1.719835708930690155e+00
-5.065553199999990852e+01 4.785008170937901650e-01 0.000000000000000000e+00 2.258064081047562066e+00
-5.059313199999989052e+01 4.779113760237277408e-01 0.000000000000000000e+00 2.001080997602459277e+00
-5.093775399999989872e+01 4.811667343642245243e-01 0.000000000000000000e+00 2.759398198752179177e+00
-5.072608799999991191e+01 4.791673011344843025e-01 0.000000000000000000e+00 2.333128436600250044e+00
-5.093369599999989816e+01 4.811284018023284648e-01 0.000000000000000000e+00 2.562157905301898353e+00
-5.119422999999991220e+01 4.835894505162324220e-01 0.000000000000000000e+00 2.662420858803870249e+00
-5.086857399999989582e+01 4.805132482548189476e-01 0.000000000000000000e+00 2.546791110184173146e+00
-5.111557199999990786e+01 4.828464335981401123e-01 0.000000000000000000e+00 1.966468227280839143e+00
-5.077079199999991488e+01 4.795895827626263652e-01 0.000000000000000000e+00 2.011149080243842757e+00
-5.061341599999990137e+01 4.781029821561820770e-01 0.000000000000000000e+00 2.040546973746167669e+00
-5.095938599999991681e+01 4.813710739351795831e-01 0.000000000000000000e+00 2.442839494060428329e+00
-5.096922599999989245e+01 4.814640242577660767e-01 0.000000000000000000e+00 2.206902289472002732e+00
-5.131582799999991806e+01 4.847380860168323258e-01 0.000000000000000000e+00 2.343371890888439779e+00
-5.102268799999990279e+01 4.819690354514788444e-01 0.000000000000000000e+00 2.231017441731257822e+00
-5.111987599999990550e+01 4.828870899181008092e-01 0.000000000000000000e+00 2.419114880921314992e+00
-5.070937999999989643e+01 4.790094745095065942e-01 0.000000000000000000e+00 2.184876448163001417e+00
-5.076759199999991523e+01 4.795593550154436668e-01 0.000000000000000000e+00 2.178860529359325504e+00
-5.030783199999989819e+01 4.752163834389720454e-01 0.000000000000000000e+00 2.087884952850466380e+00
-5.072740399999990757e+01 4.791797322955131389e-01 0.000000000000000000e+00 2.077008045286743432e+00
-5.121858599999992379e+01 4.838195214569767089e-01 0.000000000000000000e+00 2.554284784713361400e+00
-5.091964399999992708e+01 4.809956642075127742e-01 0.000000000000000000e+00 2.178991405563406758e+00
-5.044554799999990280e+01 4.765172723236626995e-01 0.000000000000000000e+00 2.461808858267112488e+00
-5.109512799999990307e+01 4.826533160783267329e-01 0.000000000000000000e+00 2.587428710854374980e+00
-5.129774399999991630e+01 4.845672614605661677e-01 0.000000000000000000e+00 2.826076277406753601e+00
-4.961300599999994176e+01 4.686529382314872927e-01 0.000000000000000000e+00 2.064789251545292359e+00
-5.078317399999992432e+01 4.797065452518814443e-01 0.000000000000000000e+00 2.439006315240248579e+00
-5.088361199999991413e+01 4.806552997742357114e-01 0.000000000000000000e+00 2.678008675059310839e+00
-5.068595799999991414e+01 4.787882262924715304e-01 0.000000000000000000e+00 1.962843420132017069e+00
-5.117816999999990912e+01 4.834377450100593165e-01 0.000000000000000000e+00 2.182925859247101474e+00
-5.026938399999990992e+01 4.748531970565722515e-01 0.000000000000000000e+00 2.201013176924195847e+00
-5.119819399999988718e+01 4.836268951380547354e-01 0.000000000000000000e+00 2.380141285757140679e+00
-5.086512399999991629e+01 4.804806589648877857e-01 0.000000000000000000e+00 2.519937723100924565e+00
-5.126831999999988909e+01 4.842893173252211803e-01 0.000000000000000000e+00 2.274444253576302089e+00
-5.090571399999989666e+01 4.808640790455578906e-01 0.000000000000000000e+00 2.188221550885927957e+00
-5.126278999999990305e+01 4.842370799996212338e-01 0.000000000000000000e+00 2.403203536927112971e+00
-5.094717799999988017e+01 4.812557550796773276e-01 0.000000000000000000e+00 2.907412825398019152e+00
-5.117823799999987955e+01 4.834383873496866935e-01 0.000000000000000000e+00 2.789326579558281782e+00
-5.093485999999987968e+01 4.811393971453659657e-01 0.000000000000000000e+00 2.404411784006788011e+00
-5.055486399999989544e+01 4.775498899521069540e-01 0.000000000000000000e+00 2.155658620652148194e+00
-5.042352199999989182e+01 4.763092109613358272e-01 0.000000000000000000e+00 2.451935010903210532e+00
-5.080518599999988538e+01 4.799144743678139258e-01 0.000000000000000000e+00 2.580554126422845762e+00
-5.045880599999992455e+01 4.766425096587091348e-01 0.000000000000000000e+00 1.937437781383265945e+00
-5.045178599999991320e+01 4.765761975383270288e-01 0.000000000000000000e+00 1.960226448937761878e+00
-5.117567599999989625e+01 4.834141862595986994e-01 0.000000000000000000e+00 2.069432851945456786e+00
-5.049882799999991079e+01 4.770205643142543805e-01 0.000000000000000000e+00 2.432814298819663268e+00
-5.107272399999991563e+01 4.824416840633641290e-01 0.000000000000000000e+00 2.730656632288026575e+00
-5.150060999999990230e+01 4.864835683855540105e-01 0.000000000000000000e+00 2.784847511684138244e+00
-5.168443799999992194e+01 4.882200391071471746e-01 0.000000000000000000e+00 2.367829819965781901e+00
-5.028756599999989874e+01 4.750249473375957598e-01 0.000000000000000000e+00 2.238520446802197750e+00
-4.983284599999991116e+01 4.707295844629371118e-01 0.000000000000000000e+00 2.552421002266695549e+00
-5.024648199999991505e+01 4.746368608484543006e-01 0.000000000000000000e+00 2.664132376984478245e+00
-5.082284599999989894e+01 4.800812937475784636e-01 0.000000000000000000e+00 2.100816460207503678e+00
-5.051723999999990866e+01 4.771944872146067218e-01 0.000000000000000000e+00 2.405017129320127456e+00
-5.002105799999992541e+01 4.725074671981704943e-01 0.000000000000000000e+00 2.367125021649083561e+00
-5.069428399999991086e+01 4.788668751121724632e-01 0.000000000000000000e+00 2.452434224767734872e+00
-5.053859999999990293e+01 4.773962574270510517e-01 0.000000000000000000e+00 2.014196437713304366e+00
-4.933512799999991927e+01 4.660280551278531691e-01 0.000000000000000000e+00 2.429459456946227114e+00
-5.126661799999991587e+01 4.842732399421886269e-01 0.000000000000000000e+00 2.156541775053641974e+00
-5.062136199999989827e+01 4.781780414309050320e-01 0.000000000000000000e+00 2.571259181321734033e+00
-5.212138799999988947e+01 4.923475435232317898e-01 0.000000000000000000e+00 2.474183780084317164e+00
-5.122295799999993449e+01 4.838608201165651157e-01 0.000000000000000000e+00 2.013451591809848562e+00
-5.135110399999989994e+01 4.850713091448372039e-01 0.000000000000000000e+00 2.472698620262991920e+00
-5.118389799999993528e+01 4.834918526775165426e-01 0.000000000000000000e+00 2.109971009134935738e+00
-5.101200999999989705e+01 4.818681692375985648e-01 0.000000000000000000e+00 2.052248398806547414e+00
-5.018318599999988550e+01 4.740389560091806120e-01 0.000000000000000000e+00 2.504330169966824116e+00
-5.135910599999989756e+01 4.851468974051358352e-01 0.000000000000000000e+00 2.753814880988102232e+00
-5.100609799999990912e+01 4.818123234746786721e-01 0.000000000000000000e+00 2.214253069674199104e+00
-5.158106199999991759e+01 4.872435317344107064e-01 0.000000000000000000e+00 2.539358883487616403e+00
-4.991400199999991116e+01 4.714961979161738648e-01 0.000000000000000000e+00 2.003940703067358164e+00
-5.133441799999990707e+01 4.849136903356215944e-01 0.000000000000000000e+00 2.506811224731612331e+00
-5.016822799999993521e+01 4.738976601834440361e-01 0.000000000000000000e+00 2.328074248185969974e+00
-5.168368599999991631e+01 4.882129355865592046e-01 0.000000000000000000e+00 2.454046722243391265e+00
-5.147699799999990944e+01 4.862605253960298746e-01 0.000000000000000000e+00 2.405256069694874821e+00
-5.125274999999989234e+01 4.841422404428354920e-01 0.000000000000000000e+00 2.423916906829134632e+00
-5.080234599999991474e+01 4.798876472421895745e-01 0.000000000000000000e+00 2.449481714687803624e+00
-5.161556999999990580e+01 4.875695002030918102e-01 0.000000000000000000e+00 2.480708714045119834e+00
-5.155038999999989358e+01 4.869537987776644816e-01 0.000000000000000000e+00 2.291897565073072851e+00
-5.092956999999993428e+01 4.810894269008051394e-01 0.000000000000000000e+00 2.202960473723456492e+00
-5.091506199999990656e+01 4.809523818520153871e-01 0.000000000000000000e+00 2.501373450233153495e+00
-5.180926599999990145e+01 4.893991857400593615e-01 0.000000000000000000e+00 2.904967800868858419e+00
-5.123617399999992728e+01 4.839856607124295440e-01 0.000000000000000000e+00 2.265955674881856119e+00
-5.075124799999989733e+01 4.794049667967079653e-01 0.000000000000000000e+00 2.008464166264281481e+00
-5.157309599999992855e+01 4.871682835362678987e-01 0.000000000000000000e+00 2.342291916263627982e+00
-5.103837999999992547e+01 4.821172647667261169e-01 0.000000000000000000e+00 2.377489700919816595e+00
-5.052684599999990667e+01 4.772852271331806673e-01 0.000000000000000000e+00 2.291260782102290339e+00
-5.180321599999992799e+01 4.893420364055423577e-01 0.000000000000000000e+00 2.358535786265484546e+00
-5.046236999999992179e+01 4.766761758121338399e-01 0.000000000000000000e+00 2.209693298042544551e+00
-5.117048399999991659e+01 4.833651417397950012e-01 0.000000000000000000e+00 2.539447856504053469e+00
-5.098147599999992963e+01 4.815797398524501727e-01 0.000000000000000000e+00 1.525218806036322539e+00
-5.172118399999990856e+01 4.885671481065141375e-01 0.000000000000000000e+00 2.323094278154883785e+00
-5.047322999999990856e+01 4.767787612291349286e-01 0.000000000000000000e+00 2.179841414188220750e+00
-5.080754199999990561e+01 4.799367295466773764e-01 0.000000000000000000e+00 2.626376297485940370e+00
-5.158914399999989797e+01 4.873198756883887484e-01 0.000000000000000000e+00 2.403796136514748660e+00
-5.149114799999993863e+01 4.863941887156035260e-01 0.000000000000000000e+00 2.220467028428792844e+00
-5.065634599999992105e+01 4.785085062769798836e-01 0.000000000000000000e+00 2.363807399365897233e+00
-5.062525399999988451e+01 4.782148059284158093e-01 0.000000000000000000e+00 2.383731001170945163e+00
-5.075242399999992671e+01 4.794160754937978886e-01 0.000000000000000000e+00 2.126598513257708767e+00
-5.184193799999989949e+01 4.897078110387944605e-01 0.000000000000000000e+00 2.545382179586706872e+00
-5.004966399999989335e+01 4.727776843656413819e-01 0.000000000000000000e+00 1.966891466942523037e+00
-5.098890799999990975e+01 4.816499437952817542e-01 0.000000000000000000e+00 2.627220060520244704e+00
-4.928518999999990768e+01 4.655563322407253457e-01 0.000000000000000000e+00 2.205357499295062862e+00
-5.202157599999985393e+01 4.914047023039197493e-01 0.000000000000000000e+00 2.773226228596169740e+00
-4.995200999999990188e+01 4.718552279833360119e-01 0.000000000000000000e+00 2.291451017049099814e+00
-5.124003799999994158e+01 4.840221607171527607e-01 0.000000000000000000e+00 2.051925585256517692e+00
-5.044379999999990360e+01 4.765007604167641464e-01 0.000000000000000000e+00 2.079687845263652246e+00
-5.060208199999990342e+01 4.779959192541294311e-01 0.000000000000000000e+00 2.573296289275682991e+00
-5.097933599999993248e+01 4.815595250465217747e-01 0.000000000000000000e+00 2.188207503664802100e+00
-5.053591399999993428e+01 4.773708850117598379e-01 0.000000000000000000e+00 2.016425057854477121e+00
-5.069502999999990323e+01 4.788739219557343052e-01 0.000000000000000000e+00 2.521397963271946541e+00
-5.196965599999990815e+01 4.909142571058812687e-01 0.000000000000000000e+00 2.116178696141712834e+00
-5.173105799999988363e+01 4.886604195989144861e-01 0.000000000000000000e+00 2.422479363899971094e+00
-5.107124399999992903e+01 4.824277037302922566e-01 0.000000000000000000e+00 1.877733489029317804e+00
-5.185269999999989210e+01 4.898094707310381435e-01 0.000000000000000000e+00 2.213087661338265288e+00
-5.110514199999993679e+01 4.827479100346668273e-01 0.000000000000000000e+00 2.127923781253511226e+00
-4.917903999999990106e+01 4.645536211896498235e-01 0.000000000000000000e+00 2.238095654431203396e+00
-5.109438799999990977e+01 4.826463259117907967e-01 0.000000000000000000e+00 2.205287466786966188e+00
-5.111716199999990806e+01 4.828614530100215352e-01 0.000000000000000000e+00 2.172630781909574260e+00
-5.145560799999989854e+01 4.860584717984555159e-01 0.000000000000000000e+00 2.324385631337381408e+00
-5.135387799999989511e+01 4.850975128231761468e-01 0.000000000000000000e+00 1.994259957299671537e+00
-5.184967599999989574e+01 4.897809055099505704e-01 0.000000000000000000e+00 2.283034615059436945e+00
-5.088605799999992740e+01 4.806784051084885823e-01 0.000000000000000000e+00 2.986406973598133341e+00
-5.146826999999990448e+01 4.861780792155890873e-01 0.000000000000000000e+00 2.178871961763144238e+00
-5.090357799999989652e+01 4.808439020243134854e-01 0.000000000000000000e+00 2.026864960573347307e+00
-5.101255599999991830e+01 4.818733268469618247e-01 0.000000000000000000e+00 1.672572986393155547e+00
-5.074057999999991608e+01 4.793041950445379173e-01 0.000000000000000000e+00 2.035253732277003014e+00
-5.132465799999992129e+01 4.848214957067145670e-01 0.000000000000000000e+00 2.398515412263312108e+00
-5.057233799999989543e+01 4.777149523440663570e-01 0.000000000000000000e+00 2.056967699533770677e+00
-5.103824599999992273e+01 4.821159989798128320e-01 0.000000000000000000e+00 2.314312843166291600e+00
-5.196259199999992262e+01 4.908475293539756312e-01 0.000000000000000000e+00 2.979152190146814760e+00
-5.090062799999991228e+01 4.808160358198795836e-01 0.000000000000000000e+00 2.514758974818522397e+00
-5.197354599999990654e+01 4.909510027110501884e-01 0.000000000000000000e+00 2.706061501216792120e+00
-5.074013999999992564e+01 4.793000387293003817e-01 0.000000000000000000e+00 2.051920075136327348e+00
-5.183598399999991813e+01 4.896515685366928938e-01 0.000000000000000000e+00 2.091703706479721703e+00
-5.142875999999991166e+01 4.858048609995929690e-01 0.000000000000000000e+00 2.312221398997032829e+00
-5.140542199999993045e+01 4.855844062609214751e-01 0.000000000000000000e+00 2.470284038613840494e+00
-5.120281399999989702e+01 4.836705364480498037e-01 0.000000000000000000e+00 1.788872221499490323e+00
-5.019276799999990146e+01 4.741294692196508787e-01 0.000000000000000000e+00 2.273924848792403530e+00
-5.159398599999988733e+01 4.873656140483444421e-01 0.000000000000000000e+00 2.620229113778203001e+00
-5.119184999999989572e+01 4.835669686292651259e-01 0.000000000000000000e+00 2.386448807116947179e+00
-5.069145399999992918e+01 4.788401424482579549e-01 0.000000000000000000e+00 2.257856585948520678e+00
-5.005192999999991343e+01 4.727990893891153013e-01 0.000000000000000000e+00 2.134124189465225196e+00
-5.079222799999990201e+01 4.797920708840662241e-01 0.000000000000000000e+00 2.100061865951629692e+00
-5.143791599999992314e+01 4.858913501412195357e-01 0.000000000000000000e+00 2.036940496035137826e+00
-5.112521799999989014e+01 4.829375513635537631e-01 0.000000000000000000e+00 2.230997094311026441e+00
-5.027034799999992742e+01 4.748623031654112259e-01 0.000000000000000000e+00 2.096426430062029223e+00
-5.101612199999991049e+01 4.819070118927284430e-01 0.000000000000000000e+00 2.490273930799622448e+00
-5.196652399999990735e+01 4.908846716983262248e-01 0.000000000000000000e+00 2.886876447941755686e+00
-5.083100599999990976e+01 4.801583745028943917e-01 0.000000000000000000e+00 2.129681536481997650e+00
-5.152637799999993007e+01 4.867269773197427929e-01 0.000000000000000000e+00 2.652528010251292478e+00
-5.082782599999990225e+01 4.801283356791315460e-01 0.000000000000000000e+00 1.857100059238661061e+00
-5.106333199999991024e+01 4.823529656253828790e-01 0.000000000000000000e+00 2.350207921551029866e+00
-5.125040799999990071e+01 4.841201175103662102e-01 0.000000000000000000e+00 2.441568547648139464e+00
-5.064915399999991052e+01 4.784405694151867006e-01 0.000000000000000000e+00 1.975544097174959157e+00
-5.056467599999990625e+01 4.776425757819059426e-01 0.000000000000000000e+00 1.971291399883985607e+00
-5.082423399999991886e+01 4.800944050329191692e-01 0.000000000000000000e+00 2.204555723822462898e+00
-5.098294799999990801e+01 4.815936446161539486e-01 0.000000000000000000e+00 2.214315164235122424e+00
-5.136654999999989712e+01 4.852172147020195614e-01 0.000000000000000000e+00 2.471580713252393036e+00
-5.170410999999991475e+01 4.884058641829526204e-01 0.000000000000000000e+00 2.728228789596620185e+00
-5.169455599999991335e+01 4.883156154652703584e-01 0.000000000000000000e+00 2.235449941662932538e+00
-5.121853199999990380e+01 4.838190113637427792e-01 0.000000000000000000e+00 2.310823575644305627e+00
-5.079706199999988314e+01 4.798377336746538768e-01 0.000000000000000000e+00 2.491509824628067804e+00
-5.160027999999991266e+01 4.874250682485846142e-01 0.000000000000000000e+00 2.467716454251958513e+00
-5.095518999999990228e+01 4.813314378016861905e-01 0.000000000000000000e+00 2.210115390629862286e+00
-5.156583199999991507e+01 4.870996665501630685e-01 0.000000000000000000e+00 2.543421530020081978e+00
-5.093667799999992241e+01 4.811565702842345305e-01 0.000000000000000000e+00 2.256001472328303947e+00
-5.140578599999991383e+01 4.855878446671633708e-01 0.000000000000000000e+00 2.470805080957388711e+00
-5.107735999999992060e+01 4.824854765120950573e-01 0.000000000000000000e+00 2.085768343567975691e+00
-5.161368399999992107e+01 4.875516847245961460e-01 0.000000000000000000e+00 2.292030161660974397e+00
-5.073450599999991084e+01 4.792468190019167351e-01 0.000000000000000000e+00 2.069030286981919708e+00
-5.111344399999990884e+01 4.828263321462636370e-01 0.000000000000000000e+00 2.126379465090742826e+00
-5.046328999999990828e+01 4.766848662894487276e-01 0.000000000000000000e+00 2.182123359265123241e+00
-5.110139599999991589e+01 4.827125246781209245e-01 0.000000000000000000e+00 1.898585880129276537e+00
-5.112370599999989906e+01 4.829232687530100043e-01 0.000000000000000000e+00 2.837460111723194789e+00
-5.128537199999991714e+01 4.844503934330211536e-01 0.000000000000000000e+00 2.360649947142831273e+00
-5.041716999999989923e+01 4.762492088831782322e-01 0.000000000000000000e+00 1.817473470969182214e+00
-5.079484999999991146e+01 4.798168387444141092e-01 0.000000000000000000e+00 2.476329699230885861e+00
-5.099670399999989456e+01 4.817235861443553979e-01 0.000000000000000000e+00 2.216118250223514607e+00
-5.102045199999990643e+01 4.819479138131349538e-01 0.000000000000000000e+00 2.094883295246546151e+00
-5.131895399999992691e+01 4.847676147473614638e-01 0.000000000000000000e+00 2.189286094211322808e+00
-5.081467599999989204e+01 4.800041185305526370e-01 0.000000000000000000e+00 1.836102551828824758e+00
-5.134181799999992535e+01 4.849835920009816781e-01 0.000000000000000000e+00 2.479202227028084238e+00
