-2.853863999999996182e+01 3.836643167115680320e-01 0.000000000000000000e+00 2.931967431434037152e+00
-2.801461799999996316e+01 3.766195331279134084e-01 0.000000000000000000e+00 2.245781832967951530e+00
-2.809808599999995593e+01 3.777416501309408536e-01 0.000000000000000000e+00 1.793116486890797168e+00
-2.850663399999993786e+01 3.832340383198619138e-01 0.000000000000000000e+00 1.917012107169472568e+00
-2.769373399999993879e+01 3.723056716193172133e-01 0.000000000000000000e+00 1.867684186539711355e+00
-2.811733399999995342e+01 3.780004140653141498e-01 0.000000000000000000e+00 1.975090927364503424e+00
-2.771618999999995836e+01 3.726075628760863734e-01 0.000000000000000000e+00 1.889588842536487512e+00
-2.822557799999995254e+01 3.794556116605088403e-01 0.000000000000000000e+00 2.481032787050627686e+00
-2.756831399999995824e+01 3.706195653927431000e-01 0.000000000000000000e+00 1.411175685861854046e+00
-2.842334999999995304e+01 3.821143949537800233e-01 0.000000000000000000e+00 2.001900602659705264e+00
-2.790538999999995795e+01 3.751511069525325093e-01 0.000000000000000000e+00 1.808566144795652475e+00
-2.828655399999995623e+01 3.802753534343216724e-01 0.000000000000000000e+00 1.778478515298335783e+00
-2.900717199999995088e+01 3.899631105446834667e-01 0.000000000000000000e+00 2.078362914036045339e+00
-2.785918399999994222e+01 3.745299283183025074e-01 0.000000000000000000e+00 1.809536351058474768e+00
-2.861356199999994843e+01 3.846715440334256830e-01 0.000000000000000000e+00 2.475033155120443418e+00
-2.810375999999994789e+01 3.778179295658760095e-01 0.000000000000000000e+00 1.830893242285432487e+00
-2.830269399999994206e+01 3.804923344142043806e-01 0.000000000000000000e+00 2.242406909515403779e+00
-2.809871999999994330e+01 3.777501734234590125e-01 0.000000000000000000e+00 2.147080963973782453e+00
-2.807173199999995106e+01 3.773873554132311514e-01 0.000000000000000000e+00 1.702640678290547216e+00
-2.834542199999995660e+01 3.810667559326950116e-01 0.000000000000000000e+00 2.084265743326421561e+00
-2.814010799999996593e+01 3.783065804120214204e-01 0.000000000000000000e+00 1.923724207625941540e+00
-2.801645599999995540e+01 3.766442426100090057e-01 0.000000000000000000e+00 1.927851593072747338e+00
-2.849828599999994339e+01 3.831218104871443875e-01 0.000000000000000000e+00 1.801827918386988081e+00
-2.853765799999994712e+01 3.836511150187397745e-01 0.000000000000000000e+00 2.203608157489333585e+00
-2.817255399999996257e+01 3.787427740225096096e-01 0.000000000000000000e+00 2.179784517912101816e+00
-2.863986999999995220e+01 3.850252203418990105e-01 0.000000000000000000e+00 2.291023524144137014e+00
-2.867635599999994866e+01 3.855157264157531571e-01 0.000000000000000000e+00 2.375595472583153178e+00
-2.890558399999995132e+01 3.885973940772520785e-01 0.000000000000000000e+00 2.398618973817974620e+00
-2.819729399999994968e+01 3.790753706422307356e-01 0.000000000000000000e+00 2.366902996557981087e+00
-2.817190799999995221e+01 3.787340894058425222e-01 0.000000000000000000e+00 2.024844681095716581e+00
-2.832385399999997588e+01 3.807768026629236302e-01 0.000000000000000000e+00 2.365249809747184795e+00
-2.822887199999994934e+01 3.794998951393027120e-01 0.000000000000000000e+00 2.104897379109446742e+00
-2.840438799999994757e+01 3.818594759116151760e-01 0.000000000000000000e+00 2.413880368408065191e+00
-2.801359999999994699e+01 3.766058474626393093e-01 0.000000000000000000e+00 2.074758982327218337e+00
-2.860965799999994985e+01 3.846190599104106767e-01 0.000000000000000000e+00 2.224620600733545395e+00
-2.823318799999994866e+01 3.795579180580867518e-01 0.000000000000000000e+00 1.904580477005342276e+00
-2.810230999999996726e+01 3.777984362312523658e-01 0.000000000000000000e+00 2.054769742242756436e+00
-2.796896199999996213e+01 3.760057485171616753e-01 0.000000000000000000e+00 2.339492461870196660e+00
-2.828646999999995160e+01 3.802742241652813382e-01 0.000000000000000000e+00 1.875306847107448327e+00
-2.791402799999993789e+01 3.752672334521746089e-01 0.000000000000000000e+00 1.912450338542128092e+00
-2.828348399999996587e+01 3.802340813396352659e-01 0.000000000000000000e+00 2.313071572681545174e+00
-2.841943799999995335e+01 3.820618032813325460e-01 0.000000000000000000e+00 2.303212079901905351e+00
-2.801291399999995591e+01 3.765966250988104780e-01 0.000000000000000000e+00 2.248830258673889304e+00
-2.836066399999994658e+01 3.812716644887899631e-01 0.000000000000000000e+00 2.401938025067813065e+00
-2.780630999999995012e+01 3.738191072321609409e-01 0.000000000000000000e+00 1.881738227025880450e+00
-2.799329999999994811e+01 3.763329407779043567e-01 0.000000000000000000e+00 1.945983103210250365e+00
-2.834168199999995252e+01 3.810164765730442715e-01 0.000000000000000000e+00 2.089739225158889102e+00
-2.849642599999994630e+01 3.830968052441096061e-01 0.000000000000000000e+00 2.419087164618969332e+00
-2.764802199999995125e+01 3.716911341625387943e-01 0.000000000000000000e+00 1.802824057118511902e+00
-2.825615399999994892e+01 3.798666655911716594e-01 0.000000000000000000e+00 2.105546250744504633e+00
-2.846502799999995048e+01 3.826747006092668935e-01 0.000000000000000000e+00 2.035752801968655046e+00
-2.766655799999994159e+01 3.719403261974277286e-01 0.000000000000000000e+00 1.912351492837437883e+00
-2.820968599999994453e+01 3.792419647130305105e-01 0.000000000000000000e+00 2.436241989482402115e+00
-2.815350799999995246e+01 3.784867257113044281e-01 0.000000000000000000e+00 2.221864643145617713e+00
-2.804436199999996759e+01 3.770194019176059674e-01 0.000000000000000000e+00 1.737579363889355966e+00
-2.807357399999994740e+01 3.774121186700430397e-01 0.000000000000000000e+00 1.954015240504856976e+00
-2.802540999999995819e+01 3.767646173122315978e-01 0.000000000000000000e+00 1.663911916951656078e+00
-2.819045199999994722e+01 3.789833889901638719e-01 0.000000000000000000e+00 1.983205731901374280e+00
-2.802062399999995890e+01 3.767002758642935545e-01 0.000000000000000000e+00 1.668542018923446335e+00
-2.785401199999995825e+01 3.744603976102510723e-01 0.000000000000000000e+00 2.348006317307765212e+00
-2.806803399999995818e+01 3.773376406881007172e-01 0.000000000000000000e+00 2.401166944928690761e+00
-2.800103599999996362e+01 3.764369410790429638e-01 0.000000000000000000e+00 2.224286514205571219e+00
-2.792253199999995417e+01 3.753815584988244303e-01 0.000000000000000000e+00 2.257433581732883443e+00
-2.829509799999993902e+01 3.803902162281330157e-01 0.000000000000000000e+00 2.037819659251603799e+00
-2.833106799999994152e+01 3.808737853635969506e-01 0.000000000000000000e+00 2.087521316355447798e+00
-2.854332799999994918e+01 3.837273406789588615e-01 0.000000000000000000e+00 2.466916626077209074e+00
-2.782289999999995445e+01 3.740421378676168085e-01 0.000000000000000000e+00 1.993689005969900840e+00
-2.815808799999994960e+01 3.785482977613578992e-01 0.000000000000000000e+00 2.142875406535656335e+00
-2.811011599999994814e+01 3.779033775899240943e-01 0.000000000000000000e+00 1.951155348009134594e+00
-2.841233399999996223e+01 3.819662993853544797e-01 0.000000000000000000e+00 2.153675112955911075e+00
-2.853577199999994818e+01 3.836257602400496292e-01 0.000000000000000000e+00 2.479655272068879590e+00
-2.828978199999996335e+01 3.803187496302983250e-01 0.000000000000000000e+00 1.865246798108642690e+00
-2.855801599999995588e+01 3.839248014368598083e-01 0.000000000000000000e+00 2.467608379727425305e+00
-2.837853999999996191e+01 3.815119836955055410e-01 0.000000000000000000e+00 2.195512211192401697e+00
-2.851194599999994850e+01 3.833054511429809241e-01 0.000000000000000000e+00 2.106509817109760263e+00
-2.825534999999995378e+01 3.798558568732147145e-01 0.000000000000000000e+00 2.149609096411190912e+00
-2.805269199999995777e+01 3.771313877641004897e-01 0.000000000000000000e+00 1.898472269674548407e+00
-2.815697199999994282e+01 3.785332946155369194e-01 0.000000000000000000e+00 2.082634312987357905e+00
-2.833959599999996115e+01 3.809884330585440182e-01 0.000000000000000000e+00 2.011396086239955583e+00
-2.853066799999994885e+01 3.835571437021734198e-01 0.000000000000000000e+00 2.285596177950651509e+00
-2.792785799999995078e+01 3.754531595334498761e-01 0.000000000000000000e+00 2.181065220667195881e+00
-2.782421599999996431e+01 3.740598297492480073e-01 0.000000000000000000e+00 2.106984145751572779e+00
-2.751760599999995449e+01 3.699378633154257190e-01 0.000000000000000000e+00 2.176979968812322586e+00
-2.800924599999994768e+01 3.765473136840513102e-01 0.000000000000000000e+00 1.623814134971527157e+00
-2.866997399999994656e+01 3.854299288560497638e-01 0.000000000000000000e+00 2.605271522118881578e+00
-2.848462799999995099e+01 3.829381967186661351e-01 0.000000000000000000e+00 2.188214410859901982e+00
-2.868541799999995945e+01 3.856375530353133296e-01 0.000000000000000000e+00 2.491222698477617570e+00
-2.829550399999995136e+01 3.803956743618279179e-01 0.000000000000000000e+00 2.251168517846100947e+00
-2.822180799999995315e+01 3.794049289904866118e-01 0.000000000000000000e+00 2.457399305732412831e+00
-2.820910199999994461e+01 3.792341136044646843e-01 0.000000000000000000e+00 1.981006076096514912e+00
-2.812157799999995333e+01 3.780574690392065063e-01 0.000000000000000000e+00 2.461892950580340411e+00
-2.751064799999993937e+01 3.698443221965888039e-01 0.000000000000000000e+00 2.103778676019111948e+00
-2.805132399999994064e+01 3.771129968111585073e-01 0.000000000000000000e+00 2.038824224599099733e+00
-2.786910199999995186e+01 3.746632627271302973e-01 0.000000000000000000e+00 2.119440112744663374e+00
-2.787255599999993905e+01 3.747096971945722554e-01 0.000000000000000000e+00 2.108707199062444193e+00
-2.848956999999996142e+01 3.830046353805362513e-01 0.000000000000000000e+00 1.826270093287507112e+00
-2.877083199999994179e+01 3.867858314377737861e-01 0.000000000000000000e+00 2.508635908414343252e+00
-2.810369199999995260e+01 3.778170153957006172e-01 0.000000000000000000e+00 2.588284109804537714e+00
-2.819035799999997138e+01 3.789821252843334487e-01 0.000000000000000000e+00 1.757303048733162454e+00
-2.860474399999995043e+01 3.845529976715540976e-01 0.000000000000000000e+00 2.016814623188524447e+00
-2.779008599999994544e+01 3.736009969832376765e-01 0.000000000000000000e+00 1.739885552083088260e+00
-2.836564999999994896e+01 3.813386946725381699e-01 0.000000000000000000e+00 2.242925662156370237e+00
-2.781912199999994328e+01 3.739913476481620536e-01 0.000000000000000000e+00 1.808306342799830935e+00
-2.812161399999996192e+01 3.780579530116524589e-01 0.000000000000000000e+00 2.339786288653238344e+00
-2.780319399999994801e+01 3.737772167282379931e-01 0.000000000000000000e+00 1.587998907577925722e+00
-2.877265199999995460e+01 3.868102989336467679e-01 0.000000000000000000e+00 2.626855228675573972e+00
-2.861349999999995219e+01 3.846707105253245884e-01 0.000000000000000000e+00 2.134437498250860710e+00
-2.831094199999996164e+01 3.806032178790171305e-01 0.000000000000000000e+00 2.007672182644780090e+00
-2.888503599999994620e+01 3.883211533601124144e-01 0.000000000000000000e+00 2.421486639683493092e+00
-2.855112599999994671e+01 3.838321744881984521e-01 0.000000000000000000e+00 2.093332348900559747e+00
-2.830956999999995460e+01 3.805847731513590793e-01 0.000000000000000000e+00 2.449048742374322796e+00
-2.833008999999994870e+01 3.808606374454852062e-01 0.000000000000000000e+00 2.153650476199970853e+00
-2.803266599999994924e+01 3.768621646474253906e-01 0.000000000000000000e+00 2.294249096944864341e+00
-2.772020799999994622e+01 3.726615795785130358e-01 0.000000000000000000e+00 1.883616515244281420e+00
-2.890936599999994883e+01 3.886482380714229024e-01 0.000000000000000000e+00 2.244084188999416529e+00
-2.793535999999994246e+01 3.755540140136902627e-01 0.000000000000000000e+00 2.105393941784057699e+00
-2.802534799999994419e+01 3.767637838041302256e-01 0.000000000000000000e+00 1.954359233671840723e+00
-2.851729999999995613e+01 3.833774286006199628e-01 0.000000000000000000e+00 2.046800496364799660e+00
-2.770064599999994925e+01 3.723985943289177536e-01 0.000000000000000000e+00 1.625555161946001803e+00
-2.874714799999994597e+01 3.864674313431303854e-01 0.000000000000000000e+00 2.534146174320700329e+00
-2.809665799999995883e+01 3.777224525572560609e-01 0.000000000000000000e+00 2.073565192004077851e+00
-2.831384799999995394e+01 3.806422852103391596e-01 0.000000000000000000e+00 2.133426299512243052e+00
-2.838322599999995077e+01 3.815749807755383083e-01 0.000000000000000000e+00 2.314912306937807251e+00
-2.781699399999995137e+01 3.739627394991416609e-01 0.000000000000000000e+00 2.077184824981964439e+00
-2.838111599999995249e+01 3.815466146127407532e-01 0.000000000000000000e+00 2.204694575183244076e+00
-2.837043199999994059e+01 3.814029823457598667e-01 0.000000000000000000e+00 1.933822960302710392e+00
-2.762093399999994503e+01 3.713269717844056572e-01 0.000000000000000000e+00 1.737901828673026339e+00
-2.818687199999994775e+01 3.789352606191613848e-01 0.000000000000000000e+00 2.366615021804413743e+00
-2.839110199999995743e+01 3.816808631917439354e-01 0.000000000000000000e+00 2.518837474435820845e+00
-2.824058999999995834e+01 3.796574281704222509e-01 0.000000000000000000e+00 1.772207925729991640e+00
-2.821299599999995067e+01 3.792864632906893241e-01 0.000000000000000000e+00 2.105520596193240390e+00
-2.756694599999994466e+01 3.706011744398011731e-01 0.000000000000000000e+00 2.109340444545152238e+00
-2.866374599999993933e+01 3.853462016229201037e-01 0.000000000000000000e+00 2.316959343335722288e+00
-2.828133399999996911e+01 3.802051774296756892e-01 0.000000000000000000e+00 2.080077408049707532e+00
-2.881017999999995993e+01 3.873148133210721489e-01 0.000000000000000000e+00 2.398243670402626648e+00
-2.778087599999994595e+01 3.734771806991781240e-01 0.000000000000000000e+00 1.947042928722134247e+00
-2.785902199999997109e+01 3.745277504422966364e-01 0.000000000000000000e+00 1.829294735632872593e+00
-2.808076399999993811e+01 3.775087787224194469e-01 0.000000000000000000e+00 2.075955865391782673e+00
-2.790052399999994392e+01 3.750856900102702007e-01 0.000000000000000000e+00 1.900448763330504054e+00
-2.852475399999994465e+01 3.834776377842658568e-01 0.000000000000000000e+00 2.353719077297102835e+00
-2.856770599999996563e+01 3.840550706868640085e-01 0.000000000000000000e+00 2.029219890202123011e+00
-2.836489199999995137e+01 3.813285043638175442e-01 0.000000000000000000e+00 2.113157205053302512e+00
-2.850900799999995883e+01 3.832659536139292333e-01 0.000000000000000000e+00 2.274350740951061933e+00
-2.785143999999995046e+01 3.744258204677318180e-01 0.000000000000000000e+00 1.936134458975492745e+00
-2.785041999999996420e+01 3.744121079150999898e-01 0.000000000000000000e+00 2.122208165895593801e+00
-2.846789799999995552e+01 3.827132839681432475e-01 0.000000000000000000e+00 2.506734219833616883e+00
-2.873778399999994804e+01 3.863415447324969887e-01 0.000000000000000000e+00 2.114635270254910271e+00
-2.770314399999994492e+01 3.724321766391870403e-01 0.000000000000000000e+00 2.009312770014020089e+00
-2.782721999999994722e+01 3.741002145611169727e-01 0.000000000000000000e+00 2.420738600451765699e+00
-2.823145199999994759e+01 3.795345798312542152e-01 0.000000000000000000e+00 2.420461393134070160e+00
-2.824171599999995053e+01 3.796725657530335973e-01 0.000000000000000000e+00 2.125658658455460426e+00
-2.813394599999995194e+01 3.782237404617090903e-01 0.000000000000000000e+00 1.675783226707180162e+00
-2.840590999999995248e+01 3.818799371911308360e-01 0.000000000000000000e+00 2.239723555520081177e+00
-2.854345999999995342e+01 3.837291152445936881e-01 0.000000000000000000e+00 2.215400653825329691e+00
-2.847632999999993686e+01 3.828266410699008859e-01 0.000000000000000000e+00 2.474372703016735731e+00
-2.827326199999995282e+01 3.800966600523759675e-01 0.000000000000000000e+00 2.327411120753285267e+00
-2.825038599999994560e+01 3.797891224504055252e-01 0.000000000000000000e+00 2.245330539884355492e+00
-2.816452799999995449e+01 3.786348750544463182e-01 0.000000000000000000e+00 2.016630536820357200e+00
-2.849755799999995176e+01 3.831120234887954168e-01 0.000000000000000000e+00 1.962456211397473504e+00
-2.781464799999995918e+01 3.739312006280881562e-01 0.000000000000000000e+00 1.594899499349806016e+00
-2.848661399999995680e+01 3.829648958652615010e-01 0.000000000000000000e+00 2.182637940658972209e+00
-2.807573799999995501e+01 3.774412107915094405e-01 0.000000000000000000e+00 2.068232430072606487e+00
-2.860396399999993022e+01 3.845425116018940659e-01 0.000000000000000000e+00 2.492915998840868674e+00
-2.802330199999996552e+01 3.767362780367922159e-01 0.000000000000000000e+00 2.174482192813877113e+00
-2.832794599999995455e+01 3.808318141975999827e-01 0.000000000000000000e+00 2.192380722273842952e+00
-2.844265199999994564e+01 3.823738848468219986e-01 0.000000000000000000e+00 2.174713393515419924e+00
-2.814947599999995376e+01 3.784325207973708860e-01 0.000000000000000000e+00 1.839215404257088293e+00
-2.824844199999995809e+01 3.797629879383305762e-01 0.000000000000000000e+00 2.146624207051385458e+00
-2.835797599999993324e+01 3.812355278795007130e-01 0.000000000000000000e+00 2.143790661474730186e+00
-2.839047799999995192e+01 3.816724743360160321e-01 0.000000000000000000e+00 2.214612960123613306e+00
-2.856886799999994864e+01 3.840706922419210301e-01 0.000000000000000000e+00 2.078984948948778833e+00
-2.832353199999993620e+01 3.807724737982686736e-01 0.000000000000000000e+00 2.108259696923679982e+00
-2.821400199999995095e+01 3.792999876318146057e-01 0.000000000000000000e+00 2.228463286706329871e+00
-2.833704599999995466e+01 3.809541516769638925e-01 0.000000000000000000e+00 2.565684219506808805e+00
-2.793214599999995329e+01 3.755108060292205452e-01 0.000000000000000000e+00 2.057292761408899384e+00
-2.788981799999995914e+01 3.749417619823505743e-01 0.000000000000000000e+00 2.301319908857752061e+00
-2.884644999999995818e+01 3.878024155602513012e-01 0.000000000000000000e+00 2.507130130167949389e+00
-2.840230999999995731e+01 3.818315399465473381e-01 0.000000000000000000e+00 2.367393563893345210e+00
-2.764897999999994482e+01 3.717040132070695835e-01 0.000000000000000000e+00 2.271168384312134414e+00
-2.888697399999995241e+01 3.883472072101132877e-01 0.000000000000000000e+00 2.528532269699782287e+00
-2.872924599999995365e+01 3.862267626007597765e-01 0.000000000000000000e+00 2.164237380855183801e+00
-2.824679199999994239e+01 3.797408058678962695e-01 0.000000000000000000e+00 2.039674783330307051e+00
-2.817085999999994783e+01 3.787200004301970457e-01 0.000000000000000000e+00 2.168138703770558617e+00
-2.790796399999996069e+01 3.751857109824097702e-01 0.000000000000000000e+00 1.612413548572511734e+00
-2.781342599999995002e+01 3.739147724522877136e-01 0.000000000000000000e+00 2.317579391800196564e+00
-2.889844199999995311e+01 3.885013793214699973e-01 0.000000000000000000e+00 2.641066663652121171e+00
-2.844072199999994766e+01 3.823479385462535962e-01 0.000000000000000000e+00 2.654567866279336830e+00
-2.822358799999996037e+01 3.794288587391974610e-01 0.000000000000000000e+00 1.930530666317403110e+00
-2.845644799999994845e+01 3.825593538430094309e-01 0.000000000000000000e+00 2.298713802181427290e+00
-2.795361799999995256e+01 3.757994687058032746e-01 0.000000000000000000e+00 2.384183196150002626e+00
-2.813408599999994308e+01 3.782256225767761104e-01 0.000000000000000000e+00 1.996613137392438952e+00
-2.723726999999995613e+01 3.661691161049891452e-01 0.000000000000000000e+00 1.925964232940387877e+00
-2.776768599999996212e+01 3.732998585724958684e-01 0.000000000000000000e+00 1.983379347417335792e+00
-2.799107599999994278e+01 3.763030420356948680e-01 0.000000000000000000e+00 2.099911423005428990e+00
-2.783317399999995700e+01 3.741802582261866128e-01 0.000000000000000000e+00 1.954593298812214108e+00
-2.836502599999995411e+01 3.813303058168104331e-01 0.000000000000000000e+00 2.081838885790127325e+00
-2.778207799999995586e+01 3.734933400013975557e-01 0.000000000000000000e+00 1.682940493950329186e+00
-2.885663799999994694e+01 3.879393797624225981e-01 0.000000000000000000e+00 2.421450447657478744e+00
-2.849671999999994298e+01 3.831007576857505259e-01 0.000000000000000000e+00 2.020639454342223917e+00
-2.897677799999993553e+01 3.895545033636076404e-01 0.000000000000000000e+00 2.397502378489883235e+00
-2.787499999999993605e+01 3.747425535461728074e-01 0.000000000000000000e+00 1.899889518956937806e+00
-2.854053999999994673e+01 3.836898597017647239e-01 0.000000000000000000e+00 1.813483651635016569e+00
-2.811057399999996065e+01 3.779095347949296135e-01 0.000000000000000000e+00 1.937791528467915469e+00
-2.788924599999994669e+01 3.749340721979332880e-01 0.000000000000000000e+00 1.850934766593856695e+00
-2.861059799999994624e+01 3.846316969687185172e-01 0.000000000000000000e+00 2.133092658108589390e+00
-2.849108999999996428e+01 3.830250697726937936e-01 0.000000000000000000e+00 2.707915502669158148e+00
-2.850795399999995894e+01 3.832517839762095146e-01 0.000000000000000000e+00 1.846509308437260133e+00
-2.844806999999994801e+01 3.824467226999202496e-01 0.000000000000000000e+00 2.269834472027429939e+00
-2.834009199999995232e+01 3.809951011233531637e-01 0.000000000000000000e+00 1.792363030602534879e+00
-2.815292799999995665e+01 3.784789283774548929e-01 0.000000000000000000e+00 2.530863714671018005e+00
-2.905761599999996392e+01 3.906412634907314718e-01 0.000000000000000000e+00 2.404641951915738041e+00
-2.820298999999995715e+01 3.791519458381052421e-01 0.000000000000000000e+00 2.545797741396793157e+00
-2.839916199999995428e+01 3.817892192448948396e-01 0.000000000000000000e+00 2.302490260424459034e+00
-2.869751399999994845e+01 3.858001677771138449e-01 0.000000000000000000e+00 1.941079683574024717e+00
-2.796705799999994468e+01 3.759801517522483594e-01 0.000000000000000000e+00 2.109499129272159657e+00
-2.795673999999994308e+01 3.758414398718002980e-01 0.000000000000000000e+00 2.275787201800464565e+00
-2.804802799999994534e+01 3.770686864450065734e-01 0.000000000000000000e+00 2.088696364976648567e+00
-2.878842799999993929e+01 3.870223864143548798e-01 0.000000000000000000e+00 2.620121286423915841e+00
-2.866872399999995125e+01 3.854131242572360616e-01 0.000000000000000000e+00 2.328985253828262714e+00
-2.853745999999996030e+01 3.836484531702878398e-01 0.000000000000000000e+00 2.458780491597122531e+00
-2.857877399999994239e+01 3.842038653265999470e-01 0.000000000000000000e+00 2.133509554209454873e+00
-2.843670799999994614e+01 3.822939756185429472e-01 0.000000000000000000e+00 1.916415996344860151e+00
-2.877257199999995052e+01 3.868092234393226136e-01 0.000000000000000000e+00 2.503975383752885087e+00
-2.826053799999994709e+01 3.799256026801311470e-01 0.000000000000000000e+00 2.265203878030952023e+00
-2.767092999999995584e+01 3.719991019622387873e-01 0.000000000000000000e+00 1.658834581136936492e+00
-2.817095399999995564e+01 3.787212641360279131e-01 0.000000000000000000e+00 1.847978476164609862e+00
-2.810255999999995069e+01 3.778017971510148620e-01 0.000000000000000000e+00 2.078957108793257902e+00
-2.813952599999994675e+01 3.782987561908134899e-01 0.000000000000000000e+00 2.234895755172685572e+00
-2.893133799999995759e+01 3.889436225875312347e-01 0.000000000000000000e+00 2.236105369790081898e+00
-2.812928999999994417e+01 3.781611466920475895e-01 0.000000000000000000e+00 1.852042089618151977e+00
-2.873614599999995178e+01 3.863195239862114994e-01 0.000000000000000000e+00 2.428887657095716079e+00
-2.847793599999995706e+01 3.828482316184570466e-01 0.000000000000000000e+00 1.557029266673161771e+00
-2.858606999999996390e+01 3.843019504089562610e-01 0.000000000000000000e+00 2.690502696504686764e+00
-2.804341799999995999e+01 3.770067110845817249e-01 0.000000000000000000e+00 1.881953103913402980e+00
-2.828732399999994840e+01 3.802857050671908379e-01 0.000000000000000000e+00 2.118112209574241067e+00
-2.836330599999994462e+01 3.813071826888426163e-01 0.000000000000000000e+00 2.379141109168890100e+00
-2.787742399999994802e+01 3.747751410241925707e-01 0.000000000000000000e+00 2.161370100874335343e+00
-2.847728799999996951e+01 3.828395201144321747e-01 0.000000000000000000e+00 2.005347241110700729e+00
-2.848957199999994572e+01 3.830046622678941470e-01 0.000000000000000000e+00 2.385694273557458445e+00
-2.899829599999993945e+01 3.898437844494267446e-01 0.000000000000000000e+00 2.460684650637464888e+00
-2.862712399999995228e+01 3.848538672087151724e-01 0.000000000000000000e+00 2.200596780541427488e+00
-2.808336199999996197e+01 3.775437054005942317e-01 0.000000000000000000e+00 1.780829369532605844e+00
-2.793474399999995583e+01 3.755457327073950524e-01 0.000000000000000000e+00 1.774848421145998500e+00
-2.804724999999996271e+01 3.770582272627051035e-01 0.000000000000000000e+00 1.917172457400257324e+00
-2.892423799999994571e+01 3.888481724662690708e-01 0.000000000000000000e+00 2.035988470863944855e+00
-2.808639199999995029e+01 3.775844397481185610e-01 0.000000000000000000e+00 1.789077954028811535e+00
-2.792881799999996062e+01 3.754660654653390051e-01 0.000000000000000000e+00 2.050107059258174491e+00
-2.812308399999994890e+01 3.780777152198572244e-01 0.000000000000000000e+00 2.276531743671376340e+00
-2.855987199999995951e+01 3.839497529051785207e-01 0.000000000000000000e+00 2.591686219865048546e+00
-2.867313999999995033e+01 3.854724915439252109e-01 0.000000000000000000e+00 2.275436999920247949e+00
-2.850883999999996021e+01 3.832636950758487315e-01 0.000000000000000000e+00 1.810034981748008587e+00
-2.816232799999995251e+01 3.786052989605340757e-01 0.000000000000000000e+00 2.158972776042562103e+00
-2.816827999999994958e+01 3.786853157382455426e-01 0.000000000000000000e+00 1.628133214215692792e+00
-2.884491999999995571e+01 3.877818467313032813e-01 0.000000000000000000e+00 2.152233197158126554e+00
-2.835935799999994700e+01 3.812541070439493529e-01 0.000000000000000000e+00 2.171742378325325795e+00
-2.827140199999995218e+01 3.800716548093411307e-01 0.000000000000000000e+00 2.430438223526736774e+00
-2.834102999999995731e+01 3.810077112943030531e-01 0.000000000000000000e+00 1.966940783233565693e+00
-2.800469199999994530e+01 3.764860911696530921e-01 0.000000000000000000e+00 2.159697019046136646e+00
-2.864349999999994978e+01 3.850740208968540523e-01 0.000000000000000000e+00 1.706243740566458555e+00
-2.812311399999994421e+01 3.780781185302287128e-01 0.000000000000000000e+00 2.295680367230788832e+00
-2.875451399999993285e+01 3.865664574830197098e-01 0.000000000000000000e+00 2.098242795602303090e+00
-2.867381199999994834e+01 3.854815256962474401e-01 0.000000000000000000e+00 2.086110081219506807e+00
-2.840785799999995831e+01 3.819061254779222425e-01 0.000000000000000000e+00 2.296932313843792262e+00
-2.801628599999996183e+01 3.766419571845704417e-01 0.000000000000000000e+00 1.960400901538130070e+00
-2.783311799999995273e+01 3.741795053801597049e-01 0.000000000000000000e+00 1.760657642994327698e+00
-2.873763199999995521e+01 3.863395012932813177e-01 0.000000000000000000e+00 2.192879459296853462e+00
-2.804598799999994441e+01 3.770412613397425283e-01 0.000000000000000000e+00 1.761476023587243089e+00
-2.824076399999995246e+01 3.796597673705770504e-01 0.000000000000000000e+00 2.029633389870389770e+00
-2.833816399999995994e+01 3.809691817101429900e-01 0.000000000000000000e+00 1.862589326257096944e+00
-2.856243599999994842e+01 3.839842224982650820e-01 0.000000000000000000e+00 2.029261763636612148e+00
-2.807077999999994233e+01 3.773745570307744934e-01 0.000000000000000000e+00 1.817661392498002293e+00
-2.818771799999994698e+01 3.789466339716385246e-01 0.000000000000000000e+00 2.060985873553202730e+00
-2.744866599999995671e+01 3.690110560816509677e-01 0.000000000000000000e+00 1.700791539089486104e+00
-2.834954599999995395e+01 3.811221976651011922e-01 0.000000000000000000e+00 2.042817454450117864e+00
-2.877864799999993295e+01 3.868909072332361587e-01 0.000000000000000000e+00 2.207335956565624091e+00
-2.786843799999994786e+01 3.746543361242404280e-01 0.000000000000000000e+00 2.184481398769904548e+00
-2.741583399999994697e+01 3.685696732110489426e-01 0.000000000000000000e+00 2.061673456210862732e+00
-2.818764599999994758e+01 3.789456660267468413e-01 0.000000000000000000e+00 1.901974608345736506e+00
-2.769044799999995732e+01 3.722614956899559235e-01 0.000000000000000000e+00 2.376985501010926427e+00
-2.845134599999995118e+01 3.824907641924913393e-01 0.000000000000000000e+00 1.719703266829319288e+00
-2.879038799999995746e+01 3.870487360252950482e-01 0.000000000000000000e+00 2.173837789720328040e+00
-2.857022999999995605e+01 3.840890025327885482e-01 0.000000000000000000e+00 2.032116392390510118e+00
-2.796022199999994484e+01 3.758882507622558489e-01 0.000000000000000000e+00 2.079554063093646210e+00
-2.812156999999994866e+01 3.780573614897740353e-01 0.000000000000000000e+00 2.259113608131393836e+00
-2.788944999999995744e+01 3.749368147084597980e-01 0.000000000000000000e+00 2.118082076294304894e+00
-2.830296999999995577e+01 3.804960448696226294e-01 0.000000000000000000e+00 1.839088159739203254e+00
-2.863934799999994496e+01 3.850182027414342789e-01 0.000000000000000000e+00 1.643327190011259153e+00
-2.878300199999995357e+01 3.869494410118244354e-01 0.000000000000000000e+00 2.546243342651278940e+00
-2.884226399999994328e+01 3.877461403197436929e-01 0.000000000000000000e+00 1.942697452571104932e+00
-2.770848599999994732e+01 3.725039927726774280e-01 0.000000000000000000e+00 2.076035011334555591e+00
-2.879023799999995248e+01 3.870467194734373284e-01 0.000000000000000000e+00 2.080329428787370816e+00
-2.806495999999994950e+01 3.772963148186978533e-01 0.000000000000000000e+00 2.138557554837730912e+00
-2.788128999999993951e+01 3.748271142874035622e-01 0.000000000000000000e+00 2.155198791248264190e+00
-2.789326799999995288e+01 3.749881426750764080e-01 0.000000000000000000e+00 2.355628973240844637e+00
-2.838748799999995498e+01 3.816322777356536688e-01 0.000000000000000000e+00 2.064574448351000679e+00
-2.826405599999995033e+01 3.799728975430325395e-01 0.000000000000000000e+00 1.895576282850428784e+00
-2.770027999999995316e+01 3.723936739423851505e-01 0.000000000000000000e+00 2.204568520599938797e+00
-2.809623399999994220e+01 3.777167524373382101e-01 0.000000000000000000e+00 1.746655123037264445e+00
-2.852709799999995610e+01 3.835091497679615213e-01 0.000000000000000000e+00 2.543347287224122955e+00
-2.849287399999994719e+01 3.830490532961205452e-01 0.000000000000000000e+00 2.448455947777304686e+00
-2.843091599999995012e+01 3.822161098294797332e-01 0.000000000000000000e+00 1.887117670728499563e+00
-2.860695399999994137e+01 3.845827082022566512e-01 0.000000000000000000e+00 2.113374864873429626e+00
-2.912580599999995812e+01 3.915579879652179573e-01 0.000000000000000000e+00 2.225751973704277464e+00
-2.742374999999996987e+01 3.686760933744168134e-01 0.000000000000000000e+00 1.975109187289950885e+00
-2.971875999999994988e+01 3.995294712332149167e-01 0.000000000000000000e+00 2.470666816301161806e+00
-2.910116399999996872e+01 3.912267088260437675e-01 0.000000000000000000e+00 1.923482492904234675e+00
-3.003559999999992414e+01 4.037889665037282527e-01 0.000000000000000000e+00 2.090975458410921917e+00
-2.946201999999996346e+01 3.960779410736655071e-01 0.000000000000000000e+00 2.479084804006217890e+00
-3.052985199999994137e+01 4.104335317620353418e-01 0.000000000000000000e+00 2.224594880221355986e+00
-3.136925399999993758e+01 4.217181828447891800e-01 0.000000000000000000e+00 2.494104817907841998e+00
-3.109373599999993587e+01 4.180142072800202002e-01 0.000000000000000000e+00 1.872870563757649487e+00
-3.200840799999995312e+01 4.303107640849418991e-01 0.000000000000000000e+00 2.252784944910667608e+00
-3.119423799999994174e+01 4.193653239120022636e-01 0.000000000000000000e+00 2.067807457127847304e+00
-3.096252399999994509e+01 4.162502352643826509e-01 0.000000000000000000e+00 1.888309168270317029e+00
-3.197968999999994111e+01 4.299246885099555771e-01 0.000000000000000000e+00 1.845851892758462620e+00
-3.105133799999994082e+01 4.174442221756166638e-01 0.000000000000000000e+00 2.138520392620216537e+00
-3.198353399999994551e+01 4.299763660122276621e-01 0.000000000000000000e+00 2.077408325571926451e+00
-3.180226799999993759e+01 4.275394840853719014e-01 0.000000000000000000e+00 2.052914567140034396e+00
-3.126268999999996012e+01 4.202855706304004513e-01 0.000000000000000000e+00 1.842878148495450397e+00
-3.184215399999994034e+01 4.280756986679994935e-01 0.000000000000000000e+00 2.307228017148533539e+00
-3.194086199999994946e+01 4.294026973397641056e-01 0.000000000000000000e+00 1.847437188488447068e+00
-3.100287399999994875e+01 4.167926877140898934e-01 0.000000000000000000e+00 2.316907729451459730e+00
-3.218017199999992783e+01 4.326199041734547501e-01 0.000000000000000000e+00 2.429017760000943049e+00
-3.213164799999994869e+01 4.319675630911851139e-01 0.000000000000000000e+00 1.733979397806144629e+00
-3.234893199999995517e+01 4.348886594500991354e-01 0.000000000000000000e+00 2.229856919850702557e+00
-3.266090199999994326e+01 4.390826840036344270e-01 0.000000000000000000e+00 2.145500368564663862e+00
-3.267525599999994057e+01 4.392756545727322104e-01 0.000000000000000000e+00 1.880159913267641203e+00
-3.292468799999994644e+01 4.426289383257772658e-01 0.000000000000000000e+00 2.308551418700445446e+00
-3.290215799999994317e+01 4.423260522367585823e-01 0.000000000000000000e+00 2.035077535126305293e+00
-3.357025199999993248e+01 4.513076935486464158e-01 0.000000000000000000e+00 2.180167787560202797e+00
-3.387234999999994045e+01 4.553690021025906254e-01 0.000000000000000000e+00 2.042012432292311441e+00
-3.358011799999993485e+01 4.514403288861634223e-01 0.000000000000000000e+00 2.157154699517985108e+00
-3.448359199999994473e+01 4.635863433730720851e-01 0.000000000000000000e+00 2.020850536193194991e+00
-3.562153999999993914e+01 4.788845510617809609e-01 0.000000000000000000e+00 2.420955188984444284e+00
-3.475544399999994027e+01 4.672410344104401259e-01 0.000000000000000000e+00 2.470179598194708781e+00
-3.505419399999993146e+01 4.712573335269213959e-01 0.000000000000000000e+00 1.902938981692382736e+00
-3.485119399999992851e+01 4.685282666795716477e-01 0.000000000000000000e+00 2.120787497811302380e+00
-3.428336799999993190e+01 4.608945961787677681e-01 0.000000000000000000e+00 2.039695546447553021e+00
-3.552554599999994167e+01 4.775940385349608519e-01 0.000000000000000000e+00 1.688651016653365033e+00
-3.446484399999992831e+01 4.633343012782240589e-01 0.000000000000000000e+00 2.065904905079689602e+00
-3.385679799999995510e+01 4.551599260059899232e-01 0.000000000000000000e+00 1.629265114748785548e+00
-3.578595599999994192e+01 4.810949069966275471e-01 0.000000000000000000e+00 2.103149181696031267e+00
-3.420487199999993777e+01 4.598393211479818166e-01 0.000000000000000000e+00 1.789291868624923287e+00
-3.583371399999994367e+01 4.817369502207444754e-01 0.000000000000000000e+00 2.041323701708172234e+00
-3.615079599999993576e+01 4.859996988615883917e-01 0.000000000000000000e+00 1.844613456095362425e+00
-3.486534199999994854e+01 4.687184678507852476e-01 0.000000000000000000e+00 2.175987613470205417e+00
-3.628143799999992325e+01 4.877560079801668835e-01 0.000000000000000000e+00 2.161376170419338383e+00
-3.620283799999992880e+01 4.866993348067595870e-01 0.000000000000000000e+00 2.055800908824401141e+00
-3.679020999999993791e+01 4.945957754582941956e-01 0.000000000000000000e+00 2.018493306549678401e+00
-3.810942199999993107e+01 5.123308381865006034e-01 0.000000000000000000e+00 2.376440039668026749e+00
-3.815933999999992920e+01 5.130019197573675305e-01 0.000000000000000000e+00 2.222171076795270928e+00
-3.802800999999992371e+01 5.112363613876017565e-01 0.000000000000000000e+00 2.303873772561984445e+00
-3.685902999999995444e+01 4.955209694505831042e-01 0.000000000000000000e+00 2.269177765805994174e+00
-3.827563599999994182e+01 5.145653658562808763e-01 0.000000000000000000e+00 2.023571780743698145e+00
-3.831487999999993832e+01 5.150929495969577276e-01 0.000000000000000000e+00 2.363227369851695681e+00
-3.781302199999993263e+01 5.083461317157890180e-01 0.000000000000000000e+00 1.852604816897526208e+00
-3.776006999999991365e+01 5.076342620226810265e-01 0.000000000000000000e+00 2.154478007112468507e+00
-3.667747599999991337e+01 4.930802157441602218e-01 0.000000000000000000e+00 1.852366293113385298e+00
-3.747381999999996083e+01 5.037860088943375558e-01 0.000000000000000000e+00 2.042051855909203351e+00
-3.919326799999991096e+01 5.269017159511928394e-01 0.000000000000000000e+00 2.059535057312447570e+00
-3.992909799999992515e+01 5.367939783072784854e-01 0.000000000000000000e+00 2.197731437806547117e+00
-4.186270399999992264e+01 5.627887567823350867e-01 0.000000000000000000e+00 1.820937139897636836e+00
-4.372629599999992678e+01 5.878422895123160963e-01 0.000000000000000000e+00 2.146915662291823068e+00
-4.585358399999992685e+01 6.164408666333253128e-01 0.000000000000000000e+00 1.796574292487867597e+00
-4.758741999999991634e+01 6.397500013443667699e-01 0.000000000000000000e+00 1.916192521590139641e+00
-4.655545599999991424e+01 6.258766085361973097e-01 0.000000000000000000e+00 1.792603920170348530e+00
-4.740746199999990296e+01 6.373307037497096816e-01 0.000000000000000000e+00 1.857874871931243232e+00
-4.754400799999989857e+01 6.391663843494052033e-01 0.000000000000000000e+00 1.628000074682944387e+00
-4.760107799999993006e+01 6.399336151128452999e-01 0.000000000000000000e+00 1.827256635294637777e+00
-4.705246999999994273e+01 6.325583052360433944e-01 0.000000000000000000e+00 1.549912764276972110e+00
-4.753523999999992355e+01 6.390485101714865612e-01 0.000000000000000000e+00 1.904071074133929287e+00
-4.719500199999989576e+01 6.344744596985375518e-01 0.000000000000000000e+00 1.511556672619790653e+00
-4.711752199999991575e+01 6.334328434456676371e-01 0.000000000000000000e+00 1.547851333631967696e+00
-4.709271999999989333e+01 6.330994133178448058e-01 0.000000000000000000e+00 1.916538482143094191e+00
-4.763274599999991921e+01 6.403593495410316860e-01 0.000000000000000000e+00 2.162906670696970846e+00
-4.650247399999992126e+01 6.251643355327182183e-01 0.000000000000000000e+00 1.631507801014668413e+00
-4.717402999999993796e+01 6.341925188614808695e-01 0.000000000000000000e+00 1.680353767316077329e+00
-4.711751399999990042e+01 6.334327358962349441e-01 0.000000000000000000e+00 1.746742867469206484e+00
-4.770063599999991055e+01 6.412720409118028986e-01 0.000000000000000000e+00 1.681310615610825954e+00
-4.706263999999991654e+01 6.326950274519914652e-01 0.000000000000000000e+00 1.358846771599677927e+00
-4.764559999999990936e+01 6.405321545915528825e-01 0.000000000000000000e+00 1.517661089381361794e+00
-4.808809999999990481e+01 6.464809825716132385e-01 0.000000000000000000e+00 2.002210298140481015e+00
-4.752633199999993963e+01 6.389287538785005660e-01 0.000000000000000000e+00 1.785655987369427100e+00
-4.782908799999992766e+01 6.429989083732601252e-01 0.000000000000000000e+00 2.225722872259026541e+00
-4.825049399999993938e+01 6.486641553874191723e-01 0.000000000000000000e+00 1.899961491891535070e+00
-4.805154799999992576e+01 6.459895892149418728e-01 0.000000000000000000e+00 1.775724529236821780e+00
-4.837850399999993556e+01 6.503850807427354885e-01 0.000000000000000000e+00 1.956590960587966777e+00
-4.850760599999990319e+01 6.521206865955752052e-01 0.000000000000000000e+00 1.747192487925307569e+00
-4.849504599999988841e+01 6.519518339866946510e-01 0.000000000000000000e+00 1.567605718788942282e+00
-4.837687599999993893e+01 6.503631944332405324e-01 0.000000000000000000e+00 1.674980829386449654e+00
-4.867004399999991904e+01 6.543044509332590630e-01 0.000000000000000000e+00 1.807475210236699548e+00
-4.797110199999989533e+01 6.449080990100061195e-01 0.000000000000000000e+00 1.839325806984283496e+00
-4.880378799999990491e+01 6.561024623442537340e-01 0.000000000000000000e+00 1.790084039744920030e+00
-4.811542999999989689e+01 6.468483983200764564e-01 0.000000000000000000e+00 1.702947514716407040e+00
-4.822363399999992595e+01 6.483030581681095139e-01 0.000000000000000000e+00 1.699909968870900512e+00
-4.865673799999988347e+01 6.541255693398062565e-01 0.000000000000000000e+00 1.792522806514535105e+00
-4.916549599999991926e+01 6.609651486064271886e-01 0.000000000000000000e+00 2.036863558499545590e+00
-4.856400799999991591e+01 6.528789369814089749e-01 0.000000000000000000e+00 1.903450102647476161e+00
-4.908914599999992134e+01 6.599387237108845783e-01 0.000000000000000000e+00 2.201274444058406665e+00
-4.894898599999988420e+01 6.580544576550981795e-01 0.000000000000000000e+00 2.102996154552986496e+00
-4.884234399999989051e+01 6.566207968337431922e-01 0.000000000000000000e+00 2.067635446851003422e+00
-4.854671799999991322e+01 6.526464957706173964e-01 0.000000000000000000e+00 1.510154991067626407e+00
-4.844314999999991755e+01 6.512541608186651620e-01 0.000000000000000000e+00 1.378769030070964297e+00
-4.874973599999991336e+01 6.553758046041900931e-01 0.000000000000000000e+00 1.724352813714657318e+00
-4.921918799999991734e+01 6.616869666220325241e-01 0.000000000000000000e+00 1.903091301667055202e+00
-4.847755199999991049e+01 6.517166502653770621e-01 0.000000000000000000e+00 1.559316884393789682e+00
-4.887555599999988232e+01 6.570672883023843669e-01 0.000000000000000000e+00 1.735426602362041937e+00
-4.928257599999992067e+01 6.625391345497163575e-01 0.000000000000000000e+00 2.067958015180553666e+00
-4.951293799999992729e+01 6.656360473432592073e-01 0.000000000000000000e+00 1.918410228550207597e+00
-4.827725399999992106e+01 6.490239082388231662e-01 0.000000000000000000e+00 1.623463239119296020e+00
-4.841403999999992180e+01 6.508628153214910395e-01 0.000000000000000000e+00 1.729919525424360671e+00
-4.905974199999992180e+01 6.595434257720694804e-01 0.000000000000000000e+00 1.994895669542544381e+00
-4.939732399999990520e+01 6.640817698334584573e-01 0.000000000000000000e+00 1.821341455632095707e+00
-4.872900799999992216e+01 6.550971440248213318e-01 0.000000000000000000e+00 1.664585166369377589e+00
-4.887405399999992994e+01 6.570470958964504948e-01 0.000000000000000000e+00 1.639026513206524482e+00
-4.877878399999990222e+01 6.557663165932628990e-01 0.000000000000000000e+00 1.633886578579005322e+00
-4.892571999999990595e+01 6.577416770182983319e-01 0.000000000000000000e+00 1.714387764442071749e+00
-4.943889199999989614e+01 6.646405966842495738e-01 0.000000000000000000e+00 1.810218376339264745e+00
-4.918371399999990956e+01 6.612100655513778458e-01 0.000000000000000000e+00 1.422602014450699892e+00
-4.957393399999990180e+01 6.664560579906526616e-01 0.000000000000000000e+00 2.482356326835005067e+00
-4.857959399999990779e+01 6.530884701630974565e-01 0.000000000000000000e+00 2.067668207651637502e+00
-4.906817599999990165e+01 6.596568097611851256e-01 0.000000000000000000e+00 1.670640550541961922e+00
-4.868587999999992633e+01 6.545173450347105959e-01 0.000000000000000000e+00 1.667093444994440787e+00
-4.892261399999992477e+01 6.576999209511661393e-01 0.000000000000000000e+00 1.796452739331181103e+00
-4.891478799999993043e+01 6.575947107189132890e-01 0.000000000000000000e+00 1.881866578385524846e+00
-4.904005399999989123e+01 6.592787466189132806e-01 0.000000000000000000e+00 2.023218636628281164e+00
-4.881019799999990028e+01 6.561886363269704425e-01 0.000000000000000000e+00 1.576468820310158003e+00
-4.894966599999990109e+01 6.580635993568531017e-01 0.000000000000000000e+00 1.871984136394625020e+00
-4.902258599999992583e+01 6.590439124332511112e-01 0.000000000000000000e+00 1.852470706867457739e+00
-4.904031399999991692e+01 6.592822419754668095e-01 0.000000000000000000e+00 1.673125364899685108e+00
-4.941314799999990726e+01 6.642945026107612838e-01 0.000000000000000000e+00 1.918987236811768193e+00
-4.925987199999992328e+01 6.622339092605428190e-01 0.000000000000000000e+00 1.851659972171297852e+00
-4.913477799999991191e+01 6.605521856733389541e-01 0.000000000000000000e+00 1.874060324998459537e+00
-4.829327599999991349e+01 6.492393028645779829e-01 0.000000000000000000e+00 1.464387035493421862e+00
-4.829001599999992322e+01 6.491954764708719461e-01 0.000000000000000000e+00 1.674702614379669496e+00
-4.902841999999991174e+01 6.591223428568343534e-01 0.000000000000000000e+00 2.039352216917535543e+00
-4.926477799999992158e+01 6.622998639499669826e-01 0.000000000000000000e+00 2.202076167068641066e+00
-4.954714199999988011e+01 6.660958749415183400e-01 0.000000000000000000e+00 2.118821905614799217e+00
-4.852059799999990730e+01 6.522953468738056371e-01 0.000000000000000000e+00 1.441105177606843313e+00
-4.945772399999991364e+01 6.648937680481379342e-01 0.000000000000000000e+00 1.951610544809106562e+00
-4.955092999999988734e+01 6.661467995977635725e-01 0.000000000000000000e+00 1.718440441978208222e+00
-4.923389799999991112e+01 6.618847231408724330e-01 0.000000000000000000e+00 1.889401304244496593e+00
-4.939297199999987242e+01 6.640232629422281319e-01 0.000000000000000000e+00 1.756272286480255351e+00
-4.904630999999992724e+01 6.593628502750567000e-01 0.000000000000000000e+00 1.907377563673233301e+00
-4.915165999999991442e+01 6.607791418630776237e-01 0.000000000000000000e+00 1.664913571451695384e+00
-4.898272199999989596e+01 6.585079936115623145e-01 0.000000000000000000e+00 2.080721904230220076e+00
-4.904963399999992646e+01 6.594075370642221712e-01 0.000000000000000000e+00 1.791086928966640235e+00
-4.870721799999990509e+01 6.548042062583001588e-01 0.000000000000000000e+00 1.701391850683350304e+00
-4.893454199999990095e+01 6.578602771548860417e-01 0.000000000000000000e+00 1.667162073109918596e+00
-4.932022999999990276e+01 6.630453428407018235e-01 0.000000000000000000e+00 2.181216296477770378e+00
-4.884060799999990365e+01 6.565974586069108776e-01 0.000000000000000000e+00 1.917602696112355121e+00
-4.892780799999993491e+01 6.577697474201571470e-01 0.000000000000000000e+00 1.736832738391199893e+00
-4.852986799999992229e+01 6.524199697786084995e-01 0.000000000000000000e+00 1.314675155858017197e+00
-4.937525999999991910e+01 6.637851484988777084e-01 0.000000000000000000e+00 2.109266976794057058e+00
-4.997843599999990261e+01 6.718940530541337441e-01 0.000000000000000000e+00 1.891795384621911547e+00
-4.911994399999991856e+01 6.603527621382967450e-01 0.000000000000000000e+00 1.781351066660053162e+00
-4.948324999999994134e+01 6.652369313995937228e-01 0.000000000000000000e+00 1.870935131036203014e+00
-4.936517399999992506e+01 6.636495555519695833e-01 0.000000000000000000e+00 1.769721980483391688e+00
-4.911486399999992614e+01 6.602844682487177819e-01 0.000000000000000000e+00 1.694968409795905684e+00
-4.947341599999990791e+01 6.651047262598058785e-01 0.000000000000000000e+00 1.798924148221526575e+00
-4.959957399999990457e+01 6.668007539215199397e-01 0.000000000000000000e+00 1.604898632037284667e+00
-4.909010199999994484e+01 6.599515758680576383e-01 0.000000000000000000e+00 1.737453455577728345e+00
-4.911511399999991312e+01 6.602878291684803891e-01 0.000000000000000000e+00 1.880491035648815146e+00
-4.912145599999990964e+01 6.603730889810216498e-01 0.000000000000000000e+00 1.882426319553967664e+00
-4.939436799999988637e+01 6.640420303181834294e-01 0.000000000000000000e+00 1.706851047738985772e+00
-4.857471799999991191e+01 6.530229187840449478e-01 0.000000000000000000e+00 1.792262170823692990e+00
-4.915773999999988320e+01 6.608608794317072377e-01 0.000000000000000000e+00 1.751028727475492541e+00
-4.867022999999993260e+01 6.543069514575627910e-01 0.000000000000000000e+00 1.580738291738925438e+00
-4.868274999999993469e+01 6.544752663192811015e-01 0.000000000000000000e+00 1.726124769856197450e+00
-4.924948799999990001e+01 6.620943100972771500e-01 0.000000000000000000e+00 1.937600815404076915e+00
-4.965363199999988808e+01 6.675274923236577118e-01 0.000000000000000000e+00 2.219989816469499999e+00
-4.968070799999991038e+01 6.678914933776425311e-01 0.000000000000000000e+00 1.631806747426132409e+00
-4.963013999999990489e+01 6.672116734153922257e-01 0.000000000000000000e+00 2.131644765352934456e+00
-4.883016399999992530e+01 6.564570528229026758e-01 0.000000000000000000e+00 1.572171140960386682e+00
-4.947165199999989227e+01 6.650810116099598046e-01 0.000000000000000000e+00 2.158971618383589863e+00
-4.897242599999988499e+01 6.583695774920532706e-01 0.000000000000000000e+00 1.804634254705524965e+00
-4.964438799999991403e+01 6.674032189545108240e-01 0.000000000000000000e+00 1.641491564836780714e+00
-4.948284599999990974e+01 6.652315001532567162e-01 0.000000000000000000e+00 1.607685042488864680e+00
-4.885456199999991611e+01 6.567850517043885006e-01 0.000000000000000000e+00 2.059525452194845396e+00
-4.910374599999992284e+01 6.601350014250289000e-01 0.000000000000000000e+00 1.409115306335678275e+00
-4.904100199999988519e+01 6.592914912266535366e-01 0.000000000000000000e+00 1.584100450976464236e+00
-4.954401399999991185e+01 6.660538231134472964e-01 0.000000000000000000e+00 2.049460233892590466e+00
-4.913469999999991700e+01 6.605511370663730286e-01 0.000000000000000000e+00 1.665022717835732857e+00
-4.902616399999991614e+01 6.590920139168954250e-01 0.000000000000000000e+00 1.632091256950462199e+00
-4.881600999999987778e+01 6.562667709896145007e-01 0.000000000000000000e+00 2.070093187454969286e+00
-4.912285999999991759e+01 6.603919639064094183e-01 0.000000000000000000e+00 1.760643082811080173e+00
-4.917180199999992141e+01 6.610499244465226631e-01 0.000000000000000000e+00 1.723943757196201298e+00
-4.921690399999990007e+01 6.616562612590798365e-01 0.000000000000000000e+00 1.845447268877130842e+00
-4.958664799999989015e+01 6.666269809261067270e-01 0.000000000000000000e+00 1.982270064696003642e+00
-4.924489199999990774e+01 6.620325229483589036e-01 0.000000000000000000e+00 1.647266038977212688e+00
-4.969539999999989988e+01 6.680890079102593804e-01 0.000000000000000000e+00 2.167937022269154745e+00
-4.953996199999992456e+01 6.659993493259329655e-01 0.000000000000000000e+00 1.908026513102747179e+00
-4.892459999999988440e+01 6.577266200977608390e-01 0.000000000000000000e+00 1.536134243397162980e+00
-4.948223599999992928e+01 6.652232995090359147e-01 0.000000000000000000e+00 1.817424179987720434e+00
-4.893824799999992337e+01 6.579100994294492244e-01 0.000000000000000000e+00 1.891430958081177227e+00
-4.947166199999992386e+01 6.650811460467507263e-01 0.000000000000000000e+00 1.843101625131293275e+00
-4.920766199999993518e+01 6.615320147772911774e-01 0.000000000000000000e+00 2.123898808998359033e+00
-4.895518399999992454e+01 6.581377815778567397e-01 0.000000000000000000e+00 1.465342659600287201e+00
-4.946693199999989332e+01 6.650175574448391469e-01 0.000000000000000000e+00 1.618409300896494818e+00
-4.934817399999992205e+01 6.634210130081028556e-01 0.000000000000000000e+00 1.779110626673741535e+00
-4.933171599999990065e+01 6.631997569382814817e-01 0.000000000000000000e+00 1.818135584987538911e+00
-4.894204599999989824e+01 6.579611585224844905e-01 0.000000000000000000e+00 1.615703465606147748e+00
-4.956615799999990912e+01 6.663515199423523105e-01 0.000000000000000000e+00 2.099852845694602177e+00
-4.923877999999990607e+01 6.619503551819992948e-01 0.000000000000000000e+00 1.873296670297979194e+00
-4.948840999999991652e+01 6.653063007834965070e-01 0.000000000000000000e+00 1.766033885160574135e+00
-4.940458599999989531e+01 6.641793978307265478e-01 0.000000000000000000e+00 2.042646374069429172e+00
-4.907259599999993327e+01 6.597162308225908989e-01 0.000000000000000000e+00 1.734562781921796359e+00
-4.900219399999991765e+01 6.587697689300433534e-01 0.000000000000000000e+00 1.704808762984127979e+00
-4.932809999999994233e+01 6.631511445948335970e-01 0.000000000000000000e+00 1.610430015852783114e+00
-4.954136199999992840e+01 6.660181704766043875e-01 0.000000000000000000e+00 1.979422704881910855e+00
-4.938329799999991110e+01 6.638932087910893731e-01 0.000000000000000000e+00 2.016334424621855526e+00
-4.919313199999990616e+01 6.613366781206799772e-01 0.000000000000000000e+00 1.859708254564937713e+00
-4.882055399999990897e+01 6.563278590672225743e-01 0.000000000000000000e+00 1.782531512941721186e+00
-4.938072999999992163e+01 6.638586854232866319e-01 0.000000000000000000e+00 2.015530717260896054e+00
-4.858888799999991903e+01 6.532134157161975097e-01 0.000000000000000000e+00 1.690138452596547713e+00
-4.934757799999989913e+01 6.634130005753881010e-01 0.000000000000000000e+00 1.753309151785084286e+00
-4.875453999999989918e+01 6.554403880383508074e-01 0.000000000000000000e+00 1.573319367554862014e+00
-4.933790799999989218e+01 6.632830001989650226e-01 0.000000000000000000e+00 1.722757737394766453e+00
-4.891052999999991613e+01 6.575374675335139418e-01 0.000000000000000000e+00 1.852603429493127285e+00
-4.929936599999990676e+01 6.627648539209821665e-01 0.000000000000000000e+00 1.814357286889462184e+00
-4.885334599999989535e+01 6.567687041906622447e-01 0.000000000000000000e+00 1.643160229829376373e+00
-4.873266599999990945e+01 6.551463210027896888e-01 0.000000000000000000e+00 1.918147192518253386e+00
-4.928967199999991067e+01 6.626345308962620084e-01 0.000000000000000000e+00 1.822866171502471877e+00
-4.946123999999989707e+01 6.649410360236810424e-01 0.000000000000000000e+00 1.653052581245870511e+00
-4.884699199999992203e+01 6.566832830539726107e-01 0.000000000000000000e+00 1.754275755230601863e+00
-4.911232799999992693e+01 6.602503750786445913e-01 0.000000000000000000e+00 1.789796158704429097e+00
-4.853460399999992347e+01 6.524836390425938770e-01 0.000000000000000000e+00 1.525491715654100355e+00
-4.911056999999991746e+01 6.602267410908727596e-01 0.000000000000000000e+00 1.718899769173481529e+00
-4.985176999999988823e+01 6.701911960034615534e-01 0.000000000000000000e+00 2.181677145864592937e+00
-4.956794199999990980e+01 6.663755034657792287e-01 0.000000000000000000e+00 1.833382095284311175e+00
-4.902368599999991972e+01 6.590587004802070936e-01 0.000000000000000000e+00 1.788100530302669577e+00
-4.928387399999989782e+01 6.625565844451242192e-01 0.000000000000000000e+00 1.727403304818822205e+00
-4.970890799999990151e+01 6.682706051268800795e-01 0.000000000000000000e+00 1.758317105522128498e+00
-4.938470999999989886e+01 6.639121912659092795e-01 0.000000000000000000e+00 1.704189925721100840e+00
-4.912894399999992601e+01 6.604737552497557118e-01 0.000000000000000000e+00 1.677061502056739206e+00
-4.930833999999992301e+01 6.628854974967859359e-01 0.000000000000000000e+00 2.014695388059114745e+00
-4.886345799999992323e+01 6.569046466732261225e-01 0.000000000000000000e+00 1.672624426026779076e+00
-4.917201399999990485e+01 6.610527745064812555e-01 0.000000000000000000e+00 1.574701543311966656e+00
-4.965370399999989814e+01 6.675284602685496171e-01 0.000000000000000000e+00 1.751358502196554534e+00
-4.906843199999990190e+01 6.596602513430221970e-01 0.000000000000000000e+00 1.719051056462032712e+00
-4.926302399999988779e+01 6.622762837369110533e-01 0.000000000000000000e+00 1.683429635236328492e+00
-4.955421999999990845e+01 6.661910293018415974e-01 0.000000000000000000e+00 1.958249149241497955e+00
-4.902187999999989643e+01 6.590344211958407694e-01 0.000000000000000000e+00 1.615116932189884391e+00
-4.946652999999992062e+01 6.650121530858610353e-01 0.000000000000000000e+00 1.956136608473472815e+00
-4.925235399999991159e+01 6.621328396814374351e-01 0.000000000000000000e+00 1.854399779036032481e+00
-4.952330799999988642e+01 6.657754582950172750e-01 0.000000000000000000e+00 1.993322028025100279e+00
-4.927826399999990059e+01 6.624811654056482757e-01 0.000000000000000000e+00 2.068723831841331240e+00
-4.894988199999989575e+01 6.580665031915280405e-01 0.000000000000000000e+00 1.744885774755887020e+00
-4.876320999999991557e+01 6.555569447357230128e-01 0.000000000000000000e+00 1.641371827423203200e+00
-4.965383999999992426e+01 6.675302886089008458e-01 0.000000000000000000e+00 2.212650341681996036e+00
-4.877965799999991958e+01 6.557780663687536871e-01 0.000000000000000000e+00 1.952920418306486994e+00
-4.946894599999991726e+01 6.650446330144481610e-01 0.000000000000000000e+00 1.867644978885322438e+00
-4.922073599999992410e+01 6.617077774372035481e-01 0.000000000000000000e+00 1.855567662959834552e+00
-4.877178799999990133e+01 6.556722646146221356e-01 0.000000000000000000e+00 1.465871992652988620e+00
-4.850679199999989777e+01 6.521097434408276161e-01 0.000000000000000000e+00 1.427734499812747471e+00
-4.958577999999992159e+01 6.666153118126908472e-01 0.000000000000000000e+00 1.956124805359160446e+00
-4.877933599999991543e+01 6.557737375040991745e-01 0.000000000000000000e+00 1.607196952317728078e+00
-4.883830399999991556e+01 6.565664843703775677e-01 0.000000000000000000e+00 1.971096827099577675e+00
-4.935638999999990517e+01 6.635314662751854442e-01 0.000000000000000000e+00 1.604125658539204524e+00
-4.900247999999990611e+01 6.587736138222517468e-01 0.000000000000000000e+00 1.660860924370553882e+00
-4.963180999999993048e+01 6.672341243594077653e-01 0.000000000000000000e+00 1.858592588927482581e+00
-4.920709799999990963e+01 6.615244325423060845e-01 0.000000000000000000e+00 1.901458148501041334e+00
-4.915252599999992356e+01 6.607907840891359408e-01 0.000000000000000000e+00 1.740259404477598304e+00
-4.925013799999993580e+01 6.621030484886607503e-01 0.000000000000000000e+00 1.655713857017326429e+00
-4.897867999999989763e+01 6.584536542608382392e-01 0.000000000000000000e+00 1.620307758520963981e+00
-4.938572199999990886e+01 6.639257962691089698e-01 0.000000000000000000e+00 2.209410180974538118e+00
-4.926261199999990481e+01 6.622707449411423530e-01 0.000000000000000000e+00 2.234214980173645504e+00
-4.939025199999990434e+01 6.639866961352098862e-01 0.000000000000000000e+00 1.841923637768323463e+00
-4.876346999999989151e+01 6.555604400922759867e-01 0.000000000000000000e+00 1.821972244158743592e+00
-4.920881399999993278e+01 6.615475018955578879e-01 0.000000000000000000e+00 2.082440410294682298e+00
-4.890885799999987427e+01 6.575149897021401735e-01 0.000000000000000000e+00 1.611752334107511508e+00
-4.989478399999990899e+01 6.707694624141609108e-01 0.000000000000000000e+00 1.973232084970126810e+00
-4.919083999999991619e+01 6.613058652082952626e-01 0.000000000000000000e+00 1.864455412568116532e+00
-4.920984399999991865e+01 6.615613488849801938e-01 0.000000000000000000e+00 1.476916255144857582e+00
-4.943814999999992210e+01 6.646306214743941121e-01 0.000000000000000000e+00 1.491161013432082738e+00
-4.933068799999993104e+01 6.631859368362174045e-01 0.000000000000000000e+00 1.796396371711708184e+00
-4.907236599999988869e+01 6.597131387764085808e-01 0.000000000000000000e+00 1.734783134015500883e+00
-4.908737599999992796e+01 6.599149283989643733e-01 0.000000000000000000e+00 1.514218517056894031e+00
-4.908792599999989648e+01 6.599223224224419759e-01 0.000000000000000000e+00 1.638962595922287102e+00
-4.938079799999992048e+01 6.638595995934620797e-01 0.000000000000000000e+00 1.695845939613928710e+00
-4.948162599999990618e+01 6.652150988648144470e-01 0.000000000000000000e+00 1.890146915492404878e+00
-4.943993799999991268e+01 6.646546587725371547e-01 0.000000000000000000e+00 1.708859235934423682e+00
-4.859310999999991054e+01 6.532701749291506266e-01 0.000000000000000000e+00 1.773852417847389562e+00
-4.933921599999990804e+01 6.633005845311639170e-01 0.000000000000000000e+00 1.767258394826531909e+00
-4.787684399999992735e+01 6.436409247100188802e-01 0.000000000000000000e+00 1.581337831405529082e+00
-4.923398799999988995e+01 6.618859330719867318e-01 0.000000000000000000e+00 1.632427514023643500e+00
-4.938204799999992645e+01 6.638764041922758929e-01 0.000000000000000000e+00 1.660928767832666075e+00
-4.906683599999991685e+01 6.596387952312570135e-01 0.000000000000000000e+00 1.576369389715596148e+00
-4.935125399999991913e+01 6.634624195395798507e-01 0.000000000000000000e+00 2.147354461780656809e+00
-4.924317399999990386e+01 6.620094267077493155e-01 0.000000000000000000e+00 1.652693679697823326e+00
-4.977767399999991227e+01 6.691950731605001979e-01 0.000000000000000000e+00 1.665225771244295494e+00
-4.903637999999993013e+01 6.592293545420804257e-01 0.000000000000000000e+00 1.795238405821737881e+00
-4.937683999999993034e+01 6.638063895117783941e-01 0.000000000000000000e+00 1.605099133726919369e+00
-4.900508599999989912e+01 6.588086480498586139e-01 0.000000000000000000e+00 1.625751216882816097e+00
-4.910190399999989808e+01 6.601102381682166786e-01 0.000000000000000000e+00 1.826011090605459852e+00
-4.936195799999993739e+01 6.636063206801418035e-01 0.000000000000000000e+00 1.614222141921831222e+00
-4.919986999999992605e+01 6.614272616301257735e-01 0.000000000000000000e+00 2.002675074302450842e+00
-4.977244999999990682e+01 6.691248433811377572e-01 0.000000000000000000e+00 1.655658630792340880e+00
-4.879675799999989749e+01 6.560079532805251912e-01 0.000000000000000000e+00 1.990526575333037673e+00
-4.966714199999992729e+01 6.677091164276370838e-01 0.000000000000000000e+00 1.790697658139040582e+00
-4.936258199999989671e+01 6.636147095358690962e-01 0.000000000000000000e+00 1.668903324927946130e+00
-4.955626999999990545e+01 6.662185888438960646e-01 0.000000000000000000e+00 2.128774693682881303e+00
-4.964192199999990152e+01 6.673700668419709769e-01 0.000000000000000000e+00 1.996387703868558683e+00
-4.933390599999989234e+01 6.632291985954029689e-01 0.000000000000000000e+00 1.981259658170768878e+00
-4.868470599999990611e+01 6.545015621555044794e-01 0.000000000000000000e+00 1.519758875200771797e+00
-4.952166799999990587e+01 6.657534106613739455e-01 0.000000000000000000e+00 1.801559294133497913e+00
-4.885005199999991987e+01 6.567244207118686505e-01 0.000000000000000000e+00 1.950285720506644616e+00
-4.912867799999990837e+01 6.604701792311278297e-01 0.000000000000000000e+00 1.845508500815375763e+00
-4.925988799999991841e+01 6.622341243594076499e-01 0.000000000000000000e+00 1.908084127556838983e+00
-4.955623799999992229e+01 6.662181586461667360e-01 0.000000000000000000e+00 1.986934792704734720e+00
-4.929881999999989972e+01 6.627575136722202442e-01 0.000000000000000000e+00 2.119476730828921518e+00
-4.950656599999990704e+01 6.655503842203460696e-01 0.000000000000000000e+00 1.675747543739054102e+00
-4.877642199999991135e+01 6.557345626233446190e-01 0.000000000000000000e+00 1.670003423185265179e+00
-4.916140399999991217e+01 6.609101370717503920e-01 0.000000000000000000e+00 1.739614514127085121e+00
-4.896271599999991508e+01 6.582390393684686147e-01 0.000000000000000000e+00 1.617283838004543561e+00
-4.946347599999989342e+01 6.649710960900389045e-01 0.000000000000000000e+00 1.862600464492391694e+00
-4.928843799999991404e+01 6.626179413963131370e-01 0.000000000000000000e+00 2.040821516046809059e+00
-4.940149599999990215e+01 6.641378568624590750e-01 0.000000000000000000e+00 1.825864422922174768e+00
-4.919461199999991408e+01 6.613565747656755534e-01 0.000000000000000000e+00 1.851629505411136689e+00
-4.898779399999993700e+01 6.585761799517094728e-01 0.000000000000000000e+00 1.823293949484356080e+00
-4.870686999999992395e+01 6.547995278579906708e-01 0.000000000000000000e+00 1.873944679147452552e+00
-4.949343199999989196e+01 6.653738149396901669e-01 0.000000000000000000e+00 1.913633934726642449e+00
-5.019639599999991475e+01 6.748242373400863414e-01 0.000000000000000000e+00 2.207208150899679033e+00
-4.921860599999992303e+01 6.616791424008249267e-01 0.000000000000000000e+00 1.667314053771223215e+00
-4.975239399999993140e+01 6.688552169540915582e-01 0.000000000000000000e+00 1.709106215813789520e+00
-4.961476599999990356e+01 6.670049902936624475e-01 0.000000000000000000e+00 2.279598743010565975e+00
-4.891671399999990655e+01 6.576206032447651229e-01 0.000000000000000000e+00 1.674596666471534601e+00
-4.878789399999988063e+01 6.558887885094170089e-01 0.000000000000000000e+00 1.422971424134381158e+00
-4.955680399999991437e+01 6.662257677685095025e-01 0.000000000000000000e+00 1.993678342693537830e+00
-4.927388399999992430e+01 6.624222820914053012e-01 0.000000000000000000e+00 1.989199431511901262e+00
-4.957980399999991761e+01 6.665349723866821341e-01 0.000000000000000000e+00 1.845566912651705138e+00
-4.940583399999989922e+01 6.641961755421822433e-01 0.000000000000000000e+00 1.696575246225480615e+00
-4.925595999999990937e+01 6.621813175880951752e-01 0.000000000000000000e+00 1.723208174342615306e+00
-4.906711199999992346e+01 6.596425056866752623e-01 0.000000000000000000e+00 1.849900971047593101e+00
-4.829648599999990921e+01 6.492824570743315205e-01 0.000000000000000000e+00 1.997140758053570275e+00
-4.942970399999991571e+01 6.645170761611294274e-01 0.000000000000000000e+00 1.600546245007647084e+00
-4.938603199999992199e+01 6.639299638096149980e-01 0.000000000000000000e+00 1.666155727675130427e+00
-4.985246199999991745e+01 6.702004990293652931e-01 0.000000000000000000e+00 1.774132191604923081e+00
-4.894327599999991207e+01 6.579776942477174595e-01 0.000000000000000000e+00 1.878101321430660775e+00
-4.929278599999992139e+01 6.626763945128268940e-01 0.000000000000000000e+00 1.717509209951045390e+00
-4.925664599999990401e+01 6.621905399519241175e-01 0.000000000000000000e+00 1.595877289238452068e+00
-4.915499799999989250e+01 6.608240168637495859e-01 0.000000000000000000e+00 1.737754787480126906e+00
-4.931601599999990526e+01 6.629886911771810665e-01 0.000000000000000000e+00 1.944995489320935800e+00
-4.901768599999990528e+01 6.589780384059010787e-01 0.000000000000000000e+00 1.977304317254767962e+00
-4.953029799999988825e+01 6.658694296115836853e-01 0.000000000000000000e+00 1.429351675451906001e+00
-4.889191599999990245e+01 6.572872268916587490e-01 0.000000000000000000e+00 2.026249858291484518e+00
-4.910173799999992639e+01 6.601080065174945721e-01 0.000000000000000000e+00 1.807044108777277502e+00
-4.906466399999991523e+01 6.596095955603582528e-01 0.000000000000000000e+00 1.923611832550234713e+00
-4.922469599999990209e+01 6.617610144062451294e-01 0.000000000000000000e+00 1.970358108553730059e+00
-4.985907199999990524e+01 6.702893617478921096e-01 0.000000000000000000e+00 1.894348963302070921e+00
-4.965448599999992751e+01 6.675389732255678776e-01 0.000000000000000000e+00 1.765954577416698479e+00
-4.857515599999989320e+01 6.530288071154690677e-01 0.000000000000000000e+00 1.396353445627270373e+00
-4.934703399999992257e+01 6.634056872139847405e-01 0.000000000000000000e+00 1.703275806193358388e+00
-4.943866199999987998e+01 6.646375046380676999e-01 0.000000000000000000e+00 2.267645177327922923e+00
-4.883477599999991270e+01 6.565190550706856421e-01 0.000000000000000000e+00 1.882481471979863485e+00
-4.930436399999993569e+01 6.628320454288794128e-01 0.000000000000000000e+00 2.050483294867162520e+00
-4.936438399999990878e+01 6.636389350455190739e-01 0.000000000000000000e+00 1.476727148273668577e+00
-4.949189799999991379e+01 6.653531923360263001e-01 0.000000000000000000e+00 2.157714875144582489e+00
-4.857326199999990735e+01 6.530033447873466734e-01 0.000000000000000000e+00 1.937384855661222094e+00
-4.961099999999992605e+01 6.669543613983567321e-01 0.000000000000000000e+00 1.779423572765386208e+00
-4.991849999999990928e+01 6.710882927065340287e-01 0.000000000000000000e+00 1.768133576584773881e+00
-4.916945999999992267e+01 6.610184393501853384e-01 0.000000000000000000e+00 1.957947211038163715e+00
-4.919872599999990825e+01 6.614118820612912009e-01 0.000000000000000000e+00 1.796298777572113980e+00
-4.935030599999991807e+01 6.634496749318394837e-01 0.000000000000000000e+00 1.601165261650136618e+00
-4.875359799999989008e+01 6.554277240926846826e-01 0.000000000000000000e+00 1.923183530849121192e+00
-4.917413799999990687e+01 6.610813288807856347e-01 0.000000000000000000e+00 1.781763513584053493e+00
-4.920888399999992657e+01 6.615484429530913424e-01 0.000000000000000000e+00 1.868329854116188127e+00
-4.935995999999991568e+01 6.635794602093976202e-01 0.000000000000000000e+00 1.558708768386981580e+00
-4.818047399999991143e+01 6.477228289802688943e-01 0.000000000000000000e+00 1.754214393138692207e+00
-4.904028399999991450e+01 6.592818386650952656e-01 0.000000000000000000e+00 1.613188254729111426e+00
-4.912237799999992660e+01 6.603854840531069303e-01 0.000000000000000000e+00 1.960458946451884232e+00
-5.007134599999989888e+01 6.731431052747605115e-01 0.000000000000000000e+00 1.855435789341058239e+00
-4.929288199999989217e+01 6.626776851060154350e-01 0.000000000000000000e+00 1.623681369970068511e+00
-4.942842399999990732e+01 6.644998682519440703e-01 0.000000000000000000e+00 1.718674545972487699e+00
-4.941790599999990974e+01 6.643584676356858454e-01 0.000000000000000000e+00 1.958804744489440530e+00
-4.975510399999993894e+01 6.688916493243198813e-01 0.000000000000000000e+00 2.088870925504537457e+00
-4.947347999999991686e+01 6.651055866552653129e-01 0.000000000000000000e+00 2.121278235766198339e+00
-4.917006999999991734e+01 6.610266399944063620e-01 0.000000000000000000e+00 1.524367275231916841e+00
-4.926579999999992054e+01 6.623136033899570396e-01 0.000000000000000000e+00 1.762151049373485989e+00
-4.892889399999991440e+01 6.577843472556061943e-01 0.000000000000000000e+00 1.582086842156666506e+00
-4.881633399999991241e+01 6.562711267416274641e-01 0.000000000000000000e+00 1.485049777366592272e+00
-4.908260599999989182e+01 6.598508020498907722e-01 0.000000000000000000e+00 1.820157664933497177e+00
-4.976622399999991586e+01 6.690411430353665478e-01 0.000000000000000000e+00 1.948030100628205252e+00
-4.954889199999993110e+01 6.661194013798582558e-01 0.000000000000000000e+00 1.944501941563297365e+00
-5.003750399999989895e+01 6.726881442883171358e-01 0.000000000000000000e+00 1.907654617000051900e+00
-4.851840799999990139e+01 6.522659052166839277e-01 0.000000000000000000e+00 1.805019188665457186e+00
-4.949249399999991539e+01 6.653612047687407216e-01 0.000000000000000000e+00 2.069973108780581939e+00
-4.937694599999991141e+01 6.638078145417575238e-01 0.000000000000000000e+00 1.975637086424671285e+00
-4.880189199999993122e+01 6.560769731287734441e-01 0.000000000000000000e+00 1.944253079386279115e+00
-4.977658599999991651e+01 6.691804464376928108e-01 0.000000000000000000e+00 1.753570597900814265e+00
-4.884511799999989989e+01 6.566580895994308387e-01 0.000000000000000000e+00 1.774049325289918322e+00
-4.887058799999990555e+01 6.570005001048594417e-01 0.000000000000000000e+00 1.556386064858217733e+00
-4.938146599999991082e+01 6.638685799710679625e-01 0.000000000000000000e+00 1.830943795937720164e+00
-4.889293799999990853e+01 6.573009663316489171e-01 0.000000000000000000e+00 1.761504727213628607e+00
-4.849311199999991828e+01 6.519258339114104572e-01 0.000000000000000000e+00 1.840655926855061297e+00
-4.948597799999991054e+01 6.652736057560444394e-01 0.000000000000000000e+00 1.551379455473304469e+00
-4.855174999999992025e+01 6.527141443636020890e-01 0.000000000000000000e+00 1.715728976590157995e+00
-4.942924999999991797e+01 6.645109727308403658e-01 0.000000000000000000e+00 2.015363473822070262e+00
-4.917753599999991820e+01 6.611270105022010179e-01 0.000000000000000000e+00 1.993237368092319217e+00
-4.874460399999993143e+01 6.553068116433006240e-01 0.000000000000000000e+00 1.851127653261845474e+00
-4.847454399999990216e+01 6.516762116787915282e-01 0.000000000000000000e+00 1.521364800906863879e+00
-4.872619799999991841e+01 6.550593672866880102e-01 0.000000000000000000e+00 2.030403801505423989e+00
-4.866378999999992772e+01 6.542203741644744275e-01 0.000000000000000000e+00 2.009795085665112335e+00
-4.985705399999991272e+01 6.702622324035673040e-01 0.000000000000000000e+00 2.008407194991326694e+00
-4.902137199999990003e+01 6.590275918068828620e-01 0.000000000000000000e+00 1.913445271357612443e+00
-4.935120399999990326e+01 6.634617473556270184e-01 0.000000000000000000e+00 1.682229162250872267e+00
-4.912577599999992373e+01 6.604311656745220915e-01 0.000000000000000000e+00 1.868199825204180486e+00
-4.922675799999994695e+01 6.617887352724488581e-01 0.000000000000000000e+00 1.678725888982294023e+00
-4.910703799999988917e+01 6.601792580164643764e-01 0.000000000000000000e+00 1.549921246795683771e+00
-4.953151199999989274e+01 6.658857502379517124e-01 0.000000000000000000e+00 1.612317343583514750e+00
-4.938271599999993811e+01 6.638853845698821088e-01 0.000000000000000000e+00 2.100467453923992256e+00
-4.903759399999992041e+01 6.592456751684482308e-01 0.000000000000000000e+00 1.836365766575522196e+00
-4.880709599999990900e+01 6.561469340345543744e-01 0.000000000000000000e+00 1.550915837996857061e+00
-4.932988599999989532e+01 6.631751550056180777e-01 0.000000000000000000e+00 1.954575290611929139e+00
-4.862565399999992621e+01 6.537076860201860296e-01 0.000000000000000000e+00 2.184731855558230240e+00
-4.916731599999991431e+01 6.609896161022998928e-01 0.000000000000000000e+00 1.834561828659846183e+00
-4.863956799999990466e+01 6.538947413705011869e-01 0.000000000000000000e+00 1.529305318947663084e+00
-4.927816799999992270e+01 6.624798748124596237e-01 0.000000000000000000e+00 1.701674085691836424e+00
-4.913280399999989356e+01 6.605256478508920726e-01 0.000000000000000000e+00 1.992233963579681522e+00
-4.927028199999993063e+01 6.623738579594636855e-01 0.000000000000000000e+00 1.830868425858079185e+00
-4.936705999999990269e+01 6.636749103306593955e-01 0.000000000000000000e+00 1.887440110334897447e+00
-4.922317799999989774e+01 6.617406069014457604e-01 0.000000000000000000e+00 1.634446200688616235e+00
-4.876976199999992190e+01 6.556450277208651922e-01 0.000000000000000000e+00 1.532207717462127583e+00
-4.980389599999991646e+01 6.695475933125751844e-01 0.000000000000000000e+00 2.189364743154894377e+00
-4.766762399999990407e+01 6.408282381789717208e-01 0.000000000000000000e+00 1.666308197881553932e+00
-4.948912199999988104e+01 6.653158726829803138e-01 0.000000000000000000e+00 1.959530943852418661e+00
-4.909021599999992702e+01 6.599531084474692388e-01 0.000000000000000000e+00 1.972398505779194622e+00
-4.973224599999991824e+01 6.685843537085721655e-01 0.000000000000000000e+00 1.739979470877385026e+00
-4.988521999999993284e+01 6.706408870677176282e-01 0.000000000000000000e+00 1.584069358113189052e+00
-4.940555999999990888e+01 6.641924919741223343e-01 0.000000000000000000e+00 2.027822428621451234e+00
-4.959381199999992873e+01 6.667232914428284918e-01 0.000000000000000000e+00 1.783369959820990003e+00
-4.877856199999991560e+01 6.557633320965137180e-01 0.000000000000000000e+00 1.842279119815749100e+00
-4.996997599999991735e+01 6.717803195293625684e-01 0.000000000000000000e+00 2.407796628930041649e+00
-4.917842399999992153e+01 6.611389484891982971e-01 0.000000000000000000e+00 1.844840476808964569e+00
-4.934949199999991976e+01 6.634387317770920056e-01 0.000000000000000000e+00 1.809336333804260732e+00
-4.924259999999992488e+01 6.620017100359743001e-01 0.000000000000000000e+00 1.679292791744201985e+00
-4.918963999999990477e+01 6.612897327934339486e-01 0.000000000000000000e+00 1.491780512736983644e+00
-4.918535999999990338e+01 6.612321938470956395e-01 0.000000000000000000e+00 1.755914256437254073e+00
-5.030189399999988353e+01 6.762425185926065341e-01 0.000000000000000000e+00 1.799205030389192439e+00
-5.016957399999990486e+01 6.744636509805806979e-01 0.000000000000000000e+00 1.943891891173399555e+00
-5.017858599999989622e+01 6.745848054161880381e-01 0.000000000000000000e+00 1.865363165930999489e+00
-4.951771999999991181e+01 6.657003350164807376e-01 0.000000000000000000e+00 1.908466176241692347e+00
-4.998443599999990283e+01 6.719747151284396480e-01 0.000000000000000000e+00 1.694817541237064296e+00
-4.997824799999992251e+01 6.718915256424723426e-01 0.000000000000000000e+00 1.586996685342753954e+00
-4.978357199999990002e+01 6.692743639795427635e-01 0.000000000000000000e+00 1.662992337675576415e+00
-5.027611799999991860e+01 6.758959943213889154e-01 0.000000000000000000e+00 2.045528098880357692e+00
-4.930900999999991541e+01 6.628945047617499364e-01 0.000000000000000000e+00 1.781584845330446143e+00
-5.026086599999992899e+01 6.756909513285034308e-01 0.000000000000000000e+00 2.086572408182831850e+00
-4.988703599999990956e+01 6.706653007888738749e-01 0.000000000000000000e+00 1.451039073015670811e+00
-4.960140399999990279e+01 6.668253558541832327e-01 0.000000000000000000e+00 1.788667654926934691e+00
-5.048760199999989595e+01 6.787391173418068080e-01 0.000000000000000000e+00 1.893353116306163875e+00
-4.983607399999991827e+01 6.699801840170777067e-01 0.000000000000000000e+00 2.046542065826148171e+00
-4.972020199999990808e+01 6.684224380380819897e-01 0.000000000000000000e+00 1.643988274797823834e+00
-4.991635999999989792e+01 6.710595232333648186e-01 0.000000000000000000e+00 1.660432030916329182e+00
-5.023522999999991612e+01 6.753463091723521661e-01 0.000000000000000000e+00 2.066684722184081391e+00
-5.016969999999990648e+01 6.744653448841411159e-01 0.000000000000000000e+00 2.015129041159710699e+00
-4.975138599999991840e+01 6.688416657256079922e-01 0.000000000000000000e+00 1.627515229305152245e+00
-5.031195199999989853e+01 6.763777351165015661e-01 0.000000000000000000e+00 1.691139367556975914e+00
-5.019518999999990427e+01 6.748080242631506742e-01 0.000000000000000000e+00 1.830830067168573327e+00
-4.984289199999989251e+01 6.700718430208469911e-01 0.000000000000000000e+00 2.235355592876001385e+00
-5.053945399999993526e+01 6.794361989879589281e-01 0.000000000000000000e+00 2.211473808467872448e+00
-5.018691199999991426e+01 6.746967374879667689e-01 0.000000000000000000e+00 1.843717169378922049e+00
-5.031148999999989258e+01 6.763715241367799225e-01 0.000000000000000000e+00 1.651172157724458023e+00
-4.999388599999991811e+01 6.721017578954716631e-01 0.000000000000000000e+00 1.741563017998660978e+00
-5.002931399999992124e+01 6.725780405568898557e-01 0.000000000000000000e+00 1.696361824196093160e+00
-5.031135799999992031e+01 6.763697495711455954e-01 0.000000000000000000e+00 1.971543064092620590e+00
-5.001013199999990633e+01 6.723201639053337786e-01 0.000000000000000000e+00 2.246808124171809418e+00
-5.029419399999991924e+01 6.761390022639144348e-01 0.000000000000000000e+00 1.585230606926118835e+00
-5.069888199999991230e+01 6.815794978516989122e-01 0.000000000000000000e+00 2.096039762151761465e+00
-5.029786199999991680e+01 6.761883136786734916e-01 0.000000000000000000e+00 1.998042762243474879e+00
-5.026935799999991161e+01 6.758051150510041571e-01 0.000000000000000000e+00 1.585559698214488611e+00
-5.016809199999990909e+01 6.744437274482272260e-01 0.000000000000000000e+00 1.831527029153873443e+00
-5.083070799999989475e+01 6.833517242862736651e-01 0.000000000000000000e+00 1.847609086604915518e+00
-5.029551999999991807e+01 6.761568285823360558e-01 0.000000000000000000e+00 2.220338260697949373e+00
-5.076432599999989748e+01 6.824593059835113440e-01 0.000000000000000000e+00 1.771499934833515644e+00
-4.998531399999991720e+01 6.719865186786465605e-01 0.000000000000000000e+00 1.369477876840496489e+00
-4.988924399999991266e+01 6.706949844322185328e-01 0.000000000000000000e+00 1.825099004942587477e+00
-5.040391799999991207e+01 6.776140965041045350e-01 0.000000000000000000e+00 1.657153386729024680e+00
-5.025332599999991601e+01 6.755895859884588628e-01 0.000000000000000000e+00 1.539749938678552033e+00
-5.022937399999990760e+01 6.752675829878295177e-01 0.000000000000000000e+00 1.548111763943613273e+00
-5.113279599999992087e+01 6.874128984034275636e-01 0.000000000000000000e+00 2.157273995322088744e+00
-5.019525999999989807e+01 6.748089653206841287e-01 0.000000000000000000e+00 1.464531325590669342e+00
-5.137263599999989339e+01 6.906372303870151885e-01 0.000000000000000000e+00 1.994929877784371364e+00
-5.024685799999992497e+01 6.755026322723571841e-01 0.000000000000000000e+00 1.559508845317083114e+00
-5.056130399999989322e+01 6.797299433752224118e-01 0.000000000000000000e+00 1.798277890117333300e+00
-5.028876399999990099e+01 6.760660030866674219e-01 0.000000000000000000e+00 1.457451868915766502e+00
-5.065543799999993269e+01 6.809954506590082390e-01 0.000000000000000000e+00 1.853136264363467678e+00
-5.026758599999990196e+01 6.757812928517256124e-01 0.000000000000000000e+00 1.804759953764242031e+00
-5.037246199999991347e+01 6.771912121358767411e-01 0.000000000000000000e+00 1.761061243795911224e+00
-4.984833199999992104e+01 6.701449766348847037e-01 0.000000000000000000e+00 1.599621787424776675e+00
-5.085497999999991947e+01 6.836780292641995160e-01 0.000000000000000000e+00 1.623122123650228232e+00
-5.069601999999994035e+01 6.815410220422554177e-01 0.000000000000000000e+00 1.877314257500363404e+00
-4.992387399999991260e+01 6.711605390377540781e-01 0.000000000000000000e+00 1.701102215624928249e+00
-5.088118799999990216e+01 6.840303612047674564e-01 0.000000000000000000e+00 1.849539511309489903e+00
-5.046870199999992224e+01 6.784850318077435549e-01 0.000000000000000000e+00 1.797741180570548991e+00
-5.021847799999989093e+01 6.751211006608898169e-01 0.000000000000000000e+00 1.762529229019330623e+00
-5.007368199999992697e+01 6.731745097090240382e-01 0.000000000000000000e+00 1.757039749720241462e+00
-5.004814399999988694e+01 6.728311850334194322e-01 0.000000000000000000e+00 1.721853528439041048e+00
-4.998559199999991876e+01 6.719902560214227050e-01 0.000000000000000000e+00 1.870614059373892690e+00
-5.096045799999991033e+01 6.850960416431389755e-01 0.000000000000000000e+00 1.775457786530993509e+00
-5.076386199999991788e+01 6.824530681164319157e-01 0.000000000000000000e+00 1.789244974039964076e+00
-5.018480399999992869e+01 6.746683982125274426e-01 0.000000000000000000e+00 1.512251760874051110e+00
-5.043524399999989782e+01 6.780352331940554533e-01 0.000000000000000000e+00 1.643551314716108713e+00
-5.082005199999989742e+01 6.832084684423064269e-01 0.000000000000000000e+00 1.877650756700343315e+00
-5.047284799999990668e+01 6.785407693010887531e-01 0.000000000000000000e+00 1.927089437335722799e+00
-5.087194799999991801e+01 6.839061416103365820e-01 0.000000000000000000e+00 1.879209796023505907e+00
-5.099144799999990596e+01 6.855126612569290012e-01 0.000000000000000000e+00 1.923525044196857881e+00
-5.082858199999989068e+01 6.833231430246111682e-01 0.000000000000000000e+00 1.591942342262077092e+00
-5.041816399999989784e+01 6.778056151558646825e-01 0.000000000000000000e+00 2.010639279891453857e+00
-5.028486399999990653e+01 6.760135727383685955e-01 0.000000000000000000e+00 1.368094733526530549e+00
-5.004684599999993821e+01 6.728137351380120146e-01 0.000000000000000000e+00 1.661131770168347233e+00
-5.063785799999990189e+01 6.807591107812915876e-01 0.000000000000000000e+00 1.804877418886967400e+00
-5.117833799999989708e+01 6.880251504347671965e-01 0.000000000000000000e+00 1.923703224700533454e+00
-5.054575599999989777e+01 6.795209210533377231e-01 0.000000000000000000e+00 1.990563529484334904e+00
-5.032475999999992666e+01 6.765499217577869429e-01 0.000000000000000000e+00 1.838995138875598068e+00
-5.042633399999991184e+01 6.779154500137113404e-01 0.000000000000000000e+00 1.581785748317324103e+00
-4.998963999999990193e+01 6.720446760342209114e-01 0.000000000000000000e+00 1.867162841848508004e+00
-5.076870199999989808e+01 6.825181355230384161e-01 0.000000000000000000e+00 1.806047084522191870e+00
-5.030540999999990248e+01 6.762897865681500864e-01 0.000000000000000000e+00 1.955433405032028116e+00
-5.047525599999992352e+01 6.785731416802437410e-01 0.000000000000000000e+00 1.783804758777816080e+00
-4.988264799999991084e+01 6.706063099251982074e-01 0.000000000000000000e+00 1.807679517077240838e+00
-5.070321399999991030e+01 6.816377358693477273e-01 0.000000000000000000e+00 1.597572662106832020e+00
-5.045220399999991656e+01 6.782632379907603815e-01 0.000000000000000000e+00 1.765803101914625417e+00
-5.017787599999991244e+01 6.745752604040620160e-01 0.000000000000000000e+00 1.606416469587390816e+00
-4.982132599999991385e+01 6.697819166384337830e-01 0.000000000000000000e+00 1.464355233618625407e+00
-5.077158599999989974e+01 6.825569070934214277e-01 0.000000000000000000e+00 1.590801526263925458e+00
-5.072951799999990641e+01 6.819913584031047638e-01 0.000000000000000000e+00 2.121304452709904531e+00
-5.007565999999989970e+01 6.732011013061864890e-01 0.000000000000000000e+00 1.543819298972126441e+00
-5.053610399999990932e+01 6.793911626631378153e-01 0.000000000000000000e+00 1.489115791192812566e+00
-5.087233999999990175e+01 6.839114115325243271e-01 0.000000000000000000e+00 2.003523722209084479e+00
-5.062108199999991598e+01 6.805335796215323807e-01 0.000000000000000000e+00 1.854518608144861691e+00
-5.074222399999989364e+01 6.821621737891263582e-01 0.000000000000000000e+00 1.648509434176734123e+00
-5.035886399999990459e+01 6.770084049881414101e-01 0.000000000000000000e+00 1.445075897871838322e+00
-5.034404599999991348e+01 6.768091965519640318e-01 0.000000000000000000e+00 2.175751705392688251e+00
-5.076173399999991176e+01 6.824244599674113010e-01 0.000000000000000000e+00 1.429723417500564198e+00
-5.004500799999991756e+01 6.727890256559160287e-01 0.000000000000000000e+00 1.511855820425193286e+00
-5.090281999999992735e+01 6.843211748699986607e-01 0.000000000000000000e+00 1.578414649340446063e+00
-5.051378399999990876e+01 6.790910997467198840e-01 0.000000000000000000e+00 1.492878808717971850e+00
-5.076705399999992352e+01 6.824959803399627267e-01 0.000000000000000000e+00 1.757084825132556816e+00
-5.039184999999991987e+01 6.774518581853173904e-01 0.000000000000000000e+00 1.859384977579544795e+00
-5.145337799999990835e+01 6.917226999209499239e-01 0.000000000000000000e+00 2.055526425609701668e+00
-5.088585399999992376e+01 6.840930894112196015e-01 0.000000000000000000e+00 1.853537676952596636e+00
-5.028363999999991307e+01 6.759971176752103128e-01 0.000000000000000000e+00 1.586019799129986252e+00
-5.037649199999992078e+01 6.772453901624523320e-01 0.000000000000000000e+00 1.945182766187986578e+00
-5.044679199999989549e+01 6.781904807997362061e-01 0.000000000000000000e+00 1.729308405446371877e+00
-5.028425399999991185e+01 6.760053720941475719e-01 0.000000000000000000e+00 1.349024233926585437e+00
-5.065435999999990457e+01 6.809809583729908855e-01 0.000000000000000000e+00 1.593652625799352407e+00
-5.080828399999990808e+01 6.830502632272346109e-01 0.000000000000000000e+00 2.156272059666165752e+00
-5.073379999999993828e+01 6.820489242368015237e-01 0.000000000000000000e+00 1.874235440725825264e+00
-5.055491999999990327e+01 6.796441189281610118e-01 0.000000000000000000e+00 1.347246598200803058e+00
-5.026737999999990336e+01 6.757785234538411512e-01 0.000000000000000000e+00 1.828989308251135704e+00
-5.043041599999990154e+01 6.779703271115973262e-01 0.000000000000000000e+00 1.738964509179487861e+00
-5.053626599999989821e+01 6.793933405391439084e-01 0.000000000000000000e+00 1.674475912233587493e+00
-5.087306799999991824e+01 6.839211985308736308e-01 0.000000000000000000e+00 1.334657090820246639e+00
-5.086661999999990513e+01 6.838345136883526854e-01 0.000000000000000000e+00 1.797904193692469788e+00
-5.025357799999991215e+01 6.755929737955795877e-01 0.000000000000000000e+00 1.523355987602915906e+00
-5.034702999999989714e+01 6.768493124902519309e-01 0.000000000000000000e+00 1.458598545685119596e+00
-5.059754999999990588e+01 6.802172229661045399e-01 0.000000000000000000e+00 1.846328524423811679e+00
-5.120682199999989592e+01 6.884080801888554646e-01 0.000000000000000000e+00 1.878163576291770109e+00
-5.099523999999989599e+01 6.855636396878901362e-01 0.000000000000000000e+00 1.827456852314359503e+00
-5.115989999999991511e+01 6.877772758804253650e-01 0.000000000000000000e+00 1.887572744949117309e+00
-5.021913999999988221e+01 6.751300003764214575e-01 0.000000000000000000e+00 1.503272464399658004e+00
-5.028360199999991664e+01 6.759966068154064089e-01 0.000000000000000000e+00 1.587148300084338937e+00
-5.049093799999990040e+01 6.787839654551209856e-01 0.000000000000000000e+00 1.680255145775500392e+00
-5.032353999999990890e+01 6.765335204693444515e-01 0.000000000000000000e+00 1.844777811044249205e+00
-5.065228399999991638e+01 6.809530492952812208e-01 0.000000000000000000e+00 1.780647761872804047e+00
-5.049563999999993058e+01 6.788471776340191388e-01 0.000000000000000000e+00 2.203555627717268539e+00
-5.068297199999992131e+01 6.813656089179979114e-01 0.000000000000000000e+00 1.608422034425119662e+00
-5.041482599999992686e+01 6.777607401551928312e-01 0.000000000000000000e+00 1.616120885731315182e+00
-5.053925599999988805e+01 6.794335371395062717e-01 0.000000000000000000e+00 1.629347706894889836e+00
-5.070577199999990370e+01 6.816721248003601019e-01 0.000000000000000000e+00 1.722794691748018803e+00
-5.091550199999991122e+01 6.844916676077230644e-01 0.000000000000000000e+00 1.785567228776561155e+00
-5.096287599999991613e+01 6.851285484590843300e-01 0.000000000000000000e+00 1.951274338493858673e+00
-5.061592199999991948e+01 6.804642102376293744e-01 0.000000000000000000e+00 1.620588659203622051e+00
-5.051495799999990055e+01 6.791068826259255564e-01 0.000000000000000000e+00 1.639546958438596658e+00
-5.060759799999991060e+01 6.803523050532088723e-01 0.000000000000000000e+00 1.976672835085679480e+00
-5.040610799999991798e+01 6.776435381612262443e-01 0.000000000000000000e+00 1.746852585390899382e+00
-5.033188599999989066e+01 6.766457214147038046e-01 0.000000000000000000e+00 2.005933891627488030e+00
-5.036344199999993521e+01 6.770699501508372631e-01 0.000000000000000000e+00 1.578417378017703543e+00
-5.013130999999993520e+01 6.739492420453742083e-01 0.000000000000000000e+00 2.035398144731333847e+00
-5.068470399999991116e+01 6.813888933701141015e-01 0.000000000000000000e+00 1.913870475648651315e+00
-5.099689399999991224e+01 6.855858755330407339e-01 0.000000000000000000e+00 2.262743805305515998e+00
-5.015624999999989342e+01 6.742845274009051648e-01 0.000000000000000000e+00 1.846020398100200133e+00
-5.023601599999989276e+01 6.753568759040859959e-01 0.000000000000000000e+00 1.693613681321568309e+00
-5.083025399999991834e+01 6.833456208559848255e-01 0.000000000000000000e+00 2.254778163803179414e+00
-5.090209799999989571e+01 6.843114685337233771e-01 0.000000000000000000e+00 1.902015761014475226e+00
-5.015808399999991707e+01 6.743091831082850263e-01 0.000000000000000000e+00 1.959251862819998857e+00
-5.098611599999991029e+01 6.854409795602292021e-01 0.000000000000000000e+00 2.158937075016969409e+00
-5.046361199999991243e+01 6.784166034813740032e-01 0.000000000000000000e+00 1.837441299070888157e+00
-5.110392199999991192e+01 6.870247256145094461e-01 0.000000000000000000e+00 2.123175711174468905e+00
-5.093192399999990982e+01 6.847124397050982081e-01 0.000000000000000000e+00 1.825842347687800959e+00
-5.030362799999991097e+01 6.762658299320813970e-01 0.000000000000000000e+00 1.551310632074658802e+00
-5.101960799999992702e+01 6.858912352590049721e-01 0.000000000000000000e+00 1.881570317509641876e+00
-5.082011599999990636e+01 6.832093288377657503e-01 0.000000000000000000e+00 1.626518786417696205e+00
-5.038826999999991330e+01 6.774037298143147368e-01 0.000000000000000000e+00 1.989177136482074726e+00
-5.066438199999989678e+01 6.811156909244397983e-01 0.000000000000000000e+00 1.988768848560852565e+00
-5.058844199999990110e+01 6.800947779373081037e-01 0.000000000000000000e+00 1.434158267274542542e+00
-5.107222599999990109e+01 6.865986147633093006e-01 0.000000000000000000e+00 1.966700089835147214e+00
-5.072981399999991226e+01 6.819953377321039678e-01 0.000000000000000000e+00 1.628926400915645001e+00
-5.065505999999992781e+01 6.809903689483268741e-01 0.000000000000000000e+00 1.465064562027588613e+00
-5.046684399999990234e+01 6.784600534520666137e-01 0.000000000000000000e+00 1.435194089314765442e+00
-5.072169399999988570e+01 6.818861750582095871e-01 0.000000000000000000e+00 1.745120790923404774e+00
-5.044391999999992038e+01 6.781518705535021230e-01 0.000000000000000000e+00 1.784962984648604811e+00
-5.089969999999993888e+01 6.842792305913597550e-01 0.000000000000000000e+00 1.710532623412245323e+00
-5.034060599999990160e+01 6.767629502960285093e-01 0.000000000000000000e+00 1.866222545317278936e+00
-5.080340199999991313e+01 6.829846311861077490e-01 0.000000000000000000e+00 1.510094009915884383e+00
-5.064654599999990126e+01 6.808759094648865196e-01 0.000000000000000000e+00 1.508564871793082185e+00
-5.106174199999990293e+01 6.864576712321387442e-01 0.000000000000000000e+00 1.735945963943962278e+00
-4.980296799999992885e+01 6.695351175784159947e-01 0.000000000000000000e+00 1.853798039345934123e+00
-5.074484399999991524e+01 6.821973962282402715e-01 0.000000000000000000e+00 1.470184708406504503e+00
-4.990945399999990428e+01 6.709666811858387980e-01 0.000000000000000000e+00 1.758603386151016190e+00
-5.049045199999990530e+01 6.787774318271022622e-01 0.000000000000000000e+00 1.788201548448816958e+00
-5.007243799999992007e+01 6.731577857722844671e-01 0.000000000000000000e+00 2.039766538373121385e+00
-5.041235799999990519e+01 6.777275611552947554e-01 0.000000000000000000e+00 1.686414730805796180e+00
-5.082184799999988911e+01 6.832326132898818294e-01 0.000000000000000000e+00 1.828153293778044697e+00
-5.027493199999992157e+01 6.758800501180344256e-01 0.000000000000000000e+00 1.473406551648391849e+00
-5.113041599999990439e+01 6.873809024472860019e-01 0.000000000000000000e+00 1.753148416952376332e+00
-5.034522399999993070e+01 6.768250332058863838e-01 0.000000000000000000e+00 2.127849926218738474e+00
-5.085167199999990117e+01 6.836335575738985426e-01 0.000000000000000000e+00 1.945930560601490056e+00
-5.065396999999992289e+01 6.809757153381612582e-01 0.000000000000000000e+00 1.831419805434398640e+00
-5.045190599999988734e+01 6.782592317744028376e-01 0.000000000000000000e+00 1.931075839040313991e+00
-5.082089999999990226e+01 6.832198686821416844e-01 0.000000000000000000e+00 1.758855982068049384e+00
-5.049347199999990465e+01 6.788180317378362805e-01 0.000000000000000000e+00 1.607228975791010983e+00
-5.055597999999989867e+01 6.796583692279550837e-01 0.000000000000000000e+00 1.742937908570271199e+00
-5.016836799999990859e+01 6.744474379036452527e-01 0.000000000000000000e+00 1.706289010706147469e+00
-5.080612199999991674e+01 6.830211979931264388e-01 0.000000000000000000e+00 1.941402655458734028e+00
-5.048216599999991416e+01 6.786660375024858860e-01 0.000000000000000000e+00 1.776224880669987405e+00
-5.049308199999988744e+01 6.788127887030060981e-01 0.000000000000000000e+00 1.845689992922906253e+00
-5.062089199999989830e+01 6.805310253225125283e-01 0.000000000000000000e+00 2.291091419930860962e+00
-5.090326199999989853e+01 6.843271169761387940e-01 0.000000000000000000e+00 2.225729959151978576e+00
-5.087222999999990947e+01 6.839099327278288509e-01 0.000000000000000000e+00 2.045704335870161650e+00
-5.077063799999989158e+01 6.825441624856810607e-01 0.000000000000000000e+00 1.754999340227220372e+00
-5.069055199999989014e+01 6.814675120052039459e-01 0.000000000000000000e+00 1.749729183113313491e+00
-5.089372399999989938e+01 6.841988911653504868e-01 0.000000000000000000e+00 1.739618563039819321e+00
-5.052736199999990419e+01 6.792736380208740377e-01 0.000000000000000000e+00 1.875536605707682547e+00
-5.013358999999991283e+01 6.739798936336102164e-01 0.000000000000000000e+00 1.724560263406649252e+00
-5.079179999999990969e+01 6.828286576217581505e-01 0.000000000000000000e+00 1.610330876095049435e+00
-5.096627199999991831e+01 6.851742031931415955e-01 0.000000000000000000e+00 1.934306373844368210e+00
-5.086279799999992690e+01 6.837831319470201175e-01 0.000000000000000000e+00 1.626328250563771283e+00
-5.087176599999988724e+01 6.839036948607488675e-01 0.000000000000000000e+00 1.852137840945599079e+00
-5.075834199999991370e+01 6.823788590080703820e-01 0.000000000000000000e+00 1.726758746180574899e+00
-5.101679999999990400e+01 6.858534854082294352e-01 0.000000000000000000e+00 2.031509988439956338e+00
-5.097932999999989079e+01 6.853497507541889133e-01 0.000000000000000000e+00 1.767472689858018420e+00
-5.069475799999990784e+01 6.815240561192925650e-01 0.000000000000000000e+00 2.390495399448373526e+00
-5.035936599999990193e+01 6.770151537150249643e-01 0.000000000000000000e+00 1.792167304612270806e+00
-5.038454599999990791e+01 6.773536655535288276e-01 0.000000000000000000e+00 1.412475028360294038e+00
-5.017738799999992239e+01 6.745686998886852859e-01 0.000000000000000000e+00 1.693015239228101043e+00
-5.084113999999990341e+01 6.834919687461336046e-01 0.000000000000000000e+00 1.823118433848548214e+00
-5.061592599999988096e+01 6.804642640123450548e-01 0.000000000000000000e+00 1.785109624487634328e+00
-5.069522799999990070e+01 6.815303746484464575e-01 0.000000000000000000e+00 1.366263938598669681e+00
-5.027102999999990374e+01 6.758275928823772594e-01 0.000000000000000000e+00 1.943451837412863092e+00
-5.060951199999993122e+01 6.803780362549127769e-01 0.000000000000000000e+00 1.607469597009252960e+00
-5.146943399999991442e+01 6.919385516317926310e-01 0.000000000000000000e+00 2.122117234750295900e+00
-5.131286799999991644e+01 6.898337285774963634e-01 0.000000000000000000e+00 1.798639799251229743e+00
-5.101805799999990398e+01 6.858703975564756083e-01 0.000000000000000000e+00 1.997593462506949580e+00
-5.057684199999992103e+01 6.799388312603169560e-01 0.000000000000000000e+00 1.522914687993076166e+00
-5.114324599999990539e+01 6.875533848495102296e-01 0.000000000000000000e+00 1.681623930587106797e+00
-5.165149599999990926e+01 6.943861347271728102e-01 0.000000000000000000e+00 1.892975801385295309e+00
-5.125518199999991964e+01 6.890582165077613341e-01 0.000000000000000000e+00 1.646248925319974354e+00
-5.077876399999991008e+01 6.826534058216495726e-01 0.000000000000000000e+00 1.670859602001316890e+00
-5.096042799999989370e+01 6.850956383327673205e-01 0.000000000000000000e+00 1.592909851170352553e+00
-5.120835799999989746e+01 6.884287296798777822e-01 0.000000000000000000e+00 1.646087483295655129e+00
-5.072542199999991652e+01 6.819362930937120648e-01 0.000000000000000000e+00 1.410380476180777887e+00
-5.095144399999989560e+01 6.849748603201732955e-01 0.000000000000000000e+00 1.453351480726286837e+00
-5.107018199999992447e+01 6.865711358833294087e-01 0.000000000000000000e+00 1.359390943269235263e+00
-5.109884399999991444e+01 6.869564586122884897e-01 0.000000000000000000e+00 1.606913590878331188e+00
-5.134960999999991316e+01 6.903276762331874705e-01 0.000000000000000000e+00 1.564087446565903816e+00
-5.108947999999992362e+01 6.868305720016552041e-01 0.000000000000000000e+00 1.711317380431127910e+00
-5.144310399999992711e+01 6.915845795623803971e-01 0.000000000000000000e+00 1.732858196761883685e+00
-5.076805799999991820e+01 6.825094777937298351e-01 0.000000000000000000e+00 1.544941477050542078e+00
-5.108456999999988568e+01 6.867645635375143609e-01 0.000000000000000000e+00 1.889448561823733996e+00
-5.130992399999991704e+01 6.897941503863702639e-01 0.000000000000000000e+00 1.677004280914649259e+00
-5.094479799999989922e+01 6.848855136292004708e-01 0.000000000000000000e+00 1.504536456683887247e+00
-5.060683599999990889e+01 6.803420609697720112e-01 0.000000000000000000e+00 1.746343640817070941e+00
-5.115254799999991064e+01 6.876784379520425317e-01 0.000000000000000000e+00 1.637941677436295818e+00
-5.116821199999990455e+01 6.878890197406970497e-01 0.000000000000000000e+00 1.687234565508443085e+00
-5.105800399999990447e+01 6.864074187598462329e-01 0.000000000000000000e+00 1.529210013780469835e+00
-5.110010999999989423e+01 6.869734783099668007e-01 0.000000000000000000e+00 1.738339734175727846e+00
-5.080769599999989339e+01 6.830423583439524382e-01 0.000000000000000000e+00 1.783648530735794990e+00
-5.145375599999992033e+01 6.917277816316313999e-01 0.000000000000000000e+00 1.968817997565898148e+00
-5.082528799999990099e+01 6.832788595458174630e-01 0.000000000000000000e+00 1.830740534456209767e+00
-5.117905599999991040e+01 6.880348029963260226e-01 0.000000000000000000e+00 1.771780509716172070e+00
-5.120226799999987577e+01 6.883468576744569134e-01 0.000000000000000000e+00 1.887115216455470756e+00
-5.124181199999987513e+01 6.888784745188490932e-01 0.000000000000000000e+00 1.719291331767513364e+00
-4.944454199999992738e+01 6.647165534708880941e-01 0.000000000000000000e+00 1.716465785079765549e+00
-5.104337399999990765e+01 6.862107377353303672e-01 0.000000000000000000e+00 1.700417630140586445e+00
-5.055210199999989840e+01 6.796062346405953303e-01 0.000000000000000000e+00 1.375855500251285779e+00
-5.104166999999990395e+01 6.861878297062274923e-01 0.000000000000000000e+00 1.746072834139862584e+00
-5.122707999999987294e+01 6.886804222390698893e-01 0.000000000000000000e+00 1.886499258661209266e+00
-5.141986199999991669e+01 6.912721215738772962e-01 0.000000000000000000e+00 1.844885386535029648e+00
-5.091434799999991867e+01 6.844761536020982362e-01 0.000000000000000000e+00 1.893366828901319687e+00
-5.064451799999990556e+01 6.808486456837711254e-01 0.000000000000000000e+00 1.720757741497986881e+00
-5.065712199999992293e+01 6.810180898145299366e-01 0.000000000000000000e+00 1.804698627941221600e+00
-5.123684999999991163e+01 6.888117669833985213e-01 0.000000000000000000e+00 1.781742839061085659e+00
-5.109819999999989903e+01 6.869478008829794646e-01 0.000000000000000000e+00 1.702495725976924668e+00
-5.075689999999990931e+01 6.823594732228788207e-01 0.000000000000000000e+00 1.789636687806615667e+00
-5.059373199999991044e+01 6.801658949994879855e-01 0.000000000000000000e+00 1.751192765516108807e+00
-5.156050599999992556e+01 6.931628943703239676e-01 0.000000000000000000e+00 2.086352546296619259e+00
-5.126368399999991965e+01 6.891725146670527602e-01 0.000000000000000000e+00 1.929885491171521084e+00
-5.101660199999990652e+01 6.858508235597774449e-01 0.000000000000000000e+00 1.932839882585500435e+00
