-2.880905399999999972e+01 2.274391219187934243e-01 0.000000000000000000e+00 3.525624155800449966e+00
-2.831854000000001292e+01 2.235666562193340812e-01 0.000000000000000000e+00 3.306782280847847311e+00
-2.946794600000001552e+01 2.326408830706633013e-01 0.000000000000000000e+00 3.693705709469239817e+00
-3.060414800000000568e+01 2.416108681733457608e-01 0.000000000000000000e+00 2.939180996639380261e+00
-3.012945000000001272e+01 2.378632652046191176e-01 0.000000000000000000e+00 3.112915509484945886e+00
-2.945010000000001682e+01 2.324999940789677366e-01 0.000000000000000000e+00 3.093100546883549296e+00
-2.934653800000002732e+01 2.316824021391507837e-01 0.000000000000000000e+00 3.525920468997127966e+00
-2.839938200000000279e+01 2.242048803517251165e-01 0.000000000000000000e+00 2.921403445778425478e+00
-2.978147200000002215e+01 2.351160798660427431e-01 0.000000000000000000e+00 3.192981448445508352e+00
-2.891778800000001581e+01 2.282975452978714681e-01 0.000000000000000000e+00 2.972403940535863764e+00
-2.915564000000002665e+01 2.301753178212813389e-01 0.000000000000000000e+00 3.053343452609935227e+00
-2.898058600000002727e+01 2.287933172860200093e-01 0.000000000000000000e+00 3.621719222227270052e+00
-2.948646400000000511e+01 2.327870773073671407e-01 0.000000000000000000e+00 2.719228063869849610e+00
-2.943405600000001243e+01 2.323733313543928369e-01 0.000000000000000000e+00 3.698897794615869206e+00
-2.952117600000002540e+01 2.330611184751212039e-01 0.000000000000000000e+00 3.550006724452871243e+00
-2.959130600000001365e+01 2.336147744757716416e-01 0.000000000000000000e+00 3.043120592843783445e+00
-3.060922600000001026e+01 2.416509575098822749e-01 0.000000000000000000e+00 3.083249394651720543e+00
-2.859580000000001476e+01 2.257555434678777118e-01 0.000000000000000000e+00 3.078683775101091147e+00
-2.963241200000000575e+01 2.339392944182033529e-01 0.000000000000000000e+00 3.918090569829888459e+00
-2.910894000000001469e+01 2.298066348720387009e-01 0.000000000000000000e+00 3.811141539531619049e+00
-2.885943000000000680e+01 2.278368258213853970e-01 0.000000000000000000e+00 3.026246886304666539e+00
-2.906702999999999548e+01 2.294757675829003363e-01 0.000000000000000000e+00 3.839970193105591179e+00
-2.952619800000001149e+01 2.331007657079068596e-01 0.000000000000000000e+00 3.862692217412694973e+00
-2.876628200000001812e+01 2.271014493897785258e-01 0.000000000000000000e+00 3.249337063090210975e+00
-2.901998000000001454e+01 2.291043214852160892e-01 0.000000000000000000e+00 3.163849428921813534e+00
-2.889765400000002060e+01 2.281385932100760128e-01 0.000000000000000000e+00 3.287242527319544472e+00
-2.967892400000000919e+01 2.343064931619971425e-01 0.000000000000000000e+00 3.932786969580865488e+00
-2.996589000000000880e+01 2.365720064641884668e-01 0.000000000000000000e+00 3.954601974518887619e+00
-2.951124800000001613e+01 2.329827397958902924e-01 0.000000000000000000e+00 3.833431170252919795e+00
-2.904790600000002243e+01 2.293247891520372728e-01 0.000000000000000000e+00 3.369274527008370157e+00
-3.014604200000002265e+01 2.379942542301830555e-01 0.000000000000000000e+00 3.395935135226028745e+00
-3.001540800000001497e+01 2.369629367057429492e-01 0.000000000000000000e+00 3.183249653276800206e+00
-2.835583200000002435e+01 2.238610657384594860e-01 0.000000000000000000e+00 3.009459288622251538e+00
-2.847626800000002589e+01 2.248118730120135800e-01 0.000000000000000000e+00 3.302357845230518674e+00
-2.894459800000002403e+01 2.285092024685180523e-01 0.000000000000000000e+00 3.507917583945428852e+00
-2.952923200000000392e+01 2.331247182575428289e-01 0.000000000000000000e+00 2.764702405483245862e+00
-2.935034800000002875e+01 2.317124809836179078e-01 0.000000000000000000e+00 3.198478904782614318e+00
-2.998627000000001885e+01 2.367329006506031785e-01 0.000000000000000000e+00 3.618951653700029691e+00
-2.928632800000002590e+01 2.312070616600524209e-01 0.000000000000000000e+00 3.266262421619678502e+00
-2.937007400000002022e+01 2.318682120298010962e-01 0.000000000000000000e+00 2.907211473776300181e+00
-3.021979000000001037e+01 2.385764732910125030e-01 0.000000000000000000e+00 3.382994468938529842e+00
-2.970438400000000811e+01 2.345074924743679179e-01 0.000000000000000000e+00 3.657485013279983654e+00
-2.845164600000001798e+01 2.246174894664835497e-01 0.000000000000000000e+00 2.763597271578980941e+00
-2.961572800000001138e+01 2.338075790793348041e-01 0.000000000000000000e+00 3.043011089849239514e+00
-2.950176800000001975e+01 2.329078979466650545e-01 0.000000000000000000e+00 3.414312100818251317e+00
-2.905157200000001794e+01 2.293537311582882765e-01 0.000000000000000000e+00 3.205650697055328013e+00
-2.906605200000002398e+01 2.294680465566830141e-01 0.000000000000000000e+00 3.088856411980709815e+00
-2.882877200000001849e+01 2.275947898072981646e-01 0.000000000000000000e+00 3.055171021088176619e+00
-2.927223400000002229e+01 2.310957936196535722e-01 0.000000000000000000e+00 4.022039439761119439e+00
-2.951420600000000860e+01 2.330060923475788803e-01 0.000000000000000000e+00 2.650144386606628988e+00
-2.939320200000001648e+01 2.320508008788392251e-01 0.000000000000000000e+00 3.318053171497534759e+00
-2.926330800000001986e+01 2.310253254396762712e-01 0.000000000000000000e+00 2.839954343767312928e+00
-2.962892400000000492e+01 2.339117576703027279e-01 0.000000000000000000e+00 3.229564604270296790e+00
-2.974643000000001791e+01 2.348394334440436215e-01 0.000000000000000000e+00 4.314980371258185343e+00
-2.857276800000000705e+01 2.255737125109835706e-01 0.000000000000000000e+00 3.808689670614614720e+00
-2.960617200000001148e+01 2.337321372321621848e-01 0.000000000000000000e+00 3.018865331095258675e+00
-2.886053400000002966e+01 2.278455415810421714e-01 0.000000000000000000e+00 3.127051103077236771e+00
-2.916750200000000248e+01 2.302689648693307112e-01 0.000000000000000000e+00 3.080931864998580849e+00
-2.938059400000001986e+01 2.319512643772536076e-01 0.000000000000000000e+00 3.823942393215450153e+00
-2.856539200000002054e+01 2.255154811312489183e-01 0.000000000000000000e+00 3.302209129367303930e+00
-2.961772000000001626e+01 2.338233053413239504e-01 0.000000000000000000e+00 3.042818746697300014e+00
-2.900909400000001526e+01 2.290183796739643785e-01 0.000000000000000000e+00 3.908482518980448628e+00
-2.988484200000003099e+01 2.359321560215717484e-01 0.000000000000000000e+00 3.538697818626438618e+00
-2.894306400000002810e+01 2.284970919836329106e-01 0.000000000000000000e+00 3.153884776483975028e+00
-2.897889600000001309e+01 2.287799752264006448e-01 0.000000000000000000e+00 3.309022470807212457e+00
-2.986438400000001891e+01 2.357706460477899668e-01 0.000000000000000000e+00 3.595718856683190356e+00
-2.911045599999999212e+01 2.298186032521467026e-01 0.000000000000000000e+00 3.573174023312148506e+00
-2.891721200000001701e+01 2.282929979450071534e-01 0.000000000000000000e+00 3.080546262632356314e+00
-2.863725800000001342e+01 2.260828423481709981e-01 0.000000000000000000e+00 3.234903597744920312e+00
-2.968052600000002172e+01 2.343191404871511341e-01 0.000000000000000000e+00 3.908756872382570524e+00
-3.023217400000001120e+01 2.386742413775953531e-01 0.000000000000000000e+00 3.998109744341945326e+00
-2.978463200000001621e+01 2.351410271491177761e-01 0.000000000000000000e+00 3.289488094186379108e+00
-2.885450600000002908e+01 2.277979522701635007e-01 0.000000000000000000e+00 3.878176581062681372e+00
-2.986113800000001817e+01 2.357450198196691660e-01 0.000000000000000000e+00 3.815450161634292847e+00
-2.943656800000004381e+01 2.323931628654958004e-01 0.000000000000000000e+00 3.405573959631652325e+00
-2.961061399999999466e+01 2.337672055332441767e-01 0.000000000000000000e+00 3.134550073912143464e+00
-2.888663400000001502e+01 2.280515935077065404e-01 0.000000000000000000e+00 3.753365020271540065e+00
-2.917447000000000656e+01 2.303239752074532909e-01 0.000000000000000000e+00 3.549245769287902696e+00
-2.953060200000001956e+01 2.331355340100153828e-01 0.000000000000000000e+00 3.142497817489337208e+00
-2.929278800000001226e+01 2.312580614855792027e-01 0.000000000000000000e+00 3.630765328712085349e+00
-2.980784000000001299e+01 2.353242475749426077e-01 0.000000000000000000e+00 3.969523566099359968e+00
-2.929419400000001517e+01 2.312691614476056756e-01 0.000000000000000000e+00 3.289384312837190016e+00
-2.962242400000002363e+01 2.338604420563826225e-01 0.000000000000000000e+00 2.943569468791249477e+00
-2.935856800000001599e+01 2.317773754984523704e-01 0.000000000000000000e+00 4.051042569808418925e+00
-2.947057800000003525e+01 2.326616619469462355e-01 0.000000000000000000e+00 3.085330318598747290e+00
-2.935394000000003700e+01 2.317408387813413018e-01 0.000000000000000000e+00 4.385875721546209860e+00
-2.818568200000001411e+01 2.225177808602234741e-01 0.000000000000000000e+00 2.435501608815197283e+00
-2.949225200000003255e+01 2.328327718878858976e-01 0.000000000000000000e+00 2.961031676491806319e+00
-2.910177600000001519e+01 2.297500771707887413e-01 0.000000000000000000e+00 3.387520116966469708e+00
-3.029067200000001137e+01 2.391360661134581123e-01 0.000000000000000000e+00 3.774194758296332441e+00
-2.969842600000002619e+01 2.344604557931777578e-01 0.000000000000000000e+00 3.541232424362678266e+00
-2.931829400000001584e+01 2.314594239546023668e-01 0.000000000000000000e+00 3.056389313143695663e+00
-2.854457400000002565e+01 2.253511290619270857e-01 0.000000000000000000e+00 2.847165128121640798e+00
-2.892994800000002087e+01 2.283935449694515785e-01 0.000000000000000000e+00 3.054483770977950208e+00
-2.933990000000001785e+01 2.316299970552733734e-01 0.000000000000000000e+00 3.484791848456763486e+00
-2.847837200000002156e+01 2.248284834815040267e-01 0.000000000000000000e+00 3.178049983717383675e+00
-2.847184800000001914e+01 2.247769783945477440e-01 0.000000000000000000e+00 2.921539362003074736e+00
-2.860709200000000862e+01 2.258446905313219177e-01 0.000000000000000000e+00 3.281715754490124315e+00
-2.896706800000000470e+01 2.286865965984853366e-01 0.000000000000000000e+00 2.750556555577489348e+00
-2.886528400000000971e+01 2.278830414527529824e-01 0.000000000000000000e+00 2.828327102606304599e+00
-2.891861200000001375e+01 2.283040505387745611e-01 0.000000000000000000e+00 3.244953045037941575e+00
-2.993777400000002231e+01 2.363500388024989962e-01 0.000000000000000000e+00 3.771572397504812990e+00
-2.891902400000001805e+01 2.283073031592261770e-01 0.000000000000000000e+00 3.013624049234617353e+00
-2.947775400000001511e+01 2.327183143847140478e-01 0.000000000000000000e+00 3.353921358028900457e+00
-2.843137600000000731e+01 2.244574636981505611e-01 0.000000000000000000e+00 3.140652514300140918e+00
-2.930327000000001192e+01 2.313408138340580233e-01 0.000000000000000000e+00 3.270486412453108560e+00
-2.934935000000004379e+01 2.317046020632038128e-01 0.000000000000000000e+00 3.413063433147246251e+00
-2.936555400000002081e+01 2.318325279413519235e-01 0.000000000000000000e+00 3.700671456393509029e+00
-2.951337400000001310e+01 2.329995239489971171e-01 0.000000000000000000e+00 3.123958598085047278e+00
-2.968487000000002141e+01 2.343534351066695332e-01 0.000000000000000000e+00 3.676801550466811896e+00
-2.951620800000002376e+01 2.330218975566664408e-01 0.000000000000000000e+00 3.516735141705307655e+00
-2.969583800000003393e+01 2.344400242841277182e-01 0.000000000000000000e+00 3.655581210536054115e+00
-2.936018000000002104e+01 2.317901017707046374e-01 0.000000000000000000e+00 3.295567875468230046e+00
-3.012942800000001853e+01 2.378630915210028229e-01 0.000000000000000000e+00 3.514354977732203178e+00
-2.991270400000001217e+01 2.361521184269633755e-01 0.000000000000000000e+00 2.955841227400417104e+00
-2.901093400000003442e+01 2.290329059400589007e-01 0.000000000000000000e+00 3.014293213309219954e+00
-2.904800800000001715e+01 2.293255944124402979e-01 0.000000000000000000e+00 2.692652165651530538e+00
-2.956480800000001707e+01 2.334055804545933088e-01 0.000000000000000000e+00 3.744345960384332095e+00
-2.980583000000002158e+01 2.353083792081765435e-01 0.000000000000000000e+00 2.995089575682777117e+00
-2.918948000000002807e+01 2.304424748020600933e-01 0.000000000000000000e+00 3.041265877654543370e+00
-3.006059000000001191e+01 2.373196354854576473e-01 0.000000000000000000e+00 4.565187124568195642e+00
-2.923488200000001669e+01 2.308009104179381543e-01 0.000000000000000000e+00 3.489677843612212005e+00
-2.993660400000001331e+01 2.363408019919932823e-01 0.000000000000000000e+00 3.131121151833410554e+00
-2.943825600000001685e+01 2.324064891356951990e-01 0.000000000000000000e+00 3.046655645836442439e+00
-3.030462200000002326e+01 2.392461973156409238e-01 0.000000000000000000e+00 3.201137550573690316e+00
-2.927547400000002753e+01 2.311213724795154190e-01 0.000000000000000000e+00 2.922457282874509676e+00
-2.917496400000000278e+01 2.303278751941111868e-01 0.000000000000000000e+00 3.352504239077759074e+00
-2.946007400000001297e+01 2.325787359148508981e-01 0.000000000000000000e+00 3.665032766500075034e+00
-2.886435200000000023e+01 2.278756835831877436e-01 0.000000000000000000e+00 3.598665324488056427e+00
-2.908265200000001371e+01 2.295990987399254557e-01 0.000000000000000000e+00 3.467171897929772317e+00
-2.877407800000001004e+01 2.271629965476434643e-01 0.000000000000000000e+00 2.730892933022516456e+00
-3.011454200000001435e+01 2.377455708704155346e-01 0.000000000000000000e+00 3.313217762912786135e+00
-2.936632200000002157e+01 2.318385910785043802e-01 0.000000000000000000e+00 4.318248922033377291e+00
-2.934010200000001589e+01 2.316315917866597907e-01 0.000000000000000000e+00 3.431474781865928136e+00
-2.934566600000002978e+01 2.316755179521756414e-01 0.000000000000000000e+00 3.040884423056535280e+00
-2.933092599999999806e+01 2.315591499292239119e-01 0.000000000000000000e+00 3.104691667789966747e+00
-2.902214800000000494e+01 2.291214372161358703e-01 0.000000000000000000e+00 2.986619464199507412e+00
-2.999088800000001243e+01 2.367693584206160273e-01 0.000000000000000000e+00 3.240809359792891531e+00
-2.961454600000002912e+01 2.337982475323112930e-01 0.000000000000000000e+00 3.243584019444534228e+00
-2.885845800000002370e+01 2.278291521634270012e-01 0.000000000000000000e+00 2.860078482118060261e+00
-2.946187400000003720e+01 2.325929463925520968e-01 0.000000000000000000e+00 3.886981922518271126e+00
-2.878086600000000317e+01 2.272165858379958381e-01 0.000000000000000000e+00 3.076047972994838453e+00
-2.887488000000000454e+01 2.279587990883189252e-01 0.000000000000000000e+00 3.074363793789807175e+00
-2.930987800000001542e+01 2.313929820766403855e-01 0.000000000000000000e+00 2.694244419392996193e+00
-2.885303400000002583e+01 2.277863312572880050e-01 0.000000000000000000e+00 3.153954173498608959e+00
-3.060256000000002885e+01 2.415983313741297267e-01 0.000000000000000000e+00 3.650985094740897718e+00
-2.937301800000000540e+01 2.318914540555519488e-01 0.000000000000000000e+00 2.948765831353445499e+00
-2.879704599999999459e+01 2.273443222431080768e-01 0.000000000000000000e+00 3.041500370030049805e+00
-2.885019800000002022e+01 2.277639418601990484e-01 0.000000000000000000e+00 3.092094047662832246e+00
-2.850779600000000968e+01 2.250607774236562386e-01 0.000000000000000000e+00 3.254462197651622812e+00
-2.936524000000001777e+01 2.318300490024640670e-01 0.000000000000000000e+00 3.626829654704287975e+00
-2.855515799999999871e+01 2.254346866708087371e-01 0.000000000000000000e+00 3.676273739743996849e+00
-2.838984000000002084e+01 2.241295490304903160e-01 0.000000000000000000e+00 3.231892006084036151e+00
-2.950012400000001378e+01 2.328949190436981065e-01 0.000000000000000000e+00 3.240113796016330205e+00
-2.911773800000000634e+01 2.298760925291571666e-01 0.000000000000000000e+00 2.981668947160399874e+00
-2.949274600000001811e+01 2.328366718745437103e-01 0.000000000000000000e+00 3.761069042292753295e+00
-2.941633800000002452e+01 2.322334528855561075e-01 0.000000000000000000e+00 4.378655960723540908e+00
-2.976788600000000429e+01 2.350088223382393871e-01 0.000000000000000000e+00 3.772659561138066220e+00
-3.004281000000002422e+01 2.371792675446112164e-01 0.000000000000000000e+00 3.770435746044547898e+00
-2.976914400000000782e+01 2.350187538832104461e-01 0.000000000000000000e+00 3.034794611402554132e+00
-2.909720600000001767e+01 2.297139983468478863e-01 0.000000000000000000e+00 3.328370132201845522e+00
-2.911873800000002532e+01 2.298839872389912276e-01 0.000000000000000000e+00 3.396392193114703861e+00
-2.922737400000001884e+01 2.307416369365053455e-01 0.000000000000000000e+00 2.855658001996680628e+00
-2.901546200000002429e+01 2.290686531861866604e-01 0.000000000000000000e+00 3.096184007229257240e+00
-2.963466400000002565e+01 2.339570733047494078e-01 0.000000000000000000e+00 4.100460338126621807e+00
-2.948103000000001828e+01 2.327441774541298969e-01 0.000000000000000000e+00 3.560311656472241904e+00
-2.983496400000000648e+01 2.355383836844769097e-01 0.000000000000000000e+00 4.321253396816598702e+00
-2.949662800000001894e+01 2.328673191381188667e-01 0.000000000000000000e+00 3.416231740243402371e+00
-2.952797600000001665e+01 2.331148025019915693e-01 0.000000000000000000e+00 3.854594744334939982e+00
-2.950625800000002741e+01 2.329433451938192901e-01 0.000000000000000000e+00 3.359719407511299938e+00
-2.913986600000000138e+01 2.300507866683614011e-01 0.000000000000000000e+00 3.732229247460558064e+00
-2.844552800000001724e+01 2.245691896317198177e-01 0.000000000000000000e+00 3.226129029466061837e+00
-2.942674200000000795e+01 2.323155894466677474e-01 0.000000000000000000e+00 3.033687477734253513e+00
-3.049074400000002427e+01 2.407155764993437475e-01 0.000000000000000000e+00 3.073152976444599727e+00
-2.981851800000002939e+01 2.354085472865489748e-01 0.000000000000000000e+00 2.913811001974610182e+00
-2.911573800000002876e+01 2.298603031094895721e-01 0.000000000000000000e+00 2.874333309745255249e+00
-2.976720800000001077e+01 2.350034697249720750e-01 0.000000000000000000e+00 3.183270388769411596e+00
-2.992181799999999114e+01 2.362240708123892474e-01 0.000000000000000000e+00 3.606208523984796077e+00
-3.022993400000000008e+01 2.386565572275673730e-01 0.000000000000000000e+00 3.776823109124943123e+00
-2.896125400000001093e+01 2.286406967555111858e-01 0.000000000000000000e+00 2.625896595601571182e+00
-2.905235400000004020e+01 2.293599048213785518e-01 0.000000000000000000e+00 2.778046141068040153e+00
-2.912986600000000337e+01 2.299718395700225404e-01 0.000000000000000000e+00 3.421833578896057659e+00
-3.025443600000000544e+01 2.388499934079173215e-01 0.000000000000000000e+00 3.432200763815449029e+00
-2.983531599999999884e+01 2.355411626223383736e-01 0.000000000000000000e+00 3.177578459075368844e+00
-2.940724600000001843e+01 2.321616741837463638e-01 0.000000000000000000e+00 3.073886046645454062e+00
-2.997708000000001505e+01 2.366603482672297309e-01 0.000000000000000000e+00 3.752762123335748434e+00
-2.996742800000001594e+01 2.365841485279130407e-01 0.000000000000000000e+00 3.899982906206516997e+00
-2.833209800000001977e+01 2.236736926952619664e-01 0.000000000000000000e+00 2.874468976939896336e+00
-2.937022400000001454e+01 2.318693962362761429e-01 0.000000000000000000e+00 3.620733879712925152e+00
-2.918742600000001985e+01 2.304262590680612177e-01 0.000000000000000000e+00 3.243722076756324402e+00
-2.875527400000001776e+01 2.270145444239271004e-01 0.000000000000000000e+00 3.829466848737536733e+00
-3.011463200000001095e+01 2.377462813943005682e-01 0.000000000000000000e+00 3.066107820255234095e+00
-2.940099400000001850e+01 2.321123164578648979e-01 0.000000000000000000e+00 4.368233075279252198e+00
-2.918257800000001367e+01 2.303879855147865086e-01 0.000000000000000000e+00 3.297382756052920083e+00
-2.901240000000003150e+01 2.290444795846753312e-01 0.000000000000000000e+00 3.446372039748993199e+00
-3.003918199999999672e+01 2.371506255373336536e-01 0.000000000000000000e+00 3.278171816833709951e+00
-2.969720400000002059e+01 2.344508084577607010e-01 0.000000000000000000e+00 3.742796056262178261e+00
-2.980239800000000727e+01 2.352812845640265271e-01 0.000000000000000000e+00 3.322397228909063749e+00
-3.048254600000002057e+01 2.406508556681254962e-01 0.000000000000000000e+00 3.634003916749889207e+00
-2.889105000000000345e+01 2.280864565463328886e-01 0.000000000000000000e+00 3.155400672872405998e+00
-2.933813400000002503e+01 2.316160549977067662e-01 0.000000000000000000e+00 2.935226236913029751e+00
-3.046364600000001488e+01 2.405016456522649781e-01 0.000000000000000000e+00 3.363718851660189468e+00
-2.964936600000001832e+01 2.340731413287271689e-01 0.000000000000000000e+00 3.481656799969191862e+00
-2.845586400000001603e+01 2.246507893525628574e-01 0.000000000000000000e+00 2.967867264774011193e+00
-2.944687200000002036e+01 2.324745099556239925e-01 0.000000000000000000e+00 3.888460061218698804e+00
-3.002557600000002580e+01 2.370432101153340243e-01 0.000000000000000000e+00 3.432922659849634961e+00
-2.922807200000002936e+01 2.307471474439694858e-01 0.000000000000000000e+00 3.487883238827373056e+00
-2.974765200000002707e+01 2.348490807794607060e-01 0.000000000000000000e+00 4.400029776861592801e+00
-3.008869800000001860e+01 2.375415399894685864e-01 0.000000000000000000e+00 3.541265241848916556e+00
-3.015478799999999282e+01 2.380633013623900118e-01 0.000000000000000000e+00 3.957703449910099369e+00
-2.974641400000000147e+01 2.348393071286861422e-01 0.000000000000000000e+00 4.296189768889064453e+00
-2.917925600000002362e+01 2.303617592887184096e-01 0.000000000000000000e+00 4.060722656547474330e+00
-2.878988800000002612e+01 2.272878119101173489e-01 0.000000000000000000e+00 2.593963132191295706e+00
-2.898151599999999917e+01 2.288006593661653099e-01 0.000000000000000000e+00 3.025675730945456277e+00
-2.936168400000000744e+01 2.318019754142946753e-01 0.000000000000000000e+00 3.334699867848725408e+00
-2.868052999999999741e+01 2.264244622321028577e-01 0.000000000000000000e+00 3.506428939214022655e+00
-2.925594599999999801e+01 2.309672045858790213e-01 0.000000000000000000e+00 2.919582297625826772e+00
-3.002812400000001603e+01 2.370633258359906848e-01 0.000000000000000000e+00 3.494181576321853111e+00
-2.880669200000003016e+01 2.274204746141660349e-01 0.000000000000000000e+00 3.665081404519350272e+00
-2.919842800000003535e+01 2.305131166656537722e-01 0.000000000000000000e+00 3.588803062896957830e+00
-2.962346800000002389e+01 2.338686841334491895e-01 0.000000000000000000e+00 2.938976846183038560e+00
-2.892778800000000672e+01 2.283764923962102733e-01 0.000000000000000000e+00 3.190330246585576734e+00
-2.998613200000000134e+01 2.367318111806459568e-01 0.000000000000000000e+00 3.243783975011500953e+00
-2.991057800000000810e+01 2.361353342738564953e-01 0.000000000000000000e+00 3.825746526043160678e+00
-2.958548200000001671e+01 2.335687956856991043e-01 0.000000000000000000e+00 3.960802169553459873e+00
-2.952643000000000129e+01 2.331025972805882418e-01 0.000000000000000000e+00 3.664173018429929485e+00
-2.903335600000002970e+01 2.292099211239542744e-01 0.000000000000000000e+00 2.883650020104465472e+00
-2.863051000000002944e+01 2.260295688462120589e-01 0.000000000000000000e+00 3.626891530058223179e+00
-2.885018200000003219e+01 2.277638155448417911e-01 0.000000000000000000e+00 3.695280258869673151e+00
-2.967916000000002086e+01 2.343083563135180403e-01 0.000000000000000000e+00 3.923311699484649751e+00
-2.950981800000002053e+01 2.329714503608278642e-01 0.000000000000000000e+00 3.384476195581911373e+00
-2.956390000000002516e+01 2.333984120580641919e-01 0.000000000000000000e+00 3.281639580232030617e+00
-2.860002600000000328e+01 2.257889065116356342e-01 0.000000000000000000e+00 3.429790244156796231e+00
-2.849510000000002563e+01 2.249605461876053314e-01 0.000000000000000000e+00 2.958922950512687056e+00
-3.024705600000001482e+01 2.387917304493433202e-01 0.000000000000000000e+00 3.075136210116832913e+00
-2.950604000000000937e+01 2.329416241470753379e-01 0.000000000000000000e+00 3.820802878184033080e+00
-2.956311600000000794e+01 2.333922226055543114e-01 0.000000000000000000e+00 3.771461317371329613e+00
-2.933198200000002487e+01 2.315674867428086925e-01 0.000000000000000000e+00 3.627022707689734116e+00
-2.902138000000002904e+01 2.291153740789836357e-01 0.000000000000000000e+00 2.868380676594127543e+00
-2.996715600000001700e+01 2.365820011668382516e-01 0.000000000000000000e+00 3.393296997254999336e+00
-2.867730600000001573e+01 2.263990096875985458e-01 0.000000000000000000e+00 3.194865603465356418e+00
-2.922747000000002160e+01 2.307423948286494442e-01 0.000000000000000000e+00 2.712315222194030540e+00
-2.862809200000001297e+01 2.260104794378335891e-01 0.000000000000000000e+00 2.643114103778329227e+00
-2.917099000000001041e+01 2.302965016172313917e-01 0.000000000000000000e+00 4.033274384981196725e+00
-2.909286399999998451e+01 2.296797195167488981e-01 0.000000000000000000e+00 3.730786406918043419e+00
-2.874374800000000008e+01 2.269235499983815740e-01 0.000000000000000000e+00 2.962639473884424834e+00
-2.941178000000002868e+01 2.321974687981332719e-01 0.000000000000000000e+00 3.263672869698193590e+00
-2.950143400000002458e+01 2.329052611135805917e-01 0.000000000000000000e+00 3.329715403624663672e+00
-2.962191400000003227e+01 2.338564157543674138e-01 0.000000000000000000e+00 3.311777625172001027e+00
-2.922977200000000764e+01 2.307605684506869315e-01 0.000000000000000000e+00 2.897819063792769878e+00
-3.002865000000001672e+01 2.370674784533633173e-01 0.000000000000000000e+00 3.394047051973513529e+00
-2.952797200000002320e+01 2.331147709231522758e-01 0.000000000000000000e+00 3.141242348648931593e+00
-2.902826400000000717e+01 2.291697212614799417e-01 0.000000000000000000e+00 3.055147243042584559e+00
-2.938077200000001810e+01 2.319526696356040141e-01 0.000000000000000000e+00 3.424704411696126272e+00
-2.988076200000001492e+01 2.358999456054493571e-01 0.000000000000000000e+00 3.074995799973479826e+00
-2.879127600000001408e+01 2.272987697673666818e-01 0.000000000000000000e+00 2.471827833447560074e+00
-2.945365800000001499e+01 2.325280834565567056e-01 0.000000000000000000e+00 3.717104630621239192e+00
-2.934311600000001619e+01 2.316553864420991260e-01 0.000000000000000000e+00 2.799069096866732220e+00
-2.902951200000001108e+01 2.291795738593526699e-01 0.000000000000000000e+00 2.735887062294846572e+00
-2.945480000000001297e+01 2.325370992151869765e-01 0.000000000000000000e+00 2.917890748711154281e+00
-2.952265400000001705e+01 2.330727868562556260e-01 0.000000000000000000e+00 3.279398792628756887e+00
-3.016548800000001762e+01 2.381477747576128123e-01 0.000000000000000000e+00 3.656718407724321551e+00
-2.961393800000001164e+01 2.337934475487321584e-01 0.000000000000000000e+00 3.051494829671371534e+00
-2.928508200000003114e+01 2.311972248515994366e-01 0.000000000000000000e+00 3.539681836081150834e+00
-2.928410000000000935e+01 2.311894722465423768e-01 0.000000000000000000e+00 3.798652555788164964e+00
-2.939774400000001719e+01 2.320866586509047480e-01 0.000000000000000000e+00 3.632229467963640879e+00
-3.003694400000001252e+01 2.371329571767255284e-01 0.000000000000000000e+00 3.758355510740722050e+00
-2.900031200000002585e+01 2.289490483322032810e-01 0.000000000000000000e+00 2.880998762399153090e+00
-2.923370800000002134e+01 2.307916420285932302e-01 0.000000000000000000e+00 3.057356175881047911e+00
-2.952143400000002060e+01 2.330631553102583131e-01 0.000000000000000000e+00 3.030121845208888054e+00
-2.807078800000002161e+01 2.216107260685688807e-01 0.000000000000000000e+00 3.293390554688758964e+00
-2.951985400000000936e+01 2.330506816687206717e-01 0.000000000000000000e+00 3.558417656042123678e+00
-2.923617600000001104e+01 2.308111261724631602e-01 0.000000000000000000e+00 3.223354048102408331e+00
-2.901863199999999665e+01 2.290936794163598578e-01 0.000000000000000000e+00 3.862144901133241603e+00
-2.916693200000002051e+01 2.302644648847255449e-01 0.000000000000000000e+00 3.066211470264208483e+00
-2.905230800000000713e+01 2.293595416647259411e-01 0.000000000000000000e+00 2.972983628561201463e+00
-2.951599600000002610e+01 2.330202238781816648e-01 0.000000000000000000e+00 3.265737432396790041e+00
-2.919500800000002627e+01 2.304861167580218029e-01 0.000000000000000000e+00 3.119521320366024142e+00
-2.931237000000001203e+01 2.314126556935464096e-01 0.000000000000000000e+00 3.510415331308081033e+00
-2.919395200000001367e+01 2.304777799444371333e-01 0.000000000000000000e+00 3.084670536521663564e+00
-2.944023600000000584e+01 2.324221206611661872e-01 0.000000000000000000e+00 3.074716678990869756e+00
-2.991092399999999785e+01 2.361380658434589219e-01 0.000000000000000000e+00 3.207235308401705787e+00
-2.887201199999999446e+01 2.279361570605152598e-01 0.000000000000000000e+00 3.320509168613217987e+00
-2.884159200000002343e+01 2.276959999873686413e-01 0.000000000000000000e+00 3.000455506889619262e+00
-2.912377400000001515e+01 2.299237449977145908e-01 0.000000000000000000e+00 2.784049075478144175e+00
-2.949384200000002920e+01 2.328453244765217589e-01 0.000000000000000000e+00 3.337567052833182224e+00
-2.897538200000000685e+01 2.287522332160442928e-01 0.000000000000000000e+00 3.034010796288629130e+00
-2.977760800000000430e+01 2.350855747072444490e-01 0.000000000000000000e+00 3.465437509880223921e+00
-2.944841800000001797e+01 2.324867151770271534e-01 0.000000000000000000e+00 3.546724630318667248e+00
-2.932772000000001711e+01 2.315338394894966012e-01 0.000000000000000000e+00 3.083984387218272172e+00
-2.932314000000001286e+01 2.314976817184573599e-01 0.000000000000000000e+00 2.695438172583860759e+00
-2.875154200000001126e+01 2.269850813668269907e-01 0.000000000000000000e+00 3.359886986350354210e+00
-3.006147400000001468e+01 2.373266144089508090e-01 0.000000000000000000e+00 2.851410223158237667e+00
-2.944352000000001723e+01 2.324480468882607620e-01 0.000000000000000000e+00 3.245223703671086479e+00
-2.854311400000001697e+01 2.253396027855695538e-01 0.000000000000000000e+00 3.197466190690700927e+00
-2.949241000000000668e+01 2.328340192520394480e-01 0.000000000000000000e+00 2.727174860898946562e+00
-2.936238600000000432e+01 2.318075175005980537e-01 0.000000000000000000e+00 3.147235345666755446e+00
-3.005313800000001123e+01 2.372608041077755026e-01 0.000000000000000000e+00 2.942502749989017286e+00
-2.943551000000001849e+01 2.323848102624913314e-01 0.000000000000000000e+00 3.072295919219456106e+00
-2.912228000000002126e+01 2.299119503012228005e-01 0.000000000000000000e+00 3.027884907210498966e+00
-2.835488600000002180e+01 2.238535973429566228e-01 0.000000000000000000e+00 2.652387420283237596e+00
-2.869794600000001594e+01 2.265619564985699996e-01 0.000000000000000000e+00 3.498650253085921591e+00
-2.897123600000000820e+01 2.287195017490730176e-01 0.000000000000000000e+00 3.236196298859436382e+00
-2.922380200000000627e+01 2.307134370329786133e-01 0.000000000000000000e+00 3.063309895843996156e+00
-2.873825200000001345e+01 2.268801606731346288e-01 0.000000000000000000e+00 3.127437776479899068e+00
-2.884750400000001136e+01 2.277426735119064960e-01 0.000000000000000000e+00 2.725546807149647144e+00
-2.912789800000001605e+01 2.299563027810695437e-01 0.000000000000000000e+00 4.045674704888386763e+00
-2.925119600000001086e+01 2.309297047141681547e-01 0.000000000000000000e+00 3.450268743563625673e+00
-2.929961000000001903e+01 2.313119191960660570e-01 0.000000000000000000e+00 4.239818804244856132e+00
-2.996119999999998740e+01 2.365349802750673636e-01 0.000000000000000000e+00 3.366916662605312194e+00
-2.914522600000001162e+01 2.300931023130711184e-01 0.000000000000000000e+00 2.979169565351249549e+00
-2.832089800000003166e+01 2.235852719451225379e-01 0.000000000000000000e+00 3.099705842087391527e+00
-2.938301600000000846e+01 2.319703853644711766e-01 0.000000000000000000e+00 3.170197797758545377e+00
-2.827280000000002147e+01 2.232055521915321250e-01 0.000000000000000000e+00 2.929166492883308770e+00
-2.952360200000001811e+01 2.330802710411781498e-01 0.000000000000000000e+00 3.064317073355263155e+00
-3.116072600000003234e+01 2.460048899832713576e-01 0.000000000000000000e+00 3.639257871805594569e+00
-2.902342400000000566e+01 2.291315108658839028e-01 0.000000000000000000e+00 3.187389556498033016e+00
-2.888221800000003014e+01 2.280167304690801922e-01 0.000000000000000000e+00 3.217407271889600295e+00
-3.011253400000003211e+01 2.377297182930692421e-01 0.000000000000000000e+00 3.890737771283606872e+00
-2.942390200000001599e+01 2.322931684707395528e-01 0.000000000000000000e+00 3.322301382529826430e+00
-2.950203000000001552e+01 2.329099663606415127e-01 0.000000000000000000e+00 3.592496335348854597e+00
-2.891499400000003206e+01 2.282754874785957178e-01 0.000000000000000000e+00 3.003500032565373346e+00
-2.854872800000002186e+01 2.253839236865770312e-01 0.000000000000000000e+00 2.817073046677915027e+00
-3.023748800000000969e+01 2.387161938656526261e-01 0.000000000000000000e+00 3.670111745285809413e+00
-2.946084200000001374e+01 2.325847990520033548e-01 0.000000000000000000e+00 3.183699929555313002e+00
-2.920648600000001949e+01 2.305767322374951134e-01 0.000000000000000000e+00 3.848860927258579867e+00
-2.941993600000001052e+01 2.322618580515383169e-01 0.000000000000000000e+00 3.646366930607821466e+00
-2.961566400000001309e+01 2.338070738179054420e-01 0.000000000000000000e+00 3.059596146371760916e+00
-2.986526399999999981e+01 2.357775933924436407e-01 0.000000000000000000e+00 3.380724767119343444e+00
-2.901655600000002977e+01 2.290772899987449651e-01 0.000000000000000000e+00 3.401363366946266176e+00
-2.969280800000000298e+01 2.344161033133307925e-01 0.000000000000000000e+00 3.289385468309737881e+00
-2.979194600000002424e+01 2.351987690568428935e-01 0.000000000000000000e+00 3.568451155271652908e+00
-2.962941200000000208e+01 2.339156102887016420e-01 0.000000000000000000e+00 3.540213236894471205e+00
-2.969531800000001809e+01 2.344359190350139566e-01 0.000000000000000000e+00 3.652781282565189080e+00
-2.983840000000001424e+01 2.355655099074662195e-01 0.000000000000000000e+00 3.277903852072897806e+00
-2.859856000000000975e+01 2.257773328670192037e-01 0.000000000000000000e+00 3.615355001862880169e+00
-2.946102400000001253e+01 2.325862358891931103e-01 0.000000000000000000e+00 3.066846651211052155e+00
-2.916058800000001128e+01 2.302143808455393015e-01 0.000000000000000000e+00 3.235452251318447825e+00
-2.904945400000002920e+01 2.293370101628601776e-01 0.000000000000000000e+00 3.294225842853098829e+00
-2.975283400000002132e+01 2.348899911658198503e-01 0.000000000000000000e+00 3.552756963096732612e+00
-3.017531400000000730e+01 2.382253481764405045e-01 0.000000000000000000e+00 3.117113635265091887e+00
-2.993119600000001768e+01 2.362981074012116545e-01 0.000000000000000000e+00 3.711876496713289786e+00
-2.914606000000000918e+01 2.300996865010725700e-01 0.000000000000000000e+00 3.635395974097573646e+00
-2.941970800000000352e+01 2.322600580576961449e-01 0.000000000000000000e+00 3.789144373012371059e+00
-2.943992000000001141e+01 2.324196259328587255e-01 0.000000000000000000e+00 3.380416520926007529e+00
-2.986376199999999059e+01 2.357657355382730691e-01 0.000000000000000000e+00 3.648918884437975407e+00
-2.944171600000001021e+01 2.324338048317203809e-01 0.000000000000000000e+00 3.387336830696040746e+00
-2.977415200000000084e+01 2.350582905900585051e-01 0.000000000000000000e+00 3.799453780372632039e+00
-2.923278400000000943e+01 2.307843473167066062e-01 0.000000000000000000e+00 3.218040616750283522e+00
-2.974572400000002759e+01 2.348338597789009774e-01 0.000000000000000000e+00 2.899411124367334391e+00
-3.003873600000002142e+01 2.371471044967479458e-01 0.000000000000000000e+00 3.832328869123205806e+00
-2.953116999999999948e+01 2.331400182052008607e-01 0.000000000000000000e+00 3.304966547837244306e+00
-2.897039200000001458e+01 2.287128386139732628e-01 0.000000000000000000e+00 2.792591988327096431e+00
-3.004530200000000661e+01 2.371989411615171295e-01 0.000000000000000000e+00 3.830889127113754622e+00
-2.977202200000001397e+01 2.350414748581124424e-01 0.000000000000000000e+00 3.336227960732862652e+00
-2.931078400000001594e+01 2.314001346837498696e-01 0.000000000000000000e+00 3.239641653356996720e+00
-2.949053600000001651e+01 2.328192245658108062e-01 0.000000000000000000e+00 3.664388931144033190e+00
-2.888570800000001171e+01 2.280442830064003112e-01 0.000000000000000000e+00 3.489816763667650701e+00
-2.841444000000002035e+01 2.243237588924039405e-01 0.000000000000000000e+00 3.325053545312002701e+00
-2.997060800000001279e+01 2.366092537051847911e-01 0.000000000000000000e+00 3.524396536171515493e+00
-2.968721800000001210e+01 2.343719718853594369e-01 0.000000000000000000e+00 3.975547995677495283e+00
-2.946733000000001113e+01 2.326360199294055797e-01 0.000000000000000000e+00 2.779626987892113377e+00
-3.011867800000001338e+01 2.377782233902885067e-01 0.000000000000000000e+00 3.624448511155339947e+00
-2.947592600000001184e+01 2.327038828551376837e-01 0.000000000000000000e+00 3.220852069414947394e+00
-2.961535400000002483e+01 2.338046264578570455e-01 0.000000000000000000e+00 2.711477316643218671e+00
-2.966204400000003005e+01 2.341732304600012970e-01 0.000000000000000000e+00 3.670508631924782605e+00
-3.002540800000001298e+01 2.370418838040818099e-01 0.000000000000000000e+00 3.398646066894309925e+00
-2.967272000000000531e+01 2.342575143821876704e-01 0.000000000000000000e+00 3.356353609848556907e+00
-2.979392600000000613e+01 2.352144005823138262e-01 0.000000000000000000e+00 3.321339554834628505e+00
-2.967858600000002056e+01 2.343038247500733862e-01 0.000000000000000000e+00 3.459868718856426995e+00
-2.864922200000001595e+01 2.261772946566236731e-01 0.000000000000000000e+00 2.960357959504221537e+00
-2.983379600000002085e+01 2.355291626633910507e-01 0.000000000000000000e+00 3.344147616658696531e+00
-2.871541799999999967e+01 2.266998928687875559e-01 0.000000000000000000e+00 3.616391707028239644e+00
-2.934498000000000673e+01 2.316701021812294370e-01 0.000000000000000000e+00 2.533196938433506240e+00
-2.970987000000001288e+01 2.345508028525166433e-01 0.000000000000000000e+00 3.849181855441832223e+00
-2.970989600000001829e+01 2.345510081149723702e-01 0.000000000000000000e+00 3.712473374333525644e+00
-2.967922800000000549e+01 2.343088931537866126e-01 0.000000000000000000e+00 4.265948791267088147e+00
-2.981732600000000843e+01 2.353991367924268274e-01 0.000000000000000000e+00 3.582310644720354986e+00
-2.931180800000002051e+01 2.314082188666198303e-01 0.000000000000000000e+00 3.276219937908857460e+00
-2.863016400000001838e+01 2.260268372766094658e-01 0.000000000000000000e+00 2.510161969884522115e+00
-2.950559800000000976e+01 2.329381346853287849e-01 0.000000000000000000e+00 3.446715633963744807e+00
-2.986694800000000427e+01 2.357908880838039400e-01 0.000000000000000000e+00 3.455990973159741131e+00
-2.961219000000002666e+01 2.337796475959426357e-01 0.000000000000000000e+00 3.132274535921753866e+00
-2.980218000000001055e+01 2.352795635172827693e-01 0.000000000000000000e+00 3.480682057855728040e+00
-2.915079400000002607e+01 2.301370600574263181e-01 0.000000000000000000e+00 2.960899583675559388e+00
-2.996474600000001942e+01 2.365629749161385909e-01 0.000000000000000000e+00 3.706357191446865151e+00
-2.965451000000001613e+01 2.341137517161126780e-01 0.000000000000000000e+00 3.514465400888220792e+00
-3.056251400000002860e+01 2.412821798241218674e-01 0.000000000000000000e+00 4.247036055982115421e+00
-2.980460200000002402e+01 2.352986845045005604e-01 0.000000000000000000e+00 3.521448806121902031e+00
-2.887771200000003091e+01 2.279811569065686994e-01 0.000000000000000000e+00 2.896275239281088876e+00
-2.939260600000001489e+01 2.320460956317782208e-01 0.000000000000000000e+00 3.231995030931148705e+00
-2.879759200000001940e+01 2.273486327546775654e-01 0.000000000000000000e+00 3.132101504143597559e+00
-3.035614000000002832e+01 2.396529169768631951e-01 0.000000000000000000e+00 3.190180815368851786e+00
-2.947972200000000598e+01 2.327338511736670723e-01 0.000000000000000000e+00 3.052799773533942496e+00
-2.896612200000001991e+01 2.286791282029826122e-01 0.000000000000000000e+00 3.621513850757481556e+00
-2.957736600000000138e+01 2.335047222206871331e-01 0.000000000000000000e+00 3.203779335148922769e+00
-2.903314800000001838e+01 2.292082790243087365e-01 0.000000000000000000e+00 3.727364395692858601e+00
-2.930294200000002292e+01 2.313382243692325979e-01 0.000000000000000000e+00 2.742524856647481801e+00
-3.065322600000001430e+01 2.419983247425733508e-01 0.000000000000000000e+00 3.897655912551863722e+00
-2.913017999999999219e+01 2.299743185089102859e-01 0.000000000000000000e+00 2.798187269637183672e+00
-2.916218800000002531e+01 2.302270123812736324e-01 0.000000000000000000e+00 3.343042697095270466e+00
-2.865966000000000591e+01 2.262596996378697101e-01 0.000000000000000000e+00 3.101581749346418171e+00
-2.979696200000000417e+01 2.352383689213695117e-01 0.000000000000000000e+00 3.612461198303516419e+00
-3.030606000000002354e+01 2.392575499083820778e-01 0.000000000000000000e+00 3.334746072261671745e+00
-2.953497800000000595e+01 2.331700812602483519e-01 0.000000000000000000e+00 2.811789354136679187e+00
-3.041531200000001434e+01 2.401200627471538618e-01 0.000000000000000000e+00 3.683081335443314508e+00
-2.979813000000001111e+01 2.352475899424555372e-01 0.000000000000000000e+00 3.527059807883023979e+00
-2.975584000000002050e+01 2.349137226635805153e-01 0.000000000000000000e+00 3.248365113018354400e+00
-2.973511400000002070e+01 2.347500969075633770e-01 0.000000000000000000e+00 3.593254143531185996e+00
-2.965376400000000245e+01 2.341078622625764882e-01 0.000000000000000000e+00 3.025599410268679623e+00
-2.963039800000000668e+01 2.339233944725979120e-01 0.000000000000000000e+00 3.326127375306549450e+00
-2.939924000000000959e+01 2.320984691368161712e-01 0.000000000000000000e+00 3.561370537397992031e+00
-2.965504800000001140e+01 2.341179990700032743e-01 0.000000000000000000e+00 3.287137113004708233e+00
-3.008263000000001952e+01 2.374936348901965644e-01 0.000000000000000000e+00 4.054731716155830057e+00
-2.964426400000001749e+01 2.340328625191546719e-01 0.000000000000000000e+00 3.861214469686076622e+00
-2.892859000000000691e+01 2.283828239534970439e-01 0.000000000000000000e+00 3.198601296384455672e+00
-2.913940600000002235e+01 2.300471551018379857e-01 0.000000000000000000e+00 2.758669970625758250e+00
-2.914662000000001996e+01 2.301041075385796275e-01 0.000000000000000000e+00 3.174825621998948577e+00
-3.014658000000002147e+01 2.379985015840736795e-01 0.000000000000000000e+00 3.339316059653926416e+00
-3.003196000000002286e+01 2.370936099429135357e-01 0.000000000000000000e+00 3.818550013507295837e+00
-2.993981800000001670e+01 2.363661755893994298e-01 0.000000000000000000e+00 3.400554032708449359e+00
-2.984516400000000402e+01 2.356189097247825548e-01 0.000000000000000000e+00 3.108805834832871984e+00
-3.019296200000000496e+01 2.383646740155889177e-01 0.000000000000000000e+00 3.725887984641643946e+00
-2.924553600000001552e+01 2.308850206565083996e-01 0.000000000000000000e+00 3.136196110052927200e+00
-2.895752800000002480e+01 2.286112810666702244e-01 0.000000000000000000e+00 3.152063966691851515e+00
-2.954164399999999802e+01 2.332227073960009833e-01 0.000000000000000000e+00 3.015474354038287341e+00
-2.942839000000001803e+01 2.323285999284740722e-01 0.000000000000000000e+00 2.802809007482358616e+00
-2.946252800000002026e+01 2.325981095327833148e-01 0.000000000000000000e+00 3.562043606493555448e+00
-2.990731599999999446e+01 2.361095817303782429e-01 0.000000000000000000e+00 2.705809027234299613e+00
-2.771311000000001101e+01 2.187869620446036001e-01 0.000000000000000000e+00 3.264574469447075522e+00
-2.946001199999999898e+01 2.325782464428411134e-01 0.000000000000000000e+00 3.314335116688282401e+00
-2.966390000000002303e+01 2.341878830414529378e-01 0.000000000000000000e+00 3.379068110493414601e+00
-3.031160200000001836e+01 2.393013023902814396e-01 0.000000000000000000e+00 3.277118162487439257e+00
-2.926217200000002450e+01 2.310163570493050100e-01 0.000000000000000000e+00 3.487627517007786171e+00
-2.906860600000000971e+01 2.294882096455986564e-01 0.000000000000000000e+00 3.185947175585339242e+00
-2.952157600000001025e+01 2.330642763590546340e-01 0.000000000000000000e+00 3.424416243081852329e+00
-2.950770200000002319e+01 2.329547451548193704e-01 0.000000000000000000e+00 2.743833866999408233e+00
-2.978515000000001933e+01 2.351451166088117384e-01 0.000000000000000000e+00 3.705197327955814579e+00
-2.826346000000001979e+01 2.231318156016836030e-01 0.000000000000000000e+00 3.408154296786908954e+00
-2.910898800000001074e+01 2.298070138181106947e-01 0.000000000000000000e+00 3.053205866377307842e+00
-2.944319200000002112e+01 2.324454574234352811e-01 0.000000000000000000e+00 2.860459422790385009e+00
-2.986439000000000732e+01 2.357706934160488932e-01 0.000000000000000000e+00 3.388181805119887091e+00
-3.058923400000001536e+01 2.414931264708832515e-01 0.000000000000000000e+00 4.156510435114552315e+00
-2.880389000000001687e+01 2.273983536372113645e-01 0.000000000000000000e+00 3.150714900741985236e+00
-2.951519400000000815e+01 2.330138923208947554e-01 0.000000000000000000e+00 2.977713775915470151e+00
-2.968183000000001215e+01 2.343294351887744431e-01 0.000000000000000000e+00 3.155919590502453520e+00
-2.957968600000001302e+01 2.335230379475018436e-01 0.000000000000000000e+00 3.447096795651363621e+00
-3.000742400000001808e+01 2.368999053424292178e-01 0.000000000000000000e+00 3.075380487033147592e+00
-2.898617000000001909e+01 2.288374013457323830e-01 0.000000000000000000e+00 2.659893134995456432e+00
-3.011192800000000958e+01 2.377249340989097404e-01 0.000000000000000000e+00 3.961636485245495720e+00
-3.065022400000001213e+01 2.419746248236520070e-01 0.000000000000000000e+00 3.844445027874306309e+00
-2.924121400000001358e+01 2.308508997206063229e-01 0.000000000000000000e+00 3.176126864913339620e+00
-2.926887200000001599e+01 2.310692516051919831e-01 0.000000000000000000e+00 3.563879292814717825e+00
-2.870639200000002944e+01 2.266286352178271124e-01 0.000000000000000000e+00 3.182289364392124842e+00
-2.877738399999999785e+01 2.271890964583541950e-01 0.000000000000000000e+00 3.426565113243431160e+00
-2.837575600000000620e+01 2.240183599371897150e-01 0.000000000000000000e+00 3.312391260386192027e+00
-2.911047000000002427e+01 2.298187137780846323e-01 0.000000000000000000e+00 3.312340181667774885e+00
-2.988869800000002996e+01 2.359625980226912056e-01 0.000000000000000000e+00 3.690046085228079420e+00
-2.900623000000000218e+01 2.289957692250000343e-01 0.000000000000000000e+00 3.331808168459603703e+00
-3.038286200000003845e+01 2.398638794130444063e-01 0.000000000000000000e+00 3.516344399847573854e+00
-3.053898200000003982e+01 2.410964015123109316e-01 0.000000000000000000e+00 3.745265561713018609e+00
-2.964459000000001154e+01 2.340354361945604644e-01 0.000000000000000000e+00 3.080071452716378388e+00
-3.015604800000001617e+01 2.380732486967808981e-01 0.000000000000000000e+00 3.334383084717849943e+00
-2.925125200000002579e+01 2.309301468179189853e-01 0.000000000000000000e+00 3.136146863974996091e+00
-2.925943000000002314e+01 2.309947097549404915e-01 0.000000000000000000e+00 3.949523296372089209e+00
-2.885635000000002393e+01 2.278125101150971499e-01 0.000000000000000000e+00 3.140069860945160496e+00
-2.981919400000001374e+01 2.354138841103965707e-01 0.000000000000000000e+00 3.492887088714590416e+00
-3.039900400000001213e+01 2.399913158191828155e-01 0.000000000000000000e+00 3.261673668220602007e+00
-2.948085600000001349e+01 2.327428037746187561e-01 0.000000000000000000e+00 3.280316229468917211e+00
-2.898883200000001281e+01 2.288584170633101433e-01 0.000000000000000000e+00 3.142597695752590958e+00
-2.927000800000001846e+01 2.310782199955632998e-01 0.000000000000000000e+00 4.221410066342546230e+00
-3.026777800000001761e+01 2.389553246265211373e-01 0.000000000000000000e+00 3.810406323983643873e+00
-2.976942200000000582e+01 2.350209486125442448e-01 0.000000000000000000e+00 3.019313920850633437e+00
-2.968457800000002678e+01 2.343511298513980823e-01 0.000000000000000000e+00 3.980981626765240478e+00
-2.932084800000001934e+01 2.314795870435181480e-01 0.000000000000000000e+00 3.171090933922910970e+00
-2.866949000000001035e+01 2.263373046355368345e-01 0.000000000000000000e+00 3.141479902607184904e+00
-2.953764200000000528e+01 2.331911127672458284e-01 0.000000000000000000e+00 3.264441383962850551e+00
-3.048208200000000900e+01 2.406471925227624820e-01 0.000000000000000000e+00 3.721768010952522410e+00
-2.975847599999999815e+01 2.349345331187024655e-01 0.000000000000000000e+00 3.273109362118515886e+00
-2.932594000000001344e+01 2.315197869059922586e-01 0.000000000000000000e+00 2.666654706639846051e+00
-2.976830000000002840e+01 2.350120907481108024e-01 0.000000000000000000e+00 3.821584110382404642e+00
-2.918270000000001474e+01 2.303889486693862509e-01 0.000000000000000000e+00 3.233596618833792125e+00
-3.043982000000001520e+01 2.403135462957627921e-01 0.000000000000000000e+00 3.227791654998942050e+00
-2.917451400000001982e+01 2.303243225746860745e-01 0.000000000000000000e+00 3.180924195700350232e+00
-2.873013000000001327e+01 2.268160398398638145e-01 0.000000000000000000e+00 3.454577115592552872e+00
-2.988833400000002172e+01 2.359597243483116114e-01 0.000000000000000000e+00 3.569872558861042933e+00
-3.003852600000001871e+01 2.371454466076828027e-01 0.000000000000000000e+00 4.317447656192677563e+00
-2.930763400000001440e+01 2.313752663477731120e-01 0.000000000000000000e+00 2.693461510309584916e+00
-2.976192600000003097e+01 2.349617698676296218e-01 0.000000000000000000e+00 3.452803039388739670e+00
-3.036901800000001828e+01 2.397545850501039133e-01 0.000000000000000000e+00 2.806286449607111155e+00
-2.961121200000000542e+01 2.337719265697249249e-01 0.000000000000000000e+00 3.579609461720705710e+00
-2.935853400000001301e+01 2.317771070783179732e-01 0.000000000000000000e+00 3.497658289534224085e+00
-3.012651200000002660e+01 2.378400705471272747e-01 0.000000000000000000e+00 3.721210102714091139e+00
-3.038685200000001885e+01 2.398953793052814587e-01 0.000000000000000000e+00 3.036275370208264768e+00
-2.959761600000001280e+01 2.336645900948234600e-01 0.000000000000000000e+00 2.712124691895245299e+00
-2.864041000000002413e+01 2.261077264735674996e-01 0.000000000000000000e+00 2.918699687282926725e+00
-2.951579200000001180e+01 2.330186133573754481e-01 0.000000000000000000e+00 3.101548538407382427e+00
-2.984567800000000304e+01 2.356229676056371403e-01 0.000000000000000000e+00 2.766369223718220915e+00
-2.957587000000001964e+01 2.334929117347757932e-01 0.000000000000000000e+00 2.937090270328884589e+00
-2.844721600000001160e+01 2.245825159019193551e-01 0.000000000000000000e+00 3.515364614240540142e+00
-3.099564000000003361e+01 2.447015839156342354e-01 0.000000000000000000e+00 3.260871641977731272e+00
-2.952842800000001589e+01 2.331183709108364810e-01 0.000000000000000000e+00 2.921495125392635117e+00
-3.001670600000001343e+01 2.369731840391073319e-01 0.000000000000000000e+00 2.885291187371429089e+00
-2.946307200000001458e+01 2.326024042549329207e-01 0.000000000000000000e+00 3.594697354650500998e+00
-3.004736200000002100e+01 2.372152042637750424e-01 0.000000000000000000e+00 3.496577960419142261e+00
-3.035718400000000727e+01 2.396611590539295955e-01 0.000000000000000000e+00 3.787222343263882518e+00
-2.865403400000002421e+01 2.262152840003443799e-01 0.000000000000000000e+00 3.688200900338343580e+00
-2.961166600000001736e+01 2.337755107679896083e-01 0.000000000000000000e+00 3.251170111293731679e+00
-2.898067600000000255e+01 2.287940278099048763e-01 0.000000000000000000e+00 3.749214424089668096e+00
-2.876535800000000620e+01 2.270941546778919296e-01 0.000000000000000000e+00 2.933391475772944457e+00
-3.005537200000002329e+01 2.372784408895445007e-01 0.000000000000000000e+00 3.770149462355705250e+00
-2.891725400000000690e+01 2.282933295228201098e-01 0.000000000000000000e+00 3.434342975625215733e+00
-2.912540600000001945e+01 2.299366291641635196e-01 0.000000000000000000e+00 2.921450244186363676e+00
-2.997071200000001312e+01 2.366100747550075045e-01 0.000000000000000000e+00 3.260281339514097709e+00
-2.955287200000001846e+01 2.333113491980160492e-01 0.000000000000000000e+00 3.370745923384935505e+00
-3.005955800000001688e+01 2.373114881449090996e-01 0.000000000000000000e+00 2.946738904269490256e+00
-3.023490200000002304e+01 2.386957781460223027e-01 0.000000000000000000e+00 3.106429266582258375e+00
-2.918295800000000639e+01 2.303909855045233046e-01 0.000000000000000000e+00 2.634154663060856105e+00
-2.874467400000002471e+01 2.269308604996879419e-01 0.000000000000000000e+00 3.624637988712274606e+00
-2.952248200000001077e+01 2.330714289661641458e-01 0.000000000000000000e+00 3.266006498672299863e+00
-2.936472800000003147e+01 2.318260069110292254e-01 0.000000000000000000e+00 3.384733779844465218e+00
-3.023095000000003196e+01 2.386645782527588577e-01 0.000000000000000000e+00 3.566213134050564282e+00
-2.953987400000001529e+01 2.332087337595951382e-01 0.000000000000000000e+00 3.167368373756791922e+00
-2.926828800000002317e+01 2.310646410946490537e-01 0.000000000000000000e+00 3.219401407667724868e+00
-2.995181399999999883e+01 2.364608805285665916e-01 0.000000000000000000e+00 2.988593566354000863e+00
-2.792114400000000529e+01 2.204293301101865055e-01 0.000000000000000000e+00 2.681505889235382689e+00
-2.975838200000001876e+01 2.349337910159782494e-01 0.000000000000000000e+00 3.112063391774049670e+00
-2.972363400000001832e+01 2.346594656386703226e-01 0.000000000000000000e+00 3.547772906088515921e+00
-2.971488000000002927e+01 2.345903553487845572e-01 0.000000000000000000e+00 3.731113717501691518e+00
-2.961996000000002027e+01 2.338409894913519027e-01 0.000000000000000000e+00 3.285854575250853671e+00
-3.060913000000001460e+01 2.416501996177382594e-01 0.000000000000000000e+00 3.662568156817471277e+00
-2.841919200000000600e+01 2.243612745535344677e-01 0.000000000000000000e+00 3.021048364348596582e+00
-2.970792000000000854e+01 2.345354081683405367e-01 0.000000000000000000e+00 3.184563159487918682e+00
-2.898904800000002524e+01 2.288601223206343516e-01 0.000000000000000000e+00 3.718643396020063996e+00
-3.049317600000002670e+01 2.407347764336597584e-01 0.000000000000000000e+00 3.261193489504086163e+00
-2.909339800000001119e+01 2.296839352918003951e-01 0.000000000000000000e+00 3.646172584942720007e+00
-3.046150400000001568e+01 2.404847351838008129e-01 0.000000000000000000e+00 3.205691706000941998e+00
-3.014036600000002153e+01 2.379494438571659043e-01 0.000000000000000000e+00 3.851135048221550505e+00
-2.855986400000002234e+01 2.254718391752872086e-01 0.000000000000000000e+00 3.191507994205050380e+00
-2.882984800000001613e+01 2.276032845150794126e-01 0.000000000000000000e+00 3.191018839308887856e+00
-3.098200000000001353e+01 2.445939000734998481e-01 0.000000000000000000e+00 3.352593523970613720e+00
-2.887635200000000779e+01 2.279704201011944487e-01 0.000000000000000000e+00 2.873884129676079535e+00
-2.948467400000001604e+01 2.327729457767645782e-01 0.000000000000000000e+00 2.961133378655183002e+00
-2.856941800000001663e+01 2.255472652330401118e-01 0.000000000000000000e+00 4.015813233523369163e+00
-3.012587400000001026e+01 2.378350337222531197e-01 0.000000000000000000e+00 3.803039939142252468e+00
-2.995422399999999996e+01 2.364799067792662801e-01 0.000000000000000000e+00 2.978594952309432831e+00
-3.067802200000001989e+01 2.421940819676144663e-01 0.000000000000000000e+00 3.417440783126721726e+00
-2.913555200000002188e+01 2.300167288901381613e-01 0.000000000000000000e+00 3.094067767257174140e+00
-2.930631200000000902e+01 2.313648295413726907e-01 0.000000000000000000e+00 3.351644212431151626e+00
-3.093240000000000833e+01 2.442023224657390024e-01 0.000000000000000000e+00 3.531292058099408937e+00
-3.045640600000000831e+01 2.404444879530675816e-01 0.000000000000000000e+00 3.472263138966610541e+00
-2.869827600000001055e+01 2.265645617528151412e-01 0.000000000000000000e+00 2.412750596023157446e+00
-2.846096000000000359e+01 2.246910207938762616e-01 0.000000000000000000e+00 3.592592954759258550e+00
-3.035274200000002054e+01 2.396260907528475759e-01 0.000000000000000000e+00 3.239655610615100656e+00
-2.856967400000002044e+01 2.255492862787576158e-01 0.000000000000000000e+00 4.026945917233961225e+00
-3.017616400000001065e+01 2.382320586797993245e-01 0.000000000000000000e+00 3.519447810324795256e+00
-3.092641799999999819e+01 2.441550963115125816e-01 0.000000000000000000e+00 3.316166357647323704e+00
-3.068770400000001430e+01 2.422705185482261214e-01 0.000000000000000000e+00 3.886796641101353700e+00
-2.826196800000002440e+01 2.231200366946115010e-01 0.000000000000000000e+00 3.973158761796513616e+00
-2.969089600000000928e+01 2.344010086281284322e-01 0.000000000000000000e+00 3.782212453687962661e+00
-3.003729400000000638e+01 2.371357203251673595e-01 0.000000000000000000e+00 2.724728146121492500e+00
-2.940552200000001548e+01 2.321480637039927131e-01 0.000000000000000000e+00 3.171780943802819497e+00
-2.977393600000000617e+01 2.350565853327344357e-01 0.000000000000000000e+00 3.672306596691655045e+00
-2.980961600000000900e+01 2.353382685796075457e-01 0.000000000000000000e+00 3.084178720755267555e+00
-2.902202200000001042e+01 2.291204424826968344e-01 0.000000000000000000e+00 2.924541940394644435e+00
-2.801989400000002206e+01 2.212089327062830013e-01 0.000000000000000000e+00 3.164454508015080769e+00
-2.934819000000000955e+01 2.316954441997962355e-01 0.000000000000000000e+00 3.638175509049345280e+00
-2.914647000000000432e+01 2.301029233321044143e-01 0.000000000000000000e+00 3.083487013025179913e+00
-2.924457400000000362e+01 2.308774259456481126e-01 0.000000000000000000e+00 3.087534379201552159e+00
-2.977270199999999889e+01 2.350468432607993596e-01 0.000000000000000000e+00 3.646926669418672606e+00
-2.860995400000000188e+01 2.258672851908664625e-01 0.000000000000000000e+00 3.745369345744747669e+00
-3.006721800000003952e+01 2.373719616222368656e-01 0.000000000000000000e+00 3.811370542229891800e+00
-2.903390400000001392e+01 2.292142474249431183e-01 0.000000000000000000e+00 2.885913589357166131e+00
-2.954527799999999615e+01 2.332513967715373338e-01 0.000000000000000000e+00 3.748450881851398186e+00
-3.105050800000001487e+01 2.451347508547998266e-01 0.000000000000000000e+00 3.873591923973240370e+00
-3.017166400000002469e+01 2.381965324855469524e-01 0.000000000000000000e+00 3.525613513528066623e+00
-2.876156000000001711e+01 2.270641705699429080e-01 0.000000000000000000e+00 2.589148376738513058e+00
-2.843854800000001148e+01 2.245140845570792187e-01 0.000000000000000000e+00 3.166769559300633752e+00
-3.039368800000002224e+01 2.399493475417059374e-01 0.000000000000000000e+00 3.793877888677755106e+00
-2.959198400000001428e+01 2.336201270890390091e-01 0.000000000000000000e+00 3.366974842202454354e+00
-2.817850600000002359e+01 2.224611284224555785e-01 0.000000000000000000e+00 3.440848924198148140e+00
-2.971618599999999688e+01 2.346006658398273603e-01 0.000000000000000000e+00 3.741935384965454858e+00
-2.891063400000003369e+01 2.282410665437199782e-01 0.000000000000000000e+00 3.176690790719553181e+00
-3.019725800000001925e+01 2.383985896890354061e-01 0.000000000000000000e+00 3.912195243862065297e+00
-3.013302600000000098e+01 2.378914966869850045e-01 0.000000000000000000e+00 3.462601033397998407e+00
-2.908565400000001588e+01 2.296227986588467995e-01 0.000000000000000000e+00 2.935761639769038034e+00
-2.975284800000001439e+01 2.348901016917574747e-01 0.000000000000000000e+00 2.982094580079816204e+00
-2.983154600000001722e+01 2.355113995662647675e-01 0.000000000000000000e+00 3.406706853804948754e+00
-2.873031600000000196e+01 2.268175082558928080e-01 0.000000000000000000e+00 2.919294993441278852e+00
-3.048763200000001206e+01 2.406910081623405695e-01 0.000000000000000000e+00 3.508893845583208826e+00
-3.028221600000000890e+01 2.390693084471027519e-01 0.000000000000000000e+00 3.197282750778899008e+00
-2.828758000000001971e+01 2.233222360028769837e-01 0.000000000000000000e+00 2.941078974825670045e+00
-2.977580600000004196e+01 2.350713484401240894e-01 0.000000000000000000e+00 3.977476634874645978e+00
-2.865203800000001166e+01 2.261995261595158568e-01 0.000000000000000000e+00 2.751678445022971875e+00
-2.974581600000001202e+01 2.348345860922055606e-01 0.000000000000000000e+00 2.949829694680728753e+00
-2.915552000000000632e+01 2.301743704561011183e-01 0.000000000000000000e+00 2.979679462864108785e+00
-3.061110000000000753e+01 2.416657521961109445e-01 0.000000000000000000e+00 3.473610797967667363e+00
-2.997245000000002690e+01 2.366237957606989184e-01 0.000000000000000000e+00 3.364995563222194175e+00
-2.936251200000000949e+01 2.318085122340371729e-01 0.000000000000000000e+00 3.318167116646773440e+00
-2.836324800000000579e+01 2.239196129065874619e-01 0.000000000000000000e+00 3.315959091463370534e+00
-2.853085800000001271e+01 2.252428452218453725e-01 0.000000000000000000e+00 3.124211549413852929e+00
-2.958027400000003126e+01 2.335276800368843164e-01 0.000000000000000000e+00 2.862283831037408355e+00
-3.053113400000002642e+01 2.410344438295344560e-01 0.000000000000000000e+00 3.533183948363534110e+00
-2.926036000000001636e+01 2.310020518350859586e-01 0.000000000000000000e+00 3.238252075400922525e+00
-2.858089600000000274e+01 2.256378807125133668e-01 0.000000000000000000e+00 3.649342838860086591e+00
-2.851493800000000789e+01 2.251171614412898481e-01 0.000000000000000000e+00 2.256203044751840192e+00
-2.903218200000002014e+01 2.292006527346092115e-01 0.000000000000000000e+00 2.801290722289251356e+00
-2.924009200000001130e+01 2.308420418561726861e-01 0.000000000000000000e+00 3.078610763554026519e+00
-2.923627800000001287e+01 2.308119314328662408e-01 0.000000000000000000e+00 3.864162681592758108e+00
-3.009744600000001569e+01 2.376106029110954254e-01 0.000000000000000000e+00 3.762838786718389894e+00
-2.970400000000000063e+01 2.345044609057916341e-01 0.000000000000000000e+00 3.102164125870580325e+00
-2.899823800000000773e+01 2.289326747040076326e-01 0.000000000000000000e+00 3.213219391126461932e+00
-2.913770000000001303e+01 2.300336867268612806e-01 0.000000000000000000e+00 3.735944713647988191e+00
-2.936014000000001545e+01 2.317897859823112305e-01 0.000000000000000000e+00 2.996649341912369202e+00
-2.913008800000001841e+01 2.299735921956057860e-01 0.000000000000000000e+00 3.018766122253370376e+00
-2.978639000000002923e+01 2.351549060490058518e-01 0.000000000000000000e+00 3.282825872536333733e+00
-2.953585200000000555e+01 2.331769812366431827e-01 0.000000000000000000e+00 3.168584066290095258e+00
-2.974652000000001451e+01 2.348401439679286273e-01 0.000000000000000000e+00 3.572996706385045407e+00
-3.024614800000000514e+01 2.387845620528140644e-01 0.000000000000000000e+00 3.779555435363511240e+00
-2.895657600000001963e+01 2.286037653029083239e-01 0.000000000000000000e+00 3.736782605373534683e+00
-2.898639200000003768e+01 2.288391539713156564e-01 0.000000000000000000e+00 3.129861733857689288e+00
-2.876925400000000721e+01 2.271249124674047659e-01 0.000000000000000000e+00 2.765321232236606974e+00
-2.988667800000002117e+01 2.359466507088266718e-01 0.000000000000000000e+00 2.966114201591848687e+00
-2.911527800000002131e+01 2.298566715429659346e-01 0.000000000000000000e+00 3.106827272593912781e+00
-2.946407200000002291e+01 2.326102989647668706e-01 0.000000000000000000e+00 3.379535345028808369e+00
-2.923366000000002174e+01 2.307912630825212086e-01 0.000000000000000000e+00 2.934781890128508763e+00
-3.033503600000000944e+01 2.394863070205286715e-01 0.000000000000000000e+00 3.306752214909989274e+00
-2.906076600000001875e+01 2.294263151205010454e-01 0.000000000000000000e+00 3.073973057202694203e+00
-2.897354200000001612e+01 2.287377069499500204e-01 0.000000000000000000e+00 3.369616684407047646e+00
-2.998669600000000557e+01 2.367362637969923078e-01 0.000000000000000000e+00 3.714252057174669552e+00
-2.994935799999999659e+01 2.364414911212145420e-01 0.000000000000000000e+00 3.650956787096840017e+00
-2.917208600000001795e+01 2.303051542192093848e-01 0.000000000000000000e+00 2.867928489346280863e+00
-2.911941600000001173e+01 2.298893398522584841e-01 0.000000000000000000e+00 2.873842298335281153e+00
-2.920597000000003618e+01 2.305726585672209783e-01 0.000000000000000000e+00 3.569359656729888641e+00
-2.975686600000002002e+01 2.349218226358700812e-01 0.000000000000000000e+00 3.802869135250701582e+00
-2.946727400000000330e+01 2.326355778256548323e-01 0.000000000000000000e+00 3.239796046910946359e+00
-2.862934000000002399e+01 2.260203320357063728e-01 0.000000000000000000e+00 2.925759256720009915e+00
-2.951392600000002631e+01 2.330038818288255320e-01 0.000000000000000000e+00 2.828494351182393007e+00
-3.051669600000001381e+01 2.409204600089527026e-01 0.000000000000000000e+00 4.040624707374147917e+00
-2.887153800000001524e+01 2.279324149680541645e-01 0.000000000000000000e+00 3.298218698140503502e+00
-2.925528800000001439e+01 2.309620098668084542e-01 0.000000000000000000e+00 3.042974021580888255e+00
-2.986891600000000579e+01 2.358064248727570478e-01 0.000000000000000000e+00 2.759744368293424621e+00
-2.954759800000000070e+01 2.332697124983519887e-01 0.000000000000000000e+00 4.379584285469491078e+00
-2.877784000000002607e+01 2.271926964460386777e-01 0.000000000000000000e+00 3.066902544485843318e+00
-2.856889800000001856e+01 2.255431599839265167e-01 0.000000000000000000e+00 3.122683290007637780e+00
-2.841061800000002791e+01 2.242935853114188804e-01 0.000000000000000000e+00 2.915937414231164926e+00
-2.956735000000001179e+01 2.334256488069910151e-01 0.000000000000000000e+00 3.065276226994523068e+00
-2.918607800000001262e+01 2.304156169992050973e-01 0.000000000000000000e+00 2.801748958666693046e+00
-2.957973000000002273e+01 2.335233853147346272e-01 0.000000000000000000e+00 3.028111026262698680e+00
-2.970701000000001102e+01 2.345282239823917037e-01 0.000000000000000000e+00 3.268288965053566031e+00
-2.874419399999999669e+01 2.269270710389674761e-01 0.000000000000000000e+00 2.840678163226932895e+00
-2.983638000000002322e+01 2.355495625936018245e-01 0.000000000000000000e+00 3.767007651071646368e+00
-2.930824400000000196e+01 2.313800821207716851e-01 0.000000000000000000e+00 3.430618628204811227e+00
-3.086112000000002453e+01 2.436395875487796236e-01 0.000000000000000000e+00 3.137467795222861344e+00
-2.934197000000002120e+01 2.316463391046295339e-01 0.000000000000000000e+00 2.968320367334245979e+00
-2.884251400000001553e+01 2.277032789098354104e-01 0.000000000000000000e+00 2.837622898651886771e+00
-2.965293400000001256e+01 2.341013096534144411e-01 0.000000000000000000e+00 3.914236621892658974e+00
-2.883432600000000789e+01 2.276386370257154901e-01 0.000000000000000000e+00 2.969824745998226767e+00
-2.868297600000001424e+01 2.264437726923566874e-01 0.000000000000000000e+00 2.850087154687935609e+00
-2.985506000000003013e+01 2.356970357732988963e-01 0.000000000000000000e+00 2.749081794624407493e+00
-2.981855200000002881e+01 2.354088157066833165e-01 0.000000000000000000e+00 3.392637904404181892e+00
-2.920952600000001098e+01 2.306007321553900646e-01 0.000000000000000000e+00 3.234699269322193871e+00
-2.938151200000002561e+01 2.319585117208811387e-01 0.000000000000000000e+00 3.384730897955067430e+00
-2.992755400000002197e+01 2.362693548679966615e-01 0.000000000000000000e+00 3.249187862954636685e+00
-2.927010000000003487e+01 2.310789463088681606e-01 0.000000000000000000e+00 2.683116589326522750e+00
-3.004996800000000690e+01 2.372357778776020554e-01 0.000000000000000000e+00 4.112858807579816478e+00
-3.037402200000001073e+01 2.397940901781126233e-01 0.000000000000000000e+00 3.705241726641387068e+00
-3.016228800000002508e+01 2.381225116861444280e-01 0.000000000000000000e+00 3.443411391977438285e+00
-3.032105000000002093e+01 2.393758916087920241e-01 0.000000000000000000e+00 3.652093596040827617e+00
-2.928153000000003559e+01 2.311691828422695050e-01 0.000000000000000000e+00 3.573720066744811685e+00
-2.892745000000001454e+01 2.283738239842864892e-01 0.000000000000000000e+00 3.126278379246712813e+00
-2.993361400000001638e+01 2.363171968095899855e-01 0.000000000000000000e+00 3.323476647498623038e+00
-2.948734600000000228e+01 2.327940404414406139e-01 0.000000000000000000e+00 3.111040716298758113e+00
-2.916987400000002140e+01 2.302876911210568478e-01 0.000000000000000000e+00 3.259327737793098034e+00
-2.912837800000001920e+01 2.299600922417898430e-01 0.000000000000000000e+00 3.650858345997748167e+00
-2.917486000000002733e+01 2.303270541442886676e-01 0.000000000000000000e+00 3.320556372147002389e+00
-2.896789200000000974e+01 2.286931018393885129e-01 0.000000000000000000e+00 3.060728107859040481e+00
-3.063961800000001290e+01 2.418908935311538111e-01 0.000000000000000000e+00 3.927194827585478887e+00
-2.886653400000001213e+01 2.278929098400453712e-01 0.000000000000000000e+00 2.552396243114032792e+00
-2.924805600000001604e+01 2.309049153252897835e-01 0.000000000000000000e+00 2.845615365673578534e+00
-2.950500400000001022e+01 2.329334452276874412e-01 0.000000000000000000e+00 3.188204638943651137e+00
-2.976941800000000171e+01 2.350209170337048958e-01 0.000000000000000000e+00 3.548701570154380480e+00
-2.998068000000003153e+01 2.366887692226318507e-01 0.000000000000000000e+00 3.654947767980641249e+00
-2.914839000000001690e+01 2.301180811749855837e-01 0.000000000000000000e+00 2.922419571695738849e+00
-2.987310800000000910e+01 2.358395194963807395e-01 0.000000000000000000e+00 3.989359730094161893e+00
-2.877340400000000997e+01 2.271576755132154180e-01 0.000000000000000000e+00 2.834105211434251981e+00
-2.850862600000001379e+01 2.250673300328183968e-01 0.000000000000000000e+00 2.875321429291239017e+00
-3.001092200000002208e+01 2.369275210374282015e-01 0.000000000000000000e+00 3.543520980338195514e+00
-2.993751800000001850e+01 2.363480177567814922e-01 0.000000000000000000e+00 2.699352482489686178e+00
-3.010542600000000490e+01 2.376736026955697523e-01 0.000000000000000000e+00 3.312015695768083745e+00
-2.917071799999999726e+01 2.302943542561564638e-01 0.000000000000000000e+00 3.566461874391889442e+00
-2.970418600000001419e+01 2.345059293218208496e-01 0.000000000000000000e+00 3.331729465080993879e+00
-2.947781400000001639e+01 2.327187880673040887e-01 0.000000000000000000e+00 3.547135003511334261e+00
-2.963540200000001335e+01 2.339628996006067330e-01 0.000000000000000000e+00 2.725674753934956396e+00
-3.019521200000002636e+01 2.383824371127153396e-01 0.000000000000000000e+00 3.089090223143899916e+00
-2.945444599999999724e+01 2.325343044879056575e-01 0.000000000000000000e+00 3.801443227353516807e+00
-2.895586000000000837e+01 2.285981126906671546e-01 0.000000000000000000e+00 3.723431952574740134e+00
-2.978434600000001709e+01 2.351387692621052794e-01 0.000000000000000000e+00 3.724335002438405873e+00
-2.993111800000002631e+01 2.362974916138446679e-01 0.000000000000000000e+00 3.216664446800301835e+00
-2.953765600000001612e+01 2.331912232931835915e-01 0.000000000000000000e+00 3.552150729304853982e+00
-3.013428000000000040e+01 2.379013966531167146e-01 0.000000000000000000e+00 3.438480072428056200e+00
-2.965711600000000914e+01 2.341343253299397187e-01 0.000000000000000000e+00 3.698802410355617631e+00
-2.945181800000002070e+01 2.325135571904624054e-01 0.000000000000000000e+00 3.287866515894371400e+00
-2.960870600000003350e+01 2.337521424268814152e-01 0.000000000000000000e+00 3.446419827331873798e+00
-2.956645000000001389e+01 2.334185435681405130e-01 0.000000000000000000e+00 3.239198954022024068e+00
-2.952814400000001527e+01 2.331161288132436449e-01 0.000000000000000000e+00 3.191597280939593606e+00
-2.960541400000002099e+01 2.337261530421081701e-01 0.000000000000000000e+00 3.398991545661564473e+00
-2.995936000000000377e+01 2.365204540089731466e-01 0.000000000000000000e+00 4.061348104342505039e+00
-2.922592799999999258e+01 2.307302211860853547e-01 0.000000000000000000e+00 3.191422887377473039e+00
-2.899548600000002807e+01 2.289109484625449498e-01 0.000000000000000000e+00 3.314691400996844450e+00
-3.009436600000002215e+01 2.375862872048070951e-01 0.000000000000000000e+00 3.569143384544585906e+00
-2.902871600000000640e+01 2.291732896703248534e-01 0.000000000000000000e+00 2.933143012652247972e+00
-2.957848600000001227e+01 2.335135642957011926e-01 0.000000000000000000e+00 3.513807152714656823e+00
-2.976375000000001592e+01 2.349761698183665259e-01 0.000000000000000000e+00 3.372120284873682206e+00
-3.013262400000001051e+01 2.378883230136318583e-01 0.000000000000000000e+00 3.403455052318975049e+00
-2.927949200000001539e+01 2.311530934236278867e-01 0.000000000000000000e+00 2.892839735989045646e+00
-2.900587200000002497e+01 2.289929429188796717e-01 0.000000000000000000e+00 2.904759159893615106e+00
-3.020139600000002389e+01 2.384312579983280667e-01 0.000000000000000000e+00 3.799795596680102250e+00
-2.895797400000001787e+01 2.286148021072560710e-01 0.000000000000000000e+00 3.624698073518076491e+00
-2.866345800000002697e+01 2.262896837458189814e-01 0.000000000000000000e+00 3.092669492809332787e+00
-2.905506400000001221e+01 2.293812994850281672e-01 0.000000000000000000e+00 3.217757814037908837e+00
-2.966761800000001159e+01 2.342172355726152289e-01 0.000000000000000000e+00 3.778752854612006384e+00
-3.056824600000003045e+01 2.413274323008897382e-01 0.000000000000000000e+00 3.462350023778005603e+00
-2.918095400000001760e+01 2.303751645060163056e-01 0.000000000000000000e+00 3.080718688268447192e+00
-2.888571800000001488e+01 2.280443619534986976e-01 0.000000000000000000e+00 3.210491404797525039e+00
-2.973150400000003302e+01 2.347215970050631206e-01 0.000000000000000000e+00 3.219470424358200411e+00
-2.936477800000001182e+01 2.318264016465207689e-01 0.000000000000000000e+00 3.115823762588492585e+00
-2.958283799999999886e+01 2.335479220728981509e-01 0.000000000000000000e+00 3.082606760544973401e+00
-2.830738600000001526e+01 2.234785986258469304e-01 0.000000000000000000e+00 2.861768483990910106e+00
-2.909454600000000113e+01 2.296929984186896201e-01 0.000000000000000000e+00 3.734123738608076781e+00
-2.998321600000003428e+01 2.367087902067706029e-01 0.000000000000000000e+00 3.260636337495792514e+00
-2.950340000000002760e+01 2.329207821131140388e-01 0.000000000000000000e+00 3.290371087051588095e+00
-2.976355000000003059e+01 2.349745908763998525e-01 0.000000000000000000e+00 4.124942974163523068e+00
-2.923799000000000703e+01 2.308254471761018167e-01 0.000000000000000000e+00 3.259116919791108735e+00
-2.925730000000000075e+01 2.309778940229941235e-01 0.000000000000000000e+00 3.247600492173825515e+00
-2.914277800000001051e+01 2.300737760633977391e-01 0.000000000000000000e+00 3.174014444971044568e+00
-2.976981800000000788e+01 2.350240749176384925e-01 0.000000000000000000e+00 3.326385944443293052e+00
-2.999417800000001932e+01 2.367953320159695563e-01 0.000000000000000000e+00 3.672055939132351288e+00
-2.942600000000001614e+01 2.323097315719710454e-01 0.000000000000000000e+00 3.235540139816478256e+00
-2.948684600000001410e+01 2.327900930865237639e-01 0.000000000000000000e+00 3.520699227710887058e+00
-2.939199200000000900e+01 2.320412482799401599e-01 0.000000000000000000e+00 3.182642635577223711e+00
-2.912994200000001044e+01 2.299724395679699773e-01 0.000000000000000000e+00 3.076214233820459221e+00
-2.908923800000001592e+01 2.296510932988914677e-01 0.000000000000000000e+00 3.078958531343567007e+00
-2.916824000000001149e+01 2.302747911651882029e-01 0.000000000000000000e+00 3.476410589540698037e+00
-2.922093400000000329e+01 2.306907950051750034e-01 0.000000000000000000e+00 3.709833579109838020e+00
-3.074574000000001561e+01 2.427286959281456102e-01 0.000000000000000000e+00 3.727028757494622813e+00
-2.991641400000001028e+01 2.361814078004470796e-01 0.000000000000000000e+00 2.793793067144422881e+00
-2.859829600000000838e+01 2.257752486636230571e-01 0.000000000000000000e+00 2.763852499679357866e+00
-2.799992399999999648e+01 2.210512753509000783e-01 0.000000000000000000e+00 2.338653675766413365e+00
-2.939749000000000834e+01 2.320846533946068768e-01 0.000000000000000000e+00 3.284355257224249147e+00
-2.978698200000001961e+01 2.351595797172274238e-01 0.000000000000000000e+00 3.922534480303222715e+00
-3.065683800000002890e+01 2.420268404344934621e-01 0.000000000000000000e+00 3.697351932844517464e+00
-2.973367800000002958e+01 2.347387601042419669e-01 0.000000000000000000e+00 3.721504691221527938e+00
-2.894265000000000754e+01 2.284938235737614953e-01 0.000000000000000000e+00 3.088315865900985724e+00
-2.923037200000000624e+01 2.307653052765872570e-01 0.000000000000000000e+00 3.420364424971718886e+00
-2.886890200000000917e+01 2.279116045129319923e-01 0.000000000000000000e+00 2.702715649717572610e+00
-3.022016000000001057e+01 2.385793943336510514e-01 0.000000000000000000e+00 3.263101868350469115e+00
-2.972824000000001021e+01 2.346958286721651521e-01 0.000000000000000000e+00 3.728012360873858899e+00
-2.889124400000001813e+01 2.280879881200407744e-01 0.000000000000000000e+00 2.956975510374331595e+00
-2.932902200000001969e+01 2.315441184017003606e-01 0.000000000000000000e+00 3.098453644153105202e+00
-2.969322600000000278e+01 2.344194033020413348e-01 0.000000000000000000e+00 3.127736434510045793e+00
-2.911431800000001502e+01 2.298490926215253638e-01 0.000000000000000000e+00 3.910013176044864203e+00
-2.984259200000001044e+01 2.355986045310898280e-01 0.000000000000000000e+00 3.922925702509556523e+00
-2.938123800000001395e+01 2.319563485703865779e-01 0.000000000000000000e+00 3.293723251325039847e+00
-2.997280800000001477e+01 2.366266220668193643e-01 0.000000000000000000e+00 3.517632249390995280e+00
-2.949035200000002988e+01 2.328177719392015010e-01 0.000000000000000000e+00 3.182961276765694070e+00
-2.959372600000000020e+01 2.336338796735695222e-01 0.000000000000000000e+00 3.131596434086588943e+00
-2.998886200000000812e+01 2.367533637384925393e-01 0.000000000000000000e+00 3.222653704377712369e+00
-2.900304800000000682e+01 2.289706482583086233e-01 0.000000000000000000e+00 3.293802356078010973e+00
-2.933121600000000129e+01 2.315614393950757577e-01 0.000000000000000000e+00 3.232520328299997914e+00
-2.986589400000002925e+01 2.357825670596392365e-01 0.000000000000000000e+00 3.748418221274115059e+00
-2.994469000000001557e+01 2.364046386157101221e-01 0.000000000000000000e+00 3.582895932867374178e+00
-3.001245200000001034e+01 2.369395999434739386e-01 0.000000000000000000e+00 3.668087353433693298e+00
-2.908880800000001443e+01 2.296476985736628784e-01 0.000000000000000000e+00 2.848079409632342962e+00
-2.930693000000002257e+01 2.313697084720501285e-01 0.000000000000000000e+00 3.920466916572488358e+00
-2.916840000000001609e+01 2.302760543187616638e-01 0.000000000000000000e+00 3.425179151194543969e+00
-2.874636000000001701e+01 2.269441709804678187e-01 0.000000000000000000e+00 2.862653409730633758e+00
-2.893505000000002170e+01 2.284338237790240755e-01 0.000000000000000000e+00 3.372261196418314455e+00
-2.978119400000000994e+01 2.351138851367088056e-01 0.000000000000000000e+00 3.585870323721912278e+00
-2.989822400000002744e+01 2.360378030285688045e-01 0.000000000000000000e+00 3.670636291608958324e+00
-2.925129000000001156e+01 2.309304468168925373e-01 0.000000000000000000e+00 3.594021608269359014e+00
-2.978228000000002140e+01 2.351224587915884956e-01 0.000000000000000000e+00 3.216033787764115193e+00
-2.885976200000001413e+01 2.278394468650503102e-01 0.000000000000000000e+00 2.996464801465253736e+00
-2.918867600000002227e+01 2.304361274553536065e-01 0.000000000000000000e+00 3.266392136427151982e+00
-2.997942600000002855e+01 2.366788692565001406e-01 0.000000000000000000e+00 3.234388229872751541e+00
-2.918858800000002418e+01 2.304354327208882336e-01 0.000000000000000000e+00 3.712295380132013989e+00
-2.899843200000002241e+01 2.289342062777155462e-01 0.000000000000000000e+00 3.557477968667060342e+00
-2.953061000000003133e+01 2.331355971676941363e-01 0.000000000000000000e+00 3.166327937401891113e+00
-2.955262400000002998e+01 2.333093913099773264e-01 0.000000000000000000e+00 3.096587678645542852e+00
-2.912211400000001760e+01 2.299106397793903578e-01 0.000000000000000000e+00 2.722200356033309454e+00
-2.883261000000001317e+01 2.276250897036405929e-01 0.000000000000000000e+00 3.334803360868008326e+00
-2.941012400000003169e+01 2.321843951586483878e-01 0.000000000000000000e+00 2.992887152854449617e+00
-3.001358000000001525e+01 2.369485051761666128e-01 0.000000000000000000e+00 3.781122340140703475e+00
-2.922978400000001642e+01 2.307606631872050063e-01 0.000000000000000000e+00 3.081660689661672947e+00
-2.932938200000001672e+01 2.315469604972405226e-01 0.000000000000000000e+00 3.320117060622770122e+00
-2.892992600000001602e+01 2.283933712858352005e-01 0.000000000000000000e+00 2.853323117463303582e+00
-3.012312800000001900e+01 2.378133548490493354e-01 0.000000000000000000e+00 3.084309548067280193e+00
-2.955382800000002419e+01 2.333188965406172710e-01 0.000000000000000000e+00 3.495382771198009664e+00
-2.989806600000001069e+01 2.360365556644149210e-01 0.000000000000000000e+00 3.552900221606414721e+00
-2.940690200000000587e+01 2.321589584035634035e-01 0.000000000000000000e+00 2.858927870175224761e+00
-2.907737000000002681e+01 2.295573988825829748e-01 0.000000000000000000e+00 3.852283444617849995e+00
-2.877785800000001970e+01 2.271928385508156234e-01 0.000000000000000000e+00 2.897484601232558354e+00
-2.886390400000000866e+01 2.278721467531822087e-01 0.000000000000000000e+00 3.543187165260204718e+00
-2.897210800000000930e+01 2.287263859360481877e-01 0.000000000000000000e+00 3.137863835161773807e+00
-2.900861200000001006e+01 2.290145744238244185e-01 0.000000000000000000e+00 3.254938500102652288e+00
-2.916950799999999688e+01 2.302848016572574541e-01 0.000000000000000000e+00 2.636079312416356846e+00
-3.016507200000002342e+01 2.381444905583219585e-01 0.000000000000000000e+00 3.009467429380323633e+00
-2.850228800000001783e+01 2.250172933618912741e-01 0.000000000000000000e+00 3.181455647883607796e+00
-2.886576200000001080e+01 2.278868151240535933e-01 0.000000000000000000e+00 3.297725422618726476e+00
-2.961007600000001716e+01 2.337629581793537192e-01 0.000000000000000000e+00 3.999780317026009779e+00
-2.942853400000002040e+01 2.323297367666901647e-01 0.000000000000000000e+00 3.358237916148673730e+00
-2.947596200000001332e+01 2.327041670646917138e-01 0.000000000000000000e+00 3.064852955979085358e+00
-2.943309800000002241e+01 2.323657682223720378e-01 0.000000000000000000e+00 3.697888782381731687e+00
-2.909065600000000629e+01 2.296622879974358489e-01 0.000000000000000000e+00 3.566154097474383722e+00
-2.986936000000002167e+01 2.358099301239234280e-01 0.000000000000000000e+00 3.441447242488003599e+00
-2.955274600000001683e+01 2.333103544645769578e-01 0.000000000000000000e+00 3.142641492018707794e+00
-2.982088600000001577e+01 2.354272419594355126e-01 0.000000000000000000e+00 2.848318051309961962e+00
-2.914643000000002715e+01 2.301026075437112295e-01 0.000000000000000000e+00 2.948390205714215284e+00
-2.960122200000000703e+01 2.336930584184843951e-01 0.000000000000000000e+00 3.728659024302317437e+00
-3.023691800000001706e+01 2.387116938810473765e-01 0.000000000000000000e+00 3.609661141386033556e+00
-3.000926600000001443e+01 2.369144473979432064e-01 0.000000000000000000e+00 3.993664825018481412e+00
-2.951391800000001453e+01 2.330038186711467507e-01 0.000000000000000000e+00 3.514579193408996716e+00
-2.874179200000000733e+01 2.269081079459465411e-01 0.000000000000000000e+00 3.134389152148639557e+00
-2.909696600000001609e+01 2.297121036164877506e-01 0.000000000000000000e+00 3.609385887613155930e+00
-2.878146400000002814e+01 2.272213068744766973e-01 0.000000000000000000e+00 2.593870443931814762e+00
-3.017717200000000588e+01 2.382400165473118614e-01 0.000000000000000000e+00 3.305450929310064456e+00
-3.024903000000001896e+01 2.388073146065554375e-01 0.000000000000000000e+00 3.780327464237547730e+00
-2.937260800000003158e+01 2.318882172245202711e-01 0.000000000000000000e+00 3.109095079028687980e+00
-2.898901800000001572e+01 2.288598854793392756e-01 0.000000000000000000e+00 2.660512739994441045e+00
-2.828498800000002333e+01 2.233017729149875674e-01 0.000000000000000000e+00 2.687009450622258822e+00
-2.954760800000003584e+01 2.332697914454505972e-01 0.000000000000000000e+00 3.140535958559631080e+00
-2.880130600000001806e+01 2.273779537070006185e-01 0.000000000000000000e+00 2.699729848580626257e+00
-2.950727400000003087e+01 2.329513662190105250e-01 0.000000000000000000e+00 3.111468533420944649e+00
-2.985400400000001042e+01 2.356886989597141713e-01 0.000000000000000000e+00 4.062515464211001515e+00
-2.892466000000001713e+01 2.283517977438499491e-01 0.000000000000000000e+00 2.981222795018070304e+00
-2.924869000000002472e+01 2.309099205713245340e-01 0.000000000000000000e+00 2.836820124378845343e+00
-2.846775000000002720e+01 2.247446258736485458e-01 0.000000000000000000e+00 3.018611863644171223e+00
-2.921666200000001723e+01 2.306570688047647477e-01 0.000000000000000000e+00 4.170252107166819044e+00
-2.918150400000000033e+01 2.303795065964247823e-01 0.000000000000000000e+00 3.181061237821698029e+00
-2.944612000000001117e+01 2.324685731338288208e-01 0.000000000000000000e+00 3.023702258670802223e+00
-2.936515400000001819e+01 2.318293700574183547e-01 0.000000000000000000e+00 3.516841335757546538e+00
-2.916897200000001433e+01 2.302805700927866295e-01 0.000000000000000000e+00 3.153191408494260273e+00
-2.889740800000002352e+01 2.281366511114568951e-01 0.000000000000000000e+00 2.994635525543040355e+00
-2.896824400000000921e+01 2.286958807772500324e-01 0.000000000000000000e+00 2.946623743288085517e+00
-2.941172000000001674e+01 2.321969951155431477e-01 0.000000000000000000e+00 3.439584337995191365e+00
-2.916887400000002017e+01 2.302797964112229534e-01 0.000000000000000000e+00 3.051892182409881027e+00
-2.988192400000001925e+01 2.359091192582763730e-01 0.000000000000000000e+00 4.211721186037025610e+00
-2.900288800000001999e+01 2.289693851047353290e-01 0.000000000000000000e+00 2.804265164888310125e+00
-2.971757800000003158e+01 2.346116552759164031e-01 0.000000000000000000e+00 3.234302334761304021e+00
-2.958742200000001077e+01 2.335841114227767967e-01 0.000000000000000000e+00 3.761290885315246690e+00
-2.948262800000000894e+01 2.327567932004443729e-01 0.000000000000000000e+00 3.191350008694746609e+00
-2.961109000000001146e+01 2.337709634151252380e-01 0.000000000000000000e+00 3.846782454050122091e+00
-2.883027200000001500e+01 2.276066318720489645e-01 0.000000000000000000e+00 2.992797999645620433e+00
-2.906344200000003042e+01 2.294474413640166244e-01 0.000000000000000000e+00 3.740179418620276586e+00
-2.946268600000000148e+01 2.325993568969369207e-01 0.000000000000000000e+00 3.138070212018779781e+00
-2.939264600000001337e+01 2.320464114201715444e-01 0.000000000000000000e+00 4.068795583522092585e+00
-3.053571200000001795e+01 2.410705858111539257e-01 0.000000000000000000e+00 3.070436524727355287e+00
-2.991212800000000271e+01 2.361475710740989775e-01 0.000000000000000000e+00 3.612558927192801139e+00
-3.016346399999999761e+01 2.381317958649088462e-01 0.000000000000000000e+00 3.341026684927550949e+00
-3.012592400000000126e+01 2.378354284577447464e-01 0.000000000000000000e+00 3.213859038259459844e+00
-2.994412600000001845e+01 2.364001859993638266e-01 0.000000000000000000e+00 3.946497070440308619e+00
-2.949647200000001490e+01 2.328660875633847549e-01 0.000000000000000000e+00 3.413903477716919710e+00
-2.960474800000002205e+01 2.337208951653588218e-01 0.000000000000000000e+00 3.151262506928249607e+00
-2.969206000000001211e+01 2.344101980703751087e-01 0.000000000000000000e+00 3.451240594512663407e+00
-2.892739000000001681e+01 2.283733503016964483e-01 0.000000000000000000e+00 3.439341203815437620e+00
-2.972872400000002102e+01 2.346996497117248281e-01 0.000000000000000000e+00 3.492306741393693681e+00
-2.953449800000000636e+01 2.331662917995281081e-01 0.000000000000000000e+00 3.002368301756114910e+00
-2.967863600000000801e+01 2.343042194855649851e-01 0.000000000000000000e+00 3.860985096560542562e+00
-2.943510400000002036e+01 2.323816050102988084e-01 0.000000000000000000e+00 3.692187882322306436e+00
-2.877164400000000555e+01 2.271437808239077372e-01 0.000000000000000000e+00 3.453747543788668661e+00
-2.976612200000000996e+01 2.349948960700924683e-01 0.000000000000000000e+00 3.868538550758287453e+00
-2.958644400000001085e+01 2.335763903965592525e-01 0.000000000000000000e+00 3.687655707442100361e+00
-2.899994199999999722e+01 2.289461272895645105e-01 0.000000000000000000e+00 3.605219116477407670e+00
-3.008933200000004504e+01 2.375465452355034757e-01 0.000000000000000000e+00 3.518052838018052242e+00
-2.952067000000000974e+01 2.330571237519451222e-01 0.000000000000000000e+00 3.183121288114620917e+00
-2.966283600000001286e+01 2.341794830701895980e-01 0.000000000000000000e+00 3.427419416893265236e+00
-2.876813400000001053e+01 2.271160703923908453e-01 0.000000000000000000e+00 3.320205137152178132e+00
-2.990906000000001796e+01 2.361233501043287220e-01 0.000000000000000000e+00 3.323768759779303306e+00
-2.947052200000000255e+01 2.326612198431952938e-01 0.000000000000000000e+00 3.193007619233128036e+00
-2.949541200000002306e+01 2.328577191709609029e-01 0.000000000000000000e+00 3.656157520347272705e+00
-2.961824000000002144e+01 2.338274105904376010e-01 0.000000000000000000e+00 3.632058534826227536e+00
-2.945900400000002151e+01 2.325702885753287152e-01 0.000000000000000000e+00 3.089957272821522771e+00
-2.878716800000000120e+01 2.272663382993689862e-01 0.000000000000000000e+00 2.938037879605359670e+00
-2.911141800000002178e+01 2.298261979630071283e-01 0.000000000000000000e+00 3.412081087659499801e+00
-2.896832400000001684e+01 2.286965123540368183e-01 0.000000000000000000e+00 2.820987548879529072e+00
-2.927998800000002078e+01 2.311570091997055265e-01 0.000000000000000000e+00 3.276781596593482782e+00
-2.905042000000002034e+01 2.293446364525596470e-01 0.000000000000000000e+00 3.869561084603103218e+00
-2.916010000000002478e+01 2.302105282271404707e-01 0.000000000000000000e+00 3.297908996790406722e+00
-2.958334800000003639e+01 2.335519483749137204e-01 0.000000000000000000e+00 3.523298615708084558e+00
-3.031973800000000452e+01 2.393655337494898228e-01 0.000000000000000000e+00 3.444011969816362484e+00
-2.955449400000001248e+01 2.333241544173665638e-01 0.000000000000000000e+00 3.581411127390707438e+00
-3.008093000000001638e+01 2.374802138834789522e-01 0.000000000000000000e+00 3.299263690782101133e+00
-2.981637600000001598e+01 2.353916368180846985e-01 0.000000000000000000e+00 2.901143629574064686e+00
-2.980928800000000933e+01 2.353356791147820370e-01 0.000000000000000000e+00 3.386549959313350122e+00
-2.906402200000000491e+01 2.294520202957200661e-01 0.000000000000000000e+00 3.494195861467841446e+00
-2.971039800000000852e+01 2.345549712593089087e-01 0.000000000000000000e+00 2.802209233854421999e+00
-3.025614800000002091e+01 2.388635091511530639e-01 0.000000000000000000e+00 3.893242579278494819e+00
-2.879245000000000587e+01 2.273080381567116059e-01 0.000000000000000000e+00 2.686880827673831629e+00
-2.891746000000000549e+01 2.282949558330458761e-01 0.000000000000000000e+00 3.010594719058718116e+00
-2.771197400000001920e+01 2.187779936542323667e-01 0.000000000000000000e+00 2.777059000061435690e+00
-2.818469200000002672e+01 2.225099650974880217e-01 0.000000000000000000e+00 3.107804933743103959e+00
-2.938790400000003089e+01 2.320089747061394037e-01 0.000000000000000000e+00 3.202665235785514763e+00
-2.854016799999999776e+01 2.253163449703987631e-01 0.000000000000000000e+00 2.813635741928685263e+00
-2.901242600000001204e+01 2.290446848471308638e-01 0.000000000000000000e+00 3.193273447360905681e+00
-2.826471600000002127e+01 2.231417313572350014e-01 0.000000000000000000e+00 2.714217449687083672e+00
-2.890146000000001436e+01 2.281686404757037323e-01 0.000000000000000000e+00 3.363460841743128871e+00
-2.967554400000002346e+01 2.342798090427587188e-01 0.000000000000000000e+00 3.340196259107774956e+00
-2.964705199999999863e+01 2.340548729701713848e-01 0.000000000000000000e+00 3.483539496073359221e+00
-2.918961400000002371e+01 2.304435326931777994e-01 0.000000000000000000e+00 2.792714431220541638e+00
-2.907978200000001223e+01 2.295764409227021852e-01 0.000000000000000000e+00 3.358638308142937401e+00
-3.023905600000001215e+01 2.387285727706721927e-01 0.000000000000000000e+00 3.895062207211130723e+00
-2.964748800000003115e+01 2.340583150636592336e-01 0.000000000000000000e+00 3.192661305869440191e+00
-2.947639600000001892e+01 2.327075933687596798e-01 0.000000000000000000e+00 3.002078333890060513e+00
-2.947694600000001230e+01 2.327119354591682676e-01 0.000000000000000000e+00 2.855950949675700734e+00
-2.847621000000001601e+01 2.248114151188431442e-01 0.000000000000000000e+00 3.174627657527633762e+00
-2.941378400000001747e+01 2.322132897966402987e-01 0.000000000000000000e+00 2.967936173206267458e+00
-2.942990600000001322e+01 2.323405683085821849e-01 0.000000000000000000e+00 3.474077449338750956e+00
-2.920908599999999922e+01 2.305972584830630612e-01 0.000000000000000000e+00 3.164434304848341650e+00
-3.070810400000002360e+01 2.424315706288374950e-01 0.000000000000000000e+00 3.733340785704683196e+00
-2.911458000000001078e+01 2.298511610355017942e-01 0.000000000000000000e+00 3.169107778590565694e+00
-2.910049000000001485e+01 2.297399245739423501e-01 0.000000000000000000e+00 2.765154224697717655e+00
-2.893877400000002709e+01 2.284632236784455150e-01 0.000000000000000000e+00 2.769916262987680344e+00
-2.924067600000002898e+01 2.308466523667158099e-01 0.000000000000000000e+00 3.033187939143510814e+00
-2.935610599999998982e+01 2.317579387228411170e-01 0.000000000000000000e+00 3.180023768725731337e+00
-2.887932600000002381e+01 2.279938989682405437e-01 0.000000000000000000e+00 3.290141404551396143e+00
-2.903895400000002169e+01 2.292541157096043003e-01 0.000000000000000000e+00 3.430028552916465578e+00
-2.955457400000002721e+01 2.333247859941533775e-01 0.000000000000000000e+00 3.436443165016391799e+00
-2.868732600000001653e+01 2.264781146801341238e-01 0.000000000000000000e+00 3.200065032376433471e+00
-2.973466400000001997e+01 2.347465442881380981e-01 0.000000000000000000e+00 3.929713314382661249e+00
-2.898896800000001761e+01 2.288594907438475934e-01 0.000000000000000000e+00 3.251170272996503741e+00
-2.975851200000000674e+01 2.349348173282565511e-01 0.000000000000000000e+00 3.249780443470549063e+00
-2.876073400000001712e+01 2.270576495396201266e-01 0.000000000000000000e+00 3.050110745206515261e+00
-2.939618200000000670e+01 2.320743271141441355e-01 0.000000000000000000e+00 3.346944152699427466e+00
-2.929825600000000918e+01 2.313012297589508992e-01 0.000000000000000000e+00 3.070727710886798079e+00
-2.887805000000001954e+01 2.279838253184924834e-01 0.000000000000000000e+00 2.771883433259010321e+00
-2.939210400000002110e+01 2.320421324874416547e-01 0.000000000000000000e+00 3.154359070787374097e+00
-2.999270200000000841e+01 2.367836794242546561e-01 0.000000000000000000e+00 3.340623047373412202e+00
-2.964848600000001611e+01 2.340661939840733285e-01 0.000000000000000000e+00 2.734549207656528758e+00
-3.024400200000001959e+01 2.387676200055106612e-01 0.000000000000000000e+00 4.150552406266866612e+00
-2.955459200000002085e+01 2.333249280989303509e-01 0.000000000000000000e+00 3.798424150593788351e+00
-2.918659600000000864e+01 2.304197064588990040e-01 0.000000000000000000e+00 3.597603970487675440e+00
-2.962935600000001557e+01 2.339151681849510611e-01 0.000000000000000000e+00 3.283168265357489179e+00
-2.850418600000001845e+01 2.250322775211559823e-01 0.000000000000000000e+00 2.471974682825309966e+00
-2.948272200000001320e+01 2.327575353031687833e-01 0.000000000000000000e+00 3.056782482045691030e+00
-2.834298200000001344e+01 2.237596187170939610e-01 0.000000000000000000e+00 3.451108686865948627e+00
-3.025980200000001119e+01 2.388923564208860206e-01 0.000000000000000000e+00 3.617361364197372531e+00
-2.957793600000002954e+01 2.335092222052926880e-01 0.000000000000000000e+00 3.290283959055230412e+00
-2.867081600000000918e+01 2.263477730207765770e-01 0.000000000000000000e+00 2.614597206157859066e+00
-3.047470200000003615e+01 2.405889295641886194e-01 0.000000000000000000e+00 4.549004172032343973e+00
-2.996511199999999775e+01 2.365658643799376237e-01 0.000000000000000000e+00 3.268145853825184410e+00
-3.027238000000001961e+01 2.389916560811767010e-01 0.000000000000000000e+00 3.929326299774684284e+00
-3.002676800000000767e+01 2.370526206094558663e-01 0.000000000000000000e+00 3.435781078528100885e+00
-2.900540400000002705e+01 2.289892481946774472e-01 0.000000000000000000e+00 2.846324287760435112e+00
-2.924732000000000198e+01 2.308991048188519524e-01 0.000000000000000000e+00 3.600294358953321172e+00
-2.952553400000001105e+01 2.330955236205771719e-01 0.000000000000000000e+00 3.437648750374816764e+00
-2.944724400000000486e+01 2.324774467876820627e-01 0.000000000000000000e+00 3.227329103060081028e+00
-2.872356400000001031e+01 2.267642031750944642e-01 0.000000000000000000e+00 3.268198358516523072e+00
-2.982832800000001328e+01 2.354859943900192987e-01 0.000000000000000000e+00 3.528265427269989818e+00
-2.875953400000001281e+01 2.270481758878194201e-01 0.000000000000000000e+00 2.762894433990878529e+00
-2.942932200000000975e+01 2.323359577980391721e-01 0.000000000000000000e+00 2.898397904924147728e+00
-2.908288400000001062e+01 2.296009303126068934e-01 0.000000000000000000e+00 3.561207503498460269e+00
-2.957998200000002598e+01 2.335253747816127823e-01 0.000000000000000000e+00 2.876735233719859064e+00
-2.915597400000003958e+01 2.301779546543659682e-01 0.000000000000000000e+00 3.268517467982860580e+00
-2.995417000000001551e+01 2.364794804649353599e-01 0.000000000000000000e+00 3.137392664814578236e+00
-2.931899200000000860e+01 2.314649344620663685e-01 0.000000000000000000e+00 3.657927794176656366e+00
-2.904223200000001626e+01 2.292799945684397545e-01 0.000000000000000000e+00 3.865159759680645291e+00
-2.940037600000003692e+01 2.321074375271876822e-01 0.000000000000000000e+00 3.049349641511425624e+00
-3.015048000000001593e+01 2.380292909524258094e-01 0.000000000000000000e+00 3.757998450873506702e+00
-2.958519400000002264e+01 2.335665220092669747e-01 0.000000000000000000e+00 3.686225761180110361e+00
-2.871328400000000869e+01 2.266830455580020887e-01 0.000000000000000000e+00 3.345920195837481348e+00
-2.994504799999999989e+01 2.364074649218305124e-01 0.000000000000000000e+00 3.065512086556541949e+00
-2.992066400000000570e+01 2.362149603172410683e-01 0.000000000000000000e+00 3.675765004456057472e+00
-2.925451600000000596e+01 2.309559151508166208e-01 0.000000000000000000e+00 2.721571256310544751e+00
-3.006808800000002435e+01 2.373788300197922085e-01 0.000000000000000000e+00 3.650668455831068471e+00
-2.966425400000002810e+01 2.341906777687341734e-01 0.000000000000000000e+00 3.070856798394622000e+00
-2.948627400000000875e+01 2.327855773124987149e-01 0.000000000000000000e+00 3.834093779081559905e+00
-2.980399400000002785e+01 2.352938845209215923e-01 0.000000000000000000e+00 3.354658266171373082e+00
-2.975508600000002346e+01 2.349077700523657941e-01 0.000000000000000000e+00 3.366111501211731749e+00
-2.945810600000001500e+01 2.325631991258978459e-01 0.000000000000000000e+00 3.145296981106486367e+00
-2.927266200000001461e+01 2.310991725554624177e-01 0.000000000000000000e+00 3.754656884424132368e+00
-2.966932400000002445e+01 2.342307039475919339e-01 0.000000000000000000e+00 3.638232631905582881e+00
-2.899587600000000620e+01 2.289140273993799934e-01 0.000000000000000000e+00 3.281588770829203305e+00
-2.949955400000002470e+01 2.328904190590928847e-01 0.000000000000000000e+00 3.248142228171094104e+00
-2.958880800000001443e+01 2.335950534906065801e-01 0.000000000000000000e+00 3.884083515046315771e+00
-2.904257800000003442e+01 2.292827261380424309e-01 0.000000000000000000e+00 2.947736654204613949e+00
-2.926536800000001293e+01 2.310415885419340176e-01 0.000000000000000000e+00 3.407139326425135728e+00
-2.917665400000002052e+01 2.303412172537306069e-01 0.000000000000000000e+00 3.010953920034263209e+00
-2.834643600000002195e+01 2.237868870448602721e-01 0.000000000000000000e+00 2.561557338631121006e+00
-3.018323200000001449e+01 2.382878584889052687e-01 0.000000000000000000e+00 3.787409605972147819e+00
-2.892180000000000106e+01 2.283292188737248984e-01 0.000000000000000000e+00 3.809025737042813109e+00
-2.912169600000002134e+01 2.299073397906798155e-01 0.000000000000000000e+00 3.327117099034974768e+00
-2.909087799999999646e+01 2.296640406230188725e-01 0.000000000000000000e+00 3.402290151213806180e+00
-3.016562000000001476e+01 2.381488168593108579e-01 0.000000000000000000e+00 3.078028570170828093e+00
-2.970767000000003577e+01 2.345334344908822644e-01 0.000000000000000000e+00 3.924371889560895887e+00
-2.947984800000000760e+01 2.327348459071061637e-01 0.000000000000000000e+00 2.967174328047858634e+00
-2.930746999999999858e+01 2.313739716153602466e-01 0.000000000000000000e+00 3.168588204037828593e+00
-2.959424400000002464e+01 2.336379691332636788e-01 0.000000000000000000e+00 3.547486875548076846e+00
-2.855231200000000058e+01 2.254122183266215051e-01 0.000000000000000000e+00 3.049862949438810311e+00
-2.849928800000002127e+01 2.249936092323896186e-01 0.000000000000000000e+00 2.525284667832899732e+00
-3.072192000000001855e+01 2.425406439399024616e-01 0.000000000000000000e+00 3.428543618541614268e+00
