-2.342597000000002438e+01 2.961283064184814795e-01 0.000000000000000000e+00 2.341684104216320783e+00
-2.251649800000001989e+01 2.846316468097211949e-01 0.000000000000000000e+00 2.784238929793521944e+00
-2.383015200000001244e+01 3.012375817716400062e-01 0.000000000000000000e+00 2.966817078191795520e+00
-2.456025400000001468e+01 3.104668204658220243e-01 0.000000000000000000e+00 2.956964684219480777e+00
-2.287268600000001584e+01 2.891342287393738331e-01 0.000000000000000000e+00 2.479650149851910790e+00
-2.415752000000000876e+01 3.053758493189648315e-01 0.000000000000000000e+00 2.590041302349980867e+00
-2.380411400000001620e+01 3.009084347248998648e-01 0.000000000000000000e+00 2.332274709161409998e+00
-2.472447400000001139e+01 3.125427298296623024e-01 0.000000000000000000e+00 2.921330126501289648e+00
-2.476420000000001309e+01 3.130449072464685512e-01 0.000000000000000000e+00 4.013748442591293930e+00
-2.383263000000001242e+01 3.012689062351864289e-01 0.000000000000000000e+00 2.963316570068821765e+00
-2.356347800000000703e+01 2.978665486837532295e-01 0.000000000000000000e+00 2.698584185901933719e+00
-2.376400600000001972e+01 3.004014284359892706e-01 0.000000000000000000e+00 2.831565791123099807e+00
-2.460610800000002030e+01 3.110464620927221868e-01 0.000000000000000000e+00 2.633950516077983028e+00
-2.482000800000000496e+01 3.137503776506652686e-01 0.000000000000000000e+00 3.291736183498539692e+00
-2.456134600000001100e+01 3.104806244667068227e-01 0.000000000000000000e+00 3.030200750339418381e+00
-2.424122000000000909e+01 3.064339032329426171e-01 0.000000000000000000e+00 2.419731476879618537e+00
-2.386184400000001915e+01 3.016382011819361830e-01 0.000000000000000000e+00 2.392257306535128247e+00
-2.428715400000002234e+01 3.070145561419589941e-01 0.000000000000000000e+00 2.334698635340892725e+00
-2.389522800000001723e+01 3.020602092089879620e-01 0.000000000000000000e+00 2.426911335571044770e+00
-2.427959400000001366e+01 3.069189899819866896e-01 0.000000000000000000e+00 2.501907929327600755e+00
-2.438199200000002875e+01 3.082134058085519990e-01 0.000000000000000000e+00 2.660194911279239349e+00
-2.464458200000000687e+01 3.115328129444111527e-01 0.000000000000000000e+00 2.829834411416392914e+00
-2.318998200000001120e+01 2.931451758682806497e-01 0.000000000000000000e+00 2.433708770222638318e+00
-2.457443200000000516e+01 3.106460449388491196e-01 0.000000000000000000e+00 2.781912993610001550e+00
-2.439685400000001181e+01 3.084012767436717373e-01 0.000000000000000000e+00 2.732474242503199591e+00
-2.470065200000001226e+01 3.122415952975383102e-01 0.000000000000000000e+00 2.932170137706986424e+00
-2.347901000000000593e+01 2.967987864614607396e-01 0.000000000000000000e+00 2.198182077986215788e+00
-2.479372800000001220e+01 3.134181714755239767e-01 0.000000000000000000e+00 2.802686140839991680e+00
-2.322295400000001209e+01 2.935619757924344819e-01 0.000000000000000000e+00 2.830211058390229795e+00
-2.412623000000001738e+01 3.049803116013022342e-01 0.000000000000000000e+00 2.710673045256994929e+00
-2.437635000000000929e+01 3.081420851373132819e-01 0.000000000000000000e+00 2.973711482866711275e+00
-2.423371000000001629e+01 3.063389691242930923e-01 0.000000000000000000e+00 3.128456104902708645e+00
-2.399817600000001505e+01 3.033615776001012954e-01 0.000000000000000000e+00 2.483915748466277496e+00
-2.485954200000001535e+01 3.142501279903929801e-01 0.000000000000000000e+00 2.973364269073337063e+00
-2.407272400000000800e+01 3.043039408399962897e-01 0.000000000000000000e+00 3.070549927553694491e+00
-2.423989800000000727e+01 3.064171917959739311e-01 0.000000000000000000e+00 2.396760839300417167e+00
-2.416453800000000740e+01 3.054645640426003617e-01 0.000000000000000000e+00 2.614068115269509551e+00
-2.384583000000001007e+01 3.014357677843442218e-01 0.000000000000000000e+00 2.918947498757908487e+00
-2.370475000000000421e+01 2.996523717725879665e-01 0.000000000000000000e+00 2.487756451000569857e+00
-2.422292600000000107e+01 3.062026482950415684e-01 0.000000000000000000e+00 2.723845254753364475e+00
-2.474257200000001333e+01 3.127715071263788005e-01 0.000000000000000000e+00 2.592958464379242933e+00
-2.479377600000000825e+01 3.134187782447935833e-01 0.000000000000000000e+00 3.468864737969365120e+00
-2.389864600000001360e+01 3.021034162373986698e-01 0.000000000000000000e+00 2.401872209462838637e+00
-2.425000200000001271e+01 3.065449167272383812e-01 0.000000000000000000e+00 2.795819079057914269e+00
-2.398849000000001297e+01 3.032391366178935344e-01 0.000000000000000000e+00 2.948074441911280097e+00
-2.406017800000001472e+01 3.041453465221377606e-01 0.000000000000000000e+00 3.145962238677997291e+00
-2.441782600000000869e+01 3.086663843504093840e-01 0.000000000000000000e+00 2.734309103680248931e+00
-2.390569200000001260e+01 3.021924849097748500e-01 0.000000000000000000e+00 2.454702998911405309e+00
-2.419718600000001985e+01 3.058772682741840998e-01 0.000000000000000000e+00 2.982204266897053646e+00
-2.459368800000000377e+01 3.108894605441962500e-01 0.000000000000000000e+00 2.888199686683310841e+00
-2.426047600000001125e+01 3.066773188382898030e-01 0.000000000000000000e+00 2.686703853006805698e+00
-2.411606200000001365e+01 3.048517776443449012e-01 0.000000000000000000e+00 2.165903209024966358e+00
-2.472903000000001938e+01 3.126003223461747416e-01 0.000000000000000000e+00 3.333053537635942920e+00
-2.460479200000000333e+01 3.110298265019119657e-01 0.000000000000000000e+00 2.605245924283532855e+00
-2.391211400000000609e+01 3.022736655816453122e-01 0.000000000000000000e+00 2.400338381407205901e+00
-2.431368400000001273e+01 3.073499225737131302e-01 0.000000000000000000e+00 2.346616259389745718e+00
-2.455203600000001529e+01 3.103629365104448312e-01 0.000000000000000000e+00 2.537716389799014927e+00
-2.378733800000001963e+01 3.006963688651521083e-01 0.000000000000000000e+00 2.381466358681413542e+00
-2.375118200000001423e+01 3.002393199127770806e-01 0.000000000000000000e+00 3.256326994363154537e+00
-2.395159600000001987e+01 3.027727585879975702e-01 0.000000000000000000e+00 2.967901376084733922e+00
-2.382236800000001153e+01 3.011391840217427229e-01 0.000000000000000000e+00 2.833422160065011131e+00
-2.439513400000000232e+01 3.083795341781752630e-01 0.000000000000000000e+00 3.001625999092538688e+00
-2.420162800000002434e+01 3.059334197136810429e-01 0.000000000000000000e+00 2.607666067813952715e+00
-2.412151600000001395e+01 3.049207218026105393e-01 0.000000000000000000e+00 2.887404576226221042e+00
-2.444935400000002801e+01 3.090649306323676737e-01 0.000000000000000000e+00 3.332386564072073565e+00
-2.422908800000001506e+01 3.062805423000349303e-01 0.000000000000000000e+00 2.322356178464561882e+00
-2.474077800000001304e+01 3.127488291249250763e-01 0.000000000000000000e+00 2.337167786648073342e+00
-2.478651200000001609e+01 3.133269538286510558e-01 0.000000000000000000e+00 3.053757043357337775e+00
-2.376195600000000141e+01 3.003755143317637377e-01 0.000000000000000000e+00 2.733806801576781798e+00
-2.488407600000001096e+01 3.145602629333503208e-01 0.000000000000000000e+00 2.724027322172712040e+00
-2.511314000000002267e+01 3.174558670164019936e-01 0.000000000000000000e+00 2.907899368022465847e+00
-2.459499800000001102e+01 3.109060202888475621e-01 0.000000000000000000e+00 2.315938694168624856e+00
-2.470381000000000782e+01 3.122815156590715846e-01 0.000000000000000000e+00 2.603762137559784584e+00
-2.437538800000001160e+01 3.081299244698670892e-01 0.000000000000000000e+00 2.431721291898129245e+00
-2.547561000000001030e+01 3.220378598742218990e-01 0.000000000000000000e+00 3.275853650777631021e+00
-2.512235000000002927e+01 3.175722908700190361e-01 0.000000000000000000e+00 2.557109722959209019e+00
-2.458371000000001061e+01 3.107633283822647807e-01 0.000000000000000000e+00 2.401210180136657435e+00
-2.524569000000002106e+01 3.191314350725281690e-01 0.000000000000000000e+00 3.259936915591520989e+00
-2.447173000000001863e+01 3.093477862402429501e-01 0.000000000000000000e+00 2.471275706119526738e+00
-2.508319800000000299e+01 3.170773694023955036e-01 0.000000000000000000e+00 3.078328169705107697e+00
-2.477693400000000779e+01 3.132058780772999929e-01 0.000000000000000000e+00 2.791662039696572339e+00
-2.476449200000000772e+01 3.130485984261923149e-01 0.000000000000000000e+00 2.864717924509507796e+00
-2.435238000000002145e+01 3.078390797332746232e-01 0.000000000000000000e+00 2.654369207570983047e+00
-2.467382800000001453e+01 3.119025124040074037e-01 0.000000000000000000e+00 2.798722354033292614e+00
-2.524183800000001199e+01 3.190827418386374403e-01 0.000000000000000000e+00 3.062427997414713943e+00
-2.480319800000001251e+01 3.135378819960182306e-01 0.000000000000000000e+00 3.077304895422274367e+00
-2.549815000000001675e+01 3.223227886104353956e-01 0.000000000000000000e+00 3.234865781847163113e+00
-2.567235200000000717e+01 3.245248807003129343e-01 0.000000000000000000e+00 2.955619569377095690e+00
-2.412282000000001503e+01 3.049372057011031090e-01 0.000000000000000000e+00 2.608197708624238054e+00
-2.384506000000000725e+01 3.014260341939766219e-01 0.000000000000000000e+00 2.114814148817905970e+00
-2.441397200000002243e+01 3.086176658344660373e-01 0.000000000000000000e+00 3.008744267008844453e+00
-2.337714400000001547e+01 2.955110956609678374e-01 0.000000000000000000e+00 2.608499590182800087e+00
-2.467913000000000778e+01 3.119695351262523619e-01 0.000000000000000000e+00 2.636498055885281300e+00
-2.330201200000001549e+01 2.945613500616252045e-01 0.000000000000000000e+00 2.328122494836913692e+00
-2.493838600000001193e+01 3.152467970799230357e-01 0.000000000000000000e+00 3.112558488129057555e+00
-2.488008000000001019e+01 3.145097493916507170e-01 0.000000000000000000e+00 2.659219518443847186e+00
-2.494643200000001926e+01 3.153485067787506479e-01 0.000000000000000000e+00 2.974101174020328031e+00
-2.463694600000001955e+01 3.114362860664288135e-01 0.000000000000000000e+00 3.133492963677783738e+00
-2.506504800000000088e+01 3.168479347723034967e-01 0.000000000000000000e+00 2.585205859238761672e+00
-2.483994000000001279e+01 3.140023385898936814e-01 0.000000000000000000e+00 2.390224859884124253e+00
-2.449132400000001653e+01 3.095954745125306107e-01 0.000000000000000000e+00 2.156595235439231484e+00
-2.425903600000001958e+01 3.066591157601999962e-01 0.000000000000000000e+00 2.957565724382882788e+00
-2.428457200000000782e+01 3.069819170116614426e-01 0.000000000000000000e+00 2.419194886111050380e+00
-2.453327000000000524e+01 3.101257150080586888e-01 0.000000000000000000e+00 2.957847198076958506e+00
-2.496167400000002345e+01 3.155411813039221691e-01 0.000000000000000000e+00 2.902766645409343038e+00
-2.515513200000000538e+01 3.179866889991467827e-01 0.000000000000000000e+00 3.186137666719516481e+00
-2.432301800000000824e+01 3.074679139146099804e-01 0.000000000000000000e+00 2.362141726877230674e+00
-2.476968800000000925e+01 3.131142811996335262e-01 0.000000000000000000e+00 3.175857614015623387e+00
-2.450921800000001127e+01 3.098216730398509755e-01 0.000000000000000000e+00 3.135154955601449078e+00
-2.506109000000001075e+01 3.167979015896091877e-01 0.000000000000000000e+00 2.337824218772400986e+00
-2.460075800000001323e+01 3.109788326012074000e-01 0.000000000000000000e+00 2.773065224845691290e+00
-2.441228000000002396e+01 3.085962772177103797e-01 0.000000000000000000e+00 2.641835168624609320e+00
-2.508463000000001486e+01 3.170954713522740054e-01 0.000000000000000000e+00 3.572543209951378085e+00
-2.473560200000001785e+01 3.126833991720129879e-01 0.000000000000000000e+00 2.792101834196097698e+00
-2.466244400000000780e+01 3.117586069588851316e-01 0.000000000000000000e+00 3.029223808450080213e+00
-2.430249400000001003e+01 3.072084694877225131e-01 0.000000000000000000e+00 2.569690267772921199e+00
-2.423232199999999992e+01 3.063214233795784058e-01 0.000000000000000000e+00 2.905711452982893572e+00
-2.442771400000000526e+01 3.087913788199602161e-01 0.000000000000000000e+00 2.525021844450763275e+00
-2.456751600000001190e+01 3.105586195999116561e-01 0.000000000000000000e+00 3.013652284766573430e+00
-2.439017600000001096e+01 3.083168599690296330e-01 0.000000000000000000e+00 2.562655805763255135e+00
-2.500655600000001044e+01 3.161085358531113831e-01 0.000000000000000000e+00 3.006360842348782647e+00
-2.484759000000001095e+01 3.140990424422464566e-01 0.000000000000000000e+00 3.163986582915402579e+00
-2.469761600000001067e+01 3.122032171412320034e-01 0.000000000000000000e+00 3.160853564067590771e+00
-2.468306800000000223e+01 3.120193154884176590e-01 0.000000000000000000e+00 2.531116953381042034e+00
-2.429236400000000984e+01 3.070804158897703640e-01 0.000000000000000000e+00 2.494664480001632878e+00
-2.445265000000000910e+01 3.091065954555510809e-01 0.000000000000000000e+00 2.337716042130943972e+00
-2.473870400000000203e+01 3.127226116360648511e-01 0.000000000000000000e+00 2.692701361346627298e+00
-2.444233000000000189e+01 3.089761400625731236e-01 0.000000000000000000e+00 2.289013297087289622e+00
-2.453072000000001296e+01 3.100934803906078563e-01 0.000000000000000000e+00 2.593015324663429766e+00
-2.435930400000001583e+01 3.079266062004236693e-01 0.000000000000000000e+00 2.641079982339639365e+00
-2.501095800000001645e+01 3.161641816515503023e-01 0.000000000000000000e+00 3.064555494031061311e+00
-2.443406400000001000e+01 3.088716493379263794e-01 0.000000000000000000e+00 2.814002378780412261e+00
-2.449404000000001602e+01 3.096298075403724481e-01 0.000000000000000000e+00 2.822245878728499857e+00
-2.404218800000001366e+01 3.039179344562780161e-01 0.000000000000000000e+00 2.731613830660283071e+00
-2.445044800000001572e+01 3.090787599153053122e-01 0.000000000000000000e+00 3.062329705559399429e+00
-2.426875800000002315e+01 3.067820118193600454e-01 0.000000000000000000e+00 2.438873558547432374e+00
-2.364970400000001050e+01 2.989565338305471554e-01 0.000000000000000000e+00 2.251701333870354205e+00
-2.499963800000001513e+01 3.160210852321210240e-01 0.000000000000000000e+00 3.242584826979484802e+00
-2.412066000000001509e+01 3.049099010839682045e-01 0.000000000000000000e+00 2.670831710962491279e+00
-2.519338800000001299e+01 3.184702841070696788e-01 0.000000000000000000e+00 2.614186196690215791e+00
-2.449477600000000521e+01 3.096391113358405445e-01 0.000000000000000000e+00 2.881387868004380515e+00
-2.449410600000001281e+01 3.096306418481182265e-01 0.000000000000000000e+00 2.099997294361893641e+00
-2.462880200000002162e+01 3.113333375470090925e-01 0.000000000000000000e+00 2.625083703522805845e+00
-2.491753200000001200e+01 3.149831811143066207e-01 0.000000000000000000e+00 2.154797349719828503e+00
-2.479436400000001584e+01 3.134262111683470686e-01 0.000000000000000000e+00 2.995905518716294402e+00
-2.517570000000001329e+01 3.182466896311982318e-01 0.000000000000000000e+00 2.586125482124355557e+00
-2.507427399999999906e+01 3.169645608823436489e-01 0.000000000000000000e+00 2.726834530456310635e+00
-2.371088400000001428e+01 2.997299118288406783e-01 0.000000000000000000e+00 2.720334659103396557e+00
-2.535806800000001360e+01 3.205520083430776213e-01 0.000000000000000000e+00 2.636636115628848920e+00
-2.370844000000001373e+01 2.996990171601935926e-01 0.000000000000000000e+00 2.685879509545798349e+00
-2.470635000000000758e+01 3.123136238662580499e-01 0.000000000000000000e+00 2.521534965316390320e+00
-2.499781000000001896e+01 3.159979774357680182e-01 0.000000000000000000e+00 3.042389436467875186e+00
-2.479728800000000177e+01 3.134631735296906085e-01 0.000000000000000000e+00 2.321398294361970649e+00
-2.465290600000001575e+01 3.116380368485923147e-01 0.000000000000000000e+00 2.620722568023845067e+00
-2.423869000000001606e+01 3.064019214360207966e-01 0.000000000000000000e+00 2.806686388093815765e+00
-2.431163200000001012e+01 3.073239831874349237e-01 0.000000000000000000e+00 2.786283772769744704e+00
-2.440147000000001398e+01 3.084596277217711568e-01 0.000000000000000000e+00 3.241572482280596024e+00
-2.392282600000000770e+01 3.024090762569921487e-01 0.000000000000000000e+00 2.336701773073933897e+00
-2.438970599999999678e+01 3.083109186865973239e-01 0.000000000000000000e+00 2.331632621486454671e+00
-2.388938800000001095e+01 3.019863856145120207e-01 0.000000000000000000e+00 2.702919245544593174e+00
-2.483898600000001267e+01 3.139902790506590713e-01 0.000000000000000000e+00 3.387184937348715064e+00
-2.399916400000001460e+01 3.033740669342352425e-01 0.000000000000000000e+00 2.533521658371678864e+00
-2.467962400000002177e+01 3.119757797933194743e-01 0.000000000000000000e+00 2.648157763279250343e+00
-2.465487400000001372e+01 3.116629143886485154e-01 0.000000000000000000e+00 2.781979105231280336e+00
-2.440282600000000812e+01 3.084767689536391244e-01 0.000000000000000000e+00 2.327070927917668008e+00
-2.438589000000002471e+01 3.082626805296593275e-01 0.000000000000000000e+00 2.802109520981604707e+00
-2.434969200000002232e+01 3.078051006541733803e-01 0.000000000000000000e+00 2.851676252881537366e+00
-2.492586800000001546e+01 3.150885567108051011e-01 0.000000000000000000e+00 2.844347847246776251e+00
-2.402834800000001536e+01 3.037429826501913954e-01 0.000000000000000000e+00 2.002652418970421788e+00
-2.431017800000001827e+01 3.073056031349747919e-01 0.000000000000000000e+00 2.625921743146065968e+00
-2.438076800000001754e+01 3.081979331921754217e-01 0.000000000000000000e+00 2.833716984253092708e+00
-2.481262000000001677e+01 3.136569857472428779e-01 0.000000000000000000e+00 2.591250340369422034e+00
-2.470739200000000579e+01 3.123267958158202906e-01 0.000000000000000000e+00 2.667283983459616703e+00
-2.495881800000001149e+01 3.155050785323769702e-01 0.000000000000000000e+00 3.050233012340485939e+00
-2.468092200000001668e+01 3.119921878456532460e-01 0.000000000000000000e+00 2.195060805930745484e+00
-2.409183400000000930e+01 3.045455108554815937e-01 0.000000000000000000e+00 2.680742656795619183e+00
-2.528580600000000800e+01 3.196385424896502347e-01 0.000000000000000000e+00 2.683850844649768419e+00
-2.483484800000000448e+01 3.139379704832032658e-01 0.000000000000000000e+00 2.307388742931295145e+00
-2.503158400000001294e+01 3.164249154631357808e-01 0.000000000000000000e+00 2.543390737376727717e+00
-2.457115800000001116e+01 3.106046582182474536e-01 0.000000000000000000e+00 2.582071793366127466e+00
-2.447116800000000936e+01 3.093406819833771637e-01 0.000000000000000000e+00 3.092460808269496653e+00
-2.348385400000001155e+01 2.968600195935911512e-01 0.000000000000000000e+00 2.238285491012432793e+00
-2.502895200000001807e+01 3.163916442815158936e-01 0.000000000000000000e+00 2.832055835154084988e+00
-2.509738400000001235e+01 3.172566950036344591e-01 0.000000000000000000e+00 3.074330545266659609e+00
-2.501474600000001658e+01 3.162120658597480372e-01 0.000000000000000000e+00 2.323325086869413525e+00
-2.483103400000001670e+01 3.138897576083179985e-01 0.000000000000000000e+00 2.730814137094939031e+00
-2.459187000000000722e+01 3.108664791581077225e-01 0.000000000000000000e+00 2.192410007989224585e+00
-2.441004200000000424e+01 3.085679866005119898e-01 0.000000000000000000e+00 2.519131878574944139e+00
-2.412076800000000887e+01 3.049112663148248470e-01 0.000000000000000000e+00 2.825649508703505841e+00
-2.593639000000001005e+01 3.278625920424739770e-01 0.000000000000000000e+00 3.184874811979239162e+00
-2.505976000000001136e+01 3.167810890244289190e-01 0.000000000000000000e+00 3.394208717295631672e+00
-2.558097800000000532e+01 3.233698195493474592e-01 0.000000000000000000e+00 2.923103668238382191e+00
-2.612321000000002158e+01 3.302241886041148988e-01 0.000000000000000000e+00 3.265959849119490332e+00
-2.520083800000001517e+01 3.185644597541322232e-01 0.000000000000000000e+00 2.639219837693087101e+00
-2.495414400000000654e+01 3.154459943747432993e-01 0.000000000000000000e+00 2.842475231427139093e+00
-2.546905800000002529e+01 3.219550358689128866e-01 0.000000000000000000e+00 2.673448389769968792e+00
-2.520049800000000673e+01 3.185601618051386308e-01 0.000000000000000000e+00 2.851996341603756147e+00
-2.491340400000001409e+01 3.149309989571155155e-01 0.000000000000000000e+00 2.974685761790307303e+00
-2.455922200000001965e+01 3.104537749265242619e-01 0.000000000000000000e+00 2.632592493548302492e+00
-2.462601200000001000e+01 3.112980690832096720e-01 0.000000000000000000e+00 2.561404258213833884e+00
-2.485607599999999806e+01 3.142063141927124437e-01 0.000000000000000000e+00 2.804706844477437677e+00
-2.465156600000001319e+01 3.116210978731474568e-01 0.000000000000000000e+00 2.437068449411126103e+00
-2.528509000000002160e+01 3.196294915147112614e-01 0.000000000000000000e+00 2.525484769606649138e+00
-2.534920400000000029e+01 3.204399582846126915e-01 0.000000000000000000e+00 3.623259347518167584e+00
-2.471142000000001460e+01 3.123777138703664469e-01 0.000000000000000000e+00 2.501146620284707911e+00
-2.478343200000000479e+01 3.132880194671807672e-01 0.000000000000000000e+00 2.277898064111036458e+00
-2.526699600000000956e+01 3.194007647821004436e-01 0.000000000000000000e+00 2.896175307138849409e+00
-2.478689800000001142e+01 3.133318332648612481e-01 0.000000000000000000e+00 3.155471756241909898e+00
-2.496688200000000180e+01 3.156070157696805323e-01 0.000000000000000000e+00 2.442429621304627041e+00
-2.552967200000001569e+01 3.227212590462347208e-01 0.000000000000000000e+00 3.462626956752968166e+00
-2.472258000000000777e+01 3.125187877255634072e-01 0.000000000000000000e+00 2.992991977566558770e+00
-2.440603600000002515e+01 3.085173466485481852e-01 0.000000000000000000e+00 2.250786768819052153e+00
-2.524485600000002705e+01 3.191208924564677973e-01 0.000000000000000000e+00 2.518082263333175863e+00
-2.521378600000001313e+01 3.187281357646242208e-01 0.000000000000000000e+00 3.109815099281822537e+00
-2.465643200000001656e+01 3.116826091078597760e-01 0.000000000000000000e+00 2.926994629407750903e+00
-2.524989400000001893e+01 3.191845779477295864e-01 0.000000000000000000e+00 3.247263601704292846e+00
-2.404273600000000144e+01 3.039248617387731999e-01 0.000000000000000000e+00 2.144125697238759010e+00
-2.500986800000001509e+01 3.161504029327183440e-01 0.000000000000000000e+00 2.940639669946083501e+00
-2.482137400000001293e+01 3.137676452927979365e-01 0.000000000000000000e+00 2.666784021759375900e+00
-2.504628200000001570e+01 3.166107132699176874e-01 0.000000000000000000e+00 2.467356798476024515e+00
-2.516027000000001479e+01 3.180516385930539092e-01 0.000000000000000000e+00 2.478629004453302809e+00
-2.458157400000001402e+01 3.107363271497647350e-01 0.000000000000000000e+00 2.847903355194711050e+00
-2.484669600000001211e+01 3.140877413645989380e-01 0.000000000000000000e+00 2.360039705877249094e+00
-2.407364200000001375e+01 3.043155453022787227e-01 0.000000000000000000e+00 2.004659479644683273e+00
-2.462898200000000770e+01 3.113356129317701448e-01 0.000000000000000000e+00 3.290442685036636394e+00
-2.485301800000001649e+01 3.141676579338244513e-01 0.000000000000000000e+00 2.751441947925494791e+00
-2.495336200000001270e+01 3.154361090920584365e-01 0.000000000000000000e+00 2.971638398233295675e+00
-2.531859400000000804e+01 3.200530164649370568e-01 0.000000000000000000e+00 2.496729576333282630e+00
-2.529618000000001388e+01 3.197696804980565966e-01 0.000000000000000000e+00 2.818884486294304992e+00
-2.457436800000002108e+01 3.106452359131564034e-01 0.000000000000000000e+00 2.686415796125523059e+00
-2.504245200000001148e+01 3.165622981386089774e-01 0.000000000000000000e+00 2.988421011963246610e+00
-2.488326000000001770e+01 3.145499478557661210e-01 0.000000000000000000e+00 2.500854581857161474e+00
-2.458403400000000261e+01 3.107674240748349304e-01 0.000000000000000000e+00 2.164036737501599195e+00
-2.392414400000000541e+01 3.024257371298549879e-01 0.000000000000000000e+00 2.114625394067791486e+00
-2.546907200000002902e+01 3.219552128432832117e-01 0.000000000000000000e+00 2.654129178502391273e+00
-2.474212000000002476e+01 3.127657933824229408e-01 0.000000000000000000e+00 2.641586193287218443e+00
-2.475472800000001783e+01 3.129251714439214571e-01 0.000000000000000000e+00 2.956012268672342902e+00
-2.469453200000001303e+01 3.121642322156560900e-01 0.000000000000000000e+00 2.533942031612348433e+00
-2.440691800000001876e+01 3.085284960338781635e-01 0.000000000000000000e+00 2.997528019140324407e+00
-2.530039000000002503e+01 3.198228992194169229e-01 0.000000000000000000e+00 2.856522891523535446e+00
-2.506279200000001239e+01 3.168194166166294345e-01 0.000000000000000000e+00 2.969484230346877585e+00
-2.433463200000002402e+01 3.076147267958161402e-01 0.000000000000000000e+00 2.290944189492554184e+00
-2.473460400000001158e+01 3.126707834276144515e-01 0.000000000000000000e+00 2.850206251403465618e+00
-2.498080800000002100e+01 3.157830547040422209e-01 0.000000000000000000e+00 2.269460547198141942e+00
-2.425742800000002219e+01 3.066387889896662333e-01 0.000000000000000000e+00 3.100007761152877794e+00
-2.621627600000003611e+01 3.314006383718362536e-01 0.000000000000000000e+00 2.818601031786492239e+00
-2.546107000000002785e+01 3.218540593496195257e-01 0.000000000000000000e+00 2.714620557055420047e+00
-2.520457000000002168e+01 3.186116360648487134e-01 0.000000000000000000e+00 2.222487113755235999e+00
-2.567547200000001695e+01 3.245643207028413024e-01 0.000000000000000000e+00 2.691501578128213890e+00
-2.505527400000001137e+01 3.167243813797681606e-01 0.000000000000000000e+00 3.270824806446943178e+00
-2.551993600000000484e+01 3.225981860127042911e-01 0.000000000000000000e+00 2.562242604427503068e+00
-2.565160400000001317e+01 3.242626046835004328e-01 0.000000000000000000e+00 2.382954615297927958e+00
-2.509958000000001732e+01 3.172844546977216518e-01 0.000000000000000000e+00 2.611115673462595321e+00
-2.585829800000001910e+01 3.268754290048354050e-01 0.000000000000000000e+00 3.424285731551777623e+00
-2.556450000000001310e+01 3.231615207154822644e-01 0.000000000000000000e+00 3.033604070768269878e+00
-2.437581600000001103e+01 3.081353348291882566e-01 0.000000000000000000e+00 2.513698412224545375e+00
-2.501611800000000940e+01 3.162294093480391699e-01 0.000000000000000000e+00 2.800997726726544901e+00
-2.550106800000001783e+01 3.223596751256204151e-01 0.000000000000000000e+00 2.844475925133244321e+00
-2.500936400000000859e+01 3.161440318553867534e-01 0.000000000000000000e+00 3.053545419771924507e+00
-2.524397800000000558e+01 3.191097936352432218e-01 0.000000000000000000e+00 2.468348745704342484e+00
-2.559063400000001920e+01 3.234918813007618410e-01 0.000000000000000000e+00 3.028099921900554214e+00
-2.564046400000002635e+01 3.241217836488325954e-01 0.000000000000000000e+00 3.016620813899639764e+00
-2.480474600000000152e+01 3.135574503049647910e-01 0.000000000000000000e+00 2.925498447849131267e+00
-2.599868600000000640e+01 3.286500774262871016e-01 0.000000000000000000e+00 2.442377267039122835e+00
-2.508473400000001163e+01 3.170967860190249121e-01 0.000000000000000000e+00 2.521153752086652489e+00
-2.551748200000002242e+01 3.225671649337928937e-01 0.000000000000000000e+00 2.852492222827064161e+00
-2.488215600000001615e+01 3.145359921625637822e-01 0.000000000000000000e+00 2.918007528888591828e+00
-2.629930800000001767e+01 3.324502480801443394e-01 0.000000000000000000e+00 3.401960536344365682e+00
-2.553915400000002123e+01 3.228411212590465151e-01 0.000000000000000000e+00 3.036513155266259201e+00
-2.520009600000000560e+01 3.185550801125052178e-01 0.000000000000000000e+00 2.826556175081778033e+00
-2.527356600000002018e+01 3.194838163258859054e-01 0.000000000000000000e+00 2.748770699426243969e+00
-2.510783600000001314e+01 3.173888190121039177e-01 0.000000000000000000e+00 2.637472137303927155e+00
-2.540135800000001609e+01 3.210992383781565152e-01 0.000000000000000000e+00 2.702511192295197429e+00
-2.516919400000000806e+01 3.181644471131056529e-01 0.000000000000000000e+00 2.794004468511932071e+00
-2.513887000000001848e+01 3.177811206269951505e-01 0.000000000000000000e+00 2.699709802941977710e+00
-2.643204600000001037e+01 3.341281926492432608e-01 0.000000000000000000e+00 2.755020354227180501e+00
-2.412528200000001988e+01 3.049683279082263665e-01 0.000000000000000000e+00 2.143210979324002174e+00
-2.561820400000000575e+01 3.238403944000253221e-01 0.000000000000000000e+00 2.638595365763053646e+00
-2.523553400000001190e+01 3.190030528078881544e-01 0.000000000000000000e+00 2.738657364041767295e+00
-2.436093800000001153e+01 3.079472616376451310e-01 0.000000000000000000e+00 2.813529686770586125e+00
-2.552397800000001027e+01 3.226492810416207169e-01 0.000000000000000000e+00 2.418770585435017217e+00
-2.534199200000000474e+01 3.203487912018456174e-01 0.000000000000000000e+00 2.271073015904974568e+00
-2.530760800000000899e+01 3.199141421483425729e-01 0.000000000000000000e+00 2.385973807915033440e+00
-2.484214800000001233e+01 3.140302499762982480e-01 0.000000000000000000e+00 3.256903152744889063e+00
-2.533860400000002144e+01 3.203059634042286774e-01 0.000000000000000000e+00 2.570114777373322834e+00
-2.578717400000001447e+01 3.259763486395096943e-01 0.000000000000000000e+00 2.759360116082397951e+00
-2.620821000000001177e+01 3.312986758524793518e-01 0.000000000000000000e+00 3.065019297894328698e+00
-2.539386400000001132e+01 3.210045065259300445e-01 0.000000000000000000e+00 2.812665208957654706e+00
-2.517268000000001038e+01 3.182085137313150902e-01 0.000000000000000000e+00 2.137818048498246082e+00
-2.592174200000001605e+01 3.276774262870146837e-01 0.000000000000000000e+00 2.805533768662760163e+00
-2.572479200000000787e+01 3.251877761274216128e-01 0.000000000000000000e+00 2.367893837099487975e+00
-2.585603400000000818e+01 3.268468097209494272e-01 0.000000000000000000e+00 2.790577251177956075e+00
-2.504258600000001778e+01 3.165639920361535409e-01 0.000000000000000000e+00 2.386654909612991649e+00
-2.574407200000002049e+01 3.254314951174037684e-01 0.000000000000000000e+00 2.675025434716424400e+00
-2.546054600000001500e+01 3.218474354517588676e-01 0.000000000000000000e+00 2.672495605742151614e+00
-2.522782400000002667e+01 3.189055904939484543e-01 0.000000000000000000e+00 2.864788287596748972e+00
-2.421500600000000603e+01 3.061025313655469371e-01 0.000000000000000000e+00 2.665872799325927467e+00
-2.572003600000000390e+01 3.251276554056189982e-01 0.000000000000000000e+00 2.381756614944592343e+00
-2.550717200000000062e+01 3.224368359510792481e-01 0.000000000000000000e+00 3.284297868049847136e+00
-2.412675400000000892e+01 3.049869354991626147e-01 0.000000000000000000e+00 2.800336467785990990e+00
-2.520682800000001578e+01 3.186401795025757822e-01 0.000000000000000000e+00 3.104535954786418195e+00
-2.548683800000001298e+01 3.221797933192176999e-01 0.000000000000000000e+00 3.070018745534846882e+00
-2.560747200000000490e+01 3.237047309041494736e-01 0.000000000000000000e+00 3.084186841150722280e+00
-2.576946800000001403e+01 3.257525266251621310e-01 0.000000000000000000e+00 3.015784577109464237e+00
-2.622725200000001422e+01 3.315393862781659817e-01 0.000000000000000000e+00 3.228942050478684767e+00
-2.577593800000001067e+01 3.258343140663023108e-01 0.000000000000000000e+00 2.634149419796481872e+00
-2.643690400000002327e+01 3.341896027557440529e-01 0.000000000000000000e+00 2.794073429688075816e+00
-2.649448000000000647e+01 3.349174224947066292e-01 0.000000000000000000e+00 2.864670724815709502e+00
-2.746273000000002185e+01 3.471570963562243817e-01 0.000000000000000000e+00 2.653021390734904728e+00
-2.762269800000002107e+01 3.491792560755935804e-01 0.000000000000000000e+00 2.609228926000704440e+00
-2.671876999999999924e+01 3.377526783174793490e-01 0.000000000000000000e+00 2.638043409537845552e+00
-2.778375400000001960e+01 3.512151692317418417e-01 0.000000000000000000e+00 2.721829072903926949e+00
-2.698110200000002123e+01 3.410688240685146311e-01 0.000000000000000000e+00 2.785835294499078518e+00
-2.669131200000001414e+01 3.374055810131784683e-01 0.000000000000000000e+00 2.745659966855312550e+00
-2.751144000000002166e+01 3.477728407546695211e-01 0.000000000000000000e+00 2.794421058271121083e+00
-2.716257800000001765e+01 3.433628669847993975e-01 0.000000000000000000e+00 2.849191348527018608e+00
-2.770367400000002078e+01 3.502028758335179459e-01 0.000000000000000000e+00 2.744287319771489209e+00
-2.733950800000000925e+01 3.455994437948362585e-01 0.000000000000000000e+00 2.856767111266887760e+00
-2.635926200000000819e+01 3.332081281800083339e-01 0.000000000000000000e+00 2.636793913903777042e+00
-2.749106200000001721e+01 3.475152419176439356e-01 0.000000000000000000e+00 3.258427834288905256e+00
-2.611196600000002732e+01 3.300820529026960437e-01 0.000000000000000000e+00 2.938009914245705900e+00
-2.690791800000003420e+01 3.401437031886993534e-01 0.000000000000000000e+00 3.060130668510675722e+00
-2.531072400000000755e+01 3.199535315867649277e-01 0.000000000000000000e+00 3.042991624651802063e+00
-2.758505600000002289e+01 3.487034225579119795e-01 0.000000000000000000e+00 2.513217401165126041e+00
-2.701736400000002547e+01 3.415272129696934611e-01 0.000000000000000000e+00 3.483619542584808215e+00
-2.646066800000000541e+01 3.344900041083336828e-01 0.000000000000000000e+00 2.637605157380153109e+00
-2.656567400000001911e+01 3.358173877318840761e-01 0.000000000000000000e+00 2.934613844836671426e+00
-2.673194600000000776e+01 3.379192364820024497e-01 0.000000000000000000e+00 2.088994251236946376e+00
-2.679763200000000722e+01 3.387495749454856320e-01 0.000000000000000000e+00 2.854421751941285113e+00
-2.730308000000000845e+01 3.451389564832665346e-01 0.000000000000000000e+00 2.628729614828955619e+00
-2.694221800000001465e+01 3.405772903959803366e-01 0.000000000000000000e+00 2.954611536529623272e+00
-2.770058000000000931e+01 3.501637644976773323e-01 0.000000000000000000e+00 2.992146845502490216e+00
-2.734947000000001793e+01 3.457253737003446736e-01 0.000000000000000000e+00 2.289354503595132151e+00
-2.711476800000001219e+01 3.427584995101603527e-01 0.000000000000000000e+00 3.195409277934692316e+00
-2.615971600000000308e+01 3.306856619157476085e-01 0.000000000000000000e+00 2.639219845039151746e+00
-2.683470000000001221e+01 3.392181525139842946e-01 0.000000000000000000e+00 2.702206827574435977e+00
-2.674167200000001188e+01 3.380421831052682902e-01 0.000000000000000000e+00 2.844998364881389019e+00
-2.735073600000001193e+01 3.457413772398320040e-01 0.000000000000000000e+00 2.624713740909894177e+00
-2.718700200000000677e+01 3.436716114148469781e-01 0.000000000000000000e+00 3.305138042380058039e+00
-2.700664800000000909e+01 3.413917517302406113e-01 0.000000000000000000e+00 2.504215063314110257e+00
-2.628190600000001709e+01 3.322302689378379692e-01 0.000000000000000000e+00 2.181709819969075426e+00
-2.723183400000001697e+01 3.442383339127139119e-01 0.000000000000000000e+00 2.844976655536824328e+00
-2.777139600000002417e+01 3.510589514268561695e-01 0.000000000000000000e+00 2.626863730260398100e+00
-2.668963600000001790e+01 3.373843946528460314e-01 0.000000000000000000e+00 3.008657247382337641e+00
-2.679451000000001670e+01 3.387101096609046458e-01 0.000000000000000000e+00 3.033732182152917289e+00
-2.719013200000000907e+01 3.437111778276397134e-01 0.000000000000000000e+00 3.119654009917112614e+00
-2.773397600000001972e+01 3.505859242170466517e-01 0.000000000000000000e+00 2.621973399888185341e+00
-2.644533600000001172e+01 3.342961918907816909e-01 0.000000000000000000e+00 2.752652887139013682e+00
-2.598298800000002018e+01 3.284516385930539850e-01 0.000000000000000000e+00 2.856415767252746818e+00
-2.685037800000001695e+01 3.394163385266885657e-01 0.000000000000000000e+00 2.975910932317510138e+00
-2.777192800000002038e+01 3.510656764529282436e-01 0.000000000000000000e+00 2.644016167529536609e+00
-2.675112200000000584e+01 3.381616408052334766e-01 0.000000000000000000e+00 2.891441877057189025e+00
-2.748719400000001301e+01 3.474663464273300417e-01 0.000000000000000000e+00 2.635089611870894188e+00
-2.742338800000001697e+01 3.466597730935754296e-01 0.000000000000000000e+00 2.302315216519706276e+00
-2.740298000000002432e+01 3.464017950257564094e-01 0.000000000000000000e+00 2.906519701177566528e+00
-2.754135400000001610e+01 3.481509844199350834e-01 0.000000000000000000e+00 2.806233952658713449e+00
-2.683203599999999867e+01 3.391844768195177440e-01 0.000000000000000000e+00 2.953716604295152592e+00
-2.713348000000001292e+01 3.429950383971179795e-01 0.000000000000000000e+00 2.969751758016555776e+00
-2.730991200000001484e+01 3.452253199759822144e-01 0.000000000000000000e+00 2.689495846687534275e+00
-2.783783400000000796e+01 3.518987959422306133e-01 0.000000000000000000e+00 3.025694168827505415e+00
-2.752844600000000952e+01 3.479878140505009987e-01 0.000000000000000000e+00 2.585154025672065092e+00
-2.926571000000002698e+01 3.699486142274756029e-01 0.000000000000000000e+00 3.065219037949174385e+00
-2.966076400000001456e+01 3.749425022911861971e-01 0.000000000000000000e+00 2.175216113425296083e+00
-2.949411799999999673e+01 3.728359257971746721e-01 0.000000000000000000e+00 3.038269673176733576e+00
-3.038444400000001977e+01 3.840905603134976976e-01 0.000000000000000000e+00 2.962014418980175368e+00
-2.769222800000001072e+01 3.500581866447556867e-01 0.000000000000000000e+00 2.438368039856563474e+00
-2.956681600000000998e+01 3.737549031381349196e-01 0.000000000000000000e+00 2.684499861954237954e+00
-2.866481600000001961e+01 3.623526972790193090e-01 0.000000000000000000e+00 2.701548715303049075e+00
-2.900905200000002893e+01 3.667041936605255903e-01 0.000000000000000000e+00 2.721812752169910699e+00
-2.992450200000002170e+01 3.782764213254118935e-01 0.000000000000000000e+00 2.859404527893417036e+00
-2.922182200000001018e+01 3.693938248585786344e-01 0.000000000000000000e+00 2.529559114999842873e+00
-2.902656200000001974e+01 3.669255380336886030e-01 0.000000000000000000e+00 2.657889769882198383e+00
-2.970419600000001381e+01 3.754915273520211261e-01 0.000000000000000000e+00 3.040596897870115889e+00
-2.922549000000000063e+01 3.694401921436020753e-01 0.000000000000000000e+00 2.695359616024727956e+00
-2.947693400000000707e+01 3.726187023986348712e-01 0.000000000000000000e+00 2.599302517643197419e+00
-2.956039600000003631e+01 3.736737477483176306e-01 0.000000000000000000e+00 2.590755075064745228e+00
-2.971982000000001634e+01 3.756890307492970482e-01 0.000000000000000000e+00 2.785968947741122470e+00
-2.919830000000000680e+01 3.690964826343899885e-01 0.000000000000000000e+00 2.755496021269550067e+00
-3.018059799999999626e+01 3.815137376354959531e-01 0.000000000000000000e+00 2.730542702485527773e+00
-2.964326200000002842e+01 3.747212590462348780e-01 0.000000000000000000e+00 2.592906963422648037e+00
-3.009808800000001483e+01 3.804707265429954632e-01 0.000000000000000000e+00 3.022096106584022390e+00
-2.999081000000001040e+01 3.791146225073477316e-01 0.000000000000000000e+00 2.660300525345118849e+00
-3.027300400000001446e+01 3.826818443257594127e-01 0.000000000000000000e+00 2.689295740257976242e+00
-2.949124000000001189e+01 3.727995449230478986e-01 0.000000000000000000e+00 2.082342308288646748e+00
-3.016442000000000689e+01 3.813092311095661602e-01 0.000000000000000000e+00 3.006675091300432534e+00
-2.987560600000000122e+01 3.776583256960465151e-01 0.000000000000000000e+00 3.033090374080102070e+00
-2.970156799999999464e+01 3.754583067345067526e-01 0.000000000000000000e+00 2.563953542216087733e+00
-2.962039600000003148e+01 3.744322093353984471e-01 0.000000000000000000e+00 3.059089649028272628e+00
-2.912827200000000971e+01 3.682112568340550340e-01 0.000000000000000000e+00 2.471651993911371914e+00
-2.981710800000000106e+01 3.769188509306956036e-01 0.000000000000000000e+00 2.556659001042595136e+00
-2.932975000000001486e+01 3.707581455614197830e-01 0.000000000000000000e+00 2.915426062648078798e+00
-2.955376400000001524e+01 3.735899124608920152e-01 0.000000000000000000e+00 2.686703043272797409e+00
-2.961856200000000072e+01 3.744090256928862548e-01 0.000000000000000000e+00 3.026915261409466318e+00
-2.935681600000000557e+01 3.711002875833518400e-01 0.000000000000000000e+00 2.434647257080187810e+00
-2.921228200000001607e+01 3.692732294662328663e-01 0.000000000000000000e+00 3.461192626604391531e+00
-2.983635000000002080e+01 3.771620895616726865e-01 0.000000000000000000e+00 2.675343721577819966e+00
-2.995327200000002321e+01 3.786401036564172040e-01 0.000000000000000000e+00 2.501088205993057922e+00
-2.931540800000002989e+01 3.705768479600547449e-01 0.000000000000000000e+00 2.463941666864930102e+00
-2.982119200000000703e+01 3.769704768827229491e-01 0.000000000000000000e+00 2.586157114356622433e+00
-2.925076000000002452e+01 3.697596308820279010e-01 0.000000000000000000e+00 2.906140509439634645e+00
-2.937511600000001621e+01 3.713316183674116311e-01 0.000000000000000000e+00 3.053077283385940532e+00
-2.885954200000001890e+01 3.648142337957844261e-01 0.000000000000000000e+00 2.347118615620850335e+00
-2.985576800000002606e+01 3.774075530133049750e-01 0.000000000000000000e+00 3.056158069609686390e+00
-2.974350400000004058e+01 3.759884208197710742e-01 0.000000000000000000e+00 2.521150713540917909e+00
-2.924622200000001371e+01 3.697022659039915782e-01 0.000000000000000000e+00 2.763232258691025400e+00
-2.999017400000001388e+01 3.791065828145246952e-01 0.000000000000000000e+00 2.761304463020872735e+00
-2.968487600000002402e+01 3.752473027209812240e-01 0.000000000000000000e+00 2.136975951005475771e+00
-2.924761200000001438e+01 3.697198369307589383e-01 0.000000000000000000e+00 2.999332712901792597e+00
-2.953710800000001058e+01 3.733793635243182751e-01 0.000000000000000000e+00 2.299919127944908492e+00
-2.972441400000001366e+01 3.757471036248145047e-01 0.000000000000000000e+00 2.468849863537859513e+00
-2.975973400000001945e+01 3.761935846790761540e-01 0.000000000000000000e+00 2.495450286373506632e+00
-2.943440800000000834e+01 3.720811301077648348e-01 0.000000000000000000e+00 2.670921776559734617e+00
-2.935480600000001417e+01 3.710748791201847196e-01 0.000000000000000000e+00 2.846558000119520315e+00
-2.913136400000001913e+01 3.682503428878427520e-01 0.000000000000000000e+00 3.181902289401258077e+00
-3.021070200000002259e+01 3.818942830957876566e-01 0.000000000000000000e+00 2.870901933735681144e+00
-2.965142600000001849e+01 3.748244603861836111e-01 0.000000000000000000e+00 2.411291476359429087e+00
-2.948294600000003030e+01 3.726947002496606709e-01 0.000000000000000000e+00 2.831023872015781873e+00
-2.976726000000002159e+01 3.762887210441490660e-01 0.000000000000000000e+00 2.480808070045734226e+00
-2.982060200000001515e+01 3.769630186771167901e-01 0.000000000000000000e+00 2.942942537149792148e+00
-2.904001000000001298e+01 3.670955345574062334e-01 0.000000000000000000e+00 2.358912351213387382e+00
-2.988721800000001849e+01 3.778051132951997793e-01 0.000000000000000000e+00 2.817859123174287550e+00
-2.926226200000002109e+01 3.699050279682712938e-01 0.000000000000000000e+00 2.745957569499373641e+00
-2.946081400000000983e+01 3.724149290522391631e-01 0.000000000000000000e+00 2.648173916174515252e+00
-2.894317600000001889e+01 3.658714534020164888e-01 0.000000000000000000e+00 2.908904020178407546e+00
-2.912948600000002486e+01 3.682266030401671886e-01 0.000000000000000000e+00 2.357738619050384621e+00
-2.918296200000001406e+01 3.689025945706793097e-01 0.000000000000000000e+00 2.608926607358247995e+00
-2.938709400000002958e+01 3.714830325822460200e-01 0.000000000000000000e+00 3.090211660294191365e+00
-2.914206600000002112e+01 3.683856271529250548e-01 0.000000000000000000e+00 2.620677352345181621e+00
-2.979169000000002043e+01 3.765975413203554445e-01 0.000000000000000000e+00 2.886298958227062617e+00
-3.017091600000003382e+01 3.813913472173944830e-01 0.000000000000000000e+00 2.936277211430772915e+00
-2.899650600000002143e+01 3.665455993426668946e-01 0.000000000000000000e+00 2.532138469485921473e+00
-2.996807000000002219e+01 3.788271655658442261e-01 0.000000000000000000e+00 2.881329275637629195e+00
-2.917861000000000971e+01 3.688475808235630038e-01 0.000000000000000000e+00 2.793011577241680587e+00
-2.973148800000002012e+01 3.758365262459313905e-01 0.000000000000000000e+00 2.815773663829383544e+00
-2.918775800000003429e+01 3.689632209335402258e-01 0.000000000000000000e+00 2.249355695546364498e+00
-2.946476799999999585e+01 3.724649116708276253e-01 0.000000000000000000e+00 2.415059253633669023e+00
-2.902576200000001805e+01 3.669154252125274573e-01 0.000000000000000000e+00 2.629260900977706150e+00
-2.935611800000002347e+01 3.710914641468890385e-01 0.000000000000000000e+00 2.415277941651913896e+00
-2.973532800000003107e+01 3.758850677875047452e-01 0.000000000000000000e+00 2.697922793785672013e+00
-2.968087200000001857e+01 3.751966880510699820e-01 0.000000000000000000e+00 2.592027480528349415e+00
-2.973681400000002739e+01 3.759038523528113740e-01 0.000000000000000000e+00 2.722702292269074231e+00
-3.005456600000001899e+01 3.799205637897799526e-01 0.000000000000000000e+00 2.730480374364906204e+00
-2.983897600000002726e+01 3.771952848971339978e-01 0.000000000000000000e+00 2.704674689567653001e+00
-2.902655800000002273e+01 3.669254874695828117e-01 0.000000000000000000e+00 2.838719895069365062e+00
-2.948476800000002029e+01 3.727177321998548787e-01 0.000000000000000000e+00 2.552287040825078623e+00
-3.024521400000001492e+01 3.823305502006764667e-01 0.000000000000000000e+00 2.679057620723293898e+00
-2.898006200000001087e+01 3.663377303037008148e-01 0.000000000000000000e+00 2.825752629189203891e+00
-2.897694600000001941e+01 3.662983408652785156e-01 0.000000000000000000e+00 2.322625039959413495e+00
-2.950872200000002010e+01 3.730205353474704832e-01 0.000000000000000000e+00 2.957004715995597444e+00
-2.956501800000001978e+01 3.737321745725755151e-01 0.000000000000000000e+00 3.331116590555597501e+00
-2.990678400000002313e+01 3.780524476187469007e-01 0.000000000000000000e+00 2.934101016511692972e+00
-2.996865600000002416e+01 3.788345732073447603e-01 0.000000000000000000e+00 2.499705339011546013e+00
-2.917824400000000651e+01 3.688429542078817680e-01 0.000000000000000000e+00 3.209152082489936220e+00
-2.965065000000000595e+01 3.748146509496571577e-01 0.000000000000000000e+00 2.852423184829616876e+00
-3.022325000000001793e+01 3.820529026956991370e-01 0.000000000000000000e+00 2.422930640106661482e+00
-2.989882200000002754e+01 3.779517997661413498e-01 0.000000000000000000e+00 2.663698267393124208e+00
-2.924424800000003088e+01 3.696773125177768016e-01 0.000000000000000000e+00 2.602964925101582949e+00
-2.967546000000001882e+01 3.751282748159152636e-01 0.000000000000000000e+00 2.827553296195897126e+00
-3.052528000000001995e+01 3.858708719147997401e-01 0.000000000000000000e+00 3.316314932407519844e+00
-2.952833400000002229e+01 3.732684511582343156e-01 0.000000000000000000e+00 2.439098627193200919e+00
-2.998316200000002851e+01 3.790179439370480186e-01 0.000000000000000000e+00 3.004910480684116703e+00
-2.917294800000003008e+01 3.687760073317957188e-01 0.000000000000000000e+00 2.766145770039436513e+00
-2.919331200000001303e+01 3.690334291944507572e-01 0.000000000000000000e+00 3.326880103533772726e+00
-2.929863000000001705e+01 3.703647568182538707e-01 0.000000000000000000e+00 2.846048874183720656e+00
-2.941528600000003379e+01 3.718394083999624899e-01 0.000000000000000000e+00 2.006328314423281522e+00
-2.997309600000000884e+01 3.788906993647885302e-01 0.000000000000000000e+00 2.638956310221252100e+00
-3.026142000000001531e+01 3.825354106753470207e-01 0.000000000000000000e+00 3.134993705276170495e+00
-2.983450000000001623e+01 3.771387036627376066e-01 0.000000000000000000e+00 2.604946839140383830e+00
-2.971220600000001610e+01 3.755927819738964502e-01 0.000000000000000000e+00 2.497274142296319610e+00
-3.014687800000002582e+01 3.810874822235568726e-01 0.000000000000000000e+00 2.884597749300357172e+00
-2.938211200000002421e+01 3.714200549884653646e-01 0.000000000000000000e+00 2.557880378154040013e+00
-2.951354200000001882e+01 3.730814650949659250e-01 0.000000000000000000e+00 2.518641978045255581e+00
-2.963897400000000459e+01 3.746670543248112328e-01 0.000000000000000000e+00 2.746031155319224926e+00
-2.911833200000001654e+01 3.680856050311287486e-01 0.000000000000000000e+00 2.977523196557226193e+00
-2.942192200000000568e+01 3.719232942514932860e-01 0.000000000000000000e+00 2.767308936168489719e+00
-2.878662200000001548e+01 3.638924501469520956e-01 0.000000000000000000e+00 2.477196955977265080e+00
-2.977891400000001454e+01 3.764360395664129721e-01 0.000000000000000000e+00 2.969860499428322864e+00
-2.992621800000001997e+01 3.782981133268023544e-01 0.000000000000000000e+00 2.580434256163058215e+00
-2.976537400000001554e+01 3.762648800682617534e-01 0.000000000000000000e+00 2.493803530556114367e+00
-2.934081200000001033e+01 3.708979805960245235e-01 0.000000000000000000e+00 2.641703651754474969e+00
-3.040269600000000949e+01 3.843212843282875490e-01 0.000000000000000000e+00 2.325183626502116407e+00
-2.922268000000002530e+01 3.694046708592740869e-01 0.000000000000000000e+00 2.483566474067306018e+00
-2.987077400000002214e+01 3.775972442562338660e-01 0.000000000000000000e+00 2.857516403679420502e+00
-3.038238400000002670e+01 3.840645197990080195e-01 0.000000000000000000e+00 2.772015366054164875e+00
-2.955169400000002256e+01 3.735637455361378034e-01 0.000000000000000000e+00 3.135448313467833259e+00
-2.910648600000000741e+01 3.679358594317859721e-01 0.000000000000000000e+00 2.348927362380840655e+00
-2.945843600000002027e+01 3.723848686913379669e-01 0.000000000000000000e+00 2.609674390290362744e+00
-2.945187600000000216e+01 3.723019435578169278e-01 0.000000000000000000e+00 2.597046438526394052e+00
-2.931912000000000873e+01 3.706237714502418346e-01 0.000000000000000000e+00 2.669414145009304740e+00
-2.941828600000000904e+01 3.718773314793162310e-01 0.000000000000000000e+00 2.291461443461950687e+00
-2.883453000000000443e+01 3.644980564421831382e-01 0.000000000000000000e+00 2.337999204772138295e+00
-2.915400400000002179e+01 3.685365357267012532e-01 0.000000000000000000e+00 2.327212152688319158e+00
-3.034384600000002408e+01 3.835773599216259488e-01 0.000000000000000000e+00 3.176658652011257633e+00
-2.929546800000000673e+01 3.703247858926145830e-01 0.000000000000000000e+00 2.742589560902563228e+00
-2.940242200000001915e+01 3.716767942356921650e-01 0.000000000000000000e+00 3.364239505748121140e+00
-2.883782400000001900e+01 3.645396959833140937e-01 0.000000000000000000e+00 2.965549516016118492e+00
-2.924232200000003346e+01 3.696529659008315760e-01 0.000000000000000000e+00 2.401492154809613755e+00
-2.941046800000001937e+01 3.717785039345197218e-01 0.000000000000000000e+00 2.703250766249458259e+00
-2.931631200000001414e+01 3.705882754479665198e-01 0.000000000000000000e+00 2.485942702285485861e+00
-2.923794000000000892e+01 3.695975729229214468e-01 0.000000000000000000e+00 2.319183041286283942e+00
-2.894807800000002374e+01 3.659334197136810407e-01 0.000000000000000000e+00 2.390304656275878070e+00
-3.012892800000001969e+01 3.808605757987550966e-01 0.000000000000000000e+00 3.323319536522834294e+00
-2.970440600000003073e+01 3.754941819675761683e-01 0.000000000000000000e+00 2.914145523214084488e+00
-2.919160800000002354e+01 3.690118888853777812e-01 0.000000000000000000e+00 2.925362278443026209e+00
-3.006404000000001631e+01 3.800403248743799978e-01 0.000000000000000000e+00 2.939901080243374487e+00
-2.950605400000003087e+01 3.729868090888984189e-01 0.000000000000000000e+00 2.728541933619344384e+00
-2.962146400000000668e+01 3.744457099516481646e-01 0.000000000000000000e+00 2.388686730415825465e+00
-2.997688600000001102e+01 3.789386088550391607e-01 0.000000000000000000e+00 2.939543194946033999e+00
-2.921252600000000754e+01 3.692763138766868569e-01 0.000000000000000000e+00 2.500733774117936736e+00
-2.995804200000002027e+01 3.787004013525900881e-01 0.000000000000000000e+00 2.702758737469117101e+00
-2.879242800000001168e+01 3.639658439465285888e-01 0.000000000000000000e+00 2.367293207125177990e+00
-2.980173200000002964e+01 3.767244825079800186e-01 0.000000000000000000e+00 2.809915040049963508e+00
-2.967527600000001442e+01 3.751259488670481979e-01 0.000000000000000000e+00 2.303378984291722276e+00
-3.021341000000002097e+01 3.819285149954179115e-01 0.000000000000000000e+00 3.008965011948678825e+00
-3.033130800000002836e+01 3.834188667319790023e-01 0.000000000000000000e+00 3.410973296558380330e+00
-3.047948000000002367e+01 3.852919129033280377e-01 0.000000000000000000e+00 3.260292883478508319e+00
-2.933184600000002007e+01 3.707846411528618602e-01 0.000000000000000000e+00 2.432899702143700882e+00
-2.919451400000001229e+01 3.690486237082452603e-01 0.000000000000000000e+00 2.568070036845851778e+00
-2.898135000000001327e+01 3.663540119457701638e-01 0.000000000000000000e+00 2.493389747761553199e+00
-3.045761400000002439e+01 3.850155042189428722e-01 0.000000000000000000e+00 3.556937142793195061e+00
-2.910689000000001059e+01 3.679409664064723362e-01 0.000000000000000000e+00 2.853404693440005691e+00
-3.017677600000001448e+01 3.814654236323991032e-01 0.000000000000000000e+00 2.721657546167427277e+00
-2.969848800000001532e+01 3.754193723730368526e-01 0.000000000000000000e+00 2.942259552211839768e+00
-3.043364200000000963e+01 3.847124735328509848e-01 0.000000000000000000e+00 3.019143669387066353e+00
-2.922632600000001091e+01 3.694507600417155091e-01 0.000000000000000000e+00 2.570129853364525374e+00
-2.968064999999999998e+01 3.751938817431975659e-01 0.000000000000000000e+00 2.554533029239345776e+00
-2.907698799999999650e+01 3.675629744335239257e-01 0.000000000000000000e+00 2.503391982578917485e+00
-3.006506400000002799e+01 3.800532692854663441e-01 0.000000000000000000e+00 2.188531196276339852e+00
-2.969911200000002438e+01 3.754272603735426261e-01 0.000000000000000000e+00 3.210692346220167970e+00
-2.903569400000002076e+01 3.670409758872422712e-01 0.000000000000000000e+00 2.674232149129612157e+00
-2.918982800000002698e+01 3.689893878582944375e-01 0.000000000000000000e+00 3.379716634529163155e+00
-2.973290000000001498e+01 3.758543753752806582e-01 0.000000000000000000e+00 2.529234631706244851e+00
-3.055907400000000251e+01 3.862980627626963481e-01 0.000000000000000000e+00 2.781537462025364338e+00
-3.001441800000000626e+01 3.794130518598111124e-01 0.000000000000000000e+00 2.800390734799612868e+00
-2.976922800000001246e+01 3.763135985842052111e-01 0.000000000000000000e+00 2.510493728658234058e+00
-2.936853000000000691e+01 3.712483645672029486e-01 0.000000000000000000e+00 3.023461127815957550e+00
-2.976590400000002035e+01 3.762715798122809874e-01 0.000000000000000000e+00 2.387316712893495563e+00
-3.056531600000000282e+01 3.863769680498056469e-01 0.000000000000000000e+00 2.541090566750481283e+00
-3.052367000000002406e+01 3.858505198622130816e-01 0.000000000000000000e+00 2.916775459564063144e+00
-3.056884200000000718e+01 3.864215403090731638e-01 0.000000000000000000e+00 2.646210415340886080e+00
-3.002476200000000972e+01 3.795438106374238729e-01 0.000000000000000000e+00 2.545562921324122652e+00
-3.069598400000002414e+01 3.880287456941506341e-01 0.000000000000000000e+00 2.271288238593181852e+00
-3.087456800000000001e+01 3.902862307619378579e-01 0.000000000000000000e+00 2.884624219172116977e+00
-3.038289800000001861e+01 3.840710172866039218e-01 0.000000000000000000e+00 2.093424972805005169e+00
-3.015411800000000753e+01 3.811790032550643748e-01 0.000000000000000000e+00 2.476414307644637436e+00
-2.997524000000001365e+01 3.789178017255002695e-01 0.000000000000000000e+00 2.379719421794226353e+00
-3.093300800000002582e+01 3.910249723477549622e-01 0.000000000000000000e+00 3.137041923828010059e+00
-3.032522000000001938e+01 3.833419081629430569e-01 0.000000000000000000e+00 2.865597851772088589e+00
-3.034902400000002132e+01 3.836428151565909883e-01 0.000000000000000000e+00 2.553362337643635627e+00
-3.100808400000001086e+01 3.919740100496161839e-01 0.000000000000000000e+00 3.264597721894999083e+00
-3.021164600000000533e+01 3.819062162247575110e-01 0.000000000000000000e+00 2.786113578410259084e+00
-2.996163800000003263e+01 3.787458584837092856e-01 0.000000000000000000e+00 2.966602914901660615e+00
-3.049960800000001981e+01 3.855463514837407235e-01 0.000000000000000000e+00 3.095461601636835258e+00
-3.067708400000001490e+01 3.877898302942200948e-01 0.000000000000000000e+00 3.604998903338910043e+00
-2.988078600000002893e+01 3.777238062130648388e-01 0.000000000000000000e+00 2.693635475290116599e+00
-3.054904600000001835e+01 3.861712985494424322e-01 0.000000000000000000e+00 2.966537395325167026e+00
-2.967689400000002564e+01 3.751464020478466055e-01 0.000000000000000000e+00 3.271500818958859025e+00
-3.033267000000000380e+01 3.834360838100054347e-01 0.000000000000000000e+00 3.086863023059383426e+00
-3.096555600000002784e+01 3.914364124766934738e-01 0.000000000000000000e+00 2.725103599858845094e+00
-3.115867600000003534e+01 3.938776475049778347e-01 0.000000000000000000e+00 3.268116335265977224e+00
-3.049293600000002513e+01 3.854620105552574172e-01 0.000000000000000000e+00 3.197563596907286865e+00
-3.086088000000002296e+01 3.901132003918720836e-01 0.000000000000000000e+00 2.619923780447350303e+00
-3.037158200000001784e+01 3.839279714312804348e-01 0.000000000000000000e+00 2.437299922868780389e+00
-2.980190400000001461e+01 3.767266567645294328e-01 0.000000000000000000e+00 2.548147879726279985e+00
-3.034869200000002110e+01 3.836386183358091451e-01 0.000000000000000000e+00 3.134098807196206593e+00
-3.078170000000002560e+01 3.891122839174543935e-01 0.000000000000000000e+00 2.797176513500134298e+00
-3.000674200000001690e+01 3.793160193407706937e-01 0.000000000000000000e+00 2.397970560521390571e+00
-3.008183000000001783e+01 3.802652087349495114e-01 0.000000000000000000e+00 2.646727222171914917e+00
-3.024526000000000536e+01 3.823311316878931221e-01 0.000000000000000000e+00 2.634943984607680978e+00
-3.070793000000002237e+01 3.881797553961384151e-01 0.000000000000000000e+00 2.812625798775833630e+00
-3.046232200000002521e+01 3.850750181714758247e-01 0.000000000000000000e+00 2.666915780923989843e+00
-3.051665800000002449e+01 3.857618809847362384e-01 0.000000000000000000e+00 2.207917927821583692e+00
-3.119223200000000062e+01 3.943018297885788059e-01 0.000000000000000000e+00 2.852741820480638957e+00
-3.043759000000000725e+01 3.847623803052808711e-01 0.000000000000000000e+00 2.815469169632569990e+00
-3.010313600000001344e+01 3.805345384445218415e-01 0.000000000000000000e+00 1.880973004683340610e+00
-3.106701200000001961e+01 3.927189204563412694e-01 0.000000000000000000e+00 2.771334598277898298e+00
-3.118835600000002728e+01 3.942528331700537181e-01 0.000000000000000000e+00 3.292065524475231708e+00
-3.092151600000003597e+01 3.908797016717762141e-01 0.000000000000000000e+00 3.039273076789410499e+00
-3.064090600000001174e+01 3.873325032392631595e-01 0.000000000000000000e+00 3.147421987987737868e+00
-3.044283200000002410e+01 3.848286445659390709e-01 0.000000000000000000e+00 3.042006596028152376e+00
-3.032239000000000928e+01 3.833061340580856124e-01 0.000000000000000000e+00 2.491137160378404936e+00
-3.038543800000001838e+01 3.841031254937903316e-01 0.000000000000000000e+00 2.580802208490510008e+00
-3.051871600000001550e+01 3.857878962171730208e-01 0.000000000000000000e+00 2.739415180776858083e+00
-2.996880400000000222e+01 3.788364440792592602e-01 0.000000000000000000e+00 2.122269455655450443e+00
-3.063712200000001573e+01 3.872846695951713270e-01 0.000000000000000000e+00 3.218686173636627679e+00
-3.089623600000001602e+01 3.905601365230858546e-01 0.000000000000000000e+00 2.986793247707228538e+00
-3.036749200000003768e+01 3.838762696330946800e-01 0.000000000000000000e+00 2.903884587672384221e+00
-3.017645400000001032e+01 3.814613532218817382e-01 0.000000000000000000e+00 2.997687120937464478e+00
-3.088626800000002603e+01 3.904341307714189746e-01 0.000000000000000000e+00 3.006108606238472536e+00
-3.077304000000002304e+01 3.890028126283857079e-01 0.000000000000000000e+00 3.005938046297996991e+00
-3.114151800000003334e+01 3.936607527731255662e-01 0.000000000000000000e+00 3.581338109057827790e+00
-3.051552800000001753e+01 3.857475966248461452e-01 0.000000000000000000e+00 2.560699410458640912e+00
-3.051670000000002858e+01 3.857624119078472691e-01 0.000000000000000000e+00 2.486940931986909575e+00
-3.080737800000000703e+01 3.894368801946718750e-01 0.000000000000000000e+00 3.117754331669258416e+00
-3.088931200000004651e+01 3.904726100559371416e-01 0.000000000000000000e+00 2.165708941303148283e+00
-3.078773200000002674e+01 3.891885345890089831e-01 0.000000000000000000e+00 3.159116638161862944e+00
-3.014559400000003464e+01 3.810712511455934259e-01 0.000000000000000000e+00 2.703614154745720199e+00
-2.989464200000001526e+01 3.778989602755745691e-01 0.000000000000000000e+00 2.407569129593943202e+00
-3.020149800000002926e+01 3.817779350883295231e-01 0.000000000000000000e+00 2.336421530649991585e+00
-3.066760800000002973e+01 3.876700439275672649e-01 0.000000000000000000e+00 2.616207934067701135e+00
-3.044003400000001847e+01 3.847932749739281233e-01 0.000000000000000000e+00 2.476783294134763391e+00
-3.080005600000002275e+01 3.893443225989953183e-01 0.000000000000000000e+00 2.957763224155316895e+00
-3.088674600000003068e+01 3.904401731820627552e-01 0.000000000000000000e+00 2.773106211541290111e+00
-3.056928400000003876e+01 3.864271276427651003e-01 0.000000000000000000e+00 2.338775804039283202e+00
-3.023831000000001623e+01 3.822432765540563770e-01 0.000000000000000000e+00 2.462407710519986637e+00
-3.088454400000002309e+01 3.904123376418168201e-01 0.000000000000000000e+00 3.045502163443558175e+00
-2.994057000000000812e+01 3.784795373384319817e-01 0.000000000000000000e+00 2.663902722065177198e+00
-3.102927000000002522e+01 3.922418228360146086e-01 0.000000000000000000e+00 2.937837932472577407e+00
-2.971253400000001221e+01 3.755969282305724466e-01 0.000000000000000000e+00 2.434597823225126412e+00
-3.011308000000000717e+01 3.806602408115539737e-01 0.000000000000000000e+00 2.681999762200669046e+00
-3.066545600000001670e+01 3.876428404386438320e-01 0.000000000000000000e+00 3.102278132824002110e+00
-2.936651800000000634e+01 3.712229308219828217e-01 0.000000000000000000e+00 2.153238439994676234e+00
-3.085074000000001249e+01 3.899850203836552898e-01 0.000000000000000000e+00 3.304885363069391513e+00
-3.063016000000002137e+01 3.871966627690170970e-01 0.000000000000000000e+00 2.365961841696445411e+00
-3.054253000000001705e+01 3.860889296210854305e-01 0.000000000000000000e+00 3.092722263751963574e+00
-2.935335000000002026e+01 3.710564737856716366e-01 0.000000000000000000e+00 2.897701684512096421e+00
-3.024777200000000477e+01 3.823628859463388818e-01 0.000000000000000000e+00 2.436328604583361646e+00
-3.031529200000002433e+01 3.832164080523341454e-01 0.000000000000000000e+00 3.120349717763615693e+00
-3.045445000000000846e+01 3.849755080112506334e-01 0.000000000000000000e+00 2.575682701202290037e+00
-2.987032200000001581e+01 3.775915305122777843e-01 0.000000000000000000e+00 2.711477365077808344e+00
-3.065288800000002567e+01 3.874839680182033952e-01 0.000000000000000000e+00 2.380626137451908431e+00
-3.059111400000001169e+01 3.867030812501976444e-01 0.000000000000000000e+00 2.880325324254084052e+00
-3.012585600000001662e+01 3.808217425654965016e-01 0.000000000000000000e+00 2.338832378044630289e+00
-3.109146600000001470e+01 3.930280441171825068e-01 0.000000000000000000e+00 3.089702392265590625e+00
-3.074657400000002383e+01 3.886682552223243436e-01 0.000000000000000000e+00 2.944686256430746329e+00
-3.038834600000001629e+01 3.841398855987108174e-01 0.000000000000000000e+00 2.297238735254025332e+00
-3.014173400000001379e+01 3.810224567834910037e-01 0.000000000000000000e+00 2.437895263957055914e+00
-3.065854400000002045e+01 3.875554656638121598e-01 0.000000000000000000e+00 2.678010870985244818e+00
-3.048370600000001929e+01 3.853453338811113627e-01 0.000000000000000000e+00 2.690129428369159026e+00
-3.092395200000000344e+01 3.909104952122112731e-01 0.000000000000000000e+00 2.761248410472949999e+00
-3.027231000000001870e+01 3.826730714534022360e-01 0.000000000000000000e+00 2.674838556121309274e+00
-3.047719000000000733e+01 3.852629649527542499e-01 0.000000000000000000e+00 3.508046612842934842e+00
-3.113375600000002663e+01 3.935626331258101351e-01 0.000000000000000000e+00 2.696412838798310396e+00
-3.067899200000001869e+01 3.878139493726893150e-01 0.000000000000000000e+00 2.545936418770154308e+00
-3.052053400000001915e+01 3.858108776032616039e-01 0.000000000000000000e+00 3.352160482050073220e+00
-2.993709200000001758e+01 3.784355718484342934e-01 0.000000000000000000e+00 2.765467973829887960e+00
-3.028913200000001282e+01 3.828857188003667589e-01 0.000000000000000000e+00 2.419020252080531730e+00
-2.910207200000001393e+01 3.678800619410297901e-01 0.000000000000000000e+00 2.997166048930997029e+00
-2.995356200000000868e+01 3.786437695540879056e-01 0.000000000000000000e+00 2.983096868190180384e+00
-2.938213800000002252e+01 3.714203836551530635e-01 0.000000000000000000e+00 2.777285003826724719e+00
-3.007125400000002458e+01 3.801315172392001340e-01 0.000000000000000000e+00 2.288013117652408113e+00
-3.052343600000001800e+01 3.858475618620234027e-01 0.000000000000000000e+00 2.892589820245147880e+00
-3.030061400000001370e+01 3.830308630660811398e-01 0.000000000000000000e+00 2.405996375431579182e+00
-2.974626000000002790e+01 3.760232594886708246e-01 0.000000000000000000e+00 2.433553584386587421e+00
-3.065440000000002030e+01 3.875030812501977784e-01 0.000000000000000000e+00 2.956837613520105545e+00
-3.068915200000001420e+01 3.879423822014349543e-01 0.000000000000000000e+00 2.382486239225102054e+00
-3.041784600000001859e+01 3.845127958790255929e-01 0.000000000000000000e+00 2.408999231057653123e+00
-2.986240200000001010e+01 3.774914135827830419e-01 0.000000000000000000e+00 2.380516183985771583e+00
-3.047477600000001985e+01 3.852324495149008765e-01 0.000000000000000000e+00 2.945578284364068988e+00
-3.079246800000002082e+01 3.892484024902824746e-01 0.000000000000000000e+00 2.912825610250866504e+00
-3.089192600000000866e+01 3.905056536990804683e-01 0.000000000000000000e+00 2.249720632650582530e+00
-3.077109600000001421e+01 3.889782384729641995e-01 0.000000000000000000e+00 2.321104440872573615e+00
-3.052374400000002197e+01 3.858514552981704981e-01 0.000000000000000000e+00 2.668212953441522206e+00
-2.949094600000002231e+01 3.727958284612713502e-01 0.000000000000000000e+00 2.652526320071246335e+00
-3.084047400000001815e+01 3.898552476061058480e-01 0.000000000000000000e+00 3.122170526102737487e+00
-3.117899800000001775e+01 3.941345384445218980e-01 0.000000000000000000e+00 3.147783558779931656e+00
-3.007277600000000461e+01 3.801507568814588289e-01 0.000000000000000000e+00 2.421240364618219232e+00
-3.077771400000001734e+01 3.890618967860192123e-01 0.000000000000000000e+00 3.098625433441692500e+00
-3.079082800000001896e+01 3.892276712069022149e-01 0.000000000000000000e+00 2.626839938219735160e+00
-3.144209800000002275e+01 3.974603925038716068e-01 0.000000000000000000e+00 2.147557201974730656e+00
-3.173403400000001184e+01 4.011507632019721270e-01 0.000000000000000000e+00 2.943758760572694477e+00
-3.105674400000000546e+01 3.925891223967386545e-01 0.000000000000000000e+00 3.019873558872920416e+00
-3.088547400000002696e+01 3.904240937964166269e-01 0.000000000000000000e+00 2.689261793591075200e+00
-3.193731800000002963e+01 4.037204816231081406e-01 0.000000000000000000e+00 2.854054667968631609e+00
-3.175113800000001518e+01 4.013669753183960465e-01 0.000000000000000000e+00 3.050116971520200781e+00
-3.161697400000000968e+01 3.996710046455773102e-01 0.000000000000000000e+00 2.610891556484338683e+00
-3.177549000000001200e+01 4.016748095945392172e-01 0.000000000000000000e+00 2.985797832822049358e+00
-3.140515800000001079e+01 3.969934329867586542e-01 0.000000000000000000e+00 2.703282352662810695e+00
-3.116249000000001956e+01 3.939258603798631020e-01 0.000000000000000000e+00 2.709506009824065309e+00
-3.088619000000001336e+01 3.904331447713556003e-01 0.000000000000000000e+00 2.507176042116232573e+00
-3.170197400000001053e+01 4.007454918939419297e-01 0.000000000000000000e+00 2.860825696398813900e+00
-3.137480800000000869e+01 3.966097778339602309e-01 0.000000000000000000e+00 3.131992593025027638e+00
-3.133711000000000979e+01 3.961332364187973298e-01 0.000000000000000000e+00 2.630828210705218773e+00
-2.955893200000001997e+01 3.736552412855926320e-01 0.000000000000000000e+00 2.690307542138795860e+00
-3.140175400000001815e+01 3.969504029327183825e-01 0.000000000000000000e+00 3.249414406774478348e+00
-3.085934400000002498e+01 3.900937837752428416e-01 0.000000000000000000e+00 2.965632733765223961e+00
-3.219721400000000955e+01 4.070058338337074200e-01 0.000000000000000000e+00 2.751104973562367384e+00
-3.146613400000002869e+01 3.977642322156562660e-01 0.000000000000000000e+00 3.101254479058889846e+00
-3.186891400000000729e+01 4.028557848497298921e-01 0.000000000000000000e+00 2.062351545585717982e+00
-3.153577200000002634e+01 3.986445280156751814e-01 0.000000000000000000e+00 2.868793316385370495e+00
-3.206427600000000666e+01 4.053253610593181011e-01 0.000000000000000000e+00 3.078509891841449964e+00
-3.149153400000000858e+01 3.980853142875202533e-01 0.000000000000000000e+00 2.622988784127870954e+00
-3.233690600000002746e+01 4.087716841007493218e-01 0.000000000000000000e+00 2.799067989828186942e+00
-3.104745400000001254e+01 3.924716872610057306e-01 0.000000000000000000e+00 2.272069200442627501e+00
-3.237031000000001058e+01 4.091939449483299462e-01 0.000000000000000000e+00 3.195923374686678198e+00
-3.099537400000001242e+01 3.918133426034195455e-01 0.000000000000000000e+00 2.690471937521352608e+00
-3.262169200000001723e+01 4.123716714597227551e-01 0.000000000000000000e+00 2.816451677205977333e+00
-3.146646800000003097e+01 3.977684543184910604e-01 0.000000000000000000e+00 2.249812685486002106e+00
-3.278134600000003473e+01 4.143898618967864489e-01 0.000000000000000000e+00 2.681649582009347554e+00
-3.162668400000001512e+01 3.997937490124199855e-01 0.000000000000000000e+00 2.384065289879470306e+00
-3.193433200000001904e+01 4.036827355181242805e-01 0.000000000000000000e+00 2.980275772979081417e+00
-3.135560200000003661e+01 3.963669942799359913e-01 0.000000000000000000e+00 3.152080404744739273e+00
-3.195960400000003077e+01 4.040021995386028908e-01 0.000000000000000000e+00 2.860523575509288374e+00
-3.274305000000001087e+01 4.139057611478053067e-01 0.000000000000000000e+00 3.432626284875206935e+00
-3.253501200000001603e+01 4.112759472869199073e-01 0.000000000000000000e+00 2.810731502374498092e+00
-3.153335199999999716e+01 3.986139367316625659e-01 0.000000000000000000e+00 2.589984225468907830e+00
-3.206528600000002172e+01 4.053381284960341224e-01 0.000000000000000000e+00 3.202275367089892466e+00
-3.141659800000001113e+01 3.971380463293620600e-01 0.000000000000000000e+00 3.283519722196984958e+00
-3.184132000000001028e+01 4.025069683658314412e-01 0.000000000000000000e+00 2.887948485158502887e+00
-3.162984800000002039e+01 3.998337452201121134e-01 0.000000000000000000e+00 2.653814705477015590e+00
-3.148509000000003155e+01 3.980038555130680500e-01 0.000000000000000000e+00 2.822854341590862681e+00
-3.152992600000002454e+01 3.985706285750406086e-01 0.000000000000000000e+00 2.795562574366017738e+00
-3.218371400000001614e+01 4.068351799766142807e-01 0.000000000000000000e+00 2.730820964990623878e+00
-3.209099200000001417e+01 4.056630787219924206e-01 0.000000000000000000e+00 2.378320362653042697e+00
-3.217027000000000925e+01 4.066652340170022750e-01 0.000000000000000000e+00 2.448050164597090017e+00
-3.238053800000002269e+01 4.093232373668744817e-01 0.000000000000000000e+00 3.678173608779116588e+00
-3.276556200000004537e+01 4.141903359352784864e-01 0.000000000000000000e+00 3.091482024863894562e+00
-3.250611200000001588e+01 4.109106216224759356e-01 0.000000000000000000e+00 2.837587000625209299e+00
-3.202974400000002930e+01 4.048888411339004456e-01 0.000000000000000000e+00 2.435001861253307531e+00
-3.296964800000001361e+01 4.167701924596278751e-01 0.000000000000000000e+00 2.737419281536032756e+00
-3.227943000000001206e+01 4.080451284644314724e-01 0.000000000000000000e+00 2.910571375940546268e+00
-3.297834800000002531e+01 4.168801693897547511e-01 0.000000000000000000e+00 3.333844612803541274e+00
-3.257239800000002106e+01 4.117485447018300326e-01 0.000000000000000000e+00 2.222164370629897689e+00
-3.297788200000002234e+01 4.168742786714283999e-01 0.000000000000000000e+00 2.755396882167537420e+00
-3.223369200000002621e+01 4.074669531965998681e-01 0.000000000000000000e+00 2.857157818803769622e+00
-3.272585600000002160e+01 4.136884113390009721e-01 0.000000000000000000e+00 2.411839755398606844e+00
-3.234840600000000421e+01 4.089170559049395415e-01 0.000000000000000000e+00 2.447931011844801663e+00
-3.320902600000000859e+01 4.197961760894985406e-01 0.000000000000000000e+00 2.910295250064757866e+00
-3.324134400000001932e+01 4.202047087823533866e-01 0.000000000000000000e+00 2.847915558500194511e+00
-3.422331800000001323e+01 4.326178680908891461e-01 0.000000000000000000e+00 2.810826270135678318e+00
-3.333757200000001575e+01 4.214211294757136406e-01 0.000000000000000000e+00 2.747700754665230782e+00
-3.325873000000002833e+01 4.204244856682365916e-01 0.000000000000000000e+00 2.506736736347384031e+00
-3.458553800000001388e+01 4.371967006920963739e-01 0.000000000000000000e+00 3.408033664970421039e+00
-3.241750600000000304e+01 4.097905508327276403e-01 0.000000000000000000e+00 2.702828601307238898e+00
-3.412651400000000024e+01 4.313941661662926697e-01 0.000000000000000000e+00 2.866072773753046921e+00
-3.330667000000003242e+01 4.210304964763142976e-01 0.000000000000000000e+00 2.762027779521503135e+00
-3.400372800000000950e+01 4.298420250924376296e-01 0.000000000000000000e+00 2.690661354474138456e+00
-3.362345000000002671e+01 4.250349208355721498e-01 0.000000000000000000e+00 3.207892847321896834e+00
-3.429919199999999790e+01 4.335769933318585068e-01 0.000000000000000000e+00 2.798585303712855410e+00
-3.439231200000003952e+01 4.347541257150085436e-01 0.000000000000000000e+00 2.983869125521155130e+00
-3.393490600000001933e+01 4.289720443700030805e-01 0.000000000000000000e+00 2.917022715508386099e+00
-3.307370599999999428e+01 4.180855923901020121e-01 0.000000000000000000e+00 2.567618268216046218e+00
-3.427342999999999762e+01 4.332513352084189084e-01 0.000000000000000000e+00 3.317376888096492671e+00
-3.305471800000000826e+01 4.178455645798439533e-01 0.000000000000000000e+00 2.468319995805432043e+00
-3.373003000000002061e+01 4.263822014347567468e-01 0.000000000000000000e+00 2.983535820502616787e+00
-3.364531000000001626e+01 4.253112536737985172e-01 0.000000000000000000e+00 2.323318591210130180e+00
-3.403515400000001279e+01 4.302392819896977416e-01 0.000000000000000000e+00 2.619197630836164414e+00
-3.374982000000002103e+01 4.266323673482289580e-01 0.000000000000000000e+00 2.295806471272209492e+00
-3.419276200000000188e+01 4.322316088866415829e-01 0.000000000000000000e+00 2.624168226883683452e+00
-3.355338800000001953e+01 4.241492652403377472e-01 0.000000000000000000e+00 2.922545546500464386e+00
-3.357228200000001550e+01 4.243881047941094886e-01 0.000000000000000000e+00 2.993148761819198089e+00
-3.404308800000003998e+01 4.303395758935630311e-01 0.000000000000000000e+00 2.732337004344283393e+00
-3.284031200000001860e+01 4.151352526625164407e-01 0.000000000000000000e+00 3.126169154941730088e+00
-3.401124400000002623e+01 4.299370350472461744e-01 0.000000000000000000e+00 3.020724367215736450e+00
-3.410780000000001877e+01 4.311576019972824247e-01 0.000000000000000000e+00 2.940752537990398263e+00
-3.392506400000001321e+01 4.288476313876688484e-01 0.000000000000000000e+00 2.908937767928494011e+00
-3.416559800000002411e+01 4.318882280441174726e-01 0.000000000000000000e+00 2.999601763937703502e+00
-3.291100600000000043e+01 4.160288973864677553e-01 0.000000000000000000e+00 2.774685148607500818e+00
-3.312056600000000373e+01 4.186779508896122937e-01 0.000000000000000000e+00 2.695880913812512603e+00
-3.312803000000003095e+01 4.187723035110454961e-01 0.000000000000000000e+00 2.845126069298515414e+00
-3.427997200000001499e+01 4.333340328034638311e-01 0.000000000000000000e+00 2.977269258836379162e+00
-3.411040600000003309e+01 4.311905445122147795e-01 0.000000000000000000e+00 3.025963187296357049e+00
-3.390287800000001539e+01 4.285671775748192691e-01 0.000000000000000000e+00 2.858342796682982634e+00
-3.366774800000001733e+01 4.255948930253138918e-01 0.000000000000000000e+00 3.233180511617473663e+00
-3.387332600000004135e+01 4.281936099611293733e-01 0.000000000000000000e+00 2.708968105252767433e+00
-3.378610400000003011e+01 4.270910343519897512e-01 0.000000000000000000e+00 2.618648629663858252e+00
-3.333320800000002748e+01 4.213659640362800718e-01 0.000000000000000000e+00 2.609847770229853037e+00
-3.285315200000001568e+01 4.152975634421516848e-01 0.000000000000000000e+00 2.617464202507858939e+00
-3.472343400000002589e+01 4.389398476756316003e-01 0.000000000000000000e+00 2.765960909918279143e+00
-3.362109400000000647e+01 4.250051385772525281e-01 0.000000000000000000e+00 3.184840765022561193e+00
-3.343068200000002577e+01 4.225981354485987551e-01 0.000000000000000000e+00 2.972224719279305649e+00
-3.319602400000002262e+01 4.196318174635783049e-01 0.000000000000000000e+00 2.786285899429126189e+00
-3.283289600000001229e+01 4.150415068103531224e-01 0.000000000000000000e+00 2.527488315429035737e+00
-3.414095400000000069e+01 4.315767025882501495e-01 0.000000000000000000e+00 2.400027593924703329e+00
-3.301226800000001305e+01 4.173089530069843400e-01 0.000000000000000000e+00 3.414144862538788239e+00
-3.328315200000002250e+01 4.207332048162313320e-01 0.000000000000000000e+00 2.445589994233487552e+00
-3.402198800000002166e+01 4.300728502354393967e-01 0.000000000000000000e+00 3.241494592715220779e+00
-3.332207800000001185e+01 4.212252694118763796e-01 0.000000000000000000e+00 3.154112530277340287e+00
-3.402989800000000287e+01 4.301728407546693278e-01 0.000000000000000000e+00 2.967495864436967778e+00
-3.359906200000002485e+01 4.247266314824766908e-01 0.000000000000000000e+00 2.729079636133690645e+00
-3.401946200000000431e+01 4.300409190026230344e-01 0.000000000000000000e+00 2.940619684117995902e+00
-3.357324200000000047e+01 4.244002401795025636e-01 0.000000000000000000e+00 2.938272705580541100e+00
-3.270520600000001110e+01 4.134273741427805238e-01 0.000000000000000000e+00 2.966491160277413996e+00
-3.318351200000002166e+01 4.194736529406190573e-01 0.000000000000000000e+00 2.744896980322178770e+00
-3.354049000000001968e+01 4.239862212811682518e-01 0.000000000000000000e+00 2.935051175831091985e+00
-3.377549400000000901e+01 4.269569130613407038e-01 0.000000000000000000e+00 2.599208426115128034e+00
-3.347410600000000613e+01 4.231470593812218239e-01 0.000000000000000000e+00 2.865538323174163793e+00
-3.404161800000001392e+01 4.303209935846792344e-01 0.000000000000000000e+00 2.271842378245444216e+00
-3.322458000000001732e+01 4.199927946149229485e-01 0.000000000000000000e+00 2.306613377208931226e+00
-3.379535200000001538e+01 4.272079385646116445e-01 0.000000000000000000e+00 2.786945584362561235e+00
-3.333588200000001933e+01 4.213997661410108786e-01 0.000000000000000000e+00 2.824712275054655386e+00
-3.338115400000001642e+01 4.219720506905162427e-01 0.000000000000000000e+00 2.716567795167537103e+00
-3.345748000000001809e+01 4.229368896754418516e-01 0.000000000000000000e+00 3.087463450730381975e+00
-3.428728000000003107e+01 4.334264134247704514e-01 0.000000000000000000e+00 2.597735611697778335e+00
-3.410933600000001320e+01 4.311770186139116112e-01 0.000000000000000000e+00 2.891022211498517347e+00
-3.428659800000002633e+01 4.334177922447305931e-01 0.000000000000000000e+00 2.637005710645268231e+00
-3.378798600000001784e+01 4.271148247637710504e-01 0.000000000000000000e+00 3.468389065270049976e+00
-3.354418000000003275e+01 4.240328666687739334e-01 0.000000000000000000e+00 3.059904745199917731e+00
-3.339836000000003224e+01 4.221895521916383398e-01 0.000000000000000000e+00 2.801849440219185361e+00
-3.404730600000000607e+01 4.303928957431343849e-01 0.000000000000000000e+00 2.852711733262748073e+00
-3.340079800000001597e+01 4.222203710141265165e-01 0.000000000000000000e+00 2.594889006091658068e+00
-3.342925400000001446e+01 4.225800840628261001e-01 0.000000000000000000e+00 2.508008834720153235e+00
-3.391708800000001389e+01 4.287468065606929168e-01 0.000000000000000000e+00 2.879220408068542625e+00
-3.400087800000000726e+01 4.298059981670512286e-01 0.000000000000000000e+00 3.012190281310966888e+00
-3.268469000000001756e+01 4.131680308441047500e-01 0.000000000000000000e+00 2.910442317645796528e+00
-3.464871200000004592e+01 4.379952848971342405e-01 0.000000000000000000e+00 3.566837001406431007e+00
-3.396035800000002780e+01 4.292937837752429098e-01 0.000000000000000000e+00 2.697529073215791051e+00
-3.474243600000001919e+01 4.391800524602599842e-01 0.000000000000000000e+00 3.427704185093733091e+00
-3.476299800000001028e+01 4.394399772461525244e-01 0.000000000000000000e+00 3.206457298588697213e+00
-3.499859000000000719e+01 4.424181019498784062e-01 0.000000000000000000e+00 2.672723262872343852e+00
-3.402276400000000223e+01 4.300826596719654060e-01 0.000000000000000000e+00 2.431018931717249032e+00
-3.460608000000000573e+01 4.374563726574598466e-01 0.000000000000000000e+00 2.982655509048365516e+00
-3.420595400000002684e+01 4.323983693075881263e-01 0.000000000000000000e+00 2.920291892959477664e+00
-3.500176200000002780e+01 4.424581992857823387e-01 0.000000000000000000e+00 2.883087251113173544e+00
-3.447747600000003132e+01 4.358306860917110503e-01 0.000000000000000000e+00 2.894687725490445729e+00
-3.489541400000002369e+01 4.411138514047343584e-01 0.000000000000000000e+00 2.793365061836871721e+00
-3.456197000000001651e+01 4.368987769806910171e-01 0.000000000000000000e+00 2.814258850259269362e+00
-3.468474600000003250e+01 4.384507916442819120e-01 0.000000000000000000e+00 3.028594403697043802e+00
-3.458805600000003722e+01 4.372285307967011536e-01 0.000000000000000000e+00 2.680814078766585062e+00
-3.414531600000000111e+01 4.316318427456309337e-01 0.000000000000000000e+00 3.004968809691069609e+00
-3.460660600000004194e+01 4.374630218373737334e-01 0.000000000000000000e+00 2.505998720880468156e+00
-3.465653000000001782e+01 4.380941124419305277e-01 0.000000000000000000e+00 2.673584306420007550e+00
-3.382095400000002883e+01 4.275315741238192024e-01 0.000000000000000000e+00 2.810273051165144143e+00
-3.454324000000000439e+01 4.366620105552571074e-01 0.000000000000000000e+00 2.715536008551050706e+00
-3.431537000000003701e+01 4.337814998577889103e-01 0.000000000000000000e+00 2.528762474736677035e+00
-3.414446600000001553e+01 4.316210978731475079e-01 0.000000000000000000e+00 2.873424013904109842e+00
-3.475379800000001751e+01 4.393236798028001822e-01 0.000000000000000000e+00 2.882233718573288250e+00
-3.482297200000000714e+01 4.401981101665455864e-01 0.000000000000000000e+00 3.126878653861667523e+00
-3.555096800000002588e+01 4.494007268590212711e-01 0.000000000000000000e+00 3.265560787482516325e+00
-3.444571200000002165e+01 4.354291565275102971e-01 0.000000000000000000e+00 2.307060066789275332e+00
-3.437734000000001089e+01 4.345648642669786010e-01 0.000000000000000000e+00 2.732375185353459912e+00
-3.533708200000000943e+01 4.466969882754480703e-01 0.000000000000000000e+00 3.132876316134740158e+00
-3.482718000000001979e+01 4.402513036058530171e-01 0.000000000000000000e+00 2.436802945739281245e+00
-3.519332800000002237e+01 4.448797901589611747e-01 0.000000000000000000e+00 2.705097791472667268e+00
-3.458586200000002009e+01 4.372007963846666900e-01 0.000000000000000000e+00 3.140623698682035947e+00
-3.468348199999999792e+01 4.384348133868469777e-01 0.000000000000000000e+00 2.979384055399993958e+00
-3.481778600000001944e+01 4.401325538033690754e-01 0.000000000000000000e+00 3.060944114241403557e+00
-3.417970800000001930e+01 4.320665929273459493e-01 0.000000000000000000e+00 2.227765344246620316e+00
-3.469763199999999159e+01 4.386136839111334784e-01 0.000000000000000000e+00 3.015593783460306820e+00
-3.451365400000000960e+01 4.362880131466675970e-01 0.000000000000000000e+00 3.030537806704055814e+00
-3.475988000000002387e+01 4.394005625256773850e-01 0.000000000000000000e+00 2.666604415409760342e+00
-3.558027800000000695e+01 4.497712353443100164e-01 0.000000000000000000e+00 3.401611610903029437e+00
-3.409840400000000926e+01 4.310388269127454208e-01 0.000000000000000000e+00 2.947345020434287477e+00
-3.473493800000002807e+01 4.390852700439278888e-01 0.000000000000000000e+00 2.853571111544694450e+00
-3.470512400000004050e+01 4.387083904813076085e-01 0.000000000000000000e+00 2.838491654835309852e+00
-3.468948000000001031e+01 4.385106342635023413e-01 0.000000000000000000e+00 3.524135407056988356e+00
-3.470187600000001282e+01 4.386673324273932528e-01 0.000000000000000000e+00 2.740931383142407363e+00
-3.457369600000001952e+01 4.370470056568595552e-01 0.000000000000000000e+00 2.270566279561737399e+00
-3.492787600000001902e+01 4.415242044053979686e-01 0.000000000000000000e+00 2.909722434508630329e+00
-3.467636400000002794e+01 4.383448345605666652e-01 0.000000000000000000e+00 2.511772618204043184e+00
-3.506143400000001975e+01 4.432125146161870477e-01 0.000000000000000000e+00 3.352576133325150032e+00
-3.426418600000001646e+01 4.331344815599028619e-01 0.000000000000000000e+00 3.131496983130843237e+00
-3.523794000000001603e+01 4.454437316310086437e-01 0.000000000000000000e+00 3.061404688351179626e+00
-3.440074400000003152e+01 4.348607148500462372e-01 0.000000000000000000e+00 2.789875343014378117e+00
-3.552445400000001285e+01 4.490655626836900782e-01 0.000000000000000000e+00 2.654959600423861144e+00
-3.464313400000003185e+01 4.379247732515884062e-01 0.000000000000000000e+00 2.886276364691672480e+00
-3.485456400000002475e+01 4.405974654741968144e-01 0.000000000000000000e+00 2.731112719084929363e+00
-3.448587200000001474e+01 4.359368201497963446e-01 0.000000000000000000e+00 2.745731911552395488e+00
-3.466223000000000809e+01 4.381661662927030521e-01 0.000000000000000000e+00 2.678371601525558088e+00
-3.448311800000001170e+01 4.359020067629492678e-01 0.000000000000000000e+00 2.781454167033692748e+00
-3.490847800000002366e+01 4.412789937742947477e-01 0.000000000000000000e+00 3.227175510953968818e+00
-3.470590800000003640e+01 4.387183010460453669e-01 0.000000000000000000e+00 3.403863710065817116e+00
-3.464792400000001038e+01 4.379853237682900802e-01 0.000000000000000000e+00 3.057187159713842917e+00
-3.436245400000001382e+01 4.343766899472238929e-01 0.000000000000000000e+00 3.226944380467426043e+00
-3.425266000000001299e+01 4.329887810890246103e-01 0.000000000000000000e+00 3.061440174595326802e+00
-3.426268200000001940e+01 4.331154694561200613e-01 0.000000000000000000e+00 2.703051029177842679e+00
-3.432020599999999888e+01 4.338426318617071287e-01 0.000000000000000000e+00 3.035492607879138216e+00
-3.462634400000001733e+01 4.377125304174701026e-01 0.000000000000000000e+00 2.724139337954264661e+00
-3.516381200000001428e+01 4.445066776222231231e-01 0.000000000000000000e+00 3.355869493172831675e+00
-3.480604600000001625e+01 4.399841481528302123e-01 0.000000000000000000e+00 3.095896786426520997e+00
-3.503006600000001214e+01 4.428159908984610760e-01 0.000000000000000000e+00 2.217048675227332843e+00
-3.483688800000001606e+01 4.403740226906426858e-01 0.000000000000000000e+00 2.235807773277135979e+00
-3.452869800000002698e+01 4.364781847486018940e-01 0.000000000000000000e+00 3.201137616787525619e+00
-3.428336600000002221e+01 4.333769364472397911e-01 0.000000000000000000e+00 3.171209508676970490e+00
-3.578967000000001519e+01 4.524181651550107652e-01 0.000000000000000000e+00 2.805443415482612668e+00
-3.474815400000001375e+01 4.392523338495087359e-01 0.000000000000000000e+00 2.865302278249436618e+00
-3.520895200000004621e+01 4.450772935562373189e-01 0.000000000000000000e+00 2.576335430451163422e+00
-3.461641400000001312e+01 4.375870050248081844e-01 0.000000000000000000e+00 2.612760525080356722e+00
-3.515564200000000739e+01 4.444034004361154810e-01 0.000000000000000000e+00 2.690657596809502561e+00
-3.528305600000001618e+01 4.460140441803876477e-01 0.000000000000000000e+00 2.240995911467971169e+00
-3.430037000000000802e+01 4.335918844610183176e-01 0.000000000000000000e+00 2.919867395961672774e+00
-3.459442599999999857e+01 4.373090541351957738e-01 0.000000000000000000e+00 2.911660998506910847e+00
-3.550232200000002791e+01 4.487857914862690145e-01 0.000000000000000000e+00 3.154849398495572999e+00
-3.482898800000001671e+01 4.402741585816770109e-01 0.000000000000000000e+00 2.803315404593697213e+00
-3.483618800000002835e+01 4.403651739721268776e-01 0.000000000000000000e+00 2.724375204780024706e+00
-3.423628400000002614e+01 4.327817716398574821e-01 0.000000000000000000e+00 2.761387955604495570e+00
-3.528653800000003571e+01 4.460580602344914602e-01 0.000000000000000000e+00 3.132915968940182871e+00
-3.473922800000001843e+01 4.391395000474040966e-01 0.000000000000000000e+00 2.543745563561217171e+00
-3.537510400000002164e+01 4.471776253831813985e-01 0.000000000000000000e+00 3.489551034532967666e+00
-3.413619000000001336e+01 4.315164807382361190e-01 0.000000000000000000e+00 2.289397283901453584e+00
-3.474938800000001748e+01 4.392679328761497359e-01 0.000000000000000000e+00 2.867194026238365723e+00
-3.493062199999999962e+01 4.415589166640331298e-01 0.000000000000000000e+00 2.883870178349178026e+00
-3.528871600000002218e+01 4.460855923901023701e-01 0.000000000000000000e+00 2.752463484238191871e+00
-3.445914600000003247e+01 4.355989760768578245e-01 0.000000000000000000e+00 3.146114005120628665e+00
-3.419743400000001543e+01 4.322906677622224692e-01 0.000000000000000000e+00 2.493442393345659536e+00
-3.515870600000002355e+01 4.444421325411626045e-01 0.000000000000000000e+00 2.355654999941950933e+00
-3.541580200000001355e+01 4.476920898776982072e-01 0.000000000000000000e+00 3.296798011354764135e+00
-3.492357400000002343e+01 4.414698227096043315e-01 0.000000000000000000e+00 2.681753970540379672e+00
-3.485550800000000748e+01 4.406093986031666687e-01 0.000000000000000000e+00 2.718368683555145271e+00
-3.437129200000002527e+01 4.344884113390010127e-01 0.000000000000000000e+00 2.802824878318517232e+00
-3.485810400000001863e+01 4.406422147078344898e-01 0.000000000000000000e+00 3.532679627462256278e+00
-3.458094400000001656e+01 4.371386278165789174e-01 0.000000000000000000e+00 2.784273682353526347e+00
-3.466546600000003053e+01 4.382070726542999228e-01 0.000000000000000000e+00 2.533409443522560700e+00
-3.427113200000002280e+01 4.332222861296339822e-01 0.000000000000000000e+00 2.771404326325510148e+00
-3.468505000000001104e+01 4.384546345163228831e-01 0.000000000000000000e+00 2.830853252300550960e+00
-3.488716800000001683e+01 4.410096135006164597e-01 0.000000000000000000e+00 2.759911077651128419e+00
-3.472382000000002478e+01 4.389447271118417926e-01 0.000000000000000000e+00 3.006543936082750168e+00
-3.376895000000001801e+01 4.268741901842431630e-01 0.000000000000000000e+00 2.100912888520491073e+00
-3.525792200000002907e+01 4.456963246215596142e-01 0.000000000000000000e+00 3.536501404403721516e+00
-3.447479000000001292e+01 4.357967322946624811e-01 0.000000000000000000e+00 2.574593868276248365e+00
-3.462061800000002876e+01 4.376401479000098238e-01 0.000000000000000000e+00 3.158073661041112867e+00
-3.434084399999999704e+01 4.341035173656100365e-01 0.000000000000000000e+00 2.733476655234338804e+00
-3.442915600000001319e+01 4.352198716935816725e-01 0.000000000000000000e+00 2.456514925634002200e+00
-3.497407000000001887e+01 4.421081439812915015e-01 0.000000000000000000e+00 2.730996161225105467e+00
-3.550855400000001794e+01 4.488645703631137240e-01 0.000000000000000000e+00 3.054632965021156554e+00
-3.485957800000000617e+01 4.406608475808236336e-01 0.000000000000000000e+00 2.116975410533632029e+00
-3.509832200000002445e+01 4.436788167999244359e-01 0.000000000000000000e+00 2.880466953291784815e+00
-3.513369600000002890e+01 4.441259804696144897e-01 0.000000000000000000e+00 2.879348387000297382e+00
-3.442250200000002991e+01 4.351357583035745935e-01 0.000000000000000000e+00 2.930608629791099151e+00
-3.428175000000003081e+01 4.333565085484945012e-01 0.000000000000000000e+00 2.395126892465220259e+00
-3.455168600000001788e+01 4.367687766646654035e-01 0.000000000000000000e+00 2.556155340003080312e+00
-3.342016600000003024e+01 4.224652024144364137e-01 0.000000000000000000e+00 2.446512465631207611e+00
-3.477209600000001188e+01 4.395549853048069111e-01 0.000000000000000000e+00 2.963340403302061610e+00
-3.493830400000002356e+01 4.416560250292326795e-01 0.000000000000000000e+00 2.864118185160957619e+00
-3.473486600000001800e+01 4.390843598900233125e-01 0.000000000000000000e+00 2.813059136581211206e+00
-3.514436200000002941e+01 4.442608096577445598e-01 0.000000000000000000e+00 2.775315318395589426e+00
-3.568574800000001801e+01 4.511044844041338098e-01 0.000000000000000000e+00 2.664057622624298016e+00
-3.568857400000002400e+01 4.511402079448854074e-01 0.000000000000000000e+00 3.363523691120863468e+00
-3.449000800000003153e+01 4.359891034351993100e-01 0.000000000000000000e+00 2.625699085964795731e+00
-3.406432600000003674e+01 4.306080460133367427e-01 0.000000000000000000e+00 2.275141531067436329e+00
-3.525441800000002956e+01 4.456520304648741160e-01 0.000000000000000000e+00 2.336750146106616022e+00
-3.491588200000001763e+01 4.413725879341404701e-01 0.000000000000000000e+00 2.606869360187976437e+00
-3.528510200000001618e+01 4.460399077205071117e-01 0.000000000000000000e+00 2.432050363064220733e+00
-3.497748400000001823e+01 4.421513004455964180e-01 0.000000000000000000e+00 3.092539249523346800e+00
-3.485163600000000628e+01 4.405604525487470391e-01 0.000000000000000000e+00 3.031075522272780987e+00
-3.476332800000002976e+01 4.394441487848816941e-01 0.000000000000000000e+00 2.681619287981186872e+00
-3.444163599999999548e+01 4.353776317036942567e-01 0.000000000000000000e+00 2.348867892338903918e+00
-3.374865600000001109e+01 4.266176531934394167e-01 0.000000000000000000e+00 3.232826509553632821e+00
-3.466260800000002007e+01 4.381709446007018283e-01 0.000000000000000000e+00 2.473545117849351715e+00
-3.515830000000001121e+01 4.444370002844232337e-01 0.000000000000000000e+00 2.664217472392600872e+00
-3.596470400000001177e+01 4.546307745788959465e-01 0.000000000000000000e+00 3.747901436990836554e+00
-3.392120800000002845e+01 4.287988875896726060e-01 0.000000000000000000e+00 2.996699300516007636e+00
-3.451233200000004331e+01 4.362713017096993551e-01 0.000000000000000000e+00 2.626114475063373366e+00
-3.536036000000003554e+01 4.469912460891828920e-01 0.000000000000000000e+00 2.533460696240211529e+00
-3.380094800000002664e+01 4.272786777486335397e-01 0.000000000000000000e+00 2.332480702594505129e+00
-3.511247800000001718e+01 4.438577631703696236e-01 0.000000000000000000e+00 2.803966998594683790e+00
-3.511626800000002646e+01 4.439056726606203651e-01 0.000000000000000000e+00 3.608003596240005439e+00
-3.458471000000002249e+01 4.371862339221947447e-01 0.000000000000000000e+00 3.020528343291329687e+00
-3.497949600000001880e+01 4.421767341908165450e-01 0.000000000000000000e+00 2.381570908604467629e+00
-3.535918800000001028e+01 4.469764308061816016e-01 0.000000000000000000e+00 2.891446619495144699e+00
-3.518976400000003224e+01 4.448347375406886961e-01 0.000000000000000000e+00 3.120605709254262727e+00
-3.534758600000003526e+01 4.468297696172933708e-01 0.000000000000000000e+00 2.578358028951484915e+00
-3.511273600000002659e+01 4.438610245551942168e-01 0.000000000000000000e+00 3.160856277462123831e+00
-3.486397200000001817e+01 4.407163922510510257e-01 0.000000000000000000e+00 2.731412700900840207e+00
-3.487811000000003503e+01 4.408951110830203746e-01 0.000000000000000000e+00 3.020063698488708148e+00
-3.530474200000001872e+01 4.462881774800115942e-01 0.000000000000000000e+00 3.250802996034404480e+00
-3.539400000000001256e+01 4.474164902190059245e-01 0.000000000000000000e+00 3.647267587793593169e+00
-3.467777200000003290e+01 4.383626331258101971e-01 0.000000000000000000e+00 2.742796870632514761e+00
-3.423297000000002299e+01 4.327398792781976811e-01 0.000000000000000000e+00 2.842798654815036574e+00
-3.514522600000002228e+01 4.442717315045984217e-01 0.000000000000000000e+00 3.632043686345084677e+00
-3.500511800000001728e+01 4.425006225705529483e-01 0.000000000000000000e+00 2.909025881192965013e+00
-3.547757000000002847e+01 4.484729007995452710e-01 0.000000000000000000e+00 3.184326763266063676e+00
-3.427890000000001436e+01 4.333204816231079892e-01 0.000000000000000000e+00 2.644040708285465779e+00
-3.509292600000003404e+01 4.436106058211931047e-01 0.000000000000000000e+00 2.390502026417687276e+00
-3.504955000000001775e+01 4.430622886578392539e-01 0.000000000000000000e+00 2.957372310912769642e+00
-3.560385200000001760e+01 4.500692349018742267e-01 0.000000000000000000e+00 2.790578075751446896e+00
-3.487653200000001874e+01 4.408751635432799354e-01 0.000000000000000000e+00 2.841855463554283645e+00
-3.529851200000000944e+01 4.462094238852196137e-01 0.000000000000000000e+00 2.529330887975048014e+00
-3.553844600000002174e+01 4.492424359257974342e-01 0.000000000000000000e+00 3.287355585533973557e+00
-3.545059000000000538e+01 4.481318459058876158e-01 0.000000000000000000e+00 3.105934071558616782e+00
-3.486473800000003109e+01 4.407260752773128898e-01 0.000000000000000000e+00 2.795819208717606585e+00
-3.534598400000000851e+01 4.468095186929179619e-01 0.000000000000000000e+00 2.872929391725878023e+00
-3.403436400000003204e+01 4.302292955788014073e-01 0.000000000000000000e+00 2.204327195071850820e+00
-3.484445000000001613e+01 4.404696141326677750e-01 0.000000000000000000e+00 2.236352903860672203e+00
-3.436067600000002642e+01 4.343542142021935559e-01 0.000000000000000000e+00 2.746170013685359290e+00
-3.507714800000002242e+01 4.434111557058436071e-01 0.000000000000000000e+00 2.901510134586310574e+00
-3.451005400000001089e+01 4.362425054514427747e-01 0.000000000000000000e+00 2.759452625102641221e+00
-3.501654800000002865e+01 4.426451095028919869e-01 0.000000000000000000e+00 2.573159737765334132e+00
-3.396604400000001789e+01 4.293656606516451091e-01 0.000000000000000000e+00 2.783495915132550902e+00
-3.490107000000002557e+01 4.411853490503431785e-01 0.000000000000000000e+00 2.743304490643326599e+00
-3.458041400000002596e+01 4.371319280725597944e-01 0.000000000000000000e+00 2.973469966592274361e+00
-3.555200800000001493e+01 4.494138735265305606e-01 0.000000000000000000e+00 2.287980805955373675e+00
-3.414727600000001217e+01 4.316566191574757183e-01 0.000000000000000000e+00 1.931561720637034352e+00
-3.521202600000002292e+01 4.451161520715484765e-01 0.000000000000000000e+00 2.846672190989600892e+00
-3.461582200000000853e+01 4.375795215371489078e-01 0.000000000000000000e+00 2.933735380835094553e+00
-3.361623800000000983e+01 4.249437537528048536e-01 0.000000000000000000e+00 3.157404140367862766e+00
-3.511815800000001531e+01 4.439295642006132470e-01 0.000000000000000000e+00 2.776575806625015019e+00
-3.550966200000002715e+01 4.488785766204219096e-01 0.000000000000000000e+00 2.759078846383628658e+00
-3.429650200000002513e+01 4.335429889707047568e-01 0.000000000000000000e+00 2.375349182793549119e+00
-3.432036400000002629e+01 4.338446291438868285e-01 0.000000000000000000e+00 2.723129207568959487e+00
-3.493829600000002955e+01 4.416559239010211524e-01 0.000000000000000000e+00 3.093558125711484585e+00
-3.461136000000003321e+01 4.375231172771232857e-01 0.000000000000000000e+00 3.205198136298174294e+00
-3.494174800000001824e+01 4.416995607243310307e-01 0.000000000000000000e+00 2.709117478892416386e+00
-3.439507800000001936e+01 4.347890907941727168e-01 0.000000000000000000e+00 3.129935539775136721e+00
-3.497348200000000418e+01 4.421007110577379051e-01 0.000000000000000000e+00 2.911996613675326362e+00
-3.520321600000002604e+01 4.450047846285121733e-01 0.000000000000000000e+00 3.066124554874449348e+00
-3.444153400000000431e+01 4.353763423189963566e-01 0.000000000000000000e+00 2.922654737181885398e+00
-3.551598000000001321e+01 4.489584426255413541e-01 0.000000000000000000e+00 2.853440986499343079e+00
-3.414073000000000491e+01 4.315738709983251153e-01 0.000000000000000000e+00 2.603287233421808011e+00
-3.527106200000000058e+01 4.458624277091299826e-01 0.000000000000000000e+00 2.675821832738797479e+00
-3.499383200000001892e+01 4.423579559460230626e-01 0.000000000000000000e+00 2.472731076265939354e+00
-3.480650600000003436e+01 4.399899630249980431e-01 0.000000000000000000e+00 3.129588157428250028e+00
-3.570782200000002149e+01 4.513835224220209552e-01 0.000000000000000000e+00 2.727428177560966116e+00
-3.465147000000001754e+01 4.380301488480866645e-01 0.000000000000000000e+00 2.885855796025598607e+00
-3.467251800000001083e+01 4.382962171728345679e-01 0.000000000000000000e+00 3.465259230857983930e+00
-3.503573000000000803e+01 4.428875896722814787e-01 0.000000000000000000e+00 2.823552899676704531e+00
-3.465424000000002280e+01 4.380651644913569620e-01 0.000000000000000000e+00 2.713338027916421424e+00
-3.543525800000003301e+01 4.479380336883359015e-01 0.000000000000000000e+00 2.748351633111796755e+00
-3.520610000000003481e+01 4.450412413487979668e-01 0.000000000000000000e+00 2.897821191826365439e+00
-3.521373600000003279e+01 4.451377682267804170e-01 0.000000000000000000e+00 2.830992950460950119e+00
