-2.337150400000001227e+01 3.006623150408963552e-01 0.000000000000000000e+00 2.377746168624414125e+00
-2.402426800000002061e+01 3.090597863981251470e-01 0.000000000000000000e+00 2.393883588677062857e+00
-2.354826000000002750e+01 3.029361895916044545e-01 0.000000000000000000e+00 2.387882159503849522e+00
-2.421766000000001284e+01 3.115476744874148274e-01 0.000000000000000000e+00 2.708847467992335112e+00
-2.305139800000002026e+01 2.965443168573614341e-01 0.000000000000000000e+00 2.399955503206193885e+00
-2.375903800000001809e+01 3.056477395816987186e-01 0.000000000000000000e+00 2.858975990401620759e+00
-2.283523800000001103e+01 2.937635302199570475e-01 0.000000000000000000e+00 2.751130697752683929e+00
-2.410255400000000492e+01 3.100668953114105730e-01 0.000000000000000000e+00 3.152873855287834370e+00
-2.260285200000001637e+01 2.907740044819860370e-01 0.000000000000000000e+00 2.551119200556984268e+00
-2.263068400000001290e+01 2.911320487718279670e-01 0.000000000000000000e+00 2.234532622214635111e+00
-2.301101000000000596e+01 2.960247461194288054e-01 0.000000000000000000e+00 1.985149469552518697e+00
-2.404409200000002045e+01 3.093148119083948266e-01 0.000000000000000000e+00 3.453282782409932583e+00
-2.305352600000002283e+01 2.965716924771079066e-01 0.000000000000000000e+00 3.058808781493445039e+00
-2.420822799999999830e+01 3.114263366841023006e-01 0.000000000000000000e+00 3.071292919470215210e+00
-2.310455600000003074e+01 2.972281670427387446e-01 0.000000000000000000e+00 2.560587466145574975e+00
-2.376921800000000928e+01 3.057787000182676795e-01 0.000000000000000000e+00 3.266454278203189343e+00
-2.218178000000000338e+01 2.853571309115515708e-01 0.000000000000000000e+00 2.428201994576367095e+00
-2.340169200000001481e+01 3.010506680526005008e-01 0.000000000000000000e+00 2.574822476088340917e+00
-2.380555400000001143e+01 3.062461438712317796e-01 0.000000000000000000e+00 2.824520152236106085e+00
-2.439318000000002584e+01 3.138056485371799598e-01 0.000000000000000000e+00 2.144157773009149448e+00
-2.460340600000001388e+01 3.165100973326782641e-01 0.000000000000000000e+00 2.294740576073640792e+00
-2.396220800000000750e+01 3.082614165854061228e-01 0.000000000000000000e+00 2.436683335833212727e+00
-2.493768800000001562e+01 3.208104624267048011e-01 0.000000000000000000e+00 2.726535649266891959e+00
-2.439147600000001148e+01 3.137837274582098712e-01 0.000000000000000000e+00 2.183979252830007489e+00
-2.406116800000000922e+01 3.095344858194805093e-01 0.000000000000000000e+00 2.557474104211640231e+00
-2.479081400000002233e+01 3.189210043559141949e-01 0.000000000000000000e+00 2.779167609159624241e+00
-2.481958600000000814e+01 3.192911412597417287e-01 0.000000000000000000e+00 2.279867151234205025e+00
-2.540803800000000123e+01 3.268612719886175300e-01 0.000000000000000000e+00 2.604482404336994517e+00
-2.590509400000001961e+01 3.332556404325556221e-01 0.000000000000000000e+00 2.635330264309169390e+00
-2.474888000000001753e+01 3.183815451273199759e-01 0.000000000000000000e+00 2.665930540973063145e+00
-2.581357400000000624e+01 3.320782829517299750e-01 0.000000000000000000e+00 2.964976361314801245e+00
-2.541725600000003027e+01 3.269798567925760180e-01 0.000000000000000000e+00 1.959797091141959102e+00
-2.653327000000002300e+01 3.413367998826761784e-01 0.000000000000000000e+00 2.658354294949178964e+00
-2.743065600000003457e+01 3.528812067914182671e-01 0.000000000000000000e+00 2.373793417965378794e+00
-2.737675600000002163e+01 3.521878111596819516e-01 0.000000000000000000e+00 2.579355911863395079e+00
-2.776327000000002698e+01 3.571601139278614556e-01 0.000000000000000000e+00 3.201033327400905293e+00
-2.619156399999999607e+01 3.369409288671278424e-01 0.000000000000000000e+00 2.915516580230680610e+00
-2.874353600000001663e+01 3.697707291846235589e-01 0.000000000000000000e+00 2.451577534235390488e+00
-2.894114800000001964e+01 3.723129053920196108e-01 0.000000000000000000e+00 2.604414493166973266e+00
-3.005085400000000817e+01 3.865886993235855829e-01 0.000000000000000000e+00 2.770374805238271509e+00
-2.884755000000001957e+01 3.711088155155958246e-01 0.000000000000000000e+00 2.341233792902858379e+00
-3.041306200000001780e+01 3.912483179688527324e-01 0.000000000000000000e+00 2.851089970512251881e+00
-2.991186400000000845e+01 3.848006648364796778e-01 0.000000000000000000e+00 2.299230124269311837e+00
-3.056627400000001415e+01 3.932193111326664492e-01 0.000000000000000000e+00 2.680902257235896702e+00
-3.126768800000002457e+01 4.022426395860727033e-01 0.000000000000000000e+00 2.787226733383720845e+00
-3.145092000000001420e+01 4.045998245284525563e-01 0.000000000000000000e+00 2.756432266169404510e+00
-3.248504600000002540e+01 4.179033208376325415e-01 0.000000000000000000e+00 3.145880082588057292e+00
-3.191436800000000318e+01 4.105618434289507457e-01 0.000000000000000000e+00 2.740822954157448255e+00
-3.347346600000001615e+01 4.306188330884795357e-01 0.000000000000000000e+00 2.788912539390160816e+00
-3.205491400000002500e+01 4.123698950515483075e-01 0.000000000000000000e+00 2.599085201032520942e+00
-3.468940000000003465e+01 4.462611953162994860e-01 0.000000000000000000e+00 2.258609632566733083e+00
-3.554813800000000867e+01 4.573084156874652195e-01 0.000000000000000000e+00 2.369650170438368342e+00
-3.443774000000001934e+01 4.430237195336884648e-01 0.000000000000000000e+00 2.913182498210296956e+00
-3.470005800000001983e+01 4.463983049757249688e-01 0.000000000000000000e+00 2.659919574282749721e+00
-3.521155800000002500e+01 4.529784880115886314e-01 0.000000000000000000e+00 2.696050728668048624e+00
-3.368962000000003343e+01 4.333995425389862155e-01 0.000000000000000000e+00 2.247420394293615065e+00
-3.503999199999999803e+01 4.507713801274612631e-01 0.000000000000000000e+00 2.415406103658744641e+00
-3.529741400000003182e+01 4.540829810609085526e-01 0.000000000000000000e+00 2.578202675540783417e+00
-3.481048600000001869e+01 4.478189041004255189e-01 0.000000000000000000e+00 2.616476194149202517e+00
-3.585015000000002772e+01 4.611936439162577228e-01 0.000000000000000000e+00 2.958440650328336918e+00
-3.676248400000000771e+01 4.729303491163387441e-01 0.000000000000000000e+00 2.534073818921108945e+00
-3.668029400000004614e+01 4.718730172615638319e-01 0.000000000000000000e+00 2.360425622029924231e+00
-3.626521800000002571e+01 4.665332791309787508e-01 0.000000000000000000e+00 2.758350762569854453e+00
-3.662302000000002522e+01 4.711362168643082882e-01 0.000000000000000000e+00 2.705531194655224070e+00
-3.443122000000000327e+01 4.429398431047658069e-01 0.000000000000000000e+00 2.505163788915393486e+00
-3.652227000000002022e+01 4.698401202057290726e-01 0.000000000000000000e+00 2.274507927669257690e+00
-3.742454600000001363e+01 4.814474344361627245e-01 0.000000000000000000e+00 2.389023445281575508e+00
-3.759056000000001063e+01 4.835831187108760032e-01 0.000000000000000000e+00 2.879820587144521493e+00
-3.705649400000000782e+01 4.767126357524565372e-01 0.000000000000000000e+00 2.516761933168583099e+00
-3.814198000000002509e+01 4.906768519066453393e-01 0.000000000000000000e+00 2.604308266986638198e+00
-3.870613000000000881e+01 4.979343499705404241e-01 0.000000000000000000e+00 2.321445424577741168e+00
-3.951583800000001645e+01 5.083508247420029935e-01 0.000000000000000000e+00 2.514431748835413316e+00
-3.964219200000002985e+01 5.099763036223814439e-01 0.000000000000000000e+00 2.489851045631104043e+00
-4.030407000000000295e+01 5.184910218773397528e-01 0.000000000000000000e+00 2.784427038735330928e+00
-3.969833200000001483e+01 5.106985156959558125e-01 0.000000000000000000e+00 2.462758493508751201e+00
-3.987685200000002794e+01 5.129950831946116230e-01 0.000000000000000000e+00 2.262042519337089885e+00
-4.092974800000003910e+01 5.265400458490178126e-01 0.000000000000000000e+00 2.199511135513635640e+00
-4.039165600000004019e+01 5.196177704821870469e-01 0.000000000000000000e+00 2.630321663024075107e+00
-4.012913400000002895e+01 5.162405606856258489e-01 0.000000000000000000e+00 2.313385478419369701e+00
-4.149966200000002914e+01 5.338716947927149015e-01 0.000000000000000000e+00 2.701755654668147599e+00
-4.144863800000004517e+01 5.332152974139822144e-01 0.000000000000000000e+00 2.557152446393638368e+00
-4.120710000000003248e+01 5.301080359279284338e-01 0.000000000000000000e+00 2.780354248848681209e+00
-4.236112000000002809e+01 5.449539065575418340e-01 0.000000000000000000e+00 3.006753654724979352e+00
-4.123127600000002957e+01 5.304190476680554767e-01 0.000000000000000000e+00 2.898832087747328590e+00
-4.174226400000004134e+01 5.369926440886418906e-01 0.000000000000000000e+00 2.846162999354205247e+00
-4.095902200000002580e+01 5.269166407232930283e-01 0.000000000000000000e+00 2.252486894257997641e+00
-4.157581600000000321e+01 5.348513766283219395e-01 0.000000000000000000e+00 2.843444287107244506e+00
-4.038406800000001340e+01 5.195201547854592095e-01 0.000000000000000000e+00 2.221442278644551127e+00
-4.202794800000000919e+01 5.406678210396046458e-01 0.000000000000000000e+00 2.359422554868076283e+00
-4.227614000000003358e+01 5.438606827952982004e-01 0.000000000000000000e+00 2.248546644327657607e+00
-3.941724600000002710e+01 5.070824896376593394e-01 0.000000000000000000e+00 2.098658240300168121e+00
-4.194588800000001072e+01 5.396121615676146011e-01 0.000000000000000000e+00 2.923155671920123488e+00
-4.174101399999999984e+01 5.369765634849369418e-01 0.000000000000000000e+00 2.264590174220439067e+00
-4.110556400000000110e+01 5.288018277857394756e-01 0.000000000000000000e+00 2.172559426324889298e+00
-4.134638800000001169e+01 5.318999040309572157e-01 0.000000000000000000e+00 2.220828302264128862e+00
-4.106446000000002527e+01 5.282730460780054038e-01 0.000000000000000000e+00 2.560229076950858662e+00
-4.040758200000002631e+01 5.198226502378645586e-01 0.000000000000000000e+00 2.791391107680248673e+00
-4.100492000000001980e+01 5.275070947623546891e-01 0.000000000000000000e+00 2.589617448601436056e+00
-4.114154200000001538e+01 5.292646661538027431e-01 0.000000000000000000e+00 2.515775247351773825e+00
-4.049461000000004418e+01 5.209422204612179641e-01 0.000000000000000000e+00 2.219910549180672987e+00
-4.070984200000001607e+01 5.237110688584316609e-01 0.000000000000000000e+00 2.794647697034711165e+00
-4.101350200000000967e+01 5.276174977551478795e-01 0.000000000000000000e+00 2.201044382866800486e+00
-4.184506200000001286e+01 5.383150872083301008e-01 0.000000000000000000e+00 3.042846104009012453e+00
-4.120028600000001973e+01 5.300203773410144814e-01 0.000000000000000000e+00 2.168348736955046707e+00
-4.105528200000001959e+01 5.281549758533656824e-01 0.000000000000000000e+00 2.299194802946229022e+00
-4.212858200000001574e+01 5.419624254181601986e-01 0.000000000000000000e+00 2.190215785890430755e+00
-4.114518600000003801e+01 5.293115443297222722e-01 0.000000000000000000e+00 2.289224031074390986e+00
-4.053140600000002536e+01 5.214155819763450772e-01 0.000000000000000000e+00 2.179125618818222421e+00
-4.051070800000002237e+01 5.211493129079651787e-01 0.000000000000000000e+00 2.523413412510998377e+00
-4.029212000000001836e+01 5.183372913059253184e-01 0.000000000000000000e+00 2.465559940582678244e+00
-4.026174200000002656e+01 5.179464940424582942e-01 0.000000000000000000e+00 2.742155284788764025e+00
-4.096595600000002690e+01 5.270058430481623368e-01 0.000000000000000000e+00 2.500058653789521745e+00
-4.086263200000001206e+01 5.256766332104347850e-01 0.000000000000000000e+00 2.778487828060944853e+00
-4.223096200000001943e+01 5.432794911839700092e-01 0.000000000000000000e+00 2.444279061370559614e+00
-4.184587600000002539e+01 5.383255588974626971e-01 0.000000000000000000e+00 2.584537710694900348e+00
-4.111287200000003850e+01 5.288958414272376674e-01 0.000000000000000000e+00 2.417244788784340237e+00
-4.164752400000001131e+01 5.357738629726733759e-01 0.000000000000000000e+00 2.268880170681813357e+00
-4.147134200000001414e+01 5.335073726351865497e-01 0.000000000000000000e+00 2.338901833533218344e+00
-4.129399000000001507e+01 5.312258308526324191e-01 0.000000000000000000e+00 2.159521173895975199e+00
-4.062489400000001183e+01 5.226182567596426853e-01 0.000000000000000000e+00 2.280899285605295645e+00
-4.129024000000001848e+01 5.311775890415190160e-01 0.000000000000000000e+00 2.064655717625394349e+00
-4.055085600000002444e+01 5.216657961699864288e-01 0.000000000000000000e+00 2.011784386318360429e+00
-4.141114600000004486e+01 5.327329822187122366e-01 0.000000000000000000e+00 3.193870297468972996e+00
-4.190855600000001857e+01 5.391319046896188016e-01 0.000000000000000000e+00 2.581439010731272798e+00
-4.273551800000001322e+01 5.497703432501346299e-01 0.000000000000000000e+00 2.539099207659951229e+00
-4.130723800000001944e+01 5.313962595229337893e-01 0.000000000000000000e+00 2.782577495005868151e+00
-4.147121400000001756e+01 5.335057259813672514e-01 0.000000000000000000e+00 1.955540241406863888e+00
-4.217352000000002477e+01 5.425405295535770112e-01 0.000000000000000000e+00 2.533820423029543356e+00
-4.239488400000001178e+01 5.453882629603234999e-01 0.000000000000000000e+00 2.282403764274795854e+00
-4.244322600000003121e+01 5.460101577957484631e-01 0.000000000000000000e+00 2.592708337035489752e+00
-4.253648600000002489e+01 5.472098994769304392e-01 0.000000000000000000e+00 2.540671290002392890e+00
-4.199380400000002567e+01 5.402285761332968894e-01 0.000000000000000000e+00 2.341757205191145275e+00
-4.143769600000003805e+01 5.330745342413947263e-01 0.000000000000000000e+00 2.472909041362525873e+00
-4.292772200000003835e+01 5.522429483336639411e-01 0.000000000000000000e+00 2.310036893823179227e+00
-4.229467400000003607e+01 5.440991131225448862e-01 0.000000000000000000e+00 2.214035913435877578e+00
-4.300525000000001796e+01 5.532403059688629776e-01 0.000000000000000000e+00 2.157179915767319489e+00
-4.279801400000002332e+01 5.505743219774257291e-01 0.000000000000000000e+00 2.552559136881410229e+00
-4.371742600000001033e+01 5.624020819879229638e-01 0.000000000000000000e+00 2.440604953265282262e+00
-4.396782600000003782e+01 5.656233485220000246e-01 0.000000000000000000e+00 2.443235469478365562e+00
-4.394801400000002189e+01 5.653684773855256473e-01 0.000000000000000000e+00 2.045620411929107263e+00
-4.399400000000003530e+01 5.659600634990883394e-01 0.000000000000000000e+00 2.168723061242176620e+00
-4.433210800000002649e+01 5.703096481049333422e-01 0.000000000000000000e+00 2.368390065030963942e+00
-4.423520400000004571e+01 5.690630282478322810e-01 0.000000000000000000e+00 2.343000127175292047e+00
-4.314433800000003316e+01 5.550296011752995362e-01 0.000000000000000000e+00 2.517100656089233279e+00
-4.412185400000001323e+01 5.676048391039116847e-01 0.000000000000000000e+00 2.772380451664546719e+00
-4.360312400000001531e+01 5.609316458562215724e-01 0.000000000000000000e+00 2.313112459943846844e+00
-4.338502400000002268e+01 5.581259021218680783e-01 0.000000000000000000e+00 2.480597086525905492e+00
-4.335059600000003144e+01 5.576830037023985387e-01 0.000000000000000000e+00 2.601860921753016420e+00
-4.365058000000004057e+01 5.615421427597407922e-01 0.000000000000000000e+00 2.207838643734563178e+00
-4.364292200000003419e+01 5.614436265492057654e-01 0.000000000000000000e+00 2.210905881507588600e+00
-4.389956200000003150e+01 5.647451674569751168e-01 0.000000000000000000e+00 2.334588687532678453e+00
-4.288818400000001674e+01 5.517343124062502602e-01 0.000000000000000000e+00 2.430404490869033207e+00
-4.381137000000001791e+01 5.636106229754521690e-01 0.000000000000000000e+00 2.207597505287939299e+00
-4.401662400000002862e+01 5.662511095616559187e-01 0.000000000000000000e+00 2.381548747642587838e+00
-4.355548400000000697e+01 5.603187818878372362e-01 0.000000000000000000e+00 2.283128474982686562e+00
-4.376226200000002819e+01 5.629788739460775959e-01 0.000000000000000000e+00 2.462160418785571903e+00
-4.403137800000001079e+01 5.664409121433001681e-01 0.000000000000000000e+00 2.038510986166920613e+00
-4.350067200000000867e+01 5.596136538476382816e-01 0.000000000000000000e+00 1.822422858274005630e+00
-4.396312200000004822e+01 5.655628339941395355e-01 0.000000000000000000e+00 2.171892865429841724e+00
-4.410188000000002972e+01 5.673478839211977265e-01 0.000000000000000000e+00 2.340153701418482779e+00
-4.337686800000001597e+01 5.580209793988171185e-01 0.000000000000000000e+00 2.083743405793495818e+00
-4.332738400000001633e+01 5.573843933238481485e-01 0.000000000000000000e+00 2.234161939398884744e+00
-4.292099200000004089e+01 5.521563703633192155e-01 0.000000000000000000e+00 2.640469903071470448e+00
-4.391246200000003341e+01 5.649111192872051657e-01 0.000000000000000000e+00 2.092025090274825860e+00
-4.406249800000003347e+01 5.668412548531266415e-01 0.000000000000000000e+00 2.345525391811464022e+00
-4.332331800000002886e+01 5.573320863361184152e-01 0.000000000000000000e+00 2.359103436973333690e+00
-4.366446000000001249e+01 5.617207017832747118e-01 0.000000000000000000e+00 2.270953326004057082e+00
-4.351616600000001966e+01 5.598129761466759113e-01 0.000000000000000000e+00 1.981234957396038165e+00
-4.405211800000003564e+01 5.667077215199648466e-01 0.000000000000000000e+00 2.528753651899678268e+00
-4.453782600000004521e+01 5.729561038112322979e-01 0.000000000000000000e+00 2.606257502360444178e+00
-4.439163200000002973e+01 5.710753935888566168e-01 0.000000000000000000e+00 2.342342141113540332e+00
-4.400020600000004123e+01 5.660399004803603473e-01 0.000000000000000000e+00 2.501598663393252764e+00
-4.462449000000004418e+01 5.740709913627867200e-01 0.000000000000000000e+00 2.133966513113762620e+00
-4.310878000000002430e+01 5.545721658900809592e-01 0.000000000000000000e+00 2.112669963851812049e+00
-4.395543400000001810e+01 5.654639318491152533e-01 0.000000000000000000e+00 2.788451632920204482e+00
-4.485291800000000961e+01 5.770095994771875514e-01 0.000000000000000000e+00 2.048808477789621385e+00
-4.402813000000001153e+01 5.663991283026345025e-01 0.000000000000000000e+00 2.388465180378141373e+00
-4.460322200000000947e+01 5.737973895391171864e-01 0.000000000000000000e+00 2.056743618008375130e+00
-4.552377800000004981e+01 5.856398665181253849e-01 0.000000000000000000e+00 2.709589003669014229e+00
-4.481587200000002724e+01 5.765330218413194929e-01 0.000000000000000000e+00 2.921572350085453351e+00
-4.452484800000001997e+01 5.727891485513307845e-01 0.000000000000000000e+00 2.272730740915656966e+00
-4.470615800000003048e+01 5.751216079574549278e-01 0.000000000000000000e+00 2.249018243148809937e+00
-4.471828800000002246e+01 5.752776541358028961e-01 0.000000000000000000e+00 2.576683203415513823e+00
-4.457161600000002011e+01 5.733907946905708597e-01 0.000000000000000000e+00 2.234006663885958144e+00
-4.452631200000002565e+01 5.728079821543895500e-01 0.000000000000000000e+00 2.227207556935978161e+00
-4.410947200000002510e+01 5.674455510758570354e-01 0.000000000000000000e+00 2.112658999674356330e+00
-4.475261000000003975e+01 5.757191889200785617e-01 0.000000000000000000e+00 2.160611066832994531e+00
-4.525503600000001825e+01 5.821826396375305857e-01 0.000000000000000000e+00 2.361545868706352636e+00
-4.570951400000002707e+01 5.880292641258458852e-01 0.000000000000000000e+00 2.050535160155598113e+00
-4.459586600000003642e+01 5.737027584024374516e-01 0.000000000000000000e+00 2.465940808690191499e+00
-4.498538800000003590e+01 5.787137575353713537e-01 0.000000000000000000e+00 2.521885158884523914e+00
-4.448133400000001814e+01 5.722293634396542483e-01 0.000000000000000000e+00 2.900673298231765340e+00
-4.490881400000002088e+01 5.777286726169190700e-01 0.000000000000000000e+00 2.518083741718505575e+00
-4.411023400000001260e+01 5.674553538118750629e-01 0.000000000000000000e+00 2.112534774669013071e+00
-4.562496800000001684e+01 5.869416235492080913e-01 0.000000000000000000e+00 2.501886424235467921e+00
-4.475663400000004088e+01 5.757709555995239592e-01 0.000000000000000000e+00 2.608393047480662030e+00
-4.464856400000000747e+01 5.743806909256510274e-01 0.000000000000000000e+00 1.936622451772959996e+00
-4.465912400000001981e+01 5.745165398657464673e-01 0.000000000000000000e+00 2.342664811192586960e+00
-4.466315600000000785e+01 5.745684094610554737e-01 0.000000000000000000e+00 2.321670245263399490e+00
-4.449340400000003370e+01 5.723846377490245940e-01 0.000000000000000000e+00 2.534843848234705543e+00
-4.446862200000001764e+01 5.720658301322213424e-01 0.000000000000000000e+00 2.313917779441647227e+00
-4.506962600000002084e+01 5.797974358512559823e-01 0.000000000000000000e+00 2.282753138169395513e+00
-4.512045800000002060e+01 5.804513632492599440e-01 0.000000000000000000e+00 1.853983795881155805e+00
-4.495909800000001866e+01 5.783755502782589319e-01 0.000000000000000000e+00 2.582185209499421763e+00
-4.470168799999999720e+01 5.750641037186073889e-01 0.000000000000000000e+00 2.528853992585206711e+00
-4.572176800000003993e+01 5.881869055000815694e-01 0.000000000000000000e+00 2.821842844770384495e+00
-4.440198400000002721e+01 5.712085667164954472e-01 0.000000000000000000e+00 1.864804052463649331e+00
-4.437677000000002181e+01 5.708842016430519806e-01 0.000000000000000000e+00 2.565604280622300948e+00
-4.484853200000003426e+01 5.769531758549096834e-01 0.000000000000000000e+00 2.827061611805702590e+00
-4.524606400000003248e+01 5.820672194963816271e-01 0.000000000000000000e+00 1.726676414592818842e+00
-4.511236800000001779e+01 5.803472895820845912e-01 0.000000000000000000e+00 2.589593817487930938e+00
-4.417847000000001856e+01 5.683331746713770061e-01 0.000000000000000000e+00 2.241259756399637926e+00
-4.454796800000003998e+01 5.730865753974486720e-01 0.000000000000000000e+00 2.531158235892665420e+00
-4.433842600000000544e+01 5.703909259082968752e-01 0.000000000000000000e+00 2.672038023478171098e+00
-4.366344000000002268e+01 5.617075800106520189e-01 0.000000000000000000e+00 2.412423874006968116e+00
-4.358431000000001632e+01 5.606896134737450188e-01 0.000000000000000000e+00 2.719373993823362756e+00
-4.403882200000002456e+01 5.665366753544811562e-01 0.000000000000000000e+00 2.431516339282543182e+00
-4.450021400000001393e+01 5.724722448780062978e-01 0.000000000000000000e+00 2.050607461070494519e+00
-4.583310600000002921e+01 5.896192113042788563e-01 0.000000000000000000e+00 2.434263882088465003e+00
-4.465902200000001443e+01 5.745152276884841758e-01 0.000000000000000000e+00 2.105533873400369682e+00
-4.483974200000002241e+01 5.768400970496597724e-01 0.000000000000000000e+00 2.034700228742416961e+00
-4.672532600000003811e+01 6.010971602940310410e-01 0.000000000000000000e+00 2.229008450601416058e+00
-4.619686000000001513e+01 5.942987184402073186e-01 0.000000000000000000e+00 2.385367343372563287e+00
-4.642485600000003387e+01 5.972317690979686011e-01 0.000000000000000000e+00 2.164921134463905883e+00
-4.607261200000004209e+01 5.927003321609506381e-01 0.000000000000000000e+00 2.572996790337459316e+00
-4.672285000000002952e+01 6.010653078342131916e-01 0.000000000000000000e+00 2.359271839621776667e+00
-4.650913200000004366e+01 5.983159362642060941e-01 0.000000000000000000e+00 2.320225885767559948e+00
-4.710733000000004012e+01 6.060114442440448501e-01 0.000000000000000000e+00 2.078520785670580295e+00
-4.633815400000000295e+01 5.961163926960612036e-01 0.000000000000000000e+00 1.961268532364817130e+00
-4.603845400000002286e+01 5.922609071518809554e-01 0.000000000000000000e+00 2.690662548703188772e+00
-4.732953800000000655e+01 6.088700352744123023e-01 0.000000000000000000e+00 2.063056570207115303e+00
-4.822708600000002122e+01 6.204165262293945826e-01 0.000000000000000000e+00 2.100806860723908542e+00
-4.787304600000002353e+01 6.158619846809739728e-01 0.000000000000000000e+00 2.025172536329443496e+00
-4.703313200000003746e+01 6.050569253371141931e-01 0.000000000000000000e+00 1.755797533533874022e+00
-4.768486800000002290e+01 6.134411720058561279e-01 0.000000000000000000e+00 2.332593866067593336e+00
-4.734691000000002248e+01 6.090935170724556258e-01 0.000000000000000000e+00 2.286710122279020485e+00
-4.733951000000001841e+01 6.089983198985251533e-01 0.000000000000000000e+00 1.905445394922222313e+00
-4.827509800000002826e+01 6.210341757854414002e-01 0.000000000000000000e+00 2.499622118430194551e+00
-4.802863400000002514e+01 6.178635438563091498e-01 0.000000000000000000e+00 1.861036879894450768e+00
-4.749916200000002675e+01 6.110521603326244389e-01 0.000000000000000000e+00 2.213387356897279723e+00
-4.775459200000004500e+01 6.143381352160081077e-01 0.000000000000000000e+00 2.295765106930145016e+00
-4.679335600000003836e+01 6.019723310700424435e-01 0.000000000000000000e+00 1.954081401813427599e+00
-4.743954800000003047e+01 6.102852570452345082e-01 0.000000000000000000e+00 1.994747061987832915e+00
-4.815246600000001820e+01 6.194565785106532774e-01 0.000000000000000000e+00 2.314292520915987250e+00
-4.780414800000003339e+01 6.149756475337503359e-01 0.000000000000000000e+00 2.025952086268217656e+00
-4.757185600000003944e+01 6.119873310571779523e-01 0.000000000000000000e+00 2.064936042559823992e+00
-4.637023600000004109e+01 5.965291110384987050e-01 0.000000000000000000e+00 1.661624337172162624e+00
-4.742059800000001957e+01 6.100414750930747143e-01 0.000000000000000000e+00 2.463456765430940720e+00
-4.789814000000002636e+01 6.161848060164617502e-01 0.000000000000000000e+00 2.181796886268126290e+00
-4.741404200000003044e+01 6.099571355427657604e-01 0.000000000000000000e+00 2.046338765223531198e+00
-4.768688600000002253e+01 6.134671325324766444e-01 0.000000000000000000e+00 2.281285053817632136e+00
-4.828561000000001968e+01 6.211694072303541869e-01 0.000000000000000000e+00 1.840876783278044604e+00
-4.847921000000004454e+01 6.236599711321008099e-01 0.000000000000000000e+00 2.273912979931956180e+00
-4.784412200000002713e+01 6.154898923757358142e-01 0.000000000000000000e+00 2.133914795548928822e+00
-4.795755400000003732e+01 6.169491364072591244e-01 0.000000000000000000e+00 2.041573413599214515e+00
-4.861145200000002120e+01 6.253611960881683141e-01 0.000000000000000000e+00 2.153434159684704863e+00
-4.830347200000002772e+01 6.213991926250495013e-01 0.000000000000000000e+00 2.121225128855701580e+00
-4.802268600000001442e+01 6.177870259116416962e-01 0.000000000000000000e+00 2.180127583191850960e+00
-4.784851000000000454e+01 6.155463417269796400e-01 0.000000000000000000e+00 2.262187200923080788e+00
-4.839221800000001394e+01 6.225408640301338670e-01 0.000000000000000000e+00 2.231367493757578924e+00
-4.756758400000001075e+01 6.119323739859572342e-01 0.000000000000000000e+00 2.194564823786715024e+00
-4.792949800000003080e+01 6.165882104732332003e-01 0.000000000000000000e+00 2.064529761802841534e+00
-4.887872200000004597e+01 6.287994864498406278e-01 0.000000000000000000e+00 1.900632684430969555e+00
-4.900802000000002323e+01 6.304628383680633830e-01 0.000000000000000000e+00 1.869367167268272789e+00
-4.811536400000002089e+01 6.189792804637391788e-01 0.000000000000000000e+00 2.207591424901122590e+00
-4.962710200000005045e+01 6.384270082101136667e-01 0.000000000000000000e+00 2.658474876291808453e+00
-4.843921600000001604e+01 6.231454690004555319e-01 0.000000000000000000e+00 2.735925092258280955e+00
-4.841132000000001767e+01 6.227866013837040082e-01 0.000000000000000000e+00 1.997621115125678859e+00
-4.897993000000003150e+01 6.301014750416169541e-01 0.000000000000000000e+00 2.222170328027911257e+00
-4.864192800000002848e+01 6.257532540709659363e-01 0.000000000000000000e+00 2.189083788516893225e+00
-4.838228400000001272e+01 6.224130682563738803e-01 0.000000000000000000e+00 2.317041725590036183e+00
-4.960672200000004750e+01 6.381648300473161672e-01 0.000000000000000000e+00 2.528489543588496424e+00
-4.973821600000002974e+01 6.398564323701270151e-01 0.000000000000000000e+00 2.008988782604398171e+00
-4.882228000000002766e+01 6.280733893024108561e-01 0.000000000000000000e+00 2.151741905404723099e+00
-4.860644800000002874e+01 6.252968222154187128e-01 0.000000000000000000e+00 2.168616425676318737e+00
-5.062784000000002749e+01 6.513009851621056612e-01 0.000000000000000000e+00 2.063147958775128910e+00
-5.064680400000002436e+01 6.515449472170267153e-01 0.000000000000000000e+00 2.375144656601323678e+00
-5.025592400000002158e+01 6.465164781162282548e-01 0.000000000000000000e+00 2.213417941205068740e+00
-5.060323200000003396e+01 6.509844159653382922e-01 0.000000000000000000e+00 2.629069470090438010e+00
-5.027539600000002196e+01 6.467669753284948087e-01 0.000000000000000000e+00 2.512585714379720336e+00
-4.966784200000001448e+01 6.389511072460488661e-01 0.000000000000000000e+00 2.281918299212044143e+00
-5.115556200000002463e+01 6.580898558406041987e-01 0.000000000000000000e+00 2.205387277691158499e+00
-5.122005800000003717e+01 6.589195635338224166e-01 0.000000000000000000e+00 2.193406811202678330e+00
-5.099171000000004028e+01 6.559819845780583414e-01 0.000000000000000000e+00 2.217711624352426192e+00
-5.094730000000003400e+01 6.554106728896462730e-01 0.000000000000000000e+00 2.146219413129265785e+00
-5.120545400000001024e+01 6.587316906246222237e-01 0.000000000000000000e+00 1.970091204955350284e+00
-5.119788800000002738e+01 6.586343579465201437e-01 0.000000000000000000e+00 2.136632854328974762e+00
-5.150474400000003072e+01 6.625819017307879033e-01 0.000000000000000000e+00 1.954508963020966217e+00
-5.145399800000001278e+01 6.619290806783185710e-01 0.000000000000000000e+00 2.320913835434462946e+00
-5.145603400000004513e+01 6.619552727656328184e-01 0.000000000000000000e+00 1.939816762991761978e+00
-5.235688600000003845e+01 6.735442679723263604e-01 0.000000000000000000e+00 1.904273768887427387e+00
-5.177007200000004872e+01 6.659952092665449852e-01 0.000000000000000000e+00 2.306107960278660496e+00
-5.211072000000002191e+01 6.703774696591171534e-01 0.000000000000000000e+00 2.330235235188313325e+00
-5.272672000000004289e+01 6.783019911646736011e-01 0.000000000000000000e+00 2.071905474424326599e+00
-5.246530600000006928e+01 6.749390352152365713e-01 0.000000000000000000e+00 2.213709376864126721e+00
-5.139776800000004897e+01 6.612057108012777684e-01 0.000000000000000000e+00 2.230413601490344622e+00
-5.186540000000000816e+01 6.672215546984952006e-01 0.000000000000000000e+00 2.009247140577582691e+00
-5.385488400000002684e+01 6.928152377227809744e-01 0.000000000000000000e+00 1.883069917793009251e+00
-5.256412200000002599e+01 6.762102519637636089e-01 0.000000000000000000e+00 1.788415620439024911e+00
-5.335191000000003925e+01 6.863447372686649617e-01 0.000000000000000000e+00 1.985574552449072439e+00
-5.304551400000003980e+01 6.824031111465603816e-01 0.000000000000000000e+00 1.849164380706249444e+00
-5.313036200000004783e+01 6.834946367970530234e-01 0.000000000000000000e+00 2.164643519525148996e+00
-5.311267400000001970e+01 6.832670898223931477e-01 0.000000000000000000e+00 2.070475769782531561e+00
-5.255750200000002792e+01 6.761250890865448948e-01 0.000000000000000000e+00 2.148839933873647023e+00
-5.316974400000004408e+01 6.840012658651241084e-01 0.000000000000000000e+00 1.900037964975298532e+00
-5.332585400000005649e+01 6.860095403005664894e-01 0.000000000000000000e+00 2.074822455172704139e+00
-5.334225000000006389e+01 6.862204663632371915e-01 0.000000000000000000e+00 2.100867614207102996e+00
-5.320650200000005015e+01 6.844741385298989123e-01 0.000000000000000000e+00 2.389753684698762815e+00
-5.276837400000002276e+01 6.788378483380377304e-01 0.000000000000000000e+00 1.892060112367500935e+00
-5.292518400000002998e+01 6.808551279115544475e-01 0.000000000000000000e+00 1.958057564321324717e+00
-5.293713400000003588e+01 6.810088584829691039e-01 0.000000000000000000e+00 1.721050509604555856e+00
-5.359361400000005204e+01 6.894541342588906829e-01 0.000000000000000000e+00 2.332401427454527720e+00
-5.293846000000002761e+01 6.810259167873786712e-01 0.000000000000000000e+00 1.959631808645324602e+00
-5.346541400000005240e+01 6.878049075429616410e-01 0.000000000000000000e+00 2.363737651486422120e+00
-5.331470800000003862e+01 6.858661527734543073e-01 0.000000000000000000e+00 2.009736565765209537e+00
-5.264202200000002563e+01 6.772123951866253488e-01 0.000000000000000000e+00 2.181259511030405829e+00
-5.321791800000002581e+01 6.846209994674107291e-01 0.000000000000000000e+00 2.042246135027891984e+00
-5.338366799999998591e+01 6.867532875186210806e-01 0.000000000000000000e+00 1.737983820459148676e+00
-5.346722800000004838e+01 6.878282437150574635e-01 0.000000000000000000e+00 2.203236483823859615e+00
-5.278892800000001984e+01 6.791022649208707795e-01 0.000000000000000000e+00 2.041624266725101222e+00
-5.246028800000002690e+01 6.748744812397248216e-01 0.000000000000000000e+00 2.249785965724676373e+00
-5.303850400000001031e+01 6.823129311209854553e-01 0.000000000000000000e+00 2.490625808742805702e+00
-5.276959400000002631e+01 6.788535430072533128e-01 0.000000000000000000e+00 2.125187737770881213e+00
-5.329207000000001671e+01 6.855749266081249127e-01 0.000000000000000000e+00 2.343475301941131850e+00
-5.303123200000003123e+01 6.822193806008746142e-01 0.000000000000000000e+00 1.836306379383804366e+00
-5.317177600000000837e+01 6.840274064945056631e-01 0.000000000000000000e+00 1.996022642384883472e+00
-5.381375600000001924e+01 6.922861472674554095e-01 0.000000000000000000e+00 2.233539941339664825e+00
-5.315784800000002264e+01 6.838482299757893124e-01 0.000000000000000000e+00 2.004456992414755057e+00
-5.350114400000000359e+01 6.882645555192491438e-01 0.000000000000000000e+00 2.044746130018654462e+00
-5.313688600000003248e+01 6.835785646839072083e-01 0.000000000000000000e+00 2.183684040166243179e+00
-5.375639600000004492e+01 6.915482405246655695e-01 0.000000000000000000e+00 1.935736210006753888e+00
-5.367309200000002534e+01 6.904765776358685603e-01 0.000000000000000000e+00 2.209168802860322689e+00
-5.402943000000002627e+01 6.950606817661394432e-01 0.000000000000000000e+00 1.894640721758469537e+00
-5.386195600000003481e+01 6.929062153462994811e-01 0.000000000000000000e+00 2.135522433197766468e+00
-5.334168199999999160e+01 6.862131593369129590e-01 0.000000000000000000e+00 2.088569368381480107e+00
-5.328697200000001288e+01 6.855093434739766289e-01 0.000000000000000000e+00 2.223675079277091182e+00
-5.499556400000003720e+01 7.074894961496607237e-01 0.000000000000000000e+00 2.185397371513515541e+00
-5.427570000000002892e+01 6.982288179855766774e-01 0.000000000000000000e+00 1.863493363215301235e+00
-5.546587600000002283e+01 7.135398168612208103e-01 0.000000000000000000e+00 2.531573746618828835e+00
-5.509880200000006312e+01 7.088175996418535352e-01 0.000000000000000000e+00 1.861910590242336516e+00
-5.534518600000004085e+01 7.119872024123483634e-01 0.000000000000000000e+00 1.989198974513626039e+00
-5.602753400000003836e+01 7.207652566335710498e-01 0.000000000000000000e+00 1.895542099813574799e+00
-5.579916800000005139e+01 7.178274461171136878e-01 0.000000000000000000e+00 1.941753768517397560e+00
-5.586994800000002215e+01 7.187379942212744899e-01 0.000000000000000000e+00 1.939834503535565080e+00
-5.578555400000005449e+01 7.176523090460478205e-01 0.000000000000000000e+00 2.243129994630743695e+00
-5.611523400000004358e+01 7.218934717894758268e-01 0.000000000000000000e+00 1.844839961645684090e+00
-5.503196800000003464e+01 7.079578147874663330e-01 0.000000000000000000e+00 1.829400769743850796e+00
-5.624461400000001277e+01 7.235578785953015180e-01 0.000000000000000000e+00 2.432582988712561178e+00
-5.582893400000006068e+01 7.182103703170072961e-01 0.000000000000000000e+00 2.113732713443879696e+00
-5.585576800000003317e+01 7.185555758528513470e-01 0.000000000000000000e+00 2.346563116296604967e+00
-5.603222200000003994e+01 7.208255653297043208e-01 0.000000000000000000e+00 2.191101461471058442e+00
-5.621696999999999633e+01 7.232022528282564533e-01 0.000000000000000000e+00 2.386301444270880978e+00
-5.725766200000002470e+01 7.365902173325754587e-01 0.000000000000000000e+00 1.717482959719033753e+00
-5.567633800000000832e+01 7.162473016746985222e-01 0.000000000000000000e+00 1.911865435798769886e+00
-5.581668799999999919e+01 7.180528318586347769e-01 0.000000000000000000e+00 2.055740088574851132e+00
-5.642929399999999163e+01 7.259336913090124188e-01 0.000000000000000000e+00 1.968313744690971534e+00
-5.569746800000004328e+01 7.165191281997190798e-01 0.000000000000000000e+00 1.774349707191370085e+00
-5.601595800000000480e+01 7.206163373787843884e-01 0.000000000000000000e+00 2.198293242319659946e+00
-5.585467400000004545e+01 7.185415021084893272e-01 0.000000000000000000e+00 1.915154223534812683e+00
-5.587220200000004411e+01 7.187669907658746915e-01 0.000000000000000000e+00 1.667885205577966934e+00
-5.592194600000001969e+01 7.194069216064139516e-01 0.000000000000000000e+00 1.992845180899495805e+00
-5.980657000000004331e+01 7.693806008742707370e-01 0.000000000000000000e+00 1.325058987328107785e+00
-6.152166800000004088e+01 7.914444498761155078e-01 0.000000000000000000e+00 1.625780451394767123e+00
-6.152935800000005173e+01 7.915433777501055257e-01 0.000000000000000000e+00 2.027036944303610255e+00
-6.124141600000005781e+01 7.878391527966106533e-01 0.000000000000000000e+00 1.636150905015743229e+00
-6.097358200000003592e+01 7.843936068665469108e-01 0.000000000000000000e+00 1.977668801329873327e+00
-6.152837400000002788e+01 7.915307190988690733e-01 0.000000000000000000e+00 2.136136715190261270e+00
-6.230281800000003756e+01 8.014935407431044156e-01 0.000000000000000000e+00 1.833122446514458215e+00
-6.199235400000003438e+01 7.974995819043041445e-01 0.000000000000000000e+00 1.809208447456366331e+00
-6.200864000000002108e+01 7.977090928738485021e-01 0.000000000000000000e+00 1.600640354181520175e+00
-6.259248000000002321e+01 8.052198926072965390e-01 0.000000000000000000e+00 1.513230839140299100e+00
-6.295341200000007120e+01 8.098630961723026767e-01 0.000000000000000000e+00 1.504946739906616759e+00
-6.211792200000001429e+01 7.991149493010727412e-01 0.000000000000000000e+00 1.653427664194364377e+00
-6.279059000000000168e+01 8.077684753272080798e-01 0.000000000000000000e+00 1.788773930615181085e+00
-6.350605000000002320e+01 8.169724983083207492e-01 0.000000000000000000e+00 1.567767732326843078e+00
-6.340615800000004754e+01 8.156874393761246456e-01 0.000000000000000000e+00 1.430543235460296048e+00
-6.313016400000006456e+01 8.121369192650785829e-01 0.000000000000000000e+00 1.676764318231077855e+00
-6.367038000000004416e+01 8.190865187937237391e-01 0.000000000000000000e+00 1.325879715281118143e+00
-6.413727200000003847e+01 8.250928429735484571e-01 0.000000000000000000e+00 1.593343536805164051e+00
-6.413970400000006578e+01 8.251241293961162349e-01 0.000000000000000000e+00 1.775267767990127421e+00
-6.341653800000003116e+01 8.158209727092862185e-01 0.000000000000000000e+00 1.647073826657629247e+00
-6.371969200000005884e+01 8.197208921776232282e-01 0.000000000000000000e+00 1.736059380220770665e+00
-6.464216400000002238e+01 8.315880175059886525e-01 0.000000000000000000e+00 1.945232859552508575e+00
-6.424684400000005269e+01 8.265024301008324636e-01 0.000000000000000000e+00 1.501904862843962851e+00
-6.344461000000001860e+01 8.161821044750392495e-01 0.000000000000000000e+00 1.837533672363776738e+00
-6.450300000000001432e+01 8.297977445988470313e-01 0.000000000000000000e+00 1.782368769561190502e+00
-6.433842400000003181e+01 8.276805594506354558e-01 0.000000000000000000e+00 1.618810987844990779e+00
-6.395681600000003897e+01 8.227713698358753991e-01 0.000000000000000000e+00 1.453162723841908921e+00
-6.355044400000004856e+01 8.175436041650055996e-01 0.000000000000000000e+00 1.572618861806347468e+00
-6.468545800000002544e+01 8.321449724314132768e-01 0.000000000000000000e+00 1.939435719725058460e+00
-6.529444600000002197e+01 8.399792881824289514e-01 0.000000000000000000e+00 1.522566707660707896e+00
-6.502226000000005968e+01 8.364777560225084008e-01 0.000000000000000000e+00 1.631901830207425075e+00
-6.444854399999999828e+01 8.290971963145828960e-01 0.000000000000000000e+00 1.623915626031317672e+00
-6.478171200000008412e+01 8.333832303745890568e-01 0.000000000000000000e+00 1.834195237026667202e+00
-6.389071400000004530e+01 8.219210017830178572e-01 0.000000000000000000e+00 1.664058729114881618e+00
-6.447217600000004722e+01 8.294012097759784208e-01 0.000000000000000000e+00 1.948466465271309067e+00
-6.449998000000003628e+01 8.297588938602973307e-01 0.000000000000000000e+00 1.780911585325749114e+00
-6.501748600000001943e+01 8.364163409808398342e-01 0.000000000000000000e+00 2.206810047022716326e+00
-6.586675400000004288e+01 8.473417346983412868e-01 0.000000000000000000e+00 2.112781659923498090e+00
-6.548101200000003530e+01 8.423793633110095991e-01 0.000000000000000000e+00 1.580776804521476286e+00
-6.476731600000002231e+01 8.331980332778448073e-01 0.000000000000000000e+00 1.818361771336657551e+00
-6.555129600000002199e+01 8.432835306316206481e-01 0.000000000000000000e+00 1.615518418461355576e+00
-6.509022800000005304e+01 8.373521292005760008e-01 0.000000000000000000e+00 1.767208628596482090e+00
-6.502667400000004250e+01 8.365345398503093444e-01 0.000000000000000000e+00 1.622774121004528558e+00
-6.490676200000005736e+01 8.349919339691825870e-01 0.000000000000000000e+00 1.460469844337151102e+00
-6.564911800000001563e+01 8.445419600840824437e-01 0.000000000000000000e+00 1.827777187555828187e+00
-6.493134800000002826e+01 8.353082201473244206e-01 0.000000000000000000e+00 1.655884567689158260e+00
-6.575247600000007253e+01 8.458716073142312775e-01 0.000000000000000000e+00 1.747129712108786759e+00
-6.469785000000001673e+01 8.323043891042977149e-01 0.000000000000000000e+00 1.743216955701861526e+00
-6.520173200000004954e+01 8.387865705089452284e-01 0.000000000000000000e+00 1.507118049097399659e+00
-6.518852400000002945e+01 8.386166564179622362e-01 0.000000000000000000e+00 1.834885310874946329e+00
-6.568347400000003233e+01 8.449839322607788361e-01 0.000000000000000000e+00 1.665018629957349505e+00
-6.583036000000002730e+01 8.468735447053650223e-01 0.000000000000000000e+00 1.809858604667472726e+00
-6.590386200000006056e+01 8.478191099321534807e-01 0.000000000000000000e+00 1.649378452310280130e+00
-6.545744600000000446e+01 8.420761989054897922e-01 0.000000000000000000e+00 1.684447608847936984e+00
-6.545235400000002812e+01 8.420106929582396038e-01 0.000000000000000000e+00 1.533009430309606236e+00
-6.700306800000001317e+01 8.619598267926015245e-01 0.000000000000000000e+00 1.623021019355167072e+00
-6.714059399999999300e+01 8.637290276766484975e-01 0.000000000000000000e+00 1.452807055242235190e+00
-6.473470000000001789e+01 8.327784453015051325e-01 0.000000000000000000e+00 1.522554889093667541e+00
-6.716649000000003866e+01 8.640621663274735686e-01 0.000000000000000000e+00 1.532902446012106790e+00
-6.614951800000001469e+01 8.509793473590504531e-01 0.000000000000000000e+00 1.602298947401652240e+00
-6.669855600000005325e+01 8.580424373564008445e-01 0.000000000000000000e+00 1.556322989400778178e+00
-6.700462600000004443e+01 8.619798696570591945e-01 0.000000000000000000e+00 1.531472709493457929e+00
-6.731863400000005981e+01 8.660194202234825500e-01 0.000000000000000000e+00 1.604136674711837962e+00
-6.655807000000002915e+01 8.562351576027811273e-01 0.000000000000000000e+00 1.622480151471564991e+00
-6.737596200000007229e+01 8.667569153028179540e-01 0.000000000000000000e+00 1.729434637040076383e+00
-6.632229400000001363e+01 8.532020212675633930e-01 0.000000000000000000e+00 1.596353619075471020e+00
-6.657248400000004551e+01 8.564205862602182195e-01 0.000000000000000000e+00 1.377903281759220055e+00
-6.767541600000002688e+01 8.706092361841888394e-01 0.000000000000000000e+00 1.552648215584449432e+00
-6.752751400000002491e+01 8.687065534249115428e-01 0.000000000000000000e+00 1.697395503932928040e+00
-6.565097000000000094e+01 8.445657851065307975e-01 0.000000000000000000e+00 1.492096742435918388e+00
-6.740566400000005842e+01 8.671390161758015802e-01 0.000000000000000000e+00 1.646561657032034942e+00
-6.699587400000007165e+01 8.618672797021623699e-01 0.000000000000000000e+00 1.838118731649401649e+00
-6.741980800000004592e+01 8.673209714228381495e-01 0.000000000000000000e+00 1.507608774351294256e+00
-6.752325199999999938e+01 8.686517249985205025e-01 0.000000000000000000e+00 1.436024096086627067e+00
-6.773984200000002431e+01 8.714380433635994239e-01 0.000000000000000000e+00 1.358436914673432527e+00
-6.715959000000000856e+01 8.639734013950246538e-01 0.000000000000000000e+00 1.403230994432980605e+00
-6.757754000000004169e+01 8.693501120496470724e-01 0.000000000000000000e+00 1.772798925285931304e+00
-6.789280400000005500e+01 8.734058204066726949e-01 0.000000000000000000e+00 1.630071411208847909e+00
-6.825046800000002634e+01 8.780069828413529232e-01 0.000000000000000000e+00 1.595566358197019641e+00
-6.775694800000007945e+01 8.716581032091749170e-01 0.000000000000000000e+00 1.618215854455802294e+00
-6.674369800000006592e+01 8.586231658463422400e-01 0.000000000000000000e+00 1.481410919740797194e+00
-6.738807600000001230e+01 8.669127556494378162e-01 0.000000000000000000e+00 1.483378843777157341e+00
-6.738314800000000560e+01 8.668493594773932776e-01 0.000000000000000000e+00 1.390068827776363980e+00
-6.795722400000001073e+01 8.742345503991849620e-01 0.000000000000000000e+00 1.430311182721502039e+00
-6.737396400000001506e+01 8.667312120658560159e-01 0.000000000000000000e+00 1.318983827220290728e+00
-6.769614000000007081e+01 8.708758397291262998e-01 0.000000000000000000e+00 1.698581749340289715e+00
-6.811134600000002592e+01 8.762172502424957488e-01 0.000000000000000000e+00 1.657475261934015176e+00
-6.814714000000003580e+01 8.766777215456937888e-01 0.000000000000000000e+00 1.543427308481243765e+00
-6.785443800000003023e+01 8.729122616532922763e-01 0.000000000000000000e+00 1.679572064471642534e+00
-6.688452200000004666e+01 8.604347937952031566e-01 0.000000000000000000e+00 1.322179757914324849e+00
-6.800416400000004558e+01 8.748384092294951841e-01 0.000000000000000000e+00 1.719357665679044134e+00
-6.749731400000001713e+01 8.683180460394117617e-01 0.000000000000000000e+00 1.591529376215712999e+00
-6.809810200000005409e+01 8.760468730301267382e-01 0.000000000000000000e+00 1.450310973966646211e+00
-6.823878000000003397e+01 8.778566227644748476e-01 0.000000000000000000e+00 1.594059540477035020e+00
-6.771572200000001374e+01 8.711277520345180880e-01 0.000000000000000000e+00 1.314894126826809062e+00
-6.761310200000004045e+01 8.698075987927974539e-01 0.000000000000000000e+00 1.334974047338249648e+00
-6.755188200000004883e+01 8.690200351457680883e-01 0.000000000000000000e+00 1.536502253505103166e+00
-6.719824600000004011e+01 8.644706908484646180e-01 0.000000000000000000e+00 1.488401588541116594e+00
-6.795951200000004633e+01 8.742639843362061125e-01 0.000000000000000000e+00 1.476559945064777057e+00
-6.801997200000003829e+01 8.750417709761831864e-01 0.000000000000000000e+00 1.433087522550137383e+00
-6.733016200000002982e+01 8.661677219830861141e-01 0.000000000000000000e+00 1.437671883920020210e+00
-6.720210000000004413e+01 8.645202705658062703e-01 0.000000000000000000e+00 1.780520444968126226e+00
-6.782222400000007667e+01 8.724978451991045603e-01 0.000000000000000000e+00 1.737258392364942505e+00
-6.725397000000005221e+01 8.651875512971264337e-01 0.000000000000000000e+00 1.145210085574262404e+00
-6.802964200000003814e+01 8.751661705264408564e-01 0.000000000000000000e+00 1.585493033803171414e+00
-6.754392200000005175e+01 8.689176338613781025e-01 0.000000000000000000e+00 1.621952364106388433e+00
-6.750927600000005668e+01 8.684719309846224977e-01 0.000000000000000000e+00 1.342499419868580457e+00
-6.765258800000005124e+01 8.703155657670968992e-01 0.000000000000000000e+00 1.339137574972425693e+00
-6.782277400000002388e+01 8.725049206647338407e-01 0.000000000000000000e+00 1.555214540308789584e+00
-6.669163200000004110e+01 8.579533636763609916e-01 0.000000000000000000e+00 1.270294544932335290e+00
-6.777978400000004910e+01 8.719518765421304662e-01 0.000000000000000000e+00 1.454881802184381012e+00
-6.701844600000008256e+01 8.621576568116161576e-01 0.000000000000000000e+00 1.650791956828998819e+00
-6.732444600000006574e+01 8.660941885984668742e-01 0.000000000000000000e+00 1.799826294391721815e+00
-6.846720200000002876e+01 8.807951536919782498e-01 0.000000000000000000e+00 1.673277187635875185e+00
-6.833027400000005969e+01 8.790336457687436544e-01 0.000000000000000000e+00 1.828523131753485798e+00
-6.722341400000001954e+01 8.647944641556913892e-01 0.000000000000000000e+00 1.544389566245276235e+00
-6.834244200000006231e+01 8.791901807974443761e-01 0.000000000000000000e+00 1.564425201777175145e+00
-6.817259800000003622e+01 8.770052255529802165e-01 0.000000000000000000e+00 1.482755985563110945e+00
-6.834459800000003327e+01 8.792179166227134246e-01 0.000000000000000000e+00 1.498784879273671322e+00
-6.764876000000002421e+01 8.702663205263120316e-01 0.000000000000000000e+00 1.545450842396038249e+00
-6.753066800000003411e+01 8.687471280041787480e-01 0.000000000000000000e+00 1.712059123216806089e+00
-6.766728600000006111e+01 8.705046479376954416e-01 0.000000000000000000e+00 1.318966609652336253e+00
-6.838745200000002455e+01 8.797692111756338917e-01 0.000000000000000000e+00 1.737601384614475553e+00
-6.772471400000006270e+01 8.712434294653271794e-01 0.000000000000000000e+00 1.662904269250310429e+00
-6.828728200000003312e+01 8.784805759171736561e-01 0.000000000000000000e+00 1.505289013786477392e+00
-6.774734000000002254e+01 8.715345012568602723e-01 0.000000000000000000e+00 1.653363740556159645e+00
-6.745856000000003405e+01 8.678194958666419767e-01 0.000000000000000000e+00 1.493990149927638678e+00
-6.832285800000002496e+01 8.789382427630854089e-01 0.000000000000000000e+00 1.739927891062434062e+00
-6.741410199999998554e+01 8.672475666830472552e-01 0.000000000000000000e+00 1.535560745666651350e+00
-6.760934600000005901e+01 8.697592797947865106e-01 0.000000000000000000e+00 1.443878547133631729e+00
-6.797601000000001648e+01 8.744762225761386620e-01 0.000000000000000000e+00 1.758074843645339724e+00
-6.829214800000002583e+01 8.785431744912742813e-01 0.000000000000000000e+00 1.532028198073694059e+00
-6.831606000000007839e+01 8.788507900078997848e-01 0.000000000000000000e+00 1.524790580619998392e+00
-6.781679400000003000e+01 8.724279910566118401e-01 0.000000000000000000e+00 1.699895109647068692e+00
-6.768833400000004019e+01 8.707754195751122861e-01 0.000000000000000000e+00 1.755398943647162646e+00
-6.816362000000006560e+01 8.768897282249337177e-01 0.000000000000000000e+00 1.590186970139045863e+00
-6.848019800000002988e+01 8.809623405125728279e-01 0.000000000000000000e+00 1.568783480690973953e+00
-6.832898000000002980e+01 8.790169991277884121e-01 0.000000000000000000e+00 1.512324682818681154e+00
-6.820995000000003472e+01 8.774857397206352605e-01 0.000000000000000000e+00 1.290721634308779953e+00
-6.743613400000006664e+01 8.675309969717015512e-01 0.000000000000000000e+00 1.638345420358014781e+00
-6.810065600000004338e+01 8.760797289196154969e-01 0.000000000000000000e+00 1.466049363226962665e+00
-6.828949800000000891e+01 8.785090836114206603e-01 0.000000000000000000e+00 1.645152759477417792e+00
-6.817068800000004103e+01 8.769806543905198648e-01 0.000000000000000000e+00 1.631905971325703586e+00
-6.807901000000005354e+01 8.758012643213862747e-01 0.000000000000000000e+00 1.388879418775794683e+00
-6.835268599999999140e+01 8.793219645609221535e-01 0.000000000000000000e+00 1.622745830656523669e+00
-6.800702400000001546e+01 8.748752016507705953e-01 0.000000000000000000e+00 1.208102152440476695e+00
-6.802458800000003691e+01 8.751011534295429772e-01 0.000000000000000000e+00 1.464021306302982772e+00
-6.698758200000001750e+01 8.617606074094278368e-01 0.000000000000000000e+00 1.422603035723067011e+00
-6.819433400000005463e+01 8.772848479546765388e-01 0.000000000000000000e+00 1.576197465723610858e+00
-6.805661200000004385e+01 8.755131256319682587e-01 0.000000000000000000e+00 1.653899285788379414e+00
-6.856775600000004545e+01 8.820887289118968244e-01 0.000000000000000000e+00 1.659815604600935135e+00
-6.780642600000003029e+01 8.722946120972455697e-01 0.000000000000000000e+00 1.376614504743686851e+00
-6.823007200000004957e+01 8.777445988468283167e-01 0.000000000000000000e+00 1.873871009546869582e+00
-6.768866400000001704e+01 8.707796648544899876e-01 0.000000000000000000e+00 1.815621938771806665e+00
-6.841157000000006860e+01 8.800794767757497139e-01 0.000000000000000000e+00 1.475937012527802406e+00
-6.843572000000000344e+01 8.803901540393189729e-01 0.000000000000000000e+00 1.381919989790225012e+00
-6.810952400000003593e+01 8.761938111545363173e-01 0.000000000000000000e+00 1.570618766769738439e+00
-6.810401600000001565e+01 8.761229535823726877e-01 0.000000000000000000e+00 1.228969745641042666e+00
-6.865146400000004689e+01 8.831655890518109731e-01 0.000000000000000000e+00 1.512702104605122555e+00
-6.788319600000004073e+01 8.732822184543586053e-01 0.000000000000000000e+00 1.703579171011148530e+00
-6.799674200000002600e+01 8.747429290369393984e-01 0.000000000000000000e+00 1.356613381812641572e+00
-6.872106400000004101e+01 8.840609570660750149e-01 0.000000000000000000e+00 1.649105599250329401e+00
-6.825022800000002121e+01 8.780038953654416556e-01 0.000000000000000000e+00 1.414494586118156594e+00
-6.817847400000003688e+01 8.770808172548741899e-01 0.000000000000000000e+00 1.357037174827067316e+00
-6.824883200000006411e+01 8.779859365472250099e-01 0.000000000000000000e+00 1.708384599075862820e+00
-6.801673600000005138e+01 8.750001415093132673e-01 0.000000000000000000e+00 1.295170563824696419e+00
-6.813096199999998248e+01 8.764695999403084858e-01 0.000000000000000000e+00 1.474444459858722301e+00
-6.852216000000004215e+01 8.815021599466901225e-01 0.000000000000000000e+00 1.492687313728383369e+00
-6.816467200000003857e+01 8.769032616610110686e-01 0.000000000000000000e+00 1.484830455245393255e+00
-6.698484800000004213e+01 8.617254359130057662e-01 0.000000000000000000e+00 1.539585870099521747e+00
-6.817256200000002764e+01 8.770047624315934209e-01 0.000000000000000000e+00 1.602430419913022597e+00
-6.854913800000002766e+01 8.818492179680809118e-01 0.000000000000000000e+00 1.513743864405819206e+00
-6.853041200000002675e+01 8.816083176601052784e-01 0.000000000000000000e+00 1.482004624052546626e+00
-6.874900400000004197e+01 8.844203907200770542e-01 0.000000000000000000e+00 1.634630116250626042e+00
-6.853802400000007822e+01 8.817062421044244980e-01 0.000000000000000000e+00 1.436139179063228966e+00
-6.753868800000000761e+01 8.688503011575462454e-01 0.000000000000000000e+00 1.029081175473116172e+00
-6.864020600000006311e+01 8.830207607026073768e-01 0.000000000000000000e+00 1.486465849313652443e+00
-6.812032800000005750e+01 8.763327990284749403e-01 0.000000000000000000e+00 1.429773912061665708e+00
-6.856654600000005928e+01 8.820731628875111419e-01 0.000000000000000000e+00 1.402289677088398578e+00
-6.915750600000005477e+01 8.896755577396595616e-01 0.000000000000000000e+00 1.306656238812749837e+00
-6.864387200000003020e+01 8.830679218971513311e-01 0.000000000000000000e+00 1.254904105803959835e+00
-6.873670600000004072e+01 8.842621833085911875e-01 0.000000000000000000e+00 1.455970443271705994e+00
-6.916425800000003221e+01 8.897624187286292674e-01 0.000000000000000000e+00 1.528752270078015840e+00
-6.951416000000004658e+01 8.942637270465468857e-01 0.000000000000000000e+00 1.638223201822601727e+00
-6.934927600000003167e+01 8.921425796375821449e-01 0.000000000000000000e+00 1.505208582419692798e+00
-6.951906400000004282e+01 8.943268144710001533e-01 0.000000000000000000e+00 1.393702763516791343e+00
-6.893000400000002514e+01 8.867488621364821855e-01 0.000000000000000000e+00 1.318389301031659855e+00
-6.887832400000007738e+01 8.860840256569257889e-01 0.000000000000000000e+00 1.289250114759770804e+00
-6.873587800000002801e+01 8.842515315166971090e-01 0.000000000000000000e+00 1.365887923259098136e+00
-6.903792400000008911e+01 8.881371971379109498e-01 0.000000000000000000e+00 1.433964302777584576e+00
-6.861698800000002052e+01 8.827220731371587803e-01 0.000000000000000000e+00 1.467029249071851504e+00
-6.936420000000003938e+01 8.923345691813304725e-01 0.000000000000000000e+00 1.375153144088675949e+00
-6.837777400000003070e+01 8.796447087095126127e-01 0.000000000000000000e+00 1.368922925029275151e+00
-6.899881600000006188e+01 8.876340929381715261e-01 0.000000000000000000e+00 1.422289128764619326e+00
-6.876648400000003392e+01 8.846452618822800984e-01 0.000000000000000000e+00 1.545459944137451247e+00
-6.850657200000003400e+01 8.813016283862539213e-01 0.000000000000000000e+00 1.517975520761887465e+00
-6.846761200000003100e+01 8.808004281299933735e-01 0.000000000000000000e+00 1.416682665384171314e+00
-6.911485400000006507e+01 8.891268618122977196e-01 0.000000000000000000e+00 1.297877077759576725e+00
-6.829051200000002098e+01 8.785221281971458129e-01 0.000000000000000000e+00 1.382685724517266346e+00
-6.895683800000000474e+01 8.870940676723262364e-01 0.000000000000000000e+00 1.673053211780936023e+00
-6.882465600000001871e+01 8.853936145852363548e-01 0.000000000000000000e+00 1.383063679035302584e+00
-6.890326600000003054e+01 8.864048915910024418e-01 0.000000000000000000e+00 1.152511685273042819e+00
-6.906364000000004921e+01 8.884680201818014877e-01 0.000000000000000000e+00 1.485631290228181633e+00
-6.951411800000005314e+01 8.942631867382624389e-01 0.000000000000000000e+00 1.426294112244113288e+00
-6.932204200000001038e+01 8.917922283085520929e-01 0.000000000000000000e+00 1.432989541375975229e+00
-6.863864800000003186e+01 8.830007178381497068e-01 0.000000000000000000e+00 1.470289433780596733e+00
-6.887265000000004989e+01 8.860110325805901077e-01 0.000000000000000000e+00 1.659910329420590358e+00
-6.902585800000004213e+01 8.879819742864719645e-01 0.000000000000000000e+00 1.552820048709034451e+00
-6.845859800000003759e+01 8.806844676805598571e-01 0.000000000000000000e+00 1.504980226856247993e+00
-6.974515400000002785e+01 8.972353454242323334e-01 0.000000000000000000e+00 1.585442764236762780e+00
-6.906989800000000912e+01 8.885485261161869541e-01 0.000000000000000000e+00 1.374267908392087234e+00
-6.970324800000003052e+01 8.966962464011613010e-01 0.000000000000000000e+00 1.169965171240216817e+00
-6.904001800000006028e+01 8.881641353652363069e-01 0.000000000000000000e+00 1.330019220972980865e+00
-6.931996600000005060e+01 8.917655216419203557e-01 0.000000000000000000e+00 1.433255596216127747e+00
-6.903060000000000684e+01 8.880429776646847628e-01 0.000000000000000000e+00 1.642283895289505580e+00
-6.901092200000002208e+01 8.877898303689278903e-01 0.000000000000000000e+00 1.109395525243500824e+00
-6.910532000000002029e+01 8.890042118317225128e-01 0.000000000000000000e+00 1.343179633285409791e+00
-6.904268400000000838e+01 8.881984320768164798e-01 0.000000000000000000e+00 1.627568377047071246e+00
-6.912976400000002286e+01 8.893186712532838989e-01 0.000000000000000000e+00 1.457734200981478878e+00
-6.988047400000007769e+01 8.989761672588626462e-01 0.000000000000000000e+00 1.457931336913901088e+00
-6.935638000000001568e+01 8.922339689245550876e-01 0.000000000000000000e+00 1.289423223496819926e+00
-6.988366000000002032e+01 8.990171535015838433e-01 0.000000000000000000e+00 1.347660088577025572e+00
-6.950580000000003622e+01 8.941561799689713430e-01 0.000000000000000000e+00 1.520952433659431557e+00
-6.946825200000004941e+01 8.936731443626555471e-01 0.000000000000000000e+00 1.298220865123660195e+00
-6.966544000000001802e+01 8.962098660292746599e-01 0.000000000000000000e+00 1.265634220061191639e+00
-6.939364800000005573e+01 8.927134024756417929e-01 0.000000000000000000e+00 1.396892069211599141e+00
-6.886718200000002810e+01 8.859406895877450783e-01 0.000000000000000000e+00 1.500884381470276363e+00
-6.947970000000002244e+01 8.938204169636220220e-01 0.000000000000000000e+00 1.230344513959526376e+00
-6.955059600000002717e+01 8.947324573478070420e-01 0.000000000000000000e+00 1.683508767091138836e+00
-6.930913000000003876e+01 8.916261221045269636e-01 0.000000000000000000e+00 1.320798506375762349e+00
-6.988146400000003666e+01 8.989889030969960837e-01 0.000000000000000000e+00 1.365237754372343071e+00
-6.926935200000005466e+01 8.911143987012024592e-01 0.000000000000000000e+00 1.572050617613629520e+00
-6.925373800000002689e+01 8.909135326642090291e-01 0.000000000000000000e+00 1.438383128375732900e+00
-6.993217600000004097e+01 8.996412867570444671e-01 0.000000000000000000e+00 1.296828367351547051e+00
-7.000497800000003679e+01 9.005778468457578123e-01 0.000000000000000000e+00 1.359033390569499344e+00
-6.929980600000001800e+01 8.915061736653744351e-01 0.000000000000000000e+00 1.393785530059062028e+00
-6.997053200000006257e+01 9.001347168655952080e-01 0.000000000000000000e+00 1.324772152460698793e+00
-6.976455000000002826e+01 8.974848649357937136e-01 0.000000000000000000e+00 1.230665962564229332e+00
-6.938691800000002274e+01 8.926268245052965122e-01 0.000000000000000000e+00 1.535740943036021822e+00
-6.916377600000002701e+01 8.897562180478407745e-01 0.000000000000000000e+00 1.663740883885201471e+00
-6.954345400000001121e+01 8.946405792104810129e-01 0.000000000000000000e+00 1.130336420772706463e+00
-6.942901200000004280e+01 8.931683420511651317e-01 0.000000000000000000e+00 1.299485280796231157e+00
-6.988492800000003058e+01 8.990334656659817458e-01 0.000000000000000000e+00 1.413285676017543180e+00
-6.944258600000003412e+01 8.933429645429125099e-01 0.000000000000000000e+00 1.352551865808114595e+00
-6.944815200000002164e+01 8.934145682550874712e-01 0.000000000000000000e+00 1.493439430516759092e+00
-6.956190200000001767e+01 8.948779031921929583e-01 0.000000000000000000e+00 1.142580042151635444e+00
-6.952051400000001991e+01 8.943454679712969924e-01 0.000000000000000000e+00 1.445724892799666428e+00
-6.966258800000004214e+01 8.961731765238628578e-01 0.000000000000000000e+00 1.549673939460305405e+00
-6.922277600000003872e+01 8.905152225426912205e-01 0.000000000000000000e+00 1.679650477176363177e+00
-7.051341600000003496e+01 9.071186388347870500e-01 0.000000000000000000e+00 1.523358725782664624e+00
-7.046372800000003167e+01 9.064794284052933859e-01 0.000000000000000000e+00 1.405594561000842457e+00
-6.970411800000002245e+01 8.967074385013394933e-01 0.000000000000000000e+00 1.366455756111445208e+00
-7.001841199999999787e+01 9.007506683098899236e-01 0.000000000000000000e+00 1.158463847304313621e+00
-6.988396800000005271e+01 8.990211157623370086e-01 0.000000000000000000e+00 1.437082294578114539e+00
-7.028503400000001022e+01 9.041806224866016928e-01 0.000000000000000000e+00 1.345058394903734023e+00
-6.994953600000005167e+01 8.998646141812920440e-01 0.000000000000000000e+00 1.497854037171414632e+00
-7.023201200000005429e+01 9.034985218709081778e-01 0.000000000000000000e+00 1.563587517442829977e+00
-6.984154600000000812e+01 8.984753786660560904e-01 0.000000000000000000e+00 1.486182781111639706e+00
-6.984747200000003886e+01 8.985516135920985636e-01 0.000000000000000000e+00 1.558480250282695101e+00
-7.021919600000006767e+01 9.033336506572472446e-01 0.000000000000000000e+00 1.400722064581714221e+00
-7.025068000000003110e+01 9.037386760388717022e-01 0.000000000000000000e+00 1.316858593760012353e+00
-7.035851399999998534e+01 9.051259046947641718e-01 0.000000000000000000e+00 1.485460520438634413e+00
-6.973717600000001937e+01 8.971327125791489498e-01 0.000000000000000000e+00 1.451472449250530428e+00
-6.988988000000004774e+01 8.990971705856175555e-01 0.000000000000000000e+00 1.235092436895623313e+00
-6.958141200000002868e+01 8.951288892548122655e-01 0.000000000000000000e+00 1.241001935003660073e+00
-7.054404400000009900e+01 9.075126522189959077e-01 0.000000000000000000e+00 1.385388843517015411e+00
-6.993072200000001715e+01 8.996225817988151574e-01 0.000000000000000000e+00 1.393508905248208807e+00
-7.039917400000001635e+01 9.056489745720631701e-01 0.000000000000000000e+00 1.460533799927723031e+00
-7.025524800000005143e+01 9.037974409970495060e-01 0.000000000000000000e+00 1.344220773449709583e+00
-6.935666600000003257e+01 8.922376481666829395e-01 0.000000000000000000e+00 1.410807073282610569e+00
-7.010797400000002710e+01 9.019028371330730653e-01 0.000000000000000000e+00 1.333919798796090239e+00
-6.962665600000006805e+01 8.957109299220163967e-01 0.000000000000000000e+00 1.341086346041668431e+00
-6.977929600000003063e+01 8.976745646015744651e-01 0.000000000000000000e+00 1.236116227571116388e+00
-7.019109600000004434e+01 9.029721586859708049e-01 0.000000000000000000e+00 1.292339043446478763e+00
-7.040771000000000868e+01 9.057587857986399982e-01 0.000000000000000000e+00 1.579247437800036069e+00
-7.008337000000005901e+01 9.015863193942379450e-01 0.000000000000000000e+00 1.356819480150978530e+00
-7.038617200000007301e+01 9.054817105645716069e-01 0.000000000000000000e+00 1.213007836133473960e+00
-7.006601600000003316e+01 9.013630691568879083e-01 0.000000000000000000e+00 1.173125350602510109e+00
-6.988714600000002974e+01 8.990619990891949298e-01 0.000000000000000000e+00 1.188227990181390359e+00
-7.055516400000004751e+01 9.076557052695500838e-01 0.000000000000000000e+00 1.575430416834354252e+00
-6.959760000000007096e+01 8.953371395050270243e-01 0.000000000000000000e+00 1.536052495420280106e+00
-7.019026200000004678e+01 9.029614297071791862e-01 0.000000000000000000e+00 1.386220774375095832e+00
-6.988162800000007735e+01 8.989910128722026217e-01 0.000000000000000000e+00 1.386997349271024804e+00
-6.991934200000001454e+01 8.994761839826896921e-01 0.000000000000000000e+00 1.471336120686352000e+00
-6.990178200000001141e+01 8.992502836618494477e-01 0.000000000000000000e+00 1.472439774582898098e+00
-7.068778200000008383e+01 9.093617672712126510e-01 0.000000000000000000e+00 1.386397221518546052e+00
-7.010915200000003722e+01 9.019179914940043119e-01 0.000000000000000000e+00 1.545507625311162370e+00
-6.970948200000005102e+01 8.967764435879563845e-01 0.000000000000000000e+00 1.217007819034831906e+00
-7.001413000000003706e+01 9.006955825938404159e-01 0.000000000000000000e+00 1.171295407666316679e+00
-6.973345600000004652e+01 8.970848567025248022e-01 0.000000000000000000e+00 1.456277991022096874e+00
-7.034109400000006929e+01 9.049018054015399715e-01 0.000000000000000000e+00 1.225114868068964968e+00
-6.983351800000002640e+01 8.983721025968248730e-01 0.000000000000000000e+00 1.541837331643154618e+00
-7.029633400000003007e+01 9.043259911440902910e-01 0.000000000000000000e+00 1.109203264903564801e+00
-7.090914800000001605e+01 9.122095264069243203e-01 0.000000000000000000e+00 1.306346304147408821e+00
-7.055160600000003512e+01 9.076099334391655171e-01 0.000000000000000000e+00 1.195531987567447052e+00
-6.965427600000006692e+01 8.960662469414699682e-01 0.000000000000000000e+00 1.192298258658462284e+00
-7.047957200000007560e+01 9.066832532733686278e-01 0.000000000000000000e+00 1.277432344811934462e+00
-7.070881599999999878e+01 9.096323588058672360e-01 0.000000000000000000e+00 1.196087612303993852e+00
-7.042398000000007130e+01 9.059680909364580259e-01 0.000000000000000000e+00 1.221994399464756631e+00
-7.107054399999999816e+01 9.142858024993116839e-01 0.000000000000000000e+00 1.274716538608493988e+00
-7.050457400000006203e+01 9.070048910764234584e-01 0.000000000000000000e+00 1.281560028713426336e+00
-7.105366600000003530e+01 9.140686757558531550e-01 0.000000000000000000e+00 1.273859723357292806e+00
-7.115617400000002135e+01 9.153873881754820419e-01 0.000000000000000000e+00 1.310549983910294092e+00
-7.122428600000002064e+01 9.162636138390963803e-01 0.000000000000000000e+00 1.197092284318865607e+00
-7.067443800000006604e+01 9.091901036105466405e-01 0.000000000000000000e+00 1.371342209336192886e+00
-7.130223400000002698e+01 9.172663745571404403e-01 0.000000000000000000e+00 1.138272127749828000e+00
-7.111165800000001980e+01 9.148147128518759885e-01 0.000000000000000000e+00 1.406640019364146843e+00
-7.125437400000002697e+01 9.166506804025043031e-01 0.000000000000000000e+00 1.312387555981444187e+00
-7.130876000000006343e+01 9.173503281729611381e-01 0.000000000000000000e+00 1.234104003278933659e+00
-7.165604400000005114e+01 9.218179572744797934e-01 0.000000000000000000e+00 1.144568408475791443e+00
-7.136729600000008134e+01 9.181033635477167110e-01 0.000000000000000000e+00 1.225334939979823234e+00
-7.152160600000004820e+01 9.200884819138239745e-01 0.000000000000000000e+00 1.298082268316293142e+00
-7.132030200000005493e+01 9.174988100353265175e-01 0.000000000000000000e+00 1.134345135690475903e+00
-7.131469200000006481e+01 9.174266402859010405e-01 0.000000000000000000e+00 1.110485986766172717e+00
-7.139610200000001328e+01 9.184739378439642499e-01 0.000000000000000000e+00 1.208975213252358571e+00
-7.165086000000006550e+01 9.217512677947968802e-01 0.000000000000000000e+00 1.190689791929896879e+00
-7.134657200000003741e+01 9.178367600027791395e-01 0.000000000000000000e+00 1.197395140478031195e+00
-7.136511000000004401e+01 9.180752417879578520e-01 0.000000000000000000e+00 1.381635704408715970e+00
-7.125286600000005421e+01 9.166312807621955772e-01 0.000000000000000000e+00 1.263100666847222664e+00
-7.115584600000006787e+01 9.153831686250706312e-01 0.000000000000000000e+00 1.203632709793502675e+00
-7.150138800000007677e+01 9.198283877972669442e-01 0.000000000000000000e+00 1.179855266186269791e+00
-7.165720000000003154e+01 9.218328286167853935e-01 0.000000000000000000e+00 1.408175576174126586e+00
-7.150746800000007397e+01 9.199066038536853895e-01 0.000000000000000000e+00 1.383696832919083963e+00
-7.096856800000006160e+01 9.129739339846200119e-01 0.000000000000000000e+00 1.248935558007924884e+00
-7.134579800000004468e+01 9.178268028929654765e-01 0.000000000000000000e+00 1.189305155426155558e+00
-7.160277000000003511e+01 9.211326148090785981e-01 0.000000000000000000e+00 1.137300208183993799e+00
-7.099473800000005497e+01 9.133105975037764113e-01 0.000000000000000000e+00 1.334770850138628173e+00
-7.113744200000000717e+01 9.151464106806084242e-01 0.000000000000000000e+00 1.127416610831949217e+00
-7.155611000000004651e+01 9.205323580339987988e-01 0.000000000000000000e+00 1.170849287327947241e+00
-7.144702600000007919e+01 9.191290487744017135e-01 0.000000000000000000e+00 1.055963358583388079e+00
-7.097452400000005923e+01 9.130505548451509634e-01 0.000000000000000000e+00 1.337806353331505660e+00
-7.185906000000007054e+01 9.244296531478112255e-01 0.000000000000000000e+00 1.032586040047515974e+00
-7.215883399999998460e+01 9.282860906637299125e-01 0.000000000000000000e+00 1.240596540787592073e+00
-7.138381599999999594e+01 9.183158848062736856e-01 0.000000000000000000e+00 1.290127934046100933e+00
-7.145184400000003677e+01 9.191910298533195744e-01 0.000000000000000000e+00 1.180277384476661862e+00
-7.140798400000005586e+01 9.186267936305378967e-01 0.000000000000000000e+00 1.310610861871885469e+00
-7.153962400000003186e+01 9.203202741678613297e-01 0.000000000000000000e+00 1.283353076362892642e+00
-7.160908000000002005e+01 9.212137896965785222e-01 0.000000000000000000e+00 1.235087863557516652e+00
-7.190787200000002599e+01 9.250575942902281579e-01 0.000000000000000000e+00 1.264533482075065329e+00
-7.178691800000002843e+01 9.235015836178531723e-01 0.000000000000000000e+00 1.182268602031490090e+00
-7.128257000000002108e+01 9.170134073641448280e-01 0.000000000000000000e+00 1.297036610426968384e+00
-7.097144000000004382e+01 9.130108807796910586e-01 0.000000000000000000e+00 1.203348837976164765e+00
-7.150487600000002431e+01 9.198732591138432113e-01 0.000000000000000000e+00 1.219972604686621498e+00
-7.145548800000003098e+01 9.192379080292387705e-01 0.000000000000000000e+00 1.173725089668433252e+00
-7.147029600000003313e+01 9.194284052929632134e-01 0.000000000000000000e+00 1.238238427614085424e+00
-7.207718600000004017e+01 9.272357313587213934e-01 0.000000000000000000e+00 1.262185252136591496e+00
-7.158698200000007716e+01 9.209295103520503956e-01 0.000000000000000000e+00 1.114165775197848873e+00
-7.167494000000006338e+01 9.220610445445595049e-01 0.000000000000000000e+00 1.047746439948255004e+00
-7.173308000000000106e+01 9.228089855840603262e-01 0.000000000000000000e+00 1.069854261008470919e+00
-7.101085400000002323e+01 9.135179215112168016e-01 0.000000000000000000e+00 1.074121909773068761e+00
-7.176117600000006291e+01 9.231704260974055165e-01 0.000000000000000000e+00 1.132538051548847458e+00
-7.127029000000005965e+01 9.168554315133528032e-01 0.000000000000000000e+00 1.005077403471840158e+00
-7.119395400000006191e+01 9.158734083418460514e-01 0.000000000000000000e+00 9.715179088187493317e-01
-7.168264600000004805e+01 9.221601782502765188e-01 0.000000000000000000e+00 9.801325265390378183e-01
-7.142406000000003985e+01 9.188336030586599090e-01 0.000000000000000000e+00 1.252233535678864307e+00
-7.143456400000003725e+01 9.189687315877091978e-01 0.000000000000000000e+00 1.194844886050575372e+00
-7.187670600000004129e+01 9.246566598141858773e-01 0.000000000000000000e+00 1.238899049361606552e+00
-7.165989600000006021e+01 9.218675112628555990e-01 0.000000000000000000e+00 1.158796477534977942e+00
-7.135070400000002167e+01 9.178899160463843687e-01 0.000000000000000000e+00 1.131415965082888553e+00
-7.164226200000003075e+01 9.216406589702756946e-01 0.000000000000000000e+00 1.107860566544838887e+00
-7.214240200000007519e+01 9.280747014796737471e-01 0.000000000000000000e+00 1.228133365736947979e+00
-7.069682800000005329e+01 9.094781393841007144e-01 0.000000000000000000e+00 1.330946174877181809e+00
-7.149406400000000872e+01 9.197341683240409793e-01 0.000000000000000000e+00 1.218542925512750674e+00
-7.155270400000006248e+01 9.204885416050251346e-01 0.000000000000000000e+00 1.274890234761764551e+00
-7.189293000000006373e+01 9.248653731857870985e-01 0.000000000000000000e+00 1.018843704818596985e+00
-7.083174600000002386e+01 9.112137896965786243e-01 0.000000000000000000e+00 1.181804925998851674e+00
-7.169879200000004005e+01 9.223678881922061645e-01 0.000000000000000000e+00 1.274298129467212437e+00
-7.180588200000006793e+01 9.237455456727746705e-01 0.000000000000000000e+00 1.160339198437380981e+00
-7.152820000000005507e+01 9.201733103144857928e-01 0.000000000000000000e+00 1.308653078859359997e+00
-7.082878200000003233e+01 9.111756593690746309e-01 0.000000000000000000e+00 1.219758965126332528e+00
-7.155393400000004078e+01 9.205043649190700616e-01 0.000000000000000000e+00 1.116062703808492707e+00
-7.142070200000004832e+01 9.187904041248684539e-01 0.000000000000000000e+00 1.206303419122178422e+00
-7.193764800000003845e+01 9.254406471349514440e-01 0.000000000000000000e+00 1.216806287088865179e+00
-7.149680800000001568e+01 9.197694684652930608e-01 0.000000000000000000e+00 1.267653120166027492e+00
-7.151454800000003331e+01 9.199976843930669501e-01 0.000000000000000000e+00 9.608827686281314895e-01
-7.116711600000007820e+01 9.155281513480700850e-01 0.000000000000000000e+00 1.487421385052370315e+00
-7.171324400000003152e+01 9.225538056999954550e-01 0.000000000000000000e+00 1.158899878744293233e+00
-7.085552000000002693e+01 9.115196299145543746e-01 0.000000000000000000e+00 1.144894252097043541e+00
-7.136989600000006817e+01 9.181368112034217210e-01 0.000000000000000000e+00 1.196839106164418354e+00
-7.098581400000003327e+01 9.131957948578092177e-01 0.000000000000000000e+00 1.198300393446206424e+00
-7.193358400000008146e+01 9.253883658761881126e-01 0.000000000000000000e+00 1.177405962508044635e+00
-7.127692400000007922e+01 9.169407744933333326e-01 0.000000000000000000e+00 1.453143779070229513e+00
-7.188760400000003870e+01 9.247968569495228497e-01 0.000000000000000000e+00 1.251156504830549299e+00
-7.148365800000003389e+01 9.196003005143223996e-01 0.000000000000000000e+00 1.162640955128200426e+00
-7.212461000000004674e+01 9.278458165987856221e-01 0.000000000000000000e+00 1.289218783534502588e+00
-7.200271200000005933e+01 9.262776618544931173e-01 0.000000000000000000e+00 1.005281643764019517e+00
-7.145960600000002216e+01 9.192908839700826285e-01 0.000000000000000000e+00 1.173060091619135381e+00
-7.124057400000000939e+01 9.164731505376068066e-01 0.000000000000000000e+00 1.109981735641891953e+00
-7.172982400000005043e+01 9.227670988275316066e-01 0.000000000000000000e+00 1.230289257038294393e+00
-7.178919600000006085e+01 9.235308889100445340e-01 0.000000000000000000e+00 1.296468211339614651e+00
-7.126958600000001809e+01 9.168463749173458854e-01 0.000000000000000000e+00 1.004894738848629565e+00
-7.165634600000001342e+01 9.218218423483343082e-01 0.000000000000000000e+00 1.071945840579342502e+00
-7.184220800000007046e+01 9.242128608809092594e-01 0.000000000000000000e+00 1.163360390037013303e+00
-7.139779600000004223e+01 9.184957302781049382e-01 0.000000000000000000e+00 1.310565817193459104e+00
-7.166747400000008383e+01 9.219649983147537586e-01 0.000000000000000000e+00 1.085835540370323704e+00
-7.122154800000004116e+01 9.162283908847423941e-01 0.000000000000000000e+00 1.087833692585054024e+00
-7.194722600000005741e+01 9.255638631527767224e-01 0.000000000000000000e+00 1.191676380941120827e+00
-7.144491200000000219e+01 9.191018532574156685e-01 0.000000000000000000e+00 1.137395478894698053e+00
-7.175642600000003313e+01 9.231093198033282210e-01 0.000000000000000000e+00 1.124900123658123086e+00
-7.183704600000002927e+01 9.241464544198507713e-01 0.000000000000000000e+00 1.095509390987321696e+00
-7.179209600000005764e+01 9.235681959106388783e-01 0.000000000000000000e+00 1.238593855210680550e+00
-7.165841800000002593e+01 9.218484975570350182e-01 0.000000000000000000e+00 1.015776601978640059e+00
-7.207302400000004639e+01 9.271821893806271309e-01 0.000000000000000000e+00 1.248340579104269432e+00
-7.152354000000002543e+01 9.201133618238752643e-01 0.000000000000000000e+00 1.159100965612939627e+00
-7.118407400000003804e+01 9.157463072501658141e-01 0.000000000000000000e+00 1.188306413450026078e+00
-7.142161800000005201e+01 9.188021879912631196e-01 0.000000000000000000e+00 1.096315284259509637e+00
-7.176377600000007817e+01 9.232038737531109707e-01 0.000000000000000000e+00 1.199169867843348669e+00
-7.157671200000004319e+01 9.207973921120141680e-01 0.000000000000000000e+00 1.128450952311946365e+00
-7.132310400000000072e+01 9.175348563165897087e-01 0.000000000000000000e+00 1.116004131805103050e+00
-7.174740600000001223e+01 9.229932821669964982e-01 0.000000000000000000e+00 1.207592039432609621e+00
-7.181031800000003784e+01 9.238026125192007054e-01 0.000000000000000000e+00 1.244619371646924932e+00
-7.174313800000005870e+01 9.229383765537086948e-01 0.000000000000000000e+00 1.009565751109921861e+00
-7.164307200000006048e+01 9.216510792014765974e-01 0.000000000000000000e+00 1.102054169238225967e+00
-7.139834600000004627e+01 9.185028057437348847e-01 0.000000000000000000e+00 1.149961483010661922e+00
-7.160411400000002402e+01 9.211499046741815633e-01 0.000000000000000000e+00 1.125165977163216535e+00
-7.101494200000003332e+01 9.135705115175719593e-01 0.000000000000000000e+00 1.167640898268423877e+00
-7.192383600000005117e+01 9.252629628962588670e-01 0.000000000000000000e+00 1.191472199052564074e+00
-7.105236600000003477e+01 9.140519519280004834e-01 0.000000000000000000e+00 1.255434350867210558e+00
-7.175916599999999335e+01 9.231445684866478318e-01 0.000000000000000000e+00 1.372213993988171454e+00
-7.117665200000004688e+01 9.156508270576102504e-01 0.000000000000000000e+00 1.210465911675869144e+00
-7.197795000000002119e+01 9.259591115273488882e-01 0.000000000000000000e+00 1.280926463757992462e+00
-7.153712000000003002e+01 9.202880615025205158e-01 0.000000000000000000e+00 1.184666343343350192e+00
-7.178140400000003751e+01 9.234306488587921136e-01 0.000000000000000000e+00 1.234481204730280002e+00
-7.132443600000006256e+01 9.175519918078980375e-01 0.000000000000000000e+00 1.288251447122858329e+00
-7.164766799999999591e+01 9.217102043651762555e-01 0.000000000000000000e+00 1.016611994643249917e+00
-7.191396600000004469e+01 9.251359904494084185e-01 0.000000000000000000e+00 1.121212711076176038e+00
-7.184963200000001393e+01 9.243083668024300037e-01 0.000000000000000000e+00 1.109609619484494880e+00
-7.131251600000003066e+01 9.173986471709718593e-01 0.000000000000000000e+00 1.281752823893747451e+00
-7.212772200000003409e+01 9.278858508697680474e-01 0.000000000000000000e+00 1.220650874530022190e+00
-7.156774800000005143e+01 9.206820748867288184e-01 0.000000000000000000e+00 1.172563096919984726e+00
-7.170040200000003949e+01 9.223886000097775151e-01 0.000000000000000000e+00 1.136751263356867492e+00
-7.149024000000004264e+01 9.196849745411886934e-01 0.000000000000000000e+00 1.116669480231642808e+00
-7.156054000000007420e+01 9.205893476935277375e-01 0.000000000000000000e+00 1.096175310944025982e+00
-7.181533800000005385e+01 9.238671922236779688e-01 0.000000000000000000e+00 1.179765861960103246e+00
-7.183528600000005326e+01 9.241238129298351422e-01 0.000000000000000000e+00 1.247792725682701276e+00
-7.169098800000001859e+01 9.222674937671582196e-01 0.000000000000000000e+00 1.186764934923355996e+00
-7.142557200000005935e+01 9.188530541569011056e-01 0.000000000000000000e+00 1.210463108644744379e+00
-7.177812800000003790e+01 9.233885048126034834e-01 0.000000000000000000e+00 1.065160639668492504e+00
-7.165223400000003551e+01 9.217689435943884346e-01 0.000000000000000000e+00 1.136316145742349626e+00
-7.125467400000003693e+01 9.166545397473934154e-01 0.000000000000000000e+00 1.182822567584791873e+00
-7.202005000000002610e+01 9.265007062601150478e-01 0.000000000000000000e+00 1.131784077409992317e+00
-7.147601200000003985e+01 9.195019386775831194e-01 0.000000000000000000e+00 1.042174488509966634e+00
-7.152397000000007665e+01 9.201188935515501877e-01 0.000000000000000000e+00 1.124013730954268819e+00
-7.159658000000004563e+01 9.210529836595342523e-01 0.000000000000000000e+00 1.151802842451253861e+00
-7.148851600000006101e+01 9.196627961725597489e-01 0.000000000000000000e+00 1.360786828890112599e+00
-7.165219600000004618e+01 9.217684547440359033e-01 0.000000000000000000e+00 1.178263674416080375e+00
-7.181172400000005496e+01 9.238206999822476950e-01 0.000000000000000000e+00 1.102589894648875468e+00
-7.177521000000004392e+01 9.233509662513159633e-01 0.000000000000000000e+00 1.231265285440676926e+00
-7.153013600000006988e+01 9.201982159535034844e-01 0.000000000000000000e+00 1.324374100732459203e+00
-7.153600600000005727e+01 9.202737304684994735e-01 0.000000000000000000e+00 1.032389008764710514e+00
-7.181630000000001246e+01 9.238795678562884417e-01 0.000000000000000000e+00 1.081483361224786499e+00
-7.192105200000001730e+01 9.252271481756878524e-01 0.000000000000000000e+00 9.610852084361440895e-01
-7.190990000000002169e+01 9.250836834616782411e-01 0.000000000000000000e+00 1.241923744466908008e+00
-7.191261800000003745e+01 9.251186491263734268e-01 0.000000000000000000e+00 1.068317699160410639e+00
-7.179655800000001875e+01 9.236255972336218090e-01 0.000000000000000000e+00 1.205939183114013824e+00
-7.236488799999999344e+01 9.309368688363044431e-01 0.000000000000000000e+00 1.148442596313051123e+00
-7.233454600000004575e+01 9.305465346942246585e-01 0.000000000000000000e+00 1.089999645206131351e+00
-7.195653800000002320e+01 9.256836572181330602e-01 0.000000000000000000e+00 1.282975353674953745e+00
-7.230333400000000665e+01 9.301450084519653494e-01 0.000000000000000000e+00 1.080452563261611543e+00
-7.204648400000004926e+01 9.268407660027742079e-01 0.000000000000000000e+00 1.004493437109450715e+00
-7.206905200000004186e+01 9.271310916542958580e-01 0.000000000000000000e+00 1.135455897446688844e+00
-7.275207400000009272e+01 9.359178165370367619e-01 0.000000000000000000e+00 1.064162878721337746e+00
-7.245890800000000809e+01 9.321463875245390440e-01 0.000000000000000000e+00 8.017583824156356842e-01
-7.258008800000006033e+01 9.337053055700645920e-01 0.000000000000000000e+00 1.112727188767409503e+00
-7.261402200000007667e+01 9.341418489349504473e-01 0.000000000000000000e+00 1.060763886710654802e+00
-7.276713600000006466e+01 9.361115813794336216e-01 0.000000000000000000e+00 1.117965158698895234e+00
-7.293469800000001158e+01 9.382671798737738378e-01 0.000000000000000000e+00 1.040893441210749115e+00
-7.259465000000005830e+01 9.338926381709800051e-01 0.000000000000000000e+00 1.032878876165199022e+00
-7.283187000000002342e+01 9.369443508195964831e-01 0.000000000000000000e+00 1.235689577368103143e+00
-7.267803400000003933e+01 9.349653302184136594e-01 0.000000000000000000e+00 1.147273421236083113e+00
-7.220013200000002485e+01 9.288173680811597777e-01 0.000000000000000000e+00 1.186484860168936617e+00
-7.284963000000006161e+01 9.371728240370298391e-01 0.000000000000000000e+00 1.163115352461359553e+00
-7.280638200000005611e+01 9.366164608778215772e-01 0.000000000000000000e+00 1.028704397310746144e+00
-7.247404000000003066e+01 9.323410528807439812e-01 0.000000000000000000e+00 9.849270663661376934e-01
-7.248216000000003589e+01 9.324455124824082564e-01 0.000000000000000000e+00 9.661832751668395503e-01
-7.249529800000006219e+01 9.326145260595839481e-01 0.000000000000000000e+00 1.062278179433715719e+00
-7.239669000000000665e+01 9.313459851235119658e-01 0.000000000000000000e+00 1.148804574417260138e+00
-7.230969199999996988e+01 9.302268008346472605e-01 0.000000000000000000e+00 1.029659238098711960e+00
-7.273287000000004809e+01 9.356707670062038851e-01 0.000000000000000000e+00 1.013857939314533052e+00
-7.246429800000001364e+01 9.322157270877127200e-01 0.000000000000000000e+00 1.018963902967870316e+00
-7.290295000000003256e+01 9.378587582686468416e-01 0.000000000000000000e+00 9.794775034154538096e-01
-7.245802800000002719e+01 9.321350667795313960e-01 0.000000000000000000e+00 1.049714761071844249e+00
-7.256203600000006304e+01 9.334730759236062880e-01 0.000000000000000000e+00 9.722797404247420783e-01
-7.284336400000003664e+01 9.370922151867798755e-01 0.000000000000000000e+00 1.362541392088898906e+00
-7.284227600000002667e+01 9.370782186293153959e-01 0.000000000000000000e+00 1.095289096574391108e+00
-7.268852000000001112e+01 9.351002271867692173e-01 0.000000000000000000e+00 8.667039115540154937e-01
-7.262875200000004838e+01 9.343313427690033146e-01 0.000000000000000000e+00 1.034198099195602571e+00
-7.307848800000002143e+01 9.401169638791049277e-01 0.000000000000000000e+00 9.145097963014462428e-01
-7.310300400000002696e+01 9.404323495434397939e-01 0.000000000000000000e+00 1.010640622507637643e+00
-7.312007400000005930e+01 9.406519462676282695e-01 0.000000000000000000e+00 1.021393945766511546e+00
-7.262008800000006659e+01 9.342198848886072993e-01 0.000000000000000000e+00 9.745167783931154570e-01
-7.260365000000004443e+01 9.340084185176519282e-01 0.000000000000000000e+00 1.177412857184184869e+00
-7.313263000000004865e+01 9.408134727157186905e-01 0.000000000000000000e+00 9.502584704737281340e-01
-7.284902400000007106e+01 9.371650281603540744e-01 0.000000000000000000e+00 8.974820657863207263e-01
-7.297260800000003655e+01 9.387548724229228814e-01 0.000000000000000000e+00 1.061164337436225180e+00
-7.306293600000003607e+01 9.399168954400557441e-01 0.000000000000000000e+00 9.931230128694579218e-01
-7.294372000000004164e+01 9.383832432390715184e-01 0.000000000000000000e+00 1.008276387472875735e+00
-7.319285200000001623e+01 9.415881976087501215e-01 0.000000000000000000e+00 1.023279860658012907e+00
-7.301922200000002761e+01 9.393545374317864294e-01 0.000000000000000000e+00 9.497514468660951392e-01
-7.280303600000004849e+01 9.365734163178253135e-01 0.000000000000000000e+00 1.087907728700212795e+00
-7.297044400000002895e+01 9.387270336817896688e-01 0.000000000000000000e+00 1.100491285544594966e+00
-7.285204000000005919e+01 9.372038274409720815e-01 0.000000000000000000e+00 9.575482758618809598e-01
-7.295233600000005936e+01 9.384940836242857687e-01 0.000000000000000000e+00 1.199324036846413533e+00
-7.315034800000002235e+01 9.410414056248668224e-01 0.000000000000000000e+00 9.099534021236269643e-01
-7.315337800000007462e+01 9.410803850082470889e-01 0.000000000000000000e+00 1.037157911822769174e+00
-7.310969600000002799e+01 9.405184386634319882e-01 0.000000000000000000e+00 8.908819978679850538e-01
-7.296036600000005024e+01 9.385973854224830548e-01 0.000000000000000000e+00 8.978958595460271308e-01
-7.262955200000006073e+01 9.343416343553743175e-01 0.000000000000000000e+00 1.028540792832842499e+00
-7.297713200000005429e+01 9.388130713438502806e-01 0.000000000000000000e+00 1.005955209244457249e+00
-7.269660400000006462e+01 9.352042236670473629e-01 0.000000000000000000e+00 9.460057620342591234e-01
-7.289606200000004321e+01 9.377701477099938954e-01 0.000000000000000000e+00 9.001438249591682261e-01
-7.299992400000003556e+01 9.391062786395556472e-01 0.000000000000000000e+00 1.024173066885344818e+00
-7.296756399999998166e+01 9.386899839708539028e-01 0.000000000000000000e+00 1.123653770457175183e+00
-7.307860400000005541e+01 9.401184561591291455e-01 0.000000000000000000e+00 1.014916408949799065e+00
-7.297132800000005659e+01 9.387384058847297874e-01 0.000000000000000000e+00 1.069002437853802112e+00
-7.256375600000002635e+01 9.334952028343032060e-01 0.000000000000000000e+00 1.157526250008432900e+00
-7.297815000000002783e+01 9.388261673875067936e-01 0.000000000000000000e+00 9.557966063061015261e-01
-7.264892000000001815e+01 9.345907936614121780e-01 0.000000000000000000e+00 8.694819676803032804e-01
-7.313121200000006183e+01 9.407952308788765095e-01 0.000000000000000000e+00 1.032445834642528704e+00
-7.317050200000004168e+01 9.413006764145147587e-01 0.000000000000000000e+00 9.564943358647840510e-01
-7.285163800000002254e+01 9.371986559188202337e-01 0.000000000000000000e+00 1.063225429195938876e+00
-7.258766400000004637e+01 9.338027668929963498e-01 0.000000000000000000e+00 9.348383717612215316e-01
-7.294900200000007828e+01 9.384511934380854736e-01 0.000000000000000000e+00 1.061691822543889163e+00
-7.297747200000003431e+01 9.388174452680576598e-01 0.000000000000000000e+00 9.384183338517482209e-01
-7.268140200000004825e+01 9.350086577970350143e-01 0.000000000000000000e+00 1.008886951248750830e+00
-7.245008400000004656e+01 9.320328713268690723e-01 0.000000000000000000e+00 1.047077881845713598e+00
-7.249770000000005155e+01 9.326454265476622485e-01 0.000000000000000000e+00 8.534995872609109080e-01
-7.319382200000001149e+01 9.416006761572246475e-01 0.000000000000000000e+00 1.043085542419239786e+00
-7.299089800000007244e+01 9.389901638163269393e-01 0.000000000000000000e+00 9.305509021058987473e-01
-7.308580000000003452e+01 9.402110289785347019e-01 0.000000000000000000e+00 9.435307740694854894e-01
-7.323855800000008287e+01 9.421761816670836120e-01 0.000000000000000000e+00 9.528577954869242861e-01
-7.247405000000004804e+01 9.323411815255738810e-01 0.000000000000000000e+00 9.599531968283715466e-01
-7.324898400000000720e+01 9.423103067664607702e-01 0.000000000000000000e+00 1.052947668437841156e+00
-7.270575800000001720e+01 9.353219851440952581e-01 0.000000000000000000e+00 9.432953063520762571e-01
-7.269935400000005643e+01 9.352396009951970957e-01 0.000000000000000000e+00 8.626650310766197371e-01
-7.339768200000003162e+01 9.442232296541773762e-01 0.000000000000000000e+00 9.351162914101146528e-01
-7.330150200000004190e+01 9.429859236827418112e-01 0.000000000000000000e+00 1.011120713350120992e+00
-7.286380600000006780e+01 9.373551909475215105e-01 0.000000000000000000e+00 9.259328642264217368e-01
-7.310469200000005685e+01 9.404540647906827200e-01 0.000000000000000000e+00 1.055387237820098134e+00
-7.265733600000004344e+01 9.346990611500338719e-01 0.000000000000000000e+00 1.034385554157880138e+00
-7.267361000000002491e+01 9.349084177457827050e-01 0.000000000000000000e+00 9.807831178927551852e-01
-7.306841400000007525e+01 9.399873670777306733e-01 0.000000000000000000e+00 9.567922059980352723e-01
-7.307177200000006678e+01 9.400305660115222395e-01 0.000000000000000000e+00 9.113141506792717950e-01
-7.323590400000001921e+01 9.421420393292975204e-01 0.000000000000000000e+00 8.904591272807392821e-01
-7.284322400000003483e+01 9.370904141591649417e-01 0.000000000000000000e+00 1.115582638470393739e+00
-7.282283800000004703e+01 9.368281588094699019e-01 0.000000000000000000e+00 1.038114860889680191e+00
-7.315144800000007308e+01 9.410555565561273816e-01 0.000000000000000000e+00 1.067353264674878455e+00
-7.314460200000009138e+01 9.409674863057589933e-01 0.000000000000000000e+00 9.301003436666864799e-01
-7.307741600000002791e+01 9.401031731533681102e-01 0.000000000000000000e+00 9.471332519308625075e-01
-7.339936400000006245e+01 9.442448677145224289e-01 0.000000000000000000e+00 9.203226107087768559e-01
-7.316888600000002896e+01 9.412798874100454238e-01 0.000000000000000000e+00 9.053501842743811867e-01
-7.340978400000003035e+01 9.443789156270023799e-01 0.000000000000000000e+00 9.079048731730177124e-01
-7.323090000000001965e+01 9.420776654565478081e-01 0.000000000000000000e+00 9.977959915774767818e-01
-7.332993400000002282e+01 9.433516866623615771e-01 0.000000000000000000e+00 1.047665172457211247e+00
-7.312932000000004962e+01 9.407708912771093335e-01 0.000000000000000000e+00 1.011497813675692692e+00
-7.318793800000001681e+01 9.415249815394671762e-01 0.000000000000000000e+00 1.048954681862862559e+00
-7.323128400000001648e+01 9.420826054180058140e-01 0.000000000000000000e+00 1.025800128278289591e+00
-7.372304800000003411e+01 9.484088950181007727e-01 0.000000000000000000e+00 9.859451690944106561e-01
-7.369249800000004313e+01 9.480158850635639345e-01 0.000000000000000000e+00 8.424643315268310895e-01
-7.332058000000002096e+01 9.432313522887203483e-01 0.000000000000000000e+00 8.080635906069807417e-01
-7.373680599999998719e+01 9.485858845747128232e-01 0.000000000000000000e+00 9.033839160410239710e-01
-7.382797200000004523e+01 9.497586880285699973e-01 0.000000000000000000e+00 1.023591965745820787e+00
-7.386507200000002626e+01 9.502359603465180271e-01 0.000000000000000000e+00 8.348630781200471196e-01
-7.394944600000006574e+01 9.513213882320863402e-01 0.000000000000000000e+00 7.146481939352739010e-01
-7.384128400000001591e+01 9.499299400257805726e-01 0.000000000000000000e+00 8.612520682088030677e-01
-7.373645200000002831e+01 9.485813305477442947e-01 0.000000000000000000e+00 7.402798404098086538e-01
-7.358382799999999690e+01 9.466179016999126672e-01 0.000000000000000000e+00 8.163937993221876965e-01
-7.384492600000007201e+01 9.499767924727345880e-01 0.000000000000000000e+00 9.746103468597396846e-01
-7.379489200000006122e+01 9.493331309321354494e-01 0.000000000000000000e+00 8.366489489467719975e-01
-7.328686800000005519e+01 9.427976648390531400e-01 0.000000000000000000e+00 9.724218447866038728e-01
-7.390807000000003768e+01 9.507891073849855657e-01 0.000000000000000000e+00 9.043372667430016332e-01
-7.364678600000003428e+01 9.474278238183333478e-01 0.000000000000000000e+00 9.609670832841019639e-01
-7.388393200000001571e+01 9.504785844952107210e-01 0.000000000000000000e+00 8.362102829728270681e-01
-7.385137800000005370e+01 9.500597941168152927e-01 0.000000000000000000e+00 8.543355879774920947e-01
-7.337705400000002953e+01 9.439578610996048891e-01 0.000000000000000000e+00 1.007429554738998423e+00
-7.368452800000002867e+01 9.479133551343441599e-01 0.000000000000000000e+00 8.173671714385484233e-01
-7.355595000000003836e+01 9.462592656438549854e-01 0.000000000000000000e+00 9.056079015855270642e-01
-7.351062800000003961e+01 9.456762215469802779e-01 0.000000000000000000e+00 8.260556202175064477e-01
-7.394768800000004205e+01 9.512987724710361137e-01 0.000000000000000000e+00 9.727659534844882439e-01
-7.364299200000002088e+01 9.473790159699694291e-01 0.000000000000000000e+00 9.755413257874785415e-01
-7.371600800000008746e+01 9.483183290580379232e-01 0.000000000000000000e+00 9.968491905108922690e-01
-7.369142800000005877e+01 9.480021200667930747e-01 0.000000000000000000e+00 9.821951917840142654e-01
-7.376284400000001540e+01 9.489208499821185638e-01 0.000000000000000000e+00 8.288854839597514790e-01
-7.383010800000002405e+01 9.497861665641799123e-01 0.000000000000000000e+00 8.410679365394613249e-01
-7.379074600000001283e+01 9.492797947857678498e-01 0.000000000000000000e+00 9.767222641554604845e-01
-7.345284200000007502e+01 9.449328345344482072e-01 0.000000000000000000e+00 9.103287031139519758e-01
-7.364768200000001741e+01 9.474393503950684359e-01 0.000000000000000000e+00 8.275258673219035854e-01
-7.346541800000004230e+01 9.450946182721975397e-01 0.000000000000000000e+00 9.279406695136140915e-01
-7.365813599999999894e+01 9.475738356999693357e-01 0.000000000000000000e+00 8.645369921594568963e-01
-7.336831000000002234e+01 9.438453740605713405e-01 0.000000000000000000e+00 8.543327293415841073e-01
-7.385318600000002220e+01 9.500830531020130199e-01 0.000000000000000000e+00 9.345794340717645809e-01
-7.336633000000006177e+01 9.438199023843040214e-01 0.000000000000000000e+00 9.741649815160275949e-01
-7.410619000000004064e+01 9.533378187497271172e-01 0.000000000000000000e+00 8.520493827273509790e-01
-7.363367200000004686e+01 9.472591189887492602e-01 0.000000000000000000e+00 9.499032535617890627e-01
-7.411326999999999998e+01 9.534288992891086778e-01 0.000000000000000000e+00 1.005682818192734418e+00
-7.379932400000006965e+01 9.493901463206301239e-01 0.000000000000000000e+00 8.751008109453277672e-01
-7.380345000000004063e+01 9.494432251773373688e-01 0.000000000000000000e+00 9.122398122481303329e-01
-7.372701600000003452e+01 9.484599412865001300e-01 0.000000000000000000e+00 9.298342307697163855e-01
-7.376545400000006225e+01 9.489544262826540288e-01 0.000000000000000000e+00 7.873891499240909253e-01
-7.374012800000001278e+01 9.486286203871181488e-01 0.000000000000000000e+00 8.868666903660364920e-01
-7.339965200000004586e+01 9.442485726856157946e-01 0.000000000000000000e+00 7.237016789375093628e-01
-7.374967000000000894e+01 9.487513732835564095e-01 0.000000000000000000e+00 1.060361603797535190e+00
-7.364732000000003609e+01 9.474346934522358543e-01 0.000000000000000000e+00 8.701714183847555351e-01
-7.394260800000002121e+01 9.512334208975808947e-01 0.000000000000000000e+00 8.771726614043275916e-01
-7.358865000000002965e+01 9.466799342367634429e-01 0.000000000000000000e+00 1.032067501267100784e+00
-7.370340600000005793e+01 9.481562108437306957e-01 0.000000000000000000e+00 9.978660100960695667e-01
-7.352809400000009532e+01 9.459009126064226169e-01 0.000000000000000000e+00 9.037396190018088804e-01
-7.381742400000001680e+01 9.496229934622699709e-01 0.000000000000000000e+00 9.498608941345361156e-01
-7.356624600000007774e+01 9.463917183604483307e-01 0.000000000000000000e+00 9.624903930172523658e-01
-7.409811000000003389e+01 9.532338737273814422e-01 0.000000000000000000e+00 8.478400746734153781e-01
-7.349939200000002870e+01 9.455316762164015509e-01 0.000000000000000000e+00 1.051134444368261533e+00
-7.380208200000002705e+01 9.494256265646430215e-01 0.000000000000000000e+00 8.156182153483824138e-01
-7.389415000000005307e+01 9.506100337821329349e-01 0.000000000000000000e+00 8.959099325109174394e-01
-7.377362800000001641e+01 9.490595805663976092e-01 0.000000000000000000e+00 8.594795244480545326e-01
-7.375958000000004233e+01 9.488788603097257912e-01 0.000000000000000000e+00 8.124953773295070514e-01
-7.375339600000005191e+01 9.487993063470792077e-01 0.000000000000000000e+00 9.381902682173682839e-01
-7.379436000000004015e+01 9.493262870271985676e-01 0.000000000000000000e+00 9.238243542880629766e-01
-7.421977000000003954e+01 9.547989667247288592e-01 0.000000000000000000e+00 9.484542011168290987e-01
-7.383986000000010108e+01 9.499116210020415174e-01 0.000000000000000000e+00 9.580370847506765042e-01
-7.347500800000004517e+01 9.452179886638181205e-01 0.000000000000000000e+00 1.019339615859505832e+00
-7.392161800000003780e+01 9.509633954001759371e-01 0.000000000000000000e+00 9.194821362400928955e-01
-7.372463600000006068e+01 9.484293238170472540e-01 0.000000000000000000e+00 8.083645319215128078e-01
-7.404027000000006353e+01 9.524897920327691780e-01 0.000000000000000000e+00 9.104628031164073709e-01
-7.324832000000006360e+01 9.423017647497736737e-01 0.000000000000000000e+00 8.273188375649975779e-01
-7.392822800000000427e+01 9.510484296325646403e-01 0.000000000000000000e+00 8.902290187781721764e-01
-7.411615800000008392e+01 9.534660519159084968e-01 0.000000000000000000e+00 8.421943000437984717e-01
-7.396704200000004903e+01 9.515477516743130471e-01 0.000000000000000000e+00 8.123456408687024233e-01
-7.386876600000002213e+01 9.502834817465853900e-01 0.000000000000000000e+00 8.816036302401004665e-01
-7.380205800000004501e+01 9.494253178170521945e-01 0.000000000000000000e+00 7.763994990058703527e-01
-7.408247000000004334e+01 9.530326732138313384e-01 0.000000000000000000e+00 9.404675030767591926e-01
-7.365336000000002059e+01 9.475123949293355885e-01 0.000000000000000000e+00 8.412756941308563441e-01
-7.395738800000005142e+01 9.514235579557828171e-01 0.000000000000000000e+00 8.675617861477296078e-01
-7.407620400000013205e+01 9.529520643635828181e-01 0.000000000000000000e+00 8.510435044393946935e-01
-7.325668800000005376e+01 9.424094147432127144e-01 0.000000000000000000e+00 1.023036281955815863e+00
-7.391367400000002874e+01 9.508611999475132803e-01 0.000000000000000000e+00 7.665491939803470434e-01
-7.382119400000001974e+01 9.496714925630426185e-01 0.000000000000000000e+00 7.870040567990621572e-01
-7.398249400000003106e+01 9.517465336650657859e-01 0.000000000000000000e+00 9.260869529412881773e-01
-7.352759000000006040e+01 9.458944289070085887e-01 0.000000000000000000e+00 8.611288294495142992e-01
-7.395205400000006080e+01 9.513549388036552923e-01 0.000000000000000000e+00 8.372010640825836569e-01
