-3.504650600000000793e+01 7.623048044128907241e-01 0.000000000000000000e+00 1.253186025016625127e+00
-3.423372600000001142e+01 7.446258352474423026e-01 0.000000000000000000e+00 1.303404513488356509e+00
-3.430110400000002358e+01 7.460913899909519253e-01 0.000000000000000000e+00 1.227563035960502313e+00
-3.440475800000002948e+01 7.483459925523775480e-01 0.000000000000000000e+00 1.367904068730144918e+00
-3.511960600000001875e+01 7.638948197257607875e-01 0.000000000000000000e+00 1.149979371779856319e+00
-3.538146800000001946e+01 7.695906417484517092e-01 0.000000000000000000e+00 1.116769063498751713e+00
-3.598770800000001913e+01 7.827771107398904249e-01 0.000000000000000000e+00 1.161964049729873105e+00
-3.586756400000000866e+01 7.801638303055614676e-01 0.000000000000000000e+00 1.337034436938553394e+00
-3.458865800000000945e+01 7.523460447553422803e-01 0.000000000000000000e+00 1.102284575364668839e+00
-3.597448400000001101e+01 7.824894724020325931e-01 0.000000000000000000e+00 1.234640536466735217e+00
-3.591958000000003892e+01 7.812952425697787806e-01 0.000000000000000000e+00 1.160389948215336808e+00
-3.510457200000001166e+01 7.635678116517020664e-01 0.000000000000000000e+00 1.478738906074833270e+00
-3.614451600000000298e+01 7.861878784714971813e-01 0.000000000000000000e+00 1.563047872672704397e+00
-3.510902400000001222e+01 7.636646481520152907e-01 0.000000000000000000e+00 1.245388552821564465e+00
-3.618552000000004654e+01 7.870797661307171733e-01 0.000000000000000000e+00 1.272026721655665549e+00
-3.612762800000001562e+01 7.858205436068771421e-01 0.000000000000000000e+00 1.130957781998349398e+00
-3.521857400000003935e+01 7.660474959977734422e-01 0.000000000000000000e+00 1.324288421895954304e+00
-3.667218200000003492e+01 7.976652658871030699e-01 0.000000000000000000e+00 1.424575715562250267e+00
-3.628161400000001180e+01 7.891699293519873759e-01 0.000000000000000000e+00 1.474089472293752090e+00
-3.680370200000002257e+01 8.005259883761401962e-01 0.000000000000000000e+00 1.228404239553712696e+00
-3.726175400000001758e+01 8.104891852857245560e-01 0.000000000000000000e+00 1.365596789465316485e+00
-3.738443200000000388e+01 8.131575833507344031e-01 0.000000000000000000e+00 1.345313163112755062e+00
-3.746547600000002376e+01 8.149203904781796570e-01 0.000000000000000000e+00 1.259693928443563316e+00
-3.747655400000002857e+01 8.151613506647182872e-01 0.000000000000000000e+00 1.328628585826282738e+00
-3.724439400000001399e+01 8.101115838379622236e-01 0.000000000000000000e+00 1.432422839060668807e+00
-3.783885400000002619e+01 8.230418232755625230e-01 0.000000000000000000e+00 1.473567602067386462e+00
-3.699790800000000246e+01 8.047502088118605457e-01 0.000000000000000000e+00 1.485828821229403740e+00
-3.753005000000000280e+01 8.163249547574302767e-01 0.000000000000000000e+00 1.341516746715138764e+00
-3.729245600000002270e+01 8.111569917171299604e-01 0.000000000000000000e+00 1.509453828866185843e+00
-3.760501000000000715e+01 8.179554273682746457e-01 0.000000000000000000e+00 1.351518010246330892e+00
-3.749046600000001916e+01 8.154639538525791931e-01 0.000000000000000000e+00 1.275486727157737032e+00
-3.778869000000002387e+01 8.219506942994366794e-01 0.000000000000000000e+00 1.106564284557650879e+00
-3.755192400000001385e+01 8.168007412821051139e-01 0.000000000000000000e+00 1.281771567218313868e+00
-3.682210000000001315e+01 8.009261676063202939e-01 0.000000000000000000e+00 1.282198559608700439e+00
-3.767830800000001545e+01 8.195497494257676374e-01 0.000000000000000000e+00 1.488942725267588418e+00
-3.685282200000001751e+01 8.015944090624350649e-01 0.000000000000000000e+00 1.357231421397354865e+00
-3.640082400000003560e+01 7.917628941323874292e-01 0.000000000000000000e+00 1.396344395387216997e+00
-3.773556600000002703e+01 8.207951816663191513e-01 0.000000000000000000e+00 1.347409795576743230e+00
-3.810999800000001869e+01 8.289395402658874534e-01 0.000000000000000000e+00 1.301920676103058616e+00
-3.816860200000001413e+01 8.302142496693815099e-01 0.000000000000000000e+00 1.459918248297873200e+00
-3.870539800000000952e+01 8.418902258648293113e-01 0.000000000000000000e+00 1.188047866428475263e+00
-3.873838400000003190e+01 8.426077121180489682e-01 0.000000000000000000e+00 1.313511455596729327e+00
-3.946455600000002306e+01 8.584028502818964457e-01 0.000000000000000000e+00 1.170305233285122037e+00
-3.814459400000003342e+01 8.296920460082138904e-01 0.000000000000000000e+00 9.947915087204065587e-01
-3.982189200000001961e+01 8.661753497598667639e-01 0.000000000000000000e+00 1.273255064838688666e+00
-3.864575600000001998e+01 8.405929386789173785e-01 0.000000000000000000e+00 1.331000679091267180e+00
-3.844019000000002961e+01 8.361216242082556427e-01 0.000000000000000000e+00 1.206506362824230960e+00
-3.990230800000002631e+01 8.679244971114364882e-01 0.000000000000000000e+00 1.142757427681488247e+00
-3.849491600000003189e+01 8.373119823205964485e-01 0.000000000000000000e+00 1.149724004537654887e+00
-3.940421400000003160e+01 8.570903372311553525e-01 0.000000000000000000e+00 1.127803941430898904e+00
-3.949630200000002844e+01 8.590933650031327140e-01 0.000000000000000000e+00 1.069548396152848690e+00
-3.989844600000002117e+01 8.678404938400505753e-01 0.000000000000000000e+00 1.217029531228732475e+00
-3.984434600000001581e+01 8.666637520011140072e-01 0.000000000000000000e+00 1.008166325805860852e+00
-3.938043200000002741e+01 8.565730493492035302e-01 0.000000000000000000e+00 1.288328444451894539e+00
-3.866583800000000792e+01 8.410297469896291789e-01 0.000000000000000000e+00 1.243062345217233799e+00
-4.001839400000000779e+01 8.704495110322267859e-01 0.000000000000000000e+00 1.179640798077485897e+00
-3.988991200000000958e+01 8.676548687965478512e-01 0.000000000000000000e+00 1.167049223277028647e+00
-3.953878600000002308e+01 8.600174444908474936e-01 0.000000000000000000e+00 1.141624245442351304e+00
-3.875707800000002834e+01 8.430143297139283121e-01 0.000000000000000000e+00 1.269912104138858577e+00
-3.882079600000000141e+01 8.444002749356163129e-01 0.000000000000000000e+00 1.204816337562105488e+00
-3.930482800000002896e+01 8.549285689427165158e-01 0.000000000000000000e+00 1.242251480914530193e+00
-3.935997400000000823e+01 8.561280625739543515e-01 0.000000000000000000e+00 1.064487753569288042e+00
-4.010961600000002392e+01 8.724337022342874004e-01 0.000000000000000000e+00 1.252143563808830296e+00
-3.982727600000001900e+01 8.662924584116381554e-01 0.000000000000000000e+00 1.184962590137022875e+00
-3.930492200000002612e+01 8.549306135588506939e-01 0.000000000000000000e+00 1.163162108053783506e+00
-3.980701800000002066e+01 8.658518218834834190e-01 0.000000000000000000e+00 1.101538594525077075e+00
-4.040707200000002786e+01 8.789037377323037914e-01 0.000000000000000000e+00 9.684618718296961193e-01
-4.024243000000001302e+01 8.753225708220229162e-01 0.000000000000000000e+00 1.138274236675321793e+00
-4.096741800000000211e+01 8.910919555230737421e-01 0.000000000000000000e+00 1.278935670852047846e+00
-4.076266600000001006e+01 8.866383465580847112e-01 0.000000000000000000e+00 9.917719113207678072e-01
-4.078296000000005250e+01 8.870797661307172621e-01 0.000000000000000000e+00 1.115009825385889108e+00
-4.086309800000002923e+01 8.888228666388257038e-01 0.000000000000000000e+00 1.000830599898369311e+00
-4.063677800000003515e+01 8.839001270272158761e-01 0.000000000000000000e+00 1.155924000820437669e+00
-4.087921800000003714e+01 8.891734965546050917e-01 0.000000000000000000e+00 1.038920299329835872e+00
-4.078967400000003352e+01 8.872258039256636364e-01 0.000000000000000000e+00 1.134232708973361259e+00
-4.003104800000001973e+01 8.707247511658665617e-01 0.000000000000000000e+00 1.311419775961853329e+00
-4.057013800000002846e+01 8.824506246954832989e-01 0.000000000000000000e+00 1.120923875696771210e+00
-4.026605600000003449e+01 8.758364655112417241e-01 0.000000000000000000e+00 1.311192932996283034e+00
-4.027044400000001190e+01 8.759319099324843760e-01 0.000000000000000000e+00 1.104413602651294513e+00
-4.050453600000002297e+01 8.810237001461687090e-01 0.000000000000000000e+00 1.133807116968705841e+00
-4.075532199999999960e+01 8.864786054847915153e-01 0.000000000000000000e+00 9.878176623530100509e-01
-4.093023800000001700e+01 8.902832445882928880e-01 0.000000000000000000e+00 1.088504628849258804e+00
-4.064385400000001169e+01 8.840540387694022506e-01 0.000000000000000000e+00 1.120832995374061891e+00
-4.045141800000003940e+01 8.798683180204643905e-01 0.000000000000000000e+00 1.126841667992106277e+00
-4.036902200000004370e+01 8.780761032226639395e-01 0.000000000000000000e+00 9.775283256202340620e-01
-4.043195400000004014e+01 8.794449519732728815e-01 0.000000000000000000e+00 9.998628002264949854e-01
-4.078612200000002730e+01 8.871485435372734596e-01 0.000000000000000000e+00 1.214401255271106983e+00
-4.025087800000003568e+01 8.755063252592754086e-01 0.000000000000000000e+00 1.011149635498968635e+00
-4.037175400000001702e+01 8.781355275979678687e-01 0.000000000000000000e+00 1.187679613246439114e+00
-4.101763800000004778e+01 8.921843025683868778e-01 0.000000000000000000e+00 1.298785951741242117e+00
-4.055464400000003167e+01 8.821136110531084817e-01 0.000000000000000000e+00 1.022270378980734584e+00
-4.018659800000002491e+01 8.741081558432524101e-01 0.000000000000000000e+00 1.204632255380466477e+00
-4.047072000000002845e+01 8.802881603675094535e-01 0.000000000000000000e+00 1.275375609874450644e+00
-4.138230800000001608e+01 9.001163256072948204e-01 0.000000000000000000e+00 1.109700014580335292e+00
-4.082912400000002862e+01 8.880838901649619199e-01 0.000000000000000000e+00 1.019176984572761846e+00
-4.090609800000001428e+01 8.897581697640428722e-01 0.000000000000000000e+00 1.198472003438654898e+00
-4.070558800000002719e+01 8.853968295399183841e-01 0.000000000000000000e+00 1.199727234595557190e+00
-4.133917600000004455e+01 8.991781513189958108e-01 0.000000000000000000e+00 1.025882002106706548e+00
-4.091393000000000768e+01 8.899285254402451439e-01 0.000000000000000000e+00 1.108073887109035871e+00
-4.124201600000002799e+01 8.970648012807133087e-01 0.000000000000000000e+00 1.146307678365100946e+00
-4.111117600000003591e+01 8.942188696317958652e-01 0.000000000000000000e+00 1.210867091699834974e+00
-4.086929000000002077e+01 8.889575502888568126e-01 0.000000000000000000e+00 1.145174096022967491e+00
-4.116248200000001845e+01 8.953348385188282244e-01 0.000000000000000000e+00 1.139028618966285045e+00
-4.033576800000001583e+01 8.773527876383381274e-01 0.000000000000000000e+00 1.220786373727519747e+00
-4.032862800000002323e+01 8.771974838170812916e-01 0.000000000000000000e+00 1.287751501224149386e+00
-4.087355600000002198e+01 8.890503410593726397e-01 0.000000000000000000e+00 1.202355222584726047e+00
-4.054073600000003097e+01 8.818110948701892715e-01 0.000000000000000000e+00 1.101673321533102046e+00
-4.065932600000001429e+01 8.843905738845968534e-01 0.000000000000000000e+00 1.239367390816048964e+00
-4.063632600000003947e+01 8.838902954687833935e-01 0.000000000000000000e+00 1.222938777312480907e+00
-4.120170600000001571e+01 8.961880089789102666e-01 0.000000000000000000e+00 1.252967279702083436e+00
-4.100030600000000902e+01 8.918073101552169701e-01 0.000000000000000000e+00 1.204104767231110262e+00
-4.125753800000003224e+01 8.974024239576814388e-01 0.000000000000000000e+00 1.190413464100230856e+00
-4.148539800000003197e+01 9.023586604719154858e-01 0.000000000000000000e+00 1.097727724882521905e+00
-4.136883400000002808e+01 8.998232494605699072e-01 0.000000000000000000e+00 1.239490034938204088e+00
-4.137932600000003447e+01 9.000514634231231437e-01 0.000000000000000000e+00 1.088941685337028176e+00
-4.159816400000001124e+01 9.048114602909447246e-01 0.000000000000000000e+00 9.459766338669376440e-01
-4.120727000000002960e+01 8.963090328530666229e-01 0.000000000000000000e+00 1.131067496623959778e+00
-4.197714600000002605e+01 9.130547870119027909e-01 0.000000000000000000e+00 9.751317129806651440e-01
-4.140354800000000779e+01 9.005783218486811403e-01 0.000000000000000000e+00 1.084316124697400241e+00
-4.151703800000002786e+01 9.030468695621917119e-01 0.000000000000000000e+00 9.747139124208016314e-01
-4.188694000000002404e+01 9.110926950650801714e-01 0.000000000000000000e+00 1.029636540560098013e+00
-4.195716400000002011e+01 9.126201538247376011e-01 0.000000000000000000e+00 1.142385940686766688e+00
-4.140890800000000382e+01 9.006949084708011366e-01 0.000000000000000000e+00 1.067855226982543648e+00
-4.176315800000000422e+01 9.084002836361105837e-01 0.000000000000000000e+00 8.748911718966115858e-01
-4.192793200000003395e+01 9.119843217094737442e-01 0.000000000000000000e+00 1.161750837251492863e+00
-4.187438600000002253e+01 9.108196300549875613e-01 0.000000000000000000e+00 1.080572351614989213e+00
-4.135896800000003282e+01 8.996086517714212416e-01 0.000000000000000000e+00 1.090417308947599917e+00
-4.195480000000002718e+01 9.125687339040863266e-01 0.000000000000000000e+00 9.978432953225683244e-01
-4.243402600000001712e+01 9.229924914735160302e-01 0.000000000000000000e+00 9.495965551216944966e-01
-4.164939800000002634e+01 9.059258630890240083e-01 0.000000000000000000e+00 1.013385681859567233e+00
-4.153639800000001969e+01 9.034679734808941376e-01 0.000000000000000000e+00 9.332270863747120782e-01
-4.183037800000003159e+01 9.098624016844163442e-01 0.000000000000000000e+00 7.356101849196866604e-01
-4.180765600000002280e+01 9.093681701120628347e-01 0.000000000000000000e+00 7.963099686210461936e-01
-4.134176000000000073e+01 8.992343565114497839e-01 0.000000000000000000e+00 1.060272392292936017e+00
-4.201729200000001185e+01 9.139280121110880950e-01 0.000000000000000000e+00 7.277593610611413633e-01
-4.174393400000002430e+01 9.079821378854323610e-01 0.000000000000000000e+00 9.398589182994813163e-01
-4.207221200000002170e+01 9.151225899631103555e-01 0.000000000000000000e+00 9.854936019328105479e-01
-4.177502800000002026e+01 9.086584708011419265e-01 0.000000000000000000e+00 8.102925996119296759e-01
-4.182054200000001032e+01 9.096484565323311733e-01 0.000000000000000000e+00 1.014349684208825986e+00
-4.187497000000002600e+01 9.108323327765022182e-01 0.000000000000000000e+00 9.117068261610674629e-01
-4.203081400000000656e+01 9.142221323171156877e-01 0.000000000000000000e+00 8.760841605506158869e-01
-4.119273000000001161e+01 8.959927698893299652e-01 0.000000000000000000e+00 1.092834883560765746e+00
-4.217629200000001077e+01 9.173864585508458847e-01 0.000000000000000000e+00 1.043740724188384039e+00
-4.209800400000001730e+01 9.156835978283569544e-01 0.000000000000000000e+00 1.023761078890238707e+00
-4.188327400000000722e+01 9.110129550358461170e-01 0.000000000000000000e+00 9.512653088397686751e-01
-4.252678400000004899e+01 9.250100925732591683e-01 0.000000000000000000e+00 8.608314424245125940e-01
-4.234870400000002633e+01 9.211366325607299732e-01 0.000000000000000000e+00 9.469630596530548283e-01
-4.131483800000003015e+01 8.986487697501224226e-01 0.000000000000000000e+00 1.114009113610872292e+00
-4.158350200000003127e+01 9.044925436764814641e-01 0.000000000000000000e+00 9.589535898419209170e-01
-4.213598600000001682e+01 9.165097532539850933e-01 0.000000000000000000e+00 1.006994019524235284e+00
-4.168545600000001627e+01 9.067101691376072692e-01 0.000000000000000000e+00 9.263153208276331263e-01
-4.211673000000003242e+01 9.160909114637717510e-01 0.000000000000000000e+00 8.467008035948002664e-01
-4.196728400000001358e+01 9.128402763276955989e-01 0.000000000000000000e+00 8.362428902290204302e-01
-4.202982200000004553e+01 9.142005550915300871e-01 0.000000000000000000e+00 9.135576543349298584e-01
-4.122260200000003749e+01 8.966425227952955490e-01 0.000000000000000000e+00 8.363812182361477499e-01
-4.255191800000000768e+01 9.255567881255656326e-01 0.000000000000000000e+00 9.962617671895458438e-01
-4.265141000000001981e+01 9.277208620449645116e-01 0.000000000000000000e+00 9.311942788427637341e-01
-4.210913800000003704e+01 9.159257760840823215e-01 0.000000000000000000e+00 1.056471693968927594e+00
-4.202064200000000938e+01 9.140008787499130927e-01 0.000000000000000000e+00 1.036401209428593484e+00
-4.250278400000001255e+01 9.244880629219741630e-01 0.000000000000000000e+00 1.058639640018349981e+00
-4.246134400000001818e+01 9.235866917240902474e-01 0.000000000000000000e+00 9.469341662524176639e-01
-4.232841600000001137e+01 9.206953434955107429e-01 0.000000000000000000e+00 7.854745660317897782e-01
-4.247766800000003684e+01 9.239417588919057733e-01 0.000000000000000000e+00 9.117567583738569459e-01
-4.249291400000002739e+01 9.242733782278839127e-01 0.000000000000000000e+00 1.025104214955334436e+00
-4.207205600000001056e+01 9.151191967703767860e-01 0.000000000000000000e+00 9.041999600428073380e-01
-4.216836200000003032e+01 9.172139712535678502e-01 0.000000000000000000e+00 9.715827348520686968e-01
-4.188208600000002946e+01 9.109871145681081028e-01 0.000000000000000000e+00 7.845760016902649792e-01
-4.271949800000000153e+01 9.292018601656574228e-01 0.000000000000000000e+00 9.524789002122275861e-01
-4.258569600000004129e+01 9.262915013572778911e-01 0.000000000000000000e+00 1.134437693479848575e+00
-4.290722000000003078e+01 9.332850455905901121e-01 0.000000000000000000e+00 9.795648246321252417e-01
-4.172069800000001294e+01 9.074767261780470884e-01 0.000000000000000000e+00 9.225620248486977593e-01
-4.189735400000001420e+01 9.113192124312663456e-01 0.000000000000000000e+00 1.031308861771136787e+00
-4.223819200000001928e+01 9.187328600264498268e-01 0.000000000000000000e+00 1.071242367551043184e+00
-4.162184800000001417e+01 9.053266165518204511e-01 0.000000000000000000e+00 1.188045365973926515e+00
-4.158350600000002117e+01 9.044926306814231598e-01 0.000000000000000000e+00 1.025007987337196669e+00
-4.291150200000001291e+01 9.333781843808730549e-01 0.000000000000000000e+00 9.183596938393402409e-01
-4.238454400000001243e+01 9.219161968399807172e-01 0.000000000000000000e+00 8.823891063550938219e-01
-4.191899400000001208e+01 9.117899091668408840e-01 0.000000000000000000e+00 1.125814270149711360e+00
-4.261361600000000749e+01 9.268987958516045067e-01 0.000000000000000000e+00 9.711221565661740662e-01
-4.223777000000001891e+01 9.187236810050813940e-01 0.000000000000000000e+00 8.794556940965174707e-01
-4.233283800000002373e+01 9.207915274587601395e-01 0.000000000000000000e+00 1.032409853895342566e+00
-4.242744600000001043e+01 9.228493683441221229e-01 0.000000000000000000e+00 8.082279820656667058e-01
-4.288673400000002545e+01 9.328394497807480645e-01 0.000000000000000000e+00 1.049226552287084724e+00
-4.232128400000002699e+01 9.205402136841377425e-01 0.000000000000000000e+00 9.733180393900137117e-01
-4.155708600000001951e+01 9.039179630403010313e-01 0.000000000000000000e+00 8.481496524395524261e-01
-4.160580999999999818e+01 9.049777702373493771e-01 0.000000000000000000e+00 1.102813215271642111e+00
-4.229236200000003976e+01 9.199111244518696218e-01 0.000000000000000000e+00 8.375492979044292241e-01
-4.175354600000004268e+01 9.081912107607721385e-01 0.000000000000000000e+00 1.195666613057251082e+00
-4.240950400000003384e+01 9.224591076773167586e-01 0.000000000000000000e+00 1.062690456552840557e+00
-4.210956800000003142e+01 9.159351291153343677e-01 0.000000000000000000e+00 9.432760572482361550e-01
-4.279014000000002227e+01 9.307384109417419227e-01 0.000000000000000000e+00 9.265255490979795727e-01
-4.295834800000002929e+01 9.343971427577092426e-01 0.000000000000000000e+00 1.034061252750727578e+00
-4.230008600000002872e+01 9.200791309946411145e-01 0.000000000000000000e+00 9.530790922927940834e-01
-4.253404600000000357e+01 9.251680500452426070e-01 0.000000000000000000e+00 8.693580619530872911e-01
-4.251685599999999710e+01 9.247941463075101121e-01 0.000000000000000000e+00 1.023112592944893207e+00
-4.254951000000001926e+01 9.255044111505537074e-01 0.000000000000000000e+00 9.564859959795807276e-01
-4.258626000000002421e+01 9.263037690540827374e-01 0.000000000000000000e+00 9.428931687507170478e-01
-4.189447400000001664e+01 9.112565688731123492e-01 0.000000000000000000e+00 1.077950172441503707e+00
-4.239908800000001321e+01 9.222325468086589595e-01 0.000000000000000000e+00 9.413661241262749613e-01
-4.256898200000001253e+01 9.259279512076288299e-01 0.000000000000000000e+00 9.020322219132179686e-01
-4.224819200000003860e+01 9.189503723811520697e-01 0.000000000000000000e+00 8.427730374558896065e-01
-4.230560200000003590e+01 9.201991108094946803e-01 0.000000000000000000e+00 1.102526495614192692e+00
-4.248429200000002481e+01 9.240858390756599983e-01 0.000000000000000000e+00 8.336937293027862905e-01
-4.231062800000002255e+01 9.203084325189675452e-01 0.000000000000000000e+00 9.973938678841619554e-01
-4.188113600000003345e+01 9.109664508944115280e-01 0.000000000000000000e+00 9.099160986429997156e-01
-4.260405000000002218e+01 9.266907235330971160e-01 0.000000000000000000e+00 8.498133424880468523e-01
-4.251619400000003424e+01 9.247797469896297251e-01 0.000000000000000000e+00 9.520538171084170775e-01
-4.231305000000002536e+01 9.203611140112762934e-01 0.000000000000000000e+00 8.380382544124018729e-01
-4.243045200000001671e+01 9.229147525579456390e-01 0.000000000000000000e+00 1.028956365899571512e+00
-4.251019600000001475e+01 9.246492830792791828e-01 0.000000000000000000e+00 8.838655023511581277e-01
-4.292074200000003259e+01 9.335791657966179269e-01 0.000000000000000000e+00 9.926301852567388506e-01
-4.219828400000000101e+01 9.178648117213057400e-01 0.000000000000000000e+00 9.871388269031856622e-01
-4.282683000000003659e+01 9.315364637711429641e-01 0.000000000000000000e+00 7.820117234777018700e-01
-4.313395800000002822e+01 9.382168772186265659e-01 0.000000000000000000e+00 8.139351396465908106e-01
-4.296157000000000892e+01 9.344672252383936506e-01 0.000000000000000000e+00 8.447726050496812134e-01
-4.348948800000002279e+01 9.459500939653376905e-01 0.000000000000000000e+00 8.631594364796336682e-01
-4.311302200000004348e+01 9.377614933528233276e-01 0.000000000000000000e+00 9.594005110073751119e-01
-4.346011000000000024e+01 9.453110861696943923e-01 0.000000000000000000e+00 8.192015163214936280e-01
-4.311900400000002520e+01 9.378916092434055329e-01 0.000000000000000000e+00 8.184415967291531757e-01
-4.338119600000000986e+01 9.435946091738012242e-01 0.000000000000000000e+00 7.218976233301349632e-01
-4.326943600000002021e+01 9.411636910976547421e-01 0.000000000000000000e+00 9.823008736470084656e-01
-4.337407200000001239e+01 9.434396533723117262e-01 0.000000000000000000e+00 7.784419546657529443e-01
-4.326723200000002834e+01 9.411157513746786218e-01 0.000000000000000000e+00 7.758009203762047390e-01
-4.241797599999998880e+01 9.226433841442190920e-01 0.000000000000000000e+00 9.186822337951842110e-01
-4.225411200000004186e+01 9.190791396951355496e-01 0.000000000000000000e+00 1.091731229113751089e+00
-4.289274800000003296e+01 9.329702617108658336e-01 0.000000000000000000e+00 8.085227569968690409e-01
-4.318109000000001885e+01 9.392420564488066503e-01 0.000000000000000000e+00 7.858450205114403397e-01
-4.250050400000005624e+01 9.244384701051031605e-01 0.000000000000000000e+00 8.219394828813080256e-01
-4.333745200000003450e+01 9.426431231293944668e-01 0.000000000000000000e+00 7.894528567471666980e-01
-4.278917400000000981e+01 9.307173992482774549e-01 0.000000000000000000e+00 9.009293539070163392e-01
-4.296695800000001952e+01 9.345844208951071819e-01 0.000000000000000000e+00 8.438119816881033408e-01
-4.332583000000003892e+01 9.423903302707601348e-01 0.000000000000000000e+00 7.254916640778611425e-01
-4.278275800000002249e+01 9.305778433215010637e-01 0.000000000000000000e+00 1.022567329652540158e+00
-4.287407200000002661e+01 9.325640356372246753e-01 0.000000000000000000e+00 8.088673839787621223e-01
-4.310949000000002229e+01 9.376846679891421843e-01 0.000000000000000000e+00 8.112407857253250976e-01
-4.315796400000002819e+01 9.387390373773235597e-01 0.000000000000000000e+00 8.377468672817608430e-01
-4.320209000000003385e+01 9.396988323936806831e-01 0.000000000000000000e+00 7.975714995338579749e-01
-4.333610000000004447e+01 9.426137154590389367e-01 0.000000000000000000e+00 8.177109555757994253e-01
-4.317871200000001153e+01 9.391903320108584419e-01 0.000000000000000000e+00 8.694736214747427194e-01
-4.347419400000001133e+01 9.456174305700565386e-01 0.000000000000000000e+00 8.336817552606899939e-01
-4.367272000000001242e+01 9.499356163430084932e-01 0.000000000000000000e+00 7.335716720128977464e-01
-4.509243200000003071e+01 9.808161063548415104e-01 0.000000000000000000e+00 3.867107558145062018e-01
-4.506862600000000185e+01 9.802982964432379598e-01 0.000000000000000000e+00 4.003340974988294221e-01
-4.516074800000000522e+01 9.823020637572215108e-01 0.000000000000000000e+00 3.223750605939134095e-01
-4.497298200000003732e+01 9.782179212779293920e-01 0.000000000000000000e+00 3.665848802394913730e-01
-4.492434200000000999e+01 9.771599411846594307e-01 0.000000000000000000e+00 4.792127561876136088e-01
-4.442236000000001894e+01 9.662412125008703612e-01 0.000000000000000000e+00 5.116009619248427231e-01
-4.498690000000004119e+01 9.785206549732032855e-01 0.000000000000000000e+00 4.093906439990285806e-01
-4.476122200000004625e+01 9.736118796547653664e-01 0.000000000000000000e+00 4.709295024510443683e-01
-4.493697800000000342e+01 9.774347897960604659e-01 0.000000000000000000e+00 3.690560154521452807e-01
-4.461589199999998101e+01 9.704507726038834603e-01 0.000000000000000000e+00 5.071190671017826723e-01
-4.492659799999999848e+01 9.772090119718799262e-01 0.000000000000000000e+00 4.364992133192028834e-01
-4.453874599999998907e+01 9.687727517923014897e-01 0.000000000000000000e+00 4.538386709798624685e-01
-4.483357000000003723e+01 9.751855380385613392e-01 0.000000000000000000e+00 4.900726776652004624e-01
-4.509802800000002065e+01 9.809378262685324312e-01 0.000000000000000000e+00 3.399289028694984505e-01
-4.493544800000004358e+01 9.774015104057919290e-01 0.000000000000000000e+00 4.095773491606372607e-01
-4.524681000000000353e+01 9.841740185842555722e-01 0.000000000000000000e+00 3.483381259638402838e-01
-4.509077400000001745e+01 9.807800428064317178e-01 0.000000000000000000e+00 3.493750503138686736e-01
-4.518636000000003605e+01 9.828591564000842551e-01 0.000000000000000000e+00 3.424291689642924852e-01
-4.521613600000002720e+01 9.835068211874439248e-01 0.000000000000000000e+00 3.008630748397357335e-01
-4.490505599999999475e+01 9.767404468573813725e-01 0.000000000000000000e+00 4.490353576143856773e-01
-4.516740999999998962e+01 9.824469704879233989e-01 0.000000000000000000e+00 3.269864376454175714e-01
-4.512952400000002484e+01 9.816229031809011740e-01 0.000000000000000000e+00 3.295234904089743844e-01
-4.514143400000001805e+01 9.818819603953508057e-01 0.000000000000000000e+00 3.726981772930692549e-01
-4.511890600000000973e+01 9.813919485626785288e-01 0.000000000000000000e+00 3.862079080579073898e-01
-4.526410999999999518e+01 9.845503149578894719e-01 0.000000000000000000e+00 3.009223993059349511e-01
-4.492433799999999877e+01 9.771598541797172910e-01 0.000000000000000000e+00 4.549581867300863114e-01
-4.509054799999999830e+01 9.807751270272150323e-01 0.000000000000000000e+00 3.986573482441924110e-01
-4.527631399999999218e+01 9.848157670355673909e-01 0.000000000000000000e+00 3.074317192877835669e-01
-4.528851800000003180e+01 9.850812191132463091e-01 0.000000000000000000e+00 2.877578177789956171e-01
-4.504706000000001609e+01 9.798292092990884550e-01 0.000000000000000000e+00 4.402376708877686062e-01
-4.521506200000001741e+01 9.834834603605487890e-01 0.000000000000000000e+00 3.017728621987010307e-01
-4.507146800000001008e+01 9.803601134544444040e-01 0.000000000000000000e+00 3.648498152014404972e-01
-4.523452199999998413e+01 9.839067394027977143e-01 0.000000000000000000e+00 3.395276729859178499e-01
-4.513999800000000562e+01 9.818507256212153367e-01 0.000000000000000000e+00 3.379835887415039153e-01
-4.527610400000000368e+01 9.848111992761189315e-01 0.000000000000000000e+00 2.675397713925313226e-01
-4.511034400000001199e+01 9.812057144845829360e-01 0.000000000000000000e+00 3.526202284600135628e-01
-4.530052400000000290e+01 9.853423644463005227e-01 0.000000000000000000e+00 3.102533507319528705e-01
-4.544547400000001858e+01 9.884952060277026886e-01 0.000000000000000000e+00 2.614655875226908899e-01
-4.556716000000002254e+01 9.911420268671264910e-01 0.000000000000000000e+00 2.332031463654543058e-01
-4.556357400000003111e+01 9.910640269367305688e-01 0.000000000000000000e+00 2.669304493153928926e-01
-4.558254400000001283e+01 9.914766478735994593e-01 0.000000000000000000e+00 2.425423192564611086e-01
-4.539010200000002015e+01 9.872907966172482785e-01 0.000000000000000000e+00 3.318033901166914656e-01
-4.548062400000001304e+01 9.892597619544792886e-01 0.000000000000000000e+00 2.854550891174134630e-01
-4.549304800000002302e+01 9.895299993039609054e-01 0.000000000000000000e+00 2.912699551337839532e-01
-4.558120400000005645e+01 9.914475012180703484e-01 0.000000000000000000e+00 3.022011745225827162e-01
-4.545766600000001034e+01 9.887603970905548545e-01 0.000000000000000000e+00 3.231757542348323575e-01
-4.556518400000001634e+01 9.910990464258372379e-01 0.000000000000000000e+00 2.302648465124325639e-01
-4.563501200000001745e+01 9.926178916962486998e-01 0.000000000000000000e+00 2.137941213391797712e-01
-4.551909400000003814e+01 9.900965319830173916e-01 0.000000000000000000e+00 2.723119074023969133e-01
-4.551002399999999426e+01 9.898992482773019130e-01 0.000000000000000000e+00 2.838766132308086498e-01
-4.563477000000001027e+01 9.926126278972646766e-01 0.000000000000000000e+00 2.086204603212407915e-01
-4.544611400000000856e+01 9.885091268184034163e-01 0.000000000000000000e+00 2.834996520832310241e-01
-4.555365000000001885e+01 9.908481676759243184e-01 0.000000000000000000e+00 2.814276437858741486e-01
-4.534184800000000592e+01 9.862412125008701569e-01 0.000000000000000000e+00 3.379419926555453646e-01
-4.549261200000000827e+01 9.895205157652955386e-01 0.000000000000000000e+00 3.147350783619699000e-01
-4.558962200000004117e+01 9.916306031182579028e-01 0.000000000000000000e+00 2.510174558620873464e-01
-4.562518000000000740e+01 9.924040335491056686e-01 0.000000000000000000e+00 2.413900377046047652e-01
-4.529616600000000659e+01 9.852475725621215874e-01 0.000000000000000000e+00 3.796395931018067271e-01
-4.559642799999999596e+01 9.917786420268669412e-01 0.000000000000000000e+00 2.624954495343927441e-01
-4.544776400000000649e+01 9.885450163569291515e-01 0.000000000000000000e+00 3.131992716169922364e-01
-4.564589600000000047e+01 9.928546321431056532e-01 0.000000000000000000e+00 2.277714971925447474e-01
-4.544682800000000356e+01 9.885246572005289556e-01 0.000000000000000000e+00 2.012303951577736616e-01
-4.562786000000001962e+01 9.924623268601659998e-01 0.000000000000000000e+00 2.253850406873903478e-01
-4.539225399999999411e+01 9.873376052759794685e-01 0.000000000000000000e+00 3.583756393405215790e-01
-4.555728200000000783e+01 9.909271681631517392e-01 0.000000000000000000e+00 2.848677071586358522e-01
-4.545924800000000232e+01 9.887948075450685437e-01 0.000000000000000000e+00 2.832585200622906307e-01
-4.556853999999999871e+01 9.911720435720747790e-01 0.000000000000000000e+00 2.366438802517535078e-01
-4.549214800000002157e+01 9.895104231920377469e-01 0.000000000000000000e+00 2.710280072299363074e-01
-4.555090000000003414e+01 9.907883517783816485e-01 0.000000000000000000e+00 2.579168270915451755e-01
-4.524987799999999538e+01 9.842407513746779246e-01 0.000000000000000000e+00 3.797578887351332755e-01
-4.554920000000001323e+01 9.907513746780819419e-01 0.000000000000000000e+00 2.575012766468303682e-01
-4.549886000000001474e+01 9.896564174845133843e-01 0.000000000000000000e+00 2.979724216104642776e-01
-4.555629600000001034e+01 9.909057214449782380e-01 0.000000000000000000e+00 2.781938274663982580e-01
-4.533683200000002245e+01 9.861321083037520863e-01 0.000000000000000000e+00 3.636536544293185735e-01
-4.547071200000002733e+01 9.890441637084991244e-01 0.000000000000000000e+00 3.071858455282885925e-01
-4.558871200000002233e+01 9.916108094939797279e-01 0.000000000000000000e+00 2.436147104082032333e-01
-4.555889000000004074e+01 9.909621441497885597e-01 0.000000000000000000e+00 2.876972895319670487e-01
-4.557355200000001361e+01 9.912810607642515981e-01 0.000000000000000000e+00 2.604913757970623300e-01
-4.555630000000002156e+01 9.909058084499203778e-01 0.000000000000000000e+00 2.885136139847578884e-01
-4.550260600000001432e+01 9.897378976125846828e-01 0.000000000000000000e+00 3.243530206177193675e-01
-4.543346000000001794e+01 9.882338866847639736e-01 0.000000000000000000e+00 3.306789324460158164e-01
-4.554984200000004080e+01 9.907653389712544056e-01 0.000000000000000000e+00 2.616977473068015092e-01
-4.552581200000000905e+01 9.902426567829053505e-01 0.000000000000000000e+00 2.970321654792511534e-01
-4.543619200000002678e+01 9.882933110600686799e-01 0.000000000000000000e+00 3.590858020984501464e-01
-4.554637000000001024e+01 9.906898186817012508e-01 0.000000000000000000e+00 2.341029168049078013e-01
-4.550928600000001012e+01 9.898831958655253116e-01 0.000000000000000000e+00 2.771229902429827585e-01
-4.547714800000002100e+01 9.891841546599851043e-01 0.000000000000000000e+00 2.654177490506448578e-01
-4.548336600000001795e+01 9.893194038421385672e-01 0.000000000000000000e+00 3.360859739153457815e-01
-4.547369600000000389e+01 9.891090693951416490e-01 0.000000000000000000e+00 3.124050937646527526e-01
-4.553564400000001910e+01 9.904565149300483817e-01 0.000000000000000000e+00 2.523737497435024069e-01
-4.563356200000001195e+01 9.925863524048167408e-01 0.000000000000000000e+00 2.183858890157786559e-01
-4.520783200000001045e+01 9.833261989280992488e-01 0.000000000000000000e+00 3.753425519294197876e-01
-4.561846200000000806e+01 9.922579087492170435e-01 0.000000000000000000e+00 2.356222566616822667e-01
-4.545960000000002310e+01 9.888024639799545268e-01 0.000000000000000000e+00 3.452152799268159988e-01
-4.557895000000001318e+01 9.913984739333195906e-01 0.000000000000000000e+00 2.581584610468947716e-01
-4.543025000000005065e+01 9.881640652189054297e-01 0.000000000000000000e+00 3.500635005887429152e-01
-4.546040400000001114e+01 9.888199519732722154e-01 0.000000000000000000e+00 3.009649329954066088e-01
-4.534340600000000876e+01 9.862751009257326729e-01 0.000000000000000000e+00 3.220524675931367709e-01
-4.554202600000000700e+01 9.905953313148188055e-01 0.000000000000000000e+00 2.502218743193306838e-01
-4.564456000000000557e+01 9.928255724925176828e-01 0.000000000000000000e+00 2.152972087157841996e-01
-4.547034000000001441e+01 9.890360722489039969e-01 0.000000000000000000e+00 3.205643577735174943e-01
-4.542295000000002148e+01 9.880052811999725515e-01 0.000000000000000000e+00 3.395557589473983673e-01
-4.541766400000000203e+01 9.878903041692768117e-01 0.000000000000000000e+00 3.102019034647135465e-01
-4.536844800000001499e+01 9.868197953643769171e-01 0.000000000000000000e+00 2.911862344398733482e-01
-4.550429000000001167e+01 9.897745266931163854e-01 0.000000000000000000e+00 2.747832444202914504e-01
-4.550723600000002023e+01 9.898386058328116910e-01 0.000000000000000000e+00 2.752237574605565507e-01
-4.550371400000003064e+01 9.897619979814860081e-01 0.000000000000000000e+00 2.814543029525484741e-01
-4.547545800000000327e+01 9.891473950720400810e-01 0.000000000000000000e+00 2.519226180613982069e-01
-4.549178000000001276e+01 9.895024187373845370e-01 0.000000000000000000e+00 3.084065092527960572e-01
-4.558436200000001293e+01 9.915161916196841840e-01 0.000000000000000000e+00 2.733375545793783612e-01
-4.565094600000001890e+01 9.929644758822304684e-01 0.000000000000000000e+00 2.279479629701091914e-01
-4.569964400000001348e+01 9.940237175471569042e-01 0.000000000000000000e+00 2.273491482635499050e-01
-4.564952399999998534e+01 9.929335456253911563e-01 0.000000000000000000e+00 2.360359256682352525e-01
-4.567604600000001369e+01 9.935104318925317424e-01 0.000000000000000000e+00 2.049867221223479197e-01
-4.571886800000001472e+01 9.944418632978355710e-01 0.000000000000000000e+00 2.029451559889861034e-01
-4.567028000000001953e+01 9.933850142688108731e-01 0.000000000000000000e+00 2.519945886864894957e-01
-4.569190000000002527e+01 9.938552759796761560e-01 0.000000000000000000e+00 2.277505449105904356e-01
-4.544101400000001689e+01 9.883981955175057399e-01 0.000000000000000000e+00 3.962303903365603786e-01
-4.568973000000001861e+01 9.938080757987056701e-01 0.000000000000000000e+00 2.198193241107914975e-01
-4.533089000000000368e+01 9.860028624625879479e-01 0.000000000000000000e+00 4.177323016700846825e-01
-4.567816999999998018e+01 9.935566315166696194e-01 0.000000000000000000e+00 2.253715843004635844e-01
-4.538362800000000163e+01 9.871499791188139694e-01 0.000000000000000000e+00 4.149441642077900116e-01
-4.563746400000002268e+01 9.926712257256216088e-01 0.000000000000000000e+00 2.286267530851602281e-01
-4.564367600000003478e+01 9.928063444003626392e-01 0.000000000000000000e+00 2.329159483894168436e-01
-4.571802199999999061e+01 9.944234617526273023e-01 0.000000000000000000e+00 2.152992015261032954e-01
-4.542175399999999286e+01 9.879792667223495917e-01 0.000000000000000000e+00 3.688127069558769788e-01
-4.564979000000000298e+01 9.929393314540265747e-01 0.000000000000000000e+00 2.367403476854386124e-01
-4.543717200000001810e+01 9.883146272708293045e-01 0.000000000000000000e+00 3.765006842871436166e-01
-4.566611400000001453e+01 9.932943986218419896e-01 0.000000000000000000e+00 2.640376545766600636e-01
-4.555798000000000769e+01 9.909423505255099407e-01 0.000000000000000000e+00 3.105162680557542187e-01
-4.565797000000001304e+01 9.931172565601728008e-01 0.000000000000000000e+00 2.768881076200541136e-01
-4.529337600000000918e+01 9.851868866151598514e-01 0.000000000000000000e+00 4.031616647240044982e-01
-4.572412800000001454e+01 9.945562747964087347e-01 0.000000000000000000e+00 2.065112035408220859e-01
-4.558211800000000125e+01 9.914673818472888867e-01 0.000000000000000000e+00 2.118218540532242899e-01
-4.566335600000001449e+01 9.932344087144152622e-01 0.000000000000000000e+00 2.453554446228182750e-01
-4.559091600000000710e+01 9.916587492169556262e-01 0.000000000000000000e+00 2.578108776415441450e-01
-4.575342399999999543e+01 9.951934989907424978e-01 0.000000000000000000e+00 1.859067351272048196e-01
-4.570495800000000486e+01 9.941393036124451799e-01 0.000000000000000000e+00 2.263582363146410537e-01
-4.569400199999999757e+01 9.939009970766338187e-01 0.000000000000000000e+00 2.273784679179786938e-01
-4.564050200000001212e+01 9.927373059789798004e-01 0.000000000000000000e+00 2.521935580125520548e-01
-4.563850200000000967e+01 9.926938035080393741e-01 0.000000000000000000e+00 2.442202210292918063e-01
-4.554888000000001824e+01 9.907444142827316336e-01 0.000000000000000000e+00 2.965603200604279288e-01
-4.567784999999999229e+01 9.935496711213194221e-01 0.000000000000000000e+00 2.310857873412191232e-01
-4.559088599999998337e+01 9.916580966798910213e-01 0.000000000000000000e+00 2.733374120242624272e-01
-4.574949800000000977e+01 9.951081036402869007e-01 0.000000000000000000e+00 2.098104223562139992e-01
-4.571730000000000160e+01 9.944077573606180387e-01 0.000000000000000000e+00 2.237946163405865607e-01
-4.577051200000000364e+01 9.955651841024570903e-01 0.000000000000000000e+00 1.845423283847279494e-01
-4.580642399999999981e+01 9.963463144706619090e-01 0.000000000000000000e+00 1.536876230500949236e-01
-4.581039199999999312e+01 9.964326233730074200e-01 0.000000000000000000e+00 1.565493149654825777e-01
-4.559857200000001143e+01 9.918252766757154060e-01 0.000000000000000000e+00 3.077557460196007622e-01
-4.577418999999999727e+01 9.956451851465162317e-01 0.000000000000000000e+00 1.914504137083311575e-01
-4.584410600000000358e+01 9.971659445256491061e-01 0.000000000000000000e+00 1.193439421558258329e-01
-4.585502400000000023e+01 9.974034245145123601e-01 0.000000000000000000e+00 1.086182389952276006e-01
-4.557744799999999685e+01 9.913658035776430344e-01 0.000000000000000000e+00 2.309918851519698058e-01
-4.581590400000001040e+01 9.965525161829194012e-01 0.000000000000000000e+00 1.389586101591905876e-01
-4.572144600000001446e+01 9.944979379828776667e-01 0.000000000000000000e+00 2.081877296862598981e-01
-4.571413000000000437e+01 9.943388059441776727e-01 0.000000000000000000e+00 2.162883902981800888e-01
-4.588509599999999722e+01 9.980575276675713869e-01 0.000000000000000000e+00 7.069078765006124587e-02
-4.590592400000000595e+01 9.985105623999444013e-01 0.000000000000000000e+00 5.847728924613296297e-02
-4.589478599999999631e+01 9.982682971392773386e-01 0.000000000000000000e+00 6.491988694700800977e-02
-4.589054600000000050e+01 9.981760719008838656e-01 0.000000000000000000e+00 6.688345875136572638e-02
-4.585513000000000972e+01 9.974057301454724023e-01 0.000000000000000000e+00 1.055466783614315007e-01
-4.591572599999999227e+01 9.987237680100227166e-01 0.000000000000000000e+00 4.915791626292979888e-02
-4.587372999999999479e+01 9.978103031252173460e-01 0.000000000000000000e+00 1.017173559676549516e-01
-4.590087800000000584e+01 9.984008056657618368e-01 0.000000000000000000e+00 6.166111290306561937e-02
-4.585908200000000079e+01 9.974916910280503535e-01 0.000000000000000000e+00 1.052070669938799247e-01
-4.590091799999999722e+01 9.984016757151804589e-01 0.000000000000000000e+00 6.279067739463346787e-02
-4.582964000000000482e+01 9.968512911533375931e-01 0.000000000000000000e+00 1.403234906215002631e-01
-4.589791600000000216e+01 9.983363785062991935e-01 0.000000000000000000e+00 6.278478346178786862e-02
-4.584408400000000938e+01 9.971654659984688918e-01 0.000000000000000000e+00 1.254785978933983526e-01
-4.587919799999999526e+01 9.979292388807682324e-01 0.000000000000000000e+00 8.958351893426942658e-02
-4.593734800000000007e+01 9.991940732233590694e-01 0.000000000000000000e+00 6.142195178938158161e-03
-4.593538000000000210e+01 9.991512667919537627e-01 0.000000000000000000e+00 5.366374921489094375e-03
-4.593659199999999743e+01 9.991776292893435052e-01 0.000000000000000000e+00 6.054961735318485985e-03
-4.592969200000000285e+01 9.990275457645994006e-01 0.000000000000000000e+00 2.482151917472910294e-02
-4.593364799999999093e+01 9.991135936521191585e-01 0.000000000000000000e+00 9.564839652381668111e-03
-4.593671599999999700e+01 9.991803264425418440e-01 0.000000000000000000e+00 5.813059487573556811e-03
-4.591731800000000874e+01 9.987583959768916442e-01 0.000000000000000000e+00 4.737248994976390321e-02
-4.593022600000001177e+01 9.990391609243407522e-01 0.000000000000000000e+00 2.791523468059617374e-02
-4.593630400000000691e+01 9.991713649335283165e-01 0.000000000000000000e+00 5.901582051202848220e-03
-4.593225199999999830e+01 9.990832289274029776e-01 0.000000000000000000e+00 2.049263223106286003e-02
-4.593702600000000302e+01 9.991870693255376912e-01 0.000000000000000000e+00 6.118866667360675984e-03
-4.593633599999999717e+01 9.991720609730631031e-01 0.000000000000000000e+00 5.807614646203409364e-03
-4.593679200000000407e+01 9.991819795364377255e-01 0.000000000000000000e+00 6.204326935879727473e-03
-4.593557999999999453e+01 9.991556170390476499e-01 0.000000000000000000e+00 5.578421629708163292e-03
-4.593618800000000135e+01 9.991688417902137020e-01 0.000000000000000000e+00 5.862658410343590462e-03
-4.593371600000000399e+01 9.991150727361314265e-01 0.000000000000000000e+00 6.277629353747899744e-03
-4.593872800000000467e+01 9.992240899283080235e-01 0.000000000000000000e+00 6.562428720152464930e-03
-4.593754400000000260e+01 9.991983364655112609e-01 0.000000000000000000e+00 6.393436027867554355e-03
-4.593965200000000948e+01 9.992441880698824663e-01 0.000000000000000000e+00 6.545728501562895173e-03
-4.589389800000000719e+01 9.982489820421800442e-01 0.000000000000000000e+00 6.765048915439184074e-02
-4.589645799999999554e+01 9.983046652049835101e-01 0.000000000000000000e+00 6.290511241287873034e-02
-4.593774400000000213e+01 9.992026867126052592e-01 0.000000000000000000e+00 6.505573678692752777e-03
-4.593842200000000275e+01 9.992174340502540941e-01 0.000000000000000000e+00 7.033880202781522643e-03
-4.593708399999999870e+01 9.991883308971948319e-01 0.000000000000000000e+00 6.198675648716398152e-03
-4.591965400000000841e+01 9.988092068629499387e-01 0.000000000000000000e+00 4.533498085241630116e-02
-4.592805400000000304e+01 9.989919172408993076e-01 0.000000000000000000e+00 3.391747387915965833e-02
-4.593735799999999614e+01 9.991942907357136416e-01 0.000000000000000000e+00 6.718904131425186207e-03
-4.593574799999999669e+01 9.991592712466066395e-01 0.000000000000000000e+00 5.867122571818010265e-03
-4.593883999999999901e+01 9.992265260666804982e-01 0.000000000000000000e+00 6.675509287120793764e-03
-4.593636000000000053e+01 9.991725830027144983e-01 0.000000000000000000e+00 5.987866519433670230e-03
-4.593848599999999749e+01 9.992188261293240004e-01 0.000000000000000000e+00 6.855581225498260170e-03
-4.593690799999999541e+01 9.991845026797520068e-01 0.000000000000000000e+00 6.229770169408051748e-03
-4.593739599999999967e+01 9.991951172826616379e-01 0.000000000000000000e+00 6.471443409162347567e-03
-4.593931800000000720e+01 9.992369231572354460e-01 0.000000000000000000e+00 7.034523524172222979e-03
-4.593128399999999800e+01 9.990621737314678841e-01 0.000000000000000000e+00 2.832161868341068547e-02
-4.593935400000000868e+01 9.992377062017123723e-01 0.000000000000000000e+00 6.822828880999740574e-03
-4.589147600000000438e+01 9.981963005498712960e-01 0.000000000000000000e+00 6.607488729701527230e-02
-4.593820400000000603e+01 9.992126922809215772e-01 0.000000000000000000e+00 6.645419475097988360e-03
-4.593896800000000269e+01 9.992293102248207548e-01 0.000000000000000000e+00 7.115311133412356714e-03
-4.593574799999999669e+01 9.991592712466066395e-01 0.000000000000000000e+00 5.867122571818010265e-03
-4.593800400000000650e+01 9.992083420338275790e-01 0.000000000000000000e+00 6.549885032533407474e-03
-4.592908599999999808e+01 9.990143645159044183e-01 0.000000000000000000e+00 3.082221755405555041e-02
-4.593797999999999604e+01 9.992078200041760727e-01 0.000000000000000000e+00 6.391756054055565753e-03
-4.593751000000000317e+01 9.991975969235052935e-01 0.000000000000000000e+00 6.793245308259582629e-03
-4.593755800000000278e+01 9.991986409828078619e-01 0.000000000000000000e+00 6.831199666888613381e-03
-4.593817599999999857e+01 9.992120832463282643e-01 0.000000000000000000e+00 6.614662623004525892e-03
-4.593863599999999536e+01 9.992220888146444713e-01 0.000000000000000000e+00 6.722456261057421258e-03
-4.593803200000000686e+01 9.992089510684207809e-01 0.000000000000000000e+00 6.581683797948134282e-03
-4.593653199999999970e+01 9.991763242152154056e-01 0.000000000000000000e+00 6.105617218281153384e-03
-4.593592399999999998e+01 9.991630994640494645e-01 0.000000000000000000e+00 5.869336857901763689e-03
-4.592083000000000936e+01 9.988347863158628659e-01 0.000000000000000000e+00 4.455441684733553454e-02
-4.593751199999999812e+01 9.991976404259761413e-01 0.000000000000000000e+00 6.484936391361986394e-03
-4.592874400000000890e+01 9.990069255933737846e-01 0.000000000000000000e+00 3.398440616851060997e-02
-4.593790599999999813e+01 9.992062104127513722e-01 0.000000000000000000e+00 6.855239388286697017e-03
-4.593796599999999586e+01 9.992075154868794717e-01 0.000000000000000000e+00 6.797923331148389946e-03
-4.593743200000000115e+01 9.991959003271385642e-01 0.000000000000000000e+00 6.251866468779091086e-03
-4.591504000000000474e+01 9.987088466624904903e-01 0.000000000000000000e+00 4.905998801714621382e-02
-4.593820200000000398e+01 9.992126487784506184e-01 0.000000000000000000e+00 6.681165748399392999e-03
-4.593812799999999896e+01 9.992110391870256958e-01 0.000000000000000000e+00 7.128178256226096535e-03
-4.593690799999999541e+01 9.991845026797520068e-01 0.000000000000000000e+00 6.229770169408051748e-03
-4.593994399999999700e+01 9.992505394306395727e-01 0.000000000000000000e+00 6.410098094083136605e-03
-4.593860800000000211e+01 9.992214797800514914e-01 0.000000000000000000e+00 6.693879007095062186e-03
-4.593568599999999691e+01 9.991579226700075811e-01 0.000000000000000000e+00 6.704092222311873808e-03
-4.593854799999999727e+01 9.992201747059231698e-01 0.000000000000000000e+00 6.669430942060757157e-03
-4.593690799999999541e+01 9.991845026797520068e-01 0.000000000000000000e+00 6.229770169408051748e-03
-4.593649800000000738e+01 9.991755846732095492e-01 0.000000000000000000e+00 6.957213827563091257e-03
-4.594167600000000107e+01 9.992882125704739549e-01 0.000000000000000000e+00 5.934237588568982806e-03
-4.593738000000000454e+01 9.991947692628941891e-01 0.000000000000000000e+00 6.046386348786935046e-03
-4.593974400000000458e+01 9.992461891835456855e-01 0.000000000000000000e+00 7.827642291161849078e-03
-4.593997600000000148e+01 9.992512354701746924e-01 0.000000000000000000e+00 6.305058414969037968e-03
-4.593102399999999363e+01 9.990565184102454532e-01 0.000000000000000000e+00 2.472303600068027213e-02
-4.594043200000000127e+01 9.992611540335490927e-01 0.000000000000000000e+00 6.416060656153831261e-03
-4.593829200000000412e+01 9.992146063896429897e-01 0.000000000000000000e+00 6.614060321724122768e-03
-4.594025599999999798e+01 9.992573258161062677e-01 0.000000000000000000e+00 6.537789451267314762e-03
-4.594202000000000652e+01 9.992956949954757695e-01 0.000000000000000000e+00 5.857396256793627118e-03
-4.593990199999999646e+01 9.992496258787497698e-01 0.000000000000000000e+00 6.796463429720296656e-03
-4.593753000000000242e+01 9.991980319482146600e-01 0.000000000000000000e+00 6.798596111765954630e-03
-4.593909999999999627e+01 9.992321813879027070e-01 0.000000000000000000e+00 6.675721123988347279e-03
-4.593748399999999776e+01 9.991970313913829393e-01 0.000000000000000000e+00 6.450381243138195164e-03
-4.594143400000000099e+01 9.992829487714901537e-01 0.000000000000000000e+00 6.371023735189847333e-03
-4.591244199999999864e+01 9.986523369527388061e-01 0.000000000000000000e+00 7.621920166880730152e-02
-4.594031600000000992e+01 9.992586308902347003e-01 0.000000000000000000e+00 6.455640709465475420e-03
-4.593852799999999803e+01 9.992197396812138033e-01 0.000000000000000000e+00 6.482019887210520651e-03
-4.594098000000000326e+01 9.992730737105868233e-01 0.000000000000000000e+00 6.293912402738360487e-03
-4.593797599999999903e+01 9.992077329992342660e-01 0.000000000000000000e+00 6.517809633937884234e-03
-4.593971599999999711e+01 9.992455801489523726e-01 0.000000000000000000e+00 7.165584414408203082e-03
-4.593589599999999962e+01 9.991624904294563736e-01 0.000000000000000000e+00 5.823427433283245164e-03
-4.593997600000000148e+01 9.992512354701746924e-01 0.000000000000000000e+00 6.305058414969037968e-03
-4.593647200000000197e+01 9.991750191410871951e-01 0.000000000000000000e+00 6.155265135548494346e-03
-4.594136000000000308e+01 9.992813391800654532e-01 0.000000000000000000e+00 6.873576987716779191e-03
-4.593751600000000224e+01 9.991977274309180590e-01 0.000000000000000000e+00 6.358525971108633032e-03
-4.594033999999999907e+01 9.992591529198857625e-01 0.000000000000000000e+00 6.603672073058776577e-03
-4.593519799999999975e+01 9.991473080670981721e-01 0.000000000000000000e+00 1.629539180073351357e-02
-4.594106400000000434e+01 9.992749008143663181e-01 0.000000000000000000e+00 6.352658236256483737e-03
-4.593958999999999548e+01 9.992428394932830749e-01 0.000000000000000000e+00 6.865305837501642187e-03
-4.593918800000000857e+01 9.992340954966243416e-01 0.000000000000000000e+00 6.632507638576009938e-03
-4.593866400000000283e+01 9.992226978492377842e-01 0.000000000000000000e+00 6.750795239351318686e-03
-4.593928400000000778e+01 9.992361836152294785e-01 0.000000000000000000e+00 6.334333573328142925e-03
-4.593818200000000473e+01 9.992122137537412518e-01 0.000000000000000000e+00 6.360934751205999695e-03
-4.594037600000000054e+01 9.992599359643626888e-01 0.000000000000000000e+00 6.371862388897056757e-03
-4.593855599999999839e+01 9.992203487158070052e-01 0.000000000000000000e+00 6.511874468301741964e-03
-4.593768800000000141e+01 9.992014686434189663e-01 0.000000000000000000e+00 6.438415012935920848e-03
-4.593499400000000321e+01 9.991428708150622562e-01 0.000000000000000000e+00 5.456713407549130916e-03
-4.593991200000000674e+01 9.992498433911046751e-01 0.000000000000000000e+00 6.513285257724856815e-03
-4.594295600000000235e+01 9.993160541518758544e-01 0.000000000000000000e+00 5.895218401383396818e-03
-4.594110400000000283e+01 9.992757708637850511e-01 0.000000000000000000e+00 6.888695468122983320e-03
-4.594167599999999396e+01 9.992882125704738439e-01 0.000000000000000000e+00 6.857556769615375664e-03
-4.594468400000000230e+01 9.993536402867683188e-01 0.000000000000000000e+00 4.474590890390893472e-03
-4.594133600000000683e+01 9.992808171504142800e-01 0.000000000000000000e+00 6.785181715260349584e-03
-4.594327600000000444e+01 9.993230145472262738e-01 0.000000000000000000e+00 5.582858324435210039e-03
-4.594223200000000418e+01 9.993003062573954098e-01 0.000000000000000000e+00 6.385382296363946615e-03
-4.594375999999999749e+01 9.993335421451937650e-01 0.000000000000000000e+00 5.443706402254577283e-03
-4.581641400000000175e+01 9.965636093130089135e-01 0.000000000000000000e+00 1.797324976488989257e-01
-4.594263800000000231e+01 9.993091372589962829e-01 0.000000000000000000e+00 6.370366686241871190e-03
-4.582873600000000636e+01 9.968316280364725168e-01 0.000000000000000000e+00 1.717591992566718795e-01
-4.594220200000000176e+01 9.992996537203312490e-01 0.000000000000000000e+00 6.625905388868143925e-03
-4.588394600000001589e+01 9.980325137467811469e-01 0.000000000000000000e+00 1.320645934856325421e-01
-4.594209200000000237e+01 9.992972610844296222e-01 0.000000000000000000e+00 6.313264535160857324e-03
-4.593734800000000718e+01 9.991940732233591804e-01 0.000000000000000000e+00 2.644111613041818729e-02
-4.594221200000000493e+01 9.992998712326860433e-01 0.000000000000000000e+00 6.104928957470970481e-03
-4.594436400000000020e+01 9.993466798914177884e-01 0.000000000000000000e+00 4.951512777716070290e-03
-4.594287200000000837e+01 9.993142270480964706e-01 0.000000000000000000e+00 5.859328744262658033e-03
-4.594346199999999669e+01 9.993270602770235600e-01 0.000000000000000000e+00 5.984268602517678164e-03
-4.594135800000000103e+01 9.992812956775944944e-01 0.000000000000000000e+00 6.957841009620931855e-03
-4.589510800000000756e+01 9.982753010370990499e-01 0.000000000000000000e+00 1.152096180749238724e-01
-4.594047200000000686e+01 9.992620240829680478e-01 0.000000000000000000e+00 6.950882220004644951e-03
-4.594167999999999807e+01 9.992882995754157616e-01 0.000000000000000000e+00 6.735643168168961754e-03
-4.594331799999999788e+01 9.993239280991159657e-01 0.000000000000000000e+00 6.075690591334010314e-03
-4.589598400000001988e+01 9.982943551193711462e-01 0.000000000000000000e+00 1.165828467033406812e-01
-4.594263600000000025e+01 9.993090937565253240e-01 0.000000000000000000e+00 6.175113297943170439e-03
-4.592143400000001208e+01 9.988479240620868893e-01 0.000000000000000000e+00 6.665863621330944677e-02
-4.594503600000000176e+01 9.993612967216537468e-01 0.000000000000000000e+00 3.695520630070488720e-03
-4.594076400000000859e+01 9.992683754437253763e-01 0.000000000000000000e+00 6.787771535950132100e-03
-4.594199400000000821e+01 9.992951294633536374e-01 0.000000000000000000e+00 6.690288755829154436e-03
-4.594131199999999637e+01 9.992802951207627737e-01 0.000000000000000000e+00 6.644832122740636053e-03
-4.594220399999999671e+01 9.992996972228020969e-01 0.000000000000000000e+00 6.371272647715378601e-03
-4.586986200000000480e+01 9.977261693464188896e-01 0.000000000000000000e+00 1.462616852139216050e-01
-4.594326199999999716e+01 9.993227100299295618e-01 0.000000000000000000e+00 6.056014290844884823e-03
-4.594180000000000064e+01 9.992909097236722937e-01 0.000000000000000000e+00 6.548405619815234925e-03
-4.594217199999999934e+01 9.992990011832670882e-01 0.000000000000000000e+00 6.486350548216990135e-03
-4.594616800000000012e+01 9.993859191202060233e-01 0.000000000000000000e+00 2.851860282466393490e-03
-4.594331999999999994e+01 9.993239716015869245e-01 0.000000000000000000e+00 6.034647437670209724e-03
-4.594565200000000260e+01 9.993746954827034124e-01 0.000000000000000000e+00 3.704937464541794949e-03
-4.594660400000000067e+01 9.993954026588709461e-01 0.000000000000000000e+00 7.180107199336284917e-04
-4.594144800000000828e+01 9.992832532887869768e-01 0.000000000000000000e+00 6.851682385747626114e-03
-4.594452800000000536e+01 9.993502470940349713e-01 0.000000000000000000e+00 5.149837302520489553e-03
-4.594395200000000301e+01 9.993377183824041499e-01 0.000000000000000000e+00 5.649787338449625829e-03
-4.594674400000000247e+01 9.993984478318368447e-01 0.000000000000000000e+00 3.939748235816932466e-04
-4.591819000000000983e+01 9.987773630542216008e-01 0.000000000000000000e+00 4.975796266412990665e-02
-4.594640000000001123e+01 9.993909654068352522e-01 0.000000000000000000e+00 2.084284631292870893e-03
-4.585593199999999570e+01 9.974231746363192430e-01 0.000000000000000000e+00 1.586661961286635891e-01
-4.594671600000000211e+01 9.993978387972436428e-01 0.000000000000000000e+00 4.800505023938421716e-04
-4.594352399999999648e+01 9.993284088536227294e-01 0.000000000000000000e+00 5.818728383419287213e-03
-4.594138000000000233e+01 9.992817742047748197e-01 0.000000000000000000e+00 1.570324549868402225e-02
-4.594666000000000139e+01 9.993966207280573499e-01 0.000000000000000000e+00 6.133201579613800766e-04
-4.594585200000000214e+01 9.993790457297974106e-01 0.000000000000000000e+00 3.449212470502496450e-03
-4.594545200000001017e+01 9.993703452356095251e-01 0.000000000000000000e+00 3.933859235515774905e-03
-4.594680000000000319e+01 9.993996659010231376e-01 0.000000000000000000e+00 0.000000000000000000e+00
-4.587953200000000464e+01 9.979365037934154747e-01 0.000000000000000000e+00 1.372891256296791540e-01
-4.594568000000000296e+01 9.993753045172966143e-01 0.000000000000000000e+00 3.702906311469267644e-03
-4.594671600000000211e+01 9.993978387972436428e-01 0.000000000000000000e+00 4.800505023938421716e-04
-4.594680000000000319e+01 9.993996659010231376e-01 0.000000000000000000e+00 0.000000000000000000e+00
-4.594562400000000224e+01 9.993740864481102104e-01 0.000000000000000000e+00 3.706753868606338029e-03
-4.594320399999999438e+01 9.993214484582721990e-01 0.000000000000000000e+00 6.132146130159196566e-03
-4.589989800000001452e+01 9.983794894550013233e-01 0.000000000000000000e+00 1.097328528101713385e-01
-4.594239600000000223e+01 9.993038734600124817e-01 0.000000000000000000e+00 6.594149840671198123e-03
-4.594680000000000319e+01 9.993996659010231376e-01 0.000000000000000000e+00 0.000000000000000000e+00
-4.594680000000000319e+01 9.993996659010231376e-01 0.000000000000000000e+00 0.000000000000000000e+00
-4.594640800000000525e+01 9.993911394167189766e-01 0.000000000000000000e+00 9.764582464555778777e-04
-4.594680000000000319e+01 9.993996659010231376e-01 0.000000000000000000e+00 0.000000000000000000e+00
-4.594463999999999970e+01 9.993526832324075571e-01 0.000000000000000000e+00 5.167732050470674049e-03
-4.594657200000000330e+01 9.993947066193359374e-01 0.000000000000000000e+00 1.509838442090012927e-03
-4.594663200000000103e+01 9.993960116934641480e-01 0.000000000000000000e+00 6.683131184127760272e-04
-4.594680000000000319e+01 9.993996659010231376e-01 0.000000000000000000e+00 0.000000000000000000e+00
-4.594680000000000319e+01 9.993996659010231376e-01 0.000000000000000000e+00 0.000000000000000000e+00
-4.594680000000000319e+01 9.993996659010231376e-01 0.000000000000000000e+00 0.000000000000000000e+00
-4.594622799999999785e+01 9.993872241943341228e-01 0.000000000000000000e+00 2.519743453351719516e-03
-4.594588399999999950e+01 9.993797417693324192e-01 0.000000000000000000e+00 3.190539044415885948e-03
-4.594651600000000258e+01 9.993934885501496446e-01 0.000000000000000000e+00 1.552106421427035992e-03
-4.594680000000000319e+01 9.993996659010231376e-01 0.000000000000000000e+00 0.000000000000000000e+00
-4.594677200000000994e+01 9.993990568664301577e-01 0.000000000000000000e+00 2.800000000000571671e-04
-4.594403999999999400e+01 9.993396324911253403e-01 0.000000000000000000e+00 5.521089044965002066e-03
-4.594334800000000030e+01 9.993245806361801264e-01 0.000000000000000000e+00 6.044322488372399355e-03
-4.594680000000000319e+01 9.993996659010231376e-01 0.000000000000000000e+00 0.000000000000000000e+00
-4.591642999999999830e+01 9.987390808797939057e-01 0.000000000000000000e+00 8.996419209099786041e-02
-4.594562400000000224e+01 9.993740864481102104e-01 0.000000000000000000e+00 3.706753868606338029e-03
-4.594680000000000319e+01 9.993996659010231376e-01 0.000000000000000000e+00 0.000000000000000000e+00
-4.594498800000000216e+01 9.993602526623511784e-01 0.000000000000000000e+00 4.696340290185343005e-03
-4.593981400000000548e+01 9.992477117700285794e-01 0.000000000000000000e+00 1.622894919331550195e-02
-4.594366400000000539e+01 9.993314540265887391e-01 0.000000000000000000e+00 5.862455789069735690e-03
-4.594645599999999774e+01 9.993921834760213230e-01 0.000000000000000000e+00 2.056196351116454206e-03
-4.594562400000000224e+01 9.993740864481102104e-01 0.000000000000000000e+00 3.706753868606338029e-03
-4.594651600000000258e+01 9.993934885501496446e-01 0.000000000000000000e+00 1.552106421427035992e-03
-4.594663200000000103e+01 9.993960116934641480e-01 0.000000000000000000e+00 6.683131184127760272e-04
-4.594680000000000319e+01 9.993996659010231376e-01 0.000000000000000000e+00 0.000000000000000000e+00
-4.594691400000000669e+01 9.994021455418669042e-01 0.000000000000000000e+00 1.450114589689735153e-03
-4.594435599999999909e+01 9.993465058815339530e-01 0.000000000000000000e+00 5.279698491545115578e-03
-4.594424000000000063e+01 9.993439827382194496e-01 0.000000000000000000e+00 5.413339304371234464e-03
-4.594574000000000069e+01 9.993766095914247138e-01 0.000000000000000000e+00 3.462176579360160076e-03
-4.594449999999999790e+01 9.993496380594416584e-01 0.000000000000000000e+00 5.144969102989279536e-03
-4.594479199999999963e+01 9.993559894201989868e-01 0.000000000000000000e+00 4.674791196115474744e-03
-4.594424000000000063e+01 9.993439827382194496e-01 0.000000000000000000e+00 5.413339304371234464e-03
-4.594346399999999875e+01 9.993271037794946299e-01 0.000000000000000000e+00 5.942545113354383637e-03
-4.594207999999999714e+01 9.992970000696038690e-01 0.000000000000000000e+00 6.696177109276612270e-03
-4.594671600000000211e+01 9.993978387972436428e-01 0.000000000000000000e+00 4.800505023938421716e-04
-4.594222399999999595e+01 9.993001322475114634e-01 0.000000000000000000e+00 6.640511115780162350e-03
-4.593974399999999747e+01 9.992461891835454635e-01 0.000000000000000000e+00 2.548627010051482053e-02
-4.594611200000000650e+01 9.993847010510197304e-01 0.000000000000000000e+00 2.866500347536441590e-03
-4.588530400000001208e+01 9.980620519245495537e-01 0.000000000000000000e+00 1.247662589716386633e-01
-4.593513000000001512e+01 9.991458289830864592e-01 0.000000000000000000e+00 3.229748559497518101e-02
-4.594248399999999322e+01 9.993057875687336722e-01 0.000000000000000000e+00 6.505517782327026668e-03
-4.594403999999999400e+01 9.993396324911253403e-01 0.000000000000000000e+00 5.521089044965002066e-03
-4.594680000000000319e+01 9.993996659010231376e-01 0.000000000000000000e+00 0.000000000000000000e+00
-4.594556800000000152e+01 9.993728683789239176e-01 0.000000000000000000e+00 3.709743654189838306e-03
-4.594507600000000025e+01 9.993621667710725909e-01 0.000000000000000000e+00 4.520371844900287345e-03
-4.594441199999999981e+01 9.993477239507203569e-01 0.000000000000000000e+00 5.290572518713379871e-03
-4.588542800000000454e+01 9.980647490777476705e-01 0.000000000000000000e+00 1.320311870718283431e-01
-4.594386399999999782e+01 9.993358042736826263e-01 0.000000000000000000e+00 5.774264044234067236e-03
-4.594674400000000247e+01 9.993984478318368447e-01 0.000000000000000000e+00 3.939748235816932466e-04
-4.594403999999999400e+01 9.993396324911253403e-01 0.000000000000000000e+00 5.521089044965002066e-03
-4.581851199999999835e+01 9.966092434050253246e-01 0.000000000000000000e+00 1.800344104482663743e-01
-4.594444000000000017e+01 9.993483329853135588e-01 0.000000000000000000e+00 5.295776857578137278e-03
-4.594400800000000373e+01 9.993389364515904427e-01 0.000000000000000000e+00 5.663986531971292732e-03
-4.594671600000000211e+01 9.993978387972436428e-01 0.000000000000000000e+00 4.800505023938421716e-04
-4.594389600000000229e+01 9.993365003132177460e-01 0.000000000000000000e+00 5.634990253010543383e-03
-4.593189200000000483e+01 9.990753984826338252e-01 0.000000000000000000e+00 3.784834618699974701e-02
-4.594306000000000267e+01 9.993183162803647157e-01 0.000000000000000000e+00 6.215360574473343530e-03
-4.594648800000000222e+01 9.993928795155564426e-01 0.000000000000000000e+00 1.572059062812353192e-03
-4.594424000000000063e+01 9.993439827382194496e-01 0.000000000000000000e+00 5.413339304371234464e-03
-4.594533600000000462e+01 9.993678220922949107e-01 0.000000000000000000e+00 4.142597633311720373e-03
-4.594190400000000807e+01 9.992931718521612661e-01 0.000000000000000000e+00 2.148400353939722979e-02
-4.594536399999999787e+01 9.993684311268878906e-01 0.000000000000000000e+00 4.142938985110466814e-03
-4.592593800000000215e+01 9.989458916266443778e-01 0.000000000000000000e+00 7.588466365332240116e-02
-4.594481600000000299e+01 9.993565114498503821e-01 0.000000000000000000e+00 4.854878209002661503e-03
-4.594663200000000103e+01 9.993960116934641480e-01 0.000000000000000000e+00 6.683131184127760272e-04
-4.594196799999999570e+01 9.992945639312311723e-01 0.000000000000000000e+00 6.638894881871321846e-03
-4.594680000000000319e+01 9.993996659010231376e-01 0.000000000000000000e+00 0.000000000000000000e+00
-4.594668800000000175e+01 9.993972297626504409e-01 0.000000000000000000e+00 5.514498795875255079e-04
-4.594680000000000319e+01 9.993996659010231376e-01 0.000000000000000000e+00 0.000000000000000000e+00
-4.594384000000000157e+01 9.993352822440314531e-01 0.000000000000000000e+00 5.619590552683230607e-03
-4.594680000000000319e+01 9.993996659010231376e-01 0.000000000000000000e+00 0.000000000000000000e+00
-4.594472799999999779e+01 9.993545973411288585e-01 0.000000000000000000e+00 5.014525970326365843e-03
-4.594542400000000271e+01 9.993697362010162122e-01 0.000000000000000000e+00 3.934132430384399033e-03
-4.594366400000000539e+01 9.993314540265887391e-01 0.000000000000000000e+00 5.862455789069736557e-03
-4.579744599999999366e+01 9.961510318786105378e-01 0.000000000000000000e+00 2.091414809996996749e-01
-4.594185199999999725e+01 9.992920407879166689e-01 0.000000000000000000e+00 6.704053952195762091e-03
-4.594297600000000159e+01 9.993164891765852209e-01 0.000000000000000000e+00 6.182757385576382117e-03
-4.593856000000000250e+01 9.992204357207489229e-01 0.000000000000000000e+00 2.549099266546402467e-02
-4.588615200000000272e+01 9.980804969722280040e-01 0.000000000000000000e+00 1.267028692124484157e-01
-4.591879399999999833e+01 9.987905008004454022e-01 0.000000000000000000e+00 7.238519551187984347e-02
-4.594018000000000512e+01 9.992556727222107193e-01 0.000000000000000000e+00 7.098128932574276038e-03
-4.594357600000000019e+01 9.993295399178673266e-01 0.000000000000000000e+00 5.978228513667399775e-03
-4.594516400000000544e+01 9.993640808797940034e-01 0.000000000000000000e+00 4.335466141797424990e-03
-4.594403999999999400e+01 9.993396324911253403e-01 0.000000000000000000e+00 5.521089044965002066e-03
-4.594185199999999725e+01 9.992920407879166689e-01 0.000000000000000000e+00 6.704053952195762091e-03
-4.594470000000000454e+01 9.993539883065358786e-01 0.000000000000000000e+00 5.010655313097633033e-03
-4.594328800000000257e+01 9.993232755620519159e-01 0.000000000000000000e+00 6.161878239169758624e-03
-4.594426800000000100e+01 9.993445917728126515e-01 0.000000000000000000e+00 5.419323451010715949e-03
-4.588715400000000955e+01 9.981022917101692871e-01 0.000000000000000000e+00 1.272736901565315326e-01
-4.594542400000000271e+01 9.993697362010162122e-01 0.000000000000000000e+00 3.934132430384399033e-03
-4.594597199999999759e+01 9.993816558780537207e-01 0.000000000000000000e+00 2.897999309869204142e-03
-4.594370999999999583e+01 9.993324545834202377e-01 0.000000000000000000e+00 6.197384590098044439e-03
-4.594657600000000031e+01 9.993947936242778551e-01 0.000000000000000000e+00 7.634477881641721624e-04
-4.594559600000000188e+01 9.993734774135171195e-01 0.000000000000000000e+00 3.708355839224014919e-03
-4.586590600000000251e+01 9.976401214588989097e-01 0.000000000000000000e+00 1.503000808618241702e-01
-4.593867600000000095e+01 9.992229588640634264e-01 0.000000000000000000e+00 2.548907121719394542e-02
-4.583324999999999960e+01 9.969298131133847995e-01 0.000000000000000000e+00 1.664430557520530374e-01
-4.594429599999999425e+01 9.993452008074056314e-01 0.000000000000000000e+00 5.425155027343930153e-03
-4.594637600000000788e+01 9.993904433771839679e-01 0.000000000000000000e+00 1.644649727836776723e-03
-4.594340400000000102e+01 9.993257987053664193e-01 0.000000000000000000e+00 6.063234460353826051e-03
-4.594588399999999950e+01 9.993797417693324192e-01 0.000000000000000000e+00 3.190539044415885948e-03
-4.594400800000000373e+01 9.993389364515904427e-01 0.000000000000000000e+00 5.663986531971292732e-03
-4.594663200000000103e+01 9.993960116934641480e-01 0.000000000000000000e+00 6.683131184127760272e-04
-4.593709199999999981e+01 9.991885049070786673e-01 0.000000000000000000e+00 2.538112589140176581e-02
-4.593518600000000163e+01 9.991470470522725300e-01 0.000000000000000000e+00 3.231541840463646870e-02
-4.594680000000000319e+01 9.993996659010231376e-01 0.000000000000000000e+00 0.000000000000000000e+00
-4.594568399999999997e+01 9.993753915222384210e-01 0.000000000000000000e+00 3.467270343709440410e-03
-4.594294800000000123e+01 9.993158801419920190e-01 0.000000000000000000e+00 6.171594754858114248e-03
-4.594680000000000319e+01 9.993996659010231376e-01 0.000000000000000000e+00 0.000000000000000000e+00
-4.594492199999999826e+01 9.993588170808100912e-01 0.000000000000000000e+00 5.086873183782396855e-03
-4.580816799999999489e+01 9.963842486253217112e-01 0.000000000000000000e+00 1.934958287233435881e-01
-4.594345400000000268e+01 9.993268862671399466e-01 0.000000000000000000e+00 6.257366083508253581e-03
-4.591111600000001403e+01 9.986234948145057411e-01 0.000000000000000000e+00 9.521326696454006366e-02
-4.594674400000000247e+01 9.993984478318368447e-01 0.000000000000000000e+00 3.939748235816932466e-04
-4.594389600000000229e+01 9.993365003132177460e-01 0.000000000000000000e+00 5.634990253010543383e-03
-4.592831600000000236e+01 9.989976160645924752e-01 0.000000000000000000e+00 4.381799989903233106e-02
-4.585531199999999785e+01 9.974096888703277708e-01 0.000000000000000000e+00 1.433278034733144468e-01
-4.594392400000000265e+01 9.993371093478109479e-01 0.000000000000000000e+00 5.642463821754348935e-03
-4.594377999999999673e+01 9.993339771699031315e-01 0.000000000000000000e+00 5.751029771645463189e-03
-4.594206799999999902e+01 9.992967390547782269e-01 0.000000000000000000e+00 1.565094556152162725e-02
-4.591051600000000832e+01 9.986104440732235243e-01 0.000000000000000000e+00 9.601930858010891690e-02
-4.594312000000000040e+01 9.993196213544929263e-01 0.000000000000000000e+00 6.101101076317658189e-03
-4.594208400000000125e+01 9.992970870745457868e-01 0.000000000000000000e+00 6.571021783005973234e-03
-4.594006800000000368e+01 9.992532365838380226e-01 0.000000000000000000e+00 2.124299470984377866e-02
-4.591115400000001046e+01 9.986243213614535152e-01 0.000000000000000000e+00 1.028331937723138828e-01
-4.594510799999999762e+01 9.993628628106074885e-01 0.000000000000000000e+00 4.332020313895721710e-03
-4.587115200000000925e+01 9.977542284401755834e-01 0.000000000000000000e+00 1.447353394330778698e-01
-4.594593999999999312e+01 9.993809598385186010e-01 0.000000000000000000e+00 3.181448752002611572e-03
-4.585506400000000582e+01 9.974042945639313151e-01 0.000000000000000000e+00 1.364772490160542917e-01
-4.592452600000000729e+01 9.989151788821606370e-01 0.000000000000000000e+00 5.426233811193408724e-02
-4.589944800000000669e+01 9.983697013990395774e-01 0.000000000000000000e+00 1.044091915919716229e-01
-4.594205599999999379e+01 9.992964780399524738e-01 0.000000000000000000e+00 6.556673214090764056e-03
-4.594337600000000066e+01 9.993251896707732174e-01 0.000000000000000000e+00 6.053851266055778821e-03
-4.594288800000000350e+01 9.993145750678639194e-01 0.000000000000000000e+00 6.282913819289329301e-03
-4.594521999999999906e+01 9.993652989489801852e-01 0.000000000000000000e+00 4.338179108773995186e-03
-4.594493200000000144e+01 9.993590345931648855e-01 0.000000000000000000e+00 4.691037661694943961e-03
-4.585066400000000897e+01 9.973085891278625770e-01 0.000000000000000000e+00 1.571898880753196392e-01
-4.594553400000000210e+01 9.993721288369179501e-01 0.000000000000000000e+00 3.931232618275600638e-03
-4.575494400000001605e+01 9.952265608686575726e-01 0.000000000000000000e+00 2.338483218678389097e-01
-4.594467399999999202e+01 9.993534227744133025e-01 0.000000000000000000e+00 5.244768822360558469e-03
-4.593715600000000165e+01 9.991898969861487956e-01 0.000000000000000000e+00 6.685040135718983527e-03
-4.594473200000000190e+01 9.993546843460708873e-01 0.000000000000000000e+00 4.843925280309200124e-03
-4.590188600000000463e+01 9.984227309111157744e-01 0.000000000000000000e+00 9.382639569595095652e-02
-4.591605600000000464e+01 9.987309459177281523e-01 0.000000000000000000e+00 7.848658422323216699e-02
-4.585723600000000744e+01 9.974515382473725378e-01 0.000000000000000000e+00 1.486657490935136827e-01
-4.594680000000000319e+01 9.993996659010231376e-01 0.000000000000000000e+00 0.000000000000000000e+00
-4.588294399999999484e+01 9.980107190088395308e-01 0.000000000000000000e+00 1.352403892811958885e-01
-4.594430400000000247e+01 9.993453748172895779e-01 0.000000000000000000e+00 6.100006954790465272e-03
-4.584971200000001801e+01 9.972878819516951543e-01 0.000000000000000000e+00 1.621460753565609481e-01
-4.594279999999999831e+01 9.993126609591423959e-01 0.000000000000000000e+00 6.380272626454914185e-03
-4.585187800000001346e+01 9.973349951277235004e-01 0.000000000000000000e+00 1.633544275679753854e-01
-4.594536399999999787e+01 9.993684311268878906e-01 0.000000000000000000e+00 4.142938985110466814e-03
-4.593909200000000226e+01 9.992320073780190937e-01 0.000000000000000000e+00 2.121115429830949459e-02
-4.593409200000001391e+01 9.991232512006684718e-01 0.000000000000000000e+00 3.503509836109745812e-02
-4.589856000000000336e+01 9.983503863019419500e-01 0.000000000000000000e+00 1.167964265400503882e-01
-4.594277200000000505e+01 9.993120519245494160e-01 0.000000000000000000e+00 6.368674600073960523e-03
-4.594473200000000190e+01 9.993546843460708873e-01 0.000000000000000000e+00 4.843925280309200124e-03
-4.592942999999999643e+01 9.990218469409061219e-01 0.000000000000000000e+00 6.815001500700190729e-02
-4.594426800000000100e+01 9.993445917728126515e-01 0.000000000000000000e+00 5.419323451010715949e-03
-4.594354799999999983e+01 9.993289308832741247e-01 0.000000000000000000e+00 5.969526655008603952e-03
-4.594236800000000187e+01 9.993032644254193908e-01 0.000000000000000000e+00 6.581192670763315149e-03
-4.594097600000000625e+01 9.992729867056449056e-01 0.000000000000000000e+00 1.706641287690172787e-02
-4.594680000000000319e+01 9.993996659010231376e-01 0.000000000000000000e+00 0.000000000000000000e+00
-4.594444400000000428e+01 9.993484199902554765e-01 0.000000000000000000e+00 5.134756197924926317e-03
-4.594677200000000994e+01 9.993990568664301577e-01 0.000000000000000000e+00 2.800000000000571671e-04
-4.594196399999999869e+01 9.992944769262893656e-01 0.000000000000000000e+00 6.762724930444898551e-03
-4.594666000000000139e+01 9.993966207280573499e-01 0.000000000000000000e+00 6.133201579613800766e-04
-4.594677200000000994e+01 9.993990568664301577e-01 0.000000000000000000e+00 2.800000000000571671e-04
-4.594521600000000205e+01 9.993652119440383785e-01 0.000000000000000000e+00 4.528310943387788695e-03
-4.593977199999999783e+01 9.992467982181386654e-01 0.000000000000000000e+00 2.549253041717787840e-02
-4.594398000000000337e+01 9.993383274169973518e-01 0.000000000000000000e+00 5.656961385869702791e-03
-4.594510799999999762e+01 9.993628628106074885e-01 0.000000000000000000e+00 4.332020313895721710e-03
-4.594288399999999939e+01 9.993144880629218907e-01 0.000000000000000000e+00 6.414200155621500171e-03
-4.594521800000000411e+01 9.993652554465093374e-01 0.000000000000000000e+00 4.790065055124765464e-03
-4.594613999999999976e+01 9.993853100856128213e-01 0.000000000000000000e+00 2.859328168601822998e-03
-4.594680000000000319e+01 9.993996659010231376e-01 0.000000000000000000e+00 0.000000000000000000e+00
-4.594530800000000426e+01 9.993672130577017088e-01 0.000000000000000000e+00 4.142065068333400900e-03
-4.594539600000000235e+01 9.993691271664230102e-01 0.000000000000000000e+00 3.934204320617819793e-03
-4.594496000000000180e+01 9.993596436277580874e-01 0.000000000000000000e+00 4.693774083988406023e-03
-4.594680000000000319e+01 9.993996659010231376e-01 0.000000000000000000e+00 0.000000000000000000e+00
-4.594380800000000420e+01 9.993345862044964445e-01 0.000000000000000000e+00 5.758922458133720716e-03
-4.594493200000000144e+01 9.993590345931648855e-01 0.000000000000000000e+00 4.691037661694943961e-03
-4.594654400000000294e+01 9.993940975847428465e-01 0.000000000000000000e+00 1.531376880952515672e-03
-4.594487400000000576e+01 9.993577730215076338e-01 0.000000000000000000e+00 5.106197858060494005e-03
-4.594554000000000116e+01 9.993722593443307156e-01 0.000000000000000000e+00 3.710917553774662619e-03
-4.594383600000000456e+01 9.993351952390896464e-01 0.000000000000000000e+00 5.766667016991492908e-03
-4.594470000000000454e+01 9.993539883065358786e-01 0.000000000000000000e+00 5.010655313097633033e-03
-4.594613999999999976e+01 9.993853100856128213e-01 0.000000000000000000e+00 2.859328168601822998e-03
-4.594478800000000263e+01 9.993559024152571801e-01 0.000000000000000000e+00 4.851393218614895135e-03
-4.594317600000000112e+01 9.993208394236792191e-01 0.000000000000000000e+00 6.121944630639539545e-03
-4.594654400000000294e+01 9.993940975847428465e-01 0.000000000000000000e+00 1.531376880952515672e-03
-4.594346399999999875e+01 9.993271037794946299e-01 0.000000000000000000e+00 5.942545113354383637e-03
-4.594478800000000263e+01 9.993559024152571801e-01 0.000000000000000000e+00 4.851393218614895135e-03
-4.594513200000000097e+01 9.993633848402588837e-01 0.000000000000000000e+00 4.524074323533389640e-03
-4.594490000000000407e+01 9.993583385536298769e-01 0.000000000000000000e+00 4.864341495189730691e-03
-4.593456400000000173e+01 9.991335177838100989e-01 0.000000000000000000e+00 4.557992983803835219e-02
-4.594384000000000157e+01 9.993352822440314531e-01 0.000000000000000000e+00 5.619590552683230607e-03
-4.593585399999999197e+01 9.991615768775664597e-01 0.000000000000000000e+00 3.327602170034871937e-02
-4.594282799999999867e+01 9.993132699937355978e-01 0.000000000000000000e+00 6.391725711869113147e-03
-4.594412400000000218e+01 9.993414595949049462e-01 0.000000000000000000e+00 5.541307142587680035e-03
-4.594680000000000319e+01 9.993996659010231376e-01 0.000000000000000000e+00 0.000000000000000000e+00
-4.594463999999999970e+01 9.993526832324075571e-01 0.000000000000000000e+00 5.167732050470674049e-03
-4.594617200000000423e+01 9.993860061251479410e-01 0.000000000000000000e+00 2.537639084112233191e-03
-4.594395200000000301e+01 9.993377183824041499e-01 0.000000000000000000e+00 5.649787338449625829e-03
-4.594320199999999943e+01 9.993214049558014622e-01 0.000000000000000000e+00 6.459101792014503539e-03
-4.594432400000000172e+01 9.993458098419990554e-01 0.000000000000000000e+00 5.430834524856350057e-03
-4.594553600000001126e+01 9.993721723393890199e-01 0.000000000000000000e+00 3.931831248884064614e-03
-4.594225199999999631e+01 9.993007412821046653e-01 0.000000000000000000e+00 6.653964869524076932e-03
-4.594352000000000658e+01 9.993283218486810338e-01 0.000000000000000000e+00 5.960679237277129346e-03
-4.594314400000000376e+01 9.993201433841442105e-01 0.000000000000000000e+00 6.246652760245391053e-03
-4.594401200000000074e+01 9.993390234565322494e-01 0.000000000000000000e+00 5.514045976441559957e-03
-4.594291599999999676e+01 9.993151841024568993e-01 0.000000000000000000e+00 6.294148637482108177e-03
-4.594285600000000613e+01 9.993138790283289108e-01 0.000000000000000000e+00 6.403034634082789035e-03
-4.594452800000000536e+01 9.993502470940349713e-01 0.000000000000000000e+00 5.149837302520489553e-03
-4.594593800000000527e+01 9.993809163360479753e-01 0.000000000000000000e+00 3.774844434549908933e-03
-4.594507999999999726e+01 9.993622537760143976e-01 0.000000000000000000e+00 4.330022044874143675e-03
-4.594677200000000994e+01 9.993990568664301577e-01 0.000000000000000000e+00 2.800000000000571671e-04
-4.594493200000000144e+01 9.993590345931648855e-01 0.000000000000000000e+00 4.691037661694943961e-03
-4.594297600000000159e+01 9.993164891765852209e-01 0.000000000000000000e+00 6.182757385576382117e-03
-4.593752400000000335e+01 9.991979014408018944e-01 0.000000000000000000e+00 2.542050043614947977e-02
-4.594516000000000133e+01 9.993639938748520857e-01 0.000000000000000000e+00 4.525661958390371671e-03
-4.594582400000000177e+01 9.993784366952043197e-01 0.000000000000000000e+00 3.452802111944114610e-03
-4.594386399999999782e+01 9.993358042736826263e-01 0.000000000000000000e+00 5.774264044234067236e-03
-4.594502399999999653e+01 9.993610357068279937e-01 0.000000000000000000e+00 4.325473524612812211e-03
-4.594680000000000319e+01 9.993996659010231376e-01 0.000000000000000000e+00 0.000000000000000000e+00
-4.594395200000000301e+01 9.993377183824041499e-01 0.000000000000000000e+00 5.649787338449625829e-03
-4.594570800000000332e+01 9.993759135518897052e-01 0.000000000000000000e+00 3.700660055785809279e-03
-4.594479199999999963e+01 9.993559894201989868e-01 0.000000000000000000e+00 4.674791196115474744e-03
-4.594519199999999870e+01 9.993646899143870943e-01 0.000000000000000000e+00 4.336914138235782937e-03
-4.594271599999999722e+01 9.993108338553629011e-01 0.000000000000000000e+00 6.345040535248798116e-03
-4.594478600000000057e+01 9.993558589127862213e-01 0.000000000000000000e+00 5.259201076171300844e-03
-4.594400999999999868e+01 9.993389799540612906e-01 0.000000000000000000e+00 5.875776329537624708e-03
-4.594671600000000211e+01 9.993978387972436428e-01 0.000000000000000000e+00 4.800505023938421716e-04
-4.594657200000000330e+01 9.993947066193359374e-01 0.000000000000000000e+00 1.509838442090012927e-03
-4.594559600000000188e+01 9.993734774135171195e-01 0.000000000000000000e+00 3.708355839224014919e-03
-4.594349199999999911e+01 9.993277128140877208e-01 0.000000000000000000e+00 5.951685611334934026e-03
-4.594622799999999785e+01 9.993872241943341228e-01 0.000000000000000000e+00 2.519743453351719516e-03
-4.594536399999999787e+01 9.993684311268878906e-01 0.000000000000000000e+00 4.142938985110466814e-03
-4.594253999999999394e+01 9.993070056379200761e-01 0.000000000000000000e+00 6.530580743586015917e-03
-4.594527599999999978e+01 9.993665170181665891e-01 0.000000000000000000e+00 4.340160589125604228e-03
-4.594553600000001126e+01 9.993721723393890199e-01 0.000000000000000000e+00 3.931831248884064614e-03
-4.594234000000000151e+01 9.993026553908261889e-01 0.000000000000000000e+00 6.568089370571151067e-03
-4.594335199999999730e+01 9.993246676411219331e-01 0.000000000000000000e+00 5.904500594693573925e-03
-4.593907000000000096e+01 9.992315288508386573e-01 0.000000000000000000e+00 1.707017897097259235e-02
-4.594334800000000030e+01 9.993245806361801264e-01 0.000000000000000000e+00 6.044322488372399355e-03
-4.594464399999999671e+01 9.993527702373493637e-01 0.000000000000000000e+00 5.002430116524759877e-03
-4.594611200000000650e+01 9.993847010510197304e-01 0.000000000000000000e+00 2.866500347536441590e-03
-4.594418399999999991e+01 9.993427646690331567e-01 0.000000000000000000e+00 5.400911258690555515e-03
-4.594680000000000319e+01 9.993996659010231376e-01 0.000000000000000000e+00 0.000000000000000000e+00
-4.594166200000000089e+01 9.992879080531773539e-01 0.000000000000000000e+00 1.571970891857941283e-02
-4.594449999999999790e+01 9.993496380594416584e-01 0.000000000000000000e+00 5.144969102989279536e-03
-4.594435399999999703e+01 9.993464623790629942e-01 0.000000000000000000e+00 5.278801134173245931e-03
-4.594412400000000218e+01 9.993414595949049462e-01 0.000000000000000000e+00 5.541307142587680035e-03
-4.594493200000000144e+01 9.993590345931648855e-01 0.000000000000000000e+00 4.691037661694943961e-03
-4.594415599999999955e+01 9.993421556344399548e-01 0.000000000000000000e+00 5.394466300448508625e-03
-4.594216800000000234e+01 9.992989141783252816e-01 0.000000000000000000e+00 6.613162265628075645e-03
-4.594461200000000645e+01 9.993520741978144661e-01 0.000000000000000000e+00 5.163494236200911504e-03
-4.594501599999999542e+01 9.993608616969442693e-01 0.000000000000000000e+00 4.698736559175379843e-03
-4.594426800000000100e+01 9.993445917728126515e-01 0.000000000000000000e+00 5.419323451010715949e-03
-4.594438400000000655e+01 9.993471149161272660e-01 0.000000000000000000e+00 5.285213220664462808e-03
-4.594671600000000211e+01 9.993978387972436428e-01 0.000000000000000000e+00 4.800505023938421716e-04
-4.594530800000000426e+01 9.993672130577017088e-01 0.000000000000000000e+00 4.142065068333400900e-03
-4.594464399999999671e+01 9.993527702373493637e-01 0.000000000000000000e+00 5.002430116524759877e-03
-4.594449999999999790e+01 9.993496380594416584e-01 0.000000000000000000e+00 5.144969102989279536e-03
-4.594585599999999204e+01 9.993791327347391062e-01 0.000000000000000000e+00 3.194702686092731024e-03
-4.594438400000000655e+01 9.993471149161272660e-01 0.000000000000000000e+00 5.285213220664462808e-03
-4.594680000000000319e+01 9.993996659010231376e-01 0.000000000000000000e+00 0.000000000000000000e+00
-4.594680000000000319e+01 9.993996659010231376e-01 0.000000000000000000e+00 0.000000000000000000e+00
-4.594628800000000268e+01 9.993885292684624444e-01 0.000000000000000000e+00 2.134908509382936470e-03
-4.594524800000000653e+01 9.993659079835734982e-01 0.000000000000000000e+00 4.339261213477826201e-03
-4.594516400000000544e+01 9.993640808797940034e-01 0.000000000000000000e+00 4.335466141797424990e-03
-4.594654799999999994e+01 9.993941845896846532e-01 0.000000000000000000e+00 8.053457755412184388e-04
-4.594680000000000319e+01 9.993996659010231376e-01 0.000000000000000000e+00 0.000000000000000000e+00
-4.594487200000000371e+01 9.993577295190366749e-01 0.000000000000000000e+00 4.861352017119299242e-03
-4.594657200000000330e+01 9.993947066193359374e-01 0.000000000000000000e+00 1.509838442090012927e-03
-4.594519199999999870e+01 9.993646899143870943e-01 0.000000000000000000e+00 4.336914138235782937e-03
-4.594608400000000614e+01 9.993840920164266395e-01 0.000000000000000000e+00 2.873379033596047509e-03
-4.594446800000000053e+01 9.993489420199066497e-01 0.000000000000000000e+00 5.300826693674424127e-03
-4.594553600000001126e+01 9.993721723393890199e-01 0.000000000000000000e+00 3.931831248884064614e-03
-4.594556400000000451e+01 9.993727813739821109e-01 0.000000000000000000e+00 3.930752106304386331e-03
-4.594539200000000534e+01 9.993690401614812036e-01 0.000000000000000000e+00 4.143089170992173519e-03
-4.594496000000000180e+01 9.993596436277580874e-01 0.000000000000000000e+00 4.693774083988406023e-03
-4.594654400000000294e+01 9.993940975847428465e-01 0.000000000000000000e+00 1.531376880952515672e-03
-4.594228400000000079e+01 9.993014373216397850e-01 0.000000000000000000e+00 6.541440856941239251e-03
-4.594628400000000568e+01 9.993884422635206377e-01 0.000000000000000000e+00 2.500453292238908991e-03
-4.594550399999999968e+01 9.993714762998537893e-01 0.000000000000000000e+00 4.141778274211688551e-03
-4.594510400000000772e+01 9.993627758056659038e-01 0.000000000000000000e+00 4.522311020894358505e-03
-4.594357600000000019e+01 9.993295399178673266e-01 0.000000000000000000e+00 5.978228513667399775e-03
-4.594481600000000299e+01 9.993565114498503821e-01 0.000000000000000000e+00 4.854878209002661503e-03
-4.594236800000000187e+01 9.993032644254193908e-01 0.000000000000000000e+00 6.581192670763315149e-03
-4.594680000000000319e+01 9.993996659010231376e-01 0.000000000000000000e+00 0.000000000000000000e+00
-4.594418399999999991e+01 9.993427646690331567e-01 0.000000000000000000e+00 5.400911258690555515e-03
-4.594463400000000064e+01 9.993525527249946805e-01 0.000000000000000000e+00 5.374842633355862015e-03
-4.594285600000000613e+01 9.993138790283289108e-01 0.000000000000000000e+00 6.403034634082789035e-03
-4.594622799999999785e+01 9.993872241943341228e-01 0.000000000000000000e+00 2.519743453351719516e-03
-4.594519000000000375e+01 9.993646464119162465e-01 0.000000000000000000e+00 4.788907637827289482e-03
-4.594444400000000428e+01 9.993484199902554765e-01 0.000000000000000000e+00 5.134756197924926317e-03
-4.593896400000000568e+01 9.992292232198789481e-01 0.000000000000000000e+00 2.549797187419036715e-02
-4.594329199999999958e+01 9.993233625669937226e-01 0.000000000000000000e+00 6.024825409265492301e-03
-4.594449999999999790e+01 9.993496380594416584e-01 0.000000000000000000e+00 5.144969102989279536e-03
-4.594623200000000907e+01 9.993873111992762626e-01 0.000000000000000000e+00 2.157574395641699300e-03
-4.594680000000000319e+01 9.993996659010231376e-01 0.000000000000000000e+00 0.000000000000000000e+00
-4.594680000000000319e+01 9.993996659010231376e-01 0.000000000000000000e+00 0.000000000000000000e+00
-4.594651600000000258e+01 9.993934885501496446e-01 0.000000000000000000e+00 1.552106421427035992e-03
-4.594680000000000319e+01 9.993996659010231376e-01 0.000000000000000000e+00 0.000000000000000000e+00
-4.594363200000000091e+01 9.993307579870536195e-01 0.000000000000000000e+00 5.995198078463282940e-03
-4.594524800000000653e+01 9.993659079835734982e-01 0.000000000000000000e+00 4.339261213477826201e-03
-4.594498800000000216e+01 9.993602526623511784e-01 0.000000000000000000e+00 4.696340290185343005e-03
-4.594490400000000108e+01 9.993584255585716836e-01 0.000000000000000000e+00 4.688130725243880997e-03
-4.594409600000000182e+01 9.993408505603118552e-01 0.000000000000000000e+00 5.534719067082225635e-03
-4.594595600000000246e+01 9.993813078582863829e-01 0.000000000000000000e+00 4.255532821628949143e-03
-4.594294400000000422e+01 9.993157931370502123e-01 0.000000000000000000e+00 6.305237841860930788e-03
-4.594380800000000420e+01 9.993345862044964445e-01 0.000000000000000000e+00 5.758922458133720716e-03
-4.594671600000000211e+01 9.993978387972436428e-01 0.000000000000000000e+00 4.800505023938421716e-04
-4.594547600000000642e+01 9.993708672652606984e-01 0.000000000000000000e+00 4.142392808730589390e-03
-4.594461400000000140e+01 9.993521177002853140e-01 0.000000000000000000e+00 5.394741547436926292e-03
-4.594680000000000319e+01 9.993996659010231376e-01 0.000000000000000000e+00 0.000000000000000000e+00
-4.593745599999999740e+01 9.991964223567897374e-01 0.000000000000000000e+00 2.907420085841732824e-02
-4.593664799999999815e+01 9.991788473585299091e-01 0.000000000000000000e+00 2.901389593928744431e-02
-4.594533200000000761e+01 9.993677350873531040e-01 0.000000000000000000e+00 4.341411584434228324e-03
-4.594516400000000544e+01 9.993640808797940034e-01 0.000000000000000000e+00 4.335466141797424990e-03
-4.594406800000000146e+01 9.993402415257186533e-01 0.000000000000000000e+00 5.527979885651715733e-03
-4.594366400000000539e+01 9.993314540265887391e-01 0.000000000000000000e+00 5.862455789069736557e-03
-4.594490200000000613e+01 9.993583820561008357e-01 0.000000000000000000e+00 5.109032998701731020e-03
-4.594463999999999970e+01 9.993526832324075571e-01 0.000000000000000000e+00 5.167732050470674049e-03
-4.594334800000000030e+01 9.993245806361801264e-01 0.000000000000000000e+00 6.044322488372399355e-03
-4.594360799999999756e+01 9.993302359574022242e-01 0.000000000000000000e+00 5.845410528135177620e-03
-4.594527599999999978e+01 9.993665170181665891e-01 0.000000000000000000e+00 4.340160589125604228e-03
-4.594680000000000319e+01 9.993996659010231376e-01 0.000000000000000000e+00 0.000000000000000000e+00
-4.594663200000000103e+01 9.993960116934641480e-01 0.000000000000000000e+00 6.683131184127760272e-04
-4.594611600000000351e+01 9.993847880559616481e-01 0.000000000000000000e+00 2.554169496760869650e-03
-4.594596800000000059e+01 9.993815688731119140e-01 0.000000000000000000e+00 3.176519917753009049e-03
-4.594551200000000080e+01 9.993716503097375137e-01 0.000000000000000000e+00 3.711877740933853045e-03
-4.594593999999999312e+01 9.993809598385186010e-01 0.000000000000000000e+00 3.181448752002611572e-03
-4.594306000000000267e+01 9.993183162803647157e-01 0.000000000000000000e+00 6.215360574473343530e-03
-4.594326000000000221e+01 9.993226665274587139e-01 0.000000000000000000e+00 6.152112226584881445e-03
-4.594406800000000146e+01 9.993402415257186533e-01 0.000000000000000000e+00 5.527979885651715733e-03
-4.594559199999999777e+01 9.993733904085750908e-01 0.000000000000000000e+00 3.929471139268956095e-03
-4.594314400000000376e+01 9.993201433841442105e-01 0.000000000000000000e+00 6.246652760245391053e-03
-4.594369600000000275e+01 9.993321500661237478e-01 0.000000000000000000e+00 5.726456764065893448e-03
-4.594579600000000141e+01 9.993778276606111177e-01 0.000000000000000000e+00 3.456158900200863478e-03
-4.594671600000000211e+01 9.993978387972436428e-01 0.000000000000000000e+00 4.800505023938421716e-04
-4.594539600000000235e+01 9.993691271664230102e-01 0.000000000000000000e+00 3.934204320617819793e-03
-4.594519199999999870e+01 9.993646899143870943e-01 0.000000000000000000e+00 4.336914138235782937e-03
-4.594507600000000025e+01 9.993621667710725909e-01 0.000000000000000000e+00 4.520371844900287345e-03
-4.594487200000000371e+01 9.993577295190366749e-01 0.000000000000000000e+00 4.861352017119299242e-03
-4.594352000000000658e+01 9.993283218486810338e-01 0.000000000000000000e+00 5.960679237277129346e-03
-4.594521600000000205e+01 9.993652119440383785e-01 0.000000000000000000e+00 4.528310943387788695e-03
-4.594654400000000294e+01 9.993940975847428465e-01 0.000000000000000000e+00 1.531376880952515672e-03
-4.594576800000000105e+01 9.993772186260179158e-01 0.000000000000000000e+00 3.459283513134726179e-03
-4.594418000000000291e+01 9.993426776640913500e-01 0.000000000000000000e+00 5.554032114354504578e-03
-4.594577199999999806e+01 9.993773056309597225e-01 0.000000000000000000e+00 3.205679303670704375e-03
-4.594605599999999868e+01 9.993834829818333265e-01 0.000000000000000000e+00 2.879966329769915231e-03
-4.594593999999999312e+01 9.993809598385186010e-01 0.000000000000000000e+00 3.181448752002611572e-03
-4.594660400000000067e+01 9.993954026588709461e-01 0.000000000000000000e+00 7.180107199336284917e-04
-4.594602600000000336e+01 9.993828304447692767e-01 0.000000000000000000e+00 3.529689945464418912e-03
-4.594412400000000218e+01 9.993414595949049462e-01 0.000000000000000000e+00 5.541307142587680035e-03
-4.594403600000000409e+01 9.993395454861836447e-01 0.000000000000000000e+00 5.670863330137635057e-03
-4.594521999999999906e+01 9.993652989489801852e-01 0.000000000000000000e+00 4.338179108773995186e-03
-4.594354799999999983e+01 9.993289308832741247e-01 0.000000000000000000e+00 5.969526655008603952e-03
-4.594527599999999978e+01 9.993665170181665891e-01 0.000000000000000000e+00 4.340160589125604228e-03
-4.594452800000000536e+01 9.993502470940349713e-01 0.000000000000000000e+00 5.149837302520489553e-03
-4.594680000000000319e+01 9.993996659010231376e-01 0.000000000000000000e+00 0.000000000000000000e+00
-4.594550800000000379e+01 9.993715633047957070e-01 0.000000000000000000e+00 3.932708733151012159e-03
-4.594395200000000301e+01 9.993377183824041499e-01 0.000000000000000000e+00 5.649787338449625829e-03
-4.594426800000000100e+01 9.993445917728126515e-01 0.000000000000000000e+00 5.419323451010715949e-03
-4.594585599999999204e+01 9.993791327347391062e-01 0.000000000000000000e+00 3.194702686092731024e-03
-4.594521999999999906e+01 9.993652989489801852e-01 0.000000000000000000e+00 4.338179108773995186e-03
-4.594421199999999317e+01 9.993433737036261366e-01 0.000000000000000000e+00 5.407202080877164183e-03
-4.594634400000000340e+01 9.993897473376487373e-01 0.000000000000000000e+00 2.110499007487884500e-03
-4.594354799999999983e+01 9.993289308832741247e-01 0.000000000000000000e+00 5.969526655008603952e-03
-4.594447200000000464e+01 9.993490290248486785e-01 0.000000000000000000e+00 5.139942223470346169e-03
-4.594640000000001123e+01 9.993909654068352522e-01 0.000000000000000000e+00 2.084284631292870893e-03
-4.594680000000000319e+01 9.993996659010231376e-01 0.000000000000000000e+00 0.000000000000000000e+00
-4.594642800000000449e+01 9.993915744414283431e-01 0.000000000000000000e+00 2.070479376493776762e-03
-4.594657200000000330e+01 9.993947066193359374e-01 0.000000000000000000e+00 1.509838442090012927e-03
-4.594458800000001020e+01 9.993515521681632929e-01 0.000000000000000000e+00 4.993557060975568375e-03
-4.594585200000000214e+01 9.993790457297974106e-01 0.000000000000000000e+00 3.449212470502496450e-03
-4.594591199999999986e+01 9.993803508039256212e-01 0.000000000000000000e+00 3.186121419056801071e-03
-4.594680000000000319e+01 9.993996659010231376e-01 0.000000000000000000e+00 0.000000000000000000e+00
-4.594668800000000175e+01 9.993972297626504409e-01 0.000000000000000000e+00 5.514498795875255079e-04
-4.594576800000000105e+01 9.993772186260179158e-01 0.000000000000000000e+00 3.459283513134726179e-03
-4.594205199999999678e+01 9.992963910350106671e-01 0.000000000000000000e+00 6.682080363166110863e-03
-4.594349199999999911e+01 9.993277128140877208e-01 0.000000000000000000e+00 5.951685611334934026e-03
-4.594685799999999887e+01 9.994009274726803893e-01 0.000000000000000000e+00 1.506965644779011300e-03
-4.594438400000000655e+01 9.993471149161272660e-01 0.000000000000000000e+00 5.285213220664462808e-03
-4.594236800000000187e+01 9.993032644254193908e-01 0.000000000000000000e+00 6.581192670763315149e-03
-4.594602800000000542e+01 9.993828739472402356e-01 0.000000000000000000e+00 2.886264231168651426e-03
-4.594550600000000173e+01 9.993715198023247481e-01 0.000000000000000000e+00 4.426317529130753027e-03
-4.594550800000000379e+01 9.993715633047957070e-01 0.000000000000000000e+00 3.932708733151012159e-03
-4.594579600000000141e+01 9.993778276606111177e-01 0.000000000000000000e+00 3.456158900200863478e-03
-4.594660000000000366e+01 9.993953156539291394e-01 0.000000000000000000e+00 1.487455966583840035e-03
-4.594406800000000146e+01 9.993402415257186533e-01 0.000000000000000000e+00 5.527979885651715733e-03
-4.594239600000000223e+01 9.993038734600124817e-01 0.000000000000000000e+00 6.594149840671198123e-03
-4.594588000000000250e+01 9.993796547643906125e-01 0.000000000000000000e+00 3.445389248069124360e-03
-4.594620000000000459e+01 9.993866151597411429e-01 0.000000000000000000e+00 2.528863680618889057e-03
-4.594680000000000319e+01 9.993996659010231376e-01 0.000000000000000000e+00 0.000000000000000000e+00
-4.594579600000000141e+01 9.993778276606111177e-01 0.000000000000000000e+00 3.456158900200863478e-03
-4.594418399999999991e+01 9.993427646690331567e-01 0.000000000000000000e+00 5.400911258690555515e-03
-4.594539200000000534e+01 9.993690401614812036e-01 0.000000000000000000e+00 4.143089170992173519e-03
-4.594265599999999949e+01 9.993095287812346905e-01 0.000000000000000000e+00 6.451189225581107148e-03
-4.594510400000000772e+01 9.993627758056659038e-01 0.000000000000000000e+00 4.522311020894358505e-03
-4.594371999999999900e+01 9.993326720957749210e-01 0.000000000000000000e+00 5.878912838410312557e-03
-4.594533200000000761e+01 9.993677350873531040e-01 0.000000000000000000e+00 4.341411584434228324e-03
-4.594651600000000258e+01 9.993934885501496446e-01 0.000000000000000000e+00 1.552106421427035992e-03
-4.594533200000000761e+01 9.993677350873531040e-01 0.000000000000000000e+00 4.341411584434228324e-03
-4.594360799999999756e+01 9.993302359574022242e-01 0.000000000000000000e+00 5.845410528135177620e-03
-4.594473200000000190e+01 9.993546843460708873e-01 0.000000000000000000e+00 4.843925280309200124e-03
-4.594432799999999872e+01 9.993458968469408621e-01 0.000000000000000000e+00 5.274027843781004844e-03
-4.594455599999999862e+01 9.993508561286280623e-01 0.000000000000000000e+00 5.154547271658767305e-03
-4.594467200000000418e+01 9.993533792719426767e-01 0.000000000000000000e+00 5.006623491724302745e-03
-4.594473200000000190e+01 9.993546843460708873e-01 0.000000000000000000e+00 4.843925280309200124e-03
-4.594559199999999777e+01 9.993733904085750908e-01 0.000000000000000000e+00 3.929471139268956095e-03
-4.594562400000000224e+01 9.993740864481102104e-01 0.000000000000000000e+00 3.706753868606338029e-03
-4.594519199999999870e+01 9.993646899143870943e-01 0.000000000000000000e+00 4.336914138235782937e-03
-4.594302799999999820e+01 9.993176202408295961e-01 0.000000000000000000e+00 6.337639365511712856e-03
-4.594490400000000108e+01 9.993584255585716836e-01 0.000000000000000000e+00 4.688130725243880997e-03
-4.594533600000000462e+01 9.993678220922949107e-01 0.000000000000000000e+00 4.142597633311720373e-03
