-1.806274400000001989e+01 3.757670016018643810e-01 0.000000000000000000e+00 1.840568935115751481e+00
-1.700096399999999974e+01 3.536783373900018734e-01 0.000000000000000000e+00 1.873006199276791905e+00
-1.893778000000001782e+01 3.939707503796628929e-01 0.000000000000000000e+00 2.262541468384970056e+00
-1.831252399999999980e+01 3.809632819488651401e-01 0.000000000000000000e+00 2.004799574915108185e+00
-1.909897200000001050e+01 3.973240966111217243e-01 0.000000000000000000e+00 2.403576122569422324e+00
-1.821329000000000420e+01 3.788988745345233666e-01 0.000000000000000000e+00 1.742769377088423388e+00
-1.870063400000000442e+01 3.890373005471302603e-01 0.000000000000000000e+00 2.074089820299667597e+00
-1.943347600000000597e+01 4.042829266263081034e-01 0.000000000000000000e+00 1.998585382498169194e+00
-1.898822200000001459e+01 3.950201169152678937e-01 0.000000000000000000e+00 1.869860480269244007e+00
-1.866688600000000520e+01 3.883352264453182601e-01 0.000000000000000000e+00 2.048860493006300576e+00
-1.880434200000002321e+01 3.911947825001564905e-01 0.000000000000000000e+00 2.036810834612767795e+00
-1.955595200000001199e+01 4.068308473236391665e-01 0.000000000000000000e+00 2.316529482769734916e+00
-1.967641600000001390e+01 4.093369115230192645e-01 0.000000000000000000e+00 2.079144619703113150e+00
-2.060292200000000662e+01 4.286114127608230961e-01 0.000000000000000000e+00 1.928783360262173785e+00
-2.075214000000001491e+01 4.317156587405607260e-01 0.000000000000000000e+00 1.858394086681870006e+00
-1.987031200000001263e+01 4.133706130770353204e-01 0.000000000000000000e+00 1.963814059852084570e+00
-1.969687000000001120e+01 4.097624248476151032e-01 0.000000000000000000e+00 2.042062595895521415e+00
-1.972750600000000532e+01 4.103997586802305975e-01 0.000000000000000000e+00 1.979943668304885440e+00
-2.000066000000001765e+01 4.160822983627705529e-01 0.000000000000000000e+00 1.828112878839208255e+00
-1.970103600000001620e+01 4.098490919303504620e-01 0.000000000000000000e+00 2.316359050059364044e+00
-2.018754800000001026e+01 4.199702094905242156e-01 0.000000000000000000e+00 2.084120505564189152e+00
-2.192712600000001544e+01 4.561593958684393990e-01 0.000000000000000000e+00 1.843298811590817765e+00
-2.154381800000001235e+01 4.481852753333751549e-01 0.000000000000000000e+00 1.839539115114534162e+00
-2.088134200000000718e+01 4.344035032973435073e-01 0.000000000000000000e+00 1.979113119871748205e+00
-2.231646600000000547e+01 4.642590026836423411e-01 0.000000000000000000e+00 2.444701454009540864e+00
-2.154953600000000336e+01 4.483042293369947640e-01 0.000000000000000000e+00 1.658912036045725236e+00
-2.220345600000000630e+01 4.619080072395931880e-01 0.000000000000000000e+00 2.159461719513555700e+00
-2.282472200000001550e+01 4.748324699910548286e-01 0.000000000000000000e+00 1.885377469565029607e+00
-2.270146400000000853e+01 4.722682810127110664e-01 0.000000000000000000e+00 2.057621264809921247e+00
-2.166861800000001281e+01 4.507815431983193122e-01 0.000000000000000000e+00 1.840425757306600962e+00
-2.226931400000000849e+01 4.632780794274897751e-01 0.000000000000000000e+00 2.227064640402090845e+00
-2.189784400000000630e+01 4.555502298778839609e-01 0.000000000000000000e+00 1.780464535815574623e+00
-2.201943000000002115e+01 4.580796355239347695e-01 0.000000000000000000e+00 1.980357848363713424e+00
-2.114818400000001120e+01 4.399547317397909385e-01 0.000000000000000000e+00 2.659388817106196345e+00
-2.178011400000000819e+01 4.531010422517632308e-01 0.000000000000000000e+00 1.792888447972357246e+00
-2.303262600000000759e+01 4.791575859701679985e-01 0.000000000000000000e+00 1.891947238603816528e+00
-2.328638000000001185e+01 4.844365391416507460e-01 0.000000000000000000e+00 2.192778652990333477e+00
-2.274138000000002080e+01 4.730986706609253134e-01 0.000000000000000000e+00 1.536609012393750362e+00
-2.454729600000001000e+01 5.106679148723711759e-01 0.000000000000000000e+00 1.542503181269413881e+00
-2.504657800000001444e+01 5.210546922132770487e-01 0.000000000000000000e+00 1.855189715560980668e+00
-2.533495000000001340e+01 5.270538184692840078e-01 0.000000000000000000e+00 1.959443098243101478e+00
-2.607169600000001353e+01 5.423806611329549110e-01 0.000000000000000000e+00 1.861603808706325580e+00
-2.616565400000000707e+01 5.443353096590318740e-01 0.000000000000000000e+00 1.947863533239752698e+00
-2.449799200000002841e+01 5.096422226382913978e-01 0.000000000000000000e+00 1.918655142619170917e+00
-2.577615800000001300e+01 5.362324575089977285e-01 0.000000000000000000e+00 2.060533833408765503e+00
-2.492399600000001314e+01 5.185045663525351678e-01 0.000000000000000000e+00 1.982111764572463741e+00
-2.679333000000002940e+01 5.573931223865699058e-01 0.000000000000000000e+00 1.946795729298829380e+00
-2.632889000000001190e+01 5.477311780981507505e-01 0.000000000000000000e+00 1.872299083285767995e+00
-2.676006200000001556e+01 5.567010339303920530e-01 0.000000000000000000e+00 1.878115526549596348e+00
-2.633257000000002535e+01 5.478077347146814713e-01 0.000000000000000000e+00 2.278405772495630810e+00
-2.585834800000001721e+01 5.379422912896048015e-01 0.000000000000000000e+00 1.567237328851458278e+00
-2.627936600000001022e+01 5.467009091098214979e-01 0.000000000000000000e+00 1.783485448523466133e+00
-2.687362000000001672e+01 5.590634296532072112e-01 0.000000000000000000e+00 1.788982086172599129e+00
-2.549104000000002301e+01 5.303010256090208152e-01 0.000000000000000000e+00 1.945303738325568910e+00
-2.600399600000002565e+01 5.409722690299366699e-01 0.000000000000000000e+00 2.047228287760322285e+00
-2.512469600000000725e+01 5.226798144334187102e-01 0.000000000000000000e+00 1.588554480577111239e+00
-2.696354000000001605e+01 5.609340739353848582e-01 0.000000000000000000e+00 1.688797171260233210e+00
-2.662874400000002950e+01 5.539691693191043376e-01 0.000000000000000000e+00 1.979551898907600194e+00
-2.720597200000000271e+01 5.659774906904657676e-01 0.000000000000000000e+00 1.941876771885352460e+00
-2.717406400000001554e+01 5.653136948969192943e-01 0.000000000000000000e+00 1.988637332117374479e+00
-2.585277000000002090e+01 5.378262497659618280e-01 0.000000000000000000e+00 1.754942558989762258e+00
-2.717284800000000899e+01 5.652883979279786919e-01 0.000000000000000000e+00 1.731891032595249236e+00
-2.823150400000001525e+01 5.873120722295036567e-01 0.000000000000000000e+00 1.811487841968584922e+00
-2.781341200000002800e+01 5.786143252408002535e-01 0.000000000000000000e+00 1.505396665286111713e+00
-2.824380200000000940e+01 5.875679127920282463e-01 0.000000000000000000e+00 1.801214669059844065e+00
-2.776949000000000112e+01 5.777005970583951600e-01 0.000000000000000000e+00 1.992527473341384248e+00
-2.764140800000001619e+01 5.750360523414261849e-01 0.000000000000000000e+00 1.801157826481330160e+00
-2.756971000000001837e+01 5.735444881316444921e-01 0.000000000000000000e+00 1.856471943953602599e+00
-2.756517399999999895e+01 5.734501237803989460e-01 0.000000000000000000e+00 1.876049957047352557e+00
-2.722114600000000806e+01 5.662931619130834315e-01 0.000000000000000000e+00 1.585862892886501063e+00
-2.753866200000000930e+01 5.728985832865257644e-01 0.000000000000000000e+00 1.477479095941954146e+00
-2.778920200000000307e+01 5.781106742391146636e-01 0.000000000000000000e+00 1.649330250234741335e+00
-2.728494200000002579e+01 5.676203374316092232e-01 0.000000000000000000e+00 1.724717942402306248e+00
-2.823573200000002359e+01 5.874000291248002714e-01 0.000000000000000000e+00 2.075251970140425062e+00
-2.783824000000000609e+01 5.791308327612391116e-01 0.000000000000000000e+00 1.651103210987530101e+00
-2.858496400000000648e+01 5.946652520335352632e-01 0.000000000000000000e+00 1.496168426585426703e+00
-2.792458200000001867e+01 5.809270423765839908e-01 0.000000000000000000e+00 1.704234885906104724e+00
-2.859313000000000216e+01 5.948351328298904228e-01 0.000000000000000000e+00 2.026473236657442278e+00
-2.827023600000002901e+01 5.881178306184865479e-01 0.000000000000000000e+00 1.514765980626923803e+00
-2.772744600000001824e+01 5.768259377145357192e-01 0.000000000000000000e+00 1.835837003582075244e+00
-2.761930600000000879e+01 5.745762549668186336e-01 0.000000000000000000e+00 1.927900616587479687e+00
-2.759548200000001117e+01 5.740806340884979653e-01 0.000000000000000000e+00 1.828523682938415496e+00
-2.760945400000000305e+01 5.743712995901725238e-01 0.000000000000000000e+00 2.064734111060738897e+00
-2.705727400000003513e+01 5.628840624934996484e-01 0.000000000000000000e+00 1.580951814484303553e+00
-2.767182200000002013e+01 5.756687678129359664e-01 0.000000000000000000e+00 1.259086075762009926e+00
-2.836143800000000681e+01 5.900151448958789180e-01 0.000000000000000000e+00 1.864399324004783809e+00
-2.867361200000000565e+01 5.965094343547817646e-01 0.000000000000000000e+00 1.908540989272521138e+00
-2.759827400000000708e+01 5.741387172606046141e-01 0.000000000000000000e+00 1.877622284851161671e+00
-2.755808400000001868e+01 5.733026274730078642e-01 0.000000000000000000e+00 1.576356527938954866e+00
-2.814883000000002156e+01 5.855921695895487389e-01 0.000000000000000000e+00 1.963989643531500295e+00
-2.803396000000001465e+01 5.832024797686661266e-01 0.000000000000000000e+00 1.734349496077838948e+00
-2.831866000000002614e+01 5.891252158355702040e-01 0.000000000000000000e+00 1.924864353714832221e+00
-2.718063200000001700e+01 5.654503318146834046e-01 0.000000000000000000e+00 1.521225680657182666e+00
-2.828206200000002113e+01 5.883638519628038299e-01 0.000000000000000000e+00 1.911594253194030868e+00
-2.772135600000001787e+01 5.766992448355492407e-01 0.000000000000000000e+00 1.848972895241402403e+00
-2.783863999999999450e+01 5.791391541326008641e-01 0.000000000000000000e+00 2.000197069078823553e+00
-2.813798400000000655e+01 5.853665356050677948e-01 0.000000000000000000e+00 2.332518889839605425e+00
-2.869801400000002900e+01 5.970170796147210579e-01 0.000000000000000000e+00 1.584041257052493545e+00
-2.839719800000000305e+01 5.907590754956416612e-01 0.000000000000000000e+00 1.739219634249100865e+00
-2.932924600000001192e+01 6.101488693336664104e-01 0.000000000000000000e+00 1.975170107668264174e+00
-2.856684800000002156e+01 5.942883771245505153e-01 0.000000000000000000e+00 1.758100378219329851e+00
-2.922567999999999699e+01 6.079943414674737756e-01 0.000000000000000000e+00 1.969626395584151535e+00
-2.909269400000002292e+01 6.052277767376067485e-01 0.000000000000000000e+00 1.992584731520059549e+00
-2.943290800000002250e+01 6.123053943289858969e-01 0.000000000000000000e+00 2.102515505302247067e+00
-2.912806000000001561e+01 6.059635107865779524e-01 0.000000000000000000e+00 1.768717989066793894e+00
-2.772484999999999644e+01 5.767719320143959161e-01 0.000000000000000000e+00 1.757035226790236049e+00
-2.817900600000000466e+01 5.862199338450977404e-01 0.000000000000000000e+00 1.690525569452807186e+00
-2.903831800000003227e+01 6.040965695146566228e-01 0.000000000000000000e+00 2.105579859306017987e+00
-2.987713800000002351e+01 6.215469013293395406e-01 0.000000000000000000e+00 2.218492183861494826e+00
-3.020745600000001474e+01 6.284186481932224622e-01 0.000000000000000000e+00 1.978998305352962950e+00
-2.965359200000001039e+01 6.168963781231148191e-01 0.000000000000000000e+00 2.056111528225307516e+00
-3.001743400000001216e+01 6.244655391208473461e-01 0.000000000000000000e+00 2.088197943528719680e+00
-2.969786600000000476e+01 6.178174291123177397e-01 0.000000000000000000e+00 1.830339357628756325e+00
-3.022298200000002311e+01 6.287416422226387303e-01 0.000000000000000000e+00 1.979420265315941618e+00
-3.040596000000000743e+01 6.325482119453287311e-01 0.000000000000000000e+00 1.520783665872249557e+00
-2.873932800000001819e+01 5.978765524558450339e-01 0.000000000000000000e+00 1.633086358698049967e+00
-2.981349400000000927e+01 6.202228879319313659e-01 0.000000000000000000e+00 1.837235939375597260e+00
-2.961022200000000737e+01 6.159941334331898721e-01 0.000000000000000000e+00 1.720267924139795790e+00
-3.142068800000001616e+01 6.536580332438789442e-01 0.000000000000000000e+00 1.666760229451377029e+00
-3.029958200000003288e+01 6.303351848384620704e-01 0.000000000000000000e+00 2.442297267803244409e+00
-3.029052000000001499e+01 6.301466641702555549e-01 0.000000000000000000e+00 1.944431239112446530e+00
-3.117329400000002337e+01 6.485113898770521468e-01 0.000000000000000000e+00 1.735246081103149374e+00
-3.121389200000002617e+01 6.493559674634384882e-01 0.000000000000000000e+00 1.623672352234311278e+00
-3.185967999999999378e+01 6.627905718862466822e-01 0.000000000000000000e+00 2.130040393793488640e+00
-3.150099400000000927e+01 6.553286733653708174e-01 0.000000000000000000e+00 1.716912341221410454e+00
-3.043482400000001320e+01 6.331486821028108336e-01 0.000000000000000000e+00 1.975044957581646221e+00
-3.068505000000000038e+01 6.383542407788803663e-01 0.000000000000000000e+00 1.787334077825848633e+00
-3.137753600000003118e+01 6.527603237013466231e-01 0.000000000000000000e+00 1.637081616935786910e+00
-3.093977800000001110e+01 6.436534564896296828e-01 0.000000000000000000e+00 1.765882465607321539e+00
-3.175645400000001217e+01 6.606431171857124474e-01 0.000000000000000000e+00 1.795974791133739146e+00
-3.155623200000000494e+01 6.564778131436060926e-01 0.000000000000000000e+00 1.695961320485175339e+00
-3.026218800000000897e+01 6.295572614366848896e-01 0.000000000000000000e+00 1.951634650529518122e+00
-3.078662600000001603e+01 6.404673698225470391e-01 0.000000000000000000e+00 1.745303172333556363e+00
-3.124391200000001234e+01 6.499804863841562863e-01 0.000000000000000000e+00 1.578477071262363918e+00
-3.205558200000000824e+01 6.668660051176434900e-01 0.000000000000000000e+00 1.795794211083668657e+00
-3.169160400000001232e+01 6.592940148536481360e-01 0.000000000000000000e+00 1.750183146082810337e+00
-3.152470000000002059e+01 6.558218394391399642e-01 0.000000000000000000e+00 1.854933402055342073e+00
-3.169563200000002112e+01 6.593778110632636524e-01 0.000000000000000000e+00 1.692939267848147855e+00
-3.192662200000001960e+01 6.641831949905347976e-01 0.000000000000000000e+00 1.435779229503877152e+00
-3.151645200000002234e+01 6.556502527616555609e-01 0.000000000000000000e+00 1.955982840729509675e+00
-3.207924000000003417e+01 6.673581726268495995e-01 0.000000000000000000e+00 1.895798162337761106e+00
-3.219369600000002407e+01 6.697392498283721851e-01 0.000000000000000000e+00 2.042407310752226035e+00
-3.276729399999999970e+01 6.816720547546235576e-01 0.000000000000000000e+00 1.942914966236104268e+00
-3.202448200000000611e+01 6.662190184942479165e-01 0.000000000000000000e+00 1.900991728863669072e+00
-3.164971600000000862e+01 6.584226008446193434e-01 0.000000000000000000e+00 1.450159994009716957e+00
-3.228736000000000672e+01 6.716877821464978249e-01 0.000000000000000000e+00 1.801715109263807735e+00
-3.208115000000002226e+01 6.673979071751028336e-01 0.000000000000000000e+00 1.523293170049413447e+00
-3.162227000000001809e+01 6.578516299486159014e-01 0.000000000000000000e+00 1.671647172036544893e+00
-3.150620400000003229e+01 6.554370592273612850e-01 0.000000000000000000e+00 2.026257304546059235e+00
-3.304611200000000792e+01 6.874724250556493166e-01 0.000000000000000000e+00 1.789020473330575900e+00
-3.227145800000000975e+01 6.713569660280015450e-01 0.000000000000000000e+00 1.489077197609447234e+00
-3.301083200000001483e+01 6.867384801015210538e-01 0.000000000000000000e+00 1.882780579376356345e+00
-3.243848000000001974e+01 6.748315962470619045e-01 0.000000000000000000e+00 1.867134991900638807e+00
-3.289930000000002508e+01 6.844182321246545797e-01 0.000000000000000000e+00 1.705516393259463026e+00
-3.289805800000001312e+01 6.843923942665753879e-01 0.000000000000000000e+00 1.879560579055485903e+00
-3.283602200000001403e+01 6.831018327820427283e-01 0.000000000000000000e+00 1.712658400464852848e+00
-3.266458000000001505e+01 6.795352514094326057e-01 0.000000000000000000e+00 1.671890725852595683e+00
-3.249513000000002449e+01 6.760101104662052940e-01 0.000000000000000000e+00 1.816055647119422023e+00
-3.145289400000001478e+01 6.543280284590903273e-01 0.000000000000000000e+00 1.884204633304370269e+00
-3.268748800000003030e+01 6.800118163473346522e-01 0.000000000000000000e+00 1.519596648588038779e+00
-3.283755400000001856e+01 6.831337036343593239e-01 0.000000000000000000e+00 1.833933265334649843e+00
-3.313998400000000544e+01 6.894252844868835606e-01 0.000000000000000000e+00 1.828402065873063975e+00
-3.260005200000002645e+01 6.781928477813148337e-01 0.000000000000000000e+00 1.665481777021867948e+00
-3.242105800000001636e+01 6.744691589173898993e-01 0.000000000000000000e+00 1.470452886546017579e+00
-3.260253600000001484e+01 6.782445234974726622e-01 0.000000000000000000e+00 1.644938236261517250e+00
-3.347868400000001543e+01 6.964714056876576409e-01 0.000000000000000000e+00 1.710702688909567781e+00
-3.266191400000001721e+01 6.794797894693048734e-01 0.000000000000000000e+00 1.514874735830182617e+00
-3.426156200000001206e+01 7.127579521105080751e-01 0.000000000000000000e+00 1.572409751952831503e+00
-3.412905000000002076e+01 7.100012482057046492e-01 0.000000000000000000e+00 1.574034457640106188e+00
-3.340092000000002059e+01 6.948536478811712103e-01 0.000000000000000000e+00 1.830763892891475564e+00
-3.324394799999998895e+01 6.915880921175806550e-01 0.000000000000000000e+00 1.439554692543580039e+00
-3.340091600000001648e+01 6.948535646674575128e-01 0.000000000000000000e+00 1.837964256185125267e+00
-3.341195600000003196e+01 6.950832345170490090e-01 0.000000000000000000e+00 1.708460942599472343e+00
-3.368745600000004004e+01 7.008145790426270061e-01 0.000000000000000000e+00 1.617691989031835975e+00
-3.385732800000000964e+01 7.043484990326407402e-01 0.000000000000000000e+00 1.568180702461204890e+00
-3.326809600000002121e+01 6.920904533067053777e-01 0.000000000000000000e+00 1.592695169140039946e+00
-3.323921800000001525e+01 6.914896919012255561e-01 0.000000000000000000e+00 1.660309935796642211e+00
-3.406060800000001620e+01 7.085774199588095179e-01 0.000000000000000000e+00 1.718395895147740715e+00
-3.469045200000003604e+01 7.216803345191294961e-01 0.000000000000000000e+00 1.735572833126535430e+00
-3.532660200000001538e+01 7.349144354989705086e-01 0.000000000000000000e+00 1.692577548704873314e+00
-3.462688800000001521e+01 7.203579853959934942e-01 0.000000000000000000e+00 1.503494822561989297e+00
-3.532858800000000343e+01 7.349557511077825511e-01 0.000000000000000000e+00 1.440915831613331921e+00
-3.545896600000001797e+01 7.376680604963701260e-01 0.000000000000000000e+00 1.672982580419736021e+00
-3.629117200000002441e+01 7.549807984355826340e-01 0.000000000000000000e+00 1.363246598121149900e+00
-3.565326800000002549e+01 7.417102082423188136e-01 0.000000000000000000e+00 1.732428761220221602e+00
-3.594124400000003305e+01 7.477010963406776067e-01 0.000000000000000000e+00 1.731846139987585742e+00
-3.575786000000000797e+01 7.438860804260543080e-01 0.000000000000000000e+00 1.562235082996619395e+00
-3.528344400000003844e+01 7.340166011358679743e-01 0.000000000000000000e+00 1.398450437276627767e+00
-3.601904200000000600e+01 7.493195614637293556e-01 0.000000000000000000e+00 1.509122272772413842e+00
-3.582151200000003399e+01 7.452102602508899887e-01 0.000000000000000000e+00 1.397485157817138335e+00
-3.548565600000001297e+01 7.382233040004995139e-01 0.000000000000000000e+00 1.168713209009435205e+00
-3.542166000000000992e+01 7.368919677962929571e-01 0.000000000000000000e+00 1.618015745387921811e+00
-3.544701800000002123e+01 7.374195011337872918e-01 0.000000000000000000e+00 1.643375438908614150e+00
-3.550022800000000700e+01 7.385264515592170342e-01 0.000000000000000000e+00 1.703716696233931405e+00
-3.631429000000001395e+01 7.554617320934492453e-01 0.000000000000000000e+00 1.902442440839425375e+00
-3.586379600000002910e+01 7.460899124175669472e-01 0.000000000000000000e+00 1.437166099783764306e+00
-3.647735800000002371e+01 7.588541055565961591e-01 0.000000000000000000e+00 1.469043535545931922e+00
-3.647292200000001827e+01 7.587618215481914952e-01 0.000000000000000000e+00 1.605207860518601537e+00
-3.593978200000002943e+01 7.476706817283493844e-01 0.000000000000000000e+00 1.616785351493524425e+00
-3.543332000000003035e+01 7.371345357714956803e-01 0.000000000000000000e+00 1.302629159535716674e+00
-3.606841399999999709e+01 7.503466683309408802e-01 0.000000000000000000e+00 1.387495831135424407e+00
-3.699331400000001224e+01 7.695877592627267116e-01 0.000000000000000000e+00 1.414541382295428473e+00
-3.648058400000002877e+01 7.589212174166307667e-01 0.000000000000000000e+00 1.531368324735770781e+00
-3.627583800000002157e+01 7.546617986644202913e-01 0.000000000000000000e+00 1.451177274413342655e+00
-3.672180400000003431e+01 7.639394204164853264e-01 0.000000000000000000e+00 1.468602155141019994e+00
-3.803875800000002272e+01 7.913365786681649805e-01 0.000000000000000000e+00 1.547468658136619934e+00
-3.748952600000000501e+01 7.799106700784289581e-01 0.000000000000000000e+00 1.525601065625736830e+00
-3.702032000000001233e+01 7.701495766502322038e-01 0.000000000000000000e+00 1.622714868684731249e+00
-3.752276400000000223e+01 7.806021344317543020e-01 0.000000000000000000e+00 1.764388752000493721e+00
-3.651178200000002505e+01 7.595702427760099296e-01 0.000000000000000000e+00 1.330823739164293640e+00
-3.762264000000001118e+01 7.826798976471324165e-01 0.000000000000000000e+00 1.353164310687054561e+00
-3.741855600000003079e+01 7.784342507645265474e-01 0.000000000000000000e+00 1.426415997967130256e+00
-3.841591200000001294e+01 7.991826749048245304e-01 0.000000000000000000e+00 1.334361017682662798e+00
-3.788544400000000678e+01 7.881471218456802541e-01 0.000000000000000000e+00 1.353483197726995213e+00
-3.832186000000000803e+01 7.972260708564772314e-01 0.000000000000000000e+00 1.464486730785384605e+00
-3.794702600000000814e+01 7.894282385737170227e-01 0.000000000000000000e+00 1.311803945888441403e+00
-3.932247800000003934e+01 8.180423557802333212e-01 0.000000000000000000e+00 1.556980497051257073e+00
-3.938718400000003328e+01 8.193884624186071886e-01 0.000000000000000000e+00 1.224262464326827171e+00
-3.900631600000001953e+01 8.114651022488509335e-01 0.000000000000000000e+00 1.368960632109874398e+00
-3.956493200000002730e+01 8.230862302107392336e-01 0.000000000000000000e+00 1.582266519893458678e+00
-3.948343200000003606e+01 8.213907507957318721e-01 0.000000000000000000e+00 1.370496661347132106e+00
-3.874776200000003001e+01 8.060862926210244916e-01 0.000000000000000000e+00 9.815737768244903183e-01
-3.939464000000001676e+01 8.195435727807945936e-01 0.000000000000000000e+00 1.443843947470246469e+00
-3.886551200000004513e+01 8.085358963157137646e-01 0.000000000000000000e+00 1.444730016180367338e+00
-3.994166199999999378e+01 8.309235057937546243e-01 0.000000000000000000e+00 1.619364658228403142e+00
-3.953161800000002302e+01 8.223931847968549702e-01 0.000000000000000000e+00 1.193856536766373377e+00
-3.954691600000001017e+01 8.227114356445943688e-01 0.000000000000000000e+00 1.237717071888581932e+00
-4.032347600000002075e+01 8.388665460067823432e-01 0.000000000000000000e+00 1.054619223841937403e+00
-4.029690000000003636e+01 8.383136740934913345e-01 0.000000000000000000e+00 1.249706082455091627e+00
-4.029088400000001968e+01 8.381885206682064826e-01 0.000000000000000000e+00 1.302162515010699240e+00
-4.067419600000002333e+01 8.461627244169843687e-01 0.000000000000000000e+00 1.245855160925234184e+00
-3.998757600000002554e+01 8.318786744055425286e-01 0.000000000000000000e+00 1.196321648677707961e+00
-4.025477000000002903e+01 8.374372256547885085e-01 0.000000000000000000e+00 1.626481978679658047e+00
-4.048051800000003198e+01 8.421335580103607166e-01 0.000000000000000000e+00 1.032480559591972602e+00
-4.071538400000002156e+01 8.470195760261295392e-01 0.000000000000000000e+00 1.093278685877456802e+00
-4.029050200000001780e+01 8.381805737585557026e-01 0.000000000000000000e+00 1.141718059447553335e+00
-4.025278600000003593e+01 8.373959516528330926e-01 0.000000000000000000e+00 1.157572528785121069e+00
-4.057960800000002166e+01 8.441949697310120460e-01 0.000000000000000000e+00 9.542876050052552239e-01
-3.993982600000002492e+01 8.308853106992036830e-01 0.000000000000000000e+00 1.248450654406848548e+00
-4.040750600000001214e+01 8.406146580956543879e-01 0.000000000000000000e+00 1.307486495580452379e+00
-4.044586800000001858e+01 8.414127192161271473e-01 0.000000000000000000e+00 1.135936246688789009e+00
-4.235620200000003877e+01 8.811542158147670500e-01 0.000000000000000000e+00 8.554171453280626780e-01
-4.264397200000001220e+01 8.871408184068736436e-01 0.000000000000000000e+00 7.688245426557994699e-01
-4.240041400000001914e+01 8.820739769914085482e-01 0.000000000000000000e+00 9.575362730181320448e-01
-4.167826400000001286e+01 8.670507811687367949e-01 0.000000000000000000e+00 8.061241836708474828e-01
-4.230731400000001940e+01 8.801371778069029261e-01 0.000000000000000000e+00 8.798631781858314849e-01
-4.273060800000003212e+01 8.889431442301697350e-01 0.000000000000000000e+00 9.003171826808052947e-01
-4.265572600000003689e+01 8.873853419043465918e-01 0.000000000000000000e+00 8.482122383798609278e-01
-4.257887200000002537e+01 8.857865152177083479e-01 0.000000000000000000e+00 9.532225617018169617e-01
-4.268887200000001059e+01 8.880748923422582264e-01 0.000000000000000000e+00 9.810744872389208782e-01
-4.226547200000000970e+01 8.792667207555806552e-01 0.000000000000000000e+00 9.683488333480166910e-01
-4.291812600000001510e+01 8.928441615178184243e-01 0.000000000000000000e+00 9.187185659153600525e-01
-4.294786200000003618e+01 8.934627722648699200e-01 0.000000000000000000e+00 9.023076138748720165e-01
-4.307574000000003878e+01 8.961230730824447654e-01 0.000000000000000000e+00 8.461319086694975011e-01
-4.267690800000002582e+01 8.878260001248210465e-01 0.000000000000000000e+00 1.072350242957829991e+00
-4.287326000000001613e+01 8.919107948989996038e-01 0.000000000000000000e+00 9.892346538632986741e-01
-4.288310600000001926e+01 8.921156254550753895e-01 0.000000000000000000e+00 9.940083927272050923e-01
-4.262723000000000440e+01 8.867925274085169951e-01 0.000000000000000000e+00 1.028926268770340879e+00
-4.202312200000001496e+01 8.742250098816287673e-01 0.000000000000000000e+00 9.376117151571858876e-01
-4.291495399999999449e+01 8.927781730429172891e-01 0.000000000000000000e+00 8.440693091628831413e-01
-4.302169200000002292e+01 8.949986893840109481e-01 0.000000000000000000e+00 9.229204395358960866e-01
-4.290374800000005706e+01 8.925450498242121222e-01 0.000000000000000000e+00 9.267314534230702838e-01
-4.262489600000001388e+01 8.867439722066199348e-01 0.000000000000000000e+00 1.008365693036473942e+00
-4.297277000000000413e+01 8.939809440595810619e-01 0.000000000000000000e+00 1.012483951188432929e+00
-4.263489200000002199e+01 8.869519232769564887e-01 0.000000000000000000e+00 1.021958062125561950e+00
-4.283646000000004506e+01 8.911452287336961708e-01 0.000000000000000000e+00 8.589736231413193090e-01
-4.334415400000002450e+01 9.017070045143443791e-01 0.000000000000000000e+00 8.553399720354569746e-01
-4.356922800000001672e+01 9.063893153591714436e-01 0.000000000000000000e+00 7.981313256259614519e-01
-4.294882000000003330e+01 8.934827019492819211e-01 0.000000000000000000e+00 1.001673135057015163e+00
-4.340314600000004219e+01 9.029342403628126679e-01 0.000000000000000000e+00 9.447118181100349066e-01
-4.238277400000003325e+01 8.817070045143445833e-01 0.000000000000000000e+00 1.043284617181948093e+00
-4.355008600000001451e+01 9.059910961326429479e-01 0.000000000000000000e+00 8.290125742634237849e-01
-4.320504800000001921e+01 8.988131228026382535e-01 0.000000000000000000e+00 8.430527175339718182e-01
-4.340805400000000702e+01 9.030363435894236401e-01 0.000000000000000000e+00 7.785670784462980221e-01
-4.397285400000002653e+01 9.147861199525686438e-01 0.000000000000000000e+00 7.886757092926619528e-01
-4.385583400000002996e+01 9.123517027606155017e-01 0.000000000000000000e+00 8.073555811337895793e-01
-4.369955000000002343e+01 9.091004597557681421e-01 0.000000000000000000e+00 6.670615681153916343e-01
-4.390776400000003576e+01 9.134320247976873697e-01 0.000000000000000000e+00 9.033411281694332384e-01
-4.411495400000000444e+01 9.177422871289189210e-01 0.000000000000000000e+00 7.054107168726514443e-01
-4.409543800000001568e+01 9.173362874201671513e-01 0.000000000000000000e+00 8.506080642372576550e-01
-4.397926799999999758e+01 9.149195531423577332e-01 0.000000000000000000e+00 7.808678793664538542e-01
-4.433965400000003143e+01 9.224168174915231555e-01 0.000000000000000000e+00 7.053227878314606292e-01
-4.369068800000002994e+01 9.089160997732431690e-01 0.000000000000000000e+00 1.031618155933931469e+00
-4.400934400000004132e+01 9.155452370550675179e-01 0.000000000000000000e+00 8.749937027559829827e-01
-4.392480800000003427e+01 9.137865984314221812e-01 0.000000000000000000e+00 7.975767115735290513e-01
-4.393541400000004415e+01 9.140072395930858296e-01 0.000000000000000000e+00 9.137589865268551659e-01
-4.410504200000002584e+01 9.175360835465690146e-01 0.000000000000000000e+00 8.254640197580702665e-01
-4.397290000000003829e+01 9.147870769102756094e-01 0.000000000000000000e+00 8.583845219217014488e-01
-4.385770000000003677e+01 9.123905219580193959e-01 0.000000000000000000e+00 8.428785227068039676e-01
-4.404751000000001682e+01 9.163392207035722103e-01 0.000000000000000000e+00 8.321036344619873182e-01
-4.417625400000003566e+01 9.190175372901461248e-01 0.000000000000000000e+00 8.194973077799500016e-01
-4.412307799999999958e+01 9.179112941812810345e-01 0.000000000000000000e+00 8.717219188213268799e-01
-4.443735200000002550e+01 9.244492708398348579e-01 0.000000000000000000e+00 8.496708658645358847e-01
-4.401153000000002180e+01 9.155907133495604366e-01 0.000000000000000000e+00 8.769754503434239457e-01
-4.399341200000001351e+01 9.152137968337183960e-01 0.000000000000000000e+00 8.091946468064415976e-01
-4.421196200000003529e+01 9.197603861116319113e-01 0.000000000000000000e+00 7.629748009103858308e-01
-4.383709600000000961e+01 9.119618881191622339e-01 0.000000000000000000e+00 1.003661326225941286e+00
-4.414091200000003568e+01 9.182823025234565506e-01 0.000000000000000000e+00 8.058597623794244713e-01
-4.412613200000003388e+01 9.179748278516306481e-01 0.000000000000000000e+00 7.773534433803925836e-01
-4.434828200000001885e+01 9.225963094718012680e-01 0.000000000000000000e+00 9.224528671959233428e-01
-4.398882200000002740e+01 9.151183090973397105e-01 0.000000000000000000e+00 9.811070769700972471e-01
-4.418341000000002339e+01 9.191664066238119934e-01 0.000000000000000000e+00 7.337087366264767319e-01
-4.368008200000003427e+01 9.086954586115798538e-01 0.000000000000000000e+00 9.625655315359104014e-01
-4.420055800000000801e+01 9.195231438141007185e-01 0.000000000000000000e+00 7.825016378051082855e-01
-4.419974800000002801e+01 9.195062930370930809e-01 0.000000000000000000e+00 8.264777939759505587e-01
-4.435347200000005330e+01 9.227042792652239145e-01 0.000000000000000000e+00 9.133822961969761955e-01
-4.425001600000001645e+01 9.205520397761554063e-01 0.000000000000000000e+00 7.519425535117812975e-01
-4.414855600000001346e+01 9.184413239301839615e-01 0.000000000000000000e+00 7.776232473454747218e-01
-4.418148800000001586e+01 9.191264224344174449e-01 0.000000000000000000e+00 8.745039969391944501e-01
-4.436644400000003685e+01 9.229741413384933146e-01 0.000000000000000000e+00 7.788071332311469197e-01
-4.390982400000002883e+01 9.134748798602014830e-01 0.000000000000000000e+00 8.247049550309042409e-01
-4.382790200000003011e+01 9.117706213984070329e-01 0.000000000000000000e+00 7.542927001978192436e-01
-4.365818800000001687e+01 9.082399883500803517e-01 0.000000000000000000e+00 7.089063341243441174e-01
-4.422765400000000824e+01 9.200868335101626272e-01 0.000000000000000000e+00 9.525755470366230604e-01
-4.420077000000003409e+01 9.195275541409231312e-01 0.000000000000000000e+00 7.644131308699930738e-01
-4.413161000000003753e+01 9.180887890324332945e-01 0.000000000000000000e+00 8.233502696699970258e-01
-4.425577600000003997e+01 9.206718675237687277e-01 0.000000000000000000e+00 8.084225534166692428e-01
-4.419159000000004056e+01 9.193365786681653162e-01 0.000000000000000000e+00 8.498131256846171988e-01
-4.365664400000004264e+01 9.082078678566236629e-01 0.000000000000000000e+00 9.162190371876427486e-01
-4.436009200000000874e+01 9.228419979612640933e-01 0.000000000000000000e+00 7.355980030951523307e-01
-4.410240800000003958e+01 9.174812873161505289e-01 0.000000000000000000e+00 9.365591832733998201e-01
-4.442792400000003994e+01 9.242531361168327964e-01 0.000000000000000000e+00 8.945284691078565498e-01
-4.392035599999999818e+01 9.136939815681623944e-01 0.000000000000000000e+00 9.123827119109276795e-01
-4.400157200000002433e+01 9.153835528095034535e-01 0.000000000000000000e+00 7.380966288715288259e-01
-4.453695600000003196e+01 9.265213755226867631e-01 0.000000000000000000e+00 8.184980393798674259e-01
-4.398630200000001622e+01 9.150658844577589379e-01 0.000000000000000000e+00 7.619968183050838118e-01
-4.442234000000002681e+01 9.241369697726190546e-01 0.000000000000000000e+00 7.019594972344032069e-01
-4.444805000000001627e+01 9.246718259169114384e-01 0.000000000000000000e+00 6.753968496709581437e-01
-4.407898600000002887e+01 9.169940294160483507e-01 0.000000000000000000e+00 7.833972148059097362e-01
-4.460119800000001078e+01 9.278578293702803848e-01 0.000000000000000000e+00 7.809797408073498870e-01
-4.423094000000003234e+01 9.201551935759019196e-01 0.000000000000000000e+00 7.560269726896939879e-01
-4.424407599999999974e+01 9.204284674114293630e-01 0.000000000000000000e+00 7.964283654142183533e-01
-4.423461400000002186e+01 9.202316253718616501e-01 0.000000000000000000e+00 7.869279921648013598e-01
-4.455527400000000426e+01 9.269024527242090139e-01 0.000000000000000000e+00 8.028596167236565773e-01
-4.449708800000002640e+01 9.256919844390359975e-01 0.000000000000000000e+00 8.336269971393656109e-01
-4.450359800000002508e+01 9.258274147579526048e-01 0.000000000000000000e+00 7.767414642068378727e-01
-4.422589800000002924e+01 9.200503026898838588e-01 0.000000000000000000e+00 7.257446073843576428e-01
-4.409921400000001768e+01 9.174148411658243907e-01 0.000000000000000000e+00 8.094538606550051307e-01
-4.438292000000002702e+01 9.233168986248938559e-01 0.000000000000000000e+00 7.211212117391931908e-01
-4.443825600000000975e+01 9.244680771391127205e-01 0.000000000000000000e+00 7.833822855523174811e-01
-4.419785600000003001e+01 9.194669329505508193e-01 0.000000000000000000e+00 7.680508001296516563e-01
-4.483510800000003371e+01 9.327239593084947211e-01 0.000000000000000000e+00 7.741065086950508212e-01
-4.408019200000001092e+01 9.170191183507043764e-01 0.000000000000000000e+00 7.821264393997181541e-01
-4.466466400000001613e+01 9.291781397574323531e-01 0.000000000000000000e+00 8.270109824878720817e-01
-4.463301000000001295e+01 9.285196280347003395e-01 0.000000000000000000e+00 7.528091227213745684e-01
-4.474006200000000888e+01 9.307466766523124768e-01 0.000000000000000000e+00 7.434135462605159228e-01
-4.496480200000000593e+01 9.354220391520523536e-01 0.000000000000000000e+00 7.674574222362142706e-01
-4.458372400000001790e+01 9.274943102623315339e-01 0.000000000000000000e+00 7.411663812334630119e-01
-4.447843600000002340e+01 9.253039588924258929e-01 0.000000000000000000e+00 8.247826739796185747e-01
-4.490465600000001700e+01 9.341707961472053290e-01 0.000000000000000000e+00 6.334174101003079427e-01
-4.487624200000003327e+01 9.335796875325059752e-01 0.000000000000000000e+00 5.677914094831203462e-01
-4.479326600000000980e+01 9.318535022571721171e-01 0.000000000000000000e+00 7.762373431971290039e-01
-4.478770400000001928e+01 9.317377935883837115e-01 0.000000000000000000e+00 6.900008897549528841e-01
-4.482668200000001946e+01 9.325486696207538895e-01 0.000000000000000000e+00 6.865001787547497791e-01
-4.394197000000001907e+01 9.141436268697085143e-01 0.000000000000000000e+00 9.479144876298628564e-01
-4.465125400000004419e+01 9.288991657825218518e-01 0.000000000000000000e+00 7.137719387093396373e-01
-4.422349200000004288e+01 9.200002496411416875e-01 0.000000000000000000e+00 8.530426249229008384e-01
-4.460184800000003946e+01 9.278713515987442317e-01 0.000000000000000000e+00 7.601214284280871647e-01
-4.462925600000004067e+01 9.284415319644685471e-01 0.000000000000000000e+00 6.973337998028451556e-01
-4.476968800000000925e+01 9.313629990222389576e-01 0.000000000000000000e+00 7.812499140079141036e-01
-4.524559000000000708e+01 9.412633922070358095e-01 0.000000000000000000e+00 5.947125457060765674e-01
-4.536490199999998651e+01 9.437454908568928547e-01 0.000000000000000000e+00 7.030594988945521040e-01
-4.512431400000004089e+01 9.387404356237916137e-01 0.000000000000000000e+00 7.222077919487678299e-01
-4.516660600000002290e+01 9.396202542178955230e-01 0.000000000000000000e+00 6.455497154481221189e-01
-4.513450800000001095e+01 9.389525057729515289e-01 0.000000000000000000e+00 5.817961220325565952e-01
-4.516615600000002928e+01 9.396108926751134405e-01 0.000000000000000000e+00 7.493687102508553854e-01
-4.502304400000002715e+01 9.366336724292168014e-01 0.000000000000000000e+00 6.715212782446684514e-01
-4.511605000000001553e+01 9.385685160914521985e-01 0.000000000000000000e+00 7.055280245563203545e-01
-4.502086800000005695e+01 9.365884041690082373e-01 0.000000000000000000e+00 7.506603246516100336e-01
-4.500255400000002481e+01 9.362074101811983518e-01 0.000000000000000000e+00 6.434265141216575223e-01
-4.495649600000002266e+01 9.352492458757207805e-01 0.000000000000000000e+00 7.265818891219352205e-01
-4.499416600000001409e+01 9.360329110237369798e-01 0.000000000000000000e+00 6.937588979820674684e-01
-4.510142600000001067e+01 9.382642867544572773e-01 0.000000000000000000e+00 7.280619757474586784e-01
-4.504916200000000970e+01 9.371770163722983327e-01 0.000000000000000000e+00 6.763876001318481768e-01
-4.525834800000001223e+01 9.415288023466269474e-01 0.000000000000000000e+00 6.760143197455288355e-01
-4.491877400000001330e+01 9.344644989494270693e-01 0.000000000000000000e+00 6.871305568416056220e-01
-4.507929800000000853e+01 9.378039484907113588e-01 0.000000000000000000e+00 6.863669116221270405e-01
-4.517749400000001714e+01 9.398467619463690692e-01 0.000000000000000000e+00 6.806146410859860163e-01
-4.563227000000004097e+01 9.493076619026823426e-01 0.000000000000000000e+00 6.693242419852214464e-01
-4.551641000000002180e+01 9.468973766876784826e-01 0.000000000000000000e+00 6.431504751116677854e-01
-4.532253799999998733e+01 9.428641744159433902e-01 0.000000000000000000e+00 6.760714143707701185e-01
-4.527608800000002276e+01 9.418978551665319054e-01 0.000000000000000000e+00 6.517909383608316842e-01
-4.545743200000001849e+01 9.456704320872083569e-01 0.000000000000000000e+00 6.579882321995822458e-01
-4.512732200000002791e+01 9.388030123364335955e-01 0.000000000000000000e+00 7.954172466566135080e-01
-4.530770000000003961e+01 9.425554931452710949e-01 0.000000000000000000e+00 5.641807393616573574e-01
-4.516280000000002559e+01 9.395410763693861078e-01 0.000000000000000000e+00 6.794085936840341677e-01
-4.536225800000002550e+01 9.436904865921909025e-01 0.000000000000000000e+00 6.130114348266947344e-01
-4.542654800000002524e+01 9.450279390043483385e-01 0.000000000000000000e+00 6.783004784657526987e-01
-4.553573000000003645e+01 9.472992989244634066e-01 0.000000000000000000e+00 7.192770620701055551e-01
-4.547504200000000907e+01 9.460367804614201459e-01 0.000000000000000000e+00 6.107810143669425429e-01
-4.514646200000002807e+01 9.392011899561053534e-01 0.000000000000000000e+00 8.236203973587921112e-01
-4.508417200000005209e+01 9.379053444007582341e-01 0.000000000000000000e+00 7.037052246846581260e-01
-4.556946000000004915e+01 9.480009985645644344e-01 0.000000000000000000e+00 6.998553429174498852e-01
-4.556598400000002869e+01 9.479286858474281763e-01 0.000000000000000000e+00 5.241231605435713314e-01
-4.514038000000002882e+01 9.390746635045460478e-01 0.000000000000000000e+00 6.135051297604809939e-01
-4.542146200000004086e+01 9.449221327674808268e-01 0.000000000000000000e+00 6.370392212811587518e-01
-4.525527000000005273e+01 9.414647693939971473e-01 0.000000000000000000e+00 7.085890617874709418e-01
-4.524509400000003723e+01 9.412530737065475384e-01 0.000000000000000000e+00 6.393282386468731593e-01
-4.540601199999999693e+01 9.446007197986227011e-01 0.000000000000000000e+00 7.321514899930138265e-01
-4.531034199999999856e+01 9.426104558031163094e-01 0.000000000000000000e+00 7.001323922680843248e-01
-4.503815200000001084e+01 9.369479706255592344e-01 0.000000000000000000e+00 6.940302698373507218e-01
-4.525888800000003442e+01 9.415400361979661126e-01 0.000000000000000000e+00 7.562114349836296379e-01
-4.540764000000002909e+01 9.446345877800667035e-01 0.000000000000000000e+00 5.902237918319157561e-01
-4.547222399999999709e+01 9.459781564001746856e-01 0.000000000000000000e+00 6.622367059984802795e-01
-4.518053600000000358e+01 9.399100459755768133e-01 0.000000000000000000e+00 7.229622250802109074e-01
-4.532931400000001076e+01 9.430051384468162157e-01 0.000000000000000000e+00 7.180070629376029689e-01
-4.541416800000005338e+01 9.447703925606950603e-01 0.000000000000000000e+00 7.154707291134854152e-01
-4.541005599999998310e+01 9.446848488630922303e-01 0.000000000000000000e+00 6.596038946537724490e-01
-4.563278400000001511e+01 9.493183548648820302e-01 0.000000000000000000e+00 6.380787220233801182e-01
-4.543331200000002923e+01 9.451686533940798496e-01 0.000000000000000000e+00 5.715289077376559668e-01
-4.554806800000002909e+01 9.475559716241241937e-01 0.000000000000000000e+00 6.006838118294347550e-01
-4.553769000000003331e+01 9.473400736441371928e-01 0.000000000000000000e+00 6.294823208178468299e-01
-4.560540600000003053e+01 9.487487986020102237e-01 0.000000000000000000e+00 6.164185974128002510e-01
-4.559587400000002333e+01 9.485505003224535825e-01 0.000000000000000000e+00 6.251439453825695658e-01
-4.554838800000002408e+01 9.475626287212136623e-01 0.000000000000000000e+00 6.188212991313293276e-01
-4.543011400000004585e+01 9.451021240300410131e-01 0.000000000000000000e+00 6.565099288439646408e-01
-4.562050200000003031e+01 9.490628471572121194e-01 0.000000000000000000e+00 6.334661382258633955e-01
-4.505639800000000150e+01 9.373275499802367072e-01 0.000000000000000000e+00 6.531648214932915808e-01
-4.523450600000002453e+01 9.410328070065951955e-01 0.000000000000000000e+00 6.369274309423869074e-01
-4.544678200000001311e+01 9.454488755746949247e-01 0.000000000000000000e+00 5.476948919080976141e-01
-4.570937200000001610e+01 9.509116478395642780e-01 0.000000000000000000e+00 6.507640879750358209e-01
-4.557262799999996616e+01 9.480669038257497627e-01 0.000000000000000000e+00 6.383975393107179652e-01
-4.552608800000000855e+01 9.470987122677818615e-01 0.000000000000000000e+00 6.015803371759818052e-01
-4.549521000000002857e+01 9.464563440054926113e-01 0.000000000000000000e+00 5.968594849271267044e-01
-4.544438400000006339e+01 9.453989889533808144e-01 0.000000000000000000e+00 7.296760170393601364e-01
-4.557991400000004489e+01 9.482184776051102437e-01 0.000000000000000000e+00 5.772246417771400573e-01
-4.543079800000003132e+01 9.451163535750697342e-01 0.000000000000000000e+00 6.387654250809041701e-01
-4.543548600000001869e+01 9.452138800474321201e-01 0.000000000000000000e+00 6.631432139638185896e-01
-4.552862400000001486e+01 9.471514697622170909e-01 0.000000000000000000e+00 6.763601982686591185e-01
-4.543450000000004252e+01 9.451933678670253469e-01 0.000000000000000000e+00 6.577094661156868138e-01
-4.561406000000004468e+01 9.489288314714273698e-01 0.000000000000000000e+00 6.488296201311993805e-01
-4.543151600000003043e+01 9.451312904366645506e-01 0.000000000000000000e+00 6.380637156240431818e-01
-4.542954600000002330e+01 9.450903076827065208e-01 0.000000000000000000e+00 7.271350310761969249e-01
-4.551635400000004239e+01 9.468962116956882724e-01 0.000000000000000000e+00 6.645150563266786214e-01
-4.573116000000000980e+01 9.513649129376522406e-01 0.000000000000000000e+00 5.753646411650878978e-01
-4.575576600000001548e+01 9.518768020969858856e-01 0.000000000000000000e+00 6.266293270984034658e-01
-4.579785200000003442e+01 9.527523351848391497e-01 0.000000000000000000e+00 6.318495017203404895e-01
-4.536406600000000822e+01 9.437280991907467387e-01 0.000000000000000000e+00 6.467211392583644969e-01
-4.591686400000006074e+01 9.552281928061756577e-01 0.000000000000000000e+00 5.693499116740359245e-01
-4.603445400000002508e+01 9.576744679523190307e-01 0.000000000000000000e+00 5.156675429308336112e-01
-4.572810800000003439e+01 9.513014208741606970e-01 0.000000000000000000e+00 7.155747083063211944e-01
-4.560018000000001592e+01 9.486400798851652993e-01 0.000000000000000000e+00 5.026564073384360842e-01
-4.538781600000002214e+01 9.442221806153657804e-01 0.000000000000000000e+00 6.719749235821473876e-01
-4.577148600000002432e+01 9.522038319915127058e-01 0.000000000000000000e+00 6.045815016399794795e-01
-4.583017400000003505e+01 9.534247435977455387e-01 0.000000000000000000e+00 5.825606419415871873e-01
-4.586659800000001752e+01 9.541824876739689598e-01 0.000000000000000000e+00 5.566489371119635043e-01
-4.595312000000002683e+01 9.559824419064266721e-01 0.000000000000000000e+00 5.328234684066086579e-01
-4.597198600000001534e+01 9.563749193867151499e-01 0.000000000000000000e+00 6.475120916963090778e-01
-4.581218000000001922e+01 9.530504067070256768e-01 0.000000000000000000e+00 5.037072602617557182e-01
-4.578757200000000438e+01 9.525384759408350721e-01 0.000000000000000000e+00 6.544898564052570311e-01
-4.577508200000002603e+01 9.522786411200571122e-01 0.000000000000000000e+00 6.003705455766128463e-01
-4.579418000000001854e+01 9.526759449957356019e-01 0.000000000000000000e+00 5.095667317843798338e-01
-4.545156000000004326e+01 9.455482743556146152e-01 0.000000000000000000e+00 5.405430056989929399e-01
-4.580060000000000286e+01 9.528095030060954596e-01 0.000000000000000000e+00 5.987837045615763687e-01
-4.598631399999999303e+01 9.566729909089015660e-01 0.000000000000000000e+00 5.680791140343222079e-01
-4.591293400000003544e+01 9.551464353325435086e-01 0.000000000000000000e+00 6.253802786894852028e-01
-4.558306400000000025e+01 9.482840084045850437e-01 0.000000000000000000e+00 6.100732056619649901e-01
-4.557272000000001100e+01 9.480688177411639161e-01 0.000000000000000000e+00 6.537640417017613892e-01
-4.589391400000003784e+01 9.547507541242804541e-01 0.000000000000000000e+00 5.681138527628156742e-01
-4.600282400000001104e+01 9.570164555118685357e-01 0.000000000000000000e+00 6.334287151652977510e-01
-4.585641800000000501e+01 9.539707087728057644e-01 0.000000000000000000e+00 6.042803771579728922e-01
-4.569663800000003562e+01 9.506467369822553248e-01 0.000000000000000000e+00 5.690442113764184739e-01
-4.604670200000002467e+01 9.579292683434235123e-01 0.000000000000000000e+00 5.516009013221367940e-01
-4.588371800000003020e+01 9.545386423682629129e-01 0.000000000000000000e+00 5.441142394123804626e-01
-4.570292400000004562e+01 9.507775073332094262e-01 0.000000000000000000e+00 5.331290872392968616e-01
-4.582282000000003563e+01 9.532717551852551985e-01 0.000000000000000000e+00 5.797188134141089133e-01
-4.574372200000002664e+01 9.516262456052761998e-01 0.000000000000000000e+00 5.231221020493452833e-01
-4.608532800000001117e+01 9.587328215689947530e-01 0.000000000000000000e+00 5.362544213902631363e-01
-4.590657600000002247e+01 9.550141671347441852e-01 0.000000000000000000e+00 4.871171433416952579e-01
-4.602991800000002343e+01 9.575801036010739287e-01 0.000000000000000000e+00 5.983194093728889662e-01
-4.585418200000005839e+01 9.539241923068932927e-01 0.000000000000000000e+00 5.595879379318215996e-01
-4.576556600000003527e+01 9.520806756953552608e-01 0.000000000000000000e+00 5.317146162893755523e-01
-4.563340200000001801e+01 9.493312113836362975e-01 0.000000000000000000e+00 6.346863751046137869e-01
-4.590227400000001978e+01 9.549246707857458327e-01 0.000000000000000000e+00 5.475995349069452400e-01
-4.601723199999999991e+01 9.573161913083275687e-01 0.000000000000000000e+00 5.500366435690322575e-01
-4.602989400000001297e+01 9.575796043187919659e-01 0.000000000000000000e+00 5.976785862726629039e-01
-4.577371400000003376e+01 9.522501820299992259e-01 0.000000000000000000e+00 6.113129485084881631e-01
-4.588287000000002536e+01 9.545210010609753715e-01 0.000000000000000000e+00 5.145037152735668640e-01
-4.570609000000001743e+01 9.508433709875390161e-01 0.000000000000000000e+00 6.264852151068491803e-01
-4.595317800000002961e+01 9.559836485052742860e-01 0.000000000000000000e+00 5.973704343828437624e-01
-4.592967200000002492e+01 9.554946431171861265e-01 0.000000000000000000e+00 5.373331284457087964e-01
-4.590953800000003326e+01 9.550757868896800895e-01 0.000000000000000000e+00 5.190804540081755958e-01
-4.546938800000002345e+01 9.459191578772185860e-01 0.000000000000000000e+00 6.194153495095843232e-01
-4.604204000000002139e+01 9.578322827601992717e-01 0.000000000000000000e+00 5.752009314275766672e-01
-4.555222600000002586e+01 9.476424722794321021e-01 0.000000000000000000e+00 6.500777909347978945e-01
-4.588626600000003464e+01 9.545916495038389016e-01 0.000000000000000000e+00 5.261870014058545042e-01
-4.576538199999998824e+01 9.520768478645277311e-01 0.000000000000000000e+00 6.170071263900938074e-01
-4.615597800000001172e+01 9.602025837858081392e-01 0.000000000000000000e+00 5.353988253044397183e-01
-4.607918400000004056e+01 9.586050053048750241e-01 0.000000000000000000e+00 5.803999649701696573e-01
-4.603660400000005382e+01 9.577191953233903376e-01 0.000000000000000000e+00 5.579156592282752403e-01
-4.589974800000002375e+01 9.548721213255948470e-01 0.000000000000000000e+00 5.425704915297074882e-01
-4.621280600000002181e+01 9.613848010152077350e-01 0.000000000000000000e+00 5.396198912515581814e-01
-4.532061200000001833e+01 9.428241070128360324e-01 0.000000000000000000e+00 6.459777397546963007e-01
-4.612344000000005906e+01 9.595256818323671943e-01 0.000000000000000000e+00 5.809431551321948550e-01
-4.538892800000002126e+01 9.442453140277521362e-01 0.000000000000000000e+00 6.126016568008544327e-01
-4.604751800000002504e+01 9.579462439410019181e-01 0.000000000000000000e+00 4.847404771398591272e-01
-4.571228800000002934e+01 9.509723106367935497e-01 0.000000000000000000e+00 6.415341878637331741e-01
-4.593422600000000955e+01 9.555893819301422010e-01 0.000000000000000000e+00 5.667033846606697178e-01
-4.581482000000001875e+01 9.531053277580148198e-01 0.000000000000000000e+00 5.352240988217887852e-01
-4.584063400000000854e+01 9.536423474588613391e-01 0.000000000000000000e+00 6.457840112106784103e-01
-4.531451400000001684e+01 9.426972477064222700e-01 0.000000000000000000e+00 7.104281817454751735e-01
-4.602778600000002740e+01 9.575357506917144823e-01 0.000000000000000000e+00 6.543409621531538489e-01
-4.594578800000005714e+01 9.558299111693618899e-01 0.000000000000000000e+00 5.964933087045433124e-01
-4.607244600000002066e+01 9.584648318042817694e-01 0.000000000000000000e+00 5.196346524280692769e-01
-4.615881400000001378e+01 9.602615823087646829e-01 0.000000000000000000e+00 5.057092942660545987e-01
-4.597229400000000510e+01 9.563813268426637482e-01 0.000000000000000000e+00 5.752048962681984845e-01
-4.596579200000005017e+01 9.562460629511753130e-01 0.000000000000000000e+00 6.443462466655015541e-01
-4.609057000000002091e+01 9.588418731406940232e-01 0.000000000000000000e+00 6.069017502400567698e-01
-4.526881200000003957e+01 9.417464894214574445e-01 0.000000000000000000e+00 7.973197307140084122e-01
-4.582049400000003203e+01 9.532233664107850890e-01 0.000000000000000000e+00 5.865479297576888795e-01
-4.583261000000003804e+01 9.534754207493402189e-01 0.000000000000000000e+00 7.343751175198706127e-01
-4.593961200000002520e+01 9.557014291955319152e-01 0.000000000000000000e+00 4.943164911166721409e-01
-4.569344400000001372e+01 9.505802908319292976e-01 0.000000000000000000e+00 6.887242104387245600e-01
-4.612682600000003674e+01 9.595961222409460367e-01 0.000000000000000000e+00 5.661646665239736809e-01
-4.540426600000000690e+01 9.445643970126277322e-01 0.000000000000000000e+00 6.181509599906594987e-01
-4.602924600000003608e+01 9.575661236971859669e-01 0.000000000000000000e+00 5.705298503898441620e-01
-4.588646800000003623e+01 9.545958517963767376e-01 0.000000000000000000e+00 4.791835381230047930e-01
-4.604271800000001491e+01 9.578463874846577797e-01 0.000000000000000000e+00 4.905957673537905683e-01
-4.525176000000003995e+01 9.413917493602953490e-01 0.000000000000000000e+00 7.039747889195632213e-01
-4.606454800000004468e+01 9.583005263267395657e-01 0.000000000000000000e+00 5.057582211677712491e-01
-4.602618200000003412e+01 9.575023819925529978e-01 0.000000000000000000e+00 5.056119916866825825e-01
-4.611022200000004290e+01 9.592507021157095082e-01 0.000000000000000000e+00 5.637449354436663285e-01
-4.590395600000002929e+01 9.549596621523233075e-01 0.000000000000000000e+00 6.286288523477432388e-01
-4.612576400000002508e+01 9.595740289999796779e-01 0.000000000000000000e+00 5.568885040684858900e-01
-4.610625800000001817e+01 9.591682373255115968e-01 0.000000000000000000e+00 4.785251587023517938e-01
-4.616525000000002876e+01 9.603954731739796635e-01 0.000000000000000000e+00 5.885015948761033178e-01
-4.609137600000003232e+01 9.588586407039886295e-01 0.000000000000000000e+00 5.832879818076247558e-01
-4.605200400000001792e+01 9.580395681208265790e-01 0.000000000000000000e+00 5.848843870770229492e-01
-4.601130200000005033e+01 9.571928269778869902e-01 0.000000000000000000e+00 5.345531697680705463e-01
-4.601148800000002126e+01 9.571966964155697033e-01 0.000000000000000000e+00 4.616383755208567363e-01
-4.575124800000000391e+01 9.517828122074518671e-01 0.000000000000000000e+00 6.111287150507620503e-01
-4.604999800000002352e+01 9.579978364434462712e-01 0.000000000000000000e+00 5.990861906556882444e-01
-4.614873200000002385e+01 9.600518421435857430e-01 0.000000000000000000e+00 5.150492087660214491e-01
-4.606168000000001683e+01 9.582408620940734423e-01 0.000000000000000000e+00 5.330019387081688098e-01
-4.637917400000001322e+01 9.648458257920907721e-01 0.000000000000000000e+00 4.660496411371222170e-01
-4.638826600000002998e+01 9.650349705631493524e-01 0.000000000000000000e+00 5.290663810903122322e-01
-4.629574800000003165e+01 9.631102789739754977e-01 0.000000000000000000e+00 4.808725870180730610e-01
-4.612258200000001551e+01 9.595078324907947431e-01 0.000000000000000000e+00 5.675241897358681564e-01
-4.624992200000004772e+01 9.621569410638882713e-01 0.000000000000000000e+00 5.351057525198151810e-01
-4.617453600000001757e+01 9.605886538101482408e-01 0.000000000000000000e+00 5.114098365431888338e-01
-4.615733400000003428e+01 9.602307932347257102e-01 0.000000000000000000e+00 5.395182595312940643e-01
-4.616439800000005533e+01 9.603777486529790908e-01 0.000000000000000000e+00 5.314823010784047730e-01
-4.616758199999999590e+01 9.604439867690194310e-01 0.000000000000000000e+00 6.072093291194538001e-01
-4.623726200000001541e+01 9.618935696602802787e-01 0.000000000000000000e+00 6.034034968042158997e-01
-4.608963000000000676e+01 9.588223179179929945e-01 0.000000000000000000e+00 5.684354586107911445e-01
-4.601613799999999088e+01 9.572934323576522964e-01 0.000000000000000000e+00 4.723147963215234557e-01
-4.609381200000003531e+01 9.589093178555833097e-01 0.000000000000000000e+00 5.292409298936993078e-01
-4.612170000000002545e+01 9.594894838669417725e-01 0.000000000000000000e+00 4.786240518719290793e-01
-4.621775800000003187e+01 9.614878195926694904e-01 0.000000000000000000e+00 4.817265658844109288e-01
-4.624104199999999310e+01 9.619722066196507715e-01 0.000000000000000000e+00 5.034213828625401232e-01
-4.606321800000005595e+01 9.582728577669611392e-01 0.000000000000000000e+00 5.033313121332089191e-01
-4.612395000000002909e+01 9.595362915808530735e-01 0.000000000000000000e+00 5.707729505776454326e-01
-4.626535000000001219e+01 9.624778963573198398e-01 0.000000000000000000e+00 5.744419509841749427e-01
-4.617607400000001405e+01 9.606206494830350495e-01 0.000000000000000000e+00 4.770570223248948860e-01
-4.629171799999998171e+01 9.630264411575023553e-01 0.000000000000000000e+00 5.264688773941399447e-01
-4.604323200000000327e+01 9.578570804468576894e-01 0.000000000000000000e+00 4.255075341188677140e-01
-4.631215600000000876e+01 9.634516216272442923e-01 0.000000000000000000e+00 5.020422651771883071e-01
-4.611488200000002990e+01 9.593476460920765669e-01 0.000000000000000000e+00 4.921742904683050202e-01
-4.635111600000002596e+01 9.642621231979034979e-01 0.000000000000000000e+00 5.703606090780449778e-01
-4.607499000000000677e+01 9.585177557261437276e-01 0.000000000000000000e+00 5.211982072226660767e-01
-4.606627600000000200e+01 9.583364746510224519e-01 0.000000000000000000e+00 4.425507613685452646e-01
-4.634858400000000245e+01 9.642094489171815219e-01 0.000000000000000000e+00 5.710703943446633346e-01
-4.618882600000002014e+01 9.608859348020557523e-01 0.000000000000000000e+00 5.072489474318374603e-01
-4.628604599999997760e+01 9.629084441115890458e-01 0.000000000000000000e+00 5.067664876589030865e-01
-4.625197600000001330e+01 9.621996713058313944e-01 0.000000000000000000e+00 4.617939837834461048e-01
-4.592647400000002023e+01 9.554281137531468460e-01 0.000000000000000000e+00 5.737651458127227544e-01
-4.616729600000001454e+01 9.604380369884959467e-01 0.000000000000000000e+00 4.780825198032384593e-01
-4.623416800000001814e+01 9.618292038527952448e-01 0.000000000000000000e+00 4.796651978161010632e-01
-4.620544600000001623e+01 9.612316877821467376e-01 0.000000000000000000e+00 5.296537247727580722e-01
-4.605445000000003830e+01 9.580904533067057249e-01 0.000000000000000000e+00 5.040946907801421295e-01
-4.592199999999997573e+01 9.553350392144619452e-01 0.000000000000000000e+00 4.748471762663024620e-01
-4.619280200000000747e+01 9.609686492333937569e-01 0.000000000000000000e+00 5.804823904758221742e-01
-4.624314600000000297e+01 9.620159770330150018e-01 0.000000000000000000e+00 4.584940010226277174e-01
-4.623049200000003367e+01 9.617527304499787766e-01 0.000000000000000000e+00 4.838626062773767056e-01
-4.606685000000002361e+01 9.583484158189273794e-01 0.000000000000000000e+00 5.224909362705237870e-01
-4.609368000000005594e+01 9.589065718030342911e-01 0.000000000000000000e+00 5.449402094901713012e-01
-4.614507200000001319e+01 9.599757015956231765e-01 0.000000000000000000e+00 5.132033645149796097e-01
-4.605098200000004738e+01 9.580183070169973059e-01 0.000000000000000000e+00 5.592830613410625373e-01
-4.591729000000002259e+01 9.552370550666754445e-01 0.000000000000000000e+00 5.909731596735556813e-01
-4.610887199999999098e+01 9.592226174873617062e-01 0.000000000000000000e+00 4.965516893719947866e-01
-4.625919000000003933e+01 9.623497472383456541e-01 0.000000000000000000e+00 5.505380592170391330e-01
-4.604495400000003258e+01 9.578929039505716947e-01 0.000000000000000000e+00 4.820741699545557091e-01
-4.643688399999999916e+01 9.660463916453431166e-01 0.000000000000000000e+00 5.611348761539987073e-01
-4.625847200000002601e+01 9.623348103767506156e-01 0.000000000000000000e+00 5.685746719577997599e-01
-4.627573800000001114e+01 9.626940023715909733e-01 0.000000000000000000e+00 5.322106423535172270e-01
-4.616610400000003267e+01 9.604132393018375291e-01 0.000000000000000000e+00 5.037009570422241733e-01
-4.552757600000001048e+01 9.471296677692485622e-01 0.000000000000000000e+00 6.109894140364839910e-01
-4.637349999999999994e+01 9.647277871393205029e-01 0.000000000000000000e+00 5.514220569114773873e-01
-4.566134400000002103e+01 9.499125007801288989e-01 0.000000000000000000e+00 6.227560016895897776e-01
-4.611062600000003187e+01 9.592591067007848471e-01 0.000000000000000000e+00 4.886040950927595938e-01
-4.588614600000004629e+01 9.545891530924305313e-01 0.000000000000000000e+00 6.697968706732186916e-01
-4.619012200000002366e+01 9.609128960452687496e-01 0.000000000000000000e+00 5.290246874344823880e-01
-4.632526400000000422e+01 9.637243129667769637e-01 0.000000000000000000e+00 6.014763599844984432e-01
-4.643561400000002948e+01 9.660199712912693748e-01 0.000000000000000000e+00 5.174657556658878166e-01
-4.621832600000001179e+01 9.614996359400030945e-01 0.000000000000000000e+00 5.446471779125279244e-01
-4.635696000000000794e+01 9.643836984335019125e-01 0.000000000000000000e+00 5.134925758514381489e-01
-4.590517400000005921e+01 9.549850007281212028e-01 0.000000000000000000e+00 6.059566612198994395e-01
-4.626760600000004331e+01 9.625248288918022421e-01 0.000000000000000000e+00 5.815659865667122119e-01
-4.625135200000001134e+01 9.621866899665066919e-01 0.000000000000000000e+00 5.633135188338820321e-01
-4.620496200000005871e+01 9.612216189227996699e-01 0.000000000000000000e+00 6.619198802229340206e-01
-4.664136600000000499e+01 9.703003182924546666e-01 0.000000000000000000e+00 4.468877454284705952e-01
-4.635578800000002531e+01 9.643593168154116491e-01 0.000000000000000000e+00 4.580166251845611547e-01
-4.665654600000002006e+01 9.706161143356428767e-01 0.000000000000000000e+00 4.645239656145880858e-01
-4.649263400000002378e+01 9.672061827789224520e-01 0.000000000000000000e+00 4.992578622052309401e-01
-4.657404600000002404e+01 9.688998314922303567e-01 0.000000000000000000e+00 4.722323865995801118e-01
-4.653336000000003025e+01 9.680534232041446696e-01 0.000000000000000000e+00 4.533702908286563193e-01
-4.641561000000003645e+01 9.656038195094558407e-01 0.000000000000000000e+00 4.927283139968125503e-01
-4.650479200000002322e+01 9.674591108614704060e-01 0.000000000000000000e+00 4.841192422775967841e-01
-4.669965600000002581e+01 9.715129501341825957e-01 0.000000000000000000e+00 4.149712513639775557e-01
-4.655830400000001390e+01 9.685723439222786446e-01 0.000000000000000000e+00 4.977820824417041323e-01
-4.652924600000005029e+01 9.679678378996868782e-01 0.000000000000000000e+00 3.876444386185872171e-01
-4.655885800000002206e+01 9.685838690216151958e-01 0.000000000000000000e+00 5.082181177288733753e-01
-4.646013599999999855e+01 9.665301129626161503e-01 0.000000000000000000e+00 5.603199114214608700e-01
-4.665363200000002308e+01 9.705554931452707867e-01 0.000000000000000000e+00 4.387033536468692985e-01
-4.662203600000003689e+01 9.698981880213866091e-01 0.000000000000000000e+00 4.821026642665742767e-01
-4.641399399999998820e+01 9.655702011691523756e-01 0.000000000000000000e+00 5.219174457379792686e-01
-4.639577800000000707e+01 9.651912459173273007e-01 0.000000000000000000e+00 4.868389117313424164e-01
-4.636151999999999873e+01 9.644785620670285331e-01 0.000000000000000000e+00 5.308620623975022212e-01
-4.635124000000002553e+01 9.642647028230256767e-01 0.000000000000000000e+00 5.666340653723564991e-01
-4.658740000000000947e+01 9.691776404751504259e-01 0.000000000000000000e+00 4.351418419622075651e-01
-4.662997800000000126e+01 9.700634088497783747e-01 0.000000000000000000e+00 4.266018406198007207e-01
-4.643252000000000379e+01 9.659556054837837857e-01 0.000000000000000000e+00 4.649068654422661151e-01
-4.653642599999999874e+01 9.681172065156337103e-01 0.000000000000000000e+00 4.440358377155579905e-01
-4.654566200000001430e+01 9.683093469803826236e-01 0.000000000000000000e+00 4.812663083486262705e-01
-4.663397400000002335e+01 9.701465393496853107e-01 0.000000000000000000e+00 4.363892235936708275e-01
-4.647796799999998285e+01 9.669010796979338185e-01 0.000000000000000000e+00 4.442388626026140819e-01
-4.661347600000000568e+01 9.697201106742391330e-01 0.000000000000000000e+00 4.379093433046790662e-01
-4.641000800000001192e+01 9.654872787035305715e-01 0.000000000000000000e+00 4.425751657166170916e-01
-4.622641000000003686e+01 9.616678108552296766e-01 0.000000000000000000e+00 5.006978502777175155e-01
-4.664446600000000132e+01 9.703648089205100247e-01 0.000000000000000000e+00 4.695803508485317246e-01
-4.668173399999999873e+01 9.711401110903076228e-01 0.000000000000000000e+00 4.020274939640703926e-01
-4.644826199999997840e+01 9.662830930537347207e-01 0.000000000000000000e+00 4.768030834208146218e-01
-4.677157800000001941e+01 9.730091743119269054e-01 0.000000000000000000e+00 3.678813806353645188e-01
-4.678675800000001317e+01 9.733249703551147824e-01 0.000000000000000000e+00 3.496735993708556256e-01
-4.688661799999999857e+01 9.754024007156378850e-01 0.000000000000000000e+00 3.036632599283339840e-01
-4.666418400000002009e+01 9.707750109218002965e-01 0.000000000000000000e+00 4.066790705311509879e-01
-4.668538600000001537e+01 9.712160852108430165e-01 0.000000000000000000e+00 4.084106106270100067e-01
-4.676977200000001034e+01 9.729716033202273628e-01 0.000000000000000000e+00 3.340211292173544955e-01
-4.676198600000000738e+01 9.728096278266659125e-01 0.000000000000000000e+00 4.068505369272352179e-01
-4.670470000000000965e+01 9.716178826270570612e-01 0.000000000000000000e+00 3.766408213176430375e-01
-4.696630000000002525e+01 9.770600594978057218e-01 0.000000000000000000e+00 2.306778426089222678e-01
-4.696132799999998753e+01 9.769566248517752571e-01 0.000000000000000000e+00 1.937640896564784831e-01
-4.665038800000002084e+01 9.704880068235248736e-01 0.000000000000000000e+00 3.922739578870413357e-01
-4.690169999999999817e+01 9.757161580228420616e-01 0.000000000000000000e+00 2.700094790704182235e-01
-4.697448800000004354e+01 9.772303979695862175e-01 0.000000000000000000e+00 2.123673324571117016e-01
-4.669694199999999995e+01 9.714564896294909380e-01 0.000000000000000000e+00 3.891842058678255389e-01
-4.695431400000001787e+01 9.768107096049432059e-01 0.000000000000000000e+00 2.528118496375741930e-01
-4.679538600000002191e+01 9.735044623353932280e-01 0.000000000000000000e+00 2.724241141746422401e-01
-4.691425200000001183e+01 9.759772826561818881e-01 0.000000000000000000e+00 2.931773491877699978e-01
-4.676678400000003677e+01 9.729094426761537573e-01 0.000000000000000000e+00 3.124200121372486261e-01
-4.665170800000002060e+01 9.705154673490195005e-01 0.000000000000000000e+00 3.510995178727897015e-01
-4.681971400000001182e+01 9.740105681416298955e-01 0.000000000000000000e+00 3.473001068909489786e-01
-4.661557999999999424e+01 9.697638810876030302e-01 0.000000000000000000e+00 4.090288972528456357e-01
-4.682813800000000981e+01 9.741858162225136564e-01 0.000000000000000000e+00 3.121790533807430879e-01
-4.695904400000001289e+01 9.769091098212987490e-01 0.000000000000000000e+00 2.144476514587218552e-01
-4.690298000000000656e+01 9.757427864112006022e-01 0.000000000000000000e+00 2.527864663619426855e-01
-4.699956400000002077e+01 9.777520647402695442e-01 0.000000000000000000e+00 1.939734968463157350e-01
-4.693578599999998602e+01 9.764252636834547250e-01 0.000000000000000000e+00 1.865330198082575941e-01
-4.700440200000001312e+01 9.778527117268928093e-01 0.000000000000000000e+00 1.885169949094690212e-01
-4.695857399999998449e+01 9.768993322099478460e-01 0.000000000000000000e+00 2.219412492193603703e-01
-4.701368200000001707e+01 9.780457675424912845e-01 0.000000000000000000e+00 2.298631724669376875e-01
-4.691665600000000325e+01 9.760272940980673217e-01 0.000000000000000000e+00 2.154959102567231555e-01
-4.677907400000001559e+01 9.731651168112507300e-01 0.000000000000000000e+00 3.392553779063553487e-01
-4.700236199999999798e+01 9.778102727329462951e-01 0.000000000000000000e+00 1.807735984455399181e-01
-4.693513000000001512e+01 9.764116166344216641e-01 0.000000000000000000e+00 2.187878034290137164e-01
-4.692266000000000759e+01 9.761521978822110812e-01 0.000000000000000000e+00 2.806240973979314268e-01
-4.705428999999999462e+01 9.788905531631610923e-01 0.000000000000000000e+00 2.108323770489744786e-01
-4.709395599999999860e+01 9.797157419542740220e-01 0.000000000000000000e+00 1.878287067914518604e-01
-4.712056200000001382e+01 9.802692379704177617e-01 0.000000000000000000e+00 2.099466131177059602e-01
-4.709723800000000438e+01 9.797840188062992839e-01 0.000000000000000000e+00 1.993893195826596798e-01
-4.712880799999999937e+01 9.804407830410450941e-01 0.000000000000000000e+00 2.504101910341053894e-01
-4.711018600000002010e+01 9.800533815972876095e-01 0.000000000000000000e+00 2.718671366753255270e-01
-4.712716800000003303e+01 9.804066654184615537e-01 0.000000000000000000e+00 2.452835600366282121e-01
-4.699621199999999988e+01 9.776823316482555759e-01 0.000000000000000000e+00 3.176956803437697152e-01
-4.703887199999999780e+01 9.785698059040128793e-01 0.000000000000000000e+00 2.938558631352952699e-01
-4.711968800000001778e+01 9.802510557739918529e-01 0.000000000000000000e+00 3.010173823901364232e-01
-4.698082000000000846e+01 9.773621252782459523e-01 0.000000000000000000e+00 3.720533267957666368e-01
-4.703134200000001641e+01 9.784131560881236256e-01 0.000000000000000000e+00 3.067787190477943571e-01
-4.707472600000000540e+01 9.793156920260459586e-01 0.000000000000000000e+00 2.881496043181154820e-01
-4.695176000000002148e+01 9.767575776487968930e-01 0.000000000000000000e+00 3.457883185015377947e-01
-4.697608600000000223e+01 9.772636418481766007e-01 0.000000000000000000e+00 2.786755446679153869e-01
-4.704312600000000089e+01 9.786583036884478615e-01 0.000000000000000000e+00 2.834464311244215273e-01
-4.703855600000001402e+01 9.785632320206372192e-01 0.000000000000000000e+00 3.440332572366344155e-01
-4.699446400000002200e+01 9.776459672554040914e-01 0.000000000000000000e+00 2.958491232730187659e-01
-4.711552999999999969e+01 9.801645551186835004e-01 0.000000000000000000e+00 2.761626740261112212e-01
-4.697175800000001544e+01 9.771736046100399919e-01 0.000000000000000000e+00 3.095933589648706685e-01
-4.685794200000003684e+01 9.748058416026967876e-01 0.000000000000000000e+00 3.825401673449775886e-01
-4.703624800000002182e+01 9.785152177078786373e-01 0.000000000000000000e+00 2.573266887507667522e-01
-4.707409799999999933e+01 9.793026274730074476e-01 0.000000000000000000e+00 2.139045298135298923e-01
-4.708695400000000575e+01 9.795700763485822860e-01 0.000000000000000000e+00 2.554670159657883022e-01
-4.704930199999999019e+01 9.787867856622768370e-01 0.000000000000000000e+00 2.530999219695843627e-01
-4.701739199999998675e+01 9.781229482618731819e-01 1.000000000000000048e-04 3.289860491592521141e-01
-4.701023600000001323e+01 9.779740789282075353e-01 0.000000000000000000e+00 2.448825525624370447e-01
-4.702558199999999999e+01 9.782933283405104152e-01 0.000000000000000000e+00 2.959885338961280588e-01
-4.699007400000001411e+01 9.775546402047059491e-01 0.000000000000000000e+00 2.490623639479744023e-01
-4.713005800000000534e+01 9.804667873265514588e-01 0.000000000000000000e+00 2.792448450208286359e-01
-4.700438199999998545e+01 9.778522956583240999e-01 0.000000000000000000e+00 2.848564183350383860e-01
-4.708512599999999537e+01 9.795320476814577404e-01 0.000000000000000000e+00 3.317244331055395623e-01
-4.698545999999999623e+01 9.774586531860449679e-01 0.000000000000000000e+00 3.022931101504701679e-01
-4.716031600000000168e+01 9.810962574632299260e-01 0.000000000000000000e+00 2.451255084501179904e-01
-4.714276400000001388e+01 9.807311156878656400e-01 0.000000000000000000e+00 3.433723371549196601e-01
-4.703826200000000313e+01 9.785571158126858959e-01 0.000000000000000000e+00 2.894313528910843480e-01
-4.707625400000004134e+01 9.793474796646495228e-01 0.000000000000000000e+00 2.727938043299513171e-01
-4.706974600000001629e+01 9.792120909525893202e-01 0.000000000000000000e+00 3.366024815563582462e-01
-4.724264800000001685e+01 9.828090453306708163e-01 0.000000000000000000e+00 2.514403503695044062e-01
-4.722972400000001159e+01 9.825401818219644534e-01 0.000000000000000000e+00 2.818374139517854648e-01
-4.703818800000001232e+01 9.785555763589841582e-01 1.000000000000000048e-04 3.748083198412514028e-01
-4.720803599999999989e+01 9.820889970667164848e-01 0.000000000000000000e+00 2.756576978204608452e-01
-4.713006200000000234e+01 9.804668705402650453e-01 0.000000000000000000e+00 2.637975022205054643e-01
-4.719655400000000611e+01 9.818501321017704120e-01 0.000000000000000000e+00 2.443176138727717328e-01
-4.715755800000000875e+01 9.810388816076890395e-01 1.000000000000000048e-04 2.382058905631634915e-01
-4.708356400000000974e+01 9.794995527262894131e-01 0.000000000000000000e+00 3.295856344079341471e-01
-4.714260200000001078e+01 9.807277455324638904e-01 0.000000000000000000e+00 2.975847211443919393e-01
-4.729514199999998425e+01 9.839011005013622579e-01 0.000000000000000000e+00 2.720546532956154562e-01
-4.725753800000001803e+01 9.831188083796212895e-01 0.000000000000000000e+00 2.649716778385293181e-01
-4.721731200000000683e+01 9.822819696686014845e-01 0.000000000000000000e+00 2.744156256704799457e-01
-4.696888399999999564e+01 9.771138155568036554e-01 0.000000000000000000e+00 3.120966596968628992e-01
-4.713267000000001872e+01 9.805211258815456077e-01 0.000000000000000000e+00 2.705133442067861327e-01
-4.692553999999999803e+01 9.762121117560172978e-01 0.000000000000000000e+00 3.784456594700445486e-01
-4.724941199999999242e+01 9.829497597204016612e-01 0.000000000000000000e+00 2.998370167644782702e-01
-4.717887000000002473e+01 9.814822442738567743e-01 0.000000000000000000e+00 2.525022498149586125e-01
-4.728506000000000853e+01 9.836913603361835401e-01 0.000000000000000000e+00 2.671919530936128218e-01
-4.696396800000000127e+01 9.770115459027647331e-01 0.000000000000000000e+00 3.608456070079962275e-01
-4.721741600000001426e+01 9.822841332251557311e-01 0.000000000000000000e+00 3.063324907562515742e-01
-4.723523200000000344e+01 9.826547671056190536e-01 1.000000000000000048e-04 3.514813082893131213e-01
-4.722089600000002463e+01 9.823565291560053536e-01 1.000000000000000048e-04 2.712410810040439268e-01
-4.711033000000001181e+01 9.800563772909777205e-01 0.000000000000000000e+00 1.959888151312863813e-01
-4.718098400000000225e+01 9.815262227215044710e-01 0.000000000000000000e+00 3.162796623115669559e-01
-4.713435200000001402e+01 9.805561172481227494e-01 0.000000000000000000e+00 2.870092781662902937e-01
-4.725757600000000025e+01 9.831195989099003052e-01 0.000000000000000000e+00 2.509824208581106220e-01
-4.713746800000001969e+01 9.806209407310327864e-01 0.000000000000000000e+00 2.636210506761471617e-01
-4.722389800000001969e+01 9.824189810480771223e-01 0.000000000000000000e+00 2.774780850314618186e-01
-4.718170000000002773e+01 9.815411179762429938e-01 0.000000000000000000e+00 3.049359932838361376e-01
-4.721873600000002114e+01 9.823115937506504691e-01 0.000000000000000000e+00 2.982804400444841741e-01
-4.708727400000000785e+01 9.795767334456719766e-01 0.000000000000000000e+00 2.626409949845308067e-01
-4.714455000000000950e+01 9.807682706109968063e-01 0.000000000000000000e+00 2.907030827549509366e-01
-4.703679400000000044e+01 9.785265763797873495e-01 0.000000000000000000e+00 3.020796262075556848e-01
-4.726208599999999649e+01 9.832134223720068178e-01 0.000000000000000000e+00 2.812371144594799088e-01
-4.727619000000001392e+01 9.835068339262312831e-01 0.000000000000000000e+00 3.087226906091767309e-01
-4.717899999999999494e+01 9.814849487195488331e-01 0.000000000000000000e+00 2.700604032696038992e-01
-4.720679000000003356e+01 9.820630759949245947e-01 0.000000000000000000e+00 2.256754125246734910e-01
-4.720521200000001727e+01 9.820302481849011444e-01 0.000000000000000000e+00 2.916430166273048519e-01
-4.724686600000000425e+01 9.828967941916828543e-01 0.000000000000000000e+00 2.861401253888996576e-01
-4.719609800000000632e+01 9.818406457384177832e-01 0.000000000000000000e+00 2.544668587816133476e-01
-4.706657800000002112e+01 9.791461856914023265e-01 0.000000000000000000e+00 3.164454205034026302e-01
-4.721328599999998943e+01 9.821982150658425947e-01 0.000000000000000000e+00 2.533616256211139173e-01
-4.719532600000002276e+01 9.818245854916894944e-01 0.000000000000000000e+00 3.042202174927115532e-01
-4.719464800000000793e+01 9.818104807672305423e-01 0.000000000000000000e+00 2.782066118640034724e-01
-4.720229600000001113e+01 9.819695853876720948e-01 1.000000000000000048e-04 2.624490199346269925e-01
-4.724678600000001438e+01 9.828951299174106815e-01 1.000000000000000048e-04 2.571927002357284331e-01
-4.714108200000001858e+01 9.806961243212884982e-01 0.000000000000000000e+00 3.019368668975666026e-01
-4.730180600000002755e+01 9.840397345482541080e-01 0.000000000000000000e+00 2.841048511171226365e-01
-4.704058800000000673e+01 9.786055045871560054e-01 0.000000000000000000e+00 3.034268558058795806e-01
-4.724004400000000459e+01 9.827548732031039513e-01 0.000000000000000000e+00 2.878102118487879113e-01
-4.713985600000000886e+01 9.806706193180637632e-01 0.000000000000000000e+00 2.629004068141205241e-01
-4.720044200000001666e+01 9.819310158314092929e-01 0.000000000000000000e+00 2.473824998832467037e-01
-4.723487000000001501e+01 9.826472362645366498e-01 1.000000000000000048e-04 3.345151889169778459e-01
-4.723924599999998719e+01 9.827382720672364069e-01 0.000000000000000000e+00 2.056241739021188175e-01
-4.735841999999998109e+01 9.852174998439738873e-01 1.000000000000000048e-04 2.839370160632613826e-01
-4.723834199999998162e+01 9.827194657679581002e-01 1.000000000000000048e-04 2.969822431790088424e-01
-4.717955400000000310e+01 9.814964738188853843e-01 0.000000000000000000e+00 2.903772354588544102e-01
-4.738555399999999196e+01 9.857819800703153668e-01 1.000000000000000048e-04 2.919272537790697508e-01
-4.729983999999998900e+01 9.839988350080089985e-01 0.000000000000000000e+00 2.563554271914376126e-01
-4.720360000000000866e+01 9.819967130583121540e-01 0.000000000000000000e+00 2.844968395556818352e-01
-4.719188200000001387e+01 9.817529384842624829e-01 0.000000000000000000e+00 2.861933514605147222e-01
-4.730861000000000161e+01 9.841812810751211504e-01 0.000000000000000000e+00 3.012354646310999584e-01
-4.727579200000000270e+01 9.834985541617258242e-01 0.000000000000000000e+00 3.327213897056762737e-01
-4.724869600000001668e+01 9.829348644656642486e-01 0.000000000000000000e+00 3.000514171156851151e-01
-4.712867400000001084e+01 9.804379953816391158e-01 0.000000000000000000e+00 2.869813560339952718e-01
-4.729929800000000739e+01 9.839875595498138727e-01 0.000000000000000000e+00 3.082865550035540081e-01
-4.705173599999999823e+01 9.788374212070147795e-01 1.000000000000000048e-04 3.146872808861440607e-01
-4.717990799999999751e+01 9.815038382325406152e-01 0.000000000000000000e+00 2.720342809948102514e-01
-4.731934799999999797e+01 9.844046682893340394e-01 1.000000000000000048e-04 2.755173258883118481e-01
-4.726984600000001535e+01 9.833748569764300118e-01 0.000000000000000000e+00 2.686459889102671972e-01
-4.719162599999999941e+01 9.817476128065905083e-01 1.000000000000000048e-04 3.119830514109326325e-01
-4.730734800000001172e+01 9.841550271484742485e-01 0.000000000000000000e+00 2.994370133190857319e-01
-4.734006800000000936e+01 9.848357153258858743e-01 0.000000000000000000e+00 2.895719742284900144e-01
-4.728619400000000894e+01 9.837149514239947878e-01 0.000000000000000000e+00 2.743399107499720491e-01
-4.725824000000002201e+01 9.831334123863616492e-01 0.000000000000000000e+00 2.649383736233422160e-01
-4.730485800000001007e+01 9.841032266117457628e-01 0.000000000000000000e+00 3.426612183212651708e-01
-4.716711400000000509e+01 9.812376791695271994e-01 1.000000000000000048e-04 3.197093190554644582e-01
-4.727664400000001876e+01 9.835162786827272852e-01 0.000000000000000000e+00 2.773930159848504440e-01
-4.705295599999998757e+01 9.788628013896687463e-01 0.000000000000000000e+00 2.475782820063419654e-01
-4.735861599999999783e+01 9.852215773159416212e-01 0.000000000000000000e+00 3.150115709659312424e-01
-4.723721000000002590e+01 9.826959162870045894e-01 0.000000000000000000e+00 2.927519215577537581e-01
-4.726523800000001074e+01 9.832789947783396878e-01 0.000000000000000000e+00 3.159299816239170000e-01
-4.741588000000000136e+01 9.864128648401255806e-01 0.000000000000000000e+00 2.838789698004223760e-01
-4.730932399999998239e+01 9.841961347230019364e-01 0.000000000000000000e+00 2.540955897120424911e-01
-4.717099400000000742e+01 9.813183964717386853e-01 0.000000000000000000e+00 2.666020686227681402e-01
-4.741028999999999627e+01 9.862965736753415147e-01 2.000000000000000096e-04 2.930278552277816306e-01
-4.740766000000000702e+01 9.862418606586366154e-01 0.000000000000000000e+00 2.622420587429430405e-01
-4.738240000000001828e+01 9.857163660571265362e-01 0.000000000000000000e+00 2.664629828177281223e-01
-4.731446600000000302e+01 9.843031059518608794e-01 0.000000000000000000e+00 2.821054922033828238e-01
-4.735971199999999470e+01 9.852443778734734092e-01 1.000000000000000048e-04 2.920891496952544575e-01
-4.734141599999998817e+01 9.848637583473753843e-01 0.000000000000000000e+00 2.823103882200742598e-01
-4.735232200000000091e+01 9.850906405375605690e-01 0.000000000000000000e+00 2.646573632362247408e-01
-4.740975199999999745e+01 9.862853814308597533e-01 1.000000000000000048e-04 2.930646994722621024e-01
-4.735010399999999464e+01 9.850444985333581815e-01 0.000000000000000000e+00 2.486191708317159466e-01
-4.731503200000000220e+01 9.843148806923380789e-01 0.000000000000000000e+00 2.613536676071651077e-01
-4.729286600000001073e+01 9.838537518983130337e-01 0.000000000000000000e+00 2.831112527939954604e-01
-4.742893400000001947e+01 9.866844327945248905e-01 1.000000000000000048e-04 2.643204025344231267e-01
-4.742332799999999793e+01 9.865678087748860348e-01 1.000000000000000048e-04 2.921399962173933385e-01
-4.726951400000001513e+01 9.833679502381995619e-01 0.000000000000000000e+00 2.919222772650898468e-01
-4.739265199999999112e+01 9.859296428051340655e-01 0.000000000000000000e+00 2.822345848847196970e-01
-4.718025400000002634e+01 9.815110362187693394e-01 0.000000000000000000e+00 2.919135251156654287e-01
-4.742047999999999064e+01 9.865085606107883986e-01 0.000000000000000000e+00 2.971708443085735452e-01
-4.739052400000001342e+01 9.858853731094886497e-01 1.000000000000000048e-04 2.874461731324399194e-01
-4.737950599999999923e+01 9.856561609353220454e-01 0.000000000000000000e+00 2.629445053484270045e-01
-4.738437399999999400e+01 9.857574320247974864e-01 2.999999999999999737e-04 2.971280928481782602e-01
-4.735969000000000761e+01 9.852439201980487393e-01 0.000000000000000000e+00 2.316259111741868215e-01
-4.730695400000000461e+01 9.841468305976824871e-01 0.000000000000000000e+00 2.368273818031112476e-01
-4.743837800000001437e+01 9.868809003723816309e-01 2.000000000000000096e-04 2.838556524543824899e-01
-4.739437799999998902e+01 9.859655495225609911e-01 0.000000000000000000e+00 2.539820798498357846e-01
-4.745349000000001638e+01 9.871952817824379833e-01 2.000000000000000096e-04 2.594725923129767020e-01
-4.749299799999999294e+01 9.880171836318623058e-01 1.000000000000000048e-04 2.038650860968910239e-01
-4.736995600000000195e+01 9.854574881940543207e-01 1.000000000000000048e-04 2.988149545025197695e-01
-4.746446600000001581e+01 9.874236202126113193e-01 0.000000000000000000e+00 2.096897584335467857e-01
-4.742274400000002288e+01 9.865556595726979738e-01 1.000000000000000048e-04 2.915289948051841273e-01
-4.738995799999999292e+01 9.858735983690110061e-01 0.000000000000000000e+00 2.447766449131727751e-01
-4.752107600000001497e+01 9.886013022946184003e-01 2.000000000000000096e-04 3.021694805464930633e-01
-4.737152999999998571e+01 9.854902327903635184e-01 1.000000000000000048e-04 2.829651973817499666e-01
-4.723744600000001270e+01 9.827008258961078546e-01 0.000000000000000000e+00 2.601149269772182748e-01
-4.731859599999998522e+01 9.843890241111731276e-01 0.000000000000000000e+00 2.514883662670625020e-01
-4.743488400000000382e+01 9.868082131935342893e-01 2.000000000000000096e-04 2.707193890732652042e-01
-4.744130199999999320e+01 9.869417295970374093e-01 1.000000000000000048e-04 3.153878132129265821e-01
-4.752577000000000851e+01 9.886989535875513324e-01 2.999999999999999737e-04 2.427999057710368280e-01
-4.755839000000003125e+01 9.893775614221229642e-01 2.999999999999999737e-04 2.557221651667605511e-01
-4.744649400000000128e+01 9.870497409973163494e-01 2.000000000000000096e-04 2.917499392190910923e-01
-4.753547600000002404e+01 9.889008716636505936e-01 0.000000000000000000e+00 2.419358188203701576e-01
-4.741837000000001012e+01 9.864646653768542883e-01 2.999999999999999737e-04 3.112492954841725168e-01
-4.743429199999997792e+01 9.867958975639180563e-01 2.000000000000000096e-04 2.986535622395685152e-01
-4.745454399999998429e+01 9.872172085959762811e-01 2.000000000000000096e-04 2.854962464399715683e-01
-4.745470199999998329e+01 9.872204955376642221e-01 1.000000000000000048e-04 2.748084578043546999e-01
-4.746210600000000568e+01 9.873745241215753365e-01 1.000000000000000048e-04 2.737124635286254937e-01
-4.745467199999999508e+01 9.872198714348122683e-01 2.999999999999999737e-04 3.019916361407878336e-01
-4.749307400000001422e+01 9.880187646924215583e-01 0.000000000000000000e+00 2.569506554130027709e-01
-4.745762999999999465e+01 9.872814079760342532e-01 2.000000000000000096e-04 2.977792883083955622e-01
-4.753816400000001607e+01 9.889567912792031068e-01 4.000000000000000192e-04 2.927858435888948674e-01
-4.757727200000002910e+01 9.897703717572661208e-01 1.000000000000000048e-04 2.367246459411433412e-01
-4.738513799999999065e+01 9.857733258440988244e-01 0.000000000000000000e+00 2.958421237379452728e-01
-4.742707200000001677e+01 9.866456968108346937e-01 1.000000000000000048e-04 3.184156733363834313e-01
-4.746471799999999774e+01 9.874288626765690413e-01 2.000000000000000096e-04 2.898291159293766572e-01
-4.759812999999999761e+01 9.902042896669369654e-01 0.000000000000000000e+00 2.749756784469743476e-01
-4.760661400000000754e+01 9.903807859535251890e-01 5.999999999999999474e-04 2.557751763016137825e-01
-4.744664000000000215e+01 9.870527782978635312e-01 4.000000000000000192e-04 3.087940741044428727e-01
-4.739467400000002328e+01 9.859717073373696072e-01 0.000000000000000000e+00 2.724734970412694968e-01
-4.738220800000001276e+01 9.857123717988726108e-01 1.000000000000000048e-04 3.549558105033652211e-01
-4.745337999999999568e+01 9.871929934053130795e-01 2.000000000000000096e-04 3.089628142771559949e-01
-4.751436600000001675e+01 9.884617112900209168e-01 0.000000000000000000e+00 2.791488014980144650e-01
-4.739402800000000582e+01 9.859582683226196798e-01 1.000000000000000048e-04 2.776506314552061871e-01
-4.740549999999999642e+01 9.861969252532816199e-01 2.000000000000000096e-04 3.099612325058820894e-01
-4.737139600000001138e+01 9.854874451309577621e-01 1.000000000000000048e-04 3.052037610210822649e-01
-4.741372999999999394e+01 9.863681374690547177e-01 0.000000000000000000e+00 2.833850211320632639e-01
-4.753614200000003365e+01 9.889147267469685643e-01 1.000000000000000048e-04 2.683441515530523014e-01
-4.737189600000000667e+01 9.854978468451601747e-01 2.999999999999999737e-04 3.053153818727135649e-01
-4.750225199999999859e+01 9.882096985583223026e-01 2.999999999999999737e-04 2.866016002549305886e-01
-4.766263600000000622e+01 9.915462356196301785e-01 5.000000000000000104e-04 2.489841476110810914e-01
-4.762516399999998384e+01 9.907666895504375626e-01 4.000000000000000192e-04 2.649768694002783143e-01
-4.764913200000000160e+01 9.912653061224490081e-01 2.999999999999999737e-04 2.511388721545732561e-01
-4.751379400000001851e+01 9.884498117289732821e-01 4.000000000000000192e-04 2.574179801981460458e-01
-4.769443999999997885e+01 9.922078678566222942e-01 8.999999999999999754e-04 2.755811153020314985e-01
-4.768317199999999190e+01 9.919734548253550388e-01 8.999999999999999754e-04 2.605208753263518751e-01
-4.766362799999998856e+01 9.915668726206076089e-01 4.000000000000000192e-04 2.709628369464361919e-01
-4.758389799999999781e+01 9.899082152738770679e-01 6.999999999999999929e-04 3.024456040849385352e-01
-4.761829999999998364e+01 9.906238948178656134e-01 4.000000000000000192e-04 2.785341783064495536e-01
-4.764839800000000025e+01 9.912500364059996238e-01 8.999999999999999754e-04 2.779552300190625269e-01
-4.783592199999999650e+01 9.951511785142189703e-01 8.000000000000000383e-04 1.858156007737490067e-01
-4.771988599999999536e+01 9.927372318958163078e-01 1.000000000000000021e-03 2.772726423321619227e-01
-4.775115600000002303e+01 9.933877551020412477e-01 1.100000000000000066e-03 2.672573270324419270e-01
-4.767969600000000696e+01 9.919011421082195579e-01 4.000000000000000192e-04 2.509772921918632660e-01
-4.770146999999998627e+01 9.923541159583095794e-01 1.000000000000000021e-03 2.682185500782171550e-01
-4.771973599999999749e+01 9.927341113815555396e-01 6.999999999999999929e-04 2.480023328010196593e-01
-4.782007799999999520e+01 9.948215689945701934e-01 1.299999999999999940e-03 2.108421955641308909e-01
-4.764653399999999550e+01 9.912112588154526893e-01 5.999999999999999474e-04 2.562333249445152838e-01
-4.752998399999999890e+01 9.887866192348497840e-01 4.000000000000000192e-04 2.905795847869388493e-01
-4.764870400000000217e+01 9.912564022550915954e-01 6.999999999999999929e-04 2.571616517588771744e-01
-4.758636999999998096e+01 9.899596413488938040e-01 2.999999999999999737e-04 2.868668397312145180e-01
-4.774703600000000847e+01 9.933020449770123550e-01 5.999999999999999474e-04 2.219293424366042544e-01
-4.761849199999998916e+01 9.906278890761194278e-01 8.000000000000000383e-04 2.923669348298792436e-01
-4.773432800000001919e+01 9.930376750088417692e-01 5.000000000000000104e-04 1.989826864606849544e-01
-4.772651399999999455e+01 9.928751170192846587e-01 5.000000000000000104e-04 2.671416637083949275e-01
-4.769143999999999295e+01 9.921454575714075963e-01 6.999999999999999929e-04 2.678525661100103483e-01
-4.771527600000000291e+01 9.926413280908693570e-01 8.999999999999999754e-04 2.492104619948311284e-01
-4.766288000000001546e+01 9.915513116561611717e-01 5.000000000000000104e-04 2.891009526239601835e-01
-4.770989400000000558e+01 9.925293640391936734e-01 2.999999999999999737e-04 2.618534950939735984e-01
-4.774707399999999780e+01 9.933028355072914817e-01 6.999999999999999929e-04 2.655935676095255715e-01
-4.758783400000000086e+01 9.899900975680792081e-01 4.000000000000000192e-04 2.843631609705665197e-01
-4.766162200000000126e+01 9.915251409432274121e-01 6.999999999999999929e-04 2.684844421427947658e-01
-4.781632000000002591e+01 9.947433897106248146e-01 2.999999999999999737e-04 1.901471816963656580e-01
-4.761250399999999416e+01 9.905033181468304582e-01 5.000000000000000104e-04 2.639323198829358064e-01
-4.766832599999997910e+01 9.916646071272541274e-01 6.999999999999999929e-04 2.760363080422145732e-01
-4.770567999999999387e+01 9.924416983918947777e-01 5.000000000000000104e-04 2.503228234891822224e-01
-4.760380599999999163e+01 9.903223699265636393e-01 5.000000000000000104e-04 2.673110267350413127e-01
-4.780135600000001261e+01 9.944320872079720486e-01 5.000000000000000104e-04 2.090841917902109826e-01
-4.757990000000000208e+01 9.898250431671139493e-01 5.000000000000000104e-04 2.797698310823363288e-01
-4.775360600000001199e+01 9.934387235016333140e-01 4.000000000000000192e-04 2.314181251555400554e-01
-4.774528999999999712e+01 9.932657221910169421e-01 1.000000000000000021e-03 2.506453204563507398e-01
-4.775706799999997543e+01 9.935107449707706317e-01 8.999999999999999754e-04 2.433608091088234893e-01
-4.765921000000000163e+01 9.914749630739145836e-01 8.000000000000000383e-04 2.760626928870341112e-01
-4.770149399999999673e+01 9.923546152405915421e-01 5.999999999999999474e-04 2.491477813132872698e-01
-4.782649800000002216e+01 9.949551270049308282e-01 1.299999999999999940e-03 2.029271103553490496e-01
-4.767061199999999843e+01 9.917121637645883725e-01 2.999999999999999737e-04 2.607314525706408426e-01
-4.774054000000000286e+01 9.931669059060933558e-01 6.999999999999999929e-04 2.631279575039535690e-01
-4.776927600000001206e+01 9.937647132247395820e-01 1.299999999999999940e-03 2.459676907090188047e-01
-4.761016200000000254e+01 9.904545965175061140e-01 2.000000000000000096e-04 2.684376461201855024e-01
-4.774333999999998923e+01 9.932251555056270664e-01 5.999999999999999474e-04 2.450757730691770497e-01
-4.784480400000003897e+01 9.953359545653130969e-01 1.299999999999999940e-03 1.955939082730739909e-01
-4.784171200000000113e+01 9.952716303646840235e-01 6.999999999999999929e-04 1.527669627408053676e-01
-4.755566799999999716e+01 9.893209344900038005e-01 5.000000000000000104e-04 3.151935460806729594e-01
-4.785648200000002106e+01 9.955788970022263484e-01 5.999999999999999474e-04 1.606315039983375048e-01
-4.768588599999999644e+01 9.920299153300462525e-01 2.999999999999999737e-04 2.595557887599277413e-01
-4.787133000000000038e+01 9.958877863071833314e-01 5.999999999999999474e-04 1.465190341687301334e-01
-4.790831999999999624e+01 9.966573051238842851e-01 1.799999999999999951e-03 1.323424880430106587e-01
-4.771927600000000780e+01 9.927245418044894354e-01 5.999999999999999474e-04 2.519556009949523445e-01
-4.787904800000001160e+01 9.960483471676133682e-01 1.199999999999999895e-03 1.400207693684964727e-01
-4.789375800000000538e+01 9.963543655994508974e-01 1.299999999999999940e-03 1.386423617831442634e-01
-4.779448800000000830e+01 9.942892092616864019e-01 8.000000000000000383e-04 2.136132771570577460e-01
-4.786594200000000399e+01 9.957756974349373236e-01 1.500000000000000031e-03 1.755999615632371780e-01
-4.792712399999999917e+01 9.970484927916120066e-01 1.399999999999999986e-03 1.267208393886097018e-01
-4.789342599999999806e+01 9.963474588612202254e-01 6.999999999999999929e-04 1.312301383682948352e-01
-4.784174800000000261e+01 9.952723792881066345e-01 6.999999999999999929e-04 1.643150229395852757e-01
-4.794152999999999309e+01 9.973481869812143019e-01 8.000000000000000383e-04 1.163736836334765129e-01
-4.783842200000000133e+01 9.952031870852315887e-01 6.999999999999999929e-04 1.883090837592883982e-01
-4.786521999999999366e+01 9.957606773596286986e-01 2.000000000000000096e-04 1.174192092762971346e-01
-4.745221799999998069e+01 9.871688198215061716e-01 1.000000000000000048e-04 3.902884973809485070e-01
-4.779706600000002936e+01 9.943428405001150105e-01 5.999999999999999474e-04 1.730037917608641673e-01
-4.787993600000002203e+01 9.960668206120372181e-01 1.299999999999999940e-03 1.451393893030868132e-01
-4.778234000000000492e+01 9.940364892134224695e-01 5.999999999999999474e-04 1.871962369042477203e-01
-4.756285199999999236e+01 9.894703863196652183e-01 8.000000000000000383e-04 3.627279188693269818e-01
-4.787646800000000269e+01 9.959946743223283550e-01 1.000000000000000021e-03 1.265548093662882678e-01
-4.768763400000000274e+01 9.920662797228982921e-01 5.000000000000000104e-04 2.769317270711066370e-01
-4.769518000000002189e+01 9.922232623936428908e-01 6.999999999999999929e-04 2.664446856385968565e-01
-4.776189600000002855e+01 9.936111839231110965e-01 2.999999999999999737e-04 2.239818543876928025e-01
-4.785305600000000226e+01 9.955076244565104204e-01 8.000000000000000383e-04 1.745550234919148735e-01
-4.773602000000003187e+01 9.930728744097033767e-01 5.999999999999999474e-04 2.394736205712341415e-01
-4.779332999999997611e+01 9.942651188915927474e-01 4.000000000000000192e-04 2.058468615355611708e-01
-4.787989600000000223e+01 9.960659884749006876e-01 1.299999999999999940e-03 1.468597007385292474e-01
-4.791640800000000411e+01 9.968255632528241206e-01 8.999999999999999754e-04 1.197212686099506651e-01
-4.781961400000002271e+01 9.948119162037908358e-01 5.999999999999999474e-04 1.687238093525168792e-01
-4.784579000000000093e+01 9.953564667457196480e-01 6.999999999999999929e-04 1.708500231315189244e-01
-4.777983600000001729e+01 9.939843974286965977e-01 1.100000000000000066e-03 2.363741724427188273e-01
-4.791135400000000288e+01 9.967204227256651894e-01 1.100000000000000066e-03 1.180549259429450049e-01
-4.764865600000001677e+01 9.912554036905284471e-01 2.999999999999999737e-04 2.808854629505947997e-01
-4.783452000000000481e+01 9.951220121075954328e-01 6.999999999999999929e-04 1.816322691927879651e-01
-4.770108999999999355e+01 9.923462106555158702e-01 0.000000000000000000e+00 2.261213303972145483e-01
-4.780506800000001277e+01 9.945093095342114609e-01 8.999999999999999754e-04 1.989922412984233280e-01
-4.778230200000000139e+01 9.940356986831430097e-01 1.399999999999999986e-03 2.286117833155315304e-01
-4.782388200000002598e+01 9.949007052362234260e-01 6.999999999999999929e-04 1.791795828353514031e-01
-4.775876600000001559e+01 9.935460691922031184e-01 8.000000000000000383e-04 2.139872667881783652e-01
-4.784822599999998971e+01 9.954071438973139951e-01 8.000000000000000383e-04 1.536758747126139857e-01
-4.775787400000000105e+01 9.935275125340655711e-01 5.000000000000000104e-04 2.335255427467236022e-01
-4.789043800000001028e+01 9.962852982171463978e-01 1.199999999999999895e-03 1.241565798465477238e-01
-4.755509400000001818e+01 9.893089933220997612e-01 5.000000000000000104e-04 3.184857448310773331e-01
-4.781682600000001315e+01 9.947539162453974404e-01 5.000000000000000104e-04 1.600168618766430739e-01
-4.783942800000000517e+01 9.952241153342071822e-01 5.000000000000000104e-04 1.614876272459764284e-01
-4.788221400000000472e+01 9.961142108219435132e-01 5.000000000000000104e-04 1.326967447402029876e-01
-4.753058999999999656e+01 9.887992261124631810e-01 2.000000000000000096e-04 3.412781032199014852e-01
-4.787365199999999987e+01 9.959360918679397434e-01 6.999999999999999929e-04 1.650799662239033905e-01
-4.786942600000001136e+01 9.958481765795005325e-01 8.000000000000000383e-04 1.476397653996812942e-01
-4.778762199999999183e+01 9.941463729222573820e-01 2.999999999999999737e-04 1.700114527217674032e-01
-4.783772000000001867e+01 9.951885830784916731e-01 8.000000000000000383e-04 1.792419751524901295e-01
-4.786854799999999699e+01 9.958299111693605932e-01 1.000000000000000021e-03 1.564906983907619620e-01
-4.780879199999999685e+01 9.945867815015912994e-01 6.999999999999999929e-04 1.855570198405909199e-01
-4.780774800000003211e+01 9.945650627223372453e-01 8.000000000000000383e-04 2.015815119388577048e-01
-4.789421399999999807e+01 9.963638519628034151e-01 1.199999999999999895e-03 1.378558059581237727e-01
-4.789034400000001312e+01 9.962833426948762838e-01 1.100000000000000066e-03 1.334970572974210623e-01
-4.793296200000000340e+01 9.971699432066404301e-01 8.999999999999999754e-04 1.157900737009738695e-01
-4.779135799999999534e+01 9.942240945307785349e-01 2.999999999999999737e-04 1.770322102632941041e-01
-4.787550399999999939e+01 9.959746198173458076e-01 1.100000000000000066e-03 1.510807115351922858e-01
-4.783351200000000603e+01 9.951010422517632126e-01 8.999999999999999754e-04 1.643512949062888029e-01
-4.781949200000000388e+01 9.948093781855249507e-01 6.999999999999999929e-04 1.984025668211283344e-01
-4.787969000000001074e+01 9.960617029686493762e-01 8.999999999999999754e-04 1.574227490523272821e-01
-4.781298800000000426e+01 9.946740726871788896e-01 5.000000000000000104e-04 1.933566795099446456e-01
-4.787883799999999468e+01 9.960439784476480263e-01 8.000000000000000383e-04 1.297591076424379208e-01
-4.777600000000000335e+01 9.939045954773346736e-01 8.999999999999999754e-04 2.094542538227491257e-01
-4.786854600000001625e+01 9.958298695625041885e-01 1.000000000000000021e-03 1.487490921252328235e-01
-4.779259800000002656e+01 9.942498907820013221e-01 8.000000000000000383e-04 2.180752117407156743e-01
-4.784244800000001874e+01 9.952869416879904785e-01 5.999999999999999474e-04 1.627310506462871231e-01
-4.777345800000002640e+01 9.938517131623296752e-01 1.000000000000000048e-04 2.209738963421847835e-01
-4.784838400000001712e+01 9.954104308390026024e-01 5.999999999999999474e-04 1.561407411745752982e-01
-4.782205400000000850e+01 9.948626765690986584e-01 4.000000000000000192e-04 1.760625987275749038e-01
-4.776073000000000945e+01 9.935869271255904911e-01 2.999999999999999737e-04 2.359477794904308590e-01
-4.787314000000002068e+01 9.959254405125969045e-01 1.100000000000000066e-03 1.584621868032396741e-01
-4.786613800000000651e+01 9.957797749069047244e-01 8.000000000000000383e-04 1.406948806833611676e-01
-4.763446200000001340e+01 9.909601198277477874e-01 4.000000000000000192e-04 2.339678017992817827e-01
-4.784536600000000561e+01 9.953476460920760438e-01 6.999999999999999929e-04 1.685614429353424482e-01
-4.776037400000001298e+01 9.935795211050783005e-01 4.000000000000000192e-04 2.278780333973652317e-01
-4.788978000000001600e+01 9.962716095612559331e-01 6.999999999999999929e-04 1.289127635498547864e-01
-4.791389600000000826e+01 9.967733050406708539e-01 1.299999999999999940e-03 1.182728722364979473e-01
-4.781447200000000919e+01 9.947049449749320038e-01 5.999999999999999474e-04 1.859489677358290849e-01
-4.788920600000001571e+01 9.962596683933514496e-01 8.000000000000000383e-04 1.497767509166614830e-01
-4.784713000000002125e+01 9.953843433397827622e-01 1.199999999999999895e-03 1.638532069699697724e-01
-4.783717400000001163e+01 9.951772244065824058e-01 1.100000000000000066e-03 1.755175657386701671e-01
-4.788232200000000915e+01 9.961164575922113462e-01 4.000000000000000192e-04 1.355757342341598337e-01
-4.794537000000001115e+01 9.974280721462899235e-01 1.199999999999999895e-03 1.052677946280760612e-01
-4.788785199999998810e+01 9.962315005512905053e-01 8.999999999999999754e-04 1.500950314994079771e-01
-4.784604400000001334e+01 9.953617508165347738e-01 1.299999999999999940e-03 1.915019309552680460e-01
-4.792486799999999647e+01 9.970015602571302704e-01 1.199999999999999895e-03 1.145430525385487258e-01
-4.779246600000000456e+01 9.942471447294514153e-01 1.500000000000000031e-03 2.722727436103946630e-01
-4.791666999999999632e+01 9.968310137510660862e-01 1.100000000000000066e-03 1.193909201664101333e-01
