-1.776989799999996933e+01 6.307197416057347406e-01 0.000000000000000000e+00 1.282748466961044054e+00
-1.799626199999996601e+01 6.387542414992534168e-01 0.000000000000000000e+00 1.134008108817854188e+00
-1.743079599999996887e+01 6.186837509760760856e-01 0.000000000000000000e+00 1.165713928896897622e+00
-1.719431399999996302e+01 6.102901256477590852e-01 0.000000000000000000e+00 1.046736004750196569e+00
-1.757069199999997622e+01 6.236491800951223796e-01 0.000000000000000000e+00 1.240363435635139400e+00
-1.841176599999998231e+01 6.535020231419033099e-01 0.000000000000000000e+00 1.250595148195812856e+00
-1.743678399999997097e+01 6.188962873571367540e-01 0.000000000000000000e+00 1.326077136772482845e+00
-1.800508999999996362e+01 6.390675800383319727e-01 0.000000000000000000e+00 1.162907212180496419e+00
-1.827032999999996932e+01 6.484819336977344362e-01 0.000000000000000000e+00 1.159811303835693197e+00
-1.823556599999997019e+01 6.472480300986714896e-01 0.000000000000000000e+00 1.444810254238083402e+00
-1.811017999999996420e+01 6.427976148221752339e-01 0.000000000000000000e+00 1.339478131907567038e+00
-1.802396199999997606e+01 6.397374174771056632e-01 0.000000000000000000e+00 1.435008176570518046e+00
-1.796362799999998217e+01 6.375959395187045242e-01 0.000000000000000000e+00 1.277570811738457657e+00
-1.820676599999996625e+01 6.462258110314462733e-01 0.000000000000000000e+00 1.477911569108601997e+00
-1.822668999999996231e+01 6.469329878611472795e-01 0.000000000000000000e+00 1.164303627092436955e+00
-1.839080799999997140e+01 6.527581458081909149e-01 0.000000000000000000e+00 1.181599126990642512e+00
-1.782406199999996588e+01 6.326422233264700212e-01 0.000000000000000000e+00 1.251813086604361747e+00
-1.787353199999997244e+01 6.343980975367350394e-01 0.000000000000000000e+00 1.101175180595528769e+00
-1.809116599999996922e+01 6.421227372755011764e-01 0.000000000000000000e+00 1.040686096553420814e+00
-1.806196999999996677e+01 6.410864626961015889e-01 0.000000000000000000e+00 1.225694095134868489e+00
-1.818192399999996312e+01 6.453440760985292846e-01 0.000000000000000000e+00 1.237594858000587772e+00
-1.813300399999997481e+01 6.436077234329514729e-01 0.000000000000000000e+00 1.455547115152334259e+00
-1.810281999999996216e+01 6.425363810605509984e-01 0.000000000000000000e+00 1.172363213791060899e+00
-1.820563599999996995e+01 6.461857031305447974e-01 0.000000000000000000e+00 1.291810104999096875e+00
-1.805369999999998143e+01 6.407929296514510709e-01 0.000000000000000000e+00 1.213579878214895658e+00
-1.791153799999997176e+01 6.357470717682960348e-01 0.000000000000000000e+00 1.306724418233653706e+00
-1.801351799999995862e+01 6.393667210903655196e-01 0.000000000000000000e+00 1.303330690563855310e+00
-1.812277599999996980e+01 6.432446936892159961e-01 0.000000000000000000e+00 1.413945457859679511e+00
-1.817114799999996677e+01 6.449615957975426417e-01 0.000000000000000000e+00 1.241417504427494878e+00
-1.800901799999996911e+01 6.392069993611120271e-01 0.000000000000000000e+00 1.228856266498702610e+00
-1.792186999999996999e+01 6.361137928586629853e-01 0.000000000000000000e+00 1.111228364414257985e+00
-1.778767999999996618e+01 6.313508908923108898e-01 0.000000000000000000e+00 1.147232896841769767e+00
-1.893426599999995830e+01 6.720474905941633548e-01 0.000000000000000000e+00 1.300676787949684776e+00
-1.909198199999996248e+01 6.776454177610550245e-01 0.000000000000000000e+00 9.674074963091569002e-01
-1.898941199999995533e+01 6.740048271455936213e-01 0.000000000000000000e+00 9.064988431221614462e-01
-1.845553799999997580e+01 6.550556541492147389e-01 0.000000000000000000e+00 1.261625318147150399e+00
-1.885883199999996407e+01 6.693700574998212582e-01 0.000000000000000000e+00 1.192956030659499511e+00
-1.950497999999996424e+01 6.923042521473686817e-01 0.000000000000000000e+00 1.031783416901986605e+00
-1.905423599999997109e+01 6.763056718960733793e-01 0.000000000000000000e+00 1.001287076920540642e+00
-1.882692599999996474e+01 6.682375949456933473e-01 0.000000000000000000e+00 1.326362113864441694e+00
-1.939828799999996178e+01 6.885173564279108982e-01 0.000000000000000000e+00 1.110954019476007915e+00
-1.948068999999996720e+01 6.914421097465737187e-01 0.000000000000000000e+00 1.328277046182061216e+00
-1.854693799999997239e+01 6.582997799389498361e-01 0.000000000000000000e+00 9.967874554129814157e-01
-1.907715399999996819e+01 6.771191169163046641e-01 0.000000000000000000e+00 1.075374506662584828e+00
-1.868574999999997388e+01 6.632267338681043789e-01 0.000000000000000000e+00 8.799026045161715270e-01
-1.955887999999997007e+01 6.942173635266547516e-01 0.000000000000000000e+00 1.030948240968262652e+00
-1.972872399999997128e+01 7.002457585007443308e-01 0.000000000000000000e+00 1.177614608900106274e+00
-1.819058599999997128e+01 6.456515226804845353e-01 0.000000000000000000e+00 1.133368907197484399e+00
-1.977156399999996950e+01 7.017663093632416915e-01 0.000000000000000000e+00 1.009299867096598469e+00
-1.985496399999997763e+01 7.047264854120812716e-01 0.000000000000000000e+00 1.346046970642465368e+00
-1.987048199999996356e+01 7.052772769219834981e-01 0.000000000000000000e+00 1.047339277067793839e+00
-2.034211999999997289e+01 7.220174629090641005e-01 0.000000000000000000e+00 1.199386265613131552e+00
-2.026708799999996913e+01 7.193542982892017212e-01 0.000000000000000000e+00 1.417922973024382305e+00
-2.054554399999997472e+01 7.292377369205641502e-01 0.000000000000000000e+00 1.182501749315980177e+00
-2.009787199999997398e+01 7.133481933697726207e-01 0.000000000000000000e+00 1.061909090259499200e+00
-2.057387399999997157e+01 7.302432739405115836e-01 0.000000000000000000e+00 1.014982609456432705e+00
-1.934778799999997645e+01 6.867249236885063501e-01 0.000000000000000000e+00 1.127691504781141107e+00
-2.126110799999997525e+01 7.546357634698649397e-01 0.000000000000000000e+00 9.035193235433101044e-01
-2.035487999999998010e+01 7.224703627457933486e-01 0.000000000000000000e+00 1.265872834502468125e+00
-2.085870399999996394e+01 7.403529495279322914e-01 0.000000000000000000e+00 1.100588458018360249e+00
-2.166136999999996604e+01 7.688425498686720649e-01 0.000000000000000000e+00 1.263815186711101379e+00
-2.145859199999997813e+01 7.616452047987498641e-01 0.000000000000000000e+00 1.157159805423991106e+00
-2.084922799999997522e+01 7.400166110598415115e-01 0.000000000000000000e+00 1.098957231369718679e+00
-2.134627399999996911e+01 7.576586214240068617e-01 0.000000000000000000e+00 9.825459317528316694e-01
-1.968052199999997498e+01 6.985348903244117391e-01 0.000000000000000000e+00 1.258370754216206588e+00
-2.140623399999998355e+01 7.597868247320218593e-01 0.000000000000000000e+00 1.059278688849400574e+00
-2.119018799999997071e+01 7.521185490168229570e-01 0.000000000000000000e+00 1.162872766977444350e+00
-2.115238199999998159e+01 7.507766735287847437e-01 0.000000000000000000e+00 9.269157346094984984e-01
-2.113135599999998604e+01 7.500303826222753933e-01 0.000000000000000000e+00 8.326227858394159576e-01
-2.150495599999998575e+01 7.632908355221120766e-01 0.000000000000000000e+00 1.092742877731226914e+00
-2.124056999999998041e+01 7.539067934975502983e-01 0.000000000000000000e+00 1.082250927185529843e+00
-2.133515199999998657e+01 7.572638602967269872e-01 0.000000000000000000e+00 1.010003831223855952e+00
-2.182678999999997416e+01 7.747139206360464936e-01 0.000000000000000000e+00 1.000084748883560470e+00
-2.276558399999997562e+01 8.080352097678702439e-01 0.000000000000000000e+00 9.057406169516519778e-01
-2.259989799999998183e+01 8.021543976716114521e-01 0.000000000000000000e+00 9.535786331986096931e-01
-2.213145599999997870e+01 7.855276496060189517e-01 0.000000000000000000e+00 1.005002756146781140e+00
-2.232747999999998711e+01 7.924852701071906091e-01 0.000000000000000000e+00 1.069754011939476390e+00
-2.296366999999998626e+01 8.150660183147577786e-01 0.000000000000000000e+00 9.123164555407868859e-01
-2.271599599999997565e+01 8.062751472989272417e-01 0.000000000000000000e+00 1.113096240760860223e+00
-2.269061199999998024e+01 8.053741747710648768e-01 0.000000000000000000e+00 9.553172731505474857e-01
-2.309468799999998012e+01 8.197163342088443772e-01 0.000000000000000000e+00 1.033973270201366201e+00
-2.165551199999998033e+01 7.686346276709015157e-01 0.000000000000000000e+00 8.418568127584871164e-01
-2.284613599999997646e+01 8.108942997089506610e-01 0.000000000000000000e+00 1.041262996840806920e+00
-2.239794599999997260e+01 7.949863704124360275e-01 0.000000000000000000e+00 1.038570259599826962e+00
-2.207890599999997505e+01 7.836624547455092182e-01 0.000000000000000000e+00 1.003582188993331181e+00
-2.266994599999998528e+01 8.046406616028958236e-01 0.000000000000000000e+00 8.528195464884273935e-01
-2.301294199999997403e+01 8.168148647689349451e-01 0.000000000000000000e+00 9.419609583772937667e-01
-2.218845199999996609e+01 7.875506495350310665e-01 0.000000000000000000e+00 1.020952336017799222e+00
-2.116013799999997147e+01 7.510519628025829064e-01 0.000000000000000000e+00 9.046497417835760446e-01
-2.232291399999997594e+01 7.923232057925738703e-01 0.000000000000000000e+00 8.289197986109949623e-01
-2.275219999999997711e+01 8.075601618513514879e-01 0.000000000000000000e+00 9.938293868169775225e-01
-2.265816399999997799e+01 8.042224746219911458e-01 0.000000000000000000e+00 1.125999573130873177e+00
-2.270798999999997392e+01 8.059909845957256014e-01 0.000000000000000000e+00 1.091082234445796439e+00
-2.220167999999997477e+01 7.880201604316027231e-01 0.000000000000000000e+00 9.362360834962537570e-01
-2.287511199999996592e+01 8.119227656704751661e-01 0.000000000000000000e+00 9.911393314766594465e-01
-2.253419999999997003e+01 7.998225314119390417e-01 0.000000000000000000e+00 1.011906610455148625e+00
-2.241542399999998736e+01 7.956067296088588092e-01 0.000000000000000000e+00 8.878273789266230009e-01
-2.288503799999998378e+01 8.122750763114923167e-01 0.000000000000000000e+00 8.631137138209876714e-01
-2.295982999999997531e+01 8.149297224391274241e-01 0.000000000000000000e+00 8.712132797936956718e-01
-2.319358199999997794e+01 8.232264499183636897e-01 0.000000000000000000e+00 1.002158651564237113e+00
-2.366179999999998529e+01 8.398452473912112470e-01 0.000000000000000000e+00 1.054002326104806597e+00
-2.264929799999998039e+01 8.039077873216433634e-01 0.000000000000000000e+00 1.020632372598458959e+00
-2.315825399999998524e+01 8.219725278625678033e-01 0.000000000000000000e+00 8.717533498146887716e-01
-2.312188199999999227e+01 8.206815503655849886e-01 0.000000000000000000e+00 1.128216750467907037e+00
-2.398286199999997947e+01 8.512409313551494439e-01 0.000000000000000000e+00 1.200533497803994765e+00
-2.399034199999999117e+01 8.515064243628874818e-01 0.000000000000000000e+00 1.054381520007503292e+00
-2.457898599999997913e+01 8.723995882728750040e-01 0.000000000000000000e+00 1.124335042360055326e+00
-2.423005399999997778e+01 8.600146943990906179e-01 0.000000000000000000e+00 1.114537347092795727e+00
-2.441088199999999020e+01 8.664329523674306754e-01 0.000000000000000000e+00 1.191160691258740245e+00
-2.403148599999998680e+01 8.529667778803147193e-01 0.000000000000000000e+00 1.176217613431058462e+00
-2.447112999999997740e+01 8.685713778661169338e-01 0.000000000000000000e+00 9.936170253323475254e-01
-2.450730799999997700e+01 8.698554695818832005e-01 0.000000000000000000e+00 1.058523712743556722e+00
-2.313546999999998377e+01 8.211638390004963872e-01 0.000000000000000000e+00 1.129367433700400936e+00
-2.407595399999998875e+01 8.545451125150844707e-01 0.000000000000000000e+00 1.126131097327339070e+00
-2.261786799999998010e+01 8.027922197770988033e-01 0.000000000000000000e+00 1.174066955301661386e+00
-2.429158599999998103e+01 8.621986938311911874e-01 0.000000000000000000e+00 1.118767697700546737e+00
-2.262992599999999044e+01 8.032202030240643831e-01 0.000000000000000000e+00 8.443326060387585930e-01
-2.357306599999998653e+01 8.366957478526295677e-01 0.000000000000000000e+00 1.156851989713918005e+00
-2.371997999999998896e+01 8.419102718818765041e-01 0.000000000000000000e+00 1.115536630025788956e+00
-2.285535999999999390e+01 8.112216937602042544e-01 0.000000000000000000e+00 9.221740325245699754e-01
-2.428482999999999947e+01 8.619588982750052697e-01 0.000000000000000000e+00 1.085358848026725109e+00
-2.635201199999999844e+01 9.353308724355788861e-01 0.000000000000000000e+00 3.428855247555204766e-01
-2.631275800000000231e+01 9.339376020444382087e-01 0.000000000000000000e+00 2.713558494045421043e-01
-2.641126200000000068e+01 9.374338752040889400e-01 0.000000000000000000e+00 4.096542693047344752e-01
-2.626846000000000458e+01 9.323653013416627333e-01 0.000000000000000000e+00 2.238840600025653882e-01
-2.632544600000000301e+01 9.343879463334990865e-01 0.000000000000000000e+00 2.749064397024903461e-01
-2.622010400000000274e+01 9.306489671328176394e-01 0.000000000000000000e+00 3.715532143515238306e-01
-2.619870999999999839e+01 9.298896145382267164e-01 0.000000000000000000e+00 2.374237508648775752e-01
-2.630831199999999725e+01 9.337797969759351613e-01 0.000000000000000000e+00 3.004343271083554368e-01
-2.630154600000000187e+01 9.335396464825727048e-01 0.000000000000000000e+00 2.676715986639469080e-01
-2.619932999999999979e+01 9.299116206431461418e-01 0.000000000000000000e+00 3.010590725281587776e-01
-2.630578400000000272e+01 9.336900688578122498e-01 0.000000000000000000e+00 2.939635099735330437e-01
-2.629744999999999422e+01 9.333942642152337488e-01 0.000000000000000000e+00 3.272928141001817393e-01
-2.623545599999999922e+01 9.311938666855966718e-01 0.000000000000000000e+00 7.443499817649887329e-02
-2.652897800000000572e+01 9.416120536665012475e-01 0.000000000000000000e+00 5.275829749629027399e-01
-2.653254399999999791e+01 9.417386242635052973e-01 0.000000000000000000e+00 4.905930479027446611e-01
-2.651584199999999214e+01 9.411458081919498175e-01 0.000000000000000000e+00 4.929731062347184611e-01
-2.647440999999999534e+01 9.396752324838502091e-01 0.000000000000000000e+00 5.203545142545130675e-01
-2.672450999999999866e+01 9.485522112586072252e-01 0.000000000000000000e+00 5.314645610922420493e-01
-2.657142400000000393e+01 9.431186200042593892e-01 0.000000000000000000e+00 5.069907721591636607e-01
-2.658260200000000140e+01 9.435153687797260824e-01 0.000000000000000000e+00 4.804370850831897743e-01
-2.652583800000000380e+01 9.415006033931995200e-01 0.000000000000000000e+00 4.993747943259456701e-01
-2.645417600000000036e+01 9.389570526016894902e-01 0.000000000000000000e+00 4.854618912984108858e-01
-2.656030200000000008e+01 9.427238588769788485e-01 0.000000000000000000e+00 5.072540188031228192e-01
-2.644926799999999290e+01 9.387828494356496023e-01 0.000000000000000000e+00 5.036934062011384494e-01
-2.648391199999999657e+01 9.400124937885993015e-01 0.000000000000000000e+00 4.699225470847144259e-01
-2.639567399999999964e+01 9.368805991339532735e-01 0.000000000000000000e+00 4.762766326750906276e-01
-2.662945399999999196e+01 9.451783204372823377e-01 0.000000000000000000e+00 5.209423581250506308e-01
-2.668589399999999756e+01 9.471815858593027881e-01 0.000000000000000000e+00 5.461298986745389827e-01
-2.655808000000000035e+01 9.426449918364450120e-01 0.000000000000000000e+00 5.010737166275529564e-01
-2.636953199999999953e+01 9.359527223681408659e-01 0.000000000000000000e+00 4.653007770325237602e-01
-2.663125599999999693e+01 9.452422801164193089e-01 0.000000000000000000e+00 5.355026360308220434e-01
-2.658318400000000281e+01 9.435360261233762813e-01 0.000000000000000000e+00 5.382843337715095267e-01
-2.679977999999999838e+01 9.512238233832611689e-01 0.000000000000000000e+00 5.408391919185877583e-01
-2.631633199999999917e+01 9.340644565911833119e-01 0.000000000000000000e+00 3.489806677172878069e-01
-2.683811000000000035e+01 9.525842975793284984e-01 0.000000000000000000e+00 5.884869119662345938e-01
-2.672482599999999664e+01 9.485634272733725059e-01 0.000000000000000000e+00 6.717078764138190161e-01
-2.642011800000000221e+01 9.377482075672607387e-01 0.000000000000000000e+00 4.265224406757509579e-01
-2.676376799999999889e+01 9.499456236246184293e-01 0.000000000000000000e+00 5.765653627746939458e-01
-2.689775799999999251e+01 9.547014268474477428e-01 0.000000000000000000e+00 5.744866246089151973e-01
-2.673360400000000325e+01 9.488749911265706993e-01 0.000000000000000000e+00 5.746174161416730541e-01
-2.678165600000000524e+01 9.505805352452617596e-01 0.000000000000000000e+00 6.021984431340972055e-01
-2.675105999999999540e+01 9.494945694612052511e-01 0.000000000000000000e+00 5.869632414970171741e-01
-2.681502599999999958e+01 9.517649606019734643e-01 0.000000000000000000e+00 5.997807819427676268e-01
-2.667231600000000213e+01 9.466996521615674842e-01 0.000000000000000000e+00 5.696844323559193679e-01
-2.661610599999999849e+01 9.447045502945977669e-01 0.000000000000000000e+00 5.450560571337420557e-01
-2.688262600000000191e+01 9.541643359125435708e-01 0.000000000000000000e+00 5.606109197630523289e-01
-2.671016999999999797e+01 9.480432313480513518e-01 0.000000000000000000e+00 5.749508791491170223e-01
-2.648075999999999652e+01 9.399006175906863270e-01 0.000000000000000000e+00 5.775000787966183546e-01
-2.675812800000000280e+01 9.497454390572869221e-01 0.000000000000000000e+00 6.134703177197992074e-01
-2.708275199999999572e+01 9.612675516433589751e-01 0.000000000000000000e+00 5.009024301612174934e-01
-2.709691999999999723e+01 9.617704266344856423e-01 0.000000000000000000e+00 4.838272936710054095e-01
-2.652327800000000124e+01 9.414097394761128390e-01 0.000000000000000000e+00 5.480398989345957039e-01
-2.669740600000000441e+01 9.475901895364522431e-01 0.000000000000000000e+00 5.602335656174518563e-01
-2.691712800000000172e+01 9.553889401575922369e-01 0.000000000000000000e+00 5.745435574524355715e-01
-2.700274199999999425e+01 9.584276992972241560e-01 0.000000000000000000e+00 5.595741766989270616e-01
-2.665187999999999846e+01 9.459743025484489420e-01 0.000000000000000000e+00 5.571399809597562536e-01
-2.703789400000000143e+01 9.596753744587208645e-01 0.000000000000000000e+00 5.379831084840309696e-01
-2.682851999999999748e+01 9.522439128274294839e-01 0.000000000000000000e+00 5.667637043474605951e-01
-2.706523799999999724e+01 9.606459146731027854e-01 0.000000000000000000e+00 5.249760257691035159e-01
-2.675621200000000144e+01 9.496774330943423825e-01 0.000000000000000000e+00 5.629744618568677250e-01
-2.695280400000000043e+01 9.566552140271172844e-01 0.000000000000000000e+00 5.663008858523629341e-01
-2.750754799999999989e+01 9.763451409100589728e-01 0.000000000000000000e+00 1.038618570481717324e-01
-2.743028599999999884e+01 9.736028252999219257e-01 0.000000000000000000e+00 1.367979598613293657e-01
-2.737304799999999716e+01 9.715712358912471647e-01 0.000000000000000000e+00 3.457196682080121430e-01
-2.753040799999999777e+01 9.771565272946687308e-01 0.000000000000000000e+00 8.335939432494847423e-02
-2.753255200000000258e+01 9.772326258252290732e-01 0.000000000000000000e+00 8.313778326405289743e-02
-2.756128199999999850e+01 9.782523603322211825e-01 0.000000000000000000e+00 1.062273874975069726e-01
-2.764069999999999894e+01 9.810712003975295969e-01 0.000000000000000000e+00 1.132677617797134412e-01
-2.758732799999999941e+01 9.791768297011429478e-01 0.000000000000000000e+00 1.505220317307853217e-01
-2.773311400000000049e+01 9.843513168169234495e-01 0.000000000000000000e+00 6.483033493105481992e-02
-2.775339999999999918e+01 9.850713423724001272e-01 0.000000000000000000e+00 0.000000000000000000e+00
-2.775339999999999918e+01 9.850713423724001272e-01 0.000000000000000000e+00 0.000000000000000000e+00
-2.775339999999999918e+01 9.850713423724001272e-01 0.000000000000000000e+00 0.000000000000000000e+00
-2.771337199999999967e+01 9.836505998438276333e-01 0.000000000000000000e+00 8.745724274804772547e-02
-2.773591200000000256e+01 9.844506282388018059e-01 0.000000000000000000e+00 6.185823035479014187e-02
-2.775339999999999918e+01 9.850713423724001272e-01 0.000000000000000000e+00 0.000000000000000000e+00
-2.772184399999999727e+01 9.839513026194363077e-01 0.000000000000000000e+00 7.860488883965792428e-02
-2.773591199999999901e+01 9.844506282388016949e-01 0.000000000000000000e+00 5.982247353122361472e-02
-2.775114599999999854e+01 9.849913395329026322e-01 0.000000000000000000e+00 2.254000000000008080e-02
-2.775339999999999918e+01 9.850713423724001272e-01 0.000000000000000000e+00 0.000000000000000000e+00
-2.770435599999999710e+01 9.833305884858378754e-01 0.000000000000000000e+00 9.428848309546870865e-02
-2.773591200000000256e+01 9.844506282388018059e-01 0.000000000000000000e+00 6.185823035479014187e-02
-2.774438400000000016e+01 9.847513310144104803e-01 0.000000000000000000e+00 4.439171530678664990e-02
-2.775339999999999918e+01 9.850713423724001272e-01 0.000000000000000000e+00 0.000000000000000000e+00
-2.775168999999999997e+01 9.850106481152836047e-01 0.000000000000000000e+00 2.324053190510768155e-02
-2.769704999999999728e+01 9.830712713849647511e-01 0.000000000000000000e+00 9.809275913103594757e-02
-2.775394399999999706e+01 9.850906509547808776e-01 0.000000000000000000e+00 5.440000000000111413e-03
-2.768352600000000052e+01 9.825912543479804473e-01 0.000000000000000000e+00 1.047711489896245712e-01
-2.775394399999999706e+01 9.850906509547808776e-01 0.000000000000000000e+00 5.440000000000111413e-03
-2.775339999999999918e+01 9.850713423724001272e-01 0.000000000000000000e+00 0.000000000000000000e+00
-2.775339999999999918e+01 9.850713423724001272e-01 0.000000000000000000e+00 0.000000000000000000e+00
-2.775339999999999918e+01 9.850713423724001272e-01 0.000000000000000000e+00 0.000000000000000000e+00
-2.772184399999999727e+01 9.839513026194363077e-01 0.000000000000000000e+00 7.860488883965792428e-02
-2.772689599999999643e+01 9.841306168808119370e-01 0.000000000000000000e+00 7.401713413429737709e-02
-2.775394399999999706e+01 9.850906509547808776e-01 0.000000000000000000e+00 5.440000000000111413e-03
-2.775339999999999918e+01 9.850713423724001272e-01 0.000000000000000000e+00 0.000000000000000000e+00
-2.775339999999999918e+01 9.850713423724001272e-01 0.000000000000000000e+00 0.000000000000000000e+00
-2.775448799999999849e+01 9.851099595371618500e-01 0.000000000000000000e+00 7.654368001014316171e-03
-2.775339999999999918e+01 9.850713423724001272e-01 0.000000000000000000e+00 0.000000000000000000e+00
-2.775339999999999918e+01 9.850713423724001272e-01 0.000000000000000000e+00 0.000000000000000000e+00
-2.775339999999999918e+01 9.850713423724001272e-01 0.000000000000000000e+00 0.000000000000000000e+00
-2.775394399999999706e+01 9.850906509547808776e-01 0.000000000000000000e+00 5.440000000000111413e-03
-2.775339999999999918e+01 9.850713423724001272e-01 0.000000000000000000e+00 0.000000000000000000e+00
-2.775339999999999918e+01 9.850713423724001272e-01 0.000000000000000000e+00 0.000000000000000000e+00
-2.775394399999999706e+01 9.850906509547808776e-01 0.000000000000000000e+00 5.440000000000111413e-03
-2.775339999999999918e+01 9.850713423724001272e-01 0.000000000000000000e+00 0.000000000000000000e+00
-2.775339999999999918e+01 9.850713423724001272e-01 0.000000000000000000e+00 0.000000000000000000e+00
-2.775339999999999918e+01 9.850713423724001272e-01 0.000000000000000000e+00 0.000000000000000000e+00
-2.775394399999999706e+01 9.850906509547808776e-01 0.000000000000000000e+00 5.440000000000111413e-03
-2.775394399999999706e+01 9.850906509547808776e-01 0.000000000000000000e+00 5.440000000000111413e-03
-2.775339999999999918e+01 9.850713423724001272e-01 0.000000000000000000e+00 0.000000000000000000e+00
-2.775339999999999918e+01 9.850713423724001272e-01 0.000000000000000000e+00 0.000000000000000000e+00
-2.775339999999999918e+01 9.850713423724001272e-01 0.000000000000000000e+00 0.000000000000000000e+00
-2.775448799999999849e+01 9.851099595371618500e-01 0.000000000000000000e+00 7.654368001014316171e-03
-2.775394399999999706e+01 9.850906509547808776e-01 0.000000000000000000e+00 5.440000000000111413e-03
-2.775339999999999918e+01 9.850713423724001272e-01 0.000000000000000000e+00 0.000000000000000000e+00
-2.775394399999999706e+01 9.850906509547808776e-01 0.000000000000000000e+00 5.440000000000111413e-03
-2.775339999999999918e+01 9.850713423724001272e-01 0.000000000000000000e+00 0.000000000000000000e+00
-2.775339999999999918e+01 9.850713423724001272e-01 0.000000000000000000e+00 0.000000000000000000e+00
-2.775339999999999918e+01 9.850713423724001272e-01 0.000000000000000000e+00 0.000000000000000000e+00
-2.775339999999999918e+01 9.850713423724001272e-01 0.000000000000000000e+00 0.000000000000000000e+00
-2.775339999999999918e+01 9.850713423724001272e-01 0.000000000000000000e+00 0.000000000000000000e+00
-2.775339999999999918e+01 9.850713423724001272e-01 0.000000000000000000e+00 0.000000000000000000e+00
-2.775339999999999918e+01 9.850713423724001272e-01 0.000000000000000000e+00 0.000000000000000000e+00
-2.775339999999999918e+01 9.850713423724001272e-01 0.000000000000000000e+00 0.000000000000000000e+00
-2.775339999999999918e+01 9.850713423724001272e-01 0.000000000000000000e+00 0.000000000000000000e+00
-2.775339999999999918e+01 9.850713423724001272e-01 0.000000000000000000e+00 0.000000000000000000e+00
-2.775339999999999918e+01 9.850713423724001272e-01 0.000000000000000000e+00 0.000000000000000000e+00
-2.775339999999999918e+01 9.850713423724001272e-01 0.000000000000000000e+00 0.000000000000000000e+00
-2.775339999999999918e+01 9.850713423724001272e-01 0.000000000000000000e+00 0.000000000000000000e+00
-2.775394399999999706e+01 9.850906509547808776e-01 0.000000000000000000e+00 5.440000000000111413e-03
-2.775339999999999918e+01 9.850713423724001272e-01 0.000000000000000000e+00 0.000000000000000000e+00
-2.775339999999999918e+01 9.850713423724001272e-01 0.000000000000000000e+00 0.000000000000000000e+00
-2.775394399999999706e+01 9.850906509547808776e-01 0.000000000000000000e+00 5.440000000000111413e-03
-2.775339999999999918e+01 9.850713423724001272e-01 0.000000000000000000e+00 0.000000000000000000e+00
-2.775394399999999706e+01 9.850906509547808776e-01 0.000000000000000000e+00 5.440000000000111413e-03
-2.775394399999999706e+01 9.850906509547808776e-01 0.000000000000000000e+00 5.440000000000111413e-03
-2.775394399999999706e+01 9.850906509547808776e-01 0.000000000000000000e+00 5.440000000000111413e-03
-2.775339999999999918e+01 9.850713423724001272e-01 0.000000000000000000e+00 0.000000000000000000e+00
-2.775448799999999849e+01 9.851099595371618500e-01 0.000000000000000000e+00 7.654368001014316171e-03
-2.775339999999999918e+01 9.850713423724001272e-01 0.000000000000000000e+00 0.000000000000000000e+00
-2.775339999999999918e+01 9.850713423724001272e-01 0.000000000000000000e+00 0.000000000000000000e+00
-2.775339999999999918e+01 9.850713423724001272e-01 0.000000000000000000e+00 0.000000000000000000e+00
-2.775339999999999918e+01 9.850713423724001272e-01 0.000000000000000000e+00 0.000000000000000000e+00
-2.775339999999999918e+01 9.850713423724001272e-01 0.000000000000000000e+00 0.000000000000000000e+00
-2.775339999999999918e+01 9.850713423724001272e-01 0.000000000000000000e+00 0.000000000000000000e+00
-2.775339999999999918e+01 9.850713423724001272e-01 0.000000000000000000e+00 0.000000000000000000e+00
-2.775339999999999918e+01 9.850713423724001272e-01 0.000000000000000000e+00 0.000000000000000000e+00
-2.775339999999999918e+01 9.850713423724001272e-01 0.000000000000000000e+00 0.000000000000000000e+00
-2.775339999999999918e+01 9.850713423724001272e-01 0.000000000000000000e+00 0.000000000000000000e+00
-2.775339999999999918e+01 9.850713423724001272e-01 0.000000000000000000e+00 0.000000000000000000e+00
-2.775339999999999918e+01 9.850713423724001272e-01 0.000000000000000000e+00 0.000000000000000000e+00
-2.775394399999999706e+01 9.850906509547808776e-01 0.000000000000000000e+00 5.440000000000111413e-03
-2.775339999999999918e+01 9.850713423724001272e-01 0.000000000000000000e+00 0.000000000000000000e+00
-2.775339999999999918e+01 9.850713423724001272e-01 0.000000000000000000e+00 0.000000000000000000e+00
-2.775339999999999918e+01 9.850713423724001272e-01 0.000000000000000000e+00 0.000000000000000000e+00
-2.775394399999999706e+01 9.850906509547808776e-01 0.000000000000000000e+00 5.440000000000111413e-03
-2.775339999999999918e+01 9.850713423724001272e-01 0.000000000000000000e+00 0.000000000000000000e+00
-2.775394399999999706e+01 9.850906509547808776e-01 0.000000000000000000e+00 5.440000000000111413e-03
-2.775394399999999706e+01 9.850906509547808776e-01 0.000000000000000000e+00 5.440000000000111413e-03
-2.775448799999999849e+01 9.851099595371618500e-01 0.000000000000000000e+00 7.654368001014316171e-03
-2.775394399999999706e+01 9.850906509547808776e-01 0.000000000000000000e+00 5.440000000000111413e-03
-2.775339999999999918e+01 9.850713423724001272e-01 0.000000000000000000e+00 0.000000000000000000e+00
-2.775394399999999706e+01 9.850906509547808776e-01 0.000000000000000000e+00 5.440000000000111413e-03
-2.775394399999999706e+01 9.850906509547808776e-01 0.000000000000000000e+00 5.440000000000111413e-03
-2.775394399999999706e+01 9.850906509547808776e-01 0.000000000000000000e+00 5.440000000000111413e-03
-2.775339999999999918e+01 9.850713423724001272e-01 0.000000000000000000e+00 0.000000000000000000e+00
-2.775339999999999918e+01 9.850713423724001272e-01 0.000000000000000000e+00 0.000000000000000000e+00
-2.775339999999999918e+01 9.850713423724001272e-01 0.000000000000000000e+00 0.000000000000000000e+00
-2.775339999999999918e+01 9.850713423724001272e-01 0.000000000000000000e+00 0.000000000000000000e+00
-2.775339999999999918e+01 9.850713423724001272e-01 0.000000000000000000e+00 0.000000000000000000e+00
-2.775339999999999918e+01 9.850713423724001272e-01 0.000000000000000000e+00 0.000000000000000000e+00
-2.775339999999999918e+01 9.850713423724001272e-01 0.000000000000000000e+00 0.000000000000000000e+00
-2.775339999999999918e+01 9.850713423724001272e-01 0.000000000000000000e+00 0.000000000000000000e+00
-2.775394399999999706e+01 9.850906509547808776e-01 0.000000000000000000e+00 5.440000000000111413e-03
-2.775394399999999706e+01 9.850906509547808776e-01 0.000000000000000000e+00 5.440000000000111413e-03
-2.775339999999999918e+01 9.850713423724001272e-01 0.000000000000000000e+00 0.000000000000000000e+00
-2.775394399999999706e+01 9.850906509547808776e-01 0.000000000000000000e+00 5.440000000000111413e-03
-2.775394399999999706e+01 9.850906509547808776e-01 0.000000000000000000e+00 5.440000000000111413e-03
-2.775339999999999918e+01 9.850713423724001272e-01 0.000000000000000000e+00 0.000000000000000000e+00
-2.775339999999999918e+01 9.850713423724001272e-01 0.000000000000000000e+00 0.000000000000000000e+00
-2.775448799999999849e+01 9.851099595371618500e-01 0.000000000000000000e+00 7.654368001014316171e-03
-2.775339999999999918e+01 9.850713423724001272e-01 0.000000000000000000e+00 0.000000000000000000e+00
-2.775339999999999918e+01 9.850713423724001272e-01 0.000000000000000000e+00 0.000000000000000000e+00
-2.775394399999999706e+01 9.850906509547808776e-01 0.000000000000000000e+00 5.440000000000111413e-03
-2.775339999999999918e+01 9.850713423724001272e-01 0.000000000000000000e+00 0.000000000000000000e+00
-2.775339999999999918e+01 9.850713423724001272e-01 0.000000000000000000e+00 0.000000000000000000e+00
-2.775339999999999918e+01 9.850713423724001272e-01 0.000000000000000000e+00 0.000000000000000000e+00
-2.775394399999999706e+01 9.850906509547808776e-01 0.000000000000000000e+00 5.440000000000111413e-03
-2.775448799999999849e+01 9.851099595371618500e-01 0.000000000000000000e+00 7.654368001014316171e-03
-2.775339999999999918e+01 9.850713423724001272e-01 0.000000000000000000e+00 0.000000000000000000e+00
-2.775339999999999918e+01 9.850713423724001272e-01 0.000000000000000000e+00 0.000000000000000000e+00
-2.775339999999999918e+01 9.850713423724001272e-01 0.000000000000000000e+00 0.000000000000000000e+00
-2.775339999999999918e+01 9.850713423724001272e-01 0.000000000000000000e+00 0.000000000000000000e+00
-2.775448799999999849e+01 9.851099595371618500e-01 0.000000000000000000e+00 7.654368001014316171e-03
-2.775339999999999918e+01 9.850713423724001272e-01 0.000000000000000000e+00 0.000000000000000000e+00
-2.775394399999999706e+01 9.850906509547808776e-01 0.000000000000000000e+00 5.440000000000111413e-03
-2.775394399999999706e+01 9.850906509547808776e-01 0.000000000000000000e+00 5.440000000000111413e-03
-2.775339999999999918e+01 9.850713423724001272e-01 0.000000000000000000e+00 0.000000000000000000e+00
-2.775339999999999918e+01 9.850713423724001272e-01 0.000000000000000000e+00 0.000000000000000000e+00
-2.775339999999999918e+01 9.850713423724001272e-01 0.000000000000000000e+00 0.000000000000000000e+00
-2.775339999999999918e+01 9.850713423724001272e-01 0.000000000000000000e+00 0.000000000000000000e+00
-2.775339999999999918e+01 9.850713423724001272e-01 0.000000000000000000e+00 0.000000000000000000e+00
-2.775339999999999918e+01 9.850713423724001272e-01 0.000000000000000000e+00 0.000000000000000000e+00
-2.775339999999999918e+01 9.850713423724001272e-01 0.000000000000000000e+00 0.000000000000000000e+00
-2.775339999999999918e+01 9.850713423724001272e-01 0.000000000000000000e+00 0.000000000000000000e+00
-2.775339999999999918e+01 9.850713423724001272e-01 0.000000000000000000e+00 0.000000000000000000e+00
-2.775448799999999849e+01 9.851099595371618500e-01 0.000000000000000000e+00 7.654368001014316171e-03
-2.775339999999999918e+01 9.850713423724001272e-01 0.000000000000000000e+00 0.000000000000000000e+00
-2.775339999999999918e+01 9.850713423724001272e-01 0.000000000000000000e+00 0.000000000000000000e+00
-2.775339999999999918e+01 9.850713423724001272e-01 0.000000000000000000e+00 0.000000000000000000e+00
-2.775339999999999918e+01 9.850713423724001272e-01 0.000000000000000000e+00 0.000000000000000000e+00
-2.775394399999999706e+01 9.850906509547808776e-01 0.000000000000000000e+00 5.440000000000111413e-03
-2.775339999999999918e+01 9.850713423724001272e-01 0.000000000000000000e+00 0.000000000000000000e+00
-2.775339999999999918e+01 9.850713423724001272e-01 0.000000000000000000e+00 0.000000000000000000e+00
-2.775339999999999918e+01 9.850713423724001272e-01 0.000000000000000000e+00 0.000000000000000000e+00
-2.775339999999999918e+01 9.850713423724001272e-01 0.000000000000000000e+00 0.000000000000000000e+00
-2.775394399999999706e+01 9.850906509547808776e-01 0.000000000000000000e+00 5.440000000000111413e-03
-2.775339999999999918e+01 9.850713423724001272e-01 0.000000000000000000e+00 0.000000000000000000e+00
-2.775339999999999918e+01 9.850713423724001272e-01 0.000000000000000000e+00 0.000000000000000000e+00
-2.775339999999999918e+01 9.850713423724001272e-01 0.000000000000000000e+00 0.000000000000000000e+00
-2.775339999999999918e+01 9.850713423724001272e-01 0.000000000000000000e+00 0.000000000000000000e+00
-2.775394399999999706e+01 9.850906509547808776e-01 0.000000000000000000e+00 5.440000000000111413e-03
-2.775394399999999706e+01 9.850906509547808776e-01 0.000000000000000000e+00 5.440000000000111413e-03
-2.775339999999999918e+01 9.850713423724001272e-01 0.000000000000000000e+00 0.000000000000000000e+00
-2.775339999999999918e+01 9.850713423724001272e-01 0.000000000000000000e+00 0.000000000000000000e+00
-2.775339999999999918e+01 9.850713423724001272e-01 0.000000000000000000e+00 0.000000000000000000e+00
-2.775394399999999706e+01 9.850906509547808776e-01 0.000000000000000000e+00 5.440000000000111413e-03
-2.775339999999999918e+01 9.850713423724001272e-01 0.000000000000000000e+00 0.000000000000000000e+00
-2.775339999999999918e+01 9.850713423724001272e-01 0.000000000000000000e+00 0.000000000000000000e+00
-2.775339999999999918e+01 9.850713423724001272e-01 0.000000000000000000e+00 0.000000000000000000e+00
-2.775339999999999918e+01 9.850713423724001272e-01 0.000000000000000000e+00 0.000000000000000000e+00
-2.775339999999999918e+01 9.850713423724001272e-01 0.000000000000000000e+00 0.000000000000000000e+00
-2.775339999999999918e+01 9.850713423724001272e-01 0.000000000000000000e+00 0.000000000000000000e+00
-2.775339999999999918e+01 9.850713423724001272e-01 0.000000000000000000e+00 0.000000000000000000e+00
-2.775339999999999918e+01 9.850713423724001272e-01 0.000000000000000000e+00 0.000000000000000000e+00
-2.775394399999999706e+01 9.850906509547808776e-01 0.000000000000000000e+00 5.440000000000111413e-03
-2.775339999999999918e+01 9.850713423724001272e-01 0.000000000000000000e+00 0.000000000000000000e+00
-2.775339999999999918e+01 9.850713423724001272e-01 0.000000000000000000e+00 0.000000000000000000e+00
-2.775339999999999918e+01 9.850713423724001272e-01 0.000000000000000000e+00 0.000000000000000000e+00
-2.775394399999999706e+01 9.850906509547808776e-01 0.000000000000000000e+00 5.440000000000111413e-03
-2.775394399999999706e+01 9.850906509547808776e-01 0.000000000000000000e+00 5.440000000000111413e-03
-2.775339999999999918e+01 9.850713423724001272e-01 0.000000000000000000e+00 0.000000000000000000e+00
-2.775394399999999706e+01 9.850906509547808776e-01 0.000000000000000000e+00 5.440000000000111413e-03
-2.775394399999999706e+01 9.850906509547808776e-01 0.000000000000000000e+00 5.440000000000111413e-03
-2.775394399999999706e+01 9.850906509547808776e-01 0.000000000000000000e+00 5.440000000000111413e-03
-2.775394399999999706e+01 9.850906509547808776e-01 0.000000000000000000e+00 5.440000000000111413e-03
-2.775394399999999706e+01 9.850906509547808776e-01 0.000000000000000000e+00 5.440000000000111413e-03
-2.775339999999999918e+01 9.850713423724001272e-01 0.000000000000000000e+00 0.000000000000000000e+00
-2.775339999999999918e+01 9.850713423724001272e-01 0.000000000000000000e+00 0.000000000000000000e+00
-2.775394399999999706e+01 9.850906509547808776e-01 0.000000000000000000e+00 5.440000000000111413e-03
-2.775339999999999918e+01 9.850713423724001272e-01 0.000000000000000000e+00 0.000000000000000000e+00
-2.775339999999999918e+01 9.850713423724001272e-01 0.000000000000000000e+00 0.000000000000000000e+00
-2.775339999999999918e+01 9.850713423724001272e-01 0.000000000000000000e+00 0.000000000000000000e+00
-2.775339999999999918e+01 9.850713423724001272e-01 0.000000000000000000e+00 0.000000000000000000e+00
-2.775394399999999706e+01 9.850906509547808776e-01 0.000000000000000000e+00 5.440000000000111413e-03
-2.775448799999999849e+01 9.851099595371618500e-01 0.000000000000000000e+00 7.654368001014316171e-03
-2.775339999999999918e+01 9.850713423724001272e-01 0.000000000000000000e+00 0.000000000000000000e+00
-2.775394399999999706e+01 9.850906509547808776e-01 0.000000000000000000e+00 5.440000000000111413e-03
-2.775394399999999706e+01 9.850906509547808776e-01 0.000000000000000000e+00 5.440000000000111413e-03
-2.775339999999999918e+01 9.850713423724001272e-01 0.000000000000000000e+00 0.000000000000000000e+00
-2.775394399999999706e+01 9.850906509547808776e-01 0.000000000000000000e+00 5.440000000000111413e-03
-2.775339999999999918e+01 9.850713423724001272e-01 0.000000000000000000e+00 0.000000000000000000e+00
-2.775339999999999918e+01 9.850713423724001272e-01 0.000000000000000000e+00 0.000000000000000000e+00
-2.775339999999999918e+01 9.850713423724001272e-01 0.000000000000000000e+00 0.000000000000000000e+00
-2.775339999999999918e+01 9.850713423724001272e-01 0.000000000000000000e+00 0.000000000000000000e+00
-2.775339999999999918e+01 9.850713423724001272e-01 0.000000000000000000e+00 0.000000000000000000e+00
-2.775394399999999706e+01 9.850906509547808776e-01 0.000000000000000000e+00 5.440000000000111413e-03
-2.775339999999999918e+01 9.850713423724001272e-01 0.000000000000000000e+00 0.000000000000000000e+00
-2.775339999999999918e+01 9.850713423724001272e-01 0.000000000000000000e+00 0.000000000000000000e+00
-2.775339999999999918e+01 9.850713423724001272e-01 0.000000000000000000e+00 0.000000000000000000e+00
-2.775339999999999918e+01 9.850713423724001272e-01 0.000000000000000000e+00 0.000000000000000000e+00
-2.775448799999999849e+01 9.851099595371618500e-01 0.000000000000000000e+00 7.654368001014316171e-03
-2.775339999999999918e+01 9.850713423724001272e-01 0.000000000000000000e+00 0.000000000000000000e+00
-2.775394399999999706e+01 9.850906509547808776e-01 0.000000000000000000e+00 5.440000000000111413e-03
-2.775394399999999706e+01 9.850906509547808776e-01 0.000000000000000000e+00 5.440000000000111413e-03
-2.775394399999999706e+01 9.850906509547808776e-01 0.000000000000000000e+00 5.440000000000111413e-03
-2.775339999999999918e+01 9.850713423724001272e-01 0.000000000000000000e+00 0.000000000000000000e+00
-2.775339999999999918e+01 9.850713423724001272e-01 0.000000000000000000e+00 0.000000000000000000e+00
-2.775339999999999918e+01 9.850713423724001272e-01 0.000000000000000000e+00 0.000000000000000000e+00
-2.775448799999999849e+01 9.851099595371618500e-01 0.000000000000000000e+00 7.654368001014316171e-03
-2.775339999999999918e+01 9.850713423724001272e-01 0.000000000000000000e+00 0.000000000000000000e+00
-2.775339999999999918e+01 9.850713423724001272e-01 0.000000000000000000e+00 0.000000000000000000e+00
-2.775339999999999918e+01 9.850713423724001272e-01 0.000000000000000000e+00 0.000000000000000000e+00
-2.775339999999999918e+01 9.850713423724001272e-01 0.000000000000000000e+00 0.000000000000000000e+00
-2.775339999999999918e+01 9.850713423724001272e-01 0.000000000000000000e+00 0.000000000000000000e+00
-2.775339999999999918e+01 9.850713423724001272e-01 0.000000000000000000e+00 0.000000000000000000e+00
-2.775339999999999918e+01 9.850713423724001272e-01 0.000000000000000000e+00 0.000000000000000000e+00
-2.775394399999999706e+01 9.850906509547808776e-01 0.000000000000000000e+00 5.440000000000111413e-03
-2.775339999999999918e+01 9.850713423724001272e-01 0.000000000000000000e+00 0.000000000000000000e+00
-2.775448799999999849e+01 9.851099595371618500e-01 0.000000000000000000e+00 7.654368001014316171e-03
-2.775394399999999706e+01 9.850906509547808776e-01 0.000000000000000000e+00 5.440000000000111413e-03
-2.775339999999999918e+01 9.850713423724001272e-01 0.000000000000000000e+00 0.000000000000000000e+00
-2.775339999999999918e+01 9.850713423724001272e-01 0.000000000000000000e+00 0.000000000000000000e+00
-2.775339999999999918e+01 9.850713423724001272e-01 0.000000000000000000e+00 0.000000000000000000e+00
-2.775339999999999918e+01 9.850713423724001272e-01 0.000000000000000000e+00 0.000000000000000000e+00
-2.775339999999999918e+01 9.850713423724001272e-01 0.000000000000000000e+00 0.000000000000000000e+00
-2.775339999999999918e+01 9.850713423724001272e-01 0.000000000000000000e+00 0.000000000000000000e+00
-2.775394399999999706e+01 9.850906509547808776e-01 0.000000000000000000e+00 5.440000000000111413e-03
-2.775339999999999918e+01 9.850713423724001272e-01 0.000000000000000000e+00 0.000000000000000000e+00
-2.775339999999999918e+01 9.850713423724001272e-01 0.000000000000000000e+00 0.000000000000000000e+00
-2.775339999999999918e+01 9.850713423724001272e-01 0.000000000000000000e+00 0.000000000000000000e+00
-2.775339999999999918e+01 9.850713423724001272e-01 0.000000000000000000e+00 0.000000000000000000e+00
-2.775339999999999918e+01 9.850713423724001272e-01 0.000000000000000000e+00 0.000000000000000000e+00
-2.775339999999999918e+01 9.850713423724001272e-01 0.000000000000000000e+00 0.000000000000000000e+00
-2.775394399999999706e+01 9.850906509547808776e-01 0.000000000000000000e+00 5.440000000000111413e-03
-2.775339999999999918e+01 9.850713423724001272e-01 0.000000000000000000e+00 0.000000000000000000e+00
-2.775339999999999918e+01 9.850713423724001272e-01 0.000000000000000000e+00 0.000000000000000000e+00
-2.775339999999999918e+01 9.850713423724001272e-01 0.000000000000000000e+00 0.000000000000000000e+00
-2.775394399999999706e+01 9.850906509547808776e-01 0.000000000000000000e+00 5.440000000000111413e-03
-2.775339999999999918e+01 9.850713423724001272e-01 0.000000000000000000e+00 0.000000000000000000e+00
-2.775394399999999706e+01 9.850906509547808776e-01 0.000000000000000000e+00 5.440000000000111413e-03
-2.775339999999999918e+01 9.850713423724001272e-01 0.000000000000000000e+00 0.000000000000000000e+00
-2.775339999999999918e+01 9.850713423724001272e-01 0.000000000000000000e+00 0.000000000000000000e+00
-2.775394399999999706e+01 9.850906509547808776e-01 0.000000000000000000e+00 5.440000000000111413e-03
-2.775339999999999918e+01 9.850713423724001272e-01 0.000000000000000000e+00 0.000000000000000000e+00
-2.775339999999999918e+01 9.850713423724001272e-01 0.000000000000000000e+00 0.000000000000000000e+00
-2.775394399999999706e+01 9.850906509547808776e-01 0.000000000000000000e+00 5.440000000000111413e-03
-2.775339999999999918e+01 9.850713423724001272e-01 0.000000000000000000e+00 0.000000000000000000e+00
-2.775394399999999706e+01 9.850906509547808776e-01 0.000000000000000000e+00 5.440000000000111413e-03
-2.775339999999999918e+01 9.850713423724001272e-01 0.000000000000000000e+00 0.000000000000000000e+00
-2.775339999999999918e+01 9.850713423724001272e-01 0.000000000000000000e+00 0.000000000000000000e+00
-2.775339999999999918e+01 9.850713423724001272e-01 0.000000000000000000e+00 0.000000000000000000e+00
-2.775339999999999918e+01 9.850713423724001272e-01 0.000000000000000000e+00 0.000000000000000000e+00
-2.775339999999999918e+01 9.850713423724001272e-01 0.000000000000000000e+00 0.000000000000000000e+00
-2.775339999999999918e+01 9.850713423724001272e-01 0.000000000000000000e+00 0.000000000000000000e+00
-2.775394399999999706e+01 9.850906509547808776e-01 0.000000000000000000e+00 5.440000000000111413e-03
-2.775394399999999706e+01 9.850906509547808776e-01 0.000000000000000000e+00 5.440000000000111413e-03
-2.775339999999999918e+01 9.850713423724001272e-01 0.000000000000000000e+00 0.000000000000000000e+00
-2.775339999999999918e+01 9.850713423724001272e-01 0.000000000000000000e+00 0.000000000000000000e+00
-2.775394399999999706e+01 9.850906509547808776e-01 0.000000000000000000e+00 5.440000000000111413e-03
-2.775339999999999918e+01 9.850713423724001272e-01 0.000000000000000000e+00 0.000000000000000000e+00
-2.775394399999999706e+01 9.850906509547808776e-01 0.000000000000000000e+00 5.440000000000111413e-03
-2.775339999999999918e+01 9.850713423724001272e-01 0.000000000000000000e+00 0.000000000000000000e+00
-2.775339999999999918e+01 9.850713423724001272e-01 0.000000000000000000e+00 0.000000000000000000e+00
-2.775394399999999706e+01 9.850906509547808776e-01 0.000000000000000000e+00 5.440000000000111413e-03
-2.775394399999999706e+01 9.850906509547808776e-01 0.000000000000000000e+00 5.440000000000111413e-03
-2.775448799999999849e+01 9.851099595371618500e-01 0.000000000000000000e+00 7.654368001014316171e-03
-2.775339999999999918e+01 9.850713423724001272e-01 0.000000000000000000e+00 0.000000000000000000e+00
-2.775394399999999706e+01 9.850906509547808776e-01 0.000000000000000000e+00 5.440000000000111413e-03
-2.775448799999999849e+01 9.851099595371618500e-01 0.000000000000000000e+00 7.654368001014316171e-03
-2.775394399999999706e+01 9.850906509547808776e-01 0.000000000000000000e+00 5.440000000000111413e-03
-2.775339999999999918e+01 9.850713423724001272e-01 0.000000000000000000e+00 0.000000000000000000e+00
-2.775339999999999918e+01 9.850713423724001272e-01 0.000000000000000000e+00 0.000000000000000000e+00
-2.775339999999999918e+01 9.850713423724001272e-01 0.000000000000000000e+00 0.000000000000000000e+00
-2.775339999999999918e+01 9.850713423724001272e-01 0.000000000000000000e+00 0.000000000000000000e+00
-2.775394399999999706e+01 9.850906509547808776e-01 0.000000000000000000e+00 5.440000000000111413e-03
-2.775339999999999918e+01 9.850713423724001272e-01 0.000000000000000000e+00 0.000000000000000000e+00
-2.775394399999999706e+01 9.850906509547808776e-01 0.000000000000000000e+00 5.440000000000111413e-03
-2.775394399999999706e+01 9.850906509547808776e-01 0.000000000000000000e+00 5.440000000000111413e-03
-2.775339999999999918e+01 9.850713423724001272e-01 0.000000000000000000e+00 0.000000000000000000e+00
-2.775339999999999918e+01 9.850713423724001272e-01 0.000000000000000000e+00 0.000000000000000000e+00
-2.775394399999999706e+01 9.850906509547808776e-01 0.000000000000000000e+00 5.440000000000111413e-03
-2.775339999999999918e+01 9.850713423724001272e-01 0.000000000000000000e+00 0.000000000000000000e+00
-2.775394399999999706e+01 9.850906509547808776e-01 0.000000000000000000e+00 5.440000000000111413e-03
-2.775394399999999706e+01 9.850906509547808776e-01 0.000000000000000000e+00 5.440000000000111413e-03
-2.775448799999999849e+01 9.851099595371618500e-01 0.000000000000000000e+00 7.654368001014316171e-03
-2.775339999999999918e+01 9.850713423724001272e-01 0.000000000000000000e+00 0.000000000000000000e+00
-2.775339999999999918e+01 9.850713423724001272e-01 0.000000000000000000e+00 0.000000000000000000e+00
-2.775448799999999849e+01 9.851099595371618500e-01 0.000000000000000000e+00 7.654368001014316171e-03
-2.775339999999999918e+01 9.850713423724001272e-01 0.000000000000000000e+00 0.000000000000000000e+00
-2.775339999999999918e+01 9.850713423724001272e-01 0.000000000000000000e+00 0.000000000000000000e+00
-2.775394399999999706e+01 9.850906509547808776e-01 0.000000000000000000e+00 5.440000000000111413e-03
-2.775394399999999706e+01 9.850906509547808776e-01 0.000000000000000000e+00 5.440000000000111413e-03
-2.775339999999999918e+01 9.850713423724001272e-01 0.000000000000000000e+00 0.000000000000000000e+00
-2.775339999999999918e+01 9.850713423724001272e-01 0.000000000000000000e+00 0.000000000000000000e+00
-2.775394399999999706e+01 9.850906509547808776e-01 0.000000000000000000e+00 5.440000000000111413e-03
-2.775339999999999918e+01 9.850713423724001272e-01 0.000000000000000000e+00 0.000000000000000000e+00
-2.775394399999999706e+01 9.850906509547808776e-01 0.000000000000000000e+00 5.440000000000111413e-03
-2.775394399999999706e+01 9.850906509547808776e-01 0.000000000000000000e+00 5.440000000000111413e-03
-2.775394399999999706e+01 9.850906509547808776e-01 0.000000000000000000e+00 5.440000000000111413e-03
-2.775339999999999918e+01 9.850713423724001272e-01 0.000000000000000000e+00 0.000000000000000000e+00
-2.775339999999999918e+01 9.850713423724001272e-01 0.000000000000000000e+00 0.000000000000000000e+00
-2.775339999999999918e+01 9.850713423724001272e-01 0.000000000000000000e+00 0.000000000000000000e+00
-2.775339999999999918e+01 9.850713423724001272e-01 0.000000000000000000e+00 0.000000000000000000e+00
-2.775339999999999918e+01 9.850713423724001272e-01 0.000000000000000000e+00 0.000000000000000000e+00
-2.775339999999999918e+01 9.850713423724001272e-01 0.000000000000000000e+00 0.000000000000000000e+00
-2.775394399999999706e+01 9.850906509547808776e-01 0.000000000000000000e+00 5.440000000000111413e-03
-2.775339999999999918e+01 9.850713423724001272e-01 0.000000000000000000e+00 0.000000000000000000e+00
-2.775339999999999918e+01 9.850713423724001272e-01 0.000000000000000000e+00 0.000000000000000000e+00
-2.775394399999999706e+01 9.850906509547808776e-01 0.000000000000000000e+00 5.440000000000111413e-03
-2.775339999999999918e+01 9.850713423724001272e-01 0.000000000000000000e+00 0.000000000000000000e+00
-2.775339999999999918e+01 9.850713423724001272e-01 0.000000000000000000e+00 0.000000000000000000e+00
-2.775394399999999706e+01 9.850906509547808776e-01 0.000000000000000000e+00 5.440000000000111413e-03
-2.775394399999999706e+01 9.850906509547808776e-01 0.000000000000000000e+00 5.440000000000111413e-03
-2.775394399999999706e+01 9.850906509547808776e-01 0.000000000000000000e+00 5.440000000000111413e-03
-2.775339999999999918e+01 9.850713423724001272e-01 0.000000000000000000e+00 0.000000000000000000e+00
-2.775394399999999706e+01 9.850906509547808776e-01 0.000000000000000000e+00 5.440000000000111413e-03
-2.775339999999999918e+01 9.850713423724001272e-01 0.000000000000000000e+00 0.000000000000000000e+00
-2.775339999999999918e+01 9.850713423724001272e-01 0.000000000000000000e+00 0.000000000000000000e+00
-2.775339999999999918e+01 9.850713423724001272e-01 0.000000000000000000e+00 0.000000000000000000e+00
-2.775339999999999918e+01 9.850713423724001272e-01 0.000000000000000000e+00 0.000000000000000000e+00
-2.775394399999999706e+01 9.850906509547808776e-01 0.000000000000000000e+00 5.440000000000111413e-03
-2.775339999999999918e+01 9.850713423724001272e-01 0.000000000000000000e+00 0.000000000000000000e+00
-2.775339999999999918e+01 9.850713423724001272e-01 0.000000000000000000e+00 0.000000000000000000e+00
-2.775339999999999918e+01 9.850713423724001272e-01 0.000000000000000000e+00 0.000000000000000000e+00
-2.775339999999999918e+01 9.850713423724001272e-01 0.000000000000000000e+00 0.000000000000000000e+00
-2.775339999999999918e+01 9.850713423724001272e-01 0.000000000000000000e+00 0.000000000000000000e+00
-2.775339999999999918e+01 9.850713423724001272e-01 0.000000000000000000e+00 0.000000000000000000e+00
-2.775339999999999918e+01 9.850713423724001272e-01 0.000000000000000000e+00 0.000000000000000000e+00
-2.775394399999999706e+01 9.850906509547808776e-01 0.000000000000000000e+00 5.440000000000111413e-03
-2.775339999999999918e+01 9.850713423724001272e-01 0.000000000000000000e+00 0.000000000000000000e+00
-2.775339999999999918e+01 9.850713423724001272e-01 0.000000000000000000e+00 0.000000000000000000e+00
-2.775448799999999849e+01 9.851099595371618500e-01 0.000000000000000000e+00 7.654368001014316171e-03
-2.775339999999999918e+01 9.850713423724001272e-01 0.000000000000000000e+00 0.000000000000000000e+00
-2.775339999999999918e+01 9.850713423724001272e-01 0.000000000000000000e+00 0.000000000000000000e+00
-2.775394399999999706e+01 9.850906509547808776e-01 0.000000000000000000e+00 5.440000000000111413e-03
-2.775448799999999849e+01 9.851099595371618500e-01 0.000000000000000000e+00 7.654368001014316171e-03
-2.775394399999999706e+01 9.850906509547808776e-01 0.000000000000000000e+00 5.440000000000111413e-03
-2.775448799999999849e+01 9.851099595371618500e-01 0.000000000000000000e+00 7.654368001014316171e-03
-2.775394399999999706e+01 9.850906509547808776e-01 0.000000000000000000e+00 5.440000000000111413e-03
-2.775339999999999918e+01 9.850713423724001272e-01 0.000000000000000000e+00 0.000000000000000000e+00
-2.775339999999999918e+01 9.850713423724001272e-01 0.000000000000000000e+00 0.000000000000000000e+00
-2.775339999999999918e+01 9.850713423724001272e-01 0.000000000000000000e+00 0.000000000000000000e+00
-2.775394399999999706e+01 9.850906509547808776e-01 0.000000000000000000e+00 5.440000000000111413e-03
-2.775339999999999918e+01 9.850713423724001272e-01 0.000000000000000000e+00 0.000000000000000000e+00
-2.775394399999999706e+01 9.850906509547808776e-01 0.000000000000000000e+00 5.440000000000111413e-03
-2.775394399999999706e+01 9.850906509547808776e-01 0.000000000000000000e+00 5.440000000000111413e-03
-2.775339999999999918e+01 9.850713423724001272e-01 0.000000000000000000e+00 0.000000000000000000e+00
-2.775339999999999918e+01 9.850713423724001272e-01 0.000000000000000000e+00 0.000000000000000000e+00
-2.775339999999999918e+01 9.850713423724001272e-01 0.000000000000000000e+00 0.000000000000000000e+00
-2.775339999999999918e+01 9.850713423724001272e-01 0.000000000000000000e+00 0.000000000000000000e+00
-2.775339999999999918e+01 9.850713423724001272e-01 0.000000000000000000e+00 0.000000000000000000e+00
-2.775339999999999918e+01 9.850713423724001272e-01 0.000000000000000000e+00 0.000000000000000000e+00
-2.775339999999999918e+01 9.850713423724001272e-01 0.000000000000000000e+00 0.000000000000000000e+00
-2.775339999999999918e+01 9.850713423724001272e-01 0.000000000000000000e+00 0.000000000000000000e+00
-2.775339999999999918e+01 9.850713423724001272e-01 0.000000000000000000e+00 0.000000000000000000e+00
-2.775339999999999918e+01 9.850713423724001272e-01 0.000000000000000000e+00 0.000000000000000000e+00
-2.775339999999999918e+01 9.850713423724001272e-01 0.000000000000000000e+00 0.000000000000000000e+00
-2.775339999999999918e+01 9.850713423724001272e-01 0.000000000000000000e+00 0.000000000000000000e+00
-2.775394399999999706e+01 9.850906509547808776e-01 0.000000000000000000e+00 5.440000000000111413e-03
-2.775339999999999918e+01 9.850713423724001272e-01 0.000000000000000000e+00 0.000000000000000000e+00
-2.775339999999999918e+01 9.850713423724001272e-01 0.000000000000000000e+00 0.000000000000000000e+00
-2.775448799999999849e+01 9.851099595371618500e-01 0.000000000000000000e+00 7.654368001014316171e-03
-2.775339999999999918e+01 9.850713423724001272e-01 0.000000000000000000e+00 0.000000000000000000e+00
-2.775339999999999918e+01 9.850713423724001272e-01 0.000000000000000000e+00 0.000000000000000000e+00
-2.775339999999999918e+01 9.850713423724001272e-01 0.000000000000000000e+00 0.000000000000000000e+00
-2.775339999999999918e+01 9.850713423724001272e-01 0.000000000000000000e+00 0.000000000000000000e+00
-2.775394399999999706e+01 9.850906509547808776e-01 0.000000000000000000e+00 5.440000000000111413e-03
-2.775339999999999918e+01 9.850713423724001272e-01 0.000000000000000000e+00 0.000000000000000000e+00
-2.775339999999999918e+01 9.850713423724001272e-01 0.000000000000000000e+00 0.000000000000000000e+00
-2.775339999999999918e+01 9.850713423724001272e-01 0.000000000000000000e+00 0.000000000000000000e+00
-2.775339999999999918e+01 9.850713423724001272e-01 0.000000000000000000e+00 0.000000000000000000e+00
-2.775339999999999918e+01 9.850713423724001272e-01 0.000000000000000000e+00 0.000000000000000000e+00
-2.775339999999999918e+01 9.850713423724001272e-01 0.000000000000000000e+00 0.000000000000000000e+00
-2.775339999999999918e+01 9.850713423724001272e-01 0.000000000000000000e+00 0.000000000000000000e+00
-2.775394399999999706e+01 9.850906509547808776e-01 0.000000000000000000e+00 5.440000000000111413e-03
-2.775394399999999706e+01 9.850906509547808776e-01 0.000000000000000000e+00 5.440000000000111413e-03
-2.775339999999999918e+01 9.850713423724001272e-01 0.000000000000000000e+00 0.000000000000000000e+00
-2.775339999999999918e+01 9.850713423724001272e-01 0.000000000000000000e+00 0.000000000000000000e+00
-2.775339999999999918e+01 9.850713423724001272e-01 0.000000000000000000e+00 0.000000000000000000e+00
-2.775339999999999918e+01 9.850713423724001272e-01 0.000000000000000000e+00 0.000000000000000000e+00
-2.775339999999999918e+01 9.850713423724001272e-01 0.000000000000000000e+00 0.000000000000000000e+00
-2.775339999999999918e+01 9.850713423724001272e-01 0.000000000000000000e+00 0.000000000000000000e+00
-2.775339999999999918e+01 9.850713423724001272e-01 0.000000000000000000e+00 0.000000000000000000e+00
-2.775394399999999706e+01 9.850906509547808776e-01 0.000000000000000000e+00 5.440000000000111413e-03
-2.775394399999999706e+01 9.850906509547808776e-01 0.000000000000000000e+00 5.440000000000111413e-03
-2.775394399999999706e+01 9.850906509547808776e-01 0.000000000000000000e+00 5.440000000000111413e-03
-2.775394399999999706e+01 9.850906509547808776e-01 0.000000000000000000e+00 5.440000000000111413e-03
-2.775339999999999918e+01 9.850713423724001272e-01 0.000000000000000000e+00 0.000000000000000000e+00
-2.775339999999999918e+01 9.850713423724001272e-01 0.000000000000000000e+00 0.000000000000000000e+00
-2.775339999999999918e+01 9.850713423724001272e-01 0.000000000000000000e+00 0.000000000000000000e+00
-2.775394399999999706e+01 9.850906509547808776e-01 0.000000000000000000e+00 5.440000000000111413e-03
-2.775339999999999918e+01 9.850713423724001272e-01 0.000000000000000000e+00 0.000000000000000000e+00
-2.775339999999999918e+01 9.850713423724001272e-01 0.000000000000000000e+00 0.000000000000000000e+00
-2.775394399999999706e+01 9.850906509547808776e-01 0.000000000000000000e+00 5.440000000000111413e-03
-2.775448799999999849e+01 9.851099595371618500e-01 0.000000000000000000e+00 7.654368001014316171e-03
-2.775339999999999918e+01 9.850713423724001272e-01 0.000000000000000000e+00 0.000000000000000000e+00
-2.775448799999999849e+01 9.851099595371618500e-01 0.000000000000000000e+00 7.654368001014316171e-03
-2.775339999999999918e+01 9.850713423724001272e-01 0.000000000000000000e+00 0.000000000000000000e+00
-2.775339999999999918e+01 9.850713423724001272e-01 0.000000000000000000e+00 0.000000000000000000e+00
-2.775339999999999918e+01 9.850713423724001272e-01 0.000000000000000000e+00 0.000000000000000000e+00
-2.775339999999999918e+01 9.850713423724001272e-01 0.000000000000000000e+00 0.000000000000000000e+00
-2.775339999999999918e+01 9.850713423724001272e-01 0.000000000000000000e+00 0.000000000000000000e+00
-2.775394399999999706e+01 9.850906509547808776e-01 0.000000000000000000e+00 5.440000000000111413e-03
-2.775339999999999918e+01 9.850713423724001272e-01 0.000000000000000000e+00 0.000000000000000000e+00
-2.775394399999999706e+01 9.850906509547808776e-01 0.000000000000000000e+00 5.440000000000111413e-03
-2.775339999999999918e+01 9.850713423724001272e-01 0.000000000000000000e+00 0.000000000000000000e+00
-2.775339999999999918e+01 9.850713423724001272e-01 0.000000000000000000e+00 0.000000000000000000e+00
-2.775339999999999918e+01 9.850713423724001272e-01 0.000000000000000000e+00 0.000000000000000000e+00
-2.775394399999999706e+01 9.850906509547808776e-01 0.000000000000000000e+00 5.440000000000111413e-03
-2.775339999999999918e+01 9.850713423724001272e-01 0.000000000000000000e+00 0.000000000000000000e+00
-2.775448799999999849e+01 9.851099595371618500e-01 0.000000000000000000e+00 7.654368001014316171e-03
-2.775339999999999918e+01 9.850713423724001272e-01 0.000000000000000000e+00 0.000000000000000000e+00
-2.775394399999999706e+01 9.850906509547808776e-01 0.000000000000000000e+00 5.440000000000111413e-03
-2.775339999999999918e+01 9.850713423724001272e-01 0.000000000000000000e+00 0.000000000000000000e+00
-2.775339999999999918e+01 9.850713423724001272e-01 0.000000000000000000e+00 0.000000000000000000e+00
-2.775394399999999706e+01 9.850906509547808776e-01 0.000000000000000000e+00 5.440000000000111413e-03
-2.775339999999999918e+01 9.850713423724001272e-01 0.000000000000000000e+00 0.000000000000000000e+00
-2.775394399999999706e+01 9.850906509547808776e-01 0.000000000000000000e+00 5.440000000000111413e-03
-2.775339999999999918e+01 9.850713423724001272e-01 0.000000000000000000e+00 0.000000000000000000e+00
-2.775394399999999706e+01 9.850906509547808776e-01 0.000000000000000000e+00 5.440000000000111413e-03
-2.775339999999999918e+01 9.850713423724001272e-01 0.000000000000000000e+00 0.000000000000000000e+00
-2.775339999999999918e+01 9.850713423724001272e-01 0.000000000000000000e+00 0.000000000000000000e+00
-2.775394399999999706e+01 9.850906509547808776e-01 0.000000000000000000e+00 5.440000000000111413e-03
-2.775394399999999706e+01 9.850906509547808776e-01 0.000000000000000000e+00 5.440000000000111413e-03
-2.775339999999999918e+01 9.850713423724001272e-01 0.000000000000000000e+00 0.000000000000000000e+00
-2.775339999999999918e+01 9.850713423724001272e-01 0.000000000000000000e+00 0.000000000000000000e+00
-2.775339999999999918e+01 9.850713423724001272e-01 0.000000000000000000e+00 0.000000000000000000e+00
-2.775339999999999918e+01 9.850713423724001272e-01 0.000000000000000000e+00 0.000000000000000000e+00
-2.775339999999999918e+01 9.850713423724001272e-01 0.000000000000000000e+00 0.000000000000000000e+00
-2.775394399999999706e+01 9.850906509547808776e-01 0.000000000000000000e+00 5.440000000000111413e-03
-2.775394399999999706e+01 9.850906509547808776e-01 0.000000000000000000e+00 5.440000000000111413e-03
-2.775339999999999918e+01 9.850713423724001272e-01 0.000000000000000000e+00 0.000000000000000000e+00
-2.775339999999999918e+01 9.850713423724001272e-01 0.000000000000000000e+00 0.000000000000000000e+00
-2.775339999999999918e+01 9.850713423724001272e-01 0.000000000000000000e+00 0.000000000000000000e+00
-2.775394399999999706e+01 9.850906509547808776e-01 0.000000000000000000e+00 5.440000000000111413e-03
-2.775339999999999918e+01 9.850713423724001272e-01 0.000000000000000000e+00 0.000000000000000000e+00
-2.775394399999999706e+01 9.850906509547808776e-01 0.000000000000000000e+00 5.440000000000111413e-03
-2.775339999999999918e+01 9.850713423724001272e-01 0.000000000000000000e+00 0.000000000000000000e+00
-2.775339999999999918e+01 9.850713423724001272e-01 0.000000000000000000e+00 0.000000000000000000e+00
-2.775339999999999918e+01 9.850713423724001272e-01 0.000000000000000000e+00 0.000000000000000000e+00
-2.775339999999999918e+01 9.850713423724001272e-01 0.000000000000000000e+00 0.000000000000000000e+00
-2.775339999999999918e+01 9.850713423724001272e-01 0.000000000000000000e+00 0.000000000000000000e+00
-2.775394399999999706e+01 9.850906509547808776e-01 0.000000000000000000e+00 5.440000000000111413e-03
-2.775394399999999706e+01 9.850906509547808776e-01 0.000000000000000000e+00 5.440000000000111413e-03
-2.775339999999999918e+01 9.850713423724001272e-01 0.000000000000000000e+00 0.000000000000000000e+00
-2.775339999999999918e+01 9.850713423724001272e-01 0.000000000000000000e+00 0.000000000000000000e+00
-2.775339999999999918e+01 9.850713423724001272e-01 0.000000000000000000e+00 0.000000000000000000e+00
-2.775339999999999918e+01 9.850713423724001272e-01 0.000000000000000000e+00 0.000000000000000000e+00
-2.775339999999999918e+01 9.850713423724001272e-01 0.000000000000000000e+00 0.000000000000000000e+00
-2.775339999999999918e+01 9.850713423724001272e-01 0.000000000000000000e+00 0.000000000000000000e+00
-2.775394399999999706e+01 9.850906509547808776e-01 0.000000000000000000e+00 5.440000000000111413e-03
-2.775394399999999706e+01 9.850906509547808776e-01 0.000000000000000000e+00 5.440000000000111413e-03
-2.775339999999999918e+01 9.850713423724001272e-01 0.000000000000000000e+00 0.000000000000000000e+00
-2.775339999999999918e+01 9.850713423724001272e-01 0.000000000000000000e+00 0.000000000000000000e+00
-2.775339999999999918e+01 9.850713423724001272e-01 0.000000000000000000e+00 0.000000000000000000e+00
-2.775339999999999918e+01 9.850713423724001272e-01 0.000000000000000000e+00 0.000000000000000000e+00
-2.775339999999999918e+01 9.850713423724001272e-01 0.000000000000000000e+00 0.000000000000000000e+00
-2.775339999999999918e+01 9.850713423724001272e-01 0.000000000000000000e+00 0.000000000000000000e+00
-2.775339999999999918e+01 9.850713423724001272e-01 0.000000000000000000e+00 0.000000000000000000e+00
-2.775339999999999918e+01 9.850713423724001272e-01 0.000000000000000000e+00 0.000000000000000000e+00
-2.775394399999999706e+01 9.850906509547808776e-01 0.000000000000000000e+00 5.440000000000111413e-03
-2.775394399999999706e+01 9.850906509547808776e-01 0.000000000000000000e+00 5.440000000000111413e-03
-2.775394399999999706e+01 9.850906509547808776e-01 0.000000000000000000e+00 5.440000000000111413e-03
-2.775339999999999918e+01 9.850713423724001272e-01 0.000000000000000000e+00 0.000000000000000000e+00
-2.775339999999999918e+01 9.850713423724001272e-01 0.000000000000000000e+00 0.000000000000000000e+00
-2.775339999999999918e+01 9.850713423724001272e-01 0.000000000000000000e+00 0.000000000000000000e+00
-2.775339999999999918e+01 9.850713423724001272e-01 0.000000000000000000e+00 0.000000000000000000e+00
-2.775339999999999918e+01 9.850713423724001272e-01 0.000000000000000000e+00 0.000000000000000000e+00
-2.775339999999999918e+01 9.850713423724001272e-01 0.000000000000000000e+00 0.000000000000000000e+00
-2.775339999999999918e+01 9.850713423724001272e-01 0.000000000000000000e+00 0.000000000000000000e+00
-2.775339999999999918e+01 9.850713423724001272e-01 0.000000000000000000e+00 0.000000000000000000e+00
-2.775394399999999706e+01 9.850906509547808776e-01 0.000000000000000000e+00 5.440000000000111413e-03
-2.775339999999999918e+01 9.850713423724001272e-01 0.000000000000000000e+00 0.000000000000000000e+00
-2.775394399999999706e+01 9.850906509547808776e-01 0.000000000000000000e+00 5.440000000000111413e-03
-2.775394399999999706e+01 9.850906509547808776e-01 0.000000000000000000e+00 5.440000000000111413e-03
-2.775339999999999918e+01 9.850713423724001272e-01 0.000000000000000000e+00 0.000000000000000000e+00
-2.775339999999999918e+01 9.850713423724001272e-01 0.000000000000000000e+00 0.000000000000000000e+00
-2.775339999999999918e+01 9.850713423724001272e-01 0.000000000000000000e+00 0.000000000000000000e+00
-2.775339999999999918e+01 9.850713423724001272e-01 0.000000000000000000e+00 0.000000000000000000e+00
-2.775339999999999918e+01 9.850713423724001272e-01 0.000000000000000000e+00 0.000000000000000000e+00
-2.775339999999999918e+01 9.850713423724001272e-01 0.000000000000000000e+00 0.000000000000000000e+00
-2.775394399999999706e+01 9.850906509547808776e-01 0.000000000000000000e+00 5.440000000000111413e-03
-2.775339999999999918e+01 9.850713423724001272e-01 0.000000000000000000e+00 0.000000000000000000e+00
-2.775394399999999706e+01 9.850906509547808776e-01 0.000000000000000000e+00 5.440000000000111413e-03
-2.775448799999999849e+01 9.851099595371618500e-01 0.000000000000000000e+00 7.654368001014316171e-03
-2.775394399999999706e+01 9.850906509547808776e-01 0.000000000000000000e+00 5.440000000000111413e-03
-2.775339999999999918e+01 9.850713423724001272e-01 0.000000000000000000e+00 0.000000000000000000e+00
-2.775339999999999918e+01 9.850713423724001272e-01 0.000000000000000000e+00 0.000000000000000000e+00
-2.775339999999999918e+01 9.850713423724001272e-01 0.000000000000000000e+00 0.000000000000000000e+00
-2.775394399999999706e+01 9.850906509547808776e-01 0.000000000000000000e+00 5.440000000000111413e-03
-2.775394399999999706e+01 9.850906509547808776e-01 0.000000000000000000e+00 5.440000000000111413e-03
-2.775339999999999918e+01 9.850713423724001272e-01 0.000000000000000000e+00 0.000000000000000000e+00
-2.775339999999999918e+01 9.850713423724001272e-01 0.000000000000000000e+00 0.000000000000000000e+00
-2.775339999999999918e+01 9.850713423724001272e-01 0.000000000000000000e+00 0.000000000000000000e+00
-2.775448799999999849e+01 9.851099595371618500e-01 0.000000000000000000e+00 7.654368001014316171e-03
-2.775394399999999706e+01 9.850906509547808776e-01 0.000000000000000000e+00 5.440000000000111413e-03
-2.775339999999999918e+01 9.850713423724001272e-01 0.000000000000000000e+00 0.000000000000000000e+00
-2.775339999999999918e+01 9.850713423724001272e-01 0.000000000000000000e+00 0.000000000000000000e+00
-2.775339999999999918e+01 9.850713423724001272e-01 0.000000000000000000e+00 0.000000000000000000e+00
-2.775339999999999918e+01 9.850713423724001272e-01 0.000000000000000000e+00 0.000000000000000000e+00
-2.775339999999999918e+01 9.850713423724001272e-01 0.000000000000000000e+00 0.000000000000000000e+00
-2.775339999999999918e+01 9.850713423724001272e-01 0.000000000000000000e+00 0.000000000000000000e+00
-2.775394399999999706e+01 9.850906509547808776e-01 0.000000000000000000e+00 5.440000000000111413e-03
-2.775339999999999918e+01 9.850713423724001272e-01 0.000000000000000000e+00 0.000000000000000000e+00
-2.775394399999999706e+01 9.850906509547808776e-01 0.000000000000000000e+00 5.440000000000111413e-03
-2.775339999999999918e+01 9.850713423724001272e-01 0.000000000000000000e+00 0.000000000000000000e+00
-2.775503199999999993e+01 9.851292681195428225e-01 0.000000000000000000e+00 9.326695475078621705e-03
-2.775339999999999918e+01 9.850713423724001272e-01 0.000000000000000000e+00 0.000000000000000000e+00
-2.775394399999999706e+01 9.850906509547808776e-01 0.000000000000000000e+00 5.440000000000111413e-03
-2.775339999999999918e+01 9.850713423724001272e-01 0.000000000000000000e+00 0.000000000000000000e+00
-2.775394399999999706e+01 9.850906509547808776e-01 0.000000000000000000e+00 5.440000000000111413e-03
-2.775339999999999918e+01 9.850713423724001272e-01 0.000000000000000000e+00 0.000000000000000000e+00
-2.775339999999999918e+01 9.850713423724001272e-01 0.000000000000000000e+00 0.000000000000000000e+00
-2.775339999999999918e+01 9.850713423724001272e-01 0.000000000000000000e+00 0.000000000000000000e+00
-2.775339999999999918e+01 9.850713423724001272e-01 0.000000000000000000e+00 0.000000000000000000e+00
-2.775339999999999918e+01 9.850713423724001272e-01 0.000000000000000000e+00 0.000000000000000000e+00
-2.775339999999999918e+01 9.850713423724001272e-01 0.000000000000000000e+00 0.000000000000000000e+00
-2.775339999999999918e+01 9.850713423724001272e-01 0.000000000000000000e+00 0.000000000000000000e+00
-2.775339999999999918e+01 9.850713423724001272e-01 0.000000000000000000e+00 0.000000000000000000e+00
-2.775448799999999849e+01 9.851099595371618500e-01 0.000000000000000000e+00 7.654368001014316171e-03
-2.775339999999999918e+01 9.850713423724001272e-01 0.000000000000000000e+00 0.000000000000000000e+00
-2.775339999999999918e+01 9.850713423724001272e-01 0.000000000000000000e+00 0.000000000000000000e+00
-2.775339999999999918e+01 9.850713423724001272e-01 0.000000000000000000e+00 0.000000000000000000e+00
-2.775394399999999706e+01 9.850906509547808776e-01 0.000000000000000000e+00 5.440000000000111413e-03
-2.775339999999999918e+01 9.850713423724001272e-01 0.000000000000000000e+00 0.000000000000000000e+00
-2.775394399999999706e+01 9.850906509547808776e-01 0.000000000000000000e+00 5.440000000000111413e-03
-2.775339999999999918e+01 9.850713423724001272e-01 0.000000000000000000e+00 0.000000000000000000e+00
-2.775339999999999918e+01 9.850713423724001272e-01 0.000000000000000000e+00 0.000000000000000000e+00
-2.775339999999999918e+01 9.850713423724001272e-01 0.000000000000000000e+00 0.000000000000000000e+00
-2.775339999999999918e+01 9.850713423724001272e-01 0.000000000000000000e+00 0.000000000000000000e+00
-2.775339999999999918e+01 9.850713423724001272e-01 0.000000000000000000e+00 0.000000000000000000e+00
-2.775339999999999918e+01 9.850713423724001272e-01 0.000000000000000000e+00 0.000000000000000000e+00
-2.775339999999999918e+01 9.850713423724001272e-01 0.000000000000000000e+00 0.000000000000000000e+00
-2.775339999999999918e+01 9.850713423724001272e-01 0.000000000000000000e+00 0.000000000000000000e+00
-2.775448799999999849e+01 9.851099595371618500e-01 0.000000000000000000e+00 7.654368001014316171e-03
-2.775394399999999706e+01 9.850906509547808776e-01 0.000000000000000000e+00 5.440000000000111413e-03
-2.775339999999999918e+01 9.850713423724001272e-01 0.000000000000000000e+00 0.000000000000000000e+00
-2.775339999999999918e+01 9.850713423724001272e-01 0.000000000000000000e+00 0.000000000000000000e+00
-2.775339999999999918e+01 9.850713423724001272e-01 0.000000000000000000e+00 0.000000000000000000e+00
-2.775339999999999918e+01 9.850713423724001272e-01 0.000000000000000000e+00 0.000000000000000000e+00
-2.775339999999999918e+01 9.850713423724001272e-01 0.000000000000000000e+00 0.000000000000000000e+00
-2.775339999999999918e+01 9.850713423724001272e-01 0.000000000000000000e+00 0.000000000000000000e+00
-2.775394399999999706e+01 9.850906509547808776e-01 0.000000000000000000e+00 5.440000000000111413e-03
-2.775339999999999918e+01 9.850713423724001272e-01 0.000000000000000000e+00 0.000000000000000000e+00
-2.775394399999999706e+01 9.850906509547808776e-01 0.000000000000000000e+00 5.440000000000111413e-03
-2.775339999999999918e+01 9.850713423724001272e-01 0.000000000000000000e+00 0.000000000000000000e+00
-2.775394399999999706e+01 9.850906509547808776e-01 0.000000000000000000e+00 5.440000000000111413e-03
-2.775339999999999918e+01 9.850713423724001272e-01 0.000000000000000000e+00 0.000000000000000000e+00
-2.775339999999999918e+01 9.850713423724001272e-01 0.000000000000000000e+00 0.000000000000000000e+00
-2.775339999999999918e+01 9.850713423724001272e-01 0.000000000000000000e+00 0.000000000000000000e+00
-2.775339999999999918e+01 9.850713423724001272e-01 0.000000000000000000e+00 0.000000000000000000e+00
-2.775394399999999706e+01 9.850906509547808776e-01 0.000000000000000000e+00 5.440000000000111413e-03
-2.775339999999999918e+01 9.850713423724001272e-01 0.000000000000000000e+00 0.000000000000000000e+00
-2.775339999999999918e+01 9.850713423724001272e-01 0.000000000000000000e+00 0.000000000000000000e+00
-2.775339999999999918e+01 9.850713423724001272e-01 0.000000000000000000e+00 0.000000000000000000e+00
-2.775339999999999918e+01 9.850713423724001272e-01 0.000000000000000000e+00 0.000000000000000000e+00
-2.775339999999999918e+01 9.850713423724001272e-01 0.000000000000000000e+00 0.000000000000000000e+00
-2.775339999999999918e+01 9.850713423724001272e-01 0.000000000000000000e+00 0.000000000000000000e+00
-2.775339999999999918e+01 9.850713423724001272e-01 0.000000000000000000e+00 0.000000000000000000e+00
-2.775394399999999706e+01 9.850906509547808776e-01 0.000000000000000000e+00 5.440000000000111413e-03
-2.775339999999999918e+01 9.850713423724001272e-01 0.000000000000000000e+00 0.000000000000000000e+00
-2.775339999999999918e+01 9.850713423724001272e-01 0.000000000000000000e+00 0.000000000000000000e+00
-2.775339999999999918e+01 9.850713423724001272e-01 0.000000000000000000e+00 0.000000000000000000e+00
-2.775339999999999918e+01 9.850713423724001272e-01 0.000000000000000000e+00 0.000000000000000000e+00
-2.775394399999999706e+01 9.850906509547808776e-01 0.000000000000000000e+00 5.440000000000111413e-03
-2.775339999999999918e+01 9.850713423724001272e-01 0.000000000000000000e+00 0.000000000000000000e+00
-2.775394399999999706e+01 9.850906509547808776e-01 0.000000000000000000e+00 5.440000000000111413e-03
-2.775339999999999918e+01 9.850713423724001272e-01 0.000000000000000000e+00 0.000000000000000000e+00
-2.775394399999999706e+01 9.850906509547808776e-01 0.000000000000000000e+00 5.440000000000111413e-03
-2.775339999999999918e+01 9.850713423724001272e-01 0.000000000000000000e+00 0.000000000000000000e+00
-2.775339999999999918e+01 9.850713423724001272e-01 0.000000000000000000e+00 0.000000000000000000e+00
-2.775339999999999918e+01 9.850713423724001272e-01 0.000000000000000000e+00 0.000000000000000000e+00
-2.775339999999999918e+01 9.850713423724001272e-01 0.000000000000000000e+00 0.000000000000000000e+00
-2.775394399999999706e+01 9.850906509547808776e-01 0.000000000000000000e+00 5.440000000000111413e-03
-2.775394399999999706e+01 9.850906509547808776e-01 0.000000000000000000e+00 5.440000000000111413e-03
-2.775339999999999918e+01 9.850713423724001272e-01 0.000000000000000000e+00 0.000000000000000000e+00
-2.775448799999999849e+01 9.851099595371618500e-01 0.000000000000000000e+00 7.654368001014316171e-03
-2.775394399999999706e+01 9.850906509547808776e-01 0.000000000000000000e+00 5.440000000000111413e-03
-2.775339999999999918e+01 9.850713423724001272e-01 0.000000000000000000e+00 0.000000000000000000e+00
-2.775339999999999918e+01 9.850713423724001272e-01 0.000000000000000000e+00 0.000000000000000000e+00
-2.775339999999999918e+01 9.850713423724001272e-01 0.000000000000000000e+00 0.000000000000000000e+00
-2.775394399999999706e+01 9.850906509547808776e-01 0.000000000000000000e+00 5.440000000000111413e-03
-2.775339999999999918e+01 9.850713423724001272e-01 0.000000000000000000e+00 0.000000000000000000e+00
-2.775339999999999918e+01 9.850713423724001272e-01 0.000000000000000000e+00 0.000000000000000000e+00
-2.775339999999999918e+01 9.850713423724001272e-01 0.000000000000000000e+00 0.000000000000000000e+00
-2.775339999999999918e+01 9.850713423724001272e-01 0.000000000000000000e+00 0.000000000000000000e+00
-2.775394399999999706e+01 9.850906509547808776e-01 0.000000000000000000e+00 5.440000000000111413e-03
-2.775394399999999706e+01 9.850906509547808776e-01 0.000000000000000000e+00 5.440000000000111413e-03
-2.775339999999999918e+01 9.850713423724001272e-01 0.000000000000000000e+00 0.000000000000000000e+00
-2.775448799999999849e+01 9.851099595371618500e-01 0.000000000000000000e+00 7.654368001014316171e-03
-2.775339999999999918e+01 9.850713423724001272e-01 0.000000000000000000e+00 0.000000000000000000e+00
-2.775394399999999706e+01 9.850906509547808776e-01 0.000000000000000000e+00 5.440000000000111413e-03
-2.775339999999999918e+01 9.850713423724001272e-01 0.000000000000000000e+00 0.000000000000000000e+00
-2.775339999999999918e+01 9.850713423724001272e-01 0.000000000000000000e+00 0.000000000000000000e+00
-2.775339999999999918e+01 9.850713423724001272e-01 0.000000000000000000e+00 0.000000000000000000e+00
-2.775339999999999918e+01 9.850713423724001272e-01 0.000000000000000000e+00 0.000000000000000000e+00
-2.775394399999999706e+01 9.850906509547808776e-01 0.000000000000000000e+00 5.440000000000111413e-03
-2.775339999999999918e+01 9.850713423724001272e-01 0.000000000000000000e+00 0.000000000000000000e+00
-2.775339999999999918e+01 9.850713423724001272e-01 0.000000000000000000e+00 0.000000000000000000e+00
-2.775339999999999918e+01 9.850713423724001272e-01 0.000000000000000000e+00 0.000000000000000000e+00
-2.775339999999999918e+01 9.850713423724001272e-01 0.000000000000000000e+00 0.000000000000000000e+00
-2.775394399999999706e+01 9.850906509547808776e-01 0.000000000000000000e+00 5.440000000000111413e-03
-2.775394399999999706e+01 9.850906509547808776e-01 0.000000000000000000e+00 5.440000000000111413e-03
-2.775339999999999918e+01 9.850713423724001272e-01 0.000000000000000000e+00 0.000000000000000000e+00
-2.775339999999999918e+01 9.850713423724001272e-01 0.000000000000000000e+00 0.000000000000000000e+00
-2.775394399999999706e+01 9.850906509547808776e-01 0.000000000000000000e+00 5.440000000000111413e-03
-2.775339999999999918e+01 9.850713423724001272e-01 0.000000000000000000e+00 0.000000000000000000e+00
-2.775339999999999918e+01 9.850713423724001272e-01 0.000000000000000000e+00 0.000000000000000000e+00
-2.775339999999999918e+01 9.850713423724001272e-01 0.000000000000000000e+00 0.000000000000000000e+00
-2.775339999999999918e+01 9.850713423724001272e-01 0.000000000000000000e+00 0.000000000000000000e+00
-2.775339999999999918e+01 9.850713423724001272e-01 0.000000000000000000e+00 0.000000000000000000e+00
-2.775339999999999918e+01 9.850713423724001272e-01 0.000000000000000000e+00 0.000000000000000000e+00
-2.775339999999999918e+01 9.850713423724001272e-01 0.000000000000000000e+00 0.000000000000000000e+00
-2.775394399999999706e+01 9.850906509547808776e-01 0.000000000000000000e+00 5.440000000000111413e-03
-2.775339999999999918e+01 9.850713423724001272e-01 0.000000000000000000e+00 0.000000000000000000e+00
-2.775394399999999706e+01 9.850906509547808776e-01 0.000000000000000000e+00 5.440000000000111413e-03
-2.775339999999999918e+01 9.850713423724001272e-01 0.000000000000000000e+00 0.000000000000000000e+00
-2.775339999999999918e+01 9.850713423724001272e-01 0.000000000000000000e+00 0.000000000000000000e+00
-2.775339999999999918e+01 9.850713423724001272e-01 0.000000000000000000e+00 0.000000000000000000e+00
-2.775339999999999918e+01 9.850713423724001272e-01 0.000000000000000000e+00 0.000000000000000000e+00
-2.775394399999999706e+01 9.850906509547808776e-01 0.000000000000000000e+00 5.440000000000111413e-03
-2.775339999999999918e+01 9.850713423724001272e-01 0.000000000000000000e+00 0.000000000000000000e+00
-2.775339999999999918e+01 9.850713423724001272e-01 0.000000000000000000e+00 0.000000000000000000e+00
-2.775394399999999706e+01 9.850906509547808776e-01 0.000000000000000000e+00 5.440000000000111413e-03
-2.775339999999999918e+01 9.850713423724001272e-01 0.000000000000000000e+00 0.000000000000000000e+00
-2.775394399999999706e+01 9.850906509547808776e-01 0.000000000000000000e+00 5.440000000000111413e-03
-2.775339999999999918e+01 9.850713423724001272e-01 0.000000000000000000e+00 0.000000000000000000e+00
-2.775394399999999706e+01 9.850906509547808776e-01 0.000000000000000000e+00 5.440000000000111413e-03
-2.775339999999999918e+01 9.850713423724001272e-01 0.000000000000000000e+00 0.000000000000000000e+00
-2.775339999999999918e+01 9.850713423724001272e-01 0.000000000000000000e+00 0.000000000000000000e+00
-2.775394399999999706e+01 9.850906509547808776e-01 0.000000000000000000e+00 5.440000000000111413e-03
-2.775339999999999918e+01 9.850713423724001272e-01 0.000000000000000000e+00 0.000000000000000000e+00
-2.775339999999999918e+01 9.850713423724001272e-01 0.000000000000000000e+00 0.000000000000000000e+00
-2.775339999999999918e+01 9.850713423724001272e-01 0.000000000000000000e+00 0.000000000000000000e+00
-2.775339999999999918e+01 9.850713423724001272e-01 0.000000000000000000e+00 0.000000000000000000e+00
-2.775394399999999706e+01 9.850906509547808776e-01 0.000000000000000000e+00 5.440000000000111413e-03
-2.775394399999999706e+01 9.850906509547808776e-01 0.000000000000000000e+00 5.440000000000111413e-03
-2.775394399999999706e+01 9.850906509547808776e-01 0.000000000000000000e+00 5.440000000000111413e-03
-2.775394399999999706e+01 9.850906509547808776e-01 0.000000000000000000e+00 5.440000000000111413e-03
-2.775339999999999918e+01 9.850713423724001272e-01 0.000000000000000000e+00 0.000000000000000000e+00
-2.775394399999999706e+01 9.850906509547808776e-01 0.000000000000000000e+00 5.440000000000111413e-03
-2.775339999999999918e+01 9.850713423724001272e-01 0.000000000000000000e+00 0.000000000000000000e+00
-2.775339999999999918e+01 9.850713423724001272e-01 0.000000000000000000e+00 0.000000000000000000e+00
-2.775339999999999918e+01 9.850713423724001272e-01 0.000000000000000000e+00 0.000000000000000000e+00
-2.775339999999999918e+01 9.850713423724001272e-01 0.000000000000000000e+00 0.000000000000000000e+00
-2.775394399999999706e+01 9.850906509547808776e-01 0.000000000000000000e+00 5.440000000000111413e-03
-2.775339999999999918e+01 9.850713423724001272e-01 0.000000000000000000e+00 0.000000000000000000e+00
-2.775394399999999706e+01 9.850906509547808776e-01 0.000000000000000000e+00 5.440000000000111413e-03
-2.775339999999999918e+01 9.850713423724001272e-01 0.000000000000000000e+00 0.000000000000000000e+00
-2.775339999999999918e+01 9.850713423724001272e-01 0.000000000000000000e+00 0.000000000000000000e+00
-2.775339999999999918e+01 9.850713423724001272e-01 0.000000000000000000e+00 0.000000000000000000e+00
-2.775394399999999706e+01 9.850906509547808776e-01 0.000000000000000000e+00 5.440000000000111413e-03
-2.775339999999999918e+01 9.850713423724001272e-01 0.000000000000000000e+00 0.000000000000000000e+00
-2.775339999999999918e+01 9.850713423724001272e-01 0.000000000000000000e+00 0.000000000000000000e+00
-2.775448799999999849e+01 9.851099595371618500e-01 0.000000000000000000e+00 7.654368001014316171e-03
-2.775339999999999918e+01 9.850713423724001272e-01 0.000000000000000000e+00 0.000000000000000000e+00
-2.775394399999999706e+01 9.850906509547808776e-01 0.000000000000000000e+00 5.440000000000111413e-03
-2.775339999999999918e+01 9.850713423724001272e-01 0.000000000000000000e+00 0.000000000000000000e+00
-2.775339999999999918e+01 9.850713423724001272e-01 0.000000000000000000e+00 0.000000000000000000e+00
-2.775339999999999918e+01 9.850713423724001272e-01 0.000000000000000000e+00 0.000000000000000000e+00
-2.775394399999999706e+01 9.850906509547808776e-01 0.000000000000000000e+00 5.440000000000111413e-03
-2.775339999999999918e+01 9.850713423724001272e-01 0.000000000000000000e+00 0.000000000000000000e+00
-2.775448799999999849e+01 9.851099595371618500e-01 0.000000000000000000e+00 7.654368001014316171e-03
-2.775339999999999918e+01 9.850713423724001272e-01 0.000000000000000000e+00 0.000000000000000000e+00
-2.775339999999999918e+01 9.850713423724001272e-01 0.000000000000000000e+00 0.000000000000000000e+00
-2.775339999999999918e+01 9.850713423724001272e-01 0.000000000000000000e+00 0.000000000000000000e+00
-2.775339999999999918e+01 9.850713423724001272e-01 0.000000000000000000e+00 0.000000000000000000e+00
-2.775339999999999918e+01 9.850713423724001272e-01 0.000000000000000000e+00 0.000000000000000000e+00
-2.775394399999999706e+01 9.850906509547808776e-01 0.000000000000000000e+00 5.440000000000111413e-03
-2.775339999999999918e+01 9.850713423724001272e-01 0.000000000000000000e+00 0.000000000000000000e+00
-2.775394399999999706e+01 9.850906509547808776e-01 0.000000000000000000e+00 5.440000000000111413e-03
-2.775448799999999849e+01 9.851099595371618500e-01 0.000000000000000000e+00 7.654368001014316171e-03
-2.775339999999999918e+01 9.850713423724001272e-01 0.000000000000000000e+00 0.000000000000000000e+00
-2.775339999999999918e+01 9.850713423724001272e-01 0.000000000000000000e+00 0.000000000000000000e+00
-2.775339999999999918e+01 9.850713423724001272e-01 0.000000000000000000e+00 0.000000000000000000e+00
-2.775394399999999706e+01 9.850906509547808776e-01 0.000000000000000000e+00 5.440000000000111413e-03
-2.775339999999999918e+01 9.850713423724001272e-01 0.000000000000000000e+00 0.000000000000000000e+00
-2.775339999999999918e+01 9.850713423724001272e-01 0.000000000000000000e+00 0.000000000000000000e+00
-2.775339999999999918e+01 9.850713423724001272e-01 0.000000000000000000e+00 0.000000000000000000e+00
-2.775339999999999918e+01 9.850713423724001272e-01 0.000000000000000000e+00 0.000000000000000000e+00
-2.775394399999999706e+01 9.850906509547808776e-01 0.000000000000000000e+00 5.440000000000111413e-03
-2.775394399999999706e+01 9.850906509547808776e-01 0.000000000000000000e+00 5.440000000000111413e-03
-2.775394399999999706e+01 9.850906509547808776e-01 0.000000000000000000e+00 5.440000000000111413e-03
-2.775339999999999918e+01 9.850713423724001272e-01 0.000000000000000000e+00 0.000000000000000000e+00
-2.775339999999999918e+01 9.850713423724001272e-01 0.000000000000000000e+00 0.000000000000000000e+00
-2.775339999999999918e+01 9.850713423724001272e-01 0.000000000000000000e+00 0.000000000000000000e+00
-2.775339999999999918e+01 9.850713423724001272e-01 0.000000000000000000e+00 0.000000000000000000e+00
-2.775448799999999849e+01 9.851099595371618500e-01 0.000000000000000000e+00 7.654368001014316171e-03
-2.775394399999999706e+01 9.850906509547808776e-01 0.000000000000000000e+00 5.440000000000111413e-03
-2.775339999999999918e+01 9.850713423724001272e-01 0.000000000000000000e+00 0.000000000000000000e+00
-2.775339999999999918e+01 9.850713423724001272e-01 0.000000000000000000e+00 0.000000000000000000e+00
-2.775339999999999918e+01 9.850713423724001272e-01 0.000000000000000000e+00 0.000000000000000000e+00
-2.775394399999999706e+01 9.850906509547808776e-01 0.000000000000000000e+00 5.440000000000111413e-03
-2.775339999999999918e+01 9.850713423724001272e-01 0.000000000000000000e+00 0.000000000000000000e+00
-2.775339999999999918e+01 9.850713423724001272e-01 0.000000000000000000e+00 0.000000000000000000e+00
-2.775394399999999706e+01 9.850906509547808776e-01 0.000000000000000000e+00 5.440000000000111413e-03
-2.775394399999999706e+01 9.850906509547808776e-01 0.000000000000000000e+00 5.440000000000111413e-03
-2.775394399999999706e+01 9.850906509547808776e-01 0.000000000000000000e+00 5.440000000000111413e-03
-2.775448799999999849e+01 9.851099595371618500e-01 0.000000000000000000e+00 7.654368001014316171e-03
-2.775448799999999849e+01 9.851099595371618500e-01 0.000000000000000000e+00 7.654368001014316171e-03
-2.775394399999999706e+01 9.850906509547808776e-01 0.000000000000000000e+00 5.440000000000111413e-03
-2.775394399999999706e+01 9.850906509547808776e-01 0.000000000000000000e+00 5.440000000000111413e-03
-2.775339999999999918e+01 9.850713423724001272e-01 0.000000000000000000e+00 0.000000000000000000e+00
-2.775339999999999918e+01 9.850713423724001272e-01 0.000000000000000000e+00 0.000000000000000000e+00
-2.775394399999999706e+01 9.850906509547808776e-01 0.000000000000000000e+00 5.440000000000111413e-03
-2.775339999999999918e+01 9.850713423724001272e-01 0.000000000000000000e+00 0.000000000000000000e+00
-2.775394399999999706e+01 9.850906509547808776e-01 0.000000000000000000e+00 5.440000000000111413e-03
-2.775339999999999918e+01 9.850713423724001272e-01 0.000000000000000000e+00 0.000000000000000000e+00
-2.775339999999999918e+01 9.850713423724001272e-01 0.000000000000000000e+00 0.000000000000000000e+00
-2.775339999999999918e+01 9.850713423724001272e-01 0.000000000000000000e+00 0.000000000000000000e+00
-2.775339999999999918e+01 9.850713423724001272e-01 0.000000000000000000e+00 0.000000000000000000e+00
-2.775339999999999918e+01 9.850713423724001272e-01 0.000000000000000000e+00 0.000000000000000000e+00
-2.775339999999999918e+01 9.850713423724001272e-01 0.000000000000000000e+00 0.000000000000000000e+00
-2.775339999999999918e+01 9.850713423724001272e-01 0.000000000000000000e+00 0.000000000000000000e+00
-2.775339999999999918e+01 9.850713423724001272e-01 0.000000000000000000e+00 0.000000000000000000e+00
-2.775339999999999918e+01 9.850713423724001272e-01 0.000000000000000000e+00 0.000000000000000000e+00
-2.775339999999999918e+01 9.850713423724001272e-01 0.000000000000000000e+00 0.000000000000000000e+00
-2.775339999999999918e+01 9.850713423724001272e-01 0.000000000000000000e+00 0.000000000000000000e+00
-2.775339999999999918e+01 9.850713423724001272e-01 0.000000000000000000e+00 0.000000000000000000e+00
-2.775394399999999706e+01 9.850906509547808776e-01 0.000000000000000000e+00 5.440000000000111413e-03
-2.775339999999999918e+01 9.850713423724001272e-01 0.000000000000000000e+00 0.000000000000000000e+00
-2.775394399999999706e+01 9.850906509547808776e-01 0.000000000000000000e+00 5.440000000000111413e-03
-2.775339999999999918e+01 9.850713423724001272e-01 0.000000000000000000e+00 0.000000000000000000e+00
-2.775339999999999918e+01 9.850713423724001272e-01 0.000000000000000000e+00 0.000000000000000000e+00
-2.775339999999999918e+01 9.850713423724001272e-01 0.000000000000000000e+00 0.000000000000000000e+00
-2.775448799999999849e+01 9.851099595371618500e-01 0.000000000000000000e+00 7.654368001014316171e-03
-2.775394399999999706e+01 9.850906509547808776e-01 0.000000000000000000e+00 5.440000000000111413e-03
-2.775394399999999706e+01 9.850906509547808776e-01 0.000000000000000000e+00 5.440000000000111413e-03
-2.775448799999999849e+01 9.851099595371618500e-01 0.000000000000000000e+00 7.654368001014316171e-03
-2.775394399999999706e+01 9.850906509547808776e-01 0.000000000000000000e+00 5.440000000000111413e-03
-2.775339999999999918e+01 9.850713423724001272e-01 0.000000000000000000e+00 0.000000000000000000e+00
-2.775339999999999918e+01 9.850713423724001272e-01 0.000000000000000000e+00 0.000000000000000000e+00
-2.775339999999999918e+01 9.850713423724001272e-01 0.000000000000000000e+00 0.000000000000000000e+00
-2.775339999999999918e+01 9.850713423724001272e-01 0.000000000000000000e+00 0.000000000000000000e+00
-2.775394399999999706e+01 9.850906509547808776e-01 0.000000000000000000e+00 5.440000000000111413e-03
-2.775339999999999918e+01 9.850713423724001272e-01 0.000000000000000000e+00 0.000000000000000000e+00
-2.775339999999999918e+01 9.850713423724001272e-01 0.000000000000000000e+00 0.000000000000000000e+00
-2.775339999999999918e+01 9.850713423724001272e-01 0.000000000000000000e+00 0.000000000000000000e+00
-2.775339999999999918e+01 9.850713423724001272e-01 0.000000000000000000e+00 0.000000000000000000e+00
-2.775339999999999918e+01 9.850713423724001272e-01 0.000000000000000000e+00 0.000000000000000000e+00
-2.775339999999999918e+01 9.850713423724001272e-01 0.000000000000000000e+00 0.000000000000000000e+00
-2.775394399999999706e+01 9.850906509547808776e-01 0.000000000000000000e+00 5.440000000000111413e-03
-2.775339999999999918e+01 9.850713423724001272e-01 0.000000000000000000e+00 0.000000000000000000e+00
-2.775339999999999918e+01 9.850713423724001272e-01 0.000000000000000000e+00 0.000000000000000000e+00
-2.775339999999999918e+01 9.850713423724001272e-01 0.000000000000000000e+00 0.000000000000000000e+00
-2.775339999999999918e+01 9.850713423724001272e-01 0.000000000000000000e+00 0.000000000000000000e+00
-2.775339999999999918e+01 9.850713423724001272e-01 0.000000000000000000e+00 0.000000000000000000e+00
-2.775339999999999918e+01 9.850713423724001272e-01 0.000000000000000000e+00 0.000000000000000000e+00
-2.775339999999999918e+01 9.850713423724001272e-01 0.000000000000000000e+00 0.000000000000000000e+00
-2.775339999999999918e+01 9.850713423724001272e-01 0.000000000000000000e+00 0.000000000000000000e+00
-2.775394399999999706e+01 9.850906509547808776e-01 0.000000000000000000e+00 5.440000000000111413e-03
-2.775339999999999918e+01 9.850713423724001272e-01 0.000000000000000000e+00 0.000000000000000000e+00
-2.775339999999999918e+01 9.850713423724001272e-01 0.000000000000000000e+00 0.000000000000000000e+00
-2.775394399999999706e+01 9.850906509547808776e-01 0.000000000000000000e+00 5.440000000000111413e-03
-2.775339999999999918e+01 9.850713423724001272e-01 0.000000000000000000e+00 0.000000000000000000e+00
-2.775339999999999918e+01 9.850713423724001272e-01 0.000000000000000000e+00 0.000000000000000000e+00
-2.775339999999999918e+01 9.850713423724001272e-01 0.000000000000000000e+00 0.000000000000000000e+00
-2.775339999999999918e+01 9.850713423724001272e-01 0.000000000000000000e+00 0.000000000000000000e+00
-2.775394399999999706e+01 9.850906509547808776e-01 0.000000000000000000e+00 5.440000000000111413e-03
-2.775339999999999918e+01 9.850713423724001272e-01 0.000000000000000000e+00 0.000000000000000000e+00
-2.775339999999999918e+01 9.850713423724001272e-01 0.000000000000000000e+00 0.000000000000000000e+00
-2.775339999999999918e+01 9.850713423724001272e-01 0.000000000000000000e+00 0.000000000000000000e+00
-2.775339999999999918e+01 9.850713423724001272e-01 0.000000000000000000e+00 0.000000000000000000e+00
-2.775339999999999918e+01 9.850713423724001272e-01 0.000000000000000000e+00 0.000000000000000000e+00
-2.775448799999999849e+01 9.851099595371618500e-01 0.000000000000000000e+00 7.654368001014316171e-03
-2.775339999999999918e+01 9.850713423724001272e-01 0.000000000000000000e+00 0.000000000000000000e+00
-2.775339999999999918e+01 9.850713423724001272e-01 0.000000000000000000e+00 0.000000000000000000e+00
-2.775394399999999706e+01 9.850906509547808776e-01 0.000000000000000000e+00 5.440000000000111413e-03
-2.775339999999999918e+01 9.850713423724001272e-01 0.000000000000000000e+00 0.000000000000000000e+00
-2.775394399999999706e+01 9.850906509547808776e-01 0.000000000000000000e+00 5.440000000000111413e-03
-2.775339999999999918e+01 9.850713423724001272e-01 0.000000000000000000e+00 0.000000000000000000e+00
-2.775339999999999918e+01 9.850713423724001272e-01 0.000000000000000000e+00 0.000000000000000000e+00
-2.775448799999999849e+01 9.851099595371618500e-01 0.000000000000000000e+00 7.654368001014316171e-03
-2.775448799999999849e+01 9.851099595371618500e-01 0.000000000000000000e+00 7.654368001014316171e-03
-2.775339999999999918e+01 9.850713423724001272e-01 0.000000000000000000e+00 0.000000000000000000e+00
-2.775339999999999918e+01 9.850713423724001272e-01 0.000000000000000000e+00 0.000000000000000000e+00
-2.775339999999999918e+01 9.850713423724001272e-01 0.000000000000000000e+00 0.000000000000000000e+00
-2.775394399999999706e+01 9.850906509547808776e-01 0.000000000000000000e+00 5.440000000000111413e-03
-2.775394399999999706e+01 9.850906509547808776e-01 0.000000000000000000e+00 5.440000000000111413e-03
-2.775394399999999706e+01 9.850906509547808776e-01 0.000000000000000000e+00 5.440000000000111413e-03
-2.775339999999999918e+01 9.850713423724001272e-01 0.000000000000000000e+00 0.000000000000000000e+00
-2.775394399999999706e+01 9.850906509547808776e-01 0.000000000000000000e+00 5.440000000000111413e-03
-2.775339999999999918e+01 9.850713423724001272e-01 0.000000000000000000e+00 0.000000000000000000e+00
-2.775394399999999706e+01 9.850906509547808776e-01 0.000000000000000000e+00 5.440000000000111413e-03
-2.775339999999999918e+01 9.850713423724001272e-01 0.000000000000000000e+00 0.000000000000000000e+00
-2.775339999999999918e+01 9.850713423724001272e-01 0.000000000000000000e+00 0.000000000000000000e+00
-2.775394399999999706e+01 9.850906509547808776e-01 0.000000000000000000e+00 5.440000000000111413e-03
-2.775339999999999918e+01 9.850713423724001272e-01 0.000000000000000000e+00 0.000000000000000000e+00
-2.775339999999999918e+01 9.850713423724001272e-01 0.000000000000000000e+00 0.000000000000000000e+00
-2.775394399999999706e+01 9.850906509547808776e-01 0.000000000000000000e+00 5.440000000000111413e-03
-2.775394399999999706e+01 9.850906509547808776e-01 0.000000000000000000e+00 5.440000000000111413e-03
-2.775339999999999918e+01 9.850713423724001272e-01 0.000000000000000000e+00 0.000000000000000000e+00
-2.775339999999999918e+01 9.850713423724001272e-01 0.000000000000000000e+00 0.000000000000000000e+00
-2.775339999999999918e+01 9.850713423724001272e-01 0.000000000000000000e+00 0.000000000000000000e+00
-2.775394399999999706e+01 9.850906509547808776e-01 0.000000000000000000e+00 5.440000000000111413e-03
-2.775339999999999918e+01 9.850713423724001272e-01 0.000000000000000000e+00 0.000000000000000000e+00
-2.775339999999999918e+01 9.850713423724001272e-01 0.000000000000000000e+00 0.000000000000000000e+00
-2.775394399999999706e+01 9.850906509547808776e-01 0.000000000000000000e+00 5.440000000000111413e-03
-2.775339999999999918e+01 9.850713423724001272e-01 0.000000000000000000e+00 0.000000000000000000e+00
-2.775339999999999918e+01 9.850713423724001272e-01 0.000000000000000000e+00 0.000000000000000000e+00
-2.775339999999999918e+01 9.850713423724001272e-01 0.000000000000000000e+00 0.000000000000000000e+00
-2.775339999999999918e+01 9.850713423724001272e-01 0.000000000000000000e+00 0.000000000000000000e+00
-2.775339999999999918e+01 9.850713423724001272e-01 0.000000000000000000e+00 0.000000000000000000e+00
-2.775339999999999918e+01 9.850713423724001272e-01 0.000000000000000000e+00 0.000000000000000000e+00
-2.775394399999999706e+01 9.850906509547808776e-01 0.000000000000000000e+00 5.440000000000111413e-03
-2.775339999999999918e+01 9.850713423724001272e-01 0.000000000000000000e+00 0.000000000000000000e+00
-2.775339999999999918e+01 9.850713423724001272e-01 0.000000000000000000e+00 0.000000000000000000e+00
