-2.201477200000000067e+01 2.995647251568938074e-01 0.000000000000000000e+00 2.142556131677743725e+00
-2.197724800000001011e+01 2.990541195168815447e-01 0.000000000000000000e+00 2.715308137600072058e+00
-2.259022200000000069e+01 3.073951274472984108e-01 0.000000000000000000e+00 2.318305673171375592e+00
-2.215459000000001666e+01 3.014672904317916013e-01 0.000000000000000000e+00 2.552192099159093619e+00
-2.234413400000001104e+01 3.040464993495644586e-01 0.000000000000000000e+00 2.444863919958563336e+00
-2.254957800000000390e+01 3.068420665893764609e-01 0.000000000000000000e+00 2.612217308994429832e+00
-2.306119600000001313e+01 3.138038786651645706e-01 0.000000000000000000e+00 2.499677766219744690e+00
-2.285337000000001595e+01 3.109758984993715725e-01 0.000000000000000000e+00 2.466665657391275523e+00
-2.253048600000001400e+01 3.065822733136299716e-01 0.000000000000000000e+00 2.642002620947781821e+00
-2.139994600000000702e+01 2.911985162445639430e-01 0.000000000000000000e+00 2.095254251413094071e+00
-2.258484200000000897e+01 3.073219194112877806e-01 0.000000000000000000e+00 2.583884952296256809e+00
-2.195348200000001171e+01 2.987307250589203989e-01 0.000000000000000000e+00 2.370558390528495263e+00
-2.237160200000001353e+01 3.044202685564683653e-01 0.000000000000000000e+00 2.343718060834713235e+00
-2.229556600000001509e+01 3.033856131241055021e-01 0.000000000000000000e+00 2.394053607672159245e+00
-2.321100200000000768e+01 3.158423550671392577e-01 0.000000000000000000e+00 3.005091829383298663e+00
-2.269759000000000526e+01 3.088561312410532111e-01 0.000000000000000000e+00 2.546527141089022006e+00
-2.211649800000001065e+01 3.009489557649288605e-01 0.000000000000000000e+00 2.198993329923141005e+00
-2.257348600000000971e+01 3.071673933040502402e-01 0.000000000000000000e+00 3.360786210115878525e+00
-2.240436600000001377e+01 3.048661027742853857e-01 0.000000000000000000e+00 3.217304579114622864e+00
-2.236317600000002059e+01 3.043056122532293295e-01 0.000000000000000000e+00 2.528355680335911071e+00
-2.190607200000000532e+01 2.980855962508777712e-01 0.000000000000000000e+00 2.531102726029335059e+00
-2.286654400000000464e+01 3.111551629355062687e-01 0.000000000000000000e+00 2.759295119194777879e+00
-2.153167400000001308e+01 2.929909973166127113e-01 0.000000000000000000e+00 2.208122392240781551e+00
-2.250419800000001302e+01 3.062245608878585434e-01 0.000000000000000000e+00 2.488355276932613602e+00
-2.259202000000002286e+01 3.074195936273632634e-01 0.000000000000000000e+00 3.030960152103019833e+00
-2.229358400000000628e+01 3.033586431747795076e-01 0.000000000000000000e+00 2.567606909981716257e+00
-2.255433600000000993e+01 3.069068107966886338e-01 0.000000000000000000e+00 2.285887381988744416e+00
-2.200373200000001361e+01 2.994144990012139740e-01 0.000000000000000000e+00 2.442224843961056546e+00
-2.214860600000000801e+01 3.013858635010315812e-01 0.000000000000000000e+00 2.445545811041581974e+00
-2.238225800000001442e+01 3.045652694545595285e-01 0.000000000000000000e+00 2.363299660792729462e+00
-2.231575600000002169e+01 3.036603473707704115e-01 0.000000000000000000e+00 2.332083335063480867e+00
-2.212508800000000875e+01 3.010658436885965683e-01 0.000000000000000000e+00 2.180556796342798087e+00
-2.144367400000001567e+01 2.917935424524966681e-01 0.000000000000000000e+00 2.470312903037412688e+00
-2.218304400000000953e+01 3.018544765761501103e-01 0.000000000000000000e+00 2.525626608611267532e+00
-2.251612400000000846e+01 3.063868432368294648e-01 0.000000000000000000e+00 2.334009465290285412e+00
-2.191958000000001761e+01 2.982694055725197413e-01 0.000000000000000000e+00 2.722671904619067718e+00
-2.244478400000001272e+01 3.054160883503972412e-01 0.000000000000000000e+00 2.621195045472213714e+00
-2.220363200000000958e+01 3.021346265845867296e-01 0.000000000000000000e+00 2.148950711435182459e+00
-2.220171200000000766e+01 3.021085002966423239e-01 0.000000000000000000e+00 2.632313460551767736e+00
-2.195961400000001618e+01 2.988141658910427045e-01 0.000000000000000000e+00 2.625627206608898589e+00
-2.201526600000001466e+01 2.995714472330630040e-01 0.000000000000000000e+00 2.937796653242362055e+00
-2.240326200000001222e+01 3.048510801587173691e-01 0.000000000000000000e+00 2.588520454387764236e+00
-2.242982600000000915e+01 3.052125482383807320e-01 0.000000000000000000e+00 2.363817961107954169e+00
-2.210513400000001383e+01 3.007943207981583211e-01 0.000000000000000000e+00 2.323746459692479505e+00
-2.226039200000001728e+01 3.029069849719416840e-01 0.000000000000000000e+00 2.468938587781880134e+00
-2.275199800000000749e+01 3.095964849256762630e-01 0.000000000000000000e+00 2.273220263338448177e+00
-2.212210400000000732e+01 3.010252390827496960e-01 0.000000000000000000e+00 2.364950444989612599e+00
-2.170665800000000445e+01 2.953720818841408802e-01 0.000000000000000000e+00 2.375201184511545716e+00
-2.229963000000002182e+01 3.034409137669211720e-01 0.000000000000000000e+00 2.346853297223085555e+00
-2.249659200000001391e+01 3.061210626867623130e-01 0.000000000000000000e+00 2.449896277156288438e+00
-2.209428000000001191e+01 3.006466256266228654e-01 0.000000000000000000e+00 2.596546577687565804e+00
-2.225570200000002430e+01 3.028431660706610851e-01 0.000000000000000000e+00 2.426781337532901706e+00
-2.230502800000000718e+01 3.035143667368812026e-01 0.000000000000000000e+00 3.053575252295299247e+00
-2.234258800000000988e+01 3.040254622447925992e-01 0.000000000000000000e+00 2.399168605124313292e+00
-2.301033200000001600e+01 3.131117497537055372e-01 0.000000000000000000e+00 3.015479092172467901e+00
-2.271877000000001345e+01 3.091443368549394166e-01 0.000000000000000000e+00 3.008577142458077613e+00
-2.274916400000001104e+01 3.095579214360751341e-01 0.000000000000000000e+00 2.500231676437731032e+00
-2.188169000000000253e+01 2.977538196088677647e-01 0.000000000000000000e+00 2.468471141182023931e+00
-2.244301800000000924e+01 3.053920576084650507e-01 0.000000000000000000e+00 2.535533566080959922e+00
-2.256252000000000990e+01 3.070181740990514108e-01 0.000000000000000000e+00 2.746750682004267308e+00
-2.168515600000000632e+01 2.950794946740474267e-01 0.000000000000000000e+00 2.032429641920618923e+00
-2.208905000000001451e+01 3.005754587068578121e-01 0.000000000000000000e+00 2.312283709371810936e+00
-2.293031200000001135e+01 3.120228822738581043e-01 0.000000000000000000e+00 2.438994892887500932e+00
-2.179282000000001673e+01 2.965445262705270757e-01 0.000000000000000000e+00 1.993494353382947670e+00
-2.167350800000001598e+01 2.949209951938518426e-01 0.000000000000000000e+00 2.585938973932882856e+00
-2.181270000000001374e+01 2.968150422102841524e-01 0.000000000000000000e+00 2.248578921016650245e+00
-2.157967400000000069e+01 2.936441545152213006e-01 0.000000000000000000e+00 2.529165439972544505e+00
-2.134459600000002055e+01 2.904453443499183662e-01 0.000000000000000000e+00 2.035499346668248943e+00
-2.223479400000001505e+01 3.025586616809002871e-01 0.000000000000000000e+00 2.474905979392413524e+00
-2.250327600000002093e+01 3.062120148266687103e-01 0.000000000000000000e+00 2.366186103626242598e+00
-2.252102400000001836e+01 3.064535197008542711e-01 0.000000000000000000e+00 2.794689986063938480e+00
-2.206197800000000697e+01 3.002070780468423794e-01 0.000000000000000000e+00 2.955353944502906671e+00
-2.248126000000001667e+01 3.059124333915734240e-01 0.000000000000000000e+00 2.221115420301932097e+00
-2.288240000000001473e+01 3.113709225301135031e-01 0.000000000000000000e+00 2.371987592418193458e+00
-2.258620000000000871e+01 3.073403983170317488e-01 0.000000000000000000e+00 2.952626728658378497e+00
-2.266263000000001426e+01 3.083804150813999057e-01 0.000000000000000000e+00 2.176803100346185627e+00
-2.280858200000002256e+01 3.103664484033031301e-01 0.000000000000000000e+00 2.409497672632244125e+00
-2.236872000000001393e+01 3.043810519096685763e-01 0.000000000000000000e+00 2.456526463003064098e+00
-2.193421000000000021e+01 2.984684824436787953e-01 0.000000000000000000e+00 2.598771475159177502e+00
-2.240341600000001421e+01 3.048531757047295843e-01 0.000000000000000000e+00 2.267008983719885240e+00
-2.208640600000001797e+01 3.005394806311678102e-01 0.000000000000000000e+00 2.273070462266465253e+00
-2.198524800000000212e+01 2.991629790499829022e-01 0.000000000000000000e+00 2.340811986568038350e+00
-2.280658000000000740e+01 3.103392063051442773e-01 0.000000000000000000e+00 2.545915618508526990e+00
-2.231580399999999997e+01 3.036610005279687385e-01 0.000000000000000000e+00 2.192915977604322997e+00
-2.209543600000001007e+01 3.006623558291560139e-01 0.000000000000000000e+00 2.104933430916497539e+00
-2.314446000000001291e+01 3.149368886856845906e-01 0.000000000000000000e+00 2.550159175305325654e+00
-2.225383800000001244e+01 3.028178017994482829e-01 0.000000000000000000e+00 2.658947629708286353e+00
-2.249988200000001726e+01 3.061658311697503798e-01 0.000000000000000000e+00 2.702355667638921766e+00
-2.276178000000001234e+01 3.097295929197761422e-01 0.000000000000000000e+00 2.723526081306282265e+00
-2.280763200000002300e+01 3.103535213337473286e-01 0.000000000000000000e+00 3.024503427541135991e+00
-2.252410800000002311e+01 3.064954850508649353e-01 0.000000000000000000e+00 2.523880940767150527e+00
-2.137463800000000802e+01 2.908541391115974650e-01 0.000000000000000000e+00 2.690694425735265405e+00
-2.173046800000001255e+01 2.956960750695342144e-01 0.000000000000000000e+00 2.271292743492662414e+00
-2.229107000000001548e+01 3.033244340665025018e-01 0.000000000000000000e+00 2.506921568499114183e+00
-2.211552400000001484e+01 3.009357021167738400e-01 0.000000000000000000e+00 2.353396521047137036e+00
-2.239496400000001586e+01 3.047381656080079271e-01 0.000000000000000000e+00 2.331672474596704348e+00
-2.243640600000000163e+01 3.053020852043565880e-01 0.000000000000000000e+00 2.596021405875077459e+00
-2.249359600000001436e+01 3.060802947916158590e-01 0.000000000000000000e+00 2.516405869365626824e+00
-2.222337600000001245e+01 3.024032919122811580e-01 0.000000000000000000e+00 2.563126359501559648e+00
-2.216559000000001944e+01 3.016169722898061067e-01 0.000000000000000000e+00 2.243123810355963865e+00
-2.164433000000001428e+01 2.945239572617475154e-01 0.000000000000000000e+00 2.516332547337071901e+00
-2.256322200000001743e+01 3.070277265230811903e-01 0.000000000000000000e+00 2.517964228193205312e+00
-2.278087800000001906e+01 3.099894678401727277e-01 0.000000000000000000e+00 2.698311692113040561e+00
-2.138469000000000975e+01 2.909909211149394603e-01 0.000000000000000000e+00 2.610084305364696711e+00
-2.214825800000001621e+01 3.013811281113417673e-01 0.000000000000000000e+00 2.660401518005517385e+00
-2.261290000000001399e+01 3.077037170087579265e-01 0.000000000000000000e+00 2.887850900975087232e+00
-2.233123600000000764e+01 3.038709905673215861e-01 0.000000000000000000e+00 2.928864557514851530e+00
-2.221062800000001403e+01 3.022298242462840290e-01 0.000000000000000000e+00 2.470892223922035669e+00
-2.199286600000000647e+01 2.992666405403788255e-01 0.000000000000000000e+00 2.994288678357077238e+00
-2.263332200000000682e+01 3.079816081818826379e-01 0.000000000000000000e+00 2.679702088506757285e+00
-2.226429600000000875e+01 3.029601084240950981e-01 0.000000000000000000e+00 2.209209592277315171e+00
-2.259962800000000982e+01 3.075231190433425632e-01 0.000000000000000000e+00 2.028914320421668638e+00
-2.252069600000002225e+01 3.064490564599971489e-01 0.000000000000000000e+00 2.924259067753295582e+00
-2.229588200000001308e+01 3.033899130756629869e-01 0.000000000000000000e+00 2.157180383778226407e+00
-2.220408000000000825e+01 3.021407227184403910e-01 0.000000000000000000e+00 2.994683461864989571e+00
-2.225425400000001375e+01 3.028234624951695597e-01 0.000000000000000000e+00 2.570130715986361114e+00
-2.249829600000001051e+01 3.061442497673129148e-01 0.000000000000000000e+00 2.766945270598767603e+00
-2.171598800000001717e+01 2.954990393146206262e-01 0.000000000000000000e+00 2.416056680521156519e+00
-2.362759400000000909e+01 3.215111063938648206e-01 0.000000000000000000e+00 3.156472153676209480e+00
-2.242037800000000303e+01 3.050839851297878491e-01 0.000000000000000000e+00 2.498580832084606573e+00
-2.241075600000001700e+01 3.049530543263502258e-01 0.000000000000000000e+00 2.258333132430718759e+00
-2.245367200000000807e+01 3.055370312916729225e-01 0.000000000000000000e+00 2.411208119757362933e+00
-2.204904600000000414e+01 3.000311066115838310e-01 0.000000000000000000e+00 2.403955756976194902e+00
-2.171225000000001515e+01 2.954481746977789536e-01 0.000000000000000000e+00 1.944545652185708517e+00
-2.293089400000001277e+01 3.120308018048912335e-01 0.000000000000000000e+00 2.630346704413351500e+00
-2.212616000000002003e+01 3.010804308660323114e-01 0.000000000000000000e+00 2.453011128380708339e+00
-2.216124600000001266e+01 3.015578615633319193e-01 0.000000000000000000e+00 2.462947762969233345e+00
-2.306938000000000599e+01 3.139152419675272920e-01 0.000000000000000000e+00 3.085752735369180932e+00
-2.220335800000000503e+01 3.021308981455779197e-01 0.000000000000000000e+00 2.272559675036503801e+00
-2.240682400000000740e+01 3.048995498658307324e-01 0.000000000000000000e+00 2.390448314367120464e+00
-2.287376600000001048e+01 3.112534358790136624e-01 0.000000000000000000e+00 2.397754513016482569e+00
-2.193860000000001520e+01 2.985282191124684625e-01 0.000000000000000000e+00 2.223132238236598113e+00
-2.227198800000002166e+01 3.030647768651723584e-01 0.000000000000000000e+00 2.548591726134496582e+00
-2.232828200000000507e+01 3.038307941847238069e-01 0.000000000000000000e+00 2.459070657024394091e+00
-2.218548000000000897e+01 3.018876243039794738e-01 0.000000000000000000e+00 2.815494798145405486e+00
-2.213306000000000751e+01 3.011743222133321241e-01 0.000000000000000000e+00 2.526940089387466060e+00
-2.230431399999999798e+01 3.035046510235517303e-01 0.000000000000000000e+00 2.452421406972663753e+00
-2.197460400000002068e+01 2.990181414411916538e-01 0.000000000000000000e+00 2.405227212766881451e+00
-2.233416400000001190e+01 3.039108331564367438e-01 0.000000000000000000e+00 2.387820503275450257e+00
-2.258136400000001487e+01 3.072745927292719892e-01 0.000000000000000000e+00 3.198729014055047504e+00
-2.211739600000001005e+01 3.009611752475195301e-01 0.000000000000000000e+00 2.759501270557065844e+00
-2.206021800000000965e+01 3.001831289495600630e-01 0.000000000000000000e+00 2.409344798667190979e+00
-2.248407400000002454e+01 3.059507247323419721e-01 0.000000000000000000e+00 2.589061062465648710e+00
-2.212738800000000694e+01 3.010971408043631725e-01 0.000000000000000000e+00 2.726913396382381727e+00
-2.191681800000000990e+01 2.982318218187163805e-01 0.000000000000000000e+00 2.223796907937758416e+00
-2.253433800000000531e+01 3.066346891788181983e-01 0.000000000000000000e+00 2.306255984056401420e+00
-2.224814000000002068e+01 3.027402665969968765e-01 0.000000000000000000e+00 2.603643963852402266e+00
-2.170864000000001326e+01 2.953990518334668747e-01 0.000000000000000000e+00 2.957876600782146426e+00
-2.195957200000001208e+01 2.988135943784938631e-01 0.000000000000000000e+00 2.232969174113564659e+00
-2.215595800000001248e+01 3.014859054119518600e-01 0.000000000000000000e+00 2.416900396520930361e+00
-2.244352400000002135e+01 3.053989429739338846e-01 0.000000000000000000e+00 2.412470619243084258e+00
-2.172486200000000878e+01 2.956197917517133233e-01 0.000000000000000000e+00 2.217331032032006100e+00
-2.187064400000000219e+01 2.976035118085378905e-01 0.000000000000000000e+00 2.415388364879643479e+00
-2.214555200000000568e+01 3.013443063742700656e-01 0.000000000000000000e+00 2.844914943695970422e+00
-2.212046600000001817e+01 3.010029500933473212e-01 0.000000000000000000e+00 2.236134591467060062e+00
-2.215832800000000802e+01 3.015181550486331075e-01 0.000000000000000000e+00 2.519279974018550750e+00
-2.290961200000001696e+01 3.117412082319581113e-01 0.000000000000000000e+00 2.798800394515370549e+00
-2.170808800000001781e+01 2.953915405256829496e-01 0.000000000000000000e+00 2.862599255295823486e+00
-2.178542600000001173e+01 2.964439128470579554e-01 0.000000000000000000e+00 2.233714510511289220e+00
-2.326877400000001828e+01 3.166284841854316023e-01 0.000000000000000000e+00 2.754676722774187958e+00
-2.178184800000001431e+01 2.963952254208783721e-01 0.000000000000000000e+00 2.192333628138442680e+00
-2.169140000000001223e+01 2.951644595396332171e-01 0.000000000000000000e+00 1.924866589526335714e+00
-2.242246600000001067e+01 3.051123974679273987e-01 0.000000000000000000e+00 2.156322580964118441e+00
-2.282828600000000208e+01 3.106345694333317309e-01 0.000000000000000000e+00 2.575394044618132927e+00
-2.177890000000001081e+01 2.963551106829304671e-01 0.000000000000000000e+00 2.329053496312798011e+00
-2.285974200000002199e+01 3.110626051174869566e-01 0.000000000000000000e+00 2.598334043469104238e+00
-2.204687200000001468e+01 3.000015240334636402e-01 0.000000000000000000e+00 2.723491340176458220e+00
-2.236700400000001565e+01 3.043577015398183372e-01 0.000000000000000000e+00 2.197296982815684085e+00
-2.298328800000002659e+01 3.127437501020561839e-01 0.000000000000000000e+00 2.455637312791886906e+00
-2.277750800000001163e+01 3.099436107618536163e-01 0.000000000000000000e+00 2.734881623633623970e+00
-2.234572400000001480e+01 3.040681351817683953e-01 0.000000000000000000e+00 2.085163683477373908e+00
-2.211763400000000956e+01 3.009644138186292617e-01 0.000000000000000000e+00 2.269100716286190700e+00
-2.201269600000001248e+01 2.995364761080541727e-01 0.000000000000000000e+00 2.470249318865926913e+00
-2.210776000000002739e+01 3.008300539398990336e-01 0.000000000000000000e+00 2.591608606501554224e+00
-2.279198600000002628e+01 3.101406193018841906e-01 0.000000000000000000e+00 2.766468043582946290e+00
-2.239469400000001542e+01 3.047344915987657554e-01 0.000000000000000000e+00 2.678465869279078149e+00
-2.209666600000001679e+01 3.006790929823704439e-01 0.000000000000000000e+00 2.253459586933707293e+00
-2.248623000000001326e+01 3.059800623765126515e-01 0.000000000000000000e+00 2.743755058180837203e+00
-2.229009800000001107e+01 3.033112076332306062e-01 0.000000000000000000e+00 2.759007322654400962e+00
-2.222029800000000677e+01 3.023614082069203124e-01 0.000000000000000000e+00 2.581892149394910518e+00
-2.271197800000000910e+01 3.090519151113362284e-01 0.000000000000000000e+00 2.437681719331635133e+00
-2.247530600000001755e+01 3.058314146840626635e-01 0.000000000000000000e+00 2.487624467656813998e+00
-2.216428600000000770e+01 3.015992281859104507e-01 0.000000000000000000e+00 2.402812297953370813e+00
-2.250141200000000197e+01 3.061866505554557971e-01 0.000000000000000000e+00 2.558234436437313075e+00
-2.214378400000001790e+01 3.013202484174548057e-01 0.000000000000000000e+00 2.141202788895941733e+00
-2.221768800000000965e+01 3.023258927842459864e-01 0.000000000000000000e+00 2.832505230046078015e+00
-2.238982800000000495e+01 3.046682777877566251e-01 0.000000000000000000e+00 2.827200092895563621e+00
-2.212982400000000993e+01 3.011302885321926470e-01 0.000000000000000000e+00 2.614694732944725430e+00
-2.278625600000001228e+01 3.100626486613000665e-01 0.000000000000000000e+00 2.439924458357038972e+00
-2.252591200000001237e+01 3.065200328755791626e-01 0.000000000000000000e+00 2.528800476821316146e+00
-2.249582000000001258e+01 3.061105577418180568e-01 0.000000000000000000e+00 1.965253922679219611e+00
-2.206534800000000374e+01 3.002529351251613243e-01 0.000000000000000000e+00 2.247329174257902906e+00
-2.270693800000000806e+01 3.089833336054823021e-01 0.000000000000000000e+00 2.598559793143389030e+00
-2.198426000000000968e+01 2.991495348976449531e-01 0.000000000000000000e+00 2.556908769620382049e+00
-2.182765200000000405e+01 2.970185006776506764e-01 0.000000000000000000e+00 2.827426481159076133e+00
-2.295992800000000855e+01 3.124258802653996914e-01 0.000000000000000000e+00 2.658483097446756371e+00
-2.266359000000000634e+01 3.083934782253719975e-01 0.000000000000000000e+00 2.438465751349616628e+00
-2.228620600000001417e+01 3.032582474703768294e-01 0.000000000000000000e+00 2.321052110174490313e+00
-2.241607200000001043e+01 3.050253914860960869e-01 0.000000000000000000e+00 2.669799448227063721e+00
-2.202664400000001876e+01 2.997262727040166386e-01 0.000000000000000000e+00 2.120155694221868892e+00
-2.257243800000001244e+01 3.071531327052139937e-01 0.000000000000000000e+00 2.400729197252662761e+00
-2.291416800000001075e+01 3.118032037360593534e-01 0.000000000000000000e+00 2.690046758741970745e+00
-2.245088000000000505e+01 3.054990393146204686e-01 0.000000000000000000e+00 2.668555914097860082e+00
-2.246755799999999681e+01 3.057259842262536331e-01 0.000000000000000000e+00 3.212695935310970974e+00
-2.256369000000001535e+01 3.070340948057675989e-01 0.000000000000000000e+00 2.525329076565962172e+00
-2.241788600000001708e+01 3.050500753852269376e-01 0.000000000000000000e+00 2.152875477593686249e+00
-2.217113400000001278e+01 3.016924119462453535e-01 0.000000000000000000e+00 2.872088853054936664e+00
-2.145651000000001218e+01 2.919682075733578963e-01 0.000000000000000000e+00 2.332308688160443122e+00
-2.293550600000000728e+01 3.120935593257241902e-01 0.000000000000000000e+00 2.647395619247739251e+00
-2.209644000000001540e+01 3.006760177005602941e-01 0.000000000000000000e+00 2.725620672897322017e+00
-2.221708000000001704e+01 3.023176194597304023e-01 0.000000000000000000e+00 2.714562037931307792e+00
-2.241132400000001468e+01 3.049607833532004264e-01 0.000000000000000000e+00 2.827946189218449646e+00
-2.264372400000000596e+01 3.081231527897977940e-01 0.000000000000000000e+00 2.422096721334428882e+00
-2.229641800000000984e+01 3.033972066643807475e-01 0.000000000000000000e+00 2.123874798207419090e+00
-2.225307600000002139e+01 3.028074329289204836e-01 0.000000000000000000e+00 2.869821939329787686e+00
-2.226738200000001200e+01 3.030021009889890538e-01 0.000000000000000000e+00 2.873044887595280095e+00
-2.205516600000001759e+01 3.001143841544066104e-01 0.000000000000000000e+00 2.243109071064291804e+00
-2.311916200000002775e+01 3.145926476271347361e-01 0.000000000000000000e+00 2.970252646016442011e+00
-2.219766600000001233e+01 3.020534445877763319e-01 0.000000000000000000e+00 2.259717550072364745e+00
-2.177420600000001016e+01 2.962912373518831743e-01 0.000000000000000000e+00 2.533314738281834178e+00
-2.190887800000001207e+01 2.981237787321132093e-01 0.000000000000000000e+00 2.368215979076130573e+00
-2.215516600000001901e+01 3.014751283181749120e-01 0.000000000000000000e+00 2.769373971930854772e+00
-2.189451400000001513e+01 2.979283214404295776e-01 0.000000000000000000e+00 2.521258048690147024e+00
-2.217473600000001710e+01 3.017414259510243224e-01 0.000000000000000000e+00 2.811612873603714924e+00
-2.347017600000000925e+01 3.193690501461440845e-01 0.000000000000000000e+00 2.765607197110810045e+00
-2.183389000000001801e+01 2.971033838985867037e-01 0.000000000000000000e+00 2.544472112246467077e+00
-2.189472200000001934e+01 2.979311517882902716e-01 0.000000000000000000e+00 2.558579898081090764e+00
-2.242342200000001640e+01 3.051254061821331298e-01 0.000000000000000000e+00 2.701505715415053910e+00
-2.240562400000001730e+01 3.048832209358656731e-01 0.000000000000000000e+00 2.104476341454427857e+00
-2.304491000000001222e+01 3.135822678706532973e-01 0.000000000000000000e+00 2.382622902613967142e+00
-2.171371200000001522e+01 2.954680687774532410e-01 0.000000000000000000e+00 2.348598802952152731e+00
-2.185625000000000995e+01 2.974076462936052212e-01 0.000000000000000000e+00 2.486548271513275399e+00
-2.261919800000001146e+01 3.077894166761920292e-01 0.000000000000000000e+00 2.635803486259508333e+00
-2.194108399999999648e+01 2.985620199974962086e-01 0.000000000000000000e+00 2.265798685179602590e+00
-2.204557600000001472e+01 2.999838887891012051e-01 0.000000000000000000e+00 1.641389323388370958e+00
-2.217228400000001542e+01 3.017080605041287389e-01 0.000000000000000000e+00 2.175670242984000691e+00
-2.161138200000000253e+01 2.940756192746689646e-01 0.000000000000000000e+00 1.867489049168330695e+00
-2.205871600000000754e+01 3.001626905722202254e-01 0.000000000000000000e+00 2.496158282209368195e+00
-2.263804200000001288e+01 3.080458353064125521e-01 0.000000000000000000e+00 2.546791109809765974e+00
-2.212536600000000675e+01 3.010696265573717945e-01 0.000000000000000000e+00 2.666890850281873337e+00
-2.284539800000001364e+01 3.108674199746359057e-01 0.000000000000000000e+00 2.563997043679254961e+00
-2.265580600000001610e+01 3.082875578996643884e-01 0.000000000000000000e+00 1.976620821269154726e+00
-2.198943600000001908e+01 2.992199670155617497e-01 0.000000000000000000e+00 2.255556011970297536e+00
-2.237089000000000638e+01 3.044105800580222398e-01 0.000000000000000000e+00 2.700346156691692645e+00
-2.308281200000002897e+01 3.140980171236049667e-01 0.000000000000000000e+00 3.780523859463891245e+00
-2.188826000000002381e+01 2.978432205004276079e-01 0.000000000000000000e+00 2.585129570869092230e+00
-2.252351800000001347e+01 3.064874566602985850e-01 0.000000000000000000e+00 2.517305913771925585e+00
-2.260724400000001921e+01 3.076267533188553061e-01 0.000000000000000000e+00 2.788715634366038199e+00
-2.245141200000000836e+01 3.055062784735717574e-01 0.000000000000000000e+00 2.474093561481791603e+00
-2.157766000000001583e+01 2.936167491277631991e-01 0.000000000000000000e+00 2.577360529650048804e+00
-2.284407400000001331e+01 3.108494037219076134e-01 0.000000000000000000e+00 2.662990525767463978e+00
-2.277747200000001015e+01 3.099431208939546489e-01 0.000000000000000000e+00 3.117493073326448538e+00
-2.227613400000002031e+01 3.031211933182021423e-01 0.000000000000000000e+00 2.726061105913760940e+00
-2.263533400000001450e+01 3.080089863544577256e-01 0.000000000000000000e+00 2.340759659658989467e+00
-2.201547400000000820e+01 2.995742775809235869e-01 0.000000000000000000e+00 2.684492135653945066e+00
-2.202713000000000676e+01 2.997328859206523921e-01 0.000000000000000000e+00 2.340684632018089406e+00
-2.231640400000000923e+01 3.036691649929514902e-01 0.000000000000000000e+00 2.157805724955447424e+00
-2.215368600000000754e+01 3.014549893045510021e-01 0.000000000000000000e+00 2.487741916728192670e+00
-2.225507200000001617e+01 3.028345933824292402e-01 0.000000000000000000e+00 2.736820270523344867e+00
-2.245285800000000265e+01 3.055259548341797693e-01 0.000000000000000000e+00 3.153578000027680073e+00
-2.191491400000001022e+01 2.982059132498382503e-01 0.000000000000000000e+00 2.609576968427154142e+00
-2.281491200000000674e+01 3.104525835088694508e-01 0.000000000000000000e+00 3.116867611518547410e+00
-2.200616400000000539e+01 2.994475922992766992e-01 0.000000000000000000e+00 2.095646957001078281e+00
-2.233830600000000999e+01 3.039671951797000005e-01 0.000000000000000000e+00 2.310155528710637007e+00
-2.276286200000001614e+01 3.097443161716281756e-01 0.000000000000000000e+00 2.673720475208939185e+00
-2.219099000000000643e+01 3.019626013074031001e-01 0.000000000000000000e+00 2.722346692736717255e+00
-2.214189400000001839e+01 3.012945303527596042e-01 0.000000000000000000e+00 2.508371308272692168e+00
-2.225979000000000951e+01 3.028987932920756965e-01 0.000000000000000000e+00 2.126324440095032742e+00
-2.179959200000000763e+01 2.966366758652973501e-01 0.000000000000000000e+00 2.192427152570705751e+00
-2.223871200000000670e+01 3.026119756372365743e-01 0.000000000000000000e+00 2.284139850716746967e+00
-2.224933400000002237e+01 3.027565138823122837e-01 0.000000000000000000e+00 2.174025051114344187e+00
-2.180591400000000490e+01 2.967227021113307273e-01 0.000000000000000000e+00 2.117210855219334498e+00
-2.287461000000001121e+01 3.112649205597559088e-01 0.000000000000000000e+00 2.435498864273762720e+00
-2.228517599999999987e+01 3.032442318054898167e-01 0.000000000000000000e+00 2.433075869364711874e+00
-2.189759800000002343e+01 2.979702867904402974e-01 0.000000000000000000e+00 2.820707994582748235e+00
-2.261156800000001610e+01 3.076855918964965797e-01 0.000000000000000000e+00 2.872457137969286922e+00
-2.210184800000001459e+01 3.007496067449368926e-01 0.000000000000000000e+00 2.425283774481583610e+00
-2.207698400000001726e+01 3.004112713160575487e-01 0.000000000000000000e+00 2.461878758419178137e+00
-2.229701000000001443e+01 3.034052622698303336e-01 0.000000000000000000e+00 2.571023581782323930e+00
-2.182261400000000862e+01 2.969499463866800970e-01 0.000000000000000000e+00 2.800587528150534578e+00
-2.250779000000001062e+01 3.062734388182210554e-01 0.000000000000000000e+00 2.314576917401029998e+00
-2.261328000000000316e+01 3.077088878365801250e-01 0.000000000000000000e+00 2.673058988719051232e+00
-2.174056200000001837e+01 2.958334285854250512e-01 0.000000000000000000e+00 2.192893535108166869e+00
-2.197738200000000219e+01 2.990559429140609016e-01 0.000000000000000000e+00 2.106714908556768684e+00
-2.226941800000001592e+01 3.030298057401634160e-01 0.000000000000000000e+00 3.103177197790169206e+00
-2.256597800000001186e+01 3.070652286322345659e-01 0.000000000000000000e+00 2.378172493662332965e+00
-2.116100600000002174e+01 2.879471541396562140e-01 0.000000000000000000e+00 2.507239485558456327e+00
-2.227244600000001640e+01 3.030710090734423101e-01 0.000000000000000000e+00 2.574387299918921901e+00
-2.118507600000002000e+01 2.882746852598752074e-01 0.000000000000000000e+00 2.259727448977112196e+00
-2.245544000000001361e+01 3.055610892484884045e-01 0.000000000000000000e+00 2.214794148448112399e+00
-2.123087200000001573e+01 2.888978516571144572e-01 0.000000000000000000e+00 2.248702726807505936e+00
-2.253191400000001821e+01 3.066017047402886386e-01 0.000000000000000000e+00 2.358152258045534300e+00
-2.247663600000002049e+01 3.058495125814408300e-01 0.000000000000000000e+00 2.711861157671773270e+00
-2.254867600000001815e+01 3.068297926770194861e-01 0.000000000000000000e+00 3.003841656747592737e+00
-2.220785800000000521e+01 3.021921316329475027e-01 0.000000000000000000e+00 2.124943087493607941e+00
-2.385114400000002277e+01 3.245530499719689876e-01 0.000000000000000000e+00 3.827204730842318270e+00
-2.294879400000001013e+01 3.122743750102057181e-01 0.000000000000000000e+00 3.025447779858463804e+00
-2.339964400000001277e+01 3.184092900725550845e-01 0.000000000000000000e+00 2.780242928500814781e+00
-2.264662000000001285e+01 3.081625599407806226e-01 0.000000000000000000e+00 2.844557041655575880e+00
-2.226086800000001276e+01 3.029134621141612027e-01 0.000000000000000000e+00 2.177588615779325387e+00
-2.177712400000001125e+01 2.963309438665819306e-01 0.000000000000000000e+00 2.883384073090772493e+00
-2.260005200000000869e+01 3.075288885985969500e-01 0.000000000000000000e+00 2.471620780238969139e+00
-2.256768800000001818e+01 3.070884973574350973e-01 0.000000000000000000e+00 2.521234429468904636e+00
-2.229022200000000709e+01 3.033128949559936172e-01 0.000000000000000000e+00 2.726651601483905285e+00
-2.356220400000001192e+01 3.206213157851767748e-01 0.000000000000000000e+00 2.411923091723257695e+00
-2.305910000000001858e+01 3.137753574674920776e-01 0.000000000000000000e+00 2.703047240625014780e+00
-2.368770600000001636e+01 3.223290769255893196e-01 0.000000000000000000e+00 3.450763505438859013e+00
-2.229475400000000462e+01 3.033745638814955847e-01 0.000000000000000000e+00 2.492219234783781712e+00
-2.231705400000001660e+01 3.036780098300160824e-01 0.000000000000000000e+00 2.864701949536951009e+00
-2.220327000000001050e+01 3.021297006907138760e-01 0.000000000000000000e+00 2.292013008649423256e+00
-2.208070600000000994e+01 3.004619182138329458e-01 0.000000000000000000e+00 2.866123376488975971e+00
-2.319890200000001812e+01 3.156777050233234294e-01 0.000000000000000000e+00 3.188280966478343359e+00
-2.361065000000001035e+01 3.212805419027559561e-01 0.000000000000000000e+00 3.126213773153484254e+00
-2.319619000000001563e+01 3.156408016416019646e-01 0.000000000000000000e+00 2.513409820132680661e+00
-2.259909400000000446e+01 3.075158526695079830e-01 0.000000000000000000e+00 3.043330445543453777e+00
-2.157612000000001728e+01 2.935957936676412139e-01 0.000000000000000000e+00 2.496806454313796220e+00
-2.198642200000001878e+01 2.991789541864657842e-01 0.000000000000000000e+00 2.379494147565609730e+00
-2.336902800000001079e+01 3.179926846393757445e-01 0.000000000000000000e+00 2.618341425371057518e+00
-2.204747400000002600e+01 3.000097157133296832e-01 0.000000000000000000e+00 2.243082199758342998e+00
-2.268124800000001784e+01 3.086337584298103343e-01 0.000000000000000000e+00 2.812239814927351755e+00
-2.242626400000001041e+01 3.051640785312673132e-01 0.000000000000000000e+00 2.269912222728652118e+00
-2.320466200000000967e+01 3.157560838871563691e-01 0.000000000000000000e+00 2.671552942352807047e+00
-2.241155200000001102e+01 3.049638858498937566e-01 0.000000000000000000e+00 2.241759447374974012e+00
-2.220103400000001059e+01 3.020992744512120409e-01 0.000000000000000000e+00 2.194172871112773482e+00
-2.274220199999999892e+01 3.094631864273933997e-01 0.000000000000000000e+00 2.391611519160630639e+00
-2.263671000000001143e+01 3.080277101941511497e-01 0.000000000000000000e+00 2.467023432410119455e+00
-2.322793800000001596e+01 3.160728106987151231e-01 0.000000000000000000e+00 2.911408184352573869e+00
-2.248421800000001625e+01 3.059526842039376748e-01 0.000000000000000000e+00 2.806663306137051173e+00
-2.391294000000000963e+01 3.253939354354110636e-01 0.000000000000000000e+00 2.511889815588367991e+00
-2.411608800000001551e+01 3.281582599892231555e-01 0.000000000000000000e+00 2.675276035348332027e+00
-2.324666000000001276e+01 3.163275692210558154e-01 0.000000000000000000e+00 2.445197765069940132e+00
-2.425645200000001722e+01 3.300682549272548894e-01 0.000000000000000000e+00 2.563905611590932665e+00
-2.393500600000000134e+01 3.256941972425880794e-01 0.000000000000000000e+00 2.426534797358554041e+00
-2.350943000000000538e+01 3.199031966601896260e-01 0.000000000000000000e+00 2.264089884244747441e+00
-2.545491800000000993e+01 3.463763110770019527e-01 0.000000000000000000e+00 2.612108410374943457e+00
-2.362180000000001456e+01 3.214322648770161495e-01 0.000000000000000000e+00 1.996715449598831960e+00
-2.495192400000001243e+01 3.395318495778973378e-01 0.000000000000000000e+00 2.495228958022396082e+00
-2.449550600000003087e+01 3.333211682805096721e-01 0.000000000000000000e+00 2.603419848708714568e+00
-2.513320400000000987e+01 3.419986065979764289e-01 0.000000000000000000e+00 2.296656101656660010e+00
-2.531829800000000219e+01 3.445172624004615991e-01 0.000000000000000000e+00 2.607136033150071697e+00
-2.384451600000000582e+01 3.244628598487941940e-01 0.000000000000000000e+00 2.738674758652587027e+00
-2.422889000000001758e+01 3.296932066208370649e-01 0.000000000000000000e+00 2.099230586200668824e+00
-2.448678200000000160e+01 3.332024569596621633e-01 0.000000000000000000e+00 2.436163441150030806e+00
-2.451664000000000598e+01 3.336087479520801202e-01 0.000000000000000000e+00 2.367207535123068585e+00
-2.526281400000001298e+01 3.437622671086365544e-01 0.000000000000000000e+00 2.920450510598068927e+00
-2.438470800000002114e+01 3.318134909619375739e-01 0.000000000000000000e+00 2.444735445466276413e+00
-2.415326600000001989e+01 3.286641574544289512e-01 0.000000000000000000e+00 2.312515024956704135e+00
-2.483617800000001452e+01 3.379568426381021617e-01 0.000000000000000000e+00 2.263907234936979318e+00
-2.322581600000000890e+01 3.160439357075598976e-01 0.000000000000000000e+00 2.535170135494466237e+00
-2.507649200000000889e+01 3.412269013678201901e-01 0.000000000000000000e+00 2.985705152778701965e+00
-2.527544999999999931e+01 3.439342107411701432e-01 0.000000000000000000e+00 2.577658483052501559e+00
-2.497802000000001144e+01 3.398869493748742920e-01 0.000000000000000000e+00 2.971682855612865382e+00
-2.570301600000001230e+01 3.497522901324278122e-01 0.000000000000000000e+00 3.045749203239547676e+00
-2.599800000000001887e+01 3.537662676964781205e-01 0.000000000000000000e+00 2.598542137818857789e+00
-2.447183200000001690e+01 3.329990257071789861e-01 0.000000000000000000e+00 2.482876644884544071e+00
-2.512400800000001055e+01 3.418734725646763173e-01 0.000000000000000000e+00 2.473607602194075383e+00
-2.426797000000000182e+01 3.302249854400374773e-01 0.000000000000000000e+00 2.324648759110141683e+00
-2.553892000000001161e+01 3.475193633894506084e-01 0.000000000000000000e+00 2.377028739473469265e+00
-2.506138600000000238e+01 3.410213473544412288e-01 0.000000000000000000e+00 2.248364292934179609e+00
-2.556140400000000668e+01 3.478253131072321924e-01 0.000000000000000000e+00 2.587036386257878462e+00
-2.545719800000002664e+01 3.464073360439360871e-01 0.000000000000000000e+00 2.549980328146739694e+00
-2.714156800000002434e+01 3.693273025151998512e-01 0.000000000000000000e+00 2.470165856243158320e+00
-2.685241000000000611e+01 3.653926019061305430e-01 0.000000000000000000e+00 2.504365913880409966e+00
-2.784765000000000512e+01 3.789352721216179831e-01 0.000000000000000000e+00 2.679981972406575874e+00
-2.742813000000001011e+01 3.732266782057773180e-01 0.000000000000000000e+00 2.700884183003780414e+00
-2.791082600000001790e+01 3.797949358545203991e-01 0.000000000000000000e+00 2.652014244618721150e+00
-2.720289600000002395e+01 3.701618196959556850e-01 0.000000000000000000e+00 2.184286966102867211e+00
-2.728802800000001838e+01 3.713202484174548124e-01 0.000000000000000000e+00 2.184548743919808800e+00
-2.799442800000001341e+01 3.809325451903138871e-01 0.000000000000000000e+00 2.821104785527338787e+00
-2.765807800000001748e+01 3.763556821954793241e-01 0.000000000000000000e+00 2.791006648837394799e+00
-2.817435200000002737e+01 3.833808505195325234e-01 0.000000000000000000e+00 2.290520117039275050e+00
-2.808219800000003374e+01 3.821268703428535862e-01 0.000000000000000000e+00 2.935469966124021557e+00
-2.809405800000002529e+01 3.822882546006763915e-01 0.000000000000000000e+00 3.057359589190012272e+00
-2.831015400000000071e+01 3.852287683088127523e-01 0.000000000000000000e+00 3.002983495698633654e+00
-2.711074200000002321e+01 3.689078395192766369e-01 0.000000000000000000e+00 2.035946061537709184e+00
-2.782684800000001957e+01 3.786522101206710733e-01 0.000000000000000000e+00 2.639933659423580270e+00
-2.759738200000000674e+01 3.755297649178383490e-01 0.000000000000000000e+00 2.738127833023096258e+00
-2.755256400000002515e+01 3.749199065985209800e-01 0.000000000000000000e+00 2.369453117379321849e+00
-2.803286400000002132e+01 3.814555608170999701e-01 0.000000000000000000e+00 2.630847715878943394e+00
-2.737579400000001684e+01 3.725145191402276512e-01 0.000000000000000000e+00 2.288993323695644122e+00
-2.720402800000001520e+01 3.701772233198893924e-01 0.000000000000000000e+00 2.187317080101796485e+00
-2.731954600000002031e+01 3.717491277629912938e-01 0.000000000000000000e+00 2.455592455551534936e+00
-2.758964000000001349e+01 3.754244161046795258e-01 0.000000000000000000e+00 2.578219554951701742e+00
-2.774763200000001362e+01 3.775742830239003367e-01 0.000000000000000000e+00 2.521320413844437169e+00
-2.820365800000001144e+01 3.837796302041662222e-01 0.000000000000000000e+00 2.371846058045645300e+00
-2.807522400000002349e+01 3.820319720448722145e-01 0.000000000000000000e+00 2.563745927038808770e+00
-2.776562400000001318e+01 3.778191081138455032e-01 0.000000000000000000e+00 2.487150485271825140e+00
-2.806040200000003182e+01 3.818302825449186311e-01 0.000000000000000000e+00 2.967268752045329361e+00
-2.711654000000001474e+01 3.689867354658917797e-01 0.000000000000000000e+00 2.031079935562966288e+00
-2.806719200000001635e+01 3.819226770736382504e-01 0.000000000000000000e+00 2.578534670546061225e+00
-2.731838800000002365e+01 3.717333703455749094e-01 0.000000000000000000e+00 2.332585677241616029e+00
-2.787507000000001511e+01 3.793083881713233407e-01 0.000000000000000000e+00 2.476385937085319622e+00
-2.815140400000003140e+01 3.830685869488310025e-01 0.000000000000000000e+00 2.363664542843368466e+00
-2.825135600000002967e+01 3.844286779554006439e-01 0.000000000000000000e+00 2.366131761246570431e+00
-2.708769000000002691e+01 3.685941607746447968e-01 0.000000000000000000e+00 2.352473866469985797e+00
-2.836937000000000353e+01 3.860345465728298175e-01 0.000000000000000000e+00 2.711971336127982912e+00
-2.754338400000002451e+01 3.747949902842870329e-01 0.000000000000000000e+00 2.446341775915601424e+00
-2.749619200000001484e+01 3.741528278985213340e-01 0.000000000000000000e+00 2.453325237951070381e+00
-2.805710400000002025e+01 3.817854052023973987e-01 0.000000000000000000e+00 2.475739470224660455e+00
-2.705614600000001602e+01 3.681649276356255829e-01 0.000000000000000000e+00 2.445883828993792086e+00
-2.788907200000001652e+01 3.794989195691342299e-01 0.000000000000000000e+00 2.453562802595195436e+00
-2.762258000000000990e+01 3.758726452322247447e-01 0.000000000000000000e+00 2.494279023783195104e+00
-2.747563600000002282e+01 3.738731133282172658e-01 0.000000000000000000e+00 2.730899512057068268e+00
-2.735856200000001692e+01 3.722800357059271037e-01 0.000000000000000000e+00 2.718094606791806811e+00
-2.715178799999999626e+01 3.694663705687366018e-01 0.000000000000000000e+00 2.369166273133553879e+00
-2.676854400000001277e+01 3.642514002057447020e-01 0.000000000000000000e+00 2.786127191811876624e+00
-2.812619200000002451e+01 3.827255161302616782e-01 0.000000000000000000e+00 2.836816450259093791e+00
-2.734536000000000300e+01 3.721003902614262171e-01 0.000000000000000000e+00 2.291551946616180224e+00
-2.744306400000000679e+01 3.734298917391944417e-01 0.000000000000000000e+00 2.028594099993710653e+00
-2.764992800000001694e+01 3.762447815461322231e-01 0.000000000000000000e+00 2.317329194040310014e+00
-2.812589800000003137e+01 3.827215155424202875e-01 0.000000000000000000e+00 2.674014786643462038e+00
-2.741483600000001886e+01 3.730457808766460825e-01 0.000000000000000000e+00 2.335084622502247687e+00
-2.779021400000001663e+01 3.781537151037161482e-01 0.000000000000000000e+00 2.443848102415698165e+00
-2.779129000000001071e+01 3.781683567109182520e-01 0.000000000000000000e+00 2.732693580323156457e+00
-2.785046399999999878e+01 3.789735634623863092e-01 0.000000000000000000e+00 2.680351880092453953e+00
-2.856562200000003315e+01 3.887050342091087352e-01 0.000000000000000000e+00 3.368802450878719323e+00
-2.796852400000002348e+01 3.805800580221314622e-01 0.000000000000000000e+00 2.924491454751259045e+00
-2.715834600000002297e+01 3.695556081709968632e-01 0.000000000000000000e+00 2.700661034509361347e+00
-2.802380600000001110e+01 3.813323046107456871e-01 0.000000000000000000e+00 2.529917348664723953e+00
-2.697473600000001781e+01 3.670571458119018526e-01 0.000000000000000000e+00 2.344290352079393180e+00
-2.772388000000002961e+01 3.772510790701222860e-01 0.000000000000000000e+00 2.513313411704665601e+00
-2.769424600000002101e+01 3.768478361446310765e-01 0.000000000000000000e+00 2.620298384867917107e+00
-2.846185400000002375e+01 3.872930172052495568e-01 0.000000000000000000e+00 2.479399319541209401e+00
-2.793353400000003006e+01 3.801039336392290635e-01 0.000000000000000000e+00 2.509566693985158192e+00
-2.744748400000002420e+01 3.734900366312332576e-01 0.000000000000000000e+00 1.927336447736024194e+00
-2.807797800000001232e+01 3.820694469391422432e-01 0.000000000000000000e+00 3.223328906755758005e+00
-2.756963800000002252e+01 3.751522400570427296e-01 0.000000000000000000e+00 2.407233344968299882e+00
-2.751956600000001885e+01 3.744708882393605887e-01 0.000000000000000000e+00 2.164958349949056782e+00
-2.851824600000001553e+01 3.880603680540816169e-01 0.000000000000000000e+00 2.404638210021405875e+00
-2.820799600000002627e+01 3.838386592859907021e-01 0.000000000000000000e+00 2.636862583225019208e+00
-2.725250800000000595e+01 3.708369120904841387e-01 0.000000000000000000e+00 2.187584127083268104e+00
-2.731440400000001034e+01 3.716791582980902287e-01 0.000000000000000000e+00 2.335721934117841680e+00
-2.855047000000001489e+01 3.884988542534143496e-01 0.000000000000000000e+00 3.094932299042511215e+00
-2.757253999999999650e+01 3.751917288526749328e-01 0.000000000000000000e+00 2.334853225936625698e+00
-2.771563400000000854e+01 3.771388721063776428e-01 0.000000000000000000e+00 2.625932024946648013e+00
-2.779100800000001570e+01 3.781645194123764431e-01 0.000000000000000000e+00 2.721752346391358657e+00
-2.739782000000002427e+01 3.728142366497393390e-01 0.000000000000000000e+00 2.172564601450264199e+00
-2.825972800000001328e+01 3.845425994567911454e-01 0.000000000000000000e+00 3.097729141737818104e+00
-2.751588800000002522e+01 3.744208400690173244e-01 0.000000000000000000e+00 1.871938345121268776e+00
-2.733326000000001343e+01 3.719357402176103888e-01 0.000000000000000000e+00 2.949035983079038026e+00
-2.796186800000002037e+01 3.804894868905910332e-01 0.000000000000000000e+00 2.737552876879847386e+00
-2.787876000000001042e+01 3.793585996309663533e-01 0.000000000000000000e+00 2.263775100190481115e+00
-2.748962400000000272e+01 3.740634542218448932e-01 0.000000000000000000e+00 2.606114954755062385e+00
-2.743052600000000751e+01 3.732592816359411869e-01 0.000000000000000000e+00 2.608101323503480451e+00
-2.815526000000002327e+01 3.831210572437858120e-01 0.000000000000000000e+00 2.388951443118038309e+00
-2.782467000000002244e+01 3.786225731127842442e-01 0.000000000000000000e+00 2.610115888193085709e+00
-2.718771200000002253e+01 3.699552043021290815e-01 0.000000000000000000e+00 2.414137975071604991e+00
-2.746339200000000957e+01 3.737065038128052907e-01 0.000000000000000000e+00 2.758685087584409779e+00
-2.768001200000003337e+01 3.766541478203604965e-01 0.000000000000000000e+00 2.221007959330650205e+00
-2.745524400000000753e+01 3.735956303783414256e-01 0.000000000000000000e+00 2.264468399734908655e+00
-2.725242000000002918e+01 3.708357146356203171e-01 0.000000000000000000e+00 2.482156725368672046e+00
-2.753200200000001985e+01 3.746401103835668711e-01 0.000000000000000000e+00 2.329002246074095339e+00
-2.774962000000000373e+01 3.776013346178758723e-01 0.000000000000000000e+00 2.462056873445617189e+00
-2.751565000000000083e+01 3.744176014979072042e-01 0.000000000000000000e+00 2.280494220824100360e+00
-2.792522800000001482e+01 3.799909102289862339e-01 0.000000000000000000e+00 2.419168863205507947e+00
-2.820299000000002110e+01 3.837705404331523962e-01 0.000000000000000000e+00 2.632283618837453432e+00
-2.786638800000001126e+01 3.791902483630249510e-01 0.000000000000000000e+00 2.371329078947632230e+00
-2.761850000000001515e+01 3.758171268703430767e-01 0.000000000000000000e+00 2.619135976198673887e+00
-2.730200800000002559e+01 3.715104804515497183e-01 0.000000000000000000e+00 2.592540423914798442e+00
-2.736213800000001228e+01 3.723286959172233956e-01 0.000000000000000000e+00 2.597332557509528961e+00
-2.727338400000001428e+01 3.711209810421124966e-01 0.000000000000000000e+00 2.400995952723357085e+00
-2.748494000000000881e+01 3.739997169652140574e-01 0.000000000000000000e+00 2.336226708505694916e+00
-2.790663200000002675e+01 3.797378662442920660e-01 0.000000000000000000e+00 2.430925316067729103e+00
-2.842065600000001879e+01 3.867324178246602240e-01 0.000000000000000000e+00 3.237819806577046933e+00
-2.742338400000000220e+01 3.731620972877647824e-01 0.000000000000000000e+00 2.272752176081419329e+00
-2.779727000000002235e+01 3.782497292119117449e-01 0.000000000000000000e+00 2.684878860818999513e+00
-2.774994200000002920e+01 3.776057162140835644e-01 0.000000000000000000e+00 2.162352090541849403e+00
-2.794621600000002104e+01 3.802765032140780210e-01 0.000000000000000000e+00 2.913304061246742904e+00
-2.787653600000001575e+01 3.793283366807642110e-01 0.000000000000000000e+00 2.816956640892916752e+00
-2.749728200000002687e+01 3.741676600099065886e-01 0.000000000000000000e+00 2.415722698664820811e+00
-2.783782800000001245e+01 3.788016198298527204e-01 0.000000000000000000e+00 2.540275917888854096e+00
-2.780315400000001702e+01 3.783297953985078066e-01 0.000000000000000000e+00 2.288826747723590849e+00
-2.820819200000001814e+01 3.838413263445515922e-01 0.000000000000000000e+00 2.756318431402454472e+00
-2.792141000000001583e+01 3.799389570168135721e-01 0.000000000000000000e+00 2.712134614128051346e+00
-2.765805600000001618e+01 3.763553828317632854e-01 0.000000000000000000e+00 2.665406054168857786e+00
-2.786448000000001102e+01 3.791642853643802380e-01 0.000000000000000000e+00 2.749300966361515108e+00
-2.679547800000000990e+01 3.646179030388140285e-01 0.000000000000000000e+00 2.498369401950403912e+00
-2.729852600000000962e+01 3.714630993397670666e-01 0.000000000000000000e+00 1.945207816303980763e+00
-2.797574400000002015e+01 3.806783037507555090e-01 0.000000000000000000e+00 2.311315143241565284e+00
-2.864682600000001855e+01 3.898100128998549518e-01 0.000000000000000000e+00 2.399853526448662233e+00
-2.711709400000001580e+01 3.689942739885591072e-01 0.000000000000000000e+00 2.675870913746464907e+00
-2.572289800000001847e+01 3.500228332870682912e-01 0.000000000000000000e+00 2.463870419735682216e+00
-2.809218200000001886e+01 3.822627270401640076e-01 0.000000000000000000e+00 2.859842241053364376e+00
-2.694659800000000871e+01 3.666742596191006065e-01 0.000000000000000000e+00 2.420717568127769947e+00
-2.773056000000001831e+01 3.773419767802618785e-01 0.000000000000000000e+00 2.688938119576032459e+00
-2.783556600000002135e+01 3.787708397968684304e-01 0.000000000000000000e+00 2.492892926921441266e+00
-2.757182400000001365e+01 3.751819859244625577e-01 0.000000000000000000e+00 2.463323185984758190e+00
-2.781538600000003214e+01 3.784962416246201444e-01 0.000000000000000000e+00 2.483603007567022569e+00
-2.811613400000000595e+01 3.825886524822695867e-01 0.000000000000000000e+00 2.787303218880901934e+00
-2.775889400000000506e+01 3.777275300316237927e-01 0.000000000000000000e+00 2.392679749781433163e+00
-2.731649200000002864e+01 3.717075706362299448e-01 0.000000000000000000e+00 2.479004730954939006e+00
-2.739324600000000842e+01 3.727519962116883634e-01 0.000000000000000000e+00 2.562517279071380827e+00
-2.706614400000001197e+01 3.683009748371190994e-01 0.000000000000000000e+00 1.757060857176615087e+00
-2.729045800000000810e+01 3.713533145006342462e-01 0.000000000000000000e+00 2.552841709976938489e+00
-2.730761400000001160e+01 3.715867637693703873e-01 0.000000000000000000e+00 2.120925824191221665e+00
-2.768648200000001580e+01 3.767421879677560481e-01 0.000000000000000000e+00 2.845275604068447706e+00
-2.789621400000001117e+01 3.795961039173104679e-01 0.000000000000000000e+00 2.561223476144070421e+00
-2.785696200000003131e+01 3.790619846181484398e-01 0.000000000000000000e+00 2.352400699340693624e+00
-2.780102600000001445e+01 3.783008387627027624e-01 0.000000000000000000e+00 2.581274404325948790e+00
-2.694498600000002142e+01 3.666523244231808532e-01 0.000000000000000000e+00 2.260850344942420875e+00
-2.793376400000002491e+01 3.801070633508056296e-01 0.000000000000000000e+00 2.344623723576035879e+00
-2.809254800000001495e+01 3.822677073638033329e-01 0.000000000000000000e+00 2.299034625618748162e+00
-2.777189600000000880e+01 3.779044539877969844e-01 0.000000000000000000e+00 2.195245113850120333e+00
-2.807517800000001529e+01 3.820313461025567903e-01 0.000000000000000000e+00 2.611866019564858199e+00
-2.835871200000000059e+01 3.858895184598553629e-01 0.000000000000000000e+00 2.257662311906282415e+00
-2.788045000000002105e+01 3.793815962073341930e-01 0.000000000000000000e+00 2.719796625845321891e+00
-2.733925400000001460e+01 3.720173032227866994e-01 0.000000000000000000e+00 2.289831165732442386e+00
-2.754891800000001822e+01 3.748702938663098783e-01 0.000000000000000000e+00 2.637058256649946753e+00
-2.811257200000001788e+01 3.825401827751563344e-01 0.000000000000000000e+00 2.974884093628054504e+00
-2.814235600000003856e+01 3.829454668168933429e-01 0.000000000000000000e+00 2.738653030207117034e+00
-2.780406400000001454e+01 3.783421781703980580e-01 0.000000000000000000e+00 2.022347688813297406e+00
-2.761265400000002401e+01 3.757375777665293293e-01 0.000000000000000000e+00 2.726452728490062594e+00
-2.802011200000001523e+01 3.812820387213361473e-01 0.000000000000000000e+00 3.048716560607964254e+00
-2.733626000000002421e+01 3.719765625425235922e-01 0.000000000000000000e+00 2.693704027220256148e+00
-2.790663000000000693e+01 3.797378390294084971e-01 0.000000000000000000e+00 2.476879999356472961e+00
-2.831388000000001171e+01 3.852794696363548987e-01 0.000000000000000000e+00 2.573174473036539123e+00
-2.723104600000000985e+01 3.705448691780562354e-01 0.000000000000000000e+00 2.006420668673647878e+00
-2.773910200000001325e+01 3.774582115467308707e-01 0.000000000000000000e+00 2.585837872298675233e+00
-2.857396200000001585e+01 3.888185202723667966e-01 0.000000000000000000e+00 3.041962396608445474e+00
-2.836150600000002697e+01 3.859275376517913858e-01 0.000000000000000000e+00 2.581426744248852767e+00
-2.814226200000000588e+01 3.829441877173789810e-01 0.000000000000000000e+00 2.284981398186113566e+00
-2.761632200000002513e+01 3.757874898624563587e-01 0.000000000000000000e+00 2.660785122515153756e+00
-2.719602800000001963e+01 3.700683637867879794e-01 0.000000000000000000e+00 1.954680419567972116e+00
-2.816836400000000395e+01 3.832993691590057539e-01 0.000000000000000000e+00 2.958899069133174464e+00
-2.769891400000001624e+01 3.769113556821956923e-01 0.000000000000000000e+00 2.321479625741159847e+00
-2.791266399999999948e+01 3.798199463322501912e-01 0.000000000000000000e+00 2.329006860242052834e+00
-2.740721400000002106e+01 3.729420649564836876e-01 0.000000000000000000e+00 2.588843191642384856e+00
-2.793891200000000907e+01 3.801771144603562358e-01 0.000000000000000000e+00 2.519919635454169082e+00
-2.834609000000002510e+01 3.857177653315048693e-01 0.000000000000000000e+00 2.375532943649411255e+00
-2.821042400000001393e+01 3.838716981542868445e-01 0.000000000000000000e+00 2.685452839759003396e+00
-2.781141000000001640e+01 3.784421384366684626e-01 0.000000000000000000e+00 2.664769541289043531e+00
-2.786185600000002793e+01 3.791285794375232054e-01 0.000000000000000000e+00 2.714594317676141788e+00
-2.813297400000002924e+01 3.828178017994485205e-01 0.000000000000000000e+00 1.921158731085029769e+00
-2.784062000000001902e+01 3.788396118069052299e-01 0.000000000000000000e+00 2.300685851978697904e+00
-2.790309600000001922e+01 3.796897503306611021e-01 0.000000000000000000e+00 2.587162387906484007e+00
-2.787107200000001583e+01 3.792539856196558978e-01 0.000000000000000000e+00 2.058673731641198046e+00
-2.764553800000002326e+01 3.761850448773428335e-01 0.000000000000000000e+00 2.506061417531582514e+00
-2.792168200000002187e+01 3.799426582409391462e-01 0.000000000000000000e+00 2.172049708882037411e+00
-2.713016200000001632e+01 3.691720960358803594e-01 0.000000000000000000e+00 2.337624352346379109e+00
-2.764536200000001998e+01 3.761826499676145796e-01 0.000000000000000000e+00 2.506246345916578910e+00
-2.750594200000001521e+01 3.742855004544887731e-01 0.000000000000000000e+00 2.181857932268281175e+00
-2.786296200000001733e+01 3.791436292679743469e-01 0.000000000000000000e+00 2.879967282319069177e+00
-2.770791200000000387e+01 3.770337954420514004e-01 0.000000000000000000e+00 2.378727121177681703e+00
-2.726366600000000417e+01 3.709887439242773866e-01 0.000000000000000000e+00 2.390522388124665110e+00
-2.812461800000001944e+01 3.827040980171239060e-01 0.000000000000000000e+00 2.906843598047736510e+00
-2.803344400000000647e+01 3.814634531332496414e-01 0.000000000000000000e+00 2.617672429380611732e+00
-2.775857600000000502e+01 3.777232028651830165e-01 0.000000000000000000e+00 2.913966248604132669e+00
-2.907663200000001780e+01 3.956585729603808166e-01 0.000000000000000000e+00 3.173472071033920816e+00
-2.809489600000003406e+01 3.822996576367688748e-01 0.000000000000000000e+00 2.312489283356877312e+00
-2.765087000000000828e+01 3.762575997561547481e-01 0.000000000000000000e+00 2.047466693775801705e+00
-2.804340800000000655e+01 3.815990376817274821e-01 0.000000000000000000e+00 2.244206890464441884e+00
-2.805294000000000665e+01 3.817287438154178814e-01 0.000000000000000000e+00 2.529123362077473125e+00
-2.756661400000000839e+01 3.751110911535301962e-01 0.000000000000000000e+00 2.042291037393589193e+00
-2.822718200000002042e+01 3.840997316612512202e-01 0.000000000000000000e+00 2.768110564746759650e+00
-2.862785399999999925e+01 3.895518525171045576e-01 0.000000000000000000e+00 2.587401336602133117e+00
-2.753107600000000588e+01 3.746275098926101776e-01 0.000000000000000000e+00 2.084342279571203438e+00
-2.742324200000001611e+01 3.731601650310524265e-01 0.000000000000000000e+00 2.329138410830073891e+00
-2.763741600000001242e+01 3.760745252363614233e-01 0.000000000000000000e+00 2.557695152569748220e+00
-2.794859800000002181e+01 3.803089161400589613e-01 0.000000000000000000e+00 2.813488970345998208e+00
-2.888579200000000924e+01 3.930617287982453023e-01 0.000000000000000000e+00 2.848808765388357145e+00
-2.799570999999999898e+01 3.809499899304931714e-01 0.000000000000000000e+00 2.638085899057891037e+00
-2.900574200000000502e+01 3.946939414226853238e-01 0.000000000000000000e+00 3.638823661547003763e+00
-2.842537800000001624e+01 3.867966721640733185e-01 0.000000000000000000e+00 2.926890106317727724e+00
-2.729672200000002036e+01 3.714385515150528394e-01 0.000000000000000000e+00 2.510867114239560216e+00
-2.862749000000000876e+01 3.895468994083485792e-01 0.000000000000000000e+00 2.404055268591894112e+00
-2.777233000000002505e+01 3.779103596174679391e-01 0.000000000000000000e+00 2.256971145364977893e+00
-2.832962600000001174e+01 3.854937324123818843e-01 0.000000000000000000e+00 2.622202549813127170e+00
-2.880392000000001929e+01 3.919476603364850931e-01 0.000000000000000000e+00 2.857344583753074652e+00
-2.770630000000000237e+01 3.770118602461314805e-01 0.000000000000000000e+00 2.577826644616927787e+00
-2.805416200000001936e+01 3.817453721090993124e-01 0.000000000000000000e+00 2.807947869914535044e+00
-2.800221800000000272e+01 3.810385471606712593e-01 0.000000000000000000e+00 2.671364838179656864e+00
-2.856183000000001826e+01 3.886534347904184727e-01 0.000000000000000000e+00 2.782493127166223879e+00
-2.850760200000001987e+01 3.879155304452902020e-01 0.000000000000000000e+00 3.154671425301233789e+00
-2.809645600000001764e+01 3.823208852457234408e-01 0.000000000000000000e+00 2.419469610644515267e+00
-2.755055000000001897e+01 3.748925012110626009e-01 0.000000000000000000e+00 2.418970614755480142e+00
-2.869882200000002825e+01 3.905175454352480258e-01 0.000000000000000000e+00 2.614106225673905382e+00
-2.701272600000001134e+01 3.675740925197173437e-01 0.000000000000000000e+00 1.873578942522205804e+00
-2.830063200000001089e+01 3.850991982495388655e-01 0.000000000000000000e+00 2.962279013822522344e+00
-2.791433200000001236e+01 3.798426435449020477e-01 0.000000000000000000e+00 2.856782518243454305e+00
-2.864716000000002438e+01 3.898145577853620036e-01 0.000000000000000000e+00 2.694000131230640527e+00
-2.777965000000001439e+01 3.780099660902556669e-01 0.000000000000000000e+00 2.460529351007973542e+00
-2.824287800000000814e+01 3.843133140651960877e-01 0.000000000000000000e+00 2.601771773606469829e+00
-2.781175000000001063e+01 3.784467649668252220e-01 0.000000000000000000e+00 2.559719334579122041e+00
-2.800980200000001830e+01 3.811417459980516731e-01 0.000000000000000000e+00 2.702310489976750496e+00
-2.790534800000002136e+01 3.797203942892292128e-01 0.000000000000000000e+00 2.904351679267620945e+00
-2.792924200000002344e+01 3.800455304997200079e-01 0.000000000000000000e+00 2.334321386525839870e+00
-2.805011800000002609e+01 3.816903436151166118e-01 0.000000000000000000e+00 2.836413067907059826e+00
-2.802484400000000875e+01 3.813464291351655877e-01 0.000000000000000000e+00 2.408631274611027884e+00
-2.825022000000002365e+01 3.844132199017001872e-01 0.000000000000000000e+00 2.661408846548167784e+00
-2.850945600000002500e+01 3.879407586420865472e-01 0.000000000000000000e+00 2.428632022657773337e+00
-2.816719400000001627e+01 3.832834484522898433e-01 0.000000000000000000e+00 2.721417135653088959e+00
-2.782954000000003347e+01 3.786888413535599018e-01 0.000000000000000000e+00 2.861866025635523503e+00
-2.810051600000001315e+01 3.823761314587723614e-01 0.000000000000000000e+00 2.438204056918895191e+00
-2.772918600000001277e+01 3.773232801554515792e-01 0.000000000000000000e+00 2.612475631089091088e+00
-2.811909200000000908e+01 3.826289032946338931e-01 0.000000000000000000e+00 2.446133756581367003e+00
-2.817893000000001180e+01 3.834431453873496376e-01 0.000000000000000000e+00 2.342170341755265728e+00
-2.771456000000002007e+01 3.771242577140589414e-01 0.000000000000000000e+00 2.058662588706904994e+00
-2.750164200000002168e+01 3.742269884554468296e-01 0.000000000000000000e+00 2.920769999250404592e+00
-2.747132600000001545e+01 3.738144652547587543e-01 0.000000000000000000e+00 2.309126503029649946e+00
-2.838248000000001880e+01 3.862129401327000222e-01 0.000000000000000000e+00 2.868391774517772053e+00
-2.761610400000001775e+01 3.757845234401792078e-01 0.000000000000000000e+00 2.548357931740882432e+00
-2.814990000000001302e+01 3.830481213566077070e-01 0.000000000000000000e+00 2.532807944802077937e+00
-2.773976400000001519e+01 3.774672196730950446e-01 0.000000000000000000e+00 2.072221321080205847e+00
-2.838925800000002653e+01 3.863051713721203373e-01 0.000000000000000000e+00 2.499440548521192795e+00
-2.840770000000002327e+01 3.865561198108024565e-01 0.000000000000000000e+00 2.653028954294172959e+00
-2.840286200000000960e+01 3.864902870081591835e-01 0.000000000000000000e+00 2.858346656202893854e+00
-2.793657000000002455e+01 3.801452458320409566e-01 0.000000000000000000e+00 2.803214620392059153e+00
-2.799889800000002538e+01 3.809933704544344879e-01 0.000000000000000000e+00 2.597642226280119537e+00
-2.773577800000002469e+01 3.774129804107273500e-01 0.000000000000000000e+00 2.415555271947703364e+00
-2.843366800000000438e+01 3.869094778552495395e-01 0.000000000000000000e+00 2.540757753067721669e+00
-2.826654400000000322e+01 3.846353477789934416e-01 0.000000000000000000e+00 2.470906381620176617e+00
-2.830291599999999264e+01 3.851302776462390831e-01 0.000000000000000000e+00 2.906143681082363539e+00
-2.800409000000000503e+01 3.810640202914170604e-01 0.000000000000000000e+00 2.613162503905599454e+00
-2.812202400000002100e+01 3.826688003135157445e-01 0.000000000000000000e+00 2.334254643614608327e+00
-2.767758000000002028e+01 3.766210545222974382e-01 0.000000000000000000e+00 2.292453770283904735e+00
-2.785864200000002455e+01 3.790848451200996561e-01 0.000000000000000000e+00 3.003807690019822285e+00
-2.900076400000001442e+01 3.946262035782130417e-01 0.000000000000000000e+00 3.037939516142711405e+00
-2.843381400000002301e+01 3.869114645417289222e-01 0.000000000000000000e+00 2.388473036960406581e+00
-2.799262200000000433e+01 3.809079701507160909e-01 0.000000000000000000e+00 2.547608486149908646e+00
-2.808762600000002507e+01 3.822007315360628210e-01 0.000000000000000000e+00 2.839363457566793425e+00
-2.734842200000003132e+01 3.721420562477211758e-01 0.000000000000000000e+00 2.531823097191173932e+00
-2.742968800000001650e+01 3.732478785998489257e-01 0.000000000000000000e+00 2.076273620924143692e+00
-2.884078400000002418e+01 3.924492850650166953e-01 0.000000000000000000e+00 3.229967538340178912e+00
-2.812366400000001221e+01 3.826911165178014107e-01 0.000000000000000000e+00 2.912470444277833526e+00
-2.900075200000000919e+01 3.946260402889133490e-01 0.000000000000000000e+00 2.567346230245455718e+00
-2.776022800000001567e+01 3.777456823587685975e-01 0.000000000000000000e+00 2.343032803181346324e+00
-2.845881000000001038e+01 3.872515961529042761e-01 0.000000000000000000e+00 2.380171242693570388e+00
-2.756153400000003018e+01 3.750419653500110528e-01 0.000000000000000000e+00 2.310284213055819880e+00
-2.831179800000001734e+01 3.852511389428653343e-01 0.000000000000000000e+00 2.558487234458058701e+00
-2.766738000000000497e+01 3.764822586175928798e-01 0.000000000000000000e+00 2.756408532196132466e+00
-2.750141600000001318e+01 3.742239131736365687e-01 0.000000000000000000e+00 2.309094627714813441e+00
-2.860507600000001105e+01 3.892419022114815830e-01 0.000000000000000000e+00 3.003989125292022333e+00
-2.789538200000002632e+01 3.795847825258681363e-01 0.000000000000000000e+00 2.267028198101174397e+00
-2.733942400000001527e+01 3.720196164878651346e-01 0.000000000000000000e+00 2.324561287820203326e+00
-2.765624799999999084e+01 3.763307805772819759e-01 0.000000000000000000e+00 2.385132674812997955e+00
-2.739254600000002426e+01 3.727424710025422083e-01 0.000000000000000000e+00 2.345533853445864292e+00
-2.781687200000001781e+01 3.785164622828935399e-01 0.000000000000000000e+00 2.653593180898897952e+00
-2.808968000000001553e+01 3.822286812211864726e-01 0.000000000000000000e+00 2.759555467202218448e+00
-2.806765200000000604e+01 3.819289364967914380e-01 0.000000000000000000e+00 2.730454342570966197e+00
-2.781561200000002643e+01 3.784993169064301832e-01 0.000000000000000000e+00 2.592675702053027997e+00
-2.880106200000000172e+01 3.919087702682843566e-01 0.000000000000000000e+00 2.680016605812415520e+00
-2.817009000000002672e+01 3.833228556032726719e-01 0.000000000000000000e+00 2.362718421926982781e+00
-2.813906000000000773e+01 3.829006166892551244e-01 0.000000000000000000e+00 2.484759983856335896e+00
-2.738796400000002151e+01 3.726801217049582893e-01 0.000000000000000000e+00 2.417802765494390993e+00
-2.863585800000001669e+01 3.896607664799728310e-01 0.000000000000000000e+00 3.125307959005355407e+00
-2.850858400000002746e+01 3.879288929529784991e-01 0.000000000000000000e+00 2.733486898077917449e+00
-2.754105400000001680e+01 3.747632849452711135e-01 0.000000000000000000e+00 2.226331777003816015e+00
-2.828844800000000248e+01 3.849334051806252432e-01 0.000000000000000000e+00 2.195484823771300942e+00
-2.789045000000000840e+01 3.795176706237108344e-01 0.000000000000000000e+00 2.713260418702371890e+00
-2.877064400000002209e+01 3.914948591085495866e-01 0.000000000000000000e+00 3.012497722915271403e+00
-2.795333800000001290e+01 3.803734154134215117e-01 0.000000000000000000e+00 2.751303941321516344e+00
-2.808112800000001386e+01 3.821123103803009680e-01 0.000000000000000000e+00 2.305702681126414522e+00
-2.818658200000001202e+01 3.835472695307611812e-01 0.000000000000000000e+00 2.481598301208641111e+00
-2.723730000000002249e+01 3.706299701180584827e-01 0.000000000000000000e+00 2.152800206355631296e+00
-2.812137000000001663e+01 3.826599010466846806e-01 0.000000000000000000e+00 3.016257366423669595e+00
-2.869579600000001562e+01 3.904763693168522565e-01 0.000000000000000000e+00 2.408669538110660202e+00
-2.876135800000000842e+01 3.913685004055019179e-01 0.000000000000000000e+00 2.675742129215101794e+00
-2.664586600000001582e+01 3.625820664805171067e-01 0.000000000000000000e+00 2.284610402974165400e+00
-2.808501200000001319e+01 3.821651616836217458e-01 0.000000000000000000e+00 2.220444203592760068e+00
-2.749334000000000700e+01 3.741140194749705827e-01 0.000000000000000000e+00 3.008439865418350401e+00
-2.685860400000000325e+01 3.654768863996342709e-01 0.000000000000000000e+00 2.584037689780483760e+00
-2.773765800000002812e+01 3.774385624010062612e-01 0.000000000000000000e+00 2.731107551454559967e+00
-2.808125400000001548e+01 3.821140249179473813e-01 0.000000000000000000e+00 2.725805882185592388e+00
-2.851409400000001071e+01 3.880038699564019034e-01 0.000000000000000000e+00 2.625638724478062791e+00
-2.782879800000002390e+01 3.786787446318646277e-01 0.000000000000000000e+00 2.655207699992030879e+00
-2.714903200000001959e+01 3.694288684595834482e-01 0.000000000000000000e+00 2.404900873190982225e+00
-2.776244000000001222e+01 3.777757820196711025e-01 0.000000000000000000e+00 2.058083414590900606e+00
-2.809565800000003222e+01 3.823100265072967852e-01 0.000000000000000000e+00 2.786731473118407632e+00
-2.828881200000002138e+01 3.849383582893816103e-01 0.000000000000000000e+00 2.348229061464632839e+00
-2.822043200000000240e+01 3.840078814301965959e-01 0.000000000000000000e+00 2.429135980195177957e+00
-2.826589000000001306e+01 3.846264485121625443e-01 0.000000000000000000e+00 2.387857499830119412e+00
-2.714124400000001103e+01 3.693228937041090898e-01 0.000000000000000000e+00 2.478589432115358981e+00
-2.787823600000001534e+01 3.793514693315482855e-01 0.000000000000000000e+00 2.517037894094379613e+00
-2.737046200000001051e+01 3.724419642614154591e-01 0.000000000000000000e+00 2.699624941955508728e+00
-2.813392000000002113e+01 3.828306744392376282e-01 0.000000000000000000e+00 2.632014279842137761e+00
-2.891920200000000207e+01 3.935163534233602212e-01 0.000000000000000000e+00 2.688394885691107294e+00
-2.833545000000000513e+01 3.855729821524796486e-01 0.000000000000000000e+00 2.956547521274696777e+00
-2.862042400000000697e+01 3.894507492257366921e-01 0.000000000000000000e+00 2.394560377826072894e+00
-2.758067000000002267e+01 3.753023573531896195e-01 0.000000000000000000e+00 2.799919781733293700e+00
-2.863956200000001573e+01 3.897111684437987722e-01 0.000000000000000000e+00 2.286023690624611859e+00
-2.761300200000000160e+01 3.757423131562189211e-01 0.000000000000000000e+00 2.412505171061815279e+00
-2.793550600000002859e+01 3.801307675141385456e-01 0.000000000000000000e+00 2.160344192452357426e+00
-2.807156800000002761e+01 3.819822232382449334e-01 0.000000000000000000e+00 2.532584345056298591e+00
-2.868020400000001402e+01 3.902642020868374306e-01 0.000000000000000000e+00 2.750962251481241960e+00
-2.827325600000001771e+01 3.847266809272657517e-01 0.000000000000000000e+00 2.854054686511805716e+00
-2.848736200000001517e+01 3.876401158265434521e-01 0.000000000000000000e+00 2.833969680938878355e+00
-2.904175400000000806e+01 3.951839726109416251e-01 0.000000000000000000e+00 2.655530286878553525e+00
-2.968595000000001605e+01 4.039498320841704015e-01 0.000000000000000000e+00 2.601175120202328106e+00
-2.884456600000000748e+01 3.925007484092901677e-01 0.000000000000000000e+00 2.644765493956740432e+00
-2.888413400000001374e+01 3.930391676600101247e-01 0.000000000000000000e+00 2.869863263564937483e+00
-2.814148200000001410e+01 3.829335739129016702e-01 0.000000000000000000e+00 2.445955538648743488e+00
-2.741175600000001822e+01 3.730038699564020011e-01 0.000000000000000000e+00 2.640662900180156925e+00
-2.899639000000000877e+01 3.945666846284897611e-01 0.000000000000000000e+00 2.816902596448586316e+00
-2.736108000000001894e+01 3.723142992439708032e-01 0.000000000000000000e+00 2.905238156617572454e+00
-2.858991000000002103e+01 3.890355317516046019e-01 0.000000000000000000e+00 2.906238621022581015e+00
-2.823179600000002409e+01 3.841625163969675238e-01 0.000000000000000000e+00 2.882226485605750010e+00
-2.938940200000000758e+01 3.999145724813987224e-01 0.000000000000000000e+00 2.697494511952927443e+00
-2.758266200000000623e+01 3.753294633769316824e-01 0.000000000000000000e+00 2.608383471017010624e+00
-2.855471400000003257e+01 3.885566042357249117e-01 0.000000000000000000e+00 2.478007737941301691e+00
-2.886761400000001743e+01 3.928143727241556471e-01 0.000000000000000000e+00 2.667160770474775067e+00
-2.920105400000001339e+01 3.973516380638245638e-01 0.000000000000000000e+00 2.361826637700043641e+00
-2.716548000000000940e+01 3.696526836596399357e-01 0.000000000000000000e+00 2.104305454072769255e+00
-2.847935800000001905e+01 3.875312018636754563e-01 0.000000000000000000e+00 2.279860170139804243e+00
-2.821650000000002478e+01 3.839543769696775466e-01 0.000000000000000000e+00 2.735474503480505692e+00
-2.830273800000000861e+01 3.851278555216278154e-01 0.000000000000000000e+00 2.629001235050099528e+00
-2.900327400000001532e+01 3.946603582567236868e-01 0.000000000000000000e+00 2.683890148537786402e+00
-2.863991200000001669e+01 3.897159310483719885e-01 0.000000000000000000e+00 2.401381600531180549e+00
-2.915283600000001485e+01 3.966955144429387681e-01 0.000000000000000000e+00 2.304555300362367554e+00
-2.895974800000002247e+01 3.940680807520020035e-01 0.000000000000000000e+00 2.813798823994912102e+00
-2.853056800000002013e+01 3.882280389499412343e-01 0.000000000000000000e+00 2.603558878169835111e+00
-2.816260000000000119e+01 3.832209358654061204e-01 0.000000000000000000e+00 2.424073449232247768e+00
-2.906357000000000212e+01 3.954808325577092165e-01 0.000000000000000000e+00 2.479255861537831951e+00
-2.894293799999999806e+01 3.938393396580722183e-01 0.000000000000000000e+00 2.213603757611811051e+00
-2.867184400000002142e+01 3.901504438747465109e-01 0.000000000000000000e+00 2.028322728605528980e+00
-2.898688400000001053e+01 3.944373322882819832e-01 0.000000000000000000e+00 2.661529606259141367e+00
-2.864509200000000888e+01 3.897864175960550903e-01 0.000000000000000000e+00 3.028430478643311385e+00
-2.827071400000001233e+01 3.846920908106227222e-01 0.000000000000000000e+00 2.052051929611486081e+00
-2.785114200000001006e+01 3.789827893078168142e-01 0.000000000000000000e+00 2.671798680085206712e+00
-2.862490800000001201e+01 3.895117649940401106e-01 0.000000000000000000e+00 3.261653034135738594e+00
-2.928307999999999822e+01 3.984678020715969327e-01 0.000000000000000000e+00 2.871464355665691581e+00
-2.807523800000000946e+01 3.820321625490549766e-01 0.000000000000000000e+00 2.770149786081845367e+00
-2.808864400000002703e+01 3.822145839116499744e-01 0.000000000000000000e+00 2.311747717978715588e+00
-2.880534600000000012e+01 3.919670645482601912e-01 0.000000000000000000e+00 3.118090683574475275e+00
-2.733696000000002968e+01 3.719860877516700803e-01 0.000000000000000000e+00 2.571890195434815674e+00
-2.827705400000001390e+01 3.847783619906056107e-01 0.000000000000000000e+00 2.948272063957997791e+00
-2.802555000000001328e+01 3.813560359889618390e-01 0.000000000000000000e+00 2.279714253824568715e+00
-2.875619000000002501e+01 3.912981771471185644e-01 0.000000000000000000e+00 3.051447929518977809e+00
-2.853625400000001378e+01 3.883054108630930035e-01 0.000000000000000000e+00 2.713904197092067871e+00
-2.851615600000001294e+01 3.880319285010588315e-01 0.000000000000000000e+00 2.511838832341877215e+00
-2.864132200000002371e+01 3.897351175410811996e-01 0.000000000000000000e+00 2.769027675008983280e+00
-2.824760000000001980e+01 3.843775684046094043e-01 0.000000000000000000e+00 2.774844882223876485e+00
-2.844887800000001832e+01 3.871164470425588755e-01 0.000000000000000000e+00 2.991890549353215967e+00
-2.882734600000003056e+01 3.922664282642895905e-01 0.000000000000000000e+00 2.609850480775487203e+00
-2.888114000000001980e+01 3.929984269797469620e-01 0.000000000000000000e+00 2.448275469332929166e+00
-2.856107200000000645e+01 3.886431203496569231e-01 0.000000000000000000e+00 2.073007500952676274e+00
-2.814508400000001132e+01 3.829825879176805836e-01 0.000000000000000000e+00 2.468307235461238758e+00
-2.924843200000001531e+01 3.979963314337346958e-01 0.000000000000000000e+00 2.770260647142623878e+00
-2.928952000000000666e+01 3.985554339957437242e-01 0.000000000000000000e+00 2.902034787503207536e+00
-2.906587000000001453e+01 3.955121296734760428e-01 0.000000000000000000e+00 2.546288012524755562e+00
-2.834192000000002309e+01 3.856610222998756998e-01 0.000000000000000000e+00 2.368815574983166083e+00
-2.869553000000002285e+01 3.904727497373767231e-01 0.000000000000000000e+00 2.099733107498968021e+00
-2.874443600000001453e+01 3.911382352781090921e-01 0.000000000000000000e+00 2.731577274389951349e+00
-2.831358200000001801e+01 3.852754146187469808e-01 0.000000000000000000e+00 2.246386136805585743e+00
-2.798566200000001558e+01 3.808132623569179809e-01 0.000000000000000000e+00 2.602785170037991147e+00
-2.953314400000003204e+01 4.018705333572828997e-01 0.000000000000000000e+00 2.629324911025911149e+00
-2.808754200000001688e+01 3.821995885109651381e-01 0.000000000000000000e+00 2.571142754118596940e+00
-2.844415000000001470e+01 3.870521110584959068e-01 0.000000000000000000e+00 2.625345842095105908e+00
-2.852043400000002649e+01 3.880901411363850695e-01 0.000000000000000000e+00 2.959938553969788888e+00
-2.896745400000000004e+01 3.941729396972616373e-01 0.000000000000000000e+00 3.211389426332408092e+00
-2.841291400000001488e+01 3.866270690115012343e-01 0.000000000000000000e+00 2.361662449773613837e+00
-2.921719800000003175e+01 3.975713166016235367e-01 0.000000000000000000e+00 2.890519017180621653e+00
-2.909470200000003715e+01 3.959044594307740139e-01 0.000000000000000000e+00 2.288847162951142433e+00
-2.916214200000002066e+01 3.968221452948191286e-01 0.000000000000000000e+00 2.429432615689881114e+00
-2.838943000000002570e+01 3.863075118520820084e-01 0.000000000000000000e+00 2.567055273906841517e+00
-2.879763600000001134e+01 3.918621511732338081e-01 0.000000000000000000e+00 2.758147243947822513e+00
-2.863275200000000353e+01 3.896185017662460170e-01 0.000000000000000000e+00 2.827844683363688993e+00
-2.834800200000000814e+01 3.857437827599158875e-01 0.000000000000000000e+00 2.758270939657961662e+00
-2.837645200000002887e+01 3.861309144745082023e-01 0.000000000000000000e+00 2.508856355437309560e+00
-2.849798200000001813e+01 3.877846268567356480e-01 0.000000000000000000e+00 2.312121920188064284e+00
-2.805851000000001250e+01 3.818045372653398606e-01 0.000000000000000000e+00 2.397565881527059517e+00
-2.855506600000001072e+01 3.885613940551810863e-01 0.000000000000000000e+00 2.888084769881978708e+00
-2.869181000000000381e+01 3.904221300544842843e-01 0.000000000000000000e+00 2.512810502226741516e+00
-2.896012400000001819e+01 3.940731971500576747e-01 0.000000000000000000e+00 2.477857781976400720e+00
-2.872430600000002343e+01 3.908643174779426466e-01 0.000000000000000000e+00 2.451184918073277430e+00
-2.804528999999999783e+01 3.816246468868894626e-01 0.000000000000000000e+00 2.396947930960823925e+00
-2.858378800000001974e+01 3.889522269938986976e-01 0.000000000000000000e+00 2.485520963755624368e+00
-2.829798200000002950e+01 3.850631385291992670e-01 0.000000000000000000e+00 2.542664388789082963e+00
-2.852759000000002132e+01 3.881875159887442361e-01 0.000000000000000000e+00 2.338285043562802201e+00
-2.799744600000001071e+01 3.809736124491763798e-01 0.000000000000000000e+00 2.078693576099462259e+00
-2.986306800000001971e+01 4.063599549321535997e-01 0.000000000000000000e+00 2.587863125542271270e+00
-3.031976400000001348e+01 4.125744190983167137e-01 0.000000000000000000e+00 3.102503063803987438e+00
-2.886761200000001182e+01 3.928143455092723002e-01 0.000000000000000000e+00 2.631922190035260289e+00
-2.951008200000000059e+01 4.015567185382342141e-01 0.000000000000000000e+00 2.140399929229690912e+00
-2.946220200000000844e+01 4.009051942326220530e-01 0.000000000000000000e+00 2.745376842855801414e+00
-2.999132600000001148e+01 4.081052181817194091e-01 0.000000000000000000e+00 2.560755360728351526e+00
-3.028916200000002235e+01 4.121580041693204133e-01 0.000000000000000000e+00 2.656030353619757811e+00
-2.947162800000000260e+01 4.010334579774987862e-01 0.000000000000000000e+00 2.239152293965668505e+00
-2.972275200000001050e+01 4.044506131513203595e-01 0.000000000000000000e+00 2.982273746097535039e+00
-2.998621600000002019e+01 4.080356841549509506e-01 0.000000000000000000e+00 2.480950996333071146e+00
-2.962737400000002097e+01 4.031527625828015826e-01 0.000000000000000000e+00 2.195099813778062181e+00
-2.954578400000003313e+01 4.020425314195831823e-01 0.000000000000000000e+00 2.499347608239422147e+00
-3.038102200000001574e+01 4.134079837581579042e-01 0.000000000000000000e+00 2.974959040803857313e+00
-3.018195000000001826e+01 4.106991231364611195e-01 0.000000000000000000e+00 2.052590451875705657e+00
-2.939008599999999660e+01 3.999238799714787684e-01 0.000000000000000000e+00 2.573010550215290237e+00
-2.971660000000001745e+01 4.043669001703654176e-01 0.000000000000000000e+00 3.048816544434276743e+00
-3.003461000000002201e+01 4.086942026855650001e-01 0.000000000000000000e+00 1.840700048729813965e+00
-2.970366600000000545e+01 4.041909015202234667e-01 0.000000000000000000e+00 2.283248803930597592e+00
-2.949687000000000126e+01 4.013769370193171482e-01 0.000000000000000000e+00 2.348812980136257167e+00
-2.961818800000002128e+01 4.030277646239178169e-01 0.000000000000000000e+00 2.435992175074924493e+00
-2.998570799999999181e+01 4.080287715745986032e-01 0.000000000000000000e+00 2.533968225135421637e+00
-3.022295800000001620e+01 4.112571371031392142e-01 0.000000000000000000e+00 2.701688262646379179e+00
-3.048918199999999601e+01 4.148797646456893751e-01 0.000000000000000000e+00 2.731941986620247675e+00
-2.928022800000002235e+01 3.984289936480465699e-01 0.000000000000000000e+00 1.948919326350431858e+00
-3.022902400000000966e+01 4.113396798441132929e-01 0.000000000000000000e+00 2.892221422888320514e+00
-3.039620400000001865e+01 4.136145719371012164e-01 0.000000000000000000e+00 2.548545941541068949e+00
-3.003151000000000792e+01 4.086520196164880048e-01 0.000000000000000000e+00 2.349514496226783322e+00
-3.038201600000001079e+01 4.134215095551456720e-01 0.000000000000000000e+00 2.623077744228460073e+00
-2.959300800000002951e+01 4.026851292434810992e-01 0.000000000000000000e+00 2.750544183868003589e+00
-3.045885200000002513e+01 4.144670509408188708e-01 0.000000000000000000e+00 3.173171228558826495e+00
-2.958179200000001430e+01 4.025325081780726233e-01 0.000000000000000000e+00 2.478379894884901624e+00
-2.959582000000001401e+01 4.027233933693660228e-01 0.000000000000000000e+00 2.141765657610843920e+00
-3.020673600000002068e+01 4.110363971848927656e-01 0.000000000000000000e+00 2.386463426233789153e+00
-2.986299400000000759e+01 4.063589479814722072e-01 0.000000000000000000e+00 2.491224180100857666e+00
-2.961543400000001469e+01 4.029902897296475661e-01 0.000000000000000000e+00 2.518917697366281683e+00
-3.004147799999999791e+01 4.087876585947322616e-01 0.000000000000000000e+00 3.080215122737272715e+00
-2.952861199999999542e+01 4.018088644317804325e-01 0.000000000000000000e+00 2.313956219489282429e+00
-2.967694200000000038e+01 4.038272562498979590e-01 0.000000000000000000e+00 2.239116511428902001e+00
-3.010013200000004474e+01 4.095857894765495555e-01 0.000000000000000000e+00 2.796016511594141107e+00
-3.003032000000002100e+01 4.086358267609393469e-01 0.000000000000000000e+00 2.742075993318075611e+00
-3.012558000000002778e+01 4.099320716513450980e-01 0.000000000000000000e+00 2.484127909408658130e+00
-3.022506399999999971e+01 4.112857943752279422e-01 0.000000000000000000e+00 3.068888760536864879e+00
-3.038829800000001669e+01 4.135069915035136656e-01 0.000000000000000000e+00 2.988735657075538121e+00
-2.988920800000001066e+01 4.067156534565624648e-01 0.000000000000000000e+00 2.582713908912267708e+00
-3.028726000000001406e+01 4.121321228153254634e-01 0.000000000000000000e+00 2.967686813705655346e+00
-2.929593600000001530e+01 3.986427393412911857e-01 0.000000000000000000e+00 2.577256224979572963e+00
-3.058661400000001507e+01 4.162055648993323587e-01 0.000000000000000000e+00 3.131619134221500733e+00
-3.020348800000001432e+01 4.109922002144534847e-01 0.000000000000000000e+00 2.580280520857992421e+00
-3.020591400000002480e+01 4.110252118678666688e-01 0.000000000000000000e+00 2.469052392758375181e+00
-3.004769800000000401e+01 4.088722968817187220e-01 0.000000000000000000e+00 2.922462506209100752e+00
-2.970158600000000959e+01 4.041625980416171382e-01 0.000000000000000000e+00 2.864867964275371826e+00
-3.066070200000002544e+01 4.172137130353851808e-01 0.000000000000000000e+00 2.589866101838182999e+00
-2.979775000000002549e+01 4.054711440592634886e-01 0.000000000000000000e+00 2.285114003013345663e+00
-3.032669400000000692e+01 4.126687186688657305e-01 0.000000000000000000e+00 2.615087132519814617e+00
-2.969788600000002177e+01 4.041122505075578908e-01 0.000000000000000000e+00 2.720264458958118414e+00
-3.047390200000002736e+01 4.146718429374660064e-01 0.000000000000000000e+00 2.352120946264146806e+00
-2.991690400000003081e+01 4.070925251601600348e-01 0.000000000000000000e+00 2.067018605318131197e+00
-3.038354200000000205e+01 4.134422745110846731e-01 0.000000000000000000e+00 2.815488485495110993e+00
-2.989141000000002180e+01 4.067456170430487905e-01 0.000000000000000000e+00 2.535651806127803276e+00
-3.010013600000002398e+01 4.095858439063158052e-01 0.000000000000000000e+00 2.683233211138677188e+00
-3.030706400000001111e+01 4.124016045895180782e-01 0.000000000000000000e+00 2.543105147058205784e+00
-3.021866000000002472e+01 4.111986523189805620e-01 0.000000000000000000e+00 2.408394539056584183e+00
-3.015912800000001681e+01 4.103885741034059009e-01 0.000000000000000000e+00 2.395962142922794857e+00
-2.966682000000001551e+01 4.036895217256415425e-01 0.000000000000000000e+00 2.165741611662122423e+00
-2.958390400000000753e+01 4.025612470948113364e-01 0.000000000000000000e+00 2.289799639328006009e+00
-3.042096600000001416e+01 4.139515194069334769e-01 0.000000000000000000e+00 2.263484170821522312e+00
-3.005445200000001194e+01 4.089642015425397625e-01 0.000000000000000000e+00 2.033103831185165689e+00
-3.019538800000001189e+01 4.108819799371882242e-01 0.000000000000000000e+00 2.347838854418929699e+00
-3.034516400000001113e+01 4.129200481159138181e-01 0.000000000000000000e+00 2.188381547509206104e+00
-3.013857200000001768e+01 4.101088595331017217e-01 0.000000000000000000e+00 2.654708269162469492e+00
-2.923394400000002236e+01 3.977991868192880531e-01 0.000000000000000000e+00 2.413895292864446152e+00
-2.961313200000001800e+01 4.029589653989976705e-01 0.000000000000000000e+00 2.392770208795021336e+00
-2.941829400000001371e+01 4.003077186851947689e-01 0.000000000000000000e+00 2.596414075310154779e+00
-3.002277600000002877e+01 4.085331722212247607e-01 0.000000000000000000e+00 2.589765407304825295e+00
-3.036662600000002854e+01 4.132120910283419990e-01 0.000000000000000000e+00 2.930246808739026765e+00
-3.009701800000003047e+01 4.095434159032896315e-01 0.000000000000000000e+00 2.137154232858794689e+00
-3.070055200000001960e+01 4.177559695846467247e-01 0.000000000000000000e+00 2.487890715895371585e+00
-3.020149400000002160e+01 4.109650669758280750e-01 0.000000000000000000e+00 2.622949171741494556e+00
-3.084858800000003498e+01 4.197703608149229715e-01 0.000000000000000000e+00 2.426472996737229160e+00
-3.070995800000001452e+01 4.178839611806907106e-01 0.000000000000000000e+00 3.065697833166013186e+00
-3.034594400000000647e+01 4.129306619203911288e-01 0.000000000000000000e+00 2.882355345378904143e+00
-2.966657400000003264e+01 4.036861742949989229e-01 0.000000000000000000e+00 2.371130464508693247e+00
-3.033013000000003245e+01 4.127154738383331800e-01 0.000000000000000000e+00 2.453292001031111003e+00
-2.962016800000001737e+01 4.030547073583604090e-01 0.000000000000000000e+00 2.585289552776038668e+00
-2.992745400000000799e+01 4.072360836694372543e-01 0.000000000000000000e+00 2.228573294911324609e+00
-2.980729400000001661e+01 4.056010134822534141e-01 0.000000000000000000e+00 2.204577660729115873e+00
-3.123286800000002472e+01 4.249994284874515915e-01 0.000000000000000000e+00 3.202193860618975041e+00
-2.995785400000000465e+01 4.076497498952227905e-01 0.000000000000000000e+00 2.358220146482674195e+00
-3.029058600000001178e+01 4.121773811662123310e-01 0.000000000000000000e+00 2.708046368201119325e+00
-3.135036600000002949e+01 4.265982756649960850e-01 0.000000000000000000e+00 2.793006399332287337e+00
-3.096148200000001083e+01 4.213065593311671742e-01 0.000000000000000000e+00 3.047297682692889254e+00
-3.017090000000002092e+01 4.105487609063647736e-01 0.000000000000000000e+00 2.730484375795739105e+00
-3.080136600000001934e+01 4.191277902059080684e-01 0.000000000000000000e+00 2.257782619208501540e+00
-3.119680400000000375e+01 4.245086897122298808e-01 0.000000000000000000e+00 2.728942046381543474e+00
-3.056972000000001444e+01 4.159756807803053347e-01 0.000000000000000000e+00 2.408609718774243014e+00
-2.998580800000001290e+01 4.080301323187626727e-01 0.000000000000000000e+00 2.581219410195831898e+00
-2.972806600000003030e+01 4.045229230961832623e-01 0.000000000000000000e+00 2.925677706043576354e+00
-3.061750800000000794e+01 4.166259532012868694e-01 0.000000000000000000e+00 2.717698671194086479e+00
-2.997365800000001101e+01 4.078648019028647820e-01 0.000000000000000000e+00 2.172978938626219048e+00
-3.020191600000001486e+01 4.109708093161990594e-01 0.000000000000000000e+00 2.575890239549437855e+00
-3.005236000000002505e+01 4.089357347746339078e-01 0.000000000000000000e+00 2.724090083353011948e+00
-3.005580000000002627e+01 4.089825443738675514e-01 0.000000000000000000e+00 2.207233321183199148e+00
-3.035019000000001910e+01 4.129884391175849268e-01 0.000000000000000000e+00 2.469695611944225710e+00
-3.041150599999999926e+01 4.138227930090407902e-01 0.000000000000000000e+00 2.715080489006139519e+00
-3.060420999999999836e+01 4.164450014423888291e-01 0.000000000000000000e+00 2.360832988993331938e+00
-3.027052600000003935e+01 4.119044158869608063e-01 0.000000000000000000e+00 2.348745939132177885e+00
-3.066583600000002363e+01 4.172835736407529694e-01 0.000000000000000000e+00 2.781824579991058144e+00
-3.006090600000002055e+01 4.090520239708694827e-01 0.000000000000000000e+00 2.947059615435923430e+00
-3.093444800000002814e+01 4.209386957539343332e-01 0.000000000000000000e+00 2.342576249634041652e+00
-3.121053000000001987e+01 4.246954654561489462e-01 0.000000000000000000e+00 2.773497102736703468e+00
-3.047113800000001760e+01 4.146342319687793543e-01 0.000000000000000000e+00 2.420247387421210039e+00
-3.011125800000001007e+01 4.097371858722099747e-01 0.000000000000000000e+00 2.784754327926441952e+00
-2.987212800000001423e+01 4.064832383533908966e-01 0.000000000000000000e+00 2.246042254299096541e+00
-3.034376600000000224e+01 4.129010249125041887e-01 0.000000000000000000e+00 2.138952692476040696e+00
-3.033530200000000221e+01 4.127858515264828387e-01 0.000000000000000000e+00 2.039531699763304395e+00
-3.047514600000002361e+01 4.146887705948632541e-01 0.000000000000000000e+00 2.484567342105781229e+00
-3.027892000000001715e+01 4.120186367520672355e-01 0.000000000000000000e+00 2.453098416618494149e+00
-3.049325200000001246e+01 4.149351469331549747e-01 0.000000000000000000e+00 2.256887247555308562e+00
-3.032766200000002499e+01 4.126818906723712654e-01 0.000000000000000000e+00 2.703802628427398602e+00
-3.012123600000002810e+01 4.098729609248709660e-01 0.000000000000000000e+00 2.906403118213231274e+00
-3.051085600000000042e+01 4.151746923357446106e-01 0.000000000000000000e+00 2.906643114733606925e+00
-3.086549200000000326e+01 4.200003810083658973e-01 0.000000000000000000e+00 2.627416375152633154e+00
-2.943572000000001765e+01 4.005448419631730816e-01 0.000000000000000000e+00 2.320256925689937688e+00
-2.995727200000000678e+01 4.076418303641896612e-01 0.000000000000000000e+00 2.625279217553281530e+00
-3.084645000000002568e+01 4.197412681047014704e-01 0.000000000000000000e+00 2.801876651532690055e+00
-2.970211200000000673e+01 4.041697555559185528e-01 0.000000000000000000e+00 2.434277714677965498e+00
-3.032305800000002449e+01 4.126192420110713632e-01 0.000000000000000000e+00 2.792465855942023456e+00
-3.020923200000001785e+01 4.110703613592203709e-01 0.000000000000000000e+00 2.384808587828762594e+00
-3.062068600000001695e+01 4.166691976508115069e-01 0.000000000000000000e+00 3.149652742155181873e+00
-3.082548400000000655e+01 4.194559744833255555e-01 0.000000000000000000e+00 3.038278080008244952e+00
-3.040797000000002015e+01 4.137746770954102149e-01 0.000000000000000000e+00 2.236106312388351114e+00
-3.043104800000000765e+01 4.140887096335245099e-01 0.000000000000000000e+00 2.169904256347070071e+00
-3.047777200000000164e+01 4.147245037366035225e-01 0.000000000000000000e+00 2.201346380303828010e+00
-3.119143200000000249e+01 4.244355905357522496e-01 0.000000000000000000e+00 2.858184571899873294e+00
-3.047158600000000916e+01 4.146403281026329046e-01 0.000000000000000000e+00 2.422434090544950624e+00
-3.059993000000002539e+01 4.163867615921799104e-01 0.000000000000000000e+00 2.856083708330324544e+00
-3.053434000000001447e+01 4.154942494951641141e-01 0.000000000000000000e+00 2.260133888319741047e+00
-3.022815200000002278e+01 4.113278141550054112e-01 0.000000000000000000e+00 2.522674754154503152e+00
-3.035987600000001763e+01 4.131202407972874857e-01 0.000000000000000000e+00 2.926436406318487560e+00
-3.074314400000003289e+01 4.183355377388791041e-01 0.000000000000000000e+00 2.334361305520443963e+00
-3.049691600000001301e+01 4.149850045993154768e-01 0.000000000000000000e+00 2.521527936367714773e+00
-3.020272400000001767e+01 4.109818041290423385e-01 0.000000000000000000e+00 2.440279970819708044e+00
-3.003388600000001318e+01 4.086843508978191819e-01 0.000000000000000000e+00 2.369115505113606357e+00
-2.986731000000002467e+01 4.064176776995807039e-01 0.000000000000000000e+00 2.141226996939895155e+00
-3.000655800000003026e+01 4.083124867327448393e-01 0.000000000000000000e+00 2.166020370609415657e+00
-2.988814400000000404e+01 4.067011751386598872e-01 0.000000000000000000e+00 2.856091589946943010e+00
-3.072713400000002792e+01 4.181176825982597101e-01 0.000000000000000000e+00 2.622835510433683126e+00
-3.137111800000003115e+01 4.268806572938613209e-01 0.000000000000000000e+00 3.071892521017430600e+00
-3.066307400000001593e+01 4.172459898869496087e-01 0.000000000000000000e+00 2.583587454113861703e+00
-3.037072800000001749e+01 4.132679087539395946e-01 0.000000000000000000e+00 2.674976704970974950e+00
-3.058524400000001009e+01 4.161869227042886976e-01 0.000000000000000000e+00 2.521757158997181225e+00
-3.024038200000001453e+01 4.114942331662341801e-01 0.000000000000000000e+00 2.910299350508760874e+00
-3.038532200000001282e+01 4.134664957571999033e-01 0.000000000000000000e+00 2.671354695393709733e+00
-3.065954200000000895e+01 4.171979284030852275e-01 0.000000000000000000e+00 2.594425810754878547e+00
-2.968322600000002254e+01 4.039127654131494660e-01 0.000000000000000000e+00 2.497687468889265183e+00
-3.079003800000001334e+01 4.189736451070363299e-01 0.000000000000000000e+00 2.514952443142551175e+00
-3.018893800000000383e+01 4.107942119386250868e-01 0.000000000000000000e+00 2.415084671530715266e+00
-3.001206000000004437e+01 4.083873548766355777e-01 0.000000000000000000e+00 2.238776530323487002e+00
-3.054458200000003387e+01 4.156336169124175695e-01 0.000000000000000000e+00 2.900649536606961565e+00
-3.045174200000002074e+01 4.143703020307749063e-01 0.000000000000000000e+00 2.095145616654331189e+00
-3.023462200000003008e+01 4.114158543024013515e-01 0.000000000000000000e+00 2.860548136905148198e+00
-3.077265000000001649e+01 4.187370389118403313e-01 0.000000000000000000e+00 2.382989771783387667e+00
-3.078445200000001591e+01 4.188976339380482972e-01 0.000000000000000000e+00 3.262480683312294794e+00
-3.090913200000001737e+01 4.205942097614345787e-01 0.000000000000000000e+00 2.422407623651988473e+00
-3.087066400000002986e+01 4.200707586965163887e-01 0.000000000000000000e+00 2.225757286427441528e+00
-3.033077800000001290e+01 4.127242914605140922e-01 0.000000000000000000e+00 2.770847247286276627e+00
-3.025633200000000045e+01 4.117112718603549992e-01 0.000000000000000000e+00 2.640457917773224583e+00
-3.058507400000002008e+01 4.161846094392104289e-01 0.000000000000000000e+00 2.821337733521085855e+00
-3.093999000000002653e+01 4.210141081954903441e-01 0.000000000000000000e+00 2.447676264388844114e+00
-3.077043600000002144e+01 4.187069120360545904e-01 0.000000000000000000e+00 2.999946961602534934e+00
-3.024881000000002018e+01 4.116089166843566183e-01 0.000000000000000000e+00 2.383791128802516646e+00
-3.068555400000001754e+01 4.175518851749647209e-01 0.000000000000000000e+00 2.353259905087605741e+00
-3.074796000000000618e+01 4.184010711778058389e-01 0.000000000000000000e+00 2.844577749496275398e+00
-3.032398600000000854e+01 4.126318697169109040e-01 0.000000000000000000e+00 2.780129995544318611e+00
-2.993505000000003236e+01 4.073394457961174164e-01 0.000000000000000000e+00 2.298410373354469627e+00
-3.044471400000002248e+01 4.142746689309452779e-01 0.000000000000000000e+00 2.932914160030096973e+00
-3.067232800000001802e+01 4.173719131518647818e-01 0.000000000000000000e+00 2.163751165797700882e+00
-2.987498600000002824e+01 4.065221284215915776e-01 0.000000000000000000e+00 2.782510030331055262e+00
-3.103886600000002005e+01 4.223595575948577707e-01 0.000000000000000000e+00 2.443205055470119458e+00
-3.035120200000001489e+01 4.130022098485222060e-01 0.000000000000000000e+00 2.057790120639619857e+00
-3.090774600000000305e+01 4.205753498473245866e-01 0.000000000000000000e+00 3.277646434097725159e+00
-3.064204600000002543e+01 4.169598526041925490e-01 0.000000000000000000e+00 2.649385173709309260e+00
-2.980102800000001650e+01 4.055157492529516960e-01 0.000000000000000000e+00 2.579658987567420958e+00
-3.017608800000001423e+01 4.106193563135809854e-01 0.000000000000000000e+00 2.723700799854358312e+00
-3.081971200000000977e+01 4.193774323301928675e-01 0.000000000000000000e+00 2.805958196671986649e+00
-3.104172600000001125e+01 4.223984748779414100e-01 0.000000000000000000e+00 2.974105357124520399e+00
-3.090938200000001146e+01 4.205976116218439476e-01 0.000000000000000000e+00 2.644318264451752665e+00
-3.041542400000001578e+01 4.138761069653774660e-01 0.000000000000000000e+00 2.710074392699144408e+00
-3.047554400000002062e+01 4.146941863566350195e-01 0.000000000000000000e+00 2.315801007846622461e+00
-3.030062400000001333e+01 4.123139726653714532e-01 0.000000000000000000e+00 2.598294424616644172e+00
-3.108739199999999414e+01 4.230198723077676082e-01 0.000000000000000000e+00 3.004328119636802352e+00
-3.016488600000001696e+01 4.104669257523557158e-01 0.000000000000000000e+00 2.282617652981114187e+00
-3.008306400000000380e+01 4.093535376626770139e-01 0.000000000000000000e+00 2.638774784849126309e+00
-3.016844600000001364e+01 4.105153682445857877e-01 0.000000000000000000e+00 2.427100876713082833e+00
-2.939059800000002198e+01 3.999308469815975875e-01 0.000000000000000000e+00 2.460105009747726168e+00
-3.104984799999999368e+01 4.225089945189224316e-01 0.000000000000000000e+00 2.674005624091453814e+00
-3.003722600000002529e+01 4.087297997528892002e-01 0.000000000000000000e+00 2.157431109455048901e+00
-3.093864600000000564e+01 4.209958197939290270e-01 0.000000000000000000e+00 2.707993402086019241e+00
-3.034335400000001925e+01 4.128954186465497167e-01 0.000000000000000000e+00 2.519267751695185353e+00
-3.050193400000003052e+01 4.150532867414535865e-01 0.000000000000000000e+00 2.568959279915239868e+00
-3.031885400000002306e+01 4.125620363264265178e-01 0.000000000000000000e+00 2.686827400689324019e+00
-3.083294000000002910e+01 4.195574315681764310e-01 0.000000000000000000e+00 2.792701143981567657e+00
-3.014291000000002541e+01 4.101678886149260905e-01 0.000000000000000000e+00 2.243646904353298943e+00
-3.064258000000001658e+01 4.169671189780269627e-01 0.000000000000000000e+00 2.663560529847522673e+00
-3.139950800000000797e+01 4.272669725619547831e-01 0.000000000000000000e+00 2.776730003194841423e+00
-3.044684200000002150e+01 4.143036255667502665e-01 0.000000000000000000e+00 2.563128219132459140e+00
-3.003993800000001357e+01 4.087667031346104429e-01 0.000000000000000000e+00 2.470916744068316628e+00
-3.070903000000001981e+01 4.178713334748510033e-01 0.000000000000000000e+00 2.687900487331698063e+00
-2.990226000000003026e+01 4.068932577848177745e-01 0.000000000000000000e+00 2.868818057892994045e+00
-3.109347000000001771e+01 4.231025783380417682e-01 0.000000000000000000e+00 2.572415718382590200e+00
-3.033548400000001166e+01 4.127883280808610222e-01 0.000000000000000000e+00 2.836860616548019909e+00
-3.056991600000001696e+01 4.159783478388663913e-01 0.000000000000000000e+00 2.643371666683718590e+00
-3.054182000000001906e+01 4.155960331586140422e-01 0.000000000000000000e+00 2.756024445435559578e+00
-3.044893200000002054e+01 4.143320651197729965e-01 0.000000000000000000e+00 2.564485865218416372e+00
-3.060056800000001687e+01 4.163954431399446432e-01 0.000000000000000000e+00 2.284533260771599572e+00
-3.046182000000000301e+01 4.145074378275991900e-01 0.000000000000000000e+00 2.508310484623609504e+00
-3.105492200000002256e+01 4.225780386777924225e-01 0.000000000000000000e+00 2.609002072916157822e+00
-3.147287800000001923e+01 4.282653505549117723e-01 0.000000000000000000e+00 2.269574797696562563e+00
-3.035559200000001923e+01 4.130619465173116511e-01 0.000000000000000000e+00 3.041261563315627470e+00
-3.008729600000002335e+01 4.094111243556879942e-01 0.000000000000000000e+00 2.480053014825988278e+00
-2.996826200000003126e+01 4.077913761477881538e-01 0.000000000000000000e+00 3.133779969159779633e+00
-3.041609000000002894e+01 4.138851695215083337e-01 0.000000000000000000e+00 2.096703102130782703e+00
-3.081201800000000546e+01 4.192727366742324824e-01 0.000000000000000000e+00 2.787668785029215446e+00
-3.041386000000002454e+01 4.138548249266562618e-01 0.000000000000000000e+00 2.116404955521881348e+00
-3.057440800000001246e+01 4.160394724667027533e-01 0.000000000000000000e+00 2.421554457918018155e+00
-2.978315800000001801e+01 4.052725842708863047e-01 0.000000000000000000e+00 2.577814252940390904e+00
-3.101688000000000756e+01 4.220603843830115220e-01 0.000000000000000000e+00 2.948030593292732870e+00
-3.039240600000000825e+01 4.135628908737611908e-01 0.000000000000000000e+00 2.343341503404869908e+00
-3.002951800000002081e+01 4.086249135927458864e-01 0.000000000000000000e+00 2.451097387396308669e+00
-3.090595600000001042e+01 4.205509925267932325e-01 0.000000000000000000e+00 3.042332546069336008e+00
-3.098583600000001681e+01 4.216379549648113789e-01 0.000000000000000000e+00 2.658003288014322507e+00
