-1.910721800000001735e+01 3.449560302074554108e-01 0.000000000000000000e+00 2.271506645306750283e+00
-1.835574400000001916e+01 3.313891421422165418e-01 0.000000000000000000e+00 2.374921100585036804e+00
-1.966722400000000093e+01 3.550662119540786144e-01 0.000000000000000000e+00 2.636298251820058169e+00
-1.953114000000000061e+01 3.526093918971371921e-01 0.000000000000000000e+00 2.476683699439778508e+00
-1.960711000000001647e+01 3.539809316793737226e-01 0.000000000000000000e+00 2.246250858091042968e+00
-1.930101200000000716e+01 3.484547294381869498e-01 0.000000000000000000e+00 1.964194583608963152e+00
-1.931120800000000770e+01 3.486388049893213714e-01 0.000000000000000000e+00 2.673981412478177333e+00
-1.994003600000002052e+01 3.599914786523997767e-01 0.000000000000000000e+00 2.241853955520481279e+00
-1.921344000000000918e+01 3.468737305990400310e-01 0.000000000000000000e+00 2.608726143797645669e+00
-1.937542399999999887e+01 3.497981415518601200e-01 0.000000000000000000e+00 2.819490426741841027e+00
-1.933515200000000789e+01 3.490710828430249602e-01 0.000000000000000000e+00 2.184412270190216443e+00
-1.950085800000001512e+01 3.520626896767126146e-01 0.000000000000000000e+00 1.892881898869199775e+00
-1.954739599999999911e+01 3.529028728856857255e-01 0.000000000000000000e+00 2.472672501194943084e+00
-1.949777600000000888e+01 3.520070481654731798e-01 0.000000000000000000e+00 2.117030831528063484e+00
-1.999578200000000905e+01 3.609979003543943299e-01 0.000000000000000000e+00 2.114801243013277876e+00
-1.978173800000001137e+01 3.571336136471550127e-01 0.000000000000000000e+00 2.258306772460600520e+00
-1.970406600000001163e+01 3.557313464631896016e-01 0.000000000000000000e+00 2.135547027227213679e+00
-1.943492400000000586e+01 3.508723368532036258e-01 0.000000000000000000e+00 2.116206719252658797e+00
-2.006518000000001223e+01 3.622507912035141664e-01 0.000000000000000000e+00 2.438911448854495845e+00
-1.945688800000000995e+01 3.512688683758710129e-01 0.000000000000000000e+00 2.712801832661001278e+00
-2.079975000000001017e+01 3.755124994809562189e-01 0.000000000000000000e+00 2.516349676103112998e+00
-1.963526200000000443e+01 3.544891795133805479e-01 0.000000000000000000e+00 1.994364192082937137e+00
-1.946299400000001967e+01 3.513791042836023615e-01 0.000000000000000000e+00 2.411616085072791460e+00
-2.027734200000001508e+01 3.660811008425665647e-01 0.000000000000000000e+00 2.609356992397501962e+00
-1.997290800000001099e+01 3.605849399624123652e-01 0.000000000000000000e+00 2.337932694319423188e+00
-1.962338800000000560e+01 3.542748098493780362e-01 0.000000000000000000e+00 2.070505330661814192e+00
-1.946451800000000887e+01 3.514066181262785471e-01 0.000000000000000000e+00 2.034041194838243527e+00
-1.950506800000000851e+01 3.521386957644209725e-01 0.000000000000000000e+00 2.743706867418455264e+00
-1.945927600000000979e+01 3.513119806175450943e-01 0.000000000000000000e+00 2.230311274969609237e+00
-1.968866200000001498e+01 3.554532472292082357e-01 0.000000000000000000e+00 2.638557051744208515e+00
-1.988564000000001286e+01 3.590094294488387350e-01 0.000000000000000000e+00 2.509205660053484888e+00
-1.928954800000001057e+01 3.482477617922273283e-01 0.000000000000000000e+00 2.478105104548206317e+00
-1.954033200000000292e+01 3.527753415309178853e-01 0.000000000000000000e+00 1.739561208046849439e+00
-1.914852200000001758e+01 3.457017203373156655e-01 0.000000000000000000e+00 2.302245724872332033e+00
-1.972779400000001360e+01 3.561597247171438552e-01 0.000000000000000000e+00 2.616953563033694419e+00
-2.024403200000001490e+01 3.654797320108396641e-01 0.000000000000000000e+00 2.570674749330308373e+00
-1.984762800000001448e+01 3.583231721077519416e-01 0.000000000000000000e+00 2.845422146312077682e+00
-1.891165000000001228e+01 3.414253037084112319e-01 0.000000000000000000e+00 2.238594676477980716e+00
-1.974510200000001348e+01 3.564721982007682533e-01 0.000000000000000000e+00 2.141763853377006477e+00
-1.895959000000000216e+01 3.422907982083505662e-01 0.000000000000000000e+00 1.936493589799184845e+00
-2.047092600000001283e+01 3.695760087957640772e-01 0.000000000000000000e+00 2.541228584068912166e+00
-1.973971800000001764e+01 3.563749970662736244e-01 0.000000000000000000e+00 2.171590644702075412e+00
-1.976391400000000687e+01 3.568118244530180672e-01 0.000000000000000000e+00 1.968982337620788448e+00
-1.976956000000001268e+01 3.569137556575792680e-01 0.000000000000000000e+00 1.981906946719382612e+00
-1.957867000000000246e+01 3.534674843790339138e-01 0.000000000000000000e+00 2.044013113357093125e+00
-1.954085000000000960e+01 3.527846933488356096e-01 0.000000000000000000e+00 2.031836215338135077e+00
-1.941719800000000973e+01 3.505523169219160740e-01 0.000000000000000000e+00 1.943879252910259758e+00
-1.919121600000000782e+01 3.464725051137113598e-01 0.000000000000000000e+00 2.376258022275418380e+00
-1.941965600000001047e+01 3.505966929227682383e-01 0.000000000000000000e+00 2.470314376522252164e+00
-1.985004800000001168e+01 3.583668620679074102e-01 0.000000000000000000e+00 2.304968082185727241e+00
-1.961619999999999919e+01 3.541450398354946127e-01 0.000000000000000000e+00 2.490509793499144031e+00
-2.002306800000000919e+01 3.614905136819986375e-01 0.000000000000000000e+00 2.688150922097893858e+00
-1.955327600000001098e+01 3.530090286566422431e-01 0.000000000000000000e+00 2.129471853956261373e+00
-1.945247800000000638e+01 3.511892515476537358e-01 0.000000000000000000e+00 2.476982105430360459e+00
-1.980480200000000224e+01 3.575500042426201230e-01 0.000000000000000000e+00 2.349162421894323227e+00
-1.935575800000001934e+01 3.494430974376383503e-01 0.000000000000000000e+00 2.323111083721372871e+00
-1.886646600000000618e+01 3.406095652126817086e-01 0.000000000000000000e+00 2.071709852555554399e+00
-1.951404600000000400e+01 3.523007819058572299e-01 0.000000000000000000e+00 2.419136656560590737e+00
-1.945878000000001151e+01 3.513030259810835387e-01 0.000000000000000000e+00 2.426911658961660390e+00
-2.017253000000002672e+01 3.641888561715684314e-01 0.000000000000000000e+00 2.712805939270521272e+00
-1.978076800000000901e+01 3.571161015556876817e-01 0.000000000000000000e+00 2.280173570430305663e+00
-1.917738600000001981e+01 3.462228224075337701e-01 0.000000000000000000e+00 2.182542480178064181e+00
-1.975485800000000580e+01 3.566483301227832969e-01 0.000000000000000000e+00 2.096488457675757644e+00
-1.895688000000001594e+01 3.422418726744577144e-01 0.000000000000000000e+00 2.465784846717780976e+00
-1.917087400000001196e+01 3.461052566965698296e-01 0.000000000000000000e+00 2.159751877940303100e+00
-1.969935600000001230e+01 3.556463135242093343e-01 0.000000000000000000e+00 2.604239632580502395e+00
-1.959757200000001021e+01 3.538087354645129134e-01 0.000000000000000000e+00 2.170486248089924075e+00
-1.959707400000000632e+01 3.537997447206461255e-01 0.000000000000000000e+00 2.809990929013001626e+00
-1.925140200000001656e+01 3.475590852549997889e-01 0.000000000000000000e+00 2.258772640441724988e+00
-1.942120200000001873e+01 3.506246039469007592e-01 0.000000000000000000e+00 2.300603235165187055e+00
-1.920189400000000290e+01 3.466652825494717094e-01 0.000000000000000000e+00 1.509373820384004805e+00
-2.039558200000001875e+01 3.682157706313202161e-01 0.000000000000000000e+00 2.404928123010008800e+00
-2.061872200000001243e+01 3.722442738168959542e-01 0.000000000000000000e+00 2.287111143460547780e+00
-1.914423400000000441e+01 3.456243060608085171e-01 0.000000000000000000e+00 2.027256243400937130e+00
-1.992007400000001738e+01 3.596310906422246489e-01 0.000000000000000000e+00 2.312289977735351609e+00
-2.014716000000001017e+01 3.637308337380373291e-01 0.000000000000000000e+00 2.125776982040622709e+00
-1.991271400000001179e+01 3.594982153915037837e-01 0.000000000000000000e+00 2.736296936491086296e+00
-1.916514800000001273e+01 3.460018811958052720e-01 0.000000000000000000e+00 2.159778773953527242e+00
-1.944451200000001023e+01 3.510454357531915814e-01 0.000000000000000000e+00 2.089055213029772595e+00
-1.971953400000001366e+01 3.560106011341337973e-01 0.000000000000000000e+00 2.587362641617205306e+00
-2.017454800000001569e+01 3.642252885433011622e-01 0.000000000000000000e+00 2.444546686715415085e+00
-1.965021200000000334e+01 3.547590823664071302e-01 0.000000000000000000e+00 2.283591365967920339e+00
-1.934717800000001375e+01 3.492881966698142548e-01 0.000000000000000000e+00 2.281412688504358854e+00
-1.930334200000000422e+01 3.484967945651134547e-01 0.000000000000000000e+00 2.126012977391333436e+00
-1.978398600000001650e+01 3.571741983704730949e-01 0.000000000000000000e+00 2.673610212103975758e+00
-1.957265200000000149e+01 3.533588371971265740e-01 0.000000000000000000e+00 2.471339293241458623e+00
-1.925878600000001839e+01 3.476923937945816667e-01 0.000000000000000000e+00 1.716801776208284114e+00
-1.948021000000001735e+01 3.516899168265926745e-01 0.000000000000000000e+00 2.222540457847207662e+00
-1.989299400000000517e+01 3.591421963773441250e-01 0.000000000000000000e+00 2.333220324095372611e+00
-1.910366800000001319e+01 3.448919395634255647e-01 0.000000000000000000e+00 2.135413535938813556e+00
-1.999161400000000910e+01 3.609226525221926329e-01 0.000000000000000000e+00 2.391071342865098703e+00
-1.954606800000000888e+01 3.528788975687079943e-01 0.000000000000000000e+00 1.795646127365643441e+00
-2.019781200000000965e+01 3.646452898792750252e-01 0.000000000000000000e+00 2.481983078319967895e+00
-1.984658000000000655e+01 3.583042518274861532e-01 0.000000000000000000e+00 2.217188737609367077e+00
-1.924095400000000566e+01 3.473704601708242357e-01 0.000000000000000000e+00 2.097694536477529237e+00
-1.891166200000001041e+01 3.414255203528417382e-01 0.000000000000000000e+00 2.221205321295060653e+00
-1.968307800000000896e+01 3.553524353542047431e-01 0.000000000000000000e+00 2.535334230694109348e+00
-1.998618800000000562e+01 3.608246931321911211e-01 0.000000000000000000e+00 2.219605877713382913e+00
-1.880133600000001337e+01 3.394337275660180842e-01 0.000000000000000000e+00 2.011761018877427976e+00
-1.987033600000000533e+01 3.587331355851115511e-01 0.000000000000000000e+00 2.422749468136888407e+00
-1.904596799999999490e+01 3.438502409266603332e-01 0.000000000000000000e+00 2.154473519549591654e+00
-2.012194000000001282e+01 3.632755193598881105e-01 0.000000000000000000e+00 2.560347458112399721e+00
-1.966087200000000124e+01 3.549515348355217204e-01 0.000000000000000000e+00 2.381912623900161119e+00
-1.987325400000002062e+01 3.587858162891340297e-01 0.000000000000000000e+00 2.336774451645392769e+00
-1.982185400000001252e+01 3.578578559783935353e-01 0.000000000000000000e+00 1.926463519300575467e+00
-1.958066400000000939e+01 3.535034834619059096e-01 0.000000000000000000e+00 2.821200777429655915e+00
-1.931488000000000937e+01 3.487050981850614573e-01 0.000000000000000000e+00 2.102591624782629953e+00
-1.986087800000001735e+01 3.585623836664545427e-01 0.000000000000000000e+00 2.309014443637209535e+00
-1.937956800000000257e+01 3.498729560952008044e-01 0.000000000000000000e+00 2.018834070401562375e+00
-1.958076600000000766e+01 3.535053249395653241e-01 0.000000000000000000e+00 2.873867811789610371e+00
-1.896919000000000466e+01 3.424641137527690282e-01 0.000000000000000000e+00 2.313047457731287615e+00
-2.049776200000001936e+01 3.700604979572238995e-01 0.000000000000000000e+00 2.808164419298510683e+00
-1.900988000000001676e+01 3.431987189092677859e-01 0.000000000000000000e+00 1.891446156684446489e+00
-1.990881000000000611e+01 3.594277337367735026e-01 0.000000000000000000e+00 2.510719422573715054e+00
-1.971578000000001296e+01 3.559428275347851778e-01 0.000000000000000000e+00 2.585136059018241284e+00
-1.962340800000001551e+01 3.542751709234290836e-01 0.000000000000000000e+00 2.267106507489004219e+00
-1.928465600000000890e+01 3.481594430793840678e-01 0.000000000000000000e+00 2.048446239574834848e+00
-1.948757400000001638e+01 3.518228642921236160e-01 0.000000000000000000e+00 2.079407577182608158e+00
-1.951700800000001124e+01 3.523542569727914353e-01 0.000000000000000000e+00 2.316458190649306914e+00
-1.950693600000000316e+01 3.521724200807723193e-01 0.000000000000000000e+00 2.488219466331357044e+00
-1.949789600000000789e+01 3.520092146097783536e-01 0.000000000000000000e+00 2.688386574381960159e+00
-1.817232400000001036e+01 3.280777320216718418e-01 0.000000000000000000e+00 1.901152221447601764e+00
-1.908890600000000859e+01 3.446254308064770622e-01 0.000000000000000000e+00 1.942360078437329829e+00
-1.946894400000000758e+01 3.514865238137364623e-01 0.000000000000000000e+00 1.935079069630285753e+00
-1.951085200000001407e+01 3.522431183799331622e-01 0.000000000000000000e+00 2.216219420293227049e+00
-2.016899400000001563e+01 3.641250182793741019e-01 0.000000000000000000e+00 2.695552363619400982e+00
-2.063844400000001755e+01 3.726003289384606232e-01 0.000000000000000000e+00 2.514587410473759999e+00
-1.903826600000000724e+01 3.437111913096698723e-01 0.000000000000000000e+00 1.994820300163258731e+00
-1.977489400000000686e+01 3.570100541069466393e-01 0.000000000000000000e+00 2.327548422906328796e+00
-1.856308200000000141e+01 3.351323607201983079e-01 0.000000000000000000e+00 2.479267671785278182e+00
-1.942622400000000482e+01 3.507152696410744119e-01 0.000000000000000000e+00 2.160039636519981876e+00
-1.952263400000000715e+01 3.524558271033015888e-01 0.000000000000000000e+00 2.420042200993589798e+00
-1.945501600000001119e+01 3.512350718447094788e-01 0.000000000000000000e+00 2.242938428959887709e+00
-1.931071400000000793e+01 3.486298864602648262e-01 0.000000000000000000e+00 2.319959993255717556e+00
-1.924610400000000965e+01 3.474634367389237699e-01 0.000000000000000000e+00 1.995604350370123070e+00
-2.008619400000000965e+01 3.626301717087650478e-01 0.000000000000000000e+00 2.367517964426633093e+00
-1.988433000000000206e+01 3.589857790985064301e-01 0.000000000000000000e+00 2.161653170280990910e+00
-2.027679000000000897e+01 3.660711351987623874e-01 0.000000000000000000e+00 2.416414638707855556e+00
-1.993587400000001608e+01 3.599163391424132774e-01 0.000000000000000000e+00 2.169785129920527744e+00
-1.951164400000000754e+01 3.522574169123475762e-01 0.000000000000000000e+00 2.052216641266440433e+00
-1.920895400000001629e+01 3.467927416894296400e-01 0.000000000000000000e+00 2.144717124500397532e+00
-1.957075200000001303e+01 3.533245351622939512e-01 0.000000000000000000e+00 1.983958298197282533e+00
-1.971964800000001006e+01 3.560126592562237180e-01 0.000000000000000000e+00 2.362617185954952070e+00
-2.000096600000000890e+01 3.610914907483802616e-01 0.000000000000000000e+00 2.534212502797935418e+00
-1.981894000000000844e+01 3.578052474891814660e-01 0.000000000000000000e+00 2.146936999917827826e+00
-1.961450800000001493e+01 3.541144929707911726e-01 0.000000000000000000e+00 2.270075472766613700e+00
-1.923183600000000482e+01 3.472058465110317571e-01 0.000000000000000000e+00 2.167098355107841101e+00
-1.947647000000000972e+01 3.516223959790795162e-01 0.000000000000000000e+00 2.328600878643698024e+00
-1.989220400000000666e+01 3.591279339523347214e-01 0.000000000000000000e+00 2.120464805627065630e+00
-1.979375200000000845e+01 3.573505108295135790e-01 0.000000000000000000e+00 2.412770236269144331e+00
-2.011507200000000850e+01 3.631515265308187246e-01 0.000000000000000000e+00 2.049473004057285941e+00
-1.952157200000001325e+01 3.524366540712003948e-01 0.000000000000000000e+00 2.522217029170642721e+00
-1.955183599999999444e+01 3.529830313249791574e-01 0.000000000000000000e+00 2.243191931043571952e+00
-1.952092000000001093e+01 3.524248830571419244e-01 0.000000000000000000e+00 2.760100088435529564e+00
-1.954371000000001146e+01 3.528363269381102896e-01 0.000000000000000000e+00 2.341862053295766799e+00
-1.957557800000000725e+01 3.534116623307692051e-01 0.000000000000000000e+00 2.394493243685720696e+00
-2.033202800000001531e+01 3.670683856198651007e-01 0.000000000000000000e+00 2.259552742821445914e+00
-1.993566400000000982e+01 3.599125478648790288e-01 0.000000000000000000e+00 2.162631956972145275e+00
-2.001855400000000884e+01 3.614090192687168801e-01 0.000000000000000000e+00 2.238329317599231594e+00
-2.005727200000001176e+01 3.621080225237994776e-01 0.000000000000000000e+00 2.507588597710896039e+00
-1.955802000000001328e+01 3.530946754215090189e-01 0.000000000000000000e+00 2.224359546185613823e+00
-1.951930000000001542e+01 3.523956360590214110e-01 0.000000000000000000e+00 2.400064158906733525e+00
-1.920272000000000645e+01 3.466801949077727429e-01 0.000000000000000000e+00 2.491008003750183164e+00
-1.919194200000001516e+01 3.464856121017581558e-01 0.000000000000000000e+00 1.935039663372366769e+00
-1.918331600000001558e+01 3.463298808636171566e-01 0.000000000000000000e+00 2.178190673621229312e+00
-1.999942200000001691e+01 3.610636158316531397e-01 0.000000000000000000e+00 2.235545415726045260e+00
-1.957781800000001482e+01 3.534521026244669684e-01 0.000000000000000000e+00 2.601681098182946794e+00
-1.983983800000000031e+01 3.581825337649371388e-01 0.000000000000000000e+00 2.374870476118517093e+00
-1.956704600000000482e+01 3.532576281406673013e-01 0.000000000000000000e+00 2.411159021498485711e+00
-1.975269800000000942e+01 3.566093341252892235e-01 0.000000000000000000e+00 2.537908314841458957e+00
-1.917139800000002126e+01 3.461147168367028071e-01 0.000000000000000000e+00 2.085498217246271047e+00
-2.005004600000000536e+01 3.619775664692194139e-01 0.000000000000000000e+00 1.997378224372128974e+00
-1.905735800000000424e+01 3.440558725986319621e-01 0.000000000000000000e+00 2.219504682261746797e+00
-1.968535400000000735e+01 3.553935255811939142e-01 0.000000000000000000e+00 1.916099405037180903e+00
-1.981810200000001387e+01 3.577901184864500372e-01 0.000000000000000000e+00 2.513591930992681078e+00
-1.939230600000001203e+01 3.501029241582011564e-01 0.000000000000000000e+00 1.892061441002721001e+00
-1.947090400000001509e+01 3.515219090707220051e-01 0.000000000000000000e+00 1.995413816068630553e+00
-1.839235400000001164e+01 3.320500881923371117e-01 0.000000000000000000e+00 2.217866360221467215e+00
-1.939750000000001151e+01 3.501966950892125841e-01 0.000000000000000000e+00 2.014511511182516479e+00
-1.996987600000000640e+01 3.605302011363001324e-01 0.000000000000000000e+00 2.311899346884559225e+00
-1.903116200000000902e+01 3.435829378068002704e-01 0.000000000000000000e+00 2.149118112334368114e+00
-1.905713400000001201e+01 3.440518285692623079e-01 0.000000000000000000e+00 1.915890869512882233e+00
-1.985659800000000885e+01 3.584851138195678244e-01 0.000000000000000000e+00 2.291680510194220144e+00
-1.991383800000001614e+01 3.595185077531628526e-01 0.000000000000000000e+00 2.137652115718164492e+00
-2.012856000000001444e+01 3.633950348707267186e-01 0.000000000000000000e+00 2.629086419118230378e+00
-1.992580000000000240e+01 3.597344661429889290e-01 0.000000000000000000e+00 2.448188227645047288e+00
-1.908532000000001361e+01 3.445606902291558638e-01 0.000000000000000000e+00 1.889548212904050173e+00
-1.964526600000001011e+01 3.546697887536267024e-01 0.000000000000000000e+00 2.594483093268592722e+00
-1.977376800000000756e+01 3.569897256378825601e-01 0.000000000000000000e+00 2.187229430580148293e+00
-2.023312200000001226e+01 3.652827661160891193e-01 0.000000000000000000e+00 2.412607592851947480e+00
-2.045565400000000267e+01 3.693002926505182804e-01 0.000000000000000000e+00 2.529806354844999383e+00
-1.990717400000000836e+01 3.593981978794122401e-01 0.000000000000000000e+00 2.519611917953823887e+00
-1.946906400000001369e+01 3.514886902580418027e-01 0.000000000000000000e+00 2.566656169420485689e+00
-1.943697600000000847e+01 3.509093830508230871e-01 0.000000000000000000e+00 2.605731291181503373e+00
-1.978943400000001063e+01 3.572725549419304425e-01 0.000000000000000000e+00 2.305668121939775439e+00
-1.966669600000001950e+01 3.550566795991358937e-01 0.000000000000000000e+00 2.068570366215236600e+00
-1.950135600000001901e+01 3.520716804205794026e-01 0.000000000000000000e+00 2.146273877875916281e+00
-1.970941600000000093e+01 3.558279337717976110e-01 0.000000000000000000e+00 2.373368396605136876e+00
-1.983280200000001514e+01 3.580555079138407759e-01 0.000000000000000000e+00 2.593920923149261260e+00
-1.985834400000000954e+01 3.585166355842089314e-01 0.000000000000000000e+00 2.328871887231101834e+00
-1.984043800000000246e+01 3.581933659864633412e-01 0.000000000000000000e+00 2.418341794642173692e+00
-1.977822200000002084e+01 3.570701368290119526e-01 0.000000000000000000e+00 2.236251273153986752e+00
-1.961754800000002064e+01 3.541693762265237799e-01 0.000000000000000000e+00 2.224523957813187458e+00
-1.830598400000001647e+01 3.304907899036476637e-01 0.000000000000000000e+00 2.421484490205763951e+00
-1.933333200000001639e+01 3.490382251043958051e-01 0.000000000000000000e+00 2.354191041863832545e+00
-1.967737200000002673e+01 3.552494209274913994e-01 0.000000000000000000e+00 2.265652676141038491e+00
-2.053129600000000465e+01 3.706659108183202322e-01 0.000000000000000000e+00 2.086144033296983391e+00
-1.947822400000000798e+01 3.516540621733409422e-01 0.000000000000000000e+00 1.624567580763781605e+00
-1.886299000000000703e+01 3.405468105426402436e-01 0.000000000000000000e+00 2.087926158447973357e+00
-2.035345200000001498e+01 3.674551681431588723e-01 0.000000000000000000e+00 2.305225228921583103e+00
-1.890888200000000552e+01 3.413753310597704704e-01 0.000000000000000000e+00 2.018921492081323876e+00
-1.934049600000000169e+01 3.491675618294177719e-01 0.000000000000000000e+00 2.360838853994335906e+00
-1.972008600000000911e+01 3.560205667779378080e-01 0.000000000000000000e+00 2.162317848276182009e+00
-2.040937800000002156e+01 3.684648395116116304e-01 0.000000000000000000e+00 2.334114824955440426e+00
-2.067145400000001132e+01 3.731962816594243115e-01 0.000000000000000000e+00 2.418586471199801302e+00
-2.021995200000002058e+01 3.650449988535902635e-01 0.000000000000000000e+00 2.341160065139079371e+00
-1.936071200000001014e+01 3.495325354800390971e-01 0.000000000000000000e+00 2.815990476169042189e+00
-1.922895000000001531e+01 3.471537435254911652e-01 0.000000000000000000e+00 2.437517497746053419e+00
-1.984416800000000691e+01 3.582607062969510037e-01 0.000000000000000000e+00 1.849597087704358600e+00
-1.817425400000000835e+01 3.281125756675808969e-01 0.000000000000000000e+00 2.241938899473787661e+00
-1.927851200000000631e+01 3.480485211309562454e-01 0.000000000000000000e+00 2.668012711616924992e+00
-2.002888800000001623e+01 3.615955862308024016e-01 0.000000000000000000e+00 2.222458798121912160e+00
-2.068607400000000496e+01 3.734602267906114159e-01 0.000000000000000000e+00 2.562443623134256221e+00
-1.950523400000000507e+01 3.521416926790431612e-01 0.000000000000000000e+00 2.872902722152898658e+00
-1.947413200000001510e+01 3.515801864225326923e-01 0.000000000000000000e+00 1.530030808356881211e+00
-1.918611000000001710e+01 3.463803229085239965e-01 0.000000000000000000e+00 2.295134331822674234e+00
-1.826087400000002248e+01 3.296763873819065771e-01 0.000000000000000000e+00 1.929551445997622183e+00
-1.906686400000000248e+01 3.442274910950112177e-01 0.000000000000000000e+00 2.538713244635732114e+00
-2.015451200000001819e+01 3.638635645591379308e-01 0.000000000000000000e+00 2.166492058012284616e+00
-2.011522800000000188e+01 3.631543429084153618e-01 0.000000000000000000e+00 2.196807077412510800e+00
-2.032184800000000635e+01 3.668845989279712616e-01 0.000000000000000000e+00 2.398749030138817684e+00
-1.926429200000000463e+01 3.477917974807864243e-01 0.000000000000000000e+00 1.864777972847213139e+00
-1.953460800000001640e+01 3.526720021375586711e-01 0.000000000000000000e+00 2.658264896456583593e+00
-1.987483200000001204e+01 3.588143050317476046e-01 0.000000000000000000e+00 2.506220070180944060e+00
-1.920225200000001209e+01 3.466717457749824427e-01 0.000000000000000000e+00 1.891996084118355625e+00
-1.958881400000000994e+01 3.536506211376361786e-01 0.000000000000000000e+00 2.034836123698188892e+00
-1.854095400000001703e+01 3.347328683903141311e-01 0.000000000000000000e+00 2.148650327950553329e+00
-1.933280600000000504e+01 3.490287288568576507e-01 0.000000000000000000e+00 2.545710943537078830e+00
-2.011055800000001170e+01 3.630700321175370227e-01 0.000000000000000000e+00 2.704395053069478028e+00
-2.041620600000000607e+01 3.685881101925789216e-01 0.000000000000000000e+00 2.728197924698146259e+00
-1.875786000000000087e+01 3.386488247942329166e-01 0.000000000000000000e+00 1.830849208493813718e+00
-2.052462200000001857e+01 3.705454204075445679e-01 0.000000000000000000e+00 1.956916336741573614e+00
-1.990910000000002000e+01 3.594329693105113854e-01 0.000000000000000000e+00 2.631150886796671085e+00
-2.088992600000000976e+01 3.771405101615266098e-01 0.000000000000000000e+00 2.202912203031856198e+00
-2.071378000000002118e+01 3.739604226732843317e-01 0.000000000000000000e+00 2.032278011682377539e+00
-2.153782200000001978e+01 3.888374318247060923e-01 0.000000000000000000e+00 1.673168608793060175e+00
-2.136755800000001670e+01 3.857635362148248981e-01 0.000000000000000000e+00 1.940362185350815949e+00
-2.224994600000001199e+01 4.016939066948547188e-01 0.000000000000000000e+00 2.990158785399703589e+00
-2.146795400000000953e+01 3.875760557353906677e-01 0.000000000000000000e+00 2.054471942251582472e+00
-2.107607200000001058e+01 3.805011346752050216e-01 0.000000000000000000e+00 2.144112886373082283e+00
-2.187285000000001034e+01 3.948859276804785323e-01 0.000000000000000000e+00 2.471439039090260970e+00
-2.124238400000001192e+01 3.835036820526339651e-01 0.000000000000000000e+00 2.125008103738320830e+00
-2.190020400000000578e+01 3.953797686598556904e-01 0.000000000000000000e+00 2.239572124083915039e+00
-2.176438400000000684e+01 3.929277147803858505e-01 0.000000000000000000e+00 2.600304465184914982e+00
-2.200016200000001021e+01 3.971843806587075365e-01 0.000000000000000000e+00 2.245726094039632414e+00
-2.118195800000001583e+01 3.824127690227352994e-01 0.000000000000000000e+00 2.110269766142459424e+00
-2.128371800000001102e+01 3.842499137935705411e-01 0.000000000000000000e+00 2.421902055104874218e+00
-2.203053200000000800e+01 3.977326716049562338e-01 0.000000000000000000e+00 2.361962224267070809e+00
-2.165628199999999737e+01 3.909760734280189332e-01 0.000000000000000000e+00 2.075179806077419364e+00
-2.241825400000001878e+01 4.047324892625607240e-01 0.000000000000000000e+00 2.525390774178735143e+00
-2.110865000000000791e+01 3.810892881966699286e-01 0.000000000000000000e+00 2.276534035867824546e+00
-2.147336200000001227e+01 3.876736901587464201e-01 0.000000000000000000e+00 2.117352708615838353e+00
-2.197289200000001586e+01 3.966920561903440334e-01 0.000000000000000000e+00 2.350355132748318088e+00
-2.133779600000001508e+01 3.852262219197226667e-01 0.000000000000000000e+00 2.213799450824009529e+00
-2.144620999999999711e+01 3.871834960272826920e-01 0.000000000000000000e+00 2.231536309565472997e+00
-2.046207800000000887e+01 3.694162696356583786e-01 0.000000000000000000e+00 2.314250071066284331e+00
-2.192414600000002167e+01 3.958120104061544908e-01 0.000000000000000000e+00 2.356113193222423963e+00
-2.090792400000000484e+01 3.774654406999060074e-01 0.000000000000000000e+00 2.342682161049810308e+00
-2.111478000000000321e+01 3.811999573932620122e-01 0.000000000000000000e+00 2.523394883521367760e+00
-2.069210400000001826e+01 3.735690906169494840e-01 0.000000000000000000e+00 2.389702556864947702e+00
-2.244680000000001385e+01 4.052478502553698569e-01 0.000000000000000000e+00 2.610731747958410676e+00
-2.207011200000001949e+01 3.984472371516315503e-01 0.000000000000000000e+00 1.987124922299612795e+00
-2.111079400000000206e+01 3.811279953349232530e-01 0.000000000000000000e+00 2.200286441858482878e+00
-2.221020200000001665e+01 4.009763803409625016e-01 0.000000000000000000e+00 2.905433365890933484e+00
-2.118004400000000587e+01 3.823782142360666603e-01 0.000000000000000000e+00 2.273173406989986933e+00
-2.090013800000001254e+01 3.773248745719017805e-01 0.000000000000000000e+00 2.048541501505375617e+00
-2.129858400000001595e+01 3.845183001355835795e-01 0.000000000000000000e+00 2.059729361486527299e+00
-2.169749600000000811e+01 3.917201387246504463e-01 0.000000000000000000e+00 2.300632009780851917e+00
-2.156180400000001640e+01 3.892703957191063213e-01 0.000000000000000000e+00 2.226851521900348185e+00
-2.177505000000001090e+01 3.931202755717158048e-01 0.000000000000000000e+00 2.092160924991336657e+00
-2.131376200000001120e+01 3.847923192327900588e-01 0.000000000000000000e+00 1.818023083871849188e+00
-2.200824000000001135e+01 3.973302184678546567e-01 0.000000000000000000e+00 2.525349995705165718e+00
-2.201856199999999930e+01 3.975165687855093388e-01 0.000000000000000000e+00 2.385108740835964358e+00
-2.139384000000000441e+01 3.862380236250751997e-01 0.000000000000000000e+00 2.418977048425238863e+00
-2.107252600000001053e+01 3.804371162459854738e-01 0.000000000000000000e+00 2.355715475206046516e+00
-2.107063400000001607e+01 3.804029586407731145e-01 0.000000000000000000e+00 2.504457020134505996e+00
-2.152507400000001425e+01 3.886072832246803554e-01 0.000000000000000000e+00 2.440651068900520304e+00
-2.168301200000000861e+01 3.914586488970091538e-01 0.000000000000000000e+00 2.741478739705742296e+00
-2.174973800000001489e+01 3.926633002529326122e-01 0.000000000000000000e+00 2.480265057144685592e+00
-2.073804600000000775e+01 3.743985138192067463e-01 0.000000000000000000e+00 2.121492467576502783e+00
-2.158580000000002386e+01 3.897036123653423445e-01 0.000000000000000000e+00 2.623125769078570535e+00
-2.198196200000000644e+01 3.968558032724142093e-01 0.000000000000000000e+00 2.186566206246448818e+00
-2.190540200000002358e+01 3.954736118056775829e-01 0.000000000000000000e+00 2.324192060683766936e+00
-2.143714800000001475e+01 3.870198933748330017e-01 0.000000000000000000e+00 2.390613928016032563e+00
-2.173886600000002289e+01 3.924670203988788741e-01 0.000000000000000000e+00 2.226394633546997071e+00
-2.102315600000000728e+01 3.795458049514085497e-01 0.000000000000000000e+00 2.385981593243537535e+00
-2.192747000000001378e+01 3.958720209134092283e-01 0.000000000000000000e+00 2.205226058432077529e+00
-2.078337400000000912e+01 3.752168520481024006e-01 0.000000000000000000e+00 2.407418559060532370e+00
-2.110662200000001931e+01 3.810526752879117574e-01 0.000000000000000000e+00 2.149431311943611700e+00
-2.201985000000002302e+01 3.975398219543859191e-01 0.000000000000000000e+00 2.248427665451498747e+00
-2.214754600000002327e+01 3.998452075543916795e-01 0.000000000000000000e+00 2.681127287843716456e+00
-2.149220800000000864e+01 3.880139302368827425e-01 0.000000000000000000e+00 2.304661067378651840e+00
-2.169380000000001729e+01 3.916534122400495144e-01 0.000000000000000000e+00 2.334743534463083137e+00
-2.191416400000001374e+01 3.956317983473642830e-01 0.000000000000000000e+00 2.344894702359906713e+00
-2.103588200000001507e+01 3.797755563699783954e-01 0.000000000000000000e+00 2.000980622038538659e+00
-2.107489800000000812e+01 3.804799396284188062e-01 0.000000000000000000e+00 2.288925703194280903e+00
-2.148735000000000639e+01 3.879262253499259905e-01 0.000000000000000000e+00 2.700181913867989447e+00
-2.171763200000001248e+01 3.920836680790681927e-01 0.000000000000000000e+00 2.297536809649179279e+00
-2.134409400000001611e+01 3.853399241383421714e-01 0.000000000000000000e+00 2.286408290103616903e+00
-2.158837000000001183e+01 3.897500103808791416e-01 0.000000000000000000e+00 2.121527497232866377e+00
-2.171855200000001318e+01 3.921002774854083217e-01 0.000000000000000000e+00 2.739933586693463763e+00
-2.103920200000001017e+01 3.798354946624230011e-01 0.000000000000000000e+00 2.079446974751710364e+00
-2.167925200000000530e+01 3.913907669754452257e-01 0.000000000000000000e+00 2.060601867577195545e+00
-2.189048800000001904e+01 3.952043588859424639e-01 0.000000000000000000e+00 2.731504783610097853e+00
-2.129891400000001411e+01 3.845242578574229464e-01 0.000000000000000000e+00 2.528298173863920972e+00
-2.159856400000001031e+01 3.899340498246084419e-01 0.000000000000000000e+00 2.327027319600192268e+00
-2.173110000000000497e+01 3.923268153449250839e-01 0.000000000000000000e+00 2.256633320732995163e+00
-2.189838200000001223e+01 3.953468748138214139e-01 0.000000000000000000e+00 2.026793571205215194e+00
-2.130931000000002129e+01 3.847119441490661762e-01 0.000000000000000000e+00 2.283432307587272003e+00
-2.135046800000000999e+01 3.854549984383549011e-01 0.000000000000000000e+00 2.111726297447018119e+00
-2.198939400000000788e+01 3.969899783897181678e-01 0.000000000000000000e+00 2.265949227895007301e+00
-2.171567400000001058e+01 3.920483189294878268e-01 0.000000000000000000e+00 2.502827360827160064e+00
-2.159556800000001076e+01 3.898799609317878390e-01 0.000000000000000000e+00 2.088497636859490747e+00
-2.189732000000000767e+01 3.953277017817199979e-01 0.000000000000000000e+00 2.188524446500265341e+00
-2.198289000000000826e+01 3.968725571083747128e-01 0.000000000000000000e+00 2.993068195097641215e+00
-2.131862400000000690e+01 3.848800963345568871e-01 0.000000000000000000e+00 2.178553969634468235e+00
-2.156604200000001725e+01 3.893469073104860456e-01 0.000000000000000000e+00 3.208099686389769722e+00
-2.119806400000002000e+01 3.827035419559023377e-01 0.000000000000000000e+00 1.898725108561749808e+00
-2.180177200000000326e+01 3.936027066110853734e-01 0.000000000000000000e+00 2.496266620297623806e+00
-2.160101800000001759e+01 3.899783536106505299e-01 0.000000000000000000e+00 2.173663285437881232e+00
-2.182992200000001404e+01 3.941109183376875214e-01 0.000000000000000000e+00 2.143959713720517968e+00
-2.167937600000001552e+01 3.913930056345608088e-01 0.000000000000000000e+00 2.554139942818127729e+00
-2.192875200000001712e+01 3.958951657600701668e-01 0.000000000000000000e+00 2.365630750598617382e+00
-2.191205000000001135e+01 3.955936328201871133e-01 0.000000000000000000e+00 2.679272586548502311e+00
-2.193802000000000874e+01 3.960624874752439739e-01 0.000000000000000000e+00 2.710965383829758935e+00
-2.209970600000001184e+01 3.989815184247063051e-01 0.000000000000000000e+00 2.298981856766471488e+00
-2.144640600000000319e+01 3.871870345529813129e-01 0.000000000000000000e+00 2.058528372936807127e+00
-2.150310000000000343e+01 3.882105711649874169e-01 0.000000000000000000e+00 1.902508260378409144e+00
-2.157268400000001662e+01 3.894668200027805449e-01 0.000000000000000000e+00 2.159981992569906417e+00
-2.146861400000000941e+01 3.875879711790694016e-01 0.000000000000000000e+00 2.626153825686084353e+00
-2.269843400000001665e+01 4.097907756412226821e-01 0.000000000000000000e+00 2.056948428821764097e+00
-2.169758400000000620e+01 3.917217274504742885e-01 0.000000000000000000e+00 2.495691292289188734e+00
-2.133190000000001163e+01 3.851197772895256222e-01 0.000000000000000000e+00 2.428445114375730185e+00
-2.310957600000001477e+01 4.172134110123977280e-01 0.000000000000000000e+00 2.575537420004303080e+00
-2.302980400000000216e+01 4.157732310530905528e-01 0.000000000000000000e+00 2.210846430619236358e+00
-2.334480000000002065e+01 4.214600751395103373e-01 0.000000000000000000e+00 2.378734053349734090e+00
-2.268409199999999970e+01 4.095318494393422326e-01 0.000000000000000000e+00 2.075850540136707334e+00
-2.322727600000002113e+01 4.193383318017779304e-01 0.000000000000000000e+00 2.581699733306244582e+00
-2.277536000000000982e+01 4.111795747630904163e-01 0.000000000000000000e+00 2.504275110181536590e+00
-2.181195600000000923e+01 3.937865655177893442e-01 0.000000000000000000e+00 2.168299511921261580e+00
-2.286750200000000177e+01 4.128430790228614367e-01 0.000000000000000000e+00 2.715777611652978596e+00
-2.289890800000000581e+01 4.134100736049453606e-01 0.000000000000000000e+00 2.260815395395335159e+00
-2.317426400000000086e+01 4.183812689225369641e-01 0.000000000000000000e+00 3.049801108981940345e+00
-2.395934000000001873e+01 4.325547975006457380e-01 0.000000000000000000e+00 2.698349936797327597e+00
-2.307301800000001890e+01 4.165534037548093704e-01 0.000000000000000000e+00 2.194430103619781747e+00
-2.308734600000000725e+01 4.168120772048536371e-01 0.000000000000000000e+00 2.182949723201210279e+00
-2.334011400000001757e+01 4.213754754893910270e-01 0.000000000000000000e+00 2.351775174139953961e+00
-2.274801600000000334e+01 4.106859143207384766e-01 0.000000000000000000e+00 2.334970996065836690e+00
-2.314462600000002723e+01 4.178461932865506490e-01 0.000000000000000000e+00 2.263839970904000243e+00
-2.241199200000000857e+01 4.046194369772326271e-01 0.000000000000000000e+00 2.667668715885301189e+00
-2.259410200000002078e+01 4.079071967474452998e-01 0.000000000000000000e+00 1.986918246119763198e+00
-2.311049800000001397e+01 4.172300565261428673e-01 0.000000000000000000e+00 2.243527609849625737e+00
-2.281088600000001776e+01 4.118209505996540121e-01 0.000000000000000000e+00 2.445067972987518878e+00
-2.281059000000001546e+01 4.118156067037010981e-01 0.000000000000000000e+00 2.247465255312834476e+00
-2.301017800000001756e+01 4.154189090869703782e-01 0.000000000000000000e+00 2.295425191112957730e+00
-2.285295600000000960e+01 4.125804698656625469e-01 0.000000000000000000e+00 2.080084389135025358e+00
-2.306002600000000768e+01 4.163188500513628765e-01 0.000000000000000000e+00 2.243177664130178162e+00
-2.325816800000000839e+01 4.198960467807541508e-01 0.000000000000000000e+00 2.618621675725957054e+00
-2.328615600000001606e+01 4.204013338075441863e-01 0.000000000000000000e+00 2.100195476054647070e+00
-2.301409600000001632e+01 4.154896434935361205e-01 0.000000000000000000e+00 2.136664538925806767e+00
-2.319649200000001343e+01 4.187825666226760446e-01 0.000000000000000000e+00 2.449967143530663360e+00
-2.319001000000001156e+01 4.186655425227884808e-01 0.000000000000000000e+00 2.373978963659743258e+00
-2.261145200000001410e+01 4.082204284865764143e-01 0.000000000000000000e+00 2.366786275103048176e+00
-2.298284800000001837e+01 4.149255013964541772e-01 0.000000000000000000e+00 2.229322337514566765e+00
-2.318857200000000418e+01 4.186395812985306830e-01 0.000000000000000000e+00 2.276339484812661240e+00
-2.265464000000002187e+01 4.090001317920289314e-01 0.000000000000000000e+00 1.808162651238359286e+00
-2.267385200000001078e+01 4.093469795252961396e-01 0.000000000000000000e+00 2.542333215986266381e+00
-2.344862600000001862e+01 4.233345188598006681e-01 0.000000000000000000e+00 2.254872093871670646e+00
-2.238538000000002626e+01 4.041389918451430141e-01 0.000000000000000000e+00 2.223836270224873513e+00
-2.269243800000000633e+01 4.096825256407711224e-01 0.000000000000000000e+00 1.968626776206185536e+00
-2.319991200000001186e+01 4.188443102853750544e-01 0.000000000000000000e+00 2.824523208152111664e+00
-2.370052400000001214e+01 4.278822104231247980e-01 0.000000000000000000e+00 2.687050963158328365e+00
-2.304999800000000931e+01 4.161378075222558204e-01 0.000000000000000000e+00 2.345175609025404118e+00
-2.372977800000001025e+01 4.284103534373348565e-01 0.000000000000000000e+00 2.488799746889486020e+00
-2.320978000000000918e+01 4.190224642220751194e-01 0.000000000000000000e+00 2.265113565953519092e+00
-2.265438000000001040e+01 4.089954378293674253e-01 0.000000000000000000e+00 2.138878303591805086e+00
-2.283364400000001027e+01 4.122318167621408236e-01 0.000000000000000000e+00 2.184892449486294463e+00
-2.303820400000002167e+01 4.159248821544569985e-01 0.000000000000000000e+00 1.748515811947465082e+00
-2.310472200000001308e+01 4.171257783402511077e-01 0.000000000000000000e+00 2.275890159941197588e+00
-2.290568400000001503e+01 4.135324054933808835e-01 0.000000000000000000e+00 2.408349577410667575e+00
-2.296548400000001422e+01 4.146120169054872684e-01 0.000000000000000000e+00 2.385225518961901159e+00
-2.266946400000001560e+01 4.092677598785349202e-01 0.000000000000000000e+00 2.152712945508902465e+00
-2.301683800000000701e+01 4.155391467459104704e-01 0.000000000000000000e+00 2.161555113533875527e+00
-2.299272400000000616e+01 4.151037997627744502e-01 0.000000000000000000e+00 2.127417863771701168e+00
-2.244604000000002131e+01 4.052341294414368300e-01 0.000000000000000000e+00 2.387892147116914110e+00
-2.360772400000002236e+01 4.262068268270802207e-01 0.000000000000000000e+00 2.552771640454169155e+00
-2.223546200000001249e+01 4.014324168672134263e-01 0.000000000000000000e+00 2.122413813304335317e+00
-2.287062800000000706e+01 4.128995148970127649e-01 0.000000000000000000e+00 2.575968702758618445e+00
-2.316918200000000638e+01 4.182895200062105578e-01 0.000000000000000000e+00 2.096416493644390755e+00
-2.349214800000002512e+01 4.241202521019027394e-01 0.000000000000000000e+00 2.386913842308100886e+00
-2.253846400000000827e+01 4.069027248453250256e-01 0.000000000000000000e+00 2.756782830043789101e+00
-2.291419400000000905e+01 4.136860425020266741e-01 0.000000000000000000e+00 2.284247812354531781e+00
-2.356579999999999941e+01 4.254499434016424941e-01 0.000000000000000000e+00 2.570018308231765136e+00
-2.296160800000000179e+01 4.145420407544281316e-01 0.000000000000000000e+00 2.241586565367566397e+00
-2.310913000000001816e+01 4.172053590610633189e-01 0.000000000000000000e+00 2.534941623040305902e+00
-2.349864600000001502e+01 4.242375650610307747e-01 0.000000000000000000e+00 2.403021245462772626e+00
-2.295276400000000550e+01 4.143823738091327313e-01 0.000000000000000000e+00 2.156595912825618466e+00
-2.318290400000000062e+01 4.185372529125135355e-01 0.000000000000000000e+00 3.171633164743522304e+00
-2.322649600000001158e+01 4.193242499137937451e-01 0.000000000000000000e+00 2.500604216758966825e+00
-2.355866200000000177e+01 4.253210760728864392e-01 0.000000000000000000e+00 2.311798937063969550e+00
-2.342019000000001228e+01 4.228211437742711576e-01 0.000000000000000000e+00 2.475775027617359569e+00
-2.354158200000001600e+01 4.250127188334422157e-01 0.000000000000000000e+00 2.532142867352240589e+00
-2.322874400000002026e+01 4.193648346371118829e-01 0.000000000000000000e+00 2.401877642545851010e+00
-2.303188400000000513e+01 4.158107827543812696e-01 0.000000000000000000e+00 2.196813023437232282e+00
-2.294084400000000912e+01 4.141671736748132604e-01 0.000000000000000000e+00 2.537774819006571647e+00
-2.272595200000000659e+01 4.102875774278168519e-01 0.000000000000000000e+00 2.166900771617464638e+00
-2.245113599999999821e+01 4.053261311095985309e-01 0.000000000000000000e+00 2.001023359876570318e+00
-2.298093400000000486e+01 4.148909466097855381e-01 0.000000000000000000e+00 2.104289976379422278e+00
-2.198097800000001811e+01 3.968380384291115281e-01 0.000000000000000000e+00 2.009481511275377663e+00
-2.376487000000000904e+01 4.290438939669943830e-01 0.000000000000000000e+00 2.709775872706639888e+00
-2.239501400000000331e+01 4.043129212154474850e-01 0.000000000000000000e+00 2.421541153518944167e+00
-2.289787400000001227e+01 4.133914060765154219e-01 0.000000000000000000e+00 2.144347328012781606e+00
-2.315556600000001808e+01 4.180437007923772930e-01 0.000000000000000000e+00 2.014386946278537760e+00
-2.279702800000000806e+01 4.115707623898048340e-01 0.000000000000000000e+00 2.061366712952522384e+00
-2.260560600000001585e+01 4.081148865415066274e-01 0.000000000000000000e+00 2.136791297732337114e+00
-2.267685600000001500e+01 4.094012128477371171e-01 0.000000000000000000e+00 1.929563207720829787e+00
-2.263192800000000915e+01 4.085900960998588016e-01 0.000000000000000000e+00 2.583150512243730823e+00
-2.299677400000000915e+01 4.151769172580760392e-01 0.000000000000000000e+00 2.136409582728873158e+00
-2.321553200000002093e+01 4.191263091191060330e-01 0.000000000000000000e+00 2.094700225551439310e+00
-2.294765400000002487e+01 4.142901193891353473e-01 0.000000000000000000e+00 1.871085386701331954e+00
-2.313579200000000924e+01 4.176867068782803005e-01 0.000000000000000000e+00 1.984530414479949378e+00
-2.282047600000000998e+01 4.119940856070468671e-01 0.000000000000000000e+00 2.335315443885147779e+00
-2.279902000000001294e+01 4.116067253652717639e-01 0.000000000000000000e+00 2.231705411572146414e+00
-2.311324400000001233e+01 4.172796319933275710e-01 0.000000000000000000e+00 2.692326785826863578e+00
-2.305157200000001794e+01 4.161662240500595966e-01 0.000000000000000000e+00 2.237682458497332938e+00
-2.349956000000001666e+01 4.242540661451556505e-01 0.000000000000000000e+00 2.498187535236720436e+00
-2.341998000000000957e+01 4.228173524967369645e-01 0.000000000000000000e+00 2.834927468688973828e+00
-2.289878200000001129e+01 4.134077988384249336e-01 0.000000000000000000e+00 2.541161408712023118e+00
-2.300766600000001105e+01 4.153735581861807691e-01 0.000000000000000000e+00 2.202369063293782681e+00
-2.354911400000001009e+01 4.251486993210004117e-01 0.000000000000000000e+00 2.668817073143647800e+00
-2.280394000000001142e+01 4.116955495817861688e-01 0.000000000000000000e+00 2.565448609676071801e+00
-2.286138800000002647e+01 4.127326986855103796e-01 0.000000000000000000e+00 2.483051335027086637e+00
-2.314930400000001498e+01 4.179306485070493071e-01 0.000000000000000000e+00 1.613532662111619498e+00
-2.350109800000000959e+01 4.242818327396675748e-01 0.000000000000000000e+00 2.006816202320219844e+00
-2.326938400000000584e+01 4.200985371084829945e-01 0.000000000000000000e+00 2.380808440434560858e+00
-2.230404400000000820e+01 4.026705758950575587e-01 0.000000000000000000e+00 2.327265645063087529e+00
-2.311670000000001579e+01 4.173420255893182662e-01 0.000000000000000000e+00 2.301300137405862589e+00
-2.329817400000001726e+01 4.206183032047130510e-01 0.000000000000000000e+00 2.124340276088108048e+00
-2.267704200000001435e+01 4.094045708364102421e-01 0.000000000000000000e+00 2.428519143457052110e+00
-2.346182999999999552e+01 4.235728999481857548e-01 0.000000000000000000e+00 2.788475843683800193e+00
-2.262141800000001979e+01 4.084003516861258731e-01 0.000000000000000000e+00 2.044837026248094602e+00
-2.334485000000001875e+01 4.214609778246374838e-01 0.000000000000000000e+00 2.765179800298670720e+00
-2.250866400000001732e+01 4.063647245095263205e-01 0.000000000000000000e+00 2.226982223036638953e+00
-2.356976200000000432e+01 4.255214721711202408e-01 0.000000000000000000e+00 2.882959292704268872e+00
-2.227432000000001011e+01 4.021339476406520230e-01 0.000000000000000000e+00 2.286800634382923469e+00
-2.276842400000002087e+01 4.110543542822483465e-01 0.000000000000000000e+00 1.902076101416501519e+00
-2.292234200000001465e+01 4.138331440703519326e-01 0.000000000000000000e+00 2.344255520649779712e+00
-2.317024599999999879e+01 4.183087291457168178e-01 0.000000000000000000e+00 2.181492606220323260e+00
-2.355534000000001527e+01 4.252611016730368787e-01 0.000000000000000000e+00 2.408553137751736628e+00
-2.355649000000001791e+01 4.252818634309620260e-01 0.000000000000000000e+00 2.384483765297993774e+00
-2.338134400000001278e+01 4.221198296452630117e-01 0.000000000000000000e+00 2.254927145425269952e+00
-2.333359200000001721e+01 4.212577292414017571e-01 0.000000000000000000e+00 2.195936970709608804e+00
-2.247618000000001359e+01 4.057782680361003980e-01 0.000000000000000000e+00 2.181268968265764219e+00
-2.288941600000001131e+01 4.132387078604017328e-01 0.000000000000000000e+00 2.664699798913054529e+00
-2.250112000000001800e+01 4.062285273775375072e-01 0.000000000000000000e+00 1.709711657301052457e+00
-2.317368200000001721e+01 4.183707616676569097e-01 0.000000000000000000e+00 1.796447671613188080e+00
-2.323946000000000467e+01 4.195582981135687062e-01 0.000000000000000000e+00 2.862757001439858229e+00
-2.303704600000001790e+01 4.159039759669114766e-01 0.000000000000000000e+00 2.521120117878502764e+00
-2.288472000000001572e+01 4.131539276732571486e-01 0.000000000000000000e+00 2.141360134271315108e+00
-2.329437600000001751e+01 4.205497352424524826e-01 0.000000000000000000e+00 2.350107574890901940e+00
-2.336509400000001335e+01 4.218264569789297314e-01 0.000000000000000000e+00 2.313323233137499990e+00
-2.396978800000001897e+01 4.327434225848211247e-01 0.000000000000000000e+00 2.291261308205768010e+00
-2.497724200000001815e+01 4.509316974271671552e-01 0.000000000000000000e+00 1.926513548344665816e+00
-2.587961600000001283e+01 4.672228892062330607e-01 0.000000000000000000e+00 2.406225213466776314e+00
-2.520915000000001527e+01 4.551184954766450685e-01 0.000000000000000000e+00 1.823188177120485420e+00
-2.611207800000001100e+01 4.714196890069201618e-01 0.000000000000000000e+00 2.144391075612766873e+00
-2.608854800000000651e+01 4.709948853860694840e-01 0.000000000000000000e+00 1.849273276453769821e+00
-2.680924800000003216e+01 4.840061888092325182e-01 0.000000000000000000e+00 1.826912466678425773e+00
-2.675552800000001241e+01 4.830363439085906818e-01 0.000000000000000000e+00 1.999269638768370383e+00
-2.774782400000000848e+01 5.009509607277810028e-01 0.000000000000000000e+00 2.333399656335334971e+00
-2.688486200000001602e+01 4.853713014733629372e-01 0.000000000000000000e+00 2.010069405444257384e+00
-2.822348400000000623e+01 5.095383848796630755e-01 0.000000000000000000e+00 2.112986315583331720e+00
-2.760084000000000160e+01 4.982973553131143651e-01 0.000000000000000000e+00 2.156495074153540248e+00
-2.902466400000000846e+01 5.240026502835335442e-01 0.000000000000000000e+00 2.401019517525710079e+00
-2.834724600000000549e+01 5.117727472138624556e-01 0.000000000000000000e+00 2.503058516950166457e+00
-2.788658600000002608e+01 5.034561286001344449e-01 0.000000000000000000e+00 1.842513537525202416e+00
-2.874359000000002595e+01 5.189282238947978687e-01 0.000000000000000000e+00 1.838054156086558422e+00
-2.783002400000002652e+01 5.024349750768640765e-01 0.000000000000000000e+00 2.513238299269118237e+00
-2.840036200000001543e+01 5.127316876781676802e-01 0.000000000000000000e+00 2.721237854945407264e+00
-2.841106200000001891e+01 5.129248622953841430e-01 0.000000000000000000e+00 2.558083397396644809e+00
-2.859265200000002238e+01 5.162032341402740254e-01 0.000000000000000000e+00 2.538471463898356095e+00
-2.904135400000001610e+01 5.243039665789861470e-01 0.000000000000000000e+00 2.490183987012958955e+00
-2.806927400000001782e+01 5.067543234104169292e-01 0.000000000000000000e+00 1.994872712104456269e+00
-2.797052600000003153e+01 5.049715563916431504e-01 0.000000000000000000e+00 1.985051210728872473e+00
-2.855850400000001699e+01 5.155867363058155295e-01 0.000000000000000000e+00 1.955052113589948348e+00
-2.867672800000000422e+01 5.177211172353282098e-01 0.000000000000000000e+00 2.228564508580590076e+00
-2.853621600000001735e+01 5.151843553835241396e-01 0.000000000000000000e+00 2.116823076288397054e+00
-2.899882800000002447e+01 5.235362148246177627e-01 0.000000000000000000e+00 2.409082355078695947e+00
-2.773952800000001773e+01 5.008011872114795926e-01 0.000000000000000000e+00 1.960105864595124592e+00
-2.906288800000002226e+01 5.246927350095598186e-01 0.000000000000000000e+00 2.672142485437631887e+00
-2.835806400000002014e+01 5.119680521679792484e-01 0.000000000000000000e+00 2.105872555235223320e+00
-2.703939400000001925e+01 4.881611762348284644e-01 0.000000000000000000e+00 2.284242168246606308e+00
-2.751508800000002353e+01 4.967492142125972121e-01 0.000000000000000000e+00 1.996755923501008168e+00
-2.713349200000000749e+01 4.898599935367746183e-01 0.000000000000000000e+00 2.050199087828627142e+00
-2.864662399999999209e+01 5.171776285739558832e-01 0.000000000000000000e+00 2.513558923366699727e+00
-2.818847200000002218e+01 5.089062886462073498e-01 0.000000000000000000e+00 2.070199617373584822e+00
-2.822091200000002331e+01 5.094919507567213790e-01 0.000000000000000000e+00 2.343483726338230877e+00
-2.794515800000002770e+01 5.045135700655173361e-01 0.000000000000000000e+00 2.274492512658015553e+00
-2.854038999999998438e+01 5.152597115379404791e-01 0.000000000000000000e+00 2.308851604415520065e+00
-2.783185000000002773e+01 5.024679411377086513e-01 0.000000000000000000e+00 2.643621705447878778e+00
-2.822028000000002379e+01 5.094805408167137895e-01 0.000000000000000000e+00 2.433928131123585192e+00
-2.712348600000001042e+01 4.896793481891235089e-01 0.000000000000000000e+00 2.405250258468466740e+00
-2.756364200000002285e+01 4.976257936858984321e-01 0.000000000000000000e+00 2.454713189738212176e+00
-2.877399000000001195e+01 5.194770564521227207e-01 0.000000000000000000e+00 2.344164151933929574e+00
-2.862887200000001542e+01 5.168571392464026415e-01 0.000000000000000000e+00 2.276190473650962165e+00
-2.816121800000002295e+01 5.084142530370845403e-01 0.000000000000000000e+00 2.149985241216903376e+00
-2.827342800000002043e+01 5.104400589995002901e-01 0.000000000000000000e+00 2.103000934695297364e+00
-2.792689600000002059e+01 5.041838733496663005e-01 0.000000000000000000e+00 1.999771723736123219e+00
-2.837100600000000838e+01 5.122017031862980962e-01 0.000000000000000000e+00 2.107082793664638132e+00
-2.831064400000002834e+01 5.111119455933624822e-01 0.000000000000000000e+00 2.424823981712253662e+00
-2.850738800000002016e+01 5.146639032465976094e-01 0.000000000000000000e+00 2.147577324687311329e+00
-2.835105800000001963e+01 5.118415679279588737e-01 0.000000000000000000e+00 2.052194796766317886e+00
-2.828189800000000886e+01 5.105929738600442080e-01 0.000000000000000000e+00 2.267089929731704867e+00
-2.827875800000001405e+01 5.105362852340574742e-01 0.000000000000000000e+00 2.267565360931624419e+00
-2.846607000000000909e+01 5.139179603649015604e-01 0.000000000000000000e+00 2.250091969455937591e+00
-2.796804200000001117e+01 5.049267109945244636e-01 0.000000000000000000e+00 2.481777230138991541e+00
-2.869079200000001251e+01 5.179750245079014492e-01 0.000000000000000000e+00 2.061421651920358755e+00
-2.853716200000000924e+01 5.152014341861301805e-01 0.000000000000000000e+00 2.030044829617953184e+00
-2.881730200000002995e+01 5.202589984166907655e-01 0.000000000000000000e+00 2.196570889252407177e+00
-2.845904000000001233e+01 5.137910428360201731e-01 0.000000000000000000e+00 1.881143626906383926e+00
-2.859614000000000544e+01 5.162662054547457746e-01 0.000000000000000000e+00 2.156424936291218675e+00
-2.896098400000001405e+01 5.228529905055580018e-01 0.000000000000000000e+00 2.159868252656240717e+00
-2.719359200000001309e+01 4.909450210596442155e-01 0.000000000000000000e+00 1.706479289292383461e+00
-2.856184400000000068e+01 5.156470356723108495e-01 0.000000000000000000e+00 2.687399733523357703e+00
-2.831311000000001599e+01 5.111564660238347990e-01 0.000000000000000000e+00 1.818455073307108760e+00
-2.794936200000000781e+01 5.045894678310102188e-01 0.000000000000000000e+00 2.070633065874035950e+00
-2.854961000000002969e+01 5.154261666753930937e-01 0.000000000000000000e+00 2.218856570284557517e+00
-2.852439800000000858e+01 5.149709967268638611e-01 0.000000000000000000e+00 2.074769728197918273e+00
-2.869006400000001733e+01 5.179618814124496984e-01 0.000000000000000000e+00 2.479488984559014675e+00
-2.837151400000002965e+01 5.122108744671906022e-01 0.000000000000000000e+00 2.491477623031089106e+00
-2.787497800000001291e+01 5.032465612210081929e-01 0.000000000000000000e+00 2.103645715821209627e+00
-2.781780000000000541e+01 5.022142866169708730e-01 0.000000000000000000e+00 2.375111477149838723e+00
-2.850303000000003806e+01 5.145852252109129887e-01 0.000000000000000000e+00 2.059680856003147653e+00
-2.858285600000002802e+01 5.160263800701571091e-01 0.000000000000000000e+00 2.576722167982752332e+00
-2.926253599999999722e+01 5.282971206149812415e-01 0.000000000000000000e+00 2.677148823078972839e+00
-2.807672800000002056e+01 5.068888957091768344e-01 0.000000000000000000e+00 1.841529801692389778e+00
-2.865780600000002210e+01 5.173795050757988845e-01 0.000000000000000000e+00 1.968373930857855836e+00
-2.860362600000002331e+01 5.164013554719874000e-01 0.000000000000000000e+00 2.289460644287517166e+00
-2.860849400000000031e+01 5.164892408959691483e-01 0.000000000000000000e+00 1.970727274143873942e+00
-2.863809200000002875e+01 5.170235943838547010e-01 0.000000000000000000e+00 2.217045701368276500e+00
-2.841306600000000770e+01 5.129610419152813572e-01 0.000000000000000000e+00 2.135164084921670202e+00
-2.744613200000001996e+01 4.955043031000015974e-01 0.000000000000000000e+00 2.051232757448135491e+00
-2.854816400000002474e+01 5.154000610215150324e-01 0.000000000000000000e+00 1.982138202049555264e+00
-2.829268600000002465e+01 5.107877372030846796e-01 0.000000000000000000e+00 1.843652173478423917e+00
-2.811591600000001634e+01 5.075963842044548535e-01 0.000000000000000000e+00 1.999647120319487881e+00
-2.889748400000003059e+01 5.217065803940406088e-01 0.000000000000000000e+00 2.483316928915514588e+00
-2.872800000000001930e+01 5.186467666721432668e-01 0.000000000000000000e+00 2.741524347858137922e+00
-2.922605800000002318e+01 5.276385576535967958e-01 0.000000000000000000e+00 1.974871056124726243e+00
-2.786368000000002709e+01 5.030425904896710376e-01 0.000000000000000000e+00 1.718774235884222845e+00
-2.887727800000001466e+01 5.213417872804446684e-01 0.000000000000000000e+00 2.163888204116643177e+00
-2.881237800000002380e+01 5.201701019853660624e-01 0.000000000000000000e+00 2.037394475303189623e+00
-2.874473800000000523e+01 5.189489495453175616e-01 0.000000000000000000e+00 2.148152773133985338e+00
-2.852487800000001883e+01 5.149796625040850007e-01 0.000000000000000000e+00 2.206411035068653437e+00
-2.844225600000001819e+01 5.134880294925288080e-01 0.000000000000000000e+00 1.973128955751306535e+00
-2.876687600000000700e+01 5.193486224122274564e-01 0.000000000000000000e+00 2.438381358839374347e+00
-2.766172000000001319e+01 4.993964647239681476e-01 0.000000000000000000e+00 1.842381788815112831e+00
-2.853427800000002179e+01 5.151493673079947655e-01 0.000000000000000000e+00 2.180360816381573308e+00
-2.760649400000002274e+01 4.983994309472962181e-01 0.000000000000000000e+00 1.850368800248570311e+00
-2.922973400000002897e+01 5.277049230641470690e-01 0.000000000000000000e+00 2.474456792311019893e+00
-2.890549200000002372e+01 5.218511544440095351e-01 0.000000000000000000e+00 1.958979023285529308e+00
-2.855856600000001677e+01 5.155878556353732378e-01 0.000000000000000000e+00 2.356483958637777487e+00
-2.795595600000002889e+01 5.047085139455830261e-01 0.000000000000000000e+00 2.132896312070618805e+00
-2.875799400000001071e+01 5.191882694262354159e-01 0.000000000000000000e+00 2.317453061811826753e+00
-2.813051600000004271e+01 5.078599682615916322e-01 0.000000000000000000e+00 1.810965086239874955e+00
-2.844931400000000821e+01 5.136154525250812286e-01 0.000000000000000000e+00 2.230617483428698034e+00
-2.854716000000000875e+01 5.153819351041609709e-01 0.000000000000000000e+00 2.171406959889035981e+00
-2.854152800000003154e+01 5.152802566514358418e-01 0.000000000000000000e+00 1.954011162157049508e+00
-2.835753000000001123e+01 5.119584114908207750e-01 0.000000000000000000e+00 2.514708080634425968e+00
-2.894835200000000697e+01 5.226249361350273626e-01 0.000000000000000000e+00 2.405384733983486178e+00
-2.836295400000001621e+01 5.120563347734172766e-01 0.000000000000000000e+00 1.829617279592051116e+00
-2.817355600000000138e+01 5.086369996190668319e-01 0.000000000000000000e+00 1.994854756785743533e+00
-2.916677800000002563e+01 5.265683341668130346e-01 0.000000000000000000e+00 2.043826259767980602e+00
-2.856780400000001663e+01 5.157546357394708902e-01 0.000000000000000000e+00 2.356045704394539086e+00
-2.813606800000001584e+01 5.079602024181131270e-01 0.000000000000000000e+00 2.541426160618236008e+00
-2.883037400000001327e+01 5.204949964163402276e-01 0.000000000000000000e+00 2.229679679427636341e+00
-2.802713600000002359e+01 5.059935764926354329e-01 0.000000000000000000e+00 2.080020849813916328e+00
-2.870242400000002903e+01 5.181850251758887138e-01 0.000000000000000000e+00 2.128812560513964058e+00
-2.832526800000001899e+01 5.113759629393597184e-01 0.000000000000000000e+00 2.247335379073707173e+00
-2.876737200000001238e+01 5.193575770486892340e-01 0.000000000000000000e+00 2.112087522773273829e+00
-2.844288600000001921e+01 5.134994033251312207e-01 0.000000000000000000e+00 2.196443094017362263e+00
-2.780274600000001328e+01 5.019425061788799214e-01 0.000000000000000000e+00 1.850016965001110236e+00
-2.892882000000000886e+01 5.222723112169460613e-01 0.000000000000000000e+00 1.957320015023634507e+00
-2.856252400000002112e+01 5.156593121900407972e-01 0.000000000000000000e+00 2.219905530846487896e+00
-2.893695200000000156e+01 5.224191239260304043e-01 0.000000000000000000e+00 2.253237178981261746e+00
-2.876667800000002018e+01 5.193450477791241582e-01 0.000000000000000000e+00 2.291485713785012202e+00
-2.789494000000000895e+01 5.036069492311832096e-01 0.000000000000000000e+00 2.107720189582990677e+00
-2.791909200000002045e+01 5.040429822550160921e-01 0.000000000000000000e+00 1.707200569641967869e+00
-2.890202400000001859e+01 5.217885442035883337e-01 0.000000000000000000e+00 1.957320877629429301e+00
-2.783736800000001566e+01 5.025675614683440262e-01 0.000000000000000000e+00 2.002864211743478950e+00
-2.907857400000002102e+01 5.249759253876584708e-01 0.000000000000000000e+00 1.917322176107588705e+00
-2.860380400000002510e+01 5.164045690310401504e-01 0.000000000000000000e+00 2.346971715792781410e+00
-2.870704600000002316e+01 5.182684693890450278e-01 0.000000000000000000e+00 1.914749031286377745e+00
-2.828438400000000996e+01 5.106378553645676277e-01 0.000000000000000000e+00 2.036319949891783221e+00
-2.866416800000003207e+01 5.174943627313812744e-01 0.000000000000000000e+00 2.507193050827392966e+00
-2.845055200000001605e+01 5.136378030088303293e-01 0.000000000000000000e+00 2.173670180740956415e+00
-2.852798800000001833e+01 5.150358095189955243e-01 0.000000000000000000e+00 2.211804556240460684e+00
-2.854885000000001227e+01 5.154124458614597337e-01 0.000000000000000000e+00 1.888190494664512054e+00
-2.869118800000001102e+01 5.179821737741086007e-01 0.000000000000000000e+00 2.013188177251759470e+00
-2.852761200000002617e+01 5.150290213268392536e-01 0.000000000000000000e+00 2.335101627848303441e+00
-2.870990400000001230e+01 5.183200668709143644e-01 0.000000000000000000e+00 2.334565910807195444e+00
-2.798406600000001987e+01 5.052160035240830238e-01 0.000000000000000000e+00 2.090295647168050053e+00
-2.847081000000002149e+01 5.140035349149584265e-01 0.000000000000000000e+00 2.231729604086833962e+00
-2.844990600000002345e+01 5.136261403169872786e-01 0.000000000000000000e+00 2.387151271853359180e+00
-2.872341800000001655e+01 5.185640446070884924e-01 0.000000000000000000e+00 2.056895345490136862e+00
-2.817810000000001480e+01 5.087190356434251326e-01 0.000000000000000000e+00 2.446298441781506128e+00
-2.879229000000001193e+01 5.198074392086703410e-01 0.000000000000000000e+00 2.124989125652509081e+00
-2.774257800000001950e+01 5.008562510042374738e-01 0.000000000000000000e+00 1.905381110772563780e+00
-2.890880400000001771e+01 5.219109483068338218e-01 0.000000000000000000e+00 2.196361503515587454e+00
-2.878055600000001490e+01 5.195955970630239396e-01 0.000000000000000000e+00 2.278567215071786833e+00
-2.860672400000001048e+01 5.164572858424671953e-01 0.000000000000000000e+00 1.751469909032542516e+00
-2.877747600000000361e+01 5.195399916591894041e-01 0.000000000000000000e+00 1.929866696035942741e+00
-2.808715200000001389e+01 5.070770875044910975e-01 0.000000000000000000e+00 2.359374645895163436e+00
-2.899055000000000248e+01 5.233867662749615013e-01 0.000000000000000000e+00 2.618254606130819173e+00
-2.846465600000001928e+01 5.138924324295051083e-01 0.000000000000000000e+00 2.316148107750094720e+00
-2.876765800000001505e+01 5.193627404076167631e-01 0.000000000000000000e+00 1.996813105025104562e+00
-2.817373000000002037e+01 5.086401409633097837e-01 0.000000000000000000e+00 1.633232008081589859e+00
-2.842420000000000968e+01 5.131620518394016672e-01 0.000000000000000000e+00 1.952689902817560830e+00
-2.884008800000000505e+01 5.206703700828485548e-01 0.000000000000000000e+00 1.841973009995400146e+00
-2.871871400000001984e+01 5.184791199903235892e-01 0.000000000000000000e+00 2.294937575657702844e+00
-2.917396800000001988e+01 5.266981402881013574e-01 0.000000000000000000e+00 1.890064585122781970e+00
-2.855538400000002142e+01 5.155304087538796765e-01 0.000000000000000000e+00 1.935102400898628616e+00
-2.812314600000001974e+01 5.077269124738450490e-01 0.000000000000000000e+00 1.845208660803170586e+00
-2.860904800000001202e+01 5.164992426471785025e-01 0.000000000000000000e+00 2.288857202675252722e+00
-2.901466400000002110e+01 5.238221132580979100e-01 0.000000000000000000e+00 2.377696669218368086e+00
-2.811857800000003138e+01 5.076444431606261798e-01 0.000000000000000000e+00 2.046803480945867726e+00
-2.877524200000004839e+01 5.194996596877079487e-01 0.000000000000000000e+00 2.200942193889799725e+00
-2.829742000000001667e+01 5.108732034309259040e-01 0.000000000000000000e+00 2.158209432549926365e+00
-2.871976200000001711e+01 5.184980402705892111e-01 0.000000000000000000e+00 1.868830251046970314e+00
-2.858204600000003026e+01 5.160117565710968801e-01 0.000000000000000000e+00 2.145625875463517573e+00
-2.907198200000002331e+01 5.248569153804911736e-01 0.000000000000000000e+00 2.373717337183272047e+00
-2.837002600000000285e+01 5.121840105578052693e-01 0.000000000000000000e+00 1.858854656519612680e+00
-2.811543400000001824e+01 5.075876823198288701e-01 0.000000000000000000e+00 2.177194520441943393e+00
-2.822193600000002434e+01 5.095104377481259883e-01 0.000000000000000000e+00 1.566961625716688511e+00
-2.915460200000001478e+01 5.263485122846420783e-01 0.000000000000000000e+00 2.051213657492273246e+00
-2.834335000000001870e+01 5.117024099887528266e-01 0.000000000000000000e+00 2.094375282546424355e+00
-2.835114800000002333e+01 5.118431927611878374e-01 0.000000000000000000e+00 2.209743686973032695e+00
-2.862711400000003437e+01 5.168254008373313058e-01 0.000000000000000000e+00 2.529820783727934064e+00
-2.875212200000001772e+01 5.190822580848996060e-01 0.000000000000000000e+00 1.723070258777287256e+00
-2.906357000000002699e+01 5.247050476346946102e-01 0.000000000000000000e+00 2.500700091125998004e+00
-2.907350400000002111e+01 5.248843931157625153e-01 0.000000000000000000e+00 1.948496402223721669e+00
-2.844749200000003242e+01 5.135825586790472297e-01 0.000000000000000000e+00 2.000628710255601295e+00
-2.931625600000001697e+01 5.292669655156230224e-01 0.000000000000000000e+00 2.374981370870903774e+00
-2.904685000000000983e+01 5.244031897281655752e-01 0.000000000000000000e+00 2.143692546056966908e+00
-2.876887000000001748e+01 5.193846214950995632e-01 0.000000000000000000e+00 2.063557608680560485e+00
-2.880599400000001964e+01 5.200548471483277257e-01 0.000000000000000000e+00 1.793291918065204493e+00
-2.873323600000003353e+01 5.187412958586617995e-01 0.000000000000000000e+00 1.944110617437269983e+00
-2.905484600000001549e+01 5.245475471337042173e-01 0.000000000000000000e+00 1.849326860414487239e+00
-2.906412600000002655e+01 5.247150854933088082e-01 0.000000000000000000e+00 2.488577747180428013e+00
-2.857920600000001699e+01 5.159604840558729144e-01 0.000000000000000000e+00 2.252429823246554719e+00
-2.894285600000002034e+01 5.225257129858480454e-01 0.000000000000000000e+00 2.272026091324790720e+00
-2.927281200000001249e+01 5.284826404623194085e-01 0.000000000000000000e+00 2.474100765905573152e+00
-2.834000800000001874e+01 5.116420745148522187e-01 0.000000000000000000e+00 2.161502476775603920e+00
-2.855826000000001486e+01 5.155823312023948279e-01 0.000000000000000000e+00 2.366180320664295955e+00
-2.943152400000000668e+01 5.313479797004169169e-01 0.000000000000000000e+00 2.012599140320844526e+00
-2.892333800000001176e+01 5.221733408196022053e-01 0.000000000000000000e+00 2.163221598589016637e+00
-2.858881400000001705e+01 5.161339440299116399e-01 0.000000000000000000e+00 2.418709276002847908e+00
-2.853886600000002716e+01 5.152321976952647375e-01 0.000000000000000000e+00 1.916425235925714343e+00
-2.976459800000001721e+01 5.373611986214195113e-01 0.000000000000000000e+00 2.524953444674522540e+00
-2.861556600000000827e+01 5.166169166803574742e-01 0.000000000000000000e+00 2.588835557130391596e+00
-2.854711000000000709e+01 5.153810324190337688e-01 0.000000000000000000e+00 1.879719740850058995e+00
-2.943044200000000643e+01 5.313284455942647311e-01 0.000000000000000000e+00 2.374116176523870525e+00
-2.970565200000000416e+01 5.362970050712850822e-01 0.000000000000000000e+00 2.613012051234159028e+00
-2.931511000000001488e+01 5.292462759725080623e-01 0.000000000000000000e+00 2.435281486706403431e+00
-2.891343600000002212e+01 5.219945730570157982e-01 0.000000000000000000e+00 1.887555264106072439e+00
-2.813836000000000936e+01 5.080015815043429361e-01 0.000000000000000000e+00 1.877500598716766778e+00
-2.968621400000001387e+01 5.359460772012429874e-01 0.000000000000000000e+00 2.371251100073545448e+00
-2.945363600000003146e+01 5.317471831710611774e-01 0.000000000000000000e+00 2.691283565476149775e+00
-2.897326000000001400e+01 5.230746177579831402e-01 0.000000000000000000e+00 2.119671178997041050e+00
-2.932233000000001155e+01 5.293766237048727064e-01 0.000000000000000000e+00 1.936168933353917820e+00
-2.950335800000000575e+01 5.326448493689328600e-01 0.000000000000000000e+00 2.139575427965921595e+00
-2.980159600000001774e+01 5.380291495081271913e-01 0.000000000000000000e+00 2.383198692103628336e+00
-2.938420400000000754e+01 5.304936784960544438e-01 0.000000000000000000e+00 2.311865163919698318e+00
-2.923745000000001326e+01 5.278442254329731576e-01 0.000000000000000000e+00 2.139533429054195413e+00
-2.913294800000001672e+01 5.259575774097633438e-01 0.000000000000000000e+00 1.989516256339310063e+00
-2.930315400000002413e+01 5.290304259048971280e-01 0.000000000000000000e+00 2.011762619660338203e+00
-2.969617000000001994e+01 5.361258198637670613e-01 0.000000000000000000e+00 2.340045969051190777e+00
-2.917807800000000995e+01 5.267723410055552558e-01 0.000000000000000000e+00 2.022982315494636030e+00
-2.893377400000002808e+01 5.223617492593473077e-01 0.000000000000000000e+00 2.374659464480425974e+00
-2.926735800000001220e+01 5.283841755686466968e-01 0.000000000000000000e+00 2.018110366743998352e+00
-2.885018200000001087e+01 5.208526041563236175e-01 0.000000000000000000e+00 1.861947114677144910e+00
-2.875037000000001797e+01 5.190506279980432458e-01 0.000000000000000000e+00 1.689879804553679810e+00
-2.942231200000001579e+01 5.311816689925855650e-01 0.000000000000000000e+00 2.024031028192716963e+00
-2.891112800000002991e+01 5.219529051115453511e-01 0.000000000000000000e+00 1.808539813492049619e+00
-2.851403999999999783e+01 5.147839964759172160e-01 0.000000000000000000e+00 1.892552584540922345e+00
-2.939399800000002472e+01 5.306704964587666273e-01 0.000000000000000000e+00 2.313696182441079330e+00
-2.947210400000001229e+01 5.320805989496357746e-01 0.000000000000000000e+00 2.551077662396775914e+00
-2.957753600000003402e+01 5.339840369162115463e-01 0.000000000000000000e+00 2.441493460544760463e+00
-2.937191200000002667e+01 5.302717623843890005e-01 0.000000000000000000e+00 2.008503765698298249e+00
-2.973463200000001905e+01 5.368202013709985065e-01 0.000000000000000000e+00 2.706173970565391329e+00
-2.942378000000000782e+01 5.312081718279194620e-01 0.000000000000000000e+00 1.898153817143213962e+00
-2.910295599999999894e+01 5.254161107630758165e-01 0.000000000000000000e+00 2.173498011065354341e+00
-2.933467000000001690e+01 5.295994063942606189e-01 0.000000000000000000e+00 2.031808412660400354e+00
-2.869952000000002101e+01 5.181325972237019739e-01 0.000000000000000000e+00 2.136489815306660933e+00
-2.868810800000000327e+01 5.179265683702742873e-01 0.000000000000000000e+00 2.095113061035421165e+00
-2.894442000000002935e+01 5.225539489766263257e-01 0.000000000000000000e+00 2.286324539296619385e+00
-2.949381600000000248e+01 5.324725809392619746e-01 0.000000000000000000e+00 2.372080717821935636e+00
-2.921189000000002167e+01 5.273827727959592426e-01 0.000000000000000000e+00 1.905387185950362161e+00
-2.993649800000002159e+01 5.404646300886620791e-01 0.000000000000000000e+00 2.326620173972398398e+00
-3.038319400000001735e+01 5.485291468000718096e-01 0.000000000000000000e+00 2.357301934086612150e+00
-2.974292400000001990e+01 5.369699026724898960e-01 0.000000000000000000e+00 2.087281588410430544e+00
-2.961501200000001077e+01 5.346606174727345229e-01 0.000000000000000000e+00 2.495527031127266149e+00
-2.973851800000002754e+01 5.368903580590830282e-01 0.000000000000000000e+00 2.091158731149944661e+00
-3.060453200000001672e+01 5.525251172136640410e-01 0.000000000000000000e+00 2.282803896809554978e+00
-3.005004800000001808e+01 5.425146280124862885e-01 0.000000000000000000e+00 2.023430912453080932e+00
-2.993859800000003091e+01 5.405025428640037877e-01 0.000000000000000000e+00 1.887246626674677685e+00
-3.015154600000000684e+01 5.443470427132549583e-01 0.000000000000000000e+00 2.238210385188951435e+00
-2.987229600000000929e+01 5.393055462779585696e-01 0.000000000000000000e+00 1.897388764066036293e+00
-2.883728800000000447e+01 5.206198197157264618e-01 0.000000000000000000e+00 1.977472978542221371e+00
-2.982427800000001739e+01 5.384386435892207778e-01 0.000000000000000000e+00 2.096844577679866095e+00
-2.950524000000001479e+01 5.326788264371200565e-01 0.000000000000000000e+00 2.283348358720746596e+00
-2.997401200000002675e+01 5.411418966858823065e-01 0.000000000000000000e+00 1.884051397424543195e+00
-2.965246000000002269e+01 5.353366925255870212e-01 0.000000000000000000e+00 2.133223935073792266e+00
-3.017727600000001331e+01 5.448115644797014712e-01 0.000000000000000000e+00 2.033454557197150070e+00
-2.988084800000002517e+01 5.394599415421116317e-01 0.000000000000000000e+00 2.091822872857570736e+00
-2.985131800000002045e+01 5.389268157059994291e-01 0.000000000000000000e+00 2.008137760998351951e+00
-2.968120200000002740e+01 5.358555920440948306e-01 0.000000000000000000e+00 1.979706442169564928e+00
-2.958486600000003719e+01 5.341163705558560348e-01 0.000000000000000000e+00 2.207449252981569021e+00
-2.983998800000002660e+01 5.387222672561806647e-01 0.000000000000000000e+00 2.091520981587371875e+00
-2.969034800000000729e+01 5.360207112075581204e-01 0.000000000000000000e+00 1.939972723773676799e+00
-2.947625400000001150e+01 5.321555218151916566e-01 0.000000000000000000e+00 2.088847065274298753e+00
-2.950497200000001641e+01 5.326739880448384534e-01 0.000000000000000000e+00 2.008204611193840083e+00
-2.994180000000001840e+01 5.405603508195481188e-01 0.000000000000000000e+00 2.177747014738401710e+00
-2.996789000000001124e+01 5.410313719189101533e-01 0.000000000000000000e+00 2.251077860860562829e+00
-3.038766200000000950e+01 5.486098107430363857e-01 0.000000000000000000e+00 2.356071877399054770e+00
-3.001541200000001908e+01 5.418893199711866115e-01 0.000000000000000000e+00 2.378495718194738373e+00
-2.979113200000002237e+01 5.378402355647111666e-01 0.000000000000000000e+00 1.817354258248995880e+00
-3.006061000000002537e+01 5.427053112187517625e-01 0.000000000000000000e+00 1.986655016515566308e+00
-3.027954400000001201e+01 5.466578805314289413e-01 0.000000000000000000e+00 2.188525703761379226e+00
-2.960674000000000561e+01 5.345112772452939032e-01 0.000000000000000000e+00 2.093217156011822233e+00
-2.974243600000002630e+01 5.369610924656487150e-01 0.000000000000000000e+00 2.330807259971393375e+00
-2.939958400000002214e+01 5.307713444411751302e-01 0.000000000000000000e+00 1.586661916005110973e+00
-2.904855200000001503e+01 5.244339171298948443e-01 0.000000000000000000e+00 1.718887949320487829e+00
-2.976090200000002994e+01 5.372944721368186904e-01 0.000000000000000000e+00 2.285880976689713240e+00
-2.904983000000001425e+01 5.244569897617454846e-01 0.000000000000000000e+00 2.053055680042198627e+00
-2.965094400000002040e+01 5.353093231125308771e-01 0.000000000000000000e+00 1.773440226119900043e+00
-2.994296200000000496e+01 5.405813292219034949e-01 0.000000000000000000e+00 2.089431042888436618e+00
-2.976670800000001904e+01 5.373992919337865493e-01 0.000000000000000000e+00 2.225677027568569777e+00
-3.021922000000001063e+01 5.455688089791896900e-01 0.000000000000000000e+00 2.231175029830105405e+00
-2.941233200000001702e+01 5.310014930412005896e-01 0.000000000000000000e+00 1.612526070441822501e+00
-3.067061200000000198e+01 5.537181058777439491e-01 0.000000000000000000e+00 2.113904347351964752e+00
-2.969336000000003395e+01 5.360750889596198610e-01 0.000000000000000000e+00 2.218201834592582244e+00
-3.015723000000001264e+01 5.444496599585127994e-01 0.000000000000000000e+00 1.959691116121635046e+00
-3.009219400000003120e+01 5.432755193598884924e-01 0.000000000000000000e+00 1.996880755549220954e+00
-3.000299800000004069e+01 5.416652013078109285e-01 0.000000000000000000e+00 2.441263337211314166e+00
-3.034417000000000897e+01 5.478246191120107467e-01 0.000000000000000000e+00 1.906835093085456512e+00
-3.030745600000000906e+01 5.471617954768255299e-01 0.000000000000000000e+00 2.325977228334644042e+00
-3.052717000000001946e+01 5.511284466774871715e-01 0.000000000000000000e+00 2.088452528727305246e+00
-2.986584800000001039e+01 5.391891360039575698e-01 0.000000000000000000e+00 1.799431487688499809e+00
-2.975012400000001023e+01 5.370998893308035482e-01 0.000000000000000000e+00 2.053212445532339281e+00
-3.030804200000000748e+01 5.471723749465160491e-01 0.000000000000000000e+00 2.445575788729558386e+00
-2.930171800000002946e+01 5.290045007880446182e-01 0.000000000000000000e+00 1.907530364473891460e+00
-3.039121000000000450e+01 5.486738652796608884e-01 0.000000000000000000e+00 1.890168240147052314e+00
-2.976374000000003051e+01 5.373457085446373682e-01 0.000000000000000000e+00 1.929739500502070104e+00
-2.912283800000000866e+01 5.257750544770475321e-01 0.000000000000000000e+00 2.557012049792460218e+00
-2.991520800000001401e+01 5.400802667615089980e-01 0.000000000000000000e+00 2.086277262226871265e+00
-3.005821200000000459e+01 5.426620184400517966e-01 0.000000000000000000e+00 2.169726878556679672e+00
-3.019693400000002370e+01 5.451664641643034770e-01 0.000000000000000000e+00 2.405215224550202091e+00
-3.004266600000001475e+01 5.423813555803094211e-01 0.000000000000000000e+00 2.260501667580750329e+00
-2.995298000000001792e+01 5.407621912139853881e-01 0.000000000000000000e+00 2.165537595232101875e+00
-2.910565399999999414e+01 5.254648196525383286e-01 0.000000000000000000e+00 2.145468991672044634e+00
-3.039459600000001771e+01 5.487349951164737227e-01 0.000000000000000000e+00 2.119767331329959426e+00
-3.027130600000001337e+01 5.465091541298748856e-01 0.000000000000000000e+00 1.694053416317612637e+00
-3.076260800000001083e+01 5.553789742969438281e-01 0.000000000000000000e+00 2.437794116052170779e+00
-3.017940000000002598e+01 5.448499105439043033e-01 0.000000000000000000e+00 2.214168460828870977e+00
-2.955994200000000305e+01 5.336664000736591751e-01 0.000000000000000000e+00 2.254036529383217413e+00
-2.971653200000001505e+01 5.364934293549594724e-01 0.000000000000000000e+00 1.855583262322146432e+00
-2.959169799999999739e+01 5.342397134516331247e-01 0.000000000000000000e+00 2.090304020707480337e+00
-3.039287000000001626e+01 5.487038344258834410e-01 0.000000000000000000e+00 2.389377846138228900e+00
-3.029131400000001761e+01 5.468703726103670837e-01 0.000000000000000000e+00 2.306200977033157073e+00
-2.986710800000003019e+01 5.392118836691628392e-01 0.000000000000000000e+00 2.333229032113862011e+00
-2.997711400000001802e+01 5.411978992711723446e-01 0.000000000000000000e+00 2.399652529771842957e+00
-3.034047600000002731e+01 5.477579287348149917e-01 0.000000000000000000e+00 2.369450273419145159e+00
-3.045678400000002028e+01 5.498577187702543556e-01 0.000000000000000000e+00 2.369818763931712535e+00
-3.000063000000002589e+01 5.416224501401873948e-01 0.000000000000000000e+00 1.886036508612222162e+00
-3.076219200000001308e+01 5.553714639566857958e-01 0.000000000000000000e+00 2.361347899176538867e+00
-3.069228600000002771e+01 5.541094018266741195e-01 0.000000000000000000e+00 2.070691211440121027e+00
-3.006469800000000347e+01 5.427791147547494921e-01 0.000000000000000000e+00 1.686994103441521897e+00
-3.092882200000001092e+01 5.583797524115234889e-01 0.000000000000000000e+00 2.141597269649384128e+00
-3.003577400000000708e+01 5.422569294623789116e-01 0.000000000000000000e+00 2.080252021184068933e+00
-2.980664800000001691e+01 5.381203568133773318e-01 0.000000000000000000e+00 2.016993237694427954e+00
-3.004373800000000827e+01 5.424007091494360555e-01 0.000000000000000000e+00 2.318986045004422181e+00
-3.017305600000001320e+01 5.447353778549676173e-01 0.000000000000000000e+00 2.108119702115723193e+00
-3.036220800000000963e+01 5.481502717984919615e-01 0.000000000000000000e+00 2.104123653742427713e+00
-3.073833400000000537e+01 5.549407387214007059e-01 0.000000000000000000e+00 2.114754587200332381e+00
-3.037356200000001749e+01 5.483552535371719605e-01 0.000000000000000000e+00 2.232309245021867561e+00
-3.063452800000003862e+01 5.530666560751618110e-01 0.000000000000000000e+00 2.029931374870300953e+00
-3.021789800000003012e+01 5.455449419844273784e-01 0.000000000000000000e+00 2.160315911147153489e+00
-3.039611200000000579e+01 5.487623645295296448e-01 0.000000000000000000e+00 2.251224417429840141e+00
-3.039495200000002484e+01 5.487414222345794457e-01 0.000000000000000000e+00 1.964150942299845992e+00
-2.950252600000001735e+01 5.326298286884167954e-01 0.000000000000000000e+00 1.441639762132557401e+00
-3.035758400000002055e+01 5.480667914779305816e-01 0.000000000000000000e+00 2.159125400034640485e+00
-3.043479400000000368e+01 5.494607178513205570e-01 0.000000000000000000e+00 2.251795275057596690e+00
-3.044486600000003662e+01 5.496425547433401171e-01 0.000000000000000000e+00 2.185842593620328955e+00
-3.095061200000001378e+01 5.587731425899482574e-01 0.000000000000000000e+00 2.378276620303624078e+00
-3.055893000000001081e+01 5.517018322702713640e-01 0.000000000000000000e+00 2.096583090760928414e+00
-3.084654600000000002e+01 5.568943659810471347e-01 0.000000000000000000e+00 2.195913983311971851e+00
-3.080354600000001852e+01 5.561180567716733636e-01 0.000000000000000000e+00 2.319900878560865021e+00
-3.070593400000000983e+01 5.543557987589886604e-01 0.000000000000000000e+00 1.805667989673997109e+00
-3.048511399999999938e+01 5.503691801633137093e-01 0.000000000000000000e+00 2.353658420718303557e+00
-3.120104200000002237e+01 5.632943313179387124e-01 0.000000000000000000e+00 1.949807232180305716e+00
-3.132020400000002169e+01 5.654456466204375031e-01 0.000000000000000000e+00 1.797609015248034847e+00
-3.136399800000003069e+01 5.662362904696315313e-01 0.000000000000000000e+00 2.147769148946803597e+00
-3.132615400000001671e+01 5.655530661505717704e-01 0.000000000000000000e+00 2.168335351612971085e+00
-3.201681400000003208e+01 5.780220363493252522e-01 0.000000000000000000e+00 2.061969104443810430e+00
-3.179319800000002161e+01 5.739849396013384508e-01 0.000000000000000000e+00 2.094837890981283035e+00
-3.276677400000001228e+01 5.915615911089127099e-01 0.000000000000000000e+00 2.566957935248915135e+00
-3.305587000000003428e+01 5.967808442994537721e-01 0.000000000000000000e+00 2.053481562413385308e+00
-3.329049000000001968e+01 6.010166039902296031e-01 0.000000000000000000e+00 2.585312997149924019e+00
-3.252728000000002595e+01 5.872378376719393778e-01 0.000000000000000000e+00 2.109044718311678057e+00
-3.221502000000001686e+01 5.816003885156789677e-01 0.000000000000000000e+00 2.290739898466048086e+00
-3.189184000000001618e+01 5.757657929276428499e-01 0.000000000000000000e+00 2.314017829305434315e+00
-3.239269400000001298e+01 5.848080620614080072e-01 0.000000000000000000e+00 2.393504177823086110e+00
-3.229240400000001898e+01 5.829974562333118948e-01 0.000000000000000000e+00 2.538126266725598601e+00
-3.186662600000001433e+01 5.753105868717087734e-01 0.000000000000000000e+00 2.106016967835758091e+00
-3.248230000000002349e+01 5.864257821315288499e-01 0.000000000000000000e+00 2.437431938195061321e+00
-3.227062200000000303e+01 5.826042104845072789e-01 0.000000000000000000e+00 2.157457210155632410e+00
-3.218777000000002175e+01 5.811084251213664009e-01 0.000000000000000000e+00 2.169242849312388532e+00
-3.276791600000002092e+01 5.915822084372176493e-01 0.000000000000000000e+00 2.419703669757597542e+00
-3.199775200000000197e+01 5.776778966714388730e-01 0.000000000000000000e+00 2.161486382822541241e+00
-3.258225000000000193e+01 5.882302497007598774e-01 0.000000000000000000e+00 1.980485370031571435e+00
-3.190335600000002003e+01 5.759736993661348503e-01 0.000000000000000000e+00 2.353189575844374382e+00
-3.166824600000002121e+01 5.717290933611123283e-01 0.000000000000000000e+00 2.088435440267583765e+00
-3.248427200000001136e+01 5.864613840329445660e-01 0.000000000000000000e+00 2.136642681474604899e+00
-3.257467000000001178e+01 5.880934026354797117e-01 0.000000000000000000e+00 2.286326077360838926e+00
-3.226353600000000910e+01 5.824762819482834919e-01 0.000000000000000000e+00 2.135837798740647386e+00
-3.232619000000003950e+01 5.836074186274499143e-01 0.000000000000000000e+00 2.214934934835683933e+00
-3.233676800000001350e+01 5.837983906929554712e-01 0.000000000000000000e+00 2.247186145539133317e+00
-3.237370200000000153e+01 5.844651861427000439e-01 0.000000000000000000e+00 2.022845049662839401e+00
-3.208821600000001695e+01 5.793111068183420809e-01 0.000000000000000000e+00 1.810385934674893171e+00
-3.229144800000002391e+01 5.829801968936803025e-01 0.000000000000000000e+00 2.022516691793127652e+00
-3.277134600000003672e+01 5.916441326369424880e-01 0.000000000000000000e+00 2.492654018439061758e+00
-3.190723200000000759e+01 5.760436755171935985e-01 0.000000000000000000e+00 2.081810594091769495e+00
-3.259250600000002152e+01 5.884154084740472745e-01 0.000000000000000000e+00 1.743175901218777524e+00
-3.231776400000001104e+01 5.834552981298171126e-01 0.000000000000000000e+00 1.987265637158329712e+00
-3.265093800000001778e+01 5.894703224210740000e-01 0.000000000000000000e+00 2.722478141707802113e+00
-3.233487400000002054e+01 5.837641969803381015e-01 0.000000000000000000e+00 2.348478834153862937e+00
-3.215070400000000461e+01 5.804392465828854819e-01 0.000000000000000000e+00 1.851379384632556357e+00
-3.195505000000000706e+01 5.769069674654226931e-01 0.000000000000000000e+00 1.995952392172263501e+00
-3.179836400000002428e+01 5.740782050286786786e-01 0.000000000000000000e+00 1.903800048256490296e+00
-3.205127600000000854e+01 5.786442030463818664e-01 0.000000000000000000e+00 2.263437344560594422e+00
-3.179519200000001433e+01 5.740209386842102246e-01 0.000000000000000000e+00 2.116574415249529828e+00
-3.218831800000001664e+01 5.811183185503601134e-01 0.000000000000000000e+00 2.144782237086369392e+00
-3.245274400000002402e+01 5.858921868991505688e-01 0.000000000000000000e+00 2.538907025892294111e+00
-3.319375000000002984e+01 5.992700888061632813e-01 0.000000000000000000e+00 2.562217008665532259e+00
-3.226356199999999319e+01 5.824767513445493483e-01 0.000000000000000000e+00 2.446952964785949813e+00
-3.292903199999999231e+01 5.944909487762295441e-01 0.000000000000000000e+00 2.543055951388987879e+00
-3.248347800000001229e+01 5.864470493931249750e-01 0.000000000000000000e+00 2.692622783844177636e+00
-3.287313600000001657e+01 5.934818190188537734e-01 0.000000000000000000e+00 2.374279749735494160e+00
-3.213563800000000015e+01 5.801672495003638019e-01 0.000000000000000000e+00 2.298838876994166114e+00
-3.232615000000000549e+01 5.836066964793474865e-01 0.000000000000000000e+00 2.042979707276465717e+00
-3.247619400000004219e+01 5.863155462237980009e-01 0.000000000000000000e+00 2.158976869630613304e+00
-3.184863200000001626e+01 5.749857285481395630e-01 0.000000000000000000e+00 2.242204730507701083e+00
-3.253522200000001163e+01 5.873812201775402420e-01 0.000000000000000000e+00 2.294722553136816057e+00
-3.194234799999999197e+01 5.766776493357138600e-01 0.000000000000000000e+00 2.444868446956860897e+00
-3.245910200000000145e+01 5.860069723399222719e-01 0.000000000000000000e+00 2.101730633971379714e+00
-3.266751400000002548e+01 5.897695805944366265e-01 0.000000000000000000e+00 2.049232525912217273e+00
-3.289511200000001878e+01 5.938785671859516668e-01 0.000000000000000000e+00 2.057613839519412124e+00
-3.224237400000002651e+01 5.820942294950564033e-01 0.000000000000000000e+00 2.658949399673532721e+00
-3.248572600000002808e+01 5.864876341164432239e-01 0.000000000000000000e+00 2.119436468775546700e+00
-3.171541600000001182e+01 5.725806865100930843e-01 0.000000000000000000e+00 2.023891010196832152e+00
-3.187449600000001837e+01 5.754526695107269330e-01 0.000000000000000000e+00 2.149844959404930478e+00
-3.189142200000000571e+01 5.757582464799794186e-01 0.000000000000000000e+00 2.367596842881026120e+00
-3.180244000000001492e+01 5.741517919202462350e-01 0.000000000000000000e+00 2.132025291888566265e+00
-3.228838600000000980e+01 5.829249164564915819e-01 0.000000000000000000e+00 2.197917751286016852e+00
-3.175885600000002285e+01 5.733649393485866774e-01 0.000000000000000000e+00 2.128317452128404064e+00
-3.298029000000000366e+01 5.954163454612089179e-01 0.000000000000000000e+00 2.259509010288686337e+00
-3.227476600000003515e+01 5.826790250278484073e-01 0.000000000000000000e+00 2.353424711086274268e+00
-3.192023000000002497e+01 5.762783375428554011e-01 0.000000000000000000e+00 1.830225829941720228e+00
-3.229249200000003128e+01 5.829990449591360147e-01 0.000000000000000000e+00 2.392885357909352528e+00
-3.226402400000002757e+01 5.824850921551251171e-01 0.000000000000000000e+00 2.054463530315877584e+00
-3.223487000000002212e+01 5.819587545111692961e-01 0.000000000000000000e+00 2.169058081543948191e+00
-3.286243600000003084e+01 5.932886444016376437e-01 0.000000000000000000e+00 2.465885132026119919e+00
-3.204039200000002552e+01 5.784477065478977886e-01 0.000000000000000000e+00 2.232275248120109801e+00
-3.202747400000001221e+01 5.782144888184395093e-01 0.000000000000000000e+00 2.500214121845316662e+00
-3.239450400000001196e+01 5.848407392630119439e-01 0.000000000000000000e+00 2.569586474450861413e+00
-3.231126600000002469e+01 5.833379851706891328e-01 0.000000000000000000e+00 2.000268828004593047e+00
-3.253842600000002250e+01 5.874390642404900831e-01 0.000000000000000000e+00 2.217760426743222713e+00
-3.283994400000001690e+01 5.928825805240270919e-01 0.000000000000000000e+00 2.151863762834910432e+00
-3.269227200000001687e+01 5.902165541620105760e-01 0.000000000000000000e+00 2.258324902235407716e+00
-3.246497600000000716e+01 5.861130197886634807e-01 0.000000000000000000e+00 2.164267127182322170e+00
-3.218993600000000299e+01 5.811475294410753945e-01 0.000000000000000000e+00 2.023654551184389305e+00
-3.199866600000002492e+01 5.776943977555640819e-01 0.000000000000000000e+00 2.210281598596646635e+00
-3.245767800000000136e+01 5.859812638675002683e-01 0.000000000000000000e+00 2.270840451346308519e+00
-3.201613400000002230e+01 5.780097598315954155e-01 0.000000000000000000e+00 2.060438264854534740e+00
-3.197557800000001649e+01 5.772775738712376814e-01 0.000000000000000000e+00 2.235157158851170056e+00
-3.273054200000001401e+01 5.909074693583535876e-01 0.000000000000000000e+00 2.219796955005233219e+00
-3.259345199999999920e+01 5.884324872766530934e-01 0.000000000000000000e+00 2.209118815525111135e+00
-3.212924600000001618e+01 5.800518502337054239e-01 0.000000000000000000e+00 1.926177390711688142e+00
-3.308714800000002754e+01 5.973455280076118701e-01 0.000000000000000000e+00 2.346949852424192073e+00
-3.252134800000000325e+01 5.871307431084503703e-01 0.000000000000000000e+00 2.130485547943463231e+00
-3.240436200000002032e+01 5.850187126626867906e-01 0.000000000000000000e+00 2.139479330352612063e+00
-3.305703800000001280e+01 5.968019310240242348e-01 0.000000000000000000e+00 2.829989948184311377e+00
-3.264591400000003318e+01 5.893796206194953369e-01 0.000000000000000000e+00 2.255006653801914229e+00
-3.193792400000001663e+01 5.765977797556613993e-01 0.000000000000000000e+00 2.439507727006670734e+00
-3.244932600000001344e+01 5.858304793438564584e-01 0.000000000000000000e+00 1.946556384102163140e+00
-3.304755200000001025e+01 5.966306736016957490e-01 0.000000000000000000e+00 2.269626325960048430e+00
-3.309905400000001663e+01 5.975604753900956023e-01 0.000000000000000000e+00 2.341928482696396863e+00
-3.268761000000004202e+01 5.901323878007528334e-01 0.000000000000000000e+00 2.900311434391942722e+00
-3.207272400000002222e+01 5.790314188585369282e-01 0.000000000000000000e+00 2.013170045612017844e+00
-3.218230600000002539e+01 5.810097796906682488e-01 0.000000000000000000e+00 2.205600563570893069e+00
-3.208097600000001393e+01 5.791803980119264450e-01 0.000000000000000000e+00 2.353788157229777855e+00
-3.218425600000001907e+01 5.810449844106281292e-01 0.000000000000000000e+00 2.272792957828661198e+00
-3.262295400000000711e+01 5.889651076090941517e-01 0.000000000000000000e+00 2.471789160185002387e+00
-3.251379400000003983e+01 5.869943654394368382e-01 0.000000000000000000e+00 2.016119060227877569e+00
-3.216295800000001748e+01 5.806604766538547846e-01 0.000000000000000000e+00 2.034577238849497149e+00
-3.297818600000000799e+01 5.953783604710572996e-01 0.000000000000000000e+00 2.273590853139321855e+00
-3.196479200000002052e+01 5.770828466356026087e-01 0.000000000000000000e+00 2.403103792076179079e+00
-3.293815600000002064e+01 5.946556707582377754e-01 0.000000000000000000e+00 1.970100896166170124e+00
-3.254314800000002350e+01 5.875243138239009122e-01 0.000000000000000000e+00 2.263713154923506998e+00
-3.221732800000003039e+01 5.816420564611498589e-01 0.000000000000000000e+00 2.196852649876337438e+00
-3.222782800000002368e+01 5.818316203378574025e-01 0.000000000000000000e+00 1.913943022387410320e+00
-3.220123000000003799e+01 5.813514279576033061e-01 0.000000000000000000e+00 1.769656428533658454e+00
-3.218644000000002592e+01 5.810844136969834928e-01 0.000000000000000000e+00 1.841859721898363000e+00
-3.286652200000000335e+01 5.933624118302301964e-01 0.000000000000000000e+00 1.842931460361974194e+00
-3.221220200000001199e+01 5.815495131819110597e-01 0.000000000000000000e+00 1.859717285670652753e+00
-3.270883000000001317e+01 5.905154873687271655e-01 0.000000000000000000e+00 2.202308356903930342e+00
-3.251496400000002751e+01 5.870154882714125888e-01 0.000000000000000000e+00 1.928938096074855002e+00
-3.191507200000001632e+01 5.761852165451354368e-01 0.000000000000000000e+00 1.886415482373216213e+00
-3.282422600000001012e+01 5.925988124274468305e-01 0.000000000000000000e+00 2.614985633142062671e+00
-3.176175800000002170e+01 5.734173311933681294e-01 0.000000000000000000e+00 2.100247566608866023e+00
-3.214813000000000898e+01 5.803927763525383865e-01 0.000000000000000000e+00 2.081622765847099377e+00
-3.159266400000002406e+01 5.703645584154630743e-01 0.000000000000000000e+00 1.868636639804593491e+00
-3.267081200000001218e+01 5.898291217054251190e-01 0.000000000000000000e+00 2.132852390545239896e+00
-3.195735600000001497e+01 5.769485993034884075e-01 0.000000000000000000e+00 1.969380371831082721e+00
-3.234624600000000072e+01 5.839695036856633603e-01 0.000000000000000000e+00 1.945857793106664513e+00
-3.232109200000002147e+01 5.835153808518823704e-01 0.000000000000000000e+00 1.955021902467405148e+00
-3.201197400000002347e+01 5.779346564290140931e-01 0.000000000000000000e+00 2.095950158952287978e+00
-3.260087400000001168e+01 5.885664818569318335e-01 0.000000000000000000e+00 2.574837601101173323e+00
-3.207257800000002845e+01 5.790287830179656758e-01 0.000000000000000000e+00 1.903771766707640811e+00
-3.272346600000000905e+01 5.907797213591550189e-01 0.000000000000000000e+00 2.355293825853804091e+00
-3.231892200000002191e+01 5.834762043173628010e-01 0.000000000000000000e+00 2.148481729533061380e+00
-3.243302800000000730e+01 5.855362400998009864e-01 0.000000000000000000e+00 2.426344342815988764e+00
-3.202856000000001302e+01 5.782340951394018269e-01 0.000000000000000000e+00 2.300388451254845368e+00
-3.206221200000003080e+01 5.788416383373989893e-01 0.000000000000000000e+00 1.688605892820668419e+00
-3.264923200000002623e+01 5.894395228045348212e-01 0.000000000000000000e+00 2.368301624118862136e+00
-3.230052600000000496e+01 5.831440884053706863e-01 0.000000000000000000e+00 2.501703876355819922e+00
-3.175306800000000607e+01 5.732604445182640784e-01 0.000000000000000000e+00 1.583704429550469417e+00
-3.217005800000001159e+01 5.807886579419141437e-01 0.000000000000000000e+00 2.298756209374402726e+00
-3.260354600000002279e+01 5.886147213501284892e-01 0.000000000000000000e+00 1.932484930850338234e+00
-3.244009000000001208e+01 5.856637353471638718e-01 0.000000000000000000e+00 2.164862092395473780e+00
-3.266610400000001846e+01 5.897441248738500841e-01 0.000000000000000000e+00 2.223222681173626647e+00
-3.140837600000002539e+01 5.670374776811106798e-01 0.000000000000000000e+00 2.023323254686095751e+00
-3.172680000000001144e+01 5.727862098598492935e-01 0.000000000000000000e+00 2.138533137314907240e+00
-3.147497600000001938e+01 5.682398542705133782e-01 0.000000000000000000e+00 2.343316200942586747e+00
-3.140656600000002285e+01 5.670048004795067431e-01 0.000000000000000000e+00 2.267164430738106251e+00
-3.202379200000002157e+01 5.781480150856741496e-01 0.000000000000000000e+00 2.286609209176528434e+00
-3.239683600000000041e+01 5.848828404973434036e-01 0.000000000000000000e+00 2.143772235919429558e+00
-3.222931800000002767e+01 5.818585203546473572e-01 0.000000000000000000e+00 2.035430453190119948e+00
-3.249988200000002081e+01 5.867432023296501598e-01 0.000000000000000000e+00 2.468148560611472586e+00
-3.225248800000002092e+01 5.822768246425821248e-01 0.000000000000000000e+00 2.374468020517565670e+00
-3.243013400000003088e+01 5.854839926846402420e-01 0.000000000000000000e+00 2.502169871269916523e+00
-3.231579400000003233e+01 5.834197323358066845e-01 0.000000000000000000e+00 2.517095841784994903e+00
-3.230250000000000909e+01 5.831797264141918014e-01 0.000000000000000000e+00 2.003125236002759824e+00
-3.214441000000000770e+01 5.803256165790762200e-01 0.000000000000000000e+00 2.377381616188259272e+00
-3.269472200000001294e+01 5.902607857332422547e-01 0.000000000000000000e+00 2.209819710895580602e+00
-3.190734000000001558e+01 5.760456253170683771e-01 0.000000000000000000e+00 2.082626842439250670e+00
-3.256088200000001365e+01 5.878444781848087830e-01 0.000000000000000000e+00 2.017022561152447491e+00
-3.261117400000002675e+01 5.887524349931310130e-01 0.000000000000000000e+00 2.061318674465695278e+00
-3.162962000000000629e+01 5.710317510466634827e-01 0.000000000000000000e+00 2.154618232278908252e+00
-3.187523800000001728e+01 5.754660653580142560e-01 0.000000000000000000e+00 1.843177353189076939e+00
-3.178381600000003004e+01 5.738155597640747230e-01 0.000000000000000000e+00 1.784092878675718863e+00
-3.179771400000002046e+01 5.740664701220252741e-01 0.000000000000000000e+00 1.764782259097207318e+00
-3.246810000000002105e+01 5.861694195554099096e-01 0.000000000000000000e+00 2.539262230243145346e+00
-3.166346000000002192e+01 5.716426883407387249e-01 0.000000000000000000e+00 2.274699547703659341e+00
-3.213406000000002649e+01 5.801387607577503935e-01 0.000000000000000000e+00 2.333697088009893950e+00
-3.207695200000000568e+01 5.791077499128909345e-01 0.000000000000000000e+00 2.302683580787487028e+00
-3.218049000000003446e+01 5.809769941668493365e-01 0.000000000000000000e+00 2.146134880183301341e+00
-3.234444600000001202e+01 5.839370070210850860e-01 0.000000000000000000e+00 2.618118920195732890e+00
-3.267002200000001721e+01 5.898148592804157708e-01 0.000000000000000000e+00 2.211554001632646926e+00
-3.234040600000002286e+01 5.838640700628091595e-01 0.000000000000000000e+00 2.034659382697753038e+00
-3.187155200000000832e+01 5.753995194104384314e-01 0.000000000000000000e+00 1.946365564222691802e+00
-3.185597000000002765e+01 5.751182066174046481e-01 0.000000000000000000e+00 2.190548640907528544e+00
-3.302846000000001681e+01 5.962859923127337147e-01 0.000000000000000000e+00 2.486449791338744220e+00
-3.293539200000003575e+01 5.946057703244075343e-01 0.000000000000000000e+00 2.355789677021188133e+00
-3.147736400000000501e+01 5.682829665121872376e-01 0.000000000000000000e+00 1.753623760916954488e+00
-3.265162800000000942e+01 5.894827794758289441e-01 0.000000000000000000e+00 2.079359152155423995e+00
-3.233520399999999739e+01 5.837701547021769688e-01 0.000000000000000000e+00 2.072759409307487921e+00
-3.294282800000001998e+01 5.947400176565214025e-01 0.000000000000000000e+00 2.122524944926288182e+00
-3.155378600000000944e+01 5.696626665679732637e-01 0.000000000000000000e+00 2.133742487516791186e+00
-3.285516200000002840e+01 5.931573217693355549e-01 0.000000000000000000e+00 1.778676821945249342e+00
-3.202745000000001596e+01 5.782140555295784967e-01 0.000000000000000000e+00 2.183924567531275063e+00
-3.204338800000001442e+01 5.785017954407182250e-01 0.000000000000000000e+00 2.240097909173352608e+00
-3.302946400000001859e+01 5.963041182300875542e-01 0.000000000000000000e+00 2.486590948945519131e+00
-3.248671800000000331e+01 5.865055433893660020e-01 0.000000000000000000e+00 1.740347769053209648e+00
-3.273896400000001705e+01 5.910595176411757024e-01 0.000000000000000000e+00 2.236252060724584378e+00
-3.213424400000001668e+01 5.801420826390183416e-01 0.000000000000000000e+00 2.220244687958532470e+00
-3.234936400000001555e+01 5.840257951301944805e-01 0.000000000000000000e+00 2.275638329695603534e+00
-3.232326200000002103e+01 5.835545573864019397e-01 0.000000000000000000e+00 1.995194988105577716e+00
-3.226770000000001204e+01 5.825514575656750571e-01 0.000000000000000000e+00 1.952759469948807114e+00
-3.266567400000002408e+01 5.897363617817563686e-01 0.000000000000000000e+00 2.097304389338703778e+00
