-2.726557000000001452e+01 2.406775905732977949e-01 0.000000000000000000e+00 3.312957957441926116e+00
-2.703125200000000916e+01 2.386092277381193782e-01 0.000000000000000000e+00 2.713878364903428597e+00
-2.738244000000001677e+01 2.417092209412050885e-01 0.000000000000000000e+00 3.091319114925379363e+00
-2.705590200000001744e+01 2.388268172698120584e-01 0.000000000000000000e+00 3.339544780264205759e+00
-2.718543400000002208e+01 2.399702171570009812e-01 0.000000000000000000e+00 2.751517824222503350e+00
-2.815069400000001210e+01 2.484907230945910817e-01 0.000000000000000000e+00 3.703480531832266109e+00
-2.829680800000002705e+01 2.497804949742558345e-01 0.000000000000000000e+00 2.774146529294363006e+00
-2.766694400000001153e+01 2.442205837048833927e-01 0.000000000000000000e+00 3.181540915092571531e+00
-2.729779200000001893e+01 2.409620193720888592e-01 0.000000000000000000e+00 3.477118807453589699e+00
-2.707184000000001589e+01 2.389675045702630285e-01 0.000000000000000000e+00 3.174097574957885914e+00
-2.863409400000000815e+01 2.527577729777635840e-01 0.000000000000000000e+00 3.694523974744734929e+00
-2.778663600000001210e+01 2.452771243226258002e-01 0.000000000000000000e+00 2.859524034121974534e+00
-2.820691200000001331e+01 2.489869684614346990e-01 0.000000000000000000e+00 3.746581406969086814e+00
-2.778498000000001156e+01 2.452625065431335849e-01 0.000000000000000000e+00 4.092240310686072746e+00
-2.797874000000000905e+01 2.469728573610142364e-01 0.000000000000000000e+00 3.389979547150840045e+00
-2.706300600000001566e+01 2.388895254253148581e-01 0.000000000000000000e+00 3.382262789335750419e+00
-2.803735400000000766e+01 2.474902526068815667e-01 0.000000000000000000e+00 3.584838461047027636e+00
-2.869868000000001373e+01 2.533278840322828462e-01 0.000000000000000000e+00 3.555788078526888274e+00
-2.772638600000001219e+01 2.447452878404968446e-01 0.000000000000000000e+00 2.777584343572775616e+00
-2.769395400000001217e+01 2.444590053377846961e-01 0.000000000000000000e+00 3.061475141876424555e+00
-2.818819800000000697e+01 2.488217769605788610e-01 0.000000000000000000e+00 4.013798612161035173e+00
-2.843594600000001904e+01 2.510086885750932861e-01 0.000000000000000000e+00 3.418640595543642746e+00
-2.757997000000000654e+01 2.434528501580504045e-01 0.000000000000000000e+00 3.271800856893908982e+00
-2.856033000000000754e+01 2.521066462347301695e-01 0.000000000000000000e+00 3.178343298883170576e+00
-2.808267999999999631e+01 2.478903525303499666e-01 0.000000000000000000e+00 3.273474725391625650e+00
-2.801341200000001663e+01 2.472789127055516345e-01 0.000000000000000000e+00 3.468093935013405460e+00
-2.808708999999999989e+01 2.479292803126933731e-01 0.000000000000000000e+00 3.669730675211174020e+00
-2.773961200000000460e+01 2.448620358788808071e-01 0.000000000000000000e+00 3.382033640236733252e+00
-2.716567200000002202e+01 2.397957747908626702e-01 0.000000000000000000e+00 3.075227895244990073e+00
-2.773414800000001179e+01 2.448138042682858062e-01 0.000000000000000000e+00 3.262994387959400999e+00
-2.860068400000001176e+01 2.524628575110759998e-01 0.000000000000000000e+00 3.510859548693240573e+00
-2.736273600000000528e+01 2.415352905504353775e-01 0.000000000000000000e+00 3.696909561589206028e+00
-2.874715400000002674e+01 2.537557718602451162e-01 0.000000000000000000e+00 4.046208815679789517e+00
-2.798396600000000589e+01 2.470189881071653271e-01 0.000000000000000000e+00 3.765430277215300769e+00
-2.759376600000002355e+01 2.435746296785061549e-01 0.000000000000000000e+00 3.201372187369760702e+00
-2.901294200000002377e+01 2.561019254687445512e-01 0.000000000000000000e+00 3.424842619260486387e+00
-2.809231600000001450e+01 2.479754110588446303e-01 0.000000000000000000e+00 3.199565534102112974e+00
-2.805623400000001055e+01 2.476569094165512186e-01 0.000000000000000000e+00 3.451554789583817673e+00
-2.764203600000002226e+01 2.440007167655163789e-01 0.000000000000000000e+00 3.962827396091856080e+00
-2.739409400000001682e+01 2.418120926816653415e-01 0.000000000000000000e+00 3.285878943706068256e+00
-2.730613600000002705e+01 2.410356732078878517e-01 0.000000000000000000e+00 2.920696163087619812e+00
-2.749427400000002208e+01 2.426963977236517855e-01 0.000000000000000000e+00 2.886919924037038232e+00
-2.720330400000000992e+01 2.401279585335260869e-01 0.000000000000000000e+00 3.043653965648871473e+00
-2.830727800000002858e+01 2.498729153554656301e-01 0.000000000000000000e+00 3.275350863758450970e+00
-2.751798000000002276e+01 2.429056544148609220e-01 0.000000000000000000e+00 3.776478447688876194e+00
-2.775783200000002893e+01 2.450228667619414324e-01 0.000000000000000000e+00 2.969546397795903570e+00
-2.769352200000001929e+01 2.444551920040041737e-01 0.000000000000000000e+00 2.973162242923086396e+00
-2.762910000000001531e+01 2.438865286039757219e-01 0.000000000000000000e+00 2.677347207648464344e+00
-2.799152800000000596e+01 2.470857391026484717e-01 0.000000000000000000e+00 3.663538400858057820e+00
-2.818559000000002968e+01 2.487987557233111158e-01 0.000000000000000000e+00 3.392962945002733210e+00
-2.836651800000001700e+01 2.503958364044501228e-01 0.000000000000000000e+00 3.532031239677328571e+00
-2.791640600000001271e+01 2.464226250742586055e-01 0.000000000000000000e+00 3.415922869454849131e+00
-2.774871600000001592e+01 2.449423983574419428e-01 0.000000000000000000e+00 3.317876501093596886e+00
-2.834741000000001421e+01 2.502271670019518002e-01 0.000000000000000000e+00 3.268264471992572417e+00
-2.822243800000001812e+01 2.491240189713357367e-01 0.000000000000000000e+00 3.483972748585276946e+00
-2.786923800000000284e+01 2.460062655192533920e-01 0.000000000000000000e+00 2.728956057431100923e+00
-2.755412800000000217e+01 2.432247386498150588e-01 0.000000000000000000e+00 3.030353468067760403e+00
-2.800438800000002360e+01 2.471992563999129977e-01 0.000000000000000000e+00 3.510041866545902778e+00
-2.749101600000001611e+01 2.426676388313898924e-01 0.000000000000000000e+00 3.913410300330303127e+00
-2.858757600000001631e+01 2.523471510777524629e-01 0.000000000000000000e+00 3.226154672474851548e+00
-2.782824600000002135e+01 2.456444225138522119e-01 0.000000000000000000e+00 3.516769515756404285e+00
-2.711465000000000813e+01 2.393453953553242308e-01 0.000000000000000000e+00 3.580057304363332804e+00
-2.680042600000000874e+01 2.365716893510006746e-01 0.000000000000000000e+00 2.729804433540574671e+00
-2.820625600000001754e+01 2.489811778434716516e-01 0.000000000000000000e+00 3.414777855629407277e+00
-2.817478400000001670e+01 2.487033694158274355e-01 0.000000000000000000e+00 3.878409707748209811e+00
-2.822934600000001382e+01 2.491849970031787820e-01 0.000000000000000000e+00 2.989388645563882285e+00
-2.725734600000002317e+01 2.406049959968824536e-01 0.000000000000000000e+00 3.006754984371763140e+00
-2.811822200000002425e+01 2.482040875054178919e-01 0.000000000000000000e+00 3.297065305051408046e+00
-2.795788800000001828e+01 2.467887933888092689e-01 0.000000000000000000e+00 3.485395055192974212e+00
-2.740550600000002746e+01 2.419128282490356496e-01 0.000000000000000000e+00 2.754932525299582213e+00
-2.730639000000001104e+01 2.410379153069160951e-01 0.000000000000000000e+00 2.854556892483357533e+00
-2.763652200000000647e+01 2.439520437968447086e-01 0.000000000000000000e+00 2.614280088074927288e+00
-2.785657000000002625e+01 2.458944430370028078e-01 0.000000000000000000e+00 2.635249937641282791e+00
-2.746269000000001981e+01 2.424176006539163208e-01 0.000000000000000000e+00 3.818894506002986855e+00
-2.711641400000002022e+01 2.393609664682616878e-01 0.000000000000000000e+00 3.019375231549224381e+00
-2.718934600000001822e+01 2.400047490129028349e-01 0.000000000000000000e+00 2.773663696211349894e+00
-2.811981000000001529e+01 2.482181050379260456e-01 0.000000000000000000e+00 3.166087696658021144e+00
-2.850267600000001877e+01 2.515977250639309104e-01 0.000000000000000000e+00 3.640343702196985110e+00
-2.872006400000002202e+01 2.535166440544214250e-01 0.000000000000000000e+00 2.883872495308341666e+00
-2.718281200000000197e+01 2.399470723394714622e-01 0.000000000000000000e+00 3.290117930196730711e+00
-2.791595800000001049e+01 2.464186705058935556e-01 0.000000000000000000e+00 2.953775810932252277e+00
-2.763379800000001651e+01 2.439279986088394858e-01 0.000000000000000000e+00 3.230082445518139611e+00
-2.814960800000003616e+01 2.484811367971706819e-01 0.000000000000000000e+00 3.063947241603434346e+00
-2.654851000000001093e+01 2.343479861272330378e-01 0.000000000000000000e+00 3.256639965322751795e+00
-2.810291000000001560e+01 2.480689260080840564e-01 0.000000000000000000e+00 3.390980814743662641e+00
-2.814649200000000207e+01 2.484536313618456727e-01 0.000000000000000000e+00 3.921694851079805311e+00
-2.762104800000001603e+01 2.438154522993433160e-01 0.000000000000000000e+00 3.934174638903298327e+00
-2.832875200000001570e+01 2.500624698221416420e-01 0.000000000000000000e+00 3.314214134937297995e+00
-2.795717600000000402e+01 2.467825084498004307e-01 0.000000000000000000e+00 3.451880842516632075e+00
-2.770600800000000064e+01 2.445654079428564998e-01 0.000000000000000000e+00 3.436726408253627074e+00
-2.788196000000002428e+01 2.461185646682269301e-01 0.000000000000000000e+00 2.847658341000673055e+00
-2.725015800000001676e+01 2.405415463598111481e-01 0.000000000000000000e+00 3.227751667102165101e+00
-2.882534000000001839e+01 2.544459323115601523e-01 0.000000000000000000e+00 4.483763128390609864e+00
-2.799649000000000854e+01 2.471295394781559407e-01 0.000000000000000000e+00 3.261851155944329061e+00
-2.812979400000002173e+01 2.483062354186327536e-01 0.000000000000000000e+00 3.153760314926300712e+00
-2.771365600000000740e+01 2.446329180742312093e-01 0.000000000000000000e+00 2.863919586447985832e+00
-2.827426800000002061e+01 2.495815307533895966e-01 0.000000000000000000e+00 3.122952411908714865e+00
-2.907890000000001507e+01 2.566841473888816227e-01 0.000000000000000000e+00 3.304472030018065443e+00
-2.801582800000001328e+01 2.473002391278059375e-01 0.000000000000000000e+00 3.448221044910203315e+00
-2.795616200000000262e+01 2.467735577080098774e-01 0.000000000000000000e+00 3.083858360894118800e+00
-2.825707000000002012e+01 2.494297212294119270e-01 0.000000000000000000e+00 3.447782013589653083e+00
-2.751374200000001480e+01 2.428682449043004787e-01 0.000000000000000000e+00 2.890129718426024841e+00
-2.799510600000001759e+01 2.471173226865997496e-01 0.000000000000000000e+00 3.453489122548324630e+00
-2.810153399999999735e+01 2.480567798338198515e-01 0.000000000000000000e+00 3.075941178859247671e+00
-2.750642600000001892e+01 2.428036653905535358e-01 0.000000000000000000e+00 3.105106618011072239e+00
-2.798894200000002641e+01 2.470629120629343756e-01 0.000000000000000000e+00 3.111054190657578378e+00
-2.808450400000002034e+01 2.479064532729792769e-01 0.000000000000000000e+00 2.661946793627748331e+00
-2.714111600000001800e+01 2.395790150123537909e-01 0.000000000000000000e+00 3.506140213700138286e+00
-2.846243800000002722e+01 2.512425377383225578e-01 0.000000000000000000e+00 2.805564705819741267e+00
-2.802812800000002724e+01 2.474088132146141372e-01 0.000000000000000000e+00 3.470555927524691775e+00
-2.821007800000000643e+01 2.490149152548357947e-01 0.000000000000000000e+00 2.900928216744259824e+00
-2.801099800000001849e+01 2.472576039376203905e-01 0.000000000000000000e+00 3.259611511771414616e+00
-2.730439400000002337e+01 2.410202962925040993e-01 0.000000000000000000e+00 3.147506961307438900e+00
-2.793466000000000804e+01 2.465837560808109841e-01 0.000000000000000000e+00 3.526238935967803911e+00
-2.775562400000001873e+01 2.450033763892850713e-01 0.000000000000000000e+00 3.483774265818001759e+00
-2.778354000000002699e+01 2.452497954305317973e-01 0.000000000000000000e+00 3.106190213952217949e+00
-2.725602600000000919e+01 2.405933441436639009e-01 0.000000000000000000e+00 3.168612361826417700e+00
-2.707530400000003112e+01 2.389980818577999988e-01 0.000000000000000000e+00 2.762738001152867273e+00
-2.859701200000000654e+01 2.524304441739410598e-01 0.000000000000000000e+00 4.225931752791151297e+00
-2.784684400000003279e+01 2.458085900639707388e-01 0.000000000000000000e+00 3.710186458662750209e+00
-2.858349800000002716e+01 2.523111539130368230e-01 0.000000000000000000e+00 4.205960710921363699e+00
-2.702338200000000512e+01 2.385397579768852583e-01 0.000000000000000000e+00 2.908833312737065135e+00
-2.811893400000002075e+01 2.482103724444265913e-01 0.000000000000000000e+00 3.172610906188252589e+00
-2.814846200000002696e+01 2.484710208700582623e-01 0.000000000000000000e+00 3.053320716620089303e+00
-2.763219800000001669e+01 2.439138751503929226e-01 0.000000000000000000e+00 2.841643617501119934e+00
-2.786292600000001940e+01 2.459505484756817906e-01 0.000000000000000000e+00 3.531762973006397743e+00
-2.705739400000000927e+01 2.388399873948134355e-01 0.000000000000000000e+00 2.735791114280060832e+00
-2.836943200000001397e+01 2.504215587531459231e-01 0.000000000000000000e+00 3.944147144203328459e+00
-2.724040800000000218e+01 2.404554815349021768e-01 0.000000000000000000e+00 3.011313999363672611e+00
-2.800617400000000856e+01 2.472150217104038539e-01 0.000000000000000000e+00 3.263218135541240628e+00
-2.805457199999999673e+01 2.476422386740896875e-01 0.000000000000000000e+00 3.181860463773553693e+00
-2.837213200000002544e+01 2.504453920892746321e-01 0.000000000000000000e+00 3.206971331802960901e+00
-2.778642800000002566e+01 2.452752882730278583e-01 0.000000000000000000e+00 2.736462840897373017e+00
-2.889753800000000439e+01 2.550832357196388123e-01 0.000000000000000000e+00 3.184067942614899671e+00
-2.840822600000002751e+01 2.507639996575063979e-01 0.000000000000000000e+00 3.515237243502215225e+00
-2.770995600000003378e+01 2.446002575765737208e-01 0.000000000000000000e+00 3.154511742280547981e+00
-2.827821600000002533e+01 2.496163803871065678e-01 0.000000000000000000e+00 3.109562313178398263e+00
-2.865156200000001618e+01 2.529119658353541911e-01 0.000000000000000000e+00 3.123259106481270031e+00
-2.865961800000002313e+01 2.529830774486327427e-01 0.000000000000000000e+00 3.312070983611433483e+00
-2.761867600000002199e+01 2.437945142721963110e-01 0.000000000000000000e+00 3.075478923864598979e+00
-2.774575000000001168e+01 2.449162169963465530e-01 0.000000000000000000e+00 2.919180798242595909e+00
-2.768897800000000586e+01 2.444150813820157864e-01 0.000000000000000000e+00 2.915450215993296013e+00
-2.756489800000001367e+01 2.433198071794836770e-01 0.000000000000000000e+00 3.474563703967054273e+00
-2.764308200000001747e+01 2.440099499764757651e-01 0.000000000000000000e+00 3.150522568306740379e+00
-2.739425000000002086e+01 2.418134697188639159e-01 0.000000000000000000e+00 2.967298538275601860e+00
-2.763575600000000776e+01 2.439452821911134162e-01 0.000000000000000000e+00 3.233275664475407485e+00
-2.831755600000003170e+01 2.499636409216618727e-01 0.000000000000000000e+00 2.936565995464977430e+00
-2.798124400000001444e+01 2.469949605734831632e-01 0.000000000000000000e+00 3.111293361136898916e+00
-2.905381000000002700e+01 2.564626739061163230e-01 0.000000000000000000e+00 4.495327137487359792e+00
-2.841414200000000534e+01 2.508162211451124279e-01 0.000000000000000000e+00 3.109362478201028512e+00
-2.747650200000001064e+01 2.425395214089563212e-01 0.000000000000000000e+00 2.992863319445919768e+00
-2.774325000000000685e+01 2.448941490925237163e-01 0.000000000000000000e+00 3.382570870512604966e+00
-2.815817600000001164e+01 2.485567679171518940e-01 0.000000000000000000e+00 3.119512983717136922e+00
-2.704261000000000337e+01 2.387094866387669823e-01 0.000000000000000000e+00 2.956313275368700033e+00
-2.818645000000000422e+01 2.488063470822259315e-01 0.000000000000000000e+00 3.539793415118623887e+00
-2.874434600000001794e+01 2.537309851906712765e-01 0.000000000000000000e+00 2.555086632756887077e+00
-2.755273400000000805e+01 2.432124335866435172e-01 0.000000000000000000e+00 2.676410076090355084e+00
-2.835870800000001779e+01 2.503268962729077729e-01 0.000000000000000000e+00 3.471846453328676141e+00
-2.817201600000000994e+01 2.486789358327148036e-01 0.000000000000000000e+00 3.079647334417997318e+00
-2.822149000000001351e+01 2.491156508222060750e-01 0.000000000000000000e+00 3.123786363234738239e+00
-2.784674800000002293e+01 2.458077426564638512e-01 0.000000000000000000e+00 2.967298123484110040e+00
-2.824206000000002703e+01 2.492972255348600286e-01 0.000000000000000000e+00 4.007447260017052315e+00
-2.847143000000001223e+01 2.513219115747922228e-01 0.000000000000000000e+00 3.460900998163760178e+00
-2.884686400000000717e+01 2.546359281363126392e-01 0.000000000000000000e+00 4.024526599515284353e+00
-2.772547400000001971e+01 2.447372374691823560e-01 0.000000000000000000e+00 3.388012566450763430e+00
-2.785446200000000871e+01 2.458758353804992858e-01 0.000000000000000000e+00 3.849342119805550855e+00
-2.831488400000000993e+01 2.499400547460559063e-01 0.000000000000000000e+00 3.246617549585532281e+00
-2.774315400000001830e+01 2.448933016850170230e-01 0.000000000000000000e+00 3.091171360190930084e+00
-2.744220600000000942e+01 2.422367850771539044e-01 0.000000000000000000e+00 3.079813086215498874e+00
-2.783924200000001647e+01 2.457414859820262754e-01 0.000000000000000000e+00 2.708691932145235626e+00
-2.806105399999999861e+01 2.476994563351214151e-01 0.000000000000000000e+00 3.610554861396729542e+00
-2.797052000000001826e+01 2.469002980932450131e-01 0.000000000000000000e+00 3.178019509256058583e+00
-2.747163000000000110e+01 2.424965154779863963e-01 0.000000000000000000e+00 2.560853936865512548e+00
-2.810734400000000477e+01 2.481080656423040320e-01 0.000000000000000000e+00 3.288259225026782584e+00
-2.737154200000001936e+01 2.416130225348608329e-01 0.000000000000000000e+00 2.295493592535099658e+00
-2.781150600000003692e+01 2.454966558298550261e-01 0.000000000000000000e+00 3.090899524845625024e+00
-2.758457600000000909e+01 2.434935080640535099e-01 0.000000000000000000e+00 2.856128140007982097e+00
-2.911153000000001256e+01 2.569721776695765292e-01 0.000000000000000000e+00 3.740563512387140577e+00
-2.830801000000001011e+01 2.498793768377047808e-01 0.000000000000000000e+00 3.458863771558808420e+00
-2.703973200000002564e+01 2.386840820678864106e-01 0.000000000000000000e+00 2.766980947424484860e+00
-2.833314399999999722e+01 2.501012387155773786e-01 0.000000000000000000e+00 3.624487022995478647e+00
-2.836535800000001473e+01 2.503855968970762902e-01 0.000000000000000000e+00 3.477762164287473645e+00
-2.782986000000002136e+01 2.456586695525602160e-01 0.000000000000000000e+00 2.618445721099337931e+00
-2.740590600000000876e+01 2.419163591136471447e-01 0.000000000000000000e+00 3.360150414076156000e+00
-2.784921800000000047e+01 2.458295457454405530e-01 0.000000000000000000e+00 2.856080546652291829e+00
-2.744351400000001107e+01 2.422483310044339921e-01 0.000000000000000000e+00 3.104641218166665162e+00
-2.827459600000000961e+01 2.495844260623710509e-01 0.000000000000000000e+00 3.170947047709529176e+00
-2.741307200000000677e+01 2.419796145531647458e-01 0.000000000000000000e+00 3.112229735232385330e+00
-2.755213600000001861e+01 2.432071549440492086e-01 0.000000000000000000e+00 3.312527469145338799e+00
-2.765399200000000945e+01 2.441062543087583192e-01 0.000000000000000000e+00 2.624711196952933090e+00
-2.775386600000001991e+01 2.449878582393169024e-01 0.000000000000000000e+00 3.220822458117042597e+00
-2.816455800000001375e+01 2.486131028620306993e-01 0.000000000000000000e+00 2.715985193618617011e+00
-2.808204800000001100e+01 2.478847737642636828e-01 0.000000000000000000e+00 3.655659584600405854e+00
-2.800910000000002142e+01 2.472408499850381469e-01 0.000000000000000000e+00 3.697670698964389491e+00
-2.883972600000002018e+01 2.545729198573179475e-01 0.000000000000000000e+00 2.894913413914939060e+00
-2.767441000000003015e+01 2.442864872928598996e-01 0.000000000000000000e+00 2.406665371841337109e+00
-2.843231600000001436e+01 2.509766459787425852e-01 0.000000000000000000e+00 3.531385489592583138e+00
-2.839503000000002331e+01 2.506475164339682093e-01 0.000000000000000000e+00 3.369833122910187662e+00
-2.741564000000002110e+01 2.420022827039716162e-01 0.000000000000000000e+00 3.075685588547041327e+00
-2.852929400000000371e+01 2.518326864495126771e-01 0.000000000000000000e+00 3.975618255504292264e+00
-2.812410400000001331e+01 2.482560088695320299e-01 0.000000000000000000e+00 3.364850512954370654e+00
-2.820768800000001164e+01 2.489938183387812864e-01 0.000000000000000000e+00 3.174254274415083010e+00
-2.782481800000003247e+01 2.456141630041305257e-01 0.000000000000000000e+00 3.175696279029595726e+00
-2.785550200000001908e+01 2.458850156284896615e-01 0.000000000000000000e+00 3.311498259767080565e+00
-2.796797400000000877e+01 2.468778241399918194e-01 0.000000000000000000e+00 3.849719630001670723e+00
-2.738872000000000639e+01 2.417646555156078014e-01 0.000000000000000000e+00 3.086314411276422032e+00
-2.744703600000001131e+01 2.422794202673395347e-01 0.000000000000000000e+00 2.796513444118471359e+00
-2.801304400000001849e+01 2.472756643101089447e-01 0.000000000000000000e+00 2.903885268496312566e+00
-2.766231800000002039e+01 2.441797492556497806e-01 0.000000000000000000e+00 3.570420684501924402e+00
-2.791863400000002926e+01 2.464422919901456122e-01 0.000000000000000000e+00 3.006939778371278571e+00
-2.780029400000000095e+01 2.453976856947903129e-01 0.000000000000000000e+00 3.572653725338597042e+00
-2.850115800000001798e+01 2.515843254327296830e-01 0.000000000000000000e+00 3.159458903589459133e+00
-2.719887200000002636e+01 2.400888365536292257e-01 0.000000000000000000e+00 2.899941307803147517e+00
-2.661996400000002083e+01 2.349787221271342763e-01 0.000000000000000000e+00 2.405418605939935173e+00
-2.757192200000001137e+01 2.433818091620641444e-01 0.000000000000000000e+00 3.016666650580277942e+00
-2.819453800000001209e+01 2.488777411646734550e-01 0.000000000000000000e+00 3.070603702652531020e+00
-2.716409000000000873e+01 2.397818102213234992e-01 0.000000000000000000e+00 3.037140423327525429e+00
-2.733102600000001559e+01 2.412553812583473345e-01 0.000000000000000000e+00 3.382665914364890281e+00
-2.815924400000001881e+01 2.485661953256650680e-01 0.000000000000000000e+00 3.494126300941815089e+00
-2.705906800000001056e+01 2.388547640632131819e-01 0.000000000000000000e+00 3.427912120995620260e+00
-2.812978600000001350e+01 2.483061648013404343e-01 0.000000000000000000e+00 3.732566663081514857e+00
-2.832985000000001108e+01 2.500721620455005900e-01 0.000000000000000000e+00 3.440296250383684473e+00
-2.767145400000000777e+01 2.442603942033796383e-01 0.000000000000000000e+00 3.024600955044576711e+00
-2.817405400000001947e+01 2.486969255879112051e-01 0.000000000000000000e+00 2.819372079508327467e+00
-2.750154000000000920e+01 2.427605358793221979e-01 0.000000000000000000e+00 3.821913434578828817e+00
-2.741399600000002224e+01 2.419877708504177827e-01 0.000000000000000000e+00 2.986394593868477276e+00
-2.741919800000000862e+01 2.420336897446920821e-01 0.000000000000000000e+00 3.351933531138061362e+00
-2.799961200000000261e+01 2.471570978764497939e-01 0.000000000000000000e+00 3.150979935992334724e+00
-2.762683200000001094e+01 2.438665086016276462e-01 0.000000000000000000e+00 2.985634326756555268e+00
-2.825705800000001133e+01 2.494296153034735175e-01 0.000000000000000000e+00 3.111885653854046030e+00
-2.837140800000000240e+01 2.504390012243273289e-01 0.000000000000000000e+00 3.061923260710628814e+00
-2.795616000000001122e+01 2.467735400536869017e-01 0.000000000000000000e+00 2.997505262983897190e+00
-2.810389000000001758e+01 2.480775766263826065e-01 0.000000000000000000e+00 3.265782941610965384e+00
-2.831569600000002751e+01 2.499472224012176946e-01 0.000000000000000000e+00 3.053926385303438629e+00
-2.871355400000001623e+01 2.534591792328668713e-01 0.000000000000000000e+00 3.632542100318989942e+00
-2.872846200000001460e+01 2.535907745569428440e-01 0.000000000000000000e+00 3.328628506684263577e+00
-2.758867600000001374e+01 2.435296994263229098e-01 0.000000000000000000e+00 2.398592644314072597e+00
-2.725755000000002326e+01 2.406067967378343886e-01 0.000000000000000000e+00 2.875647353574706244e+00
-2.817168200000001832e+01 2.486759875607641446e-01 0.000000000000000000e+00 4.285918462352656277e+00
-2.791190400000001759e+01 2.463828851930545960e-01 0.000000000000000000e+00 3.283480078305684557e+00
-2.746136200000001537e+01 2.424058781834056153e-01 0.000000000000000000e+00 3.184240141532270307e+00
-2.585378200000000604e+01 2.282155098524364101e-01 0.000000000000000000e+00 3.704421581381095674e+00
-2.835541400000002099e+01 2.502978196028308733e-01 0.000000000000000000e+00 4.230328363619594967e+00
-2.765276200000000983e+01 2.440953969000775048e-01 0.000000000000000000e+00 3.291940633716706532e+00
-2.744798400000001593e+01 2.422877884164691686e-01 0.000000000000000000e+00 3.176473665564416127e+00
-2.846574800000000494e+01 2.512717556429837629e-01 0.000000000000000000e+00 3.333288223466885913e+00
-2.751196800000001730e+01 2.428525855197478378e-01 0.000000000000000000e+00 3.186247939298326060e+00
-2.762365200000001764e+01 2.438384382279651375e-01 0.000000000000000000e+00 3.629782739205521747e+00
-2.816952599999999762e+01 2.486569562005072065e-01 0.000000000000000000e+00 3.455799109931892765e+00
-2.814599800000002006e+01 2.484492707440504600e-01 0.000000000000000000e+00 3.197964197308763801e+00
-2.760016400000001724e+01 2.436311058579693767e-01 0.000000000000000000e+00 2.705311172584235369e+00
-2.695943600000000728e+01 2.379752963057447102e-01 0.000000000000000000e+00 2.551861493800044567e+00
-2.850017600000001394e+01 2.515756571601080460e-01 0.000000000000000000e+00 3.798284966812673247e+00
-2.812660400000002525e+01 2.482780767733549221e-01 0.000000000000000000e+00 3.897273123709950937e+00
-2.735104600000002151e+01 2.414321010321602012e-01 0.000000000000000000e+00 3.132966919498306524e+00
-2.715367200000002512e+01 2.396898488525133764e-01 0.000000000000000000e+00 3.253465650565578571e+00
-2.710786600000002267e+01 2.392855118915108714e-01 0.000000000000000000e+00 3.185982467953182073e+00
-2.852107600000002563e+01 2.517601448360666239e-01 0.000000000000000000e+00 4.068791467783409388e+00
-2.800985000000000724e+01 2.472474703561848564e-01 0.000000000000000000e+00 3.736236987743932758e+00
-2.790324600000000643e+01 2.463064596285354513e-01 0.000000000000000000e+00 3.265932462062177688e+00
-2.803772600000002058e+01 2.474935363109704856e-01 0.000000000000000000e+00 3.921294084134301361e+00
-2.897686400000000972e+01 2.557834591350971465e-01 0.000000000000000000e+00 3.195976727059043121e+00
-2.801374400000000975e+01 2.472818433231792623e-01 0.000000000000000000e+00 3.393835519139626111e+00
-2.791475000000001216e+01 2.464080072947663902e-01 0.000000000000000000e+00 2.940744014065594936e+00
-2.840119399999999317e+01 2.507019270576333891e-01 0.000000000000000000e+00 3.592999079349458835e+00
-2.790356800000002124e+01 2.463093019745479506e-01 0.000000000000000000e+00 3.281058442947391462e+00
-2.756759400000001392e+01 2.433436052069661848e-01 0.000000000000000000e+00 3.215003745189077833e+00
-2.868217800000001816e+01 2.531822182127294596e-01 0.000000000000000000e+00 3.537870727879676824e+00
-2.785538400000002568e+01 2.458839740234292914e-01 0.000000000000000000e+00 3.632985402766038430e+00
-2.709518600000001953e+01 2.391735834833217111e-01 0.000000000000000000e+00 3.114542411030077673e+00
-2.792342000000001789e+01 2.464845387852238612e-01 0.000000000000000000e+00 3.484425550672853422e+00
-2.752457000000001841e+01 2.429638254093377248e-01 0.000000000000000000e+00 2.807517446575939157e+00
-2.809113599999999877e+01 2.479649950082401522e-01 0.000000000000000000e+00 3.161290722126330888e+00
-2.756469800000001769e+01 2.433180417471778878e-01 0.000000000000000000e+00 3.061498591054104157e+00
-2.735776800000000719e+01 2.414914372119587593e-01 0.000000000000000000e+00 3.175917311370468177e+00
-2.793621199999999760e+01 2.465974558355040758e-01 0.000000000000000000e+00 3.409924012580297426e+00
-2.851379600000002057e+01 2.516958831001346319e-01 0.000000000000000000e+00 4.014243949896015629e+00
-2.775159000000002862e+01 2.449677676196767018e-01 0.000000000000000000e+00 3.061698928699554401e+00
-2.732006200000002138e+01 2.411586002593422151e-01 0.000000000000000000e+00 3.691786737845691668e+00
-2.812506600000000745e+01 2.482645005989229936e-01 0.000000000000000000e+00 3.345010346263535883e+00
-2.783452800000001659e+01 2.456998747425780671e-01 0.000000000000000000e+00 3.183941391016848144e+00
-2.853609000000000506e+01 2.518926758392645016e-01 0.000000000000000000e+00 3.534239759820913651e+00
-2.795395800000002140e+01 2.467541026439998841e-01 0.000000000000000000e+00 3.416640288950062665e+00
-2.786963800000003388e+01 2.460097963838653035e-01 0.000000000000000000e+00 3.518609088221243297e+00
-2.759443600000000174e+01 2.435805438767304765e-01 0.000000000000000000e+00 2.622991073415264385e+00
-2.685391400000003514e+01 2.370438365668700309e-01 0.000000000000000000e+00 2.896548110452449531e+00
-2.889386000000000365e+01 2.550507694195347508e-01 0.000000000000000000e+00 3.610625999838126265e+00
-2.746456800000002119e+01 2.424341780632680021e-01 0.000000000000000000e+00 3.700416654151150286e+00
-2.782012800000002883e+01 2.455727636165589700e-01 0.000000000000000000e+00 3.246365844195566730e+00
-2.750331800000002502e+01 2.427762305725210956e-01 0.000000000000000000e+00 3.282260432005831507e+00
-2.776877000000000706e+01 2.451194182547466460e-01 0.000000000000000000e+00 3.035216693028088386e+00
-2.816506600000000660e+01 2.486175870600874360e-01 0.000000000000000000e+00 3.697073053384886343e+00
-2.829361200000000309e+01 2.497522833660085761e-01 0.000000000000000000e+00 4.440781267174149782e+00
-2.805639800000000861e+01 2.476583570710419735e-01 0.000000000000000000e+00 3.267294671915478066e+00
-2.697248800000001268e+01 2.380905084180227060e-01 0.000000000000000000e+00 2.801407128651708156e+00
-2.750176000000000442e+01 2.427624778548585494e-01 0.000000000000000000e+00 3.119845601657527112e+00
-2.822201200000001720e+01 2.491202586005243080e-01 0.000000000000000000e+00 3.732724772837335614e+00
-2.752824200000000587e+01 2.429962387464724982e-01 0.000000000000000000e+00 3.333379936437252944e+00
-2.807667000000002488e+01 2.478373012895602467e-01 0.000000000000000000e+00 3.608872120891719160e+00
-2.866120200000002072e+01 2.529970596724948617e-01 0.000000000000000000e+00 3.238117221441178639e+00
-2.852162800000001397e+01 2.517650174292305754e-01 0.000000000000000000e+00 2.864308255308828155e+00
-2.897957600000001577e+01 2.558073983971641541e-01 0.000000000000000000e+00 4.088041223455397777e+00
-2.797620600000002256e+01 2.469504893336995632e-01 0.000000000000000000e+00 3.845757105264308251e+00
-2.771641400000000388e+01 2.446572633857284629e-01 0.000000000000000000e+00 2.756659122081940527e+00
-2.716924400000000617e+01 2.398273054118445213e-01 0.000000000000000000e+00 2.811530850568958240e+00
-2.811901800000001117e+01 2.482111139259949584e-01 0.000000000000000000e+00 3.618732587673046730e+00
-2.794689800000001867e+01 2.466917828836043269e-01 0.000000000000000000e+00 3.082757733725510096e+00
-2.827884800000002485e+01 2.496219591531929627e-01 0.000000000000000000e+00 3.967864832906759176e+00
-2.779035600000001338e+01 2.453099613635141008e-01 0.000000000000000000e+00 3.107675114265038729e+00
-2.812397400000001468e+01 2.482548613385332503e-01 0.000000000000000000e+00 2.827675229684218028e+00
-2.819899800000001733e+01 2.489171103050933365e-01 0.000000000000000000e+00 3.752021370628440877e+00
-2.900976400000001476e+01 2.560738727494049627e-01 0.000000000000000000e+00 3.731600675192209504e+00
-2.746246600000000981e+01 2.424156233697337126e-01 0.000000000000000000e+00 2.892644909030732236e+00
-2.787064800000001341e+01 2.460187118170095444e-01 0.000000000000000000e+00 3.953093816712845321e+00
-2.791425600000001239e+01 2.464036466769710110e-01 0.000000000000000000e+00 3.413698700447709733e+00
-2.767744000000002202e+01 2.443132335922930387e-01 0.000000000000000000e+00 3.265624587342296881e+00
-2.750288200000002092e+01 2.427723819300943719e-01 0.000000000000000000e+00 2.988968977618816858e+00
-2.845347000000001714e+01 2.511633757537294342e-01 0.000000000000000000e+00 3.900547409847064717e+00
-2.709510199999999713e+01 2.391728420017530665e-01 0.000000000000000000e+00 3.287567601455120059e+00
-2.839673600000001485e+01 2.506625755715367609e-01 0.000000000000000000e+00 3.823196506851830545e+00
-2.729002800000001727e+01 2.408934852899768386e-01 0.000000000000000000e+00 2.999829648432077445e+00
-2.698487400000002268e+01 2.381998416407223873e-01 0.000000000000000000e+00 2.987666928099008246e+00
-2.827292800000002160e+01 2.495697023569405926e-01 0.000000000000000000e+00 2.840395985058306927e+00
-2.800168000000000390e+01 2.471753524464919971e-01 0.000000000000000000e+00 3.428624130976615891e+00
-2.738494400000001860e+01 2.417313241536739876e-01 0.000000000000000000e+00 3.335735999967441856e+00
-2.832996000000000691e+01 2.500731330332687796e-01 0.000000000000000000e+00 3.719187404079911108e+00
-2.831532200000000543e+01 2.499439210428056057e-01 0.000000000000000000e+00 3.733669875728871990e+00
-2.744341200000001280e+01 2.422474306339580385e-01 0.000000000000000000e+00 2.669132938973843849e+00
-2.743589000000001477e+01 2.421810327249360739e-01 0.000000000000000000e+00 3.551325930372678741e+00
-2.770291400000001403e+01 2.445380967050855558e-01 0.000000000000000000e+00 3.133609292845242589e+00
-2.777568800000002369e+01 2.451804845582052084e-01 0.000000000000000000e+00 2.712059431996804548e+00
-2.744108800000000414e+01 2.422269163105643108e-01 0.000000000000000000e+00 3.071246882092618868e+00
-2.931009200000001869e+01 2.587249165171199849e-01 0.000000000000000000e+00 3.834123231704342771e+00
-2.779213800000001910e+01 2.453256913653590332e-01 0.000000000000000000e+00 3.032156729737585099e+00
-2.805788599999999988e+01 2.476714918873972049e-01 0.000000000000000000e+00 3.746395038924860366e+00
-2.819797600000001125e+01 2.489080889460105472e-01 0.000000000000000000e+00 3.996154178457587580e+00
-2.800218799999999675e+01 2.471798366445487338e-01 0.000000000000000000e+00 3.543227168661844839e+00
-2.843049600000000154e+01 2.509605805447594484e-01 0.000000000000000000e+00 3.779170253753133313e+00
-2.821042000000002758e+01 2.490179341440789396e-01 0.000000000000000000e+00 3.121381023932460419e+00
-2.768330800000001446e+01 2.443650313761457915e-01 0.000000000000000000e+00 3.067811844535239807e+00
-2.799708200000002734e+01 2.471347651577813498e-01 0.000000000000000000e+00 3.278244412664754748e+00
-2.854288800000001558e+01 2.519526828833394960e-01 0.000000000000000000e+00 3.237385322185017511e+00
-2.820093400000001793e+01 2.489341996898137011e-01 0.000000000000000000e+00 3.526126508218846212e+00
-2.801754800000001566e+01 2.473154218456360409e-01 0.000000000000000000e+00 2.956311715787943051e+00
-2.785752800000001272e+01 2.459028994577475979e-01 0.000000000000000000e+00 2.893254774246995176e+00
-2.830269000000001256e+01 2.498324163383699448e-01 0.000000000000000000e+00 3.452557758394565024e+00
-2.830526000000001119e+01 2.498551021434997355e-01 0.000000000000000000e+00 2.577119473953488171e+00
-2.842396400000001577e+01 2.509029215256514123e-01 0.000000000000000000e+00 3.135255982767401584e+00
-2.882617200000002455e+01 2.544532765099524196e-01 0.000000000000000000e+00 3.789195775926468279e+00
-2.784080800000002398e+01 2.457553093169809466e-01 0.000000000000000000e+00 2.771588997970789503e+00
-2.886882000000001014e+01 2.548297372948458150e-01 0.000000000000000000e+00 3.073567413553274452e+00
-2.786621200000002574e+01 2.459795545284665097e-01 0.000000000000000000e+00 3.483613944019293029e+00
-2.670317400000001484e+01 2.357132302379715827e-01 0.000000000000000000e+00 2.809707332493309284e+00
-2.851916199999999435e+01 2.517432496488996030e-01 0.000000000000000000e+00 3.236424347162320192e+00
-2.719851800000001774e+01 2.400857117384478379e-01 0.000000000000000000e+00 2.912779938994028761e+00
-2.767824400000003138e+01 2.443203306301625077e-01 0.000000000000000000e+00 2.840236947446533655e+00
-2.761194800000000171e+01 2.437351251294282706e-01 0.000000000000000000e+00 3.443154761085223559e+00
-2.854742000000000957e+01 2.519926875793893628e-01 0.000000000000000000e+00 3.329721267553180652e+00
-2.795809200000002193e+01 2.467905941297612316e-01 0.000000000000000000e+00 3.983412486792618612e+00
-2.760880400000002410e+01 2.437073725335809626e-01 0.000000000000000000e+00 3.607655864288519698e+00
-2.776188200000001416e+01 2.450586167661341908e-01 0.000000000000000000e+00 3.437965460376737781e+00
-2.734125600000002621e+01 2.413456831207902442e-01 0.000000000000000000e+00 3.324256385179711337e+00
-2.870595600000000402e+01 2.533921104595685536e-01 0.000000000000000000e+00 3.929812142946851772e+00
-2.875139400000001544e+01 2.537931990251284242e-01 0.000000000000000000e+00 3.665258772399365927e+00
-2.736785400000002255e+01 2.415804679631415042e-01 0.000000000000000000e+00 3.328416900346032214e+00
-2.867166800000000748e+01 2.530894447450584006e-01 0.000000000000000000e+00 4.079680110129451975e+00
-2.878993200000002517e+01 2.541333801761374023e-01 0.000000000000000000e+00 3.750625412814305726e+00
-2.880603800000001513e+01 2.542755504397252175e-01 0.000000000000000000e+00 3.971588951102721587e+00
-2.805735400000000368e+01 2.476667958374637601e-01 0.000000000000000000e+00 3.543687946319896920e+00
-2.843462800000001067e+01 2.509970543761978479e-01 0.000000000000000000e+00 3.422854452654474855e+00
-2.847123800000000671e+01 2.513202167597785586e-01 0.000000000000000000e+00 3.525363484799200364e+00
-2.650596600000000436e+01 2.339724433671384607e-01 0.000000000000000000e+00 2.954167411880745053e+00
-2.846545800000001947e+01 2.512691957661404296e-01 0.000000000000000000e+00 3.557721248361999766e+00
-2.901675600000001864e+01 2.561355922628165693e-01 0.000000000000000000e+00 3.563532703902381193e+00
-2.720810800000000995e+01 2.401703642175119502e-01 0.000000000000000000e+00 3.428015972868035277e+00
-2.760497600000001839e+01 2.436735821592474482e-01 0.000000000000000000e+00 3.505041506205919255e+00
-2.698639000000001076e+01 2.382132236176004170e-01 0.000000000000000000e+00 3.185766416944804558e+00
-2.751724600000000720e+01 2.428991752782984070e-01 0.000000000000000000e+00 3.254224588284271746e+00
-2.900941000000000614e+01 2.560707479342235748e-01 0.000000000000000000e+00 3.171749518098104126e+00
-2.805923000000001721e+01 2.476833555924924934e-01 0.000000000000000000e+00 3.755255805554597703e+00
-2.646507600000000693e+01 2.336115007322131232e-01 0.000000000000000000e+00 3.231695842558844678e+00
-2.871299800000002023e+01 2.534542713310566908e-01 0.000000000000000000e+00 2.978672541365168236e+00
-2.787049200000000582e+01 2.460173347798109422e-01 0.000000000000000000e+00 3.202057839075340251e+00
-2.927739600000003151e+01 2.584363036437642980e-01 0.000000000000000000e+00 3.650341604214403901e+00
-2.845189400000003133e+01 2.511494641471596623e-01 0.000000000000000000e+00 2.941549095970359406e+00
-2.880861800000000983e+01 2.542983245164702755e-01 0.000000000000000000e+00 3.161652706295914328e+00
-2.722754000000001540e+01 2.403418936203456924e-01 0.000000000000000000e+00 3.492765398547822198e+00
-2.905433400000000788e+01 2.564672993387573929e-01 0.000000000000000000e+00 3.477257930495804228e+00
-2.686516200000001575e+01 2.371431244797493065e-01 0.000000000000000000e+00 2.821990676658495900e+00
-2.774214000000001690e+01 2.448843509432264975e-01 0.000000000000000000e+00 3.109999393029918568e+00
-2.745429600000001358e+01 2.423435054600408811e-01 0.000000000000000000e+00 2.688844035502350849e+00
-2.806254200000001475e+01 2.477125911514768686e-01 0.000000000000000000e+00 3.643272828164314525e+00
-2.849739800000001466e+01 2.515511353053802024e-01 0.000000000000000000e+00 3.353496269852577427e+00
-2.817798200000002140e+01 2.487315986783975863e-01 0.000000000000000000e+00 2.946310315363981136e+00
-2.848197400000000812e+01 2.514149851659551183e-01 0.000000000000000000e+00 3.807877774506397639e+00
-2.779415400000001313e+01 2.453434869230016746e-01 0.000000000000000000e+00 3.206320138632132277e+00
-2.766179400000000399e+01 2.441751238230084053e-01 0.000000000000000000e+00 3.519047974844413229e+00
-2.972195999999999572e+01 2.623605418817919199e-01 0.000000000000000000e+00 3.959706557488085199e+00
-2.994340800000000868e+01 2.643152991480907099e-01 0.000000000000000000e+00 3.113925760962171552e+00
-2.996679400000001081e+01 2.645217311476105726e-01 0.000000000000000000e+00 4.006054736052225174e+00
-2.845215200000000166e+01 2.511517415548338850e-01 0.000000000000000000e+00 3.082193754962083698e+00
-3.014005000000003420e+01 2.660510898454985229e-01 0.000000000000000000e+00 2.571822828051903098e+00
-2.958362000000000336e+01 2.611393923558547048e-01 0.000000000000000000e+00 2.722745223394056335e+00
-3.041684600000002447e+01 2.684944128481103753e-01 0.000000000000000000e+00 3.839946757296607061e+00
-3.116727600000001530e+01 2.751185796744014533e-01 0.000000000000000000e+00 3.112120487693757376e+00
-3.091484800000002764e+01 2.728903569439309895e-01 0.000000000000000000e+00 3.162494926174074905e+00
-2.876390800000001846e+01 2.539036621245037706e-01 0.000000000000000000e+00 3.084646248489312459e+00
-3.112497400000001591e+01 2.747451730873969877e-01 0.000000000000000000e+00 3.098177474640159801e+00
-3.100021600000001243e+01 2.736439140693480709e-01 0.000000000000000000e+00 3.623135427806454256e+00
-3.220596600000001786e+01 2.842872640830743647e-01 0.000000000000000000e+00 3.048087021088021764e+00
-3.005322600000000222e+01 2.652846803728946545e-01 0.000000000000000000e+00 3.965940839491617353e+00
-3.195091600000001009e+01 2.820358965350743818e-01 0.000000000000000000e+00 3.328774062767482889e+00
-3.115682800000002572e+01 2.750263534907453900e-01 0.000000000000000000e+00 3.817352402869419237e+00
-3.145860200000001683e+01 2.776901613340314046e-01 0.000000000000000000e+00 3.012655495831147334e+00
-3.230805800000000971e+01 2.851884466579043265e-01 0.000000000000000000e+00 3.755267765599344720e+00
-3.186736200000002128e+01 2.812983518806710936e-01 0.000000000000000000e+00 3.026150400061758283e+00
-3.221233000000000857e+01 2.843434401390455557e-01 0.000000000000000000e+00 2.877823533716429960e+00
-3.280378400000001449e+01 2.895643001340847400e-01 0.000000000000000000e+00 3.271078093084074823e+00
-3.066414800000001861e+01 2.706773875485826708e-01 0.000000000000000000e+00 3.460536503523431673e+00
-3.242215800000001025e+01 2.861956257883759847e-01 0.000000000000000000e+00 3.363066483247607596e+00
-3.220401200000003428e+01 2.842700158094466079e-01 0.000000000000000000e+00 3.539315191346050327e+00
-3.251180200000000298e+01 2.869869278564915471e-01 0.000000000000000000e+00 2.786287193315204913e+00
-3.098579800000002038e+01 2.735166440544213873e-01 0.000000000000000000e+00 3.341037462352741461e+00
-3.246270000000001232e+01 2.865534965710892501e-01 0.000000000000000000e+00 3.218174065892619673e+00
-3.208081400000000372e+01 2.831825271633828800e-01 0.000000000000000000e+00 2.949878421087208213e+00
-3.109722000000002851e+01 2.745001840463181519e-01 0.000000000000000000e+00 2.952744895889588772e+00
-3.240806400000001020e+01 2.860712157737846928e-01 0.000000000000000000e+00 2.673116200262354969e+00
-3.314785200000002163e+01 2.926014439470831507e-01 0.000000000000000000e+00 2.955871291756510644e+00
-3.350278000000000844e+01 2.957344507342875017e-01 0.000000000000000000e+00 3.626028490642275059e+00
-3.307742000000001781e+01 2.919797293062647014e-01 0.000000000000000000e+00 3.532293441143222967e+00
-3.196108800000002148e+01 2.821256864221485805e-01 0.000000000000000000e+00 3.612823467082081130e+00
-3.324509400000000170e+01 2.934598147884968089e-01 0.000000000000000000e+00 3.017361467142771314e+00
-3.172097000000001543e+01 2.800061260501013338e-01 0.000000000000000000e+00 3.617349098958707820e+00
-3.333827400000002683e+01 2.942823296997796323e-01 0.000000000000000000e+00 3.411196721274861066e+00
-3.233000200000002167e+01 2.853821498904992593e-01 0.000000000000000000e+00 3.560372394833853260e+00
-3.289321400000002171e+01 2.903537131896332113e-01 0.000000000000000000e+00 3.634548356781323264e+00
-3.108265000000003297e+01 2.743715723028390396e-01 0.000000000000000000e+00 3.182976627754009247e+00
-3.199719400000000746e+01 2.824443999163185892e-01 0.000000000000000000e+00 3.610100262795810533e+00
-3.132116600000002293e+01 2.764769915621165253e-01 0.000000000000000000e+00 3.486417526188326121e+00
-3.345959000000001282e+01 2.953532056278452278e-01 0.000000000000000000e+00 3.115721304995688445e+00
-3.207884800000002201e+01 2.831651729638167692e-01 0.000000000000000000e+00 3.593776466589726493e+00
-3.361602600000001217e+01 2.967340914688132991e-01 0.000000000000000000e+00 3.238469013849075484e+00
-3.250343400000002703e+01 2.869130621688161797e-01 0.000000000000000000e+00 2.713181633173477270e+00
-3.376036600000002608e+01 2.980082039639254110e-01 0.000000000000000000e+00 3.044466039936605029e+00
-3.381915000000002181e+01 2.985270998272526732e-01 0.000000000000000000e+00 2.761801667317180353e+00
-3.424662600000002755e+01 3.023004995290711761e-01 0.000000000000000000e+00 3.198260840861148147e+00
-3.362821600000002320e+01 2.968416945678532537e-01 0.000000000000000000e+00 3.315265984262511623e+00
-3.520871400000002893e+01 3.107930057102910593e-01 0.000000000000000000e+00 3.543934163633073897e+00
-3.502588400000003332e+01 3.091791357679236629e-01 0.000000000000000000e+00 3.515721676700850562e+00
-3.533576000000001471e+01 3.119144612739184197e-01 0.000000000000000000e+00 3.692312823949101208e+00
-3.673135000000002748e+01 3.242335596323313029e-01 0.000000000000000000e+00 3.310157066965221162e+00
-3.621442600000003154e+01 3.196705879860569088e-01 0.000000000000000000e+00 3.520315204511543783e+00
-3.662663000000002711e+01 3.233091792770027562e-01 0.000000000000000000e+00 3.121945148299357431e+00
-3.563787600000001277e+01 3.145812880064474681e-01 0.000000000000000000e+00 3.692549483309724323e+00
-3.546013200000000865e+01 3.130123130076170601e-01 0.000000000000000000e+00 2.990300544027659768e+00
-3.556801800000000924e+01 3.139646401563467859e-01 0.000000000000000000e+00 3.651396384569673526e+00
-3.442225800000002067e+01 3.038508315627520551e-01 0.000000000000000000e+00 3.077007442212368549e+00
-3.495623600000001119e+01 3.085643416217438983e-01 0.000000000000000000e+00 3.065537117915418719e+00
-3.566248600000000124e+01 3.147985244516788295e-01 0.000000000000000000e+00 3.378674731909605988e+00
-3.578947600000002893e+01 3.159194856942609264e-01 0.000000000000000000e+00 3.544144893323737389e+00
-3.387950200000003065e+01 2.990598366798576935e-01 0.000000000000000000e+00 3.941670920004880507e+00
-3.546580400000001276e+01 3.130623806678102250e-01 0.000000000000000000e+00 3.290141021997431636e+00
-3.719403800000000615e+01 3.283177813459127181e-01 0.000000000000000000e+00 4.454873977897180204e+00
-3.530286199999999752e+01 3.116240653139335515e-01 0.000000000000000000e+00 3.031725139549054759e+00
-3.729656400000003202e+01 3.292227949088465944e-01 0.000000000000000000e+00 3.410116620877333027e+00
-3.748068200000001582e+01 3.308480342352634329e-01 0.000000000000000000e+00 3.171450616708098469e+00
-3.836486800000002972e+01 3.386528868790425473e-01 0.000000000000000000e+00 3.420575071353300078e+00
-3.821237400000003248e+01 3.373067977088222702e-01 0.000000000000000000e+00 4.066241300123778935e+00
-3.713178200000002249e+01 3.277682375777564716e-01 0.000000000000000000e+00 2.925230377058300579e+00
-3.935519200000001661e+01 3.473946367931983192e-01 0.000000000000000000e+00 3.512054977184103866e+00
-3.933211000000003565e+01 3.471908882507835359e-01 0.000000000000000000e+00 3.328236766463041896e+00
-3.851187200000001809e+01 3.399505149324679731e-01 0.000000000000000000e+00 3.254763822494372683e+00
-3.774248800000003001e+01 3.331590380865541157e-01 0.000000000000000000e+00 2.727998302055219426e+00
-3.905111600000002881e+01 3.447105088240722814e-01 0.000000000000000000e+00 3.433200970049891332e+00
-3.864586600000001937e+01 3.411333016143997532e-01 0.000000000000000000e+00 3.686553079630527918e+00
-3.785967000000000837e+01 3.341934225288583082e-01 0.000000000000000000e+00 4.107934425565660241e+00
-3.812942800000001142e+01 3.365746199686283635e-01 0.000000000000000000e+00 3.350283997552832460e+00
-4.019680000000003162e+01 3.548236465533909367e-01 0.000000000000000000e+00 3.355850369944188394e+00
-4.040706600000003590e+01 3.566796984994711206e-01 0.000000000000000000e+00 3.085415130401925499e+00
-4.029690400000001205e+01 3.557072807311009721e-01 0.000000000000000000e+00 3.668153971739446906e+00
-4.140684400000002796e+01 3.655049003987231315e-01 0.000000000000000000e+00 3.038408154344619749e+00
-4.208258400000003263e+01 3.714697665304050322e-01 0.000000000000000000e+00 3.043111910983839596e+00
-4.389885000000002435e+01 3.875022398922382538e-01 0.000000000000000000e+00 3.451447459948923768e+00
-4.465307600000002708e+01 3.941599146236939299e-01 0.000000000000000000e+00 3.691353252093521053e+00
-4.478790600000002087e+01 3.953500808126639843e-01 0.000000000000000000e+00 3.242005066634666033e+00
-4.437964800000003152e+01 3.917463215011120492e-01 0.000000000000000000e+00 3.441764008205353331e+00
-4.478694400000001963e+01 3.953415890832729929e-01 0.000000000000000000e+00 3.758278031288889043e+00
-4.527376600000001616e+01 3.996388455131980599e-01 0.000000000000000000e+00 3.727690153276198348e+00
-4.560396800000000184e+01 4.025535919044336275e-01 0.000000000000000000e+00 3.659057732680214059e+00
-4.370752800000003191e+01 3.858134096941656099e-01 0.000000000000000000e+00 3.455565939939316156e+00
-4.503487400000001628e+01 3.975301072411855929e-01 0.000000000000000000e+00 3.747929749528128518e+00
-4.567695800000002038e+01 4.031978864244436522e-01 0.000000000000000000e+00 3.069219781130841707e+00
-4.581058400000001285e+01 4.043774247109326314e-01 0.000000000000000000e+00 2.863693919395687626e+00
-4.524325800000004705e+01 3.993695464692681996e-01 0.000000000000000000e+00 3.458312270842906599e+00
-4.598662400000002037e+01 4.059313582265174913e-01 0.000000000000000000e+00 3.234998563599199795e+00
-4.531675400000003151e+01 4.000183075330116522e-01 0.000000000000000000e+00 3.549730954079121759e+00
-4.624801200000001700e+01 4.082386723242888982e-01 0.000000000000000000e+00 2.960592038570063256e+00
-4.601756800000003267e+01 4.062045059128744362e-01 0.000000000000000000e+00 3.663862559530211449e+00
-4.660891400000002704e+01 4.114244125744683789e-01 0.000000000000000000e+00 4.124865880966753551e+00
-4.532601400000001490e+01 4.001000470487711125e-01 0.000000000000000000e+00 3.517447542802546678e+00
-4.591569800000002743e+01 4.053052829679038016e-01 0.000000000000000000e+00 3.303354581039820825e+00
-4.535356800000003119e+01 4.003432706575443811e-01 0.000000000000000000e+00 3.411914221359492405e+00
-4.588349400000003442e+01 4.050210130580203516e-01 0.000000000000000000e+00 3.370808186453602584e+00
-4.639106600000001634e+01 4.095014330896744048e-01 0.000000000000000000e+00 3.332197013110998363e+00
-4.586783800000004163e+01 4.048828150171206453e-01 0.000000000000000000e+00 2.901040485540220537e+00
-4.548066400000001863e+01 4.014651675792482166e-01 0.000000000000000000e+00 3.139438286034974546e+00
-4.518732600000004140e+01 3.988758256706219085e-01 0.000000000000000000e+00 3.836671674025113443e+00
-4.590597400000001471e+01 4.052194476491945974e-01 0.000000000000000000e+00 3.550562887757831909e+00
-4.644292600000001414e+01 4.099592096865741220e-01 0.000000000000000000e+00 3.007635003733133416e+00
-4.649084600000001899e+01 4.103822072670491594e-01 0.000000000000000000e+00 3.999871322562082554e+00
-4.571035599999999732e+01 4.034926959651927159e-01 0.000000000000000000e+00 3.657804572329907078e+00
-4.592374200000003270e+01 4.053762886552440547e-01 0.000000000000000000e+00 3.564020533593310613e+00
-4.603923400000002175e+01 4.063957551945641122e-01 0.000000000000000000e+00 3.645276911298295897e+00
-4.559800799999999299e+01 4.025009820217200773e-01 0.000000000000000000e+00 2.837216951705749501e+00
-4.613644800000002277e+01 4.072538788754551664e-01 0.000000000000000000e+00 3.467802658001813754e+00
-4.679904400000002340e+01 4.131027207959983572e-01 0.000000000000000000e+00 3.739624654646560131e+00
-4.630876800000001481e+01 4.087749753501515593e-01 0.000000000000000000e+00 3.901487300574156158e+00
-4.564230400000004551e+01 4.028919899688140349e-01 0.000000000000000000e+00 3.562195145259890339e+00
-4.541478000000002169e+01 4.008835988690642727e-01 0.000000000000000000e+00 3.401055475031600217e+00
-4.622570600000002372e+01 4.080417736592205635e-01 0.000000000000000000e+00 3.112722860329226737e+00
-4.555232400000004134e+01 4.020977219744245601e-01 0.000000000000000000e+00 3.140810048415259015e+00
-4.601377000000000805e+01 4.061709803533866681e-01 0.000000000000000000e+00 3.293221533788162514e+00
-4.654830600000000373e+01 4.108894159685118064e-01 0.000000000000000000e+00 4.260661906509339403e+00
-4.459971200000003222e+01 3.936888619758544539e-01 0.000000000000000000e+00 2.610343346713863255e+00
-4.485706600000001032e+01 3.959605673040172413e-01 0.000000000000000000e+00 3.727193499927663911e+00
-4.595432600000002310e+01 4.056462585634503237e-01 0.000000000000000000e+00 3.850529168582553119e+00
-4.521419400000002753e+01 3.991129938465859395e-01 0.000000000000000000e+00 3.363830915345529693e+00
-4.488374000000002439e+01 3.961960230106448821e-01 0.000000000000000000e+00 3.332396806619475349e+00
-4.569781000000002535e+01 4.033819503966487585e-01 0.000000000000000000e+00 3.415752043655594594e+00
-4.549759600000002990e+01 4.016146290782592332e-01 0.000000000000000000e+00 3.453738281566742341e+00
-4.677838600000001179e+01 4.129203692931298630e-01 0.000000000000000000e+00 3.849600001706066532e+00
-4.578161000000002190e+01 4.041216665327882485e-01 0.000000000000000000e+00 3.849926896472427362e+00
-4.614329800000002990e+01 4.073143449319296394e-01 0.000000000000000000e+00 3.662816734909257299e+00
-4.516166800000001302e+01 3.986493383601077412e-01 0.000000000000000000e+00 4.241738138467447961e+00
-4.586822400000003341e+01 4.048862223014708106e-01 0.000000000000000000e+00 3.393098224132349294e+00
-4.532639400000002894e+01 4.001034013701522674e-01 0.000000000000000000e+00 3.459516344482478800e+00
-4.578407000000002114e+01 4.041433813501498773e-01 0.000000000000000000e+00 3.220455252386883238e+00
-4.562780000000000058e+01 4.027639608179954256e-01 0.000000000000000000e+00 3.105242700643379816e+00
-4.602188000000002432e+01 4.062425686333879238e-01 0.000000000000000000e+00 3.467473322874810471e+00
-4.493563800000002573e+01 3.966541350396827204e-01 0.000000000000000000e+00 2.909857030428009139e+00
-4.671680000000000632e+01 4.123767397231979381e-01 0.000000000000000000e+00 3.815443704607670572e+00
-4.433856400000001940e+01 3.913836663968499607e-01 0.000000000000000000e+00 3.003080701429278854e+00
-4.562701400000002394e+01 4.027570226690337374e-01 0.000000000000000000e+00 3.171913598534754630e+00
-4.537442600000004944e+01 4.005273875927187754e-01 0.000000000000000000e+00 2.964121668007491994e+00
-4.569464600000002008e+01 4.033540212575705830e-01 0.000000000000000000e+00 2.886842937001099063e+00
-4.565467000000003850e+01 4.030011466482829596e-01 0.000000000000000000e+00 3.060256482467580863e+00
-4.567725399999999780e+01 4.032004992642561070e-01 0.000000000000000000e+00 3.538490871367554469e+00
-4.598958200000002705e+01 4.059574689703207007e-01 0.000000000000000000e+00 3.659620566090634686e+00
-4.605398199999999775e+01 4.065259381727951982e-01 0.000000000000000000e+00 3.054249927936316222e+00
-4.549823800000002194e+01 4.016202961159608398e-01 0.000000000000000000e+00 3.350556072008454400e+00
-4.599685000000003043e+01 4.060216247803142831e-01 0.000000000000000000e+00 3.362689866593244314e+00
-4.469984400000004854e+01 3.945727433140875928e-01 0.000000000000000000e+00 3.751612173757685298e+00
-4.628161200000001685e+01 4.085352649516670320e-01 0.000000000000000000e+00 3.204273527123147947e+00
-4.580245000000002875e+01 4.043056245790550007e-01 0.000000000000000000e+00 4.025912509888003754e+00
-4.596296399999999949e+01 4.057225075847385454e-01 0.000000000000000000e+00 4.240443945776994461e+00
-4.716774400000002032e+01 4.163572952517817227e-01 0.000000000000000000e+00 4.538347352971812576e+00
-4.587550800000001772e+01 4.049505193460487540e-01 0.000000000000000000e+00 3.588759917378399056e+00
-4.647315000000001106e+01 4.102260018166299371e-01 0.000000000000000000e+00 4.196651499852247724e+00
-4.603381800000002499e+01 4.063479472877224441e-01 0.000000000000000000e+00 3.794488500586985502e+00
-4.602005200000002105e+01 4.062264325821126620e-01 0.000000000000000000e+00 3.911765979152193928e+00
-4.526384200000002522e+01 3.995512447621832886e-01 0.000000000000000000e+00 4.883519780930905441e+00
-4.466437800000002056e+01 3.942596792032959097e-01 0.000000000000000000e+00 2.976844920231329628e+00
-4.505579000000001599e+01 3.977147361517284763e-01 0.000000000000000000e+00 3.003122255035060473e+00
-4.549825800000001408e+01 4.016204726591913743e-01 0.000000000000000000e+00 3.741155991098651601e+00
-4.576073800000001057e+01 4.039374260173525522e-01 0.000000000000000000e+00 3.081197924682325340e+00
-4.614768000000002957e+01 4.073530255537501921e-01 0.000000000000000000e+00 3.518232587794357435e+00
-4.511020200000000813e+01 3.981950396648504253e-01 0.000000000000000000e+00 3.068035271220086457e+00
-4.568703800000000115e+01 4.032868642126569148e-01 0.000000000000000000e+00 3.736918986501142292e+00
-4.529306400000003663e+01 3.998091920763870433e-01 0.000000000000000000e+00 3.363327296313169512e+00
-4.512380400000004244e+01 3.983151067159697023e-01 0.000000000000000000e+00 3.094975051478891181e+00
-4.564209600000002354e+01 4.028901539192157877e-01 0.000000000000000000e+00 3.806924621836827782e+00
-4.516491800000003565e+01 3.986780266350775093e-01 0.000000000000000000e+00 3.534872892157952862e+00
-4.539546400000003246e+01 4.007130934169680359e-01 0.000000000000000000e+00 3.524693658943706787e+00
-4.559320200000001932e+01 4.024585586834114048e-01 0.000000000000000000e+00 3.391095056350983405e+00
-4.552994600000003089e+01 4.019001877537259904e-01 0.000000000000000000e+00 3.274962077763942325e+00
-4.618385600000002000e+01 4.076723569492272659e-01 0.000000000000000000e+00 3.309352716298569863e+00
-4.530713400000001911e+01 3.999333902391015161e-01 0.000000000000000000e+00 3.632574475776738421e+00
-4.615904400000004415e+01 4.074533374173671119e-01 0.000000000000000000e+00 3.652414520057556402e+00
-4.718716200000002203e+01 4.165287010743540241e-01 0.000000000000000000e+00 3.683704318703161285e+00
-4.536163400000003776e+01 4.004144705424382278e-01 0.000000000000000000e+00 3.399463946102756484e+00
-4.571110400000001306e+01 4.034992986820166161e-01 0.000000000000000000e+00 3.825876742456385760e+00
-4.556137800000001903e+01 4.021776430949089431e-01 0.000000000000000000e+00 3.627281360217011752e+00
-4.549540800000001894e+01 4.015953152488334621e-01 0.000000000000000000e+00 3.560945002643897794e+00
-4.500388800000003187e+01 3.972565888140446866e-01 0.000000000000000000e+00 3.324908082067529858e+00
-4.584873000000001753e+01 4.047141456146222116e-01 0.000000000000000000e+00 3.455778828895510468e+00
-4.584285800000002808e+01 4.046623125221233130e-01 0.000000000000000000e+00 3.499175503497757411e+00
-4.541293000000001001e+01 4.008672686202353064e-01 0.000000000000000000e+00 3.649679511638901364e+00
-4.595525000000002791e+01 4.056544148607032496e-01 0.000000000000000000e+00 2.928795308775789419e+00
-4.469499600000001749e+01 3.945299492349942372e-01 0.000000000000000000e+00 3.204357299776400048e+00
-4.550022400000002420e+01 4.016378268587577072e-01 0.000000000000000000e+00 3.281818598176530877e+00
-4.567922000000002214e+01 4.032178534638225509e-01 0.000000000000000000e+00 3.281678650023521104e+00
-4.443087400000002418e+01 3.921985016776022848e-01 0.000000000000000000e+00 2.894288998945714120e+00
-4.437134000000003908e+01 3.916729854431282853e-01 0.000000000000000000e+00 2.568112201205351663e+00
-4.615512400000002913e+01 4.074187349441729111e-01 0.000000000000000000e+00 4.189602707355291500e+00
-4.613667000000003071e+01 4.072558385053146601e-01 0.000000000000000000e+00 3.856778575928020647e+00
-4.581701400000002877e+01 4.044341833595649915e-01 0.000000000000000000e+00 3.591270951329435412e+00
-4.501284399999999408e+01 3.973356448726990675e-01 0.000000000000000000e+00 3.050528527159537706e+00
-4.678884800000003708e+01 4.130127190570476170e-01 0.000000000000000000e+00 4.743090747741296020e+00
-4.601723800000001319e+01 4.062015929495697009e-01 0.000000000000000000e+00 3.358025603850747220e+00
-4.640141600000001887e+01 4.095927942115007436e-01 0.000000000000000000e+00 4.081611723468506092e+00
-4.541961800000002825e+01 4.009263046765421667e-01 0.000000000000000000e+00 3.048491182498932250e+00
-4.659423400000001436e+01 4.112948298432209104e-01 0.000000000000000000e+00 3.074863765668030435e+00
-4.581206800000001778e+01 4.043905242186419113e-01 0.000000000000000000e+00 3.404873432877520312e+00
-4.509037400000002549e+01 3.980200147060513616e-01 0.000000000000000000e+00 3.067769468727493010e+00
-4.522770400000003832e+01 3.992322487988443358e-01 0.000000000000000000e+00 3.576633995951212341e+00
-4.594599400000002021e+01 4.055727106535897408e-01 0.000000000000000000e+00 3.713715926044637072e+00
-4.597154800000004826e+01 4.057982799393048956e-01 0.000000000000000000e+00 3.077279586359065622e+00
-4.595975200000002303e+01 4.056941547419072314e-01 0.000000000000000000e+00 4.429246685579063758e+00
-4.498969800000003261e+01 3.971313313919465626e-01 0.000000000000000000e+00 3.239477510869662069e+00
-4.599527000000003341e+01 4.060076778650983376e-01 0.000000000000000000e+00 4.039486119270343067e+00
-4.530019800000001595e+01 3.998721650467355615e-01 0.000000000000000000e+00 3.048961138856739250e+00
-4.548179600000004541e+01 4.014751599260994452e-01 0.000000000000000000e+00 3.510341746231750104e+00
-4.643408600000002906e+01 4.098811775786568856e-01 0.000000000000000000e+00 3.885811483572334968e+00
-4.557448400000002664e+01 4.022933318739095321e-01 0.000000000000000000e+00 3.216821707512437012e+00
-4.512804000000001992e+01 3.983524985722068368e-01 0.000000000000000000e+00 3.122388811422589061e+00
-4.563634600000001029e+01 4.028393977404233217e-01 0.000000000000000000e+00 3.142782103131175564e+00
-4.557870200000002825e+01 4.023305648412393576e-01 0.000000000000000000e+00 3.816407895580673948e+00
-4.614945400000001996e+01 4.073686849383027497e-01 0.000000000000000000e+00 3.658181318507155222e+00
-4.518824000000002172e+01 3.988838936962593174e-01 0.000000000000000000e+00 3.375173329121952115e+00
-4.465290000000003090e+01 3.941583610432648488e-01 0.000000000000000000e+00 3.090370923963135397e+00
-4.491038800000002595e+01 3.964312492110727004e-01 0.000000000000000000e+00 3.293373905567777093e+00
-4.628356600000001464e+01 4.085525132252948999e-01 0.000000000000000000e+00 3.590019849814850783e+00
-4.588121400000002836e+01 4.050008871297339219e-01 0.000000000000000000e+00 3.349041160685194196e+00
-4.574177200000001164e+01 4.037700100717914187e-01 0.000000000000000000e+00 3.677192249531720414e+00
-4.538633600000003554e+01 4.006325190865303587e-01 0.000000000000000000e+00 3.463591680086969493e+00
-4.639390800000004589e+01 4.095265198827404141e-01 0.000000000000000000e+00 3.260698993652753508e+00
-4.549615600000004889e+01 4.016019179656574734e-01 0.000000000000000000e+00 3.564894170169584875e+00
-4.541879400000002676e+01 4.009190310954421910e-01 0.000000000000000000e+00 3.204243589455972430e+00
-4.591225200000001649e+01 4.052748645692744178e-01 0.000000000000000000e+00 3.530763436044546566e+00
-4.548033400000004178e+01 4.014622546159438143e-01 0.000000000000000000e+00 3.400090042308000271e+00
-4.475400600000001106e+01 3.950508400368270556e-01 0.000000000000000000e+00 2.854296654498762464e+00
-4.590230800000001921e+01 4.051870872750289454e-01 0.000000000000000000e+00 3.077166738166914328e+00
-4.501315600000003059e+01 3.973383989470964384e-01 0.000000000000000000e+00 2.870981194338699360e+00
-4.540693000000003821e+01 4.008143056510609092e-01 0.000000000000000000e+00 3.734209305498652043e+00
-4.501658000000002602e+01 3.973686231481721176e-01 0.000000000000000000e+00 3.235936678158350510e+00
-4.501189800000002350e+01 3.973272943778927702e-01 0.000000000000000000e+00 3.500940263021990351e+00
-4.544355800000003143e+01 4.011376269235491510e-01 0.000000000000000000e+00 3.324367781291488022e+00
-4.557483200000000778e+01 4.022964037261215209e-01 0.000000000000000000e+00 3.401056957187921892e+00
-4.551025400000002463e+01 4.017263632888947167e-01 0.000000000000000000e+00 3.189999618866384168e+00
-4.483173000000002872e+01 3.957369223395158508e-01 0.000000000000000000e+00 3.247806883020285529e+00
-4.502572800000004349e+01 3.974493740218405513e-01 0.000000000000000000e+00 2.521708041963829139e+00
-4.521215600000002155e+01 3.990950040913895935e-01 0.000000000000000000e+00 3.378308293169972387e+00
-4.599291600000001523e+01 4.059868987268586138e-01 0.000000000000000000e+00 3.424426870360715025e+00
-4.535766200000004034e+01 4.003794090568446595e-01 0.000000000000000000e+00 3.644284674340400709e+00
-4.583939400000000575e+01 4.046317352345862872e-01 0.000000000000000000e+00 3.696746602240374990e+00
-4.566235200000001981e+01 4.030689569031494779e-01 0.000000000000000000e+00 3.495432434642025576e+00
-4.621079200000001919e+01 4.079101253721753584e-01 0.000000000000000000e+00 3.298631405144573314e+00
-4.615507600000002952e+01 4.074183112404194951e-01 0.000000000000000000e+00 3.571692765105512812e+00
-4.549241800000002200e+01 4.015689220358614198e-01 0.000000000000000000e+00 3.244688074107984654e+00
-4.475150400000003970e+01 3.950287544786814653e-01 0.000000000000000000e+00 3.315227196806953103e+00
-4.567743800000002352e+01 4.032021234619776462e-01 0.000000000000000000e+00 4.098092162048387443e+00
-4.547663600000000628e+01 4.014296117726088298e-01 0.000000000000000000e+00 3.585723721478233816e+00
-4.461967600000004808e+01 3.938650874286218073e-01 0.000000000000000000e+00 3.440150060067411975e+00
-4.510788400000001275e+01 3.981745783044259857e-01 0.000000000000000000e+00 3.636369032697813530e+00
-4.524431800000003534e+01 3.993789032604889710e-01 0.000000000000000000e+00 3.081251128428255992e+00
-4.529303000000003721e+01 3.998088919528950957e-01 0.000000000000000000e+00 3.160670949531462881e+00
-4.679208200000002194e+01 4.130412660974326355e-01 0.000000000000000000e+00 4.058173394456021654e+00
-4.649334200000001260e+01 4.104042398622257948e-01 0.000000000000000000e+00 3.407355690065571263e+00
-4.457143800000003608e+01 3.934392828107803886e-01 0.000000000000000000e+00 2.690842254338468909e+00
-4.405734600000002388e+01 3.889013096859563201e-01 0.000000000000000000e+00 3.204967207554390463e+00
-4.602256000000001990e+01 4.062485711032276514e-01 0.000000000000000000e+00 3.583648261453427963e+00
-4.576662200000002656e+01 4.039893650357899713e-01 0.000000000000000000e+00 3.428303961971972846e+00
-4.508303800000002326e+01 3.979552586490737731e-01 0.000000000000000000e+00 3.107260469937523695e+00
-4.544671599999998790e+01 4.011655030996577054e-01 0.000000000000000000e+00 3.232546136185792562e+00
-4.505913600000003782e+01 3.977442718342050765e-01 0.000000000000000000e+00 3.486016475720380203e+00
-4.540270399999999995e+01 4.007770020664385147e-01 0.000000000000000000e+00 3.416762292820559654e+00
-4.580618000000002610e+01 4.043385498915585408e-01 0.000000000000000000e+00 3.787389146719263078e+00
-4.491687400000002128e+01 3.964885021807504351e-01 0.000000000000000000e+00 2.435861057996253187e+00
-4.546398400000003193e+01 4.013179305249427453e-01 0.000000000000000000e+00 3.737856799542062181e+00
-4.553823800000002109e+01 4.019733825771253377e-01 0.000000000000000000e+00 3.816798238165681312e+00
-4.567496200000002204e+01 4.031802674100315453e-01 0.000000000000000000e+00 3.460812805411030535e+00
-4.515168800000002847e+01 3.985612432880473177e-01 0.000000000000000000e+00 3.279045121517155437e+00
-4.629546200000003608e+01 4.086575211388454032e-01 0.000000000000000000e+00 3.803941722959584215e+00
-4.568006600000002493e+01 4.032253212424761757e-01 0.000000000000000000e+00 3.206101297738045197e+00
-4.573086200000001611e+01 4.036737057395088368e-01 0.000000000000000000e+00 3.211087165368128105e+00
-4.574190399999999812e+01 4.037711752571131463e-01 0.000000000000000000e+00 3.343153797890170864e+00
-4.588857000000002984e+01 4.050658197299421004e-01 0.000000000000000000e+00 3.669023078560572859e+00
-4.648445600000002287e+01 4.103258017048782014e-01 0.000000000000000000e+00 3.254430773865504278e+00
-4.577679200000003590e+01 4.040791372685411109e-01 0.000000000000000000e+00 3.519808849311696353e+00
-4.605676800000001947e+01 4.065505306448154998e-01 0.000000000000000000e+00 3.154456277625433014e+00
-4.608215400000003825e+01 4.067746169673936985e-01 0.000000000000000000e+00 3.036202940590184696e+00
-4.575814400000000148e+01 4.039145283603459702e-01 0.000000000000000000e+00 3.716662790875000955e+00
-4.605087000000002462e+01 4.064984680461168343e-01 0.000000000000000000e+00 3.413825915259442123e+00
-4.592243400000003106e+01 4.053647427279639670e-01 0.000000000000000000e+00 4.003775675211859841e+00
-4.556649800000000994e+01 4.022228381619379345e-01 0.000000000000000000e+00 3.775815927341754641e+00
-4.523135200000002953e+01 3.992644502841024567e-01 0.000000000000000000e+00 3.369103508562789173e+00
-4.700820400000006316e+01 4.149490099014276345e-01 0.000000000000000000e+00 3.858164531157113775e+00
-4.555643800000001420e+01 4.021340369169550955e-01 0.000000000000000000e+00 3.171045424492997977e+00
-4.575624600000002573e+01 4.038977744077639209e-01 0.000000000000000000e+00 3.232934013061838474e+00
-4.585986600000002511e+01 4.048124448854104607e-01 0.000000000000000000e+00 3.520803162050248680e+00
-4.548312800000002909e+01 4.014869177052560745e-01 0.000000000000000000e+00 3.464662080453638104e+00
-4.508103000000001970e+01 3.979375337087232567e-01 0.000000000000000000e+00 3.826424278816340951e+00
-4.507897400000002364e+01 3.979193850646194353e-01 0.000000000000000000e+00 3.292868141560030271e+00
-4.505500800000002215e+01 3.977078333114127395e-01 0.000000000000000000e+00 3.576246728480245274e+00
-4.607625200000003218e+01 4.067225190600488038e-01 0.000000000000000000e+00 4.033659854363407682e+00
-4.515462200000000337e+01 3.985871421799734859e-01 0.000000000000000000e+00 3.410471296190216606e+00
-4.526066400000001266e+01 3.995231920428436445e-01 0.000000000000000000e+00 2.952979118970322947e+00
-4.655466000000003390e+01 4.109455037528680355e-01 0.000000000000000000e+00 3.754168472565401871e+00
-4.457924600000003323e+01 3.935082052879996795e-01 0.000000000000000000e+00 3.107796190404858105e+00
-4.567573400000003403e+01 4.031870819787321536e-01 0.000000000000000000e+00 3.616247696783074339e+00
-4.564526000000001460e+01 4.029180830582938522e-01 0.000000000000000000e+00 2.958590635400374147e+00
-4.512128000000002004e+01 3.982928269602700189e-01 0.000000000000000000e+00 3.015398893223336430e+00
-4.455761600000002431e+01 3.933172737841249544e-01 0.000000000000000000e+00 2.798219913694772298e+00
-4.602682400000001195e+01 4.062862101199877229e-01 0.000000000000000000e+00 3.414077915566602339e+00
-4.535021400000003666e+01 4.003136643577757670e-01 0.000000000000000000e+00 3.016264518884713031e+00
-4.530652600000004071e+01 3.999280233248920235e-01 0.000000000000000000e+00 3.103504507423825221e+00
-4.542187800000002085e+01 4.009462540615978954e-01 0.000000000000000000e+00 3.721267045639919502e+00
-4.637768600000003971e+01 4.093833256684151212e-01 0.000000000000000000e+00 4.089603452387752469e+00
-4.580711000000003708e+01 4.043467591517807547e-01 0.000000000000000000e+00 3.276131530933975800e+00
-4.578565800000002639e+01 4.041573988826581143e-01 0.000000000000000000e+00 4.002313316050399195e+00
-4.588216600000001222e+01 4.050092905875095073e-01 0.000000000000000000e+00 3.393866182138987941e+00
-4.528500000000002501e+01 3.997380098458162001e-01 0.000000000000000000e+00 3.119286279347448954e+00
-4.518318200000003770e+01 3.988392459132452106e-01 0.000000000000000000e+00 3.154604373868825196e+00
-4.576419200000000842e+01 4.039679150332740609e-01 0.000000000000000000e+00 3.883580032889053957e+00
-4.550163200000001495e+01 4.016502555021905785e-01 0.000000000000000000e+00 3.250024784890109597e+00
-4.571470200000002393e+01 4.035310588091984840e-01 0.000000000000000000e+00 3.591156305551882699e+00
-4.560355400000001680e+01 4.025499374595607471e-01 0.000000000000000000e+00 3.173494801959606537e+00
-4.575089600000002577e+01 4.038505490935831443e-01 0.000000000000000000e+00 3.360966406352539515e+00
-4.671041200000002647e+01 4.123203518153501501e-01 0.000000000000000000e+00 4.418608593400497497e+00
-4.565871400000001046e+01 4.030368436895064854e-01 0.000000000000000000e+00 3.372922866901145955e+00
-4.543845000000001733e+01 4.010925377824582916e-01 0.000000000000000000e+00 4.121174869886234049e+00
-4.514220800000000366e+01 3.984775617967511452e-01 0.000000000000000000e+00 3.166481297466966272e+00
-4.643286000000004066e+01 4.098703554786223280e-01 0.000000000000000000e+00 3.402097539085930933e+00
-4.546059400000002171e+01 4.012880064473590136e-01 0.000000000000000000e+00 3.610896637461156189e+00
-4.587881200000002480e+01 4.049796842877410041e-01 0.000000000000000000e+00 4.371390012833330729e+00
-4.568305600000003608e+01 4.032517144554483290e-01 0.000000000000000000e+00 3.305642054425106391e+00
-4.595072600000003149e+01 4.056144807819455633e-01 0.000000000000000000e+00 4.040482298609632039e+00
-4.558649000000001905e+01 4.023993107752280030e-01 0.000000000000000000e+00 3.475238640261655299e+00
-4.582450000000004309e+01 4.045002634907720607e-01 0.000000000000000000e+00 3.497915318320529821e+00
-4.547887800000003722e+01 4.014494022687574160e-01 0.000000000000000000e+00 3.898036372473616229e+00
-4.590962600000003846e+01 4.052516844430991694e-01 0.000000000000000000e+00 3.622370557338206343e+00
-4.522269000000002848e+01 3.991879894109373050e-01 0.000000000000000000e+00 3.215395458202032763e+00
-4.517822600000003774e+01 3.987954985007069464e-01 0.000000000000000000e+00 2.594443938812400763e+00
-4.559410600000003200e+01 4.024665384374337962e-01 0.000000000000000000e+00 3.490991088294195688e+00
-4.631011600000002204e+01 4.087868743638928826e-01 0.000000000000000000e+00 3.960652355273985847e+00
-4.507509200000002636e+01 3.978851180235634666e-01 0.000000000000000000e+00 2.849968979157067039e+00
-4.517724400000000884e+01 3.987868302280851429e-01 0.000000000000000000e+00 2.978112895280221384e+00
-4.571706400000002901e+01 4.035519085647302773e-01 0.000000000000000000e+00 3.530213172992775039e+00
-4.532209200000003335e+01 4.000654269212540748e-01 0.000000000000000000e+00 3.397767030369007735e+00
-4.632211600000002960e+01 4.088928003022422875e-01 0.000000000000000000e+00 3.113451767221088407e+00
-4.540510200000002783e+01 4.007981695997855920e-01 0.000000000000000000e+00 3.611002623407879586e+00
-4.583493600000001322e+01 4.045923837484896035e-01 0.000000000000000000e+00 3.945429644013770165e+00
-4.549553600000002263e+01 4.015964451255091827e-01 0.000000000000000000e+00 2.985364806820435923e+00
-4.622963600000002771e+01 4.080764644040300593e-01 0.000000000000000000e+00 3.604738641432183144e+00
-4.608042200000001287e+01 4.067593283236250468e-01 0.000000000000000000e+00 3.729762895585842397e+00
-4.522748600000002028e+01 3.992303244776308491e-01 0.000000000000000000e+00 3.261951751651923193e+00
-4.506541000000001418e+01 3.977996534456385014e-01 0.000000000000000000e+00 3.392680923337141330e+00
-4.574326800000002180e+01 4.037832155054390526e-01 0.000000000000000000e+00 3.189410604455648279e+00
-4.482522400000002705e+01 3.956794928266074152e-01 0.000000000000000000e+00 3.509507511655685086e+00
-4.599806000000003792e+01 4.060323056457645907e-01 0.000000000000000000e+00 3.788054762545072229e+00
-4.493086800000001801e+01 3.966120294791888323e-01 0.000000000000000000e+00 3.475708676023037569e+00
-4.537358000000001113e+01 4.005199198140647621e-01 0.000000000000000000e+00 3.261878896735697975e+00
-4.580971600000003718e+01 4.043697627347255796e-01 0.000000000000000000e+00 3.113088591078485567e+00
-4.619630400000003334e+01 4.077822374559417207e-01 0.000000000000000000e+00 3.445358499061389246e+00
-4.601083200000003615e+01 4.061450461528143818e-01 0.000000000000000000e+00 3.783602418968493808e+00
-4.602417400000002345e+01 4.062628181419356554e-01 0.000000000000000000e+00 3.556244118111128838e+00
-4.681344600000002032e+01 4.132298495763405688e-01 0.000000000000000000e+00 3.760403522926278885e+00
-4.653677600000002457e+01 4.107876387960813225e-01 0.000000000000000000e+00 3.870171653414474555e+00
-4.611990600000002161e+01 4.071078599694405442e-01 0.000000000000000000e+00 3.534863873590059935e+00
-4.572740800000003958e+01 4.036432167235874946e-01 0.000000000000000000e+00 3.572044871664950882e+00
-4.594169600000002873e+01 4.055347715133376663e-01 0.000000000000000000e+00 2.823268143210751813e+00
-4.566069600000002282e+01 4.030543391236572903e-01 0.000000000000000000e+00 3.258976249612659526e+00
-4.644007000000001995e+01 4.099339993132470328e-01 0.000000000000000000e+00 4.478663561969478124e+00
-4.520426000000001920e+01 3.990253048239557065e-01 0.000000000000000000e+00 3.758059375622885501e+00
-4.595715800000003526e+01 4.056712570849008714e-01 0.000000000000000000e+00 3.542270029608503012e+00
-4.554830400000001589e+01 4.020622367850772982e-01 0.000000000000000000e+00 3.342069860778986712e+00
-4.496288200000002888e+01 3.968946222283818992e-01 0.000000000000000000e+00 3.617616685737344628e+00
-4.450295400000005230e+01 3.928347634806209077e-01 0.000000000000000000e+00 2.984466452947950099e+00
-4.562485200000003971e+01 4.027379383458079554e-01 0.000000000000000000e+00 2.907269420839681207e+00
-4.624231000000003178e+01 4.081883398492500148e-01 0.000000000000000000e+00 3.080828232256167976e+00
-4.594228600000000284e+01 4.055399795386396278e-01 0.000000000000000000e+00 3.851762373724579192e+00
-4.552543000000000006e+01 4.018603242922602625e-01 0.000000000000000000e+00 3.152438042983316535e+00
-4.596683000000005137e+01 4.057566333912105416e-01 0.000000000000000000e+00 3.316089118512829170e+00
-4.635016600000003706e+01 4.091404021831339111e-01 0.000000000000000000e+00 3.518085030878146391e+00
-4.540165200000002699e+01 4.007677158925101457e-01 0.000000000000000000e+00 3.319282875588909221e+00
-4.550235800000003650e+01 4.016566640214609407e-01 0.000000000000000000e+00 3.627375976903157717e+00
-4.559253800000001888e+01 4.024526974481560382e-01 0.000000000000000000e+00 2.617708023735900280e+00
-4.537673800000001734e+01 4.005477959901737606e-01 0.000000000000000000e+00 3.232241224208166841e+00
-4.576287200000002997e+01 4.039562631800558412e-01 0.000000000000000000e+00 3.434495919200671654e+00
-4.573730400000002305e+01 4.037305703140794400e-01 0.000000000000000000e+00 3.412676199762918916e+00
-4.526829200000001663e+01 3.995905256309877362e-01 0.000000000000000000e+00 3.081453890606729917e+00
-4.443991800000002002e+01 3.922783345264715393e-01 0.000000000000000000e+00 2.883071837516156588e+00
-4.508397000000004340e+01 3.979634855636190460e-01 0.000000000000000000e+00 2.992697878608240547e+00
-4.547688600000002168e+01 4.014318185629912605e-01 0.000000000000000000e+00 3.479099792106915334e+00
-4.521086800000003336e+01 3.990836347073402068e-01 0.000000000000000000e+00 2.960172495345157806e+00
-4.538204400000002181e+01 4.005946329092472946e-01 0.000000000000000000e+00 4.090688006352619865e+00
-4.516877600000002246e+01 3.987120818242567144e-01 0.000000000000000000e+00 3.223165453906542854e+00
-4.633377200000003171e+01 4.089956896970256550e-01 0.000000000000000000e+00 3.340877811039935086e+00
-4.580350800000002920e+01 4.043149637159528242e-01 0.000000000000000000e+00 4.196694017088529627e+00
-4.535654800000003206e+01 4.003695755989011285e-01 0.000000000000000000e+00 3.124796532672490912e+00
-4.575850800000001328e+01 4.039177414471426530e-01 0.000000000000000000e+00 3.425205666247935987e+00
-4.643352400000002689e+01 4.098762167138775281e-01 0.000000000000000000e+00 3.428124017449506233e+00
-4.575943400000004146e+01 4.039259153987188600e-01 0.000000000000000000e+00 3.323638468111582700e+00
-4.547950200000001075e+01 4.014549104175513250e-01 0.000000000000000000e+00 3.391019586429945054e+00
-4.555847600000002728e+01 4.021520266721515524e-01 0.000000000000000000e+00 4.001518420515044028e+00
-4.534321800000002156e+01 4.002519095357179868e-01 0.000000000000000000e+00 3.644778329554751117e+00
-4.599026600000003384e+01 4.059635067488066573e-01 0.000000000000000000e+00 3.499062487431960022e+00
-4.668472800000003531e+01 4.120936349986365488e-01 0.000000000000000000e+00 4.016017189691167388e+00
-4.562174800000003216e+01 4.027105388364214944e-01 0.000000000000000000e+00 3.884743818561855466e+00
-4.601250800000001817e+01 4.061598404755369929e-01 0.000000000000000000e+00 3.435939388691779062e+00
-4.557007000000004382e+01 4.022543687829202019e-01 0.000000000000000000e+00 3.773683167997048837e+00
-4.614205000000001178e+01 4.073033286343411552e-01 0.000000000000000000e+00 3.956161145554609515e+00
-4.472692200000001606e+01 3.948117651939725969e-01 0.000000000000000000e+00 3.116751523057429640e+00
-4.559187600000003471e+01 4.024468538672238971e-01 0.000000000000000000e+00 3.617709690825805957e+00
-4.565418400000002919e+01 4.029968566477797332e-01 0.000000000000000000e+00 3.242968397567296268e+00
-4.606199800000000266e+01 4.065966966996126253e-01 0.000000000000000000e+00 2.709817502445805104e+00
-4.581968800000003483e+01 4.044577871894938781e-01 0.000000000000000000e+00 3.621385698378480900e+00
-4.605583400000003280e+01 4.065422860759474455e-01 0.000000000000000000e+00 4.173312321474359265e+00
-4.576036600000003318e+01 4.039341423132639108e-01 0.000000000000000000e+00 3.639926766058167118e+00
-4.565772600000003933e+01 4.030281224539159490e-01 0.000000000000000000e+00 3.322979091986860034e+00
-4.595111600000001317e+01 4.056179233749417357e-01 0.000000000000000000e+00 2.686441797444073298e+00
-4.622020399999999540e+01 4.079932066164871918e-01 0.000000000000000000e+00 3.504258823806576828e+00
-4.465811400000004028e+01 3.942043858634777243e-01 0.000000000000000000e+00 3.028698193427784346e+00
-4.487226000000003268e+01 3.960946871962907623e-01 0.000000000000000000e+00 3.180706150298302948e+00
-4.487268800000004632e+01 3.960984652214253332e-01 0.000000000000000000e+00 3.272408065959619083e+00
-4.383262600000001186e+01 3.869176699471342240e-01 0.000000000000000000e+00 3.266214174802505088e+00
-4.501155600000003432e+01 3.973242754886499029e-01 0.000000000000000000e+00 3.135714844162814874e+00
-4.423733200000000210e+01 3.904900751809347592e-01 0.000000000000000000e+00 3.816693040186236896e+00
-4.646778800000004139e+01 4.101786705765111396e-01 0.000000000000000000e+00 3.466608139519934184e+00
-4.577102400000001836e+01 4.040282222008410584e-01 0.000000000000000000e+00 3.849649184885670650e+00
-4.558487200000003980e+01 4.023850284278740475e-01 0.000000000000000000e+00 4.004678570137330418e+00
-4.626695400000001968e+01 4.084058764179733236e-01 0.000000000000000000e+00 3.619300844906848891e+00
-4.637142000000000053e+01 4.093280146742733216e-01 0.000000000000000000e+00 3.608914443234400249e+00
-4.555942000000001002e+01 4.021603595126348463e-01 0.000000000000000000e+00 3.471349108448654963e+00
-4.617561600000002642e+01 4.075996211382273970e-01 0.000000000000000000e+00 3.512550158144192025e+00
-4.625468800000001579e+01 4.082976024546572380e-01 0.000000000000000000e+00 3.156454912077117037e+00
-4.628648800000001273e+01 4.085783061912829361e-01 0.000000000000000000e+00 3.982063110958002472e+00
-4.549280200000002594e+01 4.015723116658886371e-01 0.000000000000000000e+00 4.022237322483569244e+00
-4.485097800000003332e+01 3.959068275446282481e-01 0.000000000000000000e+00 2.994613768778467300e+00
-4.458296200000003040e+01 3.935410070202418620e-01 0.000000000000000000e+00 3.049089991840089553e+00
-4.593456200000002809e+01 4.054717985429889815e-01 0.000000000000000000e+00 4.105558477660610883e+00
-4.630248400000001396e+01 4.087195054671026173e-01 0.000000000000000000e+00 4.007613831945892713e+00
-4.518682800000001976e+01 3.988714297441802170e-01 0.000000000000000000e+00 2.946784718946081849e+00
-4.570508200000003995e+01 4.034461415152885699e-01 0.000000000000000000e+00 3.133652536815610290e+00
-4.602184200000003500e+01 4.062422332012499138e-01 0.000000000000000000e+00 3.805467640522866013e+00
-4.518165000000002607e+01 3.988257227017825146e-01 0.000000000000000000e+00 3.445417426191937693e+00
-4.565474600000001004e+01 4.030018175125589242e-01 0.000000000000000000e+00 3.108196183745566277e+00
-4.518310400000003568e+01 3.988385573946459650e-01 0.000000000000000000e+00 3.143229246257627452e+00
-4.416803400000002711e+01 3.898783705412905976e-01 0.000000000000000000e+00 3.167909545955751138e+00
-4.600098400000000254e+01 4.060581162660754084e-01 0.000000000000000000e+00 4.150407344757642392e+00
-4.609898200000003499e+01 4.069231604416055359e-01 0.000000000000000000e+00 3.321527878089427066e+00
-4.509034200000001391e+01 3.980197322368823065e-01 0.000000000000000000e+00 3.426556615883436407e+00
-4.585803600000001978e+01 4.047962911798121399e-01 0.000000000000000000e+00 4.063020452008379912e+00
-4.527542800000002643e+01 3.996535162556595355e-01 0.000000000000000000e+00 3.449914381197295654e+00
-4.510430200000003254e+01 3.981429594118288673e-01 0.000000000000000000e+00 3.355553695958478855e+00
-4.601596800000000798e+01 4.061903824544276786e-01 0.000000000000000000e+00 3.177684731038424637e+00
-4.528184200000002591e+01 3.997101336697072571e-01 0.000000000000000000e+00 2.904472987512170867e+00
-4.488892400000000293e+01 3.962417830160116505e-01 0.000000000000000000e+00 3.357889324107263374e+00
-4.566044800000002368e+01 4.030521499875980851e-01 0.000000000000000000e+00 3.226413446815819874e+00
-4.524494200000002309e+01 3.993844114092830466e-01 0.000000000000000000e+00 3.406013981275241687e+00
-4.516497400000001505e+01 3.986785209561229948e-01 0.000000000000000000e+00 3.226112531387545612e+00
-4.534465000000000856e+01 4.002645500310275661e-01 0.000000000000000000e+00 3.559190816375786159e+00
-4.503429800000001393e+01 3.975250227961447669e-01 0.000000000000000000e+00 2.894781146417208184e+00
-4.452615800000001656e+01 3.930395889367420681e-01 0.000000000000000000e+00 2.461383673324638366e+00
-4.553686400000004397e+01 4.019612540571845249e-01 0.000000000000000000e+00 3.549379918572774795e+00
-4.442674400000001356e+01 3.921620455004869443e-01 0.000000000000000000e+00 2.697769963848368313e+00
-4.520925200000004196e+01 3.990693700143091993e-01 0.000000000000000000e+00 3.138670935879281920e+00
-4.544373200000001845e+01 4.011391628496550621e-01 0.000000000000000000e+00 2.970168099411822915e+00
-4.616584400000002120e+01 4.075133621157648878e-01 0.000000000000000000e+00 4.250031073453131469e+00
-4.591624200000003242e+01 4.053100849437756836e-01 0.000000000000000000e+00 3.024488239177870241e+00
-4.566073200000001719e+01 4.030546569014722968e-01 0.000000000000000000e+00 3.609088428260806225e+00
-4.504238400000002684e+01 3.975963992242693146e-01 0.000000000000000000e+00 2.709204252499544108e+00
-4.524960600000002842e+01 3.994255812906548631e-01 0.000000000000000000e+00 3.160029053754047190e+00
-4.615572800000001052e+01 4.074240665497362857e-01 0.000000000000000000e+00 4.065299912801791926e+00
-4.620128600000003161e+01 4.078262143746797519e-01 0.000000000000000000e+00 3.346422857864857825e+00
-4.565897000000002492e+01 4.030391034428580377e-01 0.000000000000000000e+00 3.628263047759543891e+00
-4.532948800000002620e+01 4.001307126079233223e-01 0.000000000000000000e+00 3.205192763748202278e+00
-4.607507000000003217e+01 4.067120853551214332e-01 0.000000000000000000e+00 3.354944611429162560e+00
-4.603479000000001520e+01 4.063565272887286750e-01 0.000000000000000000e+00 3.742141606504397533e+00
-4.526664600000002281e+01 3.995759961231108437e-01 0.000000000000000000e+00 3.896041552560337351e+00
-4.550286600000002579e+01 4.016611482195176497e-01 0.000000000000000000e+00 3.183209035435273560e+00
-4.598164599999999780e+01 4.058874166164254116e-01 0.000000000000000000e+00 3.809494311556563595e+00
-4.496821800000003577e+01 3.969417239623012628e-01 0.000000000000000000e+00 3.660723052616184248e+00
-4.546727600000002667e+01 4.013469895406965304e-01 0.000000000000000000e+00 3.389854185151611965e+00
-4.570685200000002624e+01 4.034617655911949541e-01 0.000000000000000000e+00 3.443390138182621296e+00
-4.704821000000001874e+01 4.153021493255609209e-01 0.000000000000000000e+00 3.837073092905975980e+00
-4.573317400000002664e+01 4.036941141369642660e-01 0.000000000000000000e+00 4.224162925830825088e+00
-4.510921400000000148e+01 3.981863184292596114e-01 0.000000000000000000e+00 3.832526982095350032e+00
-4.620719800000004085e+01 4.078784005536399415e-01 0.000000000000000000e+00 3.602175179503953828e+00
-4.516216600000001336e+01 3.986537342865492106e-01 0.000000000000000000e+00 3.902601353622602076e+00
-4.629256200000002508e+01 4.086319223704109049e-01 0.000000000000000000e+00 3.076055708299447300e+00
-4.335334800000004662e+01 3.826870056237850481e-01 0.000000000000000000e+00 3.373588703846873926e+00
-4.481603400000001614e+01 3.955983712121547979e-01 0.000000000000000000e+00 3.347362739522478758e+00
-4.585437800000000408e+01 4.047640014229385019e-01 0.000000000000000000e+00 3.715089436110386334e+00
-4.539172600000001268e+01 4.006800974871720378e-01 0.000000000000000000e+00 3.779046422573244524e+00
-4.359076200000001222e+01 3.847826973510571902e-01 0.000000000000000000e+00 3.447251910888914139e+00
-4.510144600000002413e+01 3.981177490385016671e-01 0.000000000000000000e+00 3.105298217121274185e+00
-4.498123600000001687e+01 3.970566359510870891e-01 0.000000000000000000e+00 3.214626851164263055e+00
-4.508326400000002110e+01 3.979572535875793293e-01 0.000000000000000000e+00 2.435188640216273459e+00
-4.556270600000002702e+01 4.021893655654196764e-01 0.000000000000000000e+00 3.499500484580591486e+00
-4.705299800000002364e+01 4.153444137749623399e-01 0.000000000000000000e+00 3.495114790906318714e+00
-4.527792000000003014e+01 3.996755135421901639e-01 0.000000000000000000e+00 3.858610287173716014e+00
-4.544769200000000353e+01 4.011741184093102208e-01 0.000000000000000000e+00 3.652540548345643234e+00
-4.687977400000001182e+01 4.138153375462433892e-01 0.000000000000000000e+00 3.695458360291792310e+00
-4.487217800000000523e+01 3.960939633690451211e-01 0.000000000000000000e+00 3.108118842143080762e+00
-4.615356400000005266e+01 4.074049645721876667e-01 0.000000000000000000e+00 3.638724473471772303e+00
-4.562576200000000171e+01 4.027459710627990797e-01 0.000000000000000000e+00 3.836234074413725104e+00
-4.506952800000004089e+01 3.978360036968155988e-01 0.000000000000000000e+00 3.821945916242513341e+00
-4.615527600000004327e+01 4.074200766727254508e-01 0.000000000000000000e+00 3.579604941159249432e+00
-4.547935600000001699e+01 4.014536216519681289e-01 0.000000000000000000e+00 3.762990401432983134e+00
-4.575417800000001733e+01 4.038795198377216344e-01 0.000000000000000000e+00 3.122128943803143208e+00
-4.763594000000000506e+01 4.204901369710655201e-01 0.000000000000000000e+00 3.260160586984833575e+00
-4.683740200000002574e+01 4.134413130579320250e-01 0.000000000000000000e+00 3.287854860948491886e+00
-4.761614800000000258e+01 4.203154297900812963e-01 0.000000000000000000e+00 3.339838693633407463e+00
-4.723534400000000488e+01 4.169540113711495133e-01 0.000000000000000000e+00 3.234177545969380674e+00
-4.769516800000004508e+01 4.210129520941121029e-01 0.000000000000000000e+00 2.671693280983526986e+00
-4.730296400000001711e+01 4.175509040337481714e-01 0.000000000000000000e+00 3.307775390232273072e+00
-4.998410800000003462e+01 4.412177952045565621e-01 0.000000000000000000e+00 3.997995683690021895e+00
-4.849763400000003344e+01 4.280964490977319792e-01 0.000000000000000000e+00 2.984067540743878144e+00
-4.810263000000000488e+01 4.246096849850865551e-01 0.000000000000000000e+00 3.128155651578905960e+00
-4.956722400000001016e+01 4.375378927976542043e-01 0.000000000000000000e+00 3.446508370994820769e+00
-4.844025800000003557e+01 4.275899818778376993e-01 0.000000000000000000e+00 3.212971114665167160e+00
-4.927789800000002884e+01 4.349839654610826445e-01 0.000000000000000000e+00 3.748502646403890193e+00
-4.943174000000002621e+01 4.363419536450441893e-01 0.000000000000000000e+00 3.169629916516559121e+00
-4.927309400000000750e+01 4.349415597770965869e-01 0.000000000000000000e+00 4.239155504755515835e+00
-4.889769200000000637e+01 4.316278256847450590e-01 0.000000000000000000e+00 3.278794321632834574e+00
-5.010006800000003579e+01 4.422413928554723150e-01 0.000000000000000000e+00 3.578590018792600080e+00
-4.855422600000004962e+01 4.285959958229876299e-01 0.000000000000000000e+00 2.840988553894149504e+00
-4.951269200000002257e+01 4.370565300251487706e-01 0.000000000000000000e+00 3.077162695353094168e+00
-4.973542000000001906e+01 4.390225860582047113e-01 0.000000000000000000e+00 3.692445408198373524e+00
-4.975933800000001384e+01 4.392337141076579909e-01 0.000000000000000000e+00 3.889501826135464579e+00
-5.076227200000003137e+01 4.480867745286960524e-01 0.000000000000000000e+00 3.671598439126748215e+00
-5.106624800000003717e+01 4.507700197816693066e-01 0.000000000000000000e+00 3.168314434148277847e+00
-5.041678000000001703e+01 4.450370608376801318e-01 0.000000000000000000e+00 3.519167026786912622e+00
-5.140817399999999537e+01 4.537882558146719703e-01 0.000000000000000000e+00 3.911437172610185975e+00
-4.971906200000004361e+01 4.388781913499117393e-01 0.000000000000000000e+00 3.637901560042769766e+00
-5.151612200000002417e+01 4.547411302474167472e-01 0.000000000000000000e+00 3.579313804209692140e+00
-4.934613600000001554e+01 4.355863133095060347e-01 0.000000000000000000e+00 3.327461629965540180e+00
-5.058320400000000916e+01 4.465061123680009181e-01 0.000000000000000000e+00 3.134922594050914224e+00
-4.984918800000002648e+01 4.400268345710487417e-01 0.000000000000000000e+00 3.341479868406460163e+00
-5.095146400000001563e+01 4.497568028727115808e-01 0.000000000000000000e+00 3.595227016771715522e+00
-4.975746200000001807e+01 4.392171543526293687e-01 0.000000000000000000e+00 3.254951836438030988e+00
-5.080383000000003335e+01 4.484536137075229023e-01 0.000000000000000000e+00 3.274402126119416501e+00
-4.982944400000003782e+01 4.398525510938180449e-01 0.000000000000000000e+00 3.570722937873301639e+00
-5.004351800000001305e+01 4.417422168710008479e-01 0.000000000000000000e+00 4.132261867585231840e+00
-5.092670000000001806e+01 4.495382070446047318e-01 0.000000000000000000e+00 3.629761588297334196e+00
-5.147191600000002154e+01 4.543509167448608332e-01 0.000000000000000000e+00 3.622813090657924118e+00
-5.018689000000003375e+01 4.430077846737528469e-01 0.000000000000000000e+00 3.394570309800906127e+00
-5.067082800000001441e+01 4.472795835698278322e-01 0.000000000000000000e+00 3.243540099238746421e+00
-4.971281400000002293e+01 4.388230392446776373e-01 0.000000000000000000e+00 3.555057479170492751e+00
-5.065410400000003932e+01 4.471319581204152294e-01 0.000000000000000000e+00 3.738287666669288800e+00
-4.995857400000002713e+01 4.409924024620721639e-01 0.000000000000000000e+00 2.818290423221176955e+00
-5.036758600000002417e+01 4.446028174534170652e-01 0.000000000000000000e+00 3.151887465464707105e+00
-4.984011600000003739e+01 4.399467545616567166e-01 0.000000000000000000e+00 3.068702228469575743e+00
-5.136522600000001404e+01 4.534091468813198356e-01 0.000000000000000000e+00 3.902748107737480154e+00
-4.953404200000004209e+01 4.372449899237955129e-01 0.000000000000000000e+00 2.980612387663130747e+00
-4.995692000000002508e+01 4.409778023369029798e-01 0.000000000000000000e+00 3.484396198523185717e+00
-4.948773600000004080e+01 4.368362393820284240e-01 0.000000000000000000e+00 3.463862284264123570e+00
-5.135299200000003594e+01 4.533011553871728605e-01 0.000000000000000000e+00 3.709078959473917969e+00
-4.899813400000001451e+01 4.325144434430521767e-01 0.000000000000000000e+00 4.215302885272883771e+00
-5.075361800000000301e+01 4.480103842728229147e-01 0.000000000000000000e+00 3.225631605596997353e+00
-4.956979200000004937e+01 4.375605609484612968e-01 0.000000000000000000e+00 4.011538888012474047e+00
-5.090764600000002105e+01 4.493700143088290577e-01 0.000000000000000000e+00 4.094364214070187913e+00
-4.972693200000003344e+01 4.389476611111457482e-01 0.000000000000000000e+00 3.275298907567849582e+00
-4.979521200000004200e+01 4.395503797003535440e-01 0.000000000000000000e+00 3.497228690115311345e+00
-5.062917200000003959e+01 4.469118793291714242e-01 0.000000000000000000e+00 3.424617050214844305e+00
-4.958499600000001806e+01 4.376947691123496131e-01 0.000000000000000000e+00 3.157420886055739562e+00
-5.199399800000004745e+01 4.589594188903026728e-01 0.000000000000000000e+00 3.830610253304717272e+00
-5.073931000000003166e+01 4.478840852456645871e-01 0.000000000000000000e+00 3.421649588748359339e+00
-5.006512000000002161e+01 4.419329012143528024e-01 0.000000000000000000e+00 3.530963075594549583e+00
-5.145922000000003038e+01 4.542388471020872842e-01 0.000000000000000000e+00 3.161914995758747793e+00
-5.105219200000001933e+01 4.506459451992159693e-01 0.000000000000000000e+00 2.936331541903222764e+00
-5.018147600000001773e+01 4.429599944212340712e-01 0.000000000000000000e+00 3.334653885849036659e+00
-4.786035000000003947e+01 4.224710402898137485e-01 0.000000000000000000e+00 3.291208272846390948e+00
-5.183489800000004522e+01 4.575550174910210099e-01 0.000000000000000000e+00 3.722546768115081672e+00
-5.061394600000002697e+01 4.467774769677290148e-01 0.000000000000000000e+00 3.637849701734265473e+00
-5.165365800000002849e+01 4.559551827354846876e-01 0.000000000000000000e+00 3.372717018354037144e+00
-5.020002400000003462e+01 4.431237206132762063e-01 0.000000000000000000e+00 3.456149055518820568e+00
-5.222094400000003844e+01 4.609627078906883280e-01 0.000000000000000000e+00 3.959106363057709022e+00
-5.044570600000002969e+01 4.452923953120713207e-01 0.000000000000000000e+00 3.532744067095718421e+00
-5.071282400000004031e+01 4.476502890454046590e-01 0.000000000000000000e+00 3.290664813218376672e+00
-5.206824399999999997e+01 4.596148003251926406e-01 0.000000000000000000e+00 4.475802940398154739e+00
-5.238331400000004123e+01 4.623959741081701824e-01 0.000000000000000000e+00 3.820689528254968437e+00
-5.174214200000003672e+01 4.567362452962266395e-01 0.000000000000000000e+00 3.234052819705087511e+00
-5.185508200000002432e+01 4.577331849193244095e-01 0.000000000000000000e+00 3.181215848639058041e+00
-5.115164800000004419e+01 4.515238593762554986e-01 0.000000000000000000e+00 3.945775039087615177e+00
-5.198213600000004675e+01 4.588547111002443391e-01 0.000000000000000000e+00 4.057120370572848245e+00
-5.225521800000004191e+01 4.612652500249371235e-01 0.000000000000000000e+00 3.476975778361000913e+00
-5.167751400000001638e+01 4.561657635009230272e-01 0.000000000000000000e+00 3.330156113337024770e+00
-5.254283200000001131e+01 4.638040652609707326e-01 0.000000000000000000e+00 3.435429266132839832e+00
-5.241621000000005637e+01 4.626863524138319916e-01 0.000000000000000000e+00 2.939493600911214699e+00
-5.094080200000001923e+01 4.496626876764882597e-01 0.000000000000000000e+00 3.086425049578010338e+00
-5.235373200000002214e+01 4.621348490158158628e-01 0.000000000000000000e+00 3.232988743739679371e+00
-5.228381400000005641e+01 4.615176715360237436e-01 0.000000000000000000e+00 3.538781758907400654e+00
-5.272721400000000358e+01 4.654316349580313039e-01 0.000000000000000000e+00 3.359687228137930415e+00
-5.124559400000001119e+01 4.523531358932691426e-01 0.000000000000000000e+00 3.469337386792755051e+00
-5.167655400000001009e+01 4.561572894258550392e-01 0.000000000000000000e+00 3.472421412057173473e+00
-5.242592000000000496e+01 4.627720641522791722e-01 0.000000000000000000e+00 3.156328490861212810e+00
-5.241013600000000849e+01 4.626327362347037453e-01 0.000000000000000000e+00 3.403383355151936573e+00
-5.136616600000000687e+01 4.534174444131571224e-01 0.000000000000000000e+00 2.973726348540504549e+00
-5.174053200000000885e+01 4.567220335661645314e-01 0.000000000000000000e+00 3.852567031250564433e+00
-5.223984800000001627e+01 4.611295765522344658e-01 0.000000000000000000e+00 4.041442456023529139e+00
-5.149803999999999604e+01 4.545815175126470820e-01 0.000000000000000000e+00 3.484796533109461247e+00
-5.296820600000000923e+01 4.675589102692550014e-01 0.000000000000000000e+00 3.101443439439842908e+00
-5.169297600000003712e+01 4.563022490724863434e-01 0.000000000000000000e+00 3.397930672092571491e+00
-5.215643600000004199e+01 4.603932853547684223e-01 0.000000000000000000e+00 3.090577986920305165e+00
-5.177768800000001193e+01 4.570500155799402386e-01 0.000000000000000000e+00 3.296214335094859837e+00
-5.113516000000002748e+01 4.513783171369633584e-01 0.000000000000000000e+00 2.918806100535842774e+00
-5.233044800000002539e+01 4.619293173867720093e-01 0.000000000000000000e+00 3.569972525216971171e+00
-5.124807400000003810e+01 4.523750272538615835e-01 0.000000000000000000e+00 3.052141308093335503e+00
