-2.591622800000002158e+01 2.534966303125155140e-01 0.000000000000000000e+00 2.422012495195854598e+00
-2.642530000000001067e+01 2.584760600577102885e-01 0.000000000000000000e+00 2.813373482479564203e+00
-2.578626200000001134e+01 2.522253826967282286e-01 0.000000000000000000e+00 2.892746430586809581e+00
-2.486385400000001056e+01 2.432029539785788563e-01 0.000000000000000000e+00 3.089634086909635702e+00
-2.517510400000001169e+01 2.462474103780506740e-01 0.000000000000000000e+00 2.515639598648198305e+00
-2.507471000000001737e+01 2.452654179097179810e-01 0.000000000000000000e+00 3.063784102868526205e+00
-2.530279800000002055e+01 2.474964346847950414e-01 0.000000000000000000e+00 2.719338204471629883e+00
-2.540470200000001455e+01 2.484931970460215744e-01 0.000000000000000000e+00 3.537040280325122854e+00
-2.527825600000002382e+01 2.472563799090333470e-01 0.000000000000000000e+00 2.681577261342566132e+00
-2.590485600000000588e+01 2.533853963906685935e-01 0.000000000000000000e+00 3.124732402031743739e+00
-2.530456800000000683e+01 2.475137477380545403e-01 0.000000000000000000e+00 2.613841425672494001e+00
-2.651003200000001314e+01 2.593048564581602600e-01 0.000000000000000000e+00 3.152333810673474623e+00
-2.505009200000001357e+01 2.450246197486184996e-01 0.000000000000000000e+00 2.493888901224857069e+00
-2.555376800000001580e+01 2.499512691348365623e-01 0.000000000000000000e+00 3.062128954884068222e+00
-2.668737600000001464e+01 2.610395265809166698e-01 0.000000000000000000e+00 3.287629059574327162e+00
-2.587898800000001032e+01 2.531323714970412087e-01 0.000000000000000000e+00 2.972801350944556109e+00
-2.661380800000001301e+01 2.603199295740207808e-01 0.000000000000000000e+00 3.045295340993176669e+00
-2.511816200000001231e+01 2.456904386951632158e-01 0.000000000000000000e+00 2.816921397223815404e+00
-2.710893400000000852e+01 2.651629481097472207e-01 0.000000000000000000e+00 3.699214180495062010e+00
-2.750258000000001957e+01 2.690133515919207463e-01 0.000000000000000000e+00 2.795976631237150123e+00
-2.779211800000002341e+01 2.718454345380742487e-01 0.000000000000000000e+00 3.783835027699336884e+00
-2.620894600000002228e+01 2.563598180662202131e-01 0.000000000000000000e+00 2.446628917858409302e+00
-2.645371000000002226e+01 2.587539492346067616e-01 0.000000000000000000e+00 2.777586605128613328e+00
-2.761011800000002481e+01 2.700652222819975856e-01 0.000000000000000000e+00 3.010003418514787921e+00
-2.760998999999999981e+01 2.700639702645865059e-01 0.000000000000000000e+00 2.802849379387938544e+00
-2.662778400000001611e+01 2.604566342250698718e-01 0.000000000000000000e+00 2.242262989590848576e+00
-2.602109600000001777e+01 2.545223847019124630e-01 0.000000000000000000e+00 2.952435377611801304e+00
-2.801760200000003209e+01 2.740509805839490554e-01 0.000000000000000000e+00 3.535960520540952778e+00
-2.757986400000001836e+01 2.697692962292758678e-01 0.000000000000000000e+00 3.298624966895487898e+00
-2.866273200000002319e+01 2.803612461485794904e-01 0.000000000000000000e+00 3.171192660861051227e+00
-2.896047000000003990e+01 2.832735364601167705e-01 0.000000000000000000e+00 3.165515804315900183e+00
-2.925199200000001198e+01 2.861250256761384003e-01 0.000000000000000000e+00 2.457842716392001581e+00
-2.877491000000001620e+01 2.814585024698001425e-01 0.000000000000000000e+00 2.667832837943959312e+00
-2.835292400000003710e+01 2.773308945077521126e-01 0.000000000000000000e+00 3.649467332133152109e+00
-2.807652400000002757e+01 2.746273194111608085e-01 0.000000000000000000e+00 2.655207612842537923e+00
-2.801851800000001802e+01 2.740599403335454154e-01 0.000000000000000000e+00 2.727536066640410706e+00
-2.862065000000001191e+01 2.799496258619847411e-01 0.000000000000000000e+00 3.796564386136604075e+00
-2.800377599999999845e+01 2.739157431408030252e-01 0.000000000000000000e+00 2.583393966409460951e+00
-2.899261000000001687e+01 2.835879102068764590e-01 0.000000000000000000e+00 3.012724087830470410e+00
-2.901398800000001188e+01 2.837970166772632585e-01 0.000000000000000000e+00 2.649912953298007245e+00
-2.898809600000002362e+01 2.835437570303714350e-01 0.000000000000000000e+00 2.761916697151461708e+00
-2.839894000000000318e+01 2.777809947669585000e-01 0.000000000000000000e+00 3.350644473572633064e+00
-2.845356000000002084e+01 2.783152540715021495e-01 0.000000000000000000e+00 2.979159664717348832e+00
-2.944210400000001826e+01 2.879845845356288625e-01 0.000000000000000000e+00 3.095958962022799632e+00
-2.859592400000002144e+01 2.797077713111950081e-01 0.000000000000000000e+00 2.613888495883696095e+00
-2.834715200000001190e+01 2.772744363476306040e-01 0.000000000000000000e+00 2.645333739173966858e+00
-2.880508800000001912e+01 2.817536851371841289e-01 0.000000000000000000e+00 2.596721873193822194e+00
-2.888104800000000694e+01 2.824966792194454901e-01 0.000000000000000000e+00 3.463899283314319621e+00
-2.954654400000001147e+01 2.890061524918082214e-01 0.000000000000000000e+00 2.653251680193283946e+00
-2.844324200000000502e+01 2.782143297305228469e-01 0.000000000000000000e+00 2.673862213730573423e+00
-3.044261200000002177e+01 2.977709395021276850e-01 0.000000000000000000e+00 3.052432121839960377e+00
-2.887454000000000676e+01 2.824330219592116609e-01 0.000000000000000000e+00 2.672363839696453969e+00
-3.064505400000001600e+01 2.997511028512742093e-01 0.000000000000000000e+00 2.549207617170163420e+00
-2.983359400000000505e+01 2.918138993495378863e-01 0.000000000000000000e+00 2.982224801728475594e+00
-2.899703000000002007e+01 2.836311439330955197e-01 0.000000000000000000e+00 3.237224338734177032e+00
-3.019420400000001337e+01 2.953411649630753866e-01 0.000000000000000000e+00 3.088190256474793838e+00
-2.984037200000001278e+01 2.918801975839978025e-01 0.000000000000000000e+00 2.862048539356438326e+00
-3.073208000000002116e+01 3.006023377512595518e-01 0.000000000000000000e+00 3.599347205460254440e+00
-3.094371400000001415e+01 3.026724116007239451e-01 0.000000000000000000e+00 3.562003263317262469e+00
-3.155149400000001236e+01 3.086173423974178376e-01 0.000000000000000000e+00 3.463622917919817912e+00
-3.073022000000001341e+01 3.005841443732578111e-01 0.000000000000000000e+00 3.414386431237416808e+00
-3.134337600000003832e+01 3.065816599012083921e-01 0.000000000000000000e+00 3.145160970944977485e+00
-3.098842600000002179e+01 3.031097569325575392e-01 0.000000000000000000e+00 2.848956637604990849e+00
-3.023649200000001258e+01 2.957548002151906275e-01 0.000000000000000000e+00 3.182107206216431727e+00
-3.129434600000000088e+01 3.061020785445297543e-01 0.000000000000000000e+00 2.766901569415204598e+00
-3.017318800000001744e+01 2.951355993544286793e-01 0.000000000000000000e+00 2.614108592462807579e+00
-3.115609800000000362e+01 3.047498214897051416e-01 0.000000000000000000e+00 2.802319619763079306e+00
-3.008468600000000848e+01 2.942699271286742246e-01 0.000000000000000000e+00 3.528857583560796041e+00
-3.200450800000000839e+01 3.130484472049690492e-01 0.000000000000000000e+00 2.890521108576665110e+00
-3.022994800000002158e+01 2.956907908250601125e-01 0.000000000000000000e+00 2.423993791807898646e+00
-3.067031000000000418e+01 2.999981415366557713e-01 0.000000000000000000e+00 3.079052406163135025e+00
-3.093972000000001898e+01 3.026333447449505720e-01 0.000000000000000000e+00 2.989642601524216570e+00
-3.151087000000001836e+01 3.082199833716439685e-01 0.000000000000000000e+00 2.958579252996719422e+00
-3.059108200000001787e+01 2.992231818848732905e-01 0.000000000000000000e+00 2.722470101249594432e+00
-3.088804400000003625e+01 3.021278818408572042e-01 0.000000000000000000e+00 3.453139129391304518e+00
-3.103587000000002050e+01 3.035738250110042724e-01 0.000000000000000000e+00 3.117911525218588054e+00
-3.204287200000000979e+01 3.134237002983323861e-01 0.000000000000000000e+00 3.420355476772978687e+00
-3.147907800000001899e+01 3.079090135472198342e-01 0.000000000000000000e+00 3.321207285042320656e+00
-3.221220000000000994e+01 3.150799628307331957e-01 0.000000000000000000e+00 2.770376485518736942e+00
-3.225096000000003471e+01 3.154590893529616302e-01 0.000000000000000000e+00 2.632951085567276195e+00
-3.386825000000001751e+01 3.312784271531277747e-01 0.000000000000000000e+00 3.229829430324440143e+00
-3.416692800000002705e+01 3.341999119675260754e-01 0.000000000000000000e+00 2.861514252310789708e+00
-3.390586200000002037e+01 3.316463246442022950e-01 0.000000000000000000e+00 2.416270580990798944e+00
-3.326578600000001273e+01 3.253854942045288912e-01 0.000000000000000000e+00 2.593462462665801382e+00
-3.433226800000001333e+01 3.358171663324694411e-01 0.000000000000000000e+00 2.860033422594847607e+00
-3.335068000000001120e+01 3.262158751895144482e-01 0.000000000000000000e+00 2.888786684594573995e+00
-3.506974200000002639e+01 3.430306842079525187e-01 0.000000000000000000e+00 2.730257285437185377e+00
-3.435033600000002707e+01 3.359938964151222840e-01 0.000000000000000000e+00 3.059546074192224019e+00
-3.561067600000001931e+01 3.483217684745930631e-01 0.000000000000000000e+00 2.836914159880289610e+00
-3.416434800000000394e+01 3.341746759915880660e-01 0.000000000000000000e+00 1.953649859682738521e+00
-3.533137200000003730e+01 3.455897882329929671e-01 0.000000000000000000e+00 3.357119196966712682e+00
-3.323701000000001926e+01 3.251040250403484100e-01 0.000000000000000000e+00 2.498721393659427914e+00
-3.491290800000003003e+01 3.414966303125155922e-01 0.000000000000000000e+00 2.325965735943639423e+00
-3.574574200000001412e+01 3.496429011590944103e-01 0.000000000000000000e+00 3.262688957248842225e+00
-3.545084200000000862e+01 3.467583704210887574e-01 0.000000000000000000e+00 3.511261208882936469e+00
-3.401728000000002794e+01 3.327361471120460767e-01 0.000000000000000000e+00 3.276110726782813121e+00
-3.548877600000002985e+01 3.471294175184626574e-01 0.000000000000000000e+00 3.408704291441087442e+00
-3.553902400000003325e+01 3.476209126033162344e-01 0.000000000000000000e+00 2.932793226898448680e+00
-3.620153200000002158e+01 3.541011590942438891e-01 0.000000000000000000e+00 3.269197036585002270e+00
-3.536478000000001742e+01 3.459165647772290964e-01 0.000000000000000000e+00 2.998738824535704062e+00
-3.464325800000002431e+01 3.388590795715755166e-01 0.000000000000000000e+00 3.045828616691784507e+00
-3.581910800000001416e+01 3.503605223260137236e-01 0.000000000000000000e+00 2.707769009801316518e+00
-3.659370600000001161e+01 3.579371643761922184e-01 0.000000000000000000e+00 2.419882066490268713e+00
-3.671130800000000249e+01 3.590874749351983253e-01 0.000000000000000000e+00 2.800720104576281066e+00
-3.555931200000001979e+01 3.478193573629385082e-01 0.000000000000000000e+00 3.142736065794976330e+00
-3.540910999999999831e+01 3.463501736196019087e-01 0.000000000000000000e+00 2.912900243153833113e+00
-3.580626000000001596e+01 3.502348510783979685e-01 0.000000000000000000e+00 3.492155916370633495e+00
-3.609978600000001592e+01 3.531059421920087482e-01 0.000000000000000000e+00 2.588744756351887055e+00
-3.595603800000001371e+01 3.516998875140608938e-01 0.000000000000000000e+00 3.150473113958241811e+00
-3.623453000000002788e+01 3.544239252702110488e-01 0.000000000000000000e+00 2.817155339122688673e+00
-3.475549600000002926e+01 3.399569227759576262e-01 0.000000000000000000e+00 2.707192850105179627e+00
-3.680309400000002995e+01 3.599852692326505621e-01 0.000000000000000000e+00 2.412827175022962845e+00
-3.732862200000002417e+01 3.651256614662299893e-01 0.000000000000000000e+00 2.831810652218145652e+00
-3.744809400000001176e+01 3.662942632170979596e-01 0.000000000000000000e+00 2.581972082637454147e+00
-3.779157400000001843e+01 3.696539736880717908e-01 0.000000000000000000e+00 2.560383986456923999e+00
-3.743472200000003625e+01 3.661634665232066932e-01 0.000000000000000000e+00 3.099060064853812246e+00
-3.803127600000001252e+01 3.719985914804129212e-01 0.000000000000000000e+00 2.675392018593827359e+00
-3.875125200000002934e+01 3.790409546632760862e-01 0.000000000000000000e+00 2.807398233833115153e+00
-3.848939600000004191e+01 3.764796400449947900e-01 0.000000000000000000e+00 2.981407551927597321e+00
-3.755863800000001618e+01 3.673755367535581629e-01 0.000000000000000000e+00 2.575719491706259578e+00
-3.964625600000002237e+01 3.877953342788675317e-01 0.000000000000000000e+00 3.071352785367688298e+00
-3.917524800000001761e+01 3.831882232112291953e-01 0.000000000000000000e+00 3.548515743335942219e+00
-3.990112000000004855e+01 3.902882574460805887e-01 0.000000000000000000e+00 2.807880334438284109e+00
-3.979077000000000908e+01 3.892088814985084078e-01 0.000000000000000000e+00 2.921420594574502871e+00
-3.981290400000001739e+01 3.894253826967282728e-01 0.000000000000000000e+00 3.364234128760236864e+00
-4.029683200000003040e+01 3.941588692717761244e-01 0.000000000000000000e+00 2.865746636255215751e+00
-4.051433200000003154e+01 3.962863207316479897e-01 0.000000000000000000e+00 2.652160905614266984e+00
-3.968986000000001724e+01 3.882218418349882016e-01 0.000000000000000000e+00 2.411981189684932136e+00
-3.970438400000002588e+01 3.883639066855775757e-01 0.000000000000000000e+00 2.707477271763357063e+00
-4.010006999999998811e+01 3.922342641952363262e-01 0.000000000000000000e+00 3.090671291127217390e+00
-3.988475600000000298e+01 3.901281948452096082e-01 0.000000000000000000e+00 2.682446531057765426e+00
-4.019302800000001952e+01 3.931435222771068605e-01 0.000000000000000000e+00 3.258553290818959169e+00
-3.996654000000003748e+01 3.909281557196658263e-01 0.000000000000000000e+00 3.052211328121818390e+00
-4.062160600000001409e+01 3.973356091358146713e-01 0.000000000000000000e+00 3.115225094898092184e+00
-4.037784800000002861e+01 3.949513180417668079e-01 0.000000000000000000e+00 2.862934999931773916e+00
-4.095167000000000002e+01 4.005640925319117751e-01 0.000000000000000000e+00 3.063690971885402181e+00
-4.112723600000001056e+01 4.022813713503204380e-01 0.000000000000000000e+00 2.438729183946077850e+00
-4.209988800000001419e+01 4.117952560277792773e-01 0.000000000000000000e+00 3.423742874363309152e+00
-4.138120200000002313e+01 4.047655108328852558e-01 0.000000000000000000e+00 2.585175054697515851e+00
-4.199179600000004342e+01 4.107379664498463923e-01 0.000000000000000000e+00 2.667712265310651532e+00
-4.201000600000003260e+01 4.109160854893141313e-01 0.000000000000000000e+00 3.116535241494757358e+00
-4.134101800000001958e+01 4.043724556169611128e-01 0.000000000000000000e+00 3.556748806310037647e+00
-4.115436400000002948e+01 4.025467207903362654e-01 0.000000000000000000e+00 2.671860094683027320e+00
-4.039660800000002894e+01 3.951348168435470098e-01 0.000000000000000000e+00 2.982993050499664012e+00
-4.092704200000001435e+01 4.003231965569522544e-01 0.000000000000000000e+00 3.192625779687821463e+00
-4.175317000000002565e+01 4.084038734288651384e-01 0.000000000000000000e+00 2.571667219367956836e+00
-4.180888400000002747e+01 4.089488335697171184e-01 0.000000000000000000e+00 3.145314568287055579e+00
-4.075264600000003412e+01 3.986173619601900975e-01 0.000000000000000000e+00 3.405209304100309975e+00
-4.144515599999999722e+01 4.053910695945615039e-01 0.000000000000000000e+00 2.703210518538908591e+00
-4.174666600000000471e+01 4.083402552941752250e-01 0.000000000000000000e+00 2.897752135436756582e+00
-4.285018800000002415e+01 4.191342299603856292e-01 0.000000000000000000e+00 2.824468818472106069e+00
-4.386375400000002855e+01 4.290483102655648917e-01 0.000000000000000000e+00 3.373848951593070300e+00
-4.328499000000003605e+01 4.233871961656970329e-01 0.000000000000000000e+00 3.439613683661041588e+00
-4.211347400000001073e+01 4.119281459382795885e-01 0.000000000000000000e+00 2.900032840309351823e+00
-4.193378000000001293e+01 4.101704895583705435e-01 0.000000000000000000e+00 2.613256977316801954e+00
-4.366631800000001817e+01 4.271171125348463549e-01 0.000000000000000000e+00 2.497319755192099588e+00
-4.368177600000001348e+01 4.272683131999805983e-01 0.000000000000000000e+00 2.751125242885980260e+00
-4.236216600000001620e+01 4.143606983909621788e-01 0.000000000000000000e+00 2.489812807868547750e+00
-4.249355800000001437e+01 4.156458942632172415e-01 0.000000000000000000e+00 3.023267486275687421e+00
-4.252932200000001473e+01 4.159957157529223237e-01 0.000000000000000000e+00 2.352228794082992902e+00
-4.282918000000000802e+01 4.189287426028269201e-01 0.000000000000000000e+00 3.515794121079643286e+00
-4.152966600000002728e+01 4.062176945273147655e-01 0.000000000000000000e+00 3.027083520760635249e+00
-4.228828200000003790e+01 4.136380104660833945e-01 0.000000000000000000e+00 2.592722314728071797e+00
-4.216880200000002787e+01 4.124693304641270375e-01 0.000000000000000000e+00 2.704991593257161320e+00
-4.274648400000003079e+01 4.181198611043188129e-01 0.000000000000000000e+00 2.462056922296944617e+00
-4.463919800000004301e+01 4.366332273683184995e-01 0.000000000000000000e+00 3.558823567450117409e+00
-4.374059000000003294e+01 4.278435956375021831e-01 0.000000000000000000e+00 2.909232997377539043e+00
-4.419629200000002101e+01 4.323009928106814614e-01 0.000000000000000000e+00 3.540017344866484450e+00
-4.368925600000002873e+01 4.273414779674282737e-01 0.000000000000000000e+00 3.183054506853440380e+00
-4.329770600000002645e+01 4.235115762703577924e-01 0.000000000000000000e+00 2.948870073685645909e+00
-4.341604200000001867e+01 4.246690663667043730e-01 0.000000000000000000e+00 2.368512825014588152e+00
-4.321504400000004154e+01 4.227030273389743575e-01 0.000000000000000000e+00 3.315433280955701445e+00
-4.288111800000003626e+01 4.194367682300585431e-01 0.000000000000000000e+00 2.861153816150527884e+00
-4.488851600000005249e+01 4.390719029686511732e-01 0.000000000000000000e+00 3.203048107401333944e+00
-4.445598800000001205e+01 4.348411796351543956e-01 0.000000000000000000e+00 3.025658335417737099e+00
-4.427228400000002750e+01 4.330442998972957036e-01 0.000000000000000000e+00 2.649555554295280224e+00
-4.466700200000001786e+01 4.369051890252850789e-01 0.000000000000000000e+00 2.868619357280720372e+00
-4.276604400000002215e+01 4.183111850149168198e-01 0.000000000000000000e+00 2.394251194905637092e+00
-4.493885800000002462e+01 4.395643175037905470e-01 0.000000000000000000e+00 2.882780950737560577e+00
-4.442485000000003481e+01 4.345366068371891988e-01 0.000000000000000000e+00 3.032252178603630277e+00
-4.513037600000002669e+01 4.414376289920284302e-01 0.000000000000000000e+00 2.967139890793723644e+00
-4.445770600000000172e+01 4.348579840563407961e-01 0.000000000000000000e+00 3.157314594981122102e+00
-4.402955600000002079e+01 4.306700836308506863e-01 0.000000000000000000e+00 2.765935869247861056e+00
-4.569003000000002856e+01 4.469118208050083529e-01 0.000000000000000000e+00 3.424009801550093268e+00
-4.606848200000003146e+01 4.506136059079574596e-01 0.000000000000000000e+00 3.119858253202662635e+00
-4.650122000000003908e+01 4.548463833325185890e-01 0.000000000000000000e+00 2.878276218625841487e+00
-4.580350400000001088e+01 4.480217538025139112e-01 0.000000000000000000e+00 2.943662411540282964e+00
-4.491024200000002509e+01 4.392844133613735269e-01 0.000000000000000000e+00 2.619665602423563389e+00
-4.593165800000002719e+01 4.492752775468286663e-01 0.000000000000000000e+00 2.741688084034610728e+00
-4.595737600000003198e+01 4.495268352325527683e-01 0.000000000000000000e+00 2.584746909483566224e+00
-4.674218800000001295e+01 4.572033843595638691e-01 0.000000000000000000e+00 2.515399042394826257e+00
-4.659261800000003717e+01 4.557403824521938374e-01 0.000000000000000000e+00 2.546083938104701794e+00
-4.641751400000000416e+01 4.540276226341273258e-01 0.000000000000000000e+00 3.152698241798987500e+00
-4.609742600000003421e+01 4.508967183449898442e-01 0.000000000000000000e+00 2.833422633552444836e+00
-4.618764600000002218e+01 4.517791949919305883e-01 0.000000000000000000e+00 3.215868809180907117e+00
-4.671441800000002331e+01 4.569317552697219620e-01 0.000000000000000000e+00 2.518911230742281404e+00
-4.649231000000001757e+01 4.547592311830588319e-01 0.000000000000000000e+00 3.018686287865211870e+00
-4.518593200000001531e+01 4.419810436738887405e-01 0.000000000000000000e+00 2.920301765674572003e+00
-4.657495600000001446e+01 4.555676236122659928e-01 0.000000000000000000e+00 2.519499591903122671e+00
-4.735075200000002837e+01 4.631559837628994591e-01 0.000000000000000000e+00 2.790243489627760365e+00
-4.807993400000004414e+01 4.702883943854848647e-01 0.000000000000000000e+00 2.703675109143482302e+00
-4.700079200000002544e+01 4.597328899105005418e-01 0.000000000000000000e+00 2.619686841014753131e+00
-4.706828200000003193e+01 4.603930356531523715e-01 0.000000000000000000e+00 2.515782667797820782e+00
-4.753925400000004231e+01 4.649997945908939667e-01 0.000000000000000000e+00 2.322521785109252779e+00
-4.771398000000004913e+01 4.667088570450437790e-01 0.000000000000000000e+00 2.446544574032378794e+00
-4.797418200000003452e+01 4.692539932508439926e-01 0.000000000000000000e+00 2.607257135803443759e+00
-4.686615400000002296e+01 4.584159436592167292e-01 0.000000000000000000e+00 2.581899669882115056e+00
-4.734853800000001200e+01 4.631343277742457354e-01 0.000000000000000000e+00 2.896231271067818192e+00
-4.705186200000003538e+01 4.602324252946646266e-01 0.000000000000000000e+00 2.834058085800805760e+00
-4.858088200000004520e+01 4.751883601506338151e-01 0.000000000000000000e+00 2.716640811194307226e+00
-4.862777400000002359e+01 4.756470289039959054e-01 0.000000000000000000e+00 2.674091122349854022e+00
-4.824377200000002830e+01 4.718909571086225552e-01 0.000000000000000000e+00 3.233605904040012025e+00
-4.933339400000002684e+01 4.825489705091214332e-01 0.000000000000000000e+00 2.885231817439921631e+00
-4.814708200000000460e+01 4.709451948941165700e-01 0.000000000000000000e+00 2.531814324833142837e+00
-4.873872800000000893e+01 4.767323128087250783e-01 0.000000000000000000e+00 2.309405552009548224e+00
-4.979724600000004386e+01 4.870860859783835428e-01 0.000000000000000000e+00 2.693560692152131786e+00
-4.915230000000003230e+01 4.807776201887810630e-01 0.000000000000000000e+00 2.535904973604396595e+00
-4.869518000000005031e+01 4.763063530102220611e-01 0.000000000000000000e+00 2.408527353493260748e+00
-4.932913600000003385e+01 4.825073213674381245e-01 0.000000000000000000e+00 3.092700812275002598e+00
-4.984241000000002231e+01 4.875278524966989990e-01 0.000000000000000000e+00 2.519508646241335637e+00
-4.931313200000003150e+01 4.823507800655356115e-01 0.000000000000000000e+00 2.929250774580387517e+00
-4.892779600000003626e+01 4.785816599012083783e-01 0.000000000000000000e+00 3.035769753846242924e+00
-4.946033000000001323e+01 4.837905805252605829e-01 0.000000000000000000e+00 2.365461067128564743e+00
-4.936411400000000782e+01 4.828494546877293292e-01 0.000000000000000000e+00 2.769444719204792182e+00
-4.997565000000002300e+01 4.888311243703234998e-01 0.000000000000000000e+00 3.113411640748372289e+00
-4.894761200000002788e+01 4.787754878466281561e-01 0.000000000000000000e+00 2.807936581461752290e+00
-4.885786200000003987e+01 4.778976084511178946e-01 0.000000000000000000e+00 2.936205288655285628e+00
-4.985732600000002179e+01 4.876737516506091108e-01 0.000000000000000000e+00 3.323225241688251952e+00
-4.967444600000002453e+01 4.858849317748327179e-01 0.000000000000000000e+00 2.334615533568599854e+00
-4.825873000000004254e+01 4.720372670807457816e-01 0.000000000000000000e+00 2.512346611127621809e+00
-4.816911600000003801e+01 4.711607179537344314e-01 0.000000000000000000e+00 2.343387176101113134e+00
-4.977763200000003252e+01 4.868942338729401187e-01 0.000000000000000000e+00 2.794568662507812995e+00
-4.973237400000002850e+01 4.864515479043383106e-01 0.000000000000000000e+00 2.474152788967478589e+00
-5.005442200000003794e+01 4.896016237100800916e-01 0.000000000000000000e+00 2.795770960965468621e+00
-4.951252000000000209e+01 4.843010710617694503e-01 0.000000000000000000e+00 2.264400705161379701e+00
-4.953035600000004024e+01 4.844755318628653495e-01 0.000000000000000000e+00 2.468217258184537855e+00
-4.953973200000000787e+01 4.845672421382110628e-01 0.000000000000000000e+00 2.559874376687302000e+00
-4.989726600000002321e+01 4.880644202083437300e-01 0.000000000000000000e+00 3.219729242779914458e+00
-4.936212000000001865e+01 4.828299506040007461e-01 0.000000000000000000e+00 2.441138828456500764e+00
-4.830651800000002538e+01 4.725046999559839866e-01 0.000000000000000000e+00 2.760450467425031196e+00
-4.863362800000000874e+01 4.757042891377709082e-01 0.000000000000000000e+00 2.213702086846621953e+00
-4.880925800000002823e+01 4.774221939648851110e-01 0.000000000000000000e+00 2.499118105348526520e+00
-4.894066200000001743e+01 4.787075072137723653e-01 0.000000000000000000e+00 3.165334146906408019e+00
-4.895827200000002932e+01 4.788797574216269171e-01 0.000000000000000000e+00 3.035425674842147981e+00
-4.935728399999999993e+01 4.827826478211962868e-01 0.000000000000000000e+00 2.455821206136369117e+00
-4.837148800000002780e+01 4.731401966058593200e-01 0.000000000000000000e+00 2.308901754465472411e+00
-4.879401000000000010e+01 4.772730473908152748e-01 0.000000000000000000e+00 2.564218932548545826e+00
-4.897646400000004263e+01 4.790577003961465352e-01 0.000000000000000000e+00 3.085534328315949093e+00
-4.986611200000000110e+01 4.877596909082017040e-01 0.000000000000000000e+00 2.770537371690797279e+00
-4.915887800000002272e+01 4.808419621460363058e-01 0.000000000000000000e+00 2.089889880602914474e+00
-4.873668600000002726e+01 4.767123392184675068e-01 0.000000000000000000e+00 2.897532297098914356e+00
-4.806312000000001916e+01 4.701239301609039800e-01 0.000000000000000000e+00 2.541898580974385702e+00
-4.813628000000002061e+01 4.708395363623027463e-01 0.000000000000000000e+00 2.208740766714250459e+00
-4.904706800000003142e+01 4.797483053748719528e-01 0.000000000000000000e+00 2.987228584209650428e+00
-4.887078400000001466e+01 4.780240035212990901e-01 0.000000000000000000e+00 3.171338587936863185e+00
-4.852728200000002090e+01 4.746640778598329447e-01 0.000000000000000000e+00 2.746856761897095822e+00
-4.988903000000003374e+01 4.879838607130633776e-01 0.000000000000000000e+00 2.422074035081120513e+00
-4.787769600000002157e+01 4.683102264390866520e-01 0.000000000000000000e+00 2.393785809592424929e+00
-4.855736200000001901e+01 4.749583019513867188e-01 0.000000000000000000e+00 2.928571777628683925e+00
-4.806453200000002113e+01 4.701377414779676633e-01 0.000000000000000000e+00 2.326153741016367960e+00
-4.898335600000003609e+01 4.791251137086128820e-01 0.000000000000000000e+00 3.081383203191893294e+00
-4.808697200000003846e+01 4.703572357803104675e-01 0.000000000000000000e+00 3.043709970390501063e+00
-4.872503600000003843e+01 4.765983860713066678e-01 0.000000000000000000e+00 3.028362885849031905e+00
-4.919915000000001726e+01 4.812358781239303163e-01 0.000000000000000000e+00 2.650984573091228036e+00
-4.899462800000002005e+01 4.792353694918571883e-01 0.000000000000000000e+00 2.490416898776814936e+00
-4.938856800000002067e+01 4.830886487015211839e-01 0.000000000000000000e+00 2.896734852316003472e+00
-4.873844800000001243e+01 4.767295740206388688e-01 0.000000000000000000e+00 2.477588517065525853e+00
-4.866200600000003362e+01 4.759818653103147779e-01 0.000000000000000000e+00 3.074120557621629057e+00
-4.920442800000003558e+01 4.812875042793567371e-01 0.000000000000000000e+00 2.335945506666876614e+00
-4.985266800000002263e+01 4.876281899545167886e-01 0.000000000000000000e+00 3.135977015894437336e+00
-5.027356000000003178e+01 4.917450970802565990e-01 0.000000000000000000e+00 2.456637234641342538e+00
-4.973734199999999817e+01 4.865001418300973213e-01 0.000000000000000000e+00 2.338163261236900770e+00
-5.060612000000005395e+01 4.949979948158659271e-01 0.000000000000000000e+00 2.998056108530824826e+00
-4.968183000000000504e+01 4.859571575292219170e-01 0.000000000000000000e+00 2.058128657594592514e+00
-4.950081600000005722e+01 4.841865897197638602e-01 0.000000000000000000e+00 2.205267755186349987e+00
-4.959887200000001428e+01 4.851457133075758321e-01 0.000000000000000000e+00 2.472307683202113360e+00
-4.839956000000003655e+01 4.734147796742801950e-01 0.000000000000000000e+00 2.774409870894560370e+00
-4.974558200000003438e+01 4.865807404509222556e-01 0.000000000000000000e+00 2.182154467047776158e+00
-4.981192000000004327e+01 4.872296180368762553e-01 0.000000000000000000e+00 2.196078398813980037e+00
-5.002009800000002571e+01 4.892658874162471583e-01 0.000000000000000000e+00 2.196816451690992267e+00
-4.973286400000003482e+01 4.864563407834893716e-01 0.000000000000000000e+00 2.566701222259317738e+00
-5.000172600000001921e+01 4.890861837922435562e-01 0.000000000000000000e+00 2.481129696861997136e+00
-5.108136000000002497e+01 4.996465007091507315e-01 0.000000000000000000e+00 3.084863349919533704e+00
-5.121672200000002562e+01 5.009705286839147842e-01 0.000000000000000000e+00 3.015072988565914880e+00
-5.001639200000003171e+01 4.892296375996481594e-01 0.000000000000000000e+00 2.299691256206960688e+00
-5.144599800000001011e+01 5.032131657455862772e-01 0.000000000000000000e+00 2.368932854661556231e+00
-5.134983400000000842e+01 5.022725485401282608e-01 0.000000000000000000e+00 2.379770917088916526e+00
-5.005046600000004275e+01 4.895629285469755287e-01 0.000000000000000000e+00 2.412312021303474108e+00
-5.035314000000003176e+01 4.925234997799191050e-01 0.000000000000000000e+00 2.398818239269183472e+00
-5.109102000000003585e+01 4.997409888981272363e-01 0.000000000000000000e+00 3.134831742492310003e+00
-5.140780600000002920e+01 5.028395950506189260e-01 0.000000000000000000e+00 2.694984450164843448e+00
-5.191534600000003508e+01 5.078040397124276017e-01 0.000000000000000000e+00 2.488435931450382554e+00
-5.172549400000001896e+01 5.059470240133028263e-01 0.000000000000000000e+00 3.207010875302275910e+00
-5.158234600000002956e+01 5.045468381669685476e-01 0.000000000000000000e+00 2.665434766492754015e+00
-5.132192200000002202e+01 5.019995304934711244e-01 0.000000000000000000e+00 2.508708424570521789e+00
-5.155052200000002216e+01 5.042355553381916433e-01 0.000000000000000000e+00 2.465396680421700903e+00
-5.172349600000003988e+01 5.059274808040302718e-01 0.000000000000000000e+00 2.796960234887044372e+00
-5.166252400000005451e+01 5.053310901354727269e-01 0.000000000000000000e+00 2.629727830258554278e+00
-5.213232200000000915e+01 5.099263657260234561e-01 0.000000000000000000e+00 2.627661477035227122e+00
-5.094628000000003709e+01 4.983252310852451239e-01 0.000000000000000000e+00 2.293520852093980711e+00
-5.099332600000003879e+01 4.987854061720549681e-01 0.000000000000000000e+00 2.766959616714579795e+00
-5.272585200000001038e+01 5.157319117718981438e-01 0.000000000000000000e+00 3.063613331434209108e+00
-5.198401800000001316e+01 5.084757470533576296e-01 0.000000000000000000e+00 2.715811757671556581e+00
-5.178508600000002815e+01 5.065299163691497908e-01 0.000000000000000000e+00 2.716575782864237620e+00
-5.215950200000002468e+01 5.101922237981124653e-01 0.000000000000000000e+00 2.823736189139230301e+00
-5.149209200000004927e+01 5.036640289529030756e-01 0.000000000000000000e+00 2.711792691701125246e+00
-5.179096400000003086e+01 5.065874113561894543e-01 0.000000000000000000e+00 2.247458778872553964e+00
-5.247348800000002456e+01 5.132634420697415045e-01 0.000000000000000000e+00 2.869457354580048580e+00
-5.217232800000002868e+01 5.103176798552357951e-01 0.000000000000000000e+00 2.472196134143228807e+00
-5.289046200000000653e+01 5.173420257250452847e-01 0.000000000000000000e+00 2.786579852597992346e+00
-5.207856800000003972e+01 5.094005771017756645e-01 0.000000000000000000e+00 2.753495996327929518e+00
-5.274804600000000931e+01 5.159489998532793553e-01 0.000000000000000000e+00 2.899104259274829065e+00
-5.215155000000003582e+01 5.101144422164624048e-01 0.000000000000000000e+00 2.289066325894344889e+00
-5.277292200000000122e+01 5.161923216119724822e-01 0.000000000000000000e+00 2.618252972922628263e+00
-5.308495000000004893e+01 5.192443879297701237e-01 0.000000000000000000e+00 2.550757129567690740e+00
-5.267174000000002820e+01 5.152026214114542313e-01 0.000000000000000000e+00 2.283352313037684933e+00
-5.267616000000001009e+01 5.152458551376730700e-01 0.000000000000000000e+00 2.400195271854001611e+00
-5.352015200000003858e+01 5.235012666894902633e-01 0.000000000000000000e+00 2.565822133567927654e+00
-5.272532000000004615e+01 5.157267080745345789e-01 0.000000000000000000e+00 2.510079200327987703e+00
-5.295147400000002591e+01 5.179388076490440973e-01 0.000000000000000000e+00 3.045897626121423674e+00
-5.337028000000006500e+01 5.220353108035414857e-01 0.000000000000000000e+00 2.749863811944588399e+00
-5.327325600000003192e+01 5.210862816061039293e-01 0.000000000000000000e+00 2.485625885057662465e+00
-5.255854200000003118e+01 5.140953880764908002e-01 0.000000000000000000e+00 2.798242143628710377e+00
-5.330185800000005258e+01 5.213660488091167444e-01 0.000000000000000000e+00 3.001835392400233893e+00
-5.310308200000001477e+01 5.194217440211279513e-01 0.000000000000000000e+00 2.617277484251854691e+00
-5.362832400000002053e+01 5.245593387783050732e-01 0.000000000000000000e+00 2.381597796367095565e+00
-5.350645800000001628e+01 5.233673203892993397e-01 0.000000000000000000e+00 2.671371685531346074e+00
-5.330639000000002170e+01 5.214103780505700003e-01 0.000000000000000000e+00 2.490339481685258427e+00
-5.348174600000004375e+01 5.231256027779140894e-01 0.000000000000000000e+00 2.796805850959918960e+00
-5.370498200000003663e+01 5.253091602680103334e-01 0.000000000000000000e+00 2.540094867566639270e+00
-5.363920200000001159e+01 5.246657406954566838e-01 0.000000000000000000e+00 2.552209927323234595e+00
-5.264602000000004978e+01 5.149510441629583379e-01 0.000000000000000000e+00 2.887525155638379193e+00
-5.412513000000002705e+01 5.294187900425493254e-01 0.000000000000000000e+00 2.554604688843779225e+00
-5.371248400000003187e+01 5.253825402259503230e-01 0.000000000000000000e+00 2.549870074120038410e+00
-5.339129000000002634e+01 5.222408177238717641e-01 0.000000000000000000e+00 2.748280468885329064e+00
-5.449537600000004289e+01 5.330403090917987807e-01 0.000000000000000000e+00 2.727248188011890395e+00
-5.349610200000001470e+01 5.232660243556513935e-01 0.000000000000000000e+00 2.497211701885998281e+00
-5.360420000000002005e+01 5.243233726219007629e-01 0.000000000000000000e+00 2.938934310668451122e+00
-5.462087600000002396e+01 5.342678730376096974e-01 0.000000000000000000e+00 2.765989424343447745e+00
-5.432922600000007662e+01 5.314151318041774319e-01 0.000000000000000000e+00 2.950594998603131902e+00
-5.483661200000000235e+01 5.363780701325377986e-01 0.000000000000000000e+00 2.971334911622428354e+00
-5.402072600000002467e+01 5.283975742162666522e-01 0.000000000000000000e+00 2.704183128198295982e+00
-5.363518000000003383e+01 5.246263999608747897e-01 0.000000000000000000e+00 2.299356219870810847e+00
-5.379873400000001027e+01 5.262261847703820772e-01 0.000000000000000000e+00 2.817376277699777276e+00
-5.389675600000003897e+01 5.271849757910699319e-01 0.000000000000000000e+00 2.872921307670059488e+00
-5.433607800000001475e+01 5.314821538612022334e-01 0.000000000000000000e+00 3.124057681394955210e+00
-5.460311600000002130e+01 5.340941556218518071e-01 0.000000000000000000e+00 2.776255741455321946e+00
-5.393025200000001718e+01 5.275126130972760397e-01 0.000000000000000000e+00 2.737490116046175981e+00
-5.376124200000001707e+01 5.258594610456303053e-01 0.000000000000000000e+00 2.953203361706051133e+00
-5.427464400000003053e+01 5.308812441923023151e-01 0.000000000000000000e+00 2.547613459822879456e+00
-5.486537600000006165e+01 5.366594219200866434e-01 0.000000000000000000e+00 3.363042140895410093e+00
-5.382122000000003936e+01 5.264461290164820229e-01 0.000000000000000000e+00 2.574909820525445703e+00
-5.299206000000004479e+01 5.183357949821494337e-01 0.000000000000000000e+00 2.873273966271320479e+00
-5.475967400000003238e+01 5.356255098547467730e-01 0.000000000000000000e+00 2.366968412117836706e+00
-5.430970400000003906e+01 5.312241795862477911e-01 0.000000000000000000e+00 2.998334019233502179e+00
-5.437816000000003669e+01 5.318937741477971493e-01 0.000000000000000000e+00 2.540370962014497191e+00
-5.388927400000005719e+01 5.271117914608505206e-01 0.000000000000000000e+00 2.821359974476812305e+00
-5.355395800000003703e+01 5.238319362253635036e-01 0.000000000000000000e+00 2.354389429489719188e+00
-5.366786200000001372e+01 5.249460752188586099e-01 0.000000000000000000e+00 2.333105095451167621e+00
-5.409586200000004652e+01 5.291325084364458808e-01 0.000000000000000000e+00 2.486340963915537383e+00
-5.445814199999999516e+01 5.326761089646402381e-01 0.000000000000000000e+00 2.791028898336506803e+00
-5.389493600000002260e+01 5.271671736685090703e-01 0.000000000000000000e+00 2.518276215926483541e+00
-5.459912600000004801e+01 5.340551278916226829e-01 0.000000000000000000e+00 3.276828401157176884e+00
-5.412216400000001926e+01 5.293897784516067295e-01 0.000000000000000000e+00 2.465304276895816660e+00
-5.418100400000001571e+01 5.299653152051647664e-01 0.000000000000000000e+00 2.677602573836935562e+00
-5.311865400000003490e+01 5.195740597642689584e-01 0.000000000000000000e+00 2.125088442956640566e+00
-5.342856400000003703e+01 5.226054091064707974e-01 0.000000000000000000e+00 3.277482333617644183e+00
-5.473237200000002645e+01 5.353584584535631130e-01 0.000000000000000000e+00 2.264620489804956893e+00
-5.427799000000002394e+01 5.309139727099332351e-01 0.000000000000000000e+00 2.419270360224046179e+00
-5.371889000000002312e+01 5.254451997848097466e-01 0.000000000000000000e+00 2.461676793130727514e+00
-5.338381000000002530e+01 5.221676529564241998e-01 0.000000000000000000e+00 2.951653631287198820e+00
-5.439591000000002907e+01 5.320673937496945838e-01 0.000000000000000000e+00 2.579956430667273093e+00
-5.415444399999999803e+01 5.297055215924095783e-01 0.000000000000000000e+00 3.152503514438880661e+00
-5.295722800000002906e+01 5.179950897442170410e-01 0.000000000000000000e+00 2.595993403210245631e+00
-5.350884400000003893e+01 5.233906587763489382e-01 0.000000000000000000e+00 2.241207388270073597e+00
-5.418886200000002873e+01 5.300421773365289191e-01 0.000000000000000000e+00 2.804766393008425673e+00
-5.530881000000002246e+01 5.409968210495429419e-01 0.000000000000000000e+00 2.591082502906591145e+00
-5.422857200000001399e+01 5.304305961754781640e-01 0.000000000000000000e+00 2.870122237501040452e+00
-5.417959000000002590e+01 5.299514843253291252e-01 0.000000000000000000e+00 2.306347119813213720e+00
-5.689636600000001465e+01 5.565253191177190750e-01 0.000000000000000000e+00 2.863423750934915191e+00
-5.541502000000001971e+01 5.420357020589819941e-01 0.000000000000000000e+00 2.375519503926531328e+00
-5.668009600000006287e+01 5.544098987626553399e-01 0.000000000000000000e+00 2.218555527971050711e+00
-5.639153800000001127e+01 5.515874015748032377e-01 0.000000000000000000e+00 2.816563399892166419e+00
-5.611976800000004317e+01 5.489291142954960678e-01 0.000000000000000000e+00 2.305206234419836520e+00
-5.587959600000002780e+01 5.465798992517242327e-01 0.000000000000000000e+00 2.135935184765491268e+00
-5.681758800000005039e+01 5.557547610896469426e-01 0.000000000000000000e+00 2.632394152093442408e+00
-5.687277200000005450e+01 5.562945370959070379e-01 0.000000000000000000e+00 2.810424557886533670e+00
-5.563067600000001534e+01 5.441451166430284481e-01 0.000000000000000000e+00 2.556757765953125094e+00
-5.496544800000002340e+01 5.376382647821198457e-01 0.000000000000000000e+00 2.480981360267738633e+00
-5.732791600000003029e+01 5.607464762556857441e-01 0.000000000000000000e+00 2.653826417893052625e+00
-5.655296200000002216e+01 5.531663520320831973e-01 0.000000000000000000e+00 2.630408108858295346e+00
-5.668843200000002014e+01 5.544914363965376403e-01 0.000000000000000000e+00 2.307225154621275642e+00
-5.707600400000003305e+01 5.582824277400111335e-01 0.000000000000000000e+00 2.278745829782583332e+00
-5.756422000000002015e+01 5.630578568983226617e-01 0.000000000000000000e+00 2.365213468060536339e+00
-5.685122000000005471e+01 5.560837286643522948e-01 0.000000000000000000e+00 2.563171425158191408e+00
-5.786893000000001308e+01 5.660383430332079913e-01 0.000000000000000000e+00 2.645985310567194659e+00
-5.769224200000003577e+01 5.643100894996824213e-01 0.000000000000000000e+00 2.557540995027936415e+00
-5.736422600000005900e+01 5.611016383821593179e-01 0.000000000000000000e+00 3.239077960541963730e+00
-5.698839600000003713e+01 5.574255000733607801e-01 0.000000000000000000e+00 2.168142398875594790e+00
-5.811464600000006442e+01 5.684417860810883072e-01 0.000000000000000000e+00 2.868060259408787172e+00
-5.793558600000001491e+01 5.666903310999169552e-01 0.000000000000000000e+00 2.647310069761112494e+00
-5.737334000000004863e+01 5.611907859343673310e-01 0.000000000000000000e+00 2.403599519491757874e+00
-5.781907800000001174e+01 5.655507213772192898e-01 0.000000000000000000e+00 2.042829612120788951e+00
-5.690513000000002108e+01 5.566110431848194651e-01 0.000000000000000000e+00 2.135981941317941946e+00
-5.753683400000001313e+01 5.627899838607132166e-01 0.000000000000000000e+00 2.758922230506658746e+00
-5.726272800000003826e+01 5.601088472636576165e-01 0.000000000000000000e+00 2.861966548664174326e+00
-5.765243999999999858e+01 5.639207707732185604e-01 0.000000000000000000e+00 2.741482434042139094e+00
-5.781695400000000262e+01 5.655299457133076135e-01 0.000000000000000000e+00 2.836636975218322476e+00
-5.742803200000002306e+01 5.617257494987042410e-01 0.000000000000000000e+00 2.960095751347830095e+00
-5.713815599999998796e+01 5.588903604440748074e-01 0.000000000000000000e+00 2.087999283172599974e+00
-5.708343600000002738e+01 5.583551230009294875e-01 0.000000000000000000e+00 2.488374368596266262e+00
-5.716843200000003122e+01 5.591865016872894500e-01 0.000000000000000000e+00 2.296627896707551741e+00
-5.813553800000001814e+01 5.686461387978678506e-01 0.000000000000000000e+00 2.564326367714838462e+00
-5.788483600000003548e+01 5.661939257592804031e-01 0.000000000000000000e+00 2.293595751966414742e+00
-5.763336400000005000e+01 5.637341810534557407e-01 0.000000000000000000e+00 2.308994292835621298e+00
-5.819925400000001048e+01 5.692693695896710038e-01 0.000000000000000000e+00 1.917826391455080826e+00
-5.796731400000000889e+01 5.670006749156356607e-01 0.000000000000000000e+00 2.285644280011987384e+00
-5.761994200000001598e+01 5.636028952902627509e-01 0.000000000000000000e+00 2.298238862724536702e+00
-5.719371000000004557e+01 5.594337555631637704e-01 0.000000000000000000e+00 2.407835624507301375e+00
-5.743249199999999632e+01 5.617693744803637923e-01 0.000000000000000000e+00 2.356325747304497842e+00
-5.806142600000003284e+01 5.679212207169759274e-01 0.000000000000000000e+00 2.147806044636661138e+00
-5.968557000000004109e+01 5.838076001369397749e-01 0.000000000000000000e+00 2.196748893366068600e+00
-5.848176000000002261e+01 5.720326698293149992e-01 0.000000000000000000e+00 1.923721726027940226e+00
-5.932510600000006917e+01 5.802817626057619194e-01 0.000000000000000000e+00 2.295349293364627119e+00
-5.876482600000006329e+01 5.748014476451319688e-01 0.000000000000000000e+00 2.218725007365056623e+00
-5.962752200000002745e+01 5.832398102411114893e-01 0.000000000000000000e+00 2.561432003667109214e+00
-5.863530600000003545e+01 5.735345625275104497e-01 0.000000000000000000e+00 2.357017680850617580e+00
-5.938647600000003024e+01 5.808820462659561867e-01 0.000000000000000000e+00 2.428078872095210450e+00
-5.907021400000004974e+01 5.777885655597403414e-01 0.000000000000000000e+00 2.551574517783483653e+00
-5.889082600000001122e+01 5.760339022839537915e-01 0.000000000000000000e+00 2.650023659380565277e+00
-6.016914600000001201e+01 5.885376436641073239e-01 0.000000000000000000e+00 2.590308300336451985e+00
-5.920571000000001050e+01 5.791139042402309034e-01 0.000000000000000000e+00 2.264507507163532996e+00
-6.047680000000003986e+01 5.915469261994428241e-01 0.000000000000000000e+00 2.514521829596066294e+00
-5.974737400000002907e+01 5.844121289186681167e-01 0.000000000000000000e+00 2.302929786103174337e+00
-5.775739800000005175e+01 5.649474054873581119e-01 0.000000000000000000e+00 2.636312280132950825e+00
-6.078971800000004322e+01 5.946076979508000404e-01 0.000000000000000000e+00 2.200496179142376718e+00
-6.044386000000003634e+01 5.912247273438649975e-01 0.000000000000000000e+00 2.506699916204368161e+00
-6.016493000000003377e+01 5.884964053406370743e-01 0.000000000000000000e+00 2.399213718906653803e+00
-6.037052400000004582e+01 5.905073996185263852e-01 0.000000000000000000e+00 2.278554198295422051e+00
-6.038681800000004074e+01 5.906667775223752859e-01 0.000000000000000000e+00 2.595309731905078188e+00
-6.111107400000003054e+01 5.977510050374140738e-01 0.000000000000000000e+00 2.959953928068284501e+00
-6.037429800000001023e+01 5.905443145693746176e-01 0.000000000000000000e+00 2.012496500479045380e+00
-6.074040800000005191e+01 5.941253778060355817e-01 0.000000000000000000e+00 2.290207018637874903e+00
-6.046717800000005383e+01 5.914528097031355180e-01 0.000000000000000000e+00 2.567158593534804023e+00
-6.053355400000007336e+01 5.921020589817583835e-01 0.000000000000000000e+00 2.246698322923275981e+00
-6.012416800000004002e+01 5.880976964835921139e-01 0.000000000000000000e+00 1.951236605924302259e+00
-6.065751400000000615e+01 5.933145595930944260e-01 0.000000000000000000e+00 2.817258320683174944e+00
-6.044356600000000412e+01 5.912218516163740833e-01 0.000000000000000000e+00 2.440850866391397034e+00
-6.043428200000004580e+01 5.911310412285425420e-01 0.000000000000000000e+00 2.147140080321079836e+00
-6.042910400000005211e+01 5.910803932117185688e-01 0.000000000000000000e+00 2.327319858728560398e+00
-6.076205200000005391e+01 5.943370861251044968e-01 0.000000000000000000e+00 2.253576813566030790e+00
-6.045434800000003150e+01 5.913273145204678283e-01 0.000000000000000000e+00 2.568123970798508182e+00
-6.100029800000005054e+01 5.966674622193970379e-01 0.000000000000000000e+00 2.386790175151133564e+00
-6.064125600000004113e+01 5.931555338191425442e-01 0.000000000000000000e+00 2.299815813280301935e+00
-6.155608400000001978e+01 6.021038196312419322e-01 0.000000000000000000e+00 2.598491334971743338e+00
-6.112362200000003298e+01 5.978737418692231520e-01 0.000000000000000000e+00 2.488092815166840222e+00
-6.074187400000004544e+01 5.941397173179443492e-01 0.000000000000000000e+00 2.271224225333424496e+00
-6.144041400000000408e+01 6.009724067100308265e-01 0.000000000000000000e+00 2.532683331963164974e+00
-6.125339000000001732e+01 5.991430527705777775e-01 0.000000000000000000e+00 1.863607853659729363e+00
-6.274459400000004194e+01 6.137290947327240787e-01 0.000000000000000000e+00 2.403681620702085464e+00
-6.214297600000002575e+01 6.078444368366999750e-01 0.000000000000000000e+00 2.477053925803266221e+00
-6.207625400000000582e+01 6.071918031985132913e-01 0.000000000000000000e+00 2.436075338413876246e+00
-6.191414200000002666e+01 6.056061231476502771e-01 0.000000000000000000e+00 2.701954323503449995e+00
-6.258179600000003973e+01 6.121367046510494125e-01 0.000000000000000000e+00 2.313075550213165688e+00
-6.225429800000001990e+01 6.089333202914855026e-01 0.000000000000000000e+00 2.453558612267973338e+00
-6.248868600000001550e+01 6.112259597985035819e-01 0.000000000000000000e+00 2.145091752270892105e+00
-6.340588200000005514e+01 6.201974079327046141e-01 0.000000000000000000e+00 2.146812483301838714e+00
-6.345919800000002908e+01 6.207189123098746375e-01 0.000000000000000000e+00 1.958227052485709052e+00
-6.455024000000004492e+01 6.313908152785253636e-01 0.000000000000000000e+00 2.607731606379208866e+00
-6.322887000000002189e+01 6.184659852301073180e-01 0.000000000000000000e+00 2.462878013174378822e+00
-6.364817400000005421e+01 6.225673595148437656e-01 0.000000000000000000e+00 2.531407985053361287e+00
-6.356471600000003974e+01 6.217510246001862750e-01 0.000000000000000000e+00 2.685596279470738423e+00
-6.347856200000004634e+01 6.209083190688124976e-01 0.000000000000000000e+00 2.526559496359114476e+00
-6.301177200000002188e+01 6.163424658874164797e-01 0.000000000000000000e+00 2.129390111958127552e+00
-6.402394000000001029e+01 6.262428718149363194e-01 0.000000000000000000e+00 2.473614721312708653e+00
-6.249636400000003533e+01 6.113010612803837507e-01 0.000000000000000000e+00 2.746058133880362018e+00
-6.192506200000005379e+01 6.057129358830151133e-01 0.000000000000000000e+00 2.391522554069315465e+00
-6.312544800000001288e+01 6.174543747248986136e-01 0.000000000000000000e+00 2.612455152714674878e+00
-6.373364800000003783e+01 6.234034137037222090e-01 0.000000000000000000e+00 2.129584061085235458e+00
-6.308346000000005915e+01 6.170436738885906047e-01 0.000000000000000000e+00 2.217395786306836314e+00
-6.326426000000004990e+01 6.188121484814402828e-01 0.000000000000000000e+00 2.363600794456533372e+00
-6.654206400000002475e+01 6.508736147112048620e-01 0.000000000000000000e+00 2.231428714203008923e+00
-6.747883600000002957e+01 6.600365432581799530e-01 0.000000000000000000e+00 2.153155490428789065e+00
-6.728159400000002677e+01 6.581072431163498271e-01 0.000000000000000000e+00 1.844348297362469191e+00
-6.711365200000001607e+01 6.564645375849759157e-01 0.000000000000000000e+00 2.128942075137059575e+00
-6.749694600000003675e+01 6.602136841590456884e-01 0.000000000000000000e+00 2.197952164966013200e+00
-6.737507200000003138e+01 6.590215875189517902e-01 0.000000000000000000e+00 2.696390686184295671e+00
-6.734145400000006987e+01 6.586927568836511426e-01 0.000000000000000000e+00 2.153547238058523217e+00
-6.715022600000001773e+01 6.568222819973591475e-01 0.000000000000000000e+00 1.950208065492272880e+00
-6.769304800000001876e+01 6.621318335208100647e-01 0.000000000000000000e+00 2.303874117653990972e+00
-6.811948200000004761e+01 6.663029490878862315e-01 0.000000000000000000e+00 2.673375143796826947e+00
-6.778348600000008162e+01 6.630164425099044356e-01 0.000000000000000000e+00 2.005331262542249249e+00
-6.726403400000002364e+01 6.579354819777964991e-01 0.000000000000000000e+00 2.021771528431379750e+00
-6.808674800000009952e+01 6.659827651978295071e-01 0.000000000000000000e+00 1.966099324971280593e+00
-6.774911400000003425e+01 6.626802367095421253e-01 0.000000000000000000e+00 2.204153778069438463e+00
-6.791265000000005614e+01 6.642798454541013475e-01 0.000000000000000000e+00 2.219995554709354835e+00
-6.602710600000003183e+01 6.458366117278822038e-01 0.000000000000000000e+00 2.478417430450245096e+00
-6.833527600000002167e+01 6.684137135032036658e-01 0.000000000000000000e+00 2.269096175832077122e+00
-6.867875200000001712e+01 6.717733848486332482e-01 0.000000000000000000e+00 1.911298873841418722e+00
-6.911226000000002045e+01 6.760136939404315370e-01 0.000000000000000000e+00 2.713167483800347668e+00
-6.855195600000003253e+01 6.705331442265372033e-01 0.000000000000000000e+00 2.455917021198831485e+00
-6.912344000000003064e+01 6.761230498361621155e-01 0.000000000000000000e+00 2.806228085217348234e+00
-6.755794000000003052e+01 6.608102900180958805e-01 0.000000000000000000e+00 1.983172761821904828e+00
-6.780286200000003305e+01 6.632059666454740432e-01 0.000000000000000000e+00 2.005574695479446223e+00
-6.746130200000006027e+01 6.598650364356635212e-01 0.000000000000000000e+00 2.258435407018037466e+00
-6.852515000000008172e+01 6.702709443928213107e-01 0.000000000000000000e+00 1.978746199368466074e+00
-6.709620000000003870e+01 6.562938328361133111e-01 0.000000000000000000e+00 1.782154935504040694e+00
-6.777794800000005182e+01 6.629622731941121616e-01 0.000000000000000000e+00 2.275712968110934931e+00
-6.795494000000003609e+01 6.646935002689884353e-01 0.000000000000000000e+00 2.192857658191909032e+00
-6.832626000000004751e+01 6.683255245268259204e-01 0.000000000000000000e+00 2.302243049504091754e+00
-6.904881800000003977e+01 6.753931432483987196e-01 0.000000000000000000e+00 2.277494513864485981e+00
-6.875993600000002459e+01 6.725674768914757795e-01 0.000000000000000000e+00 2.236689632882136181e+00
-6.700923000000005914e+01 6.554431456937453992e-01 0.000000000000000000e+00 1.630502679971406854e+00
-6.839896800000006749e+01 6.690367095417427690e-01 0.000000000000000000e+00 2.054213928788402921e+00
-6.807670000000004507e+01 6.658844818310759583e-01 0.000000000000000000e+00 1.992194395508367855e+00
-6.840987200000002133e+01 6.691433657749304986e-01 0.000000000000000000e+00 2.109817484665917231e+00
-6.753616800000000353e+01 6.605973296816158857e-01 0.000000000000000000e+00 2.072173420791402432e+00
-6.899571400000003507e+01 6.748737125250651170e-01 0.000000000000000000e+00 2.145948808497283089e+00
-6.905915800000003912e+01 6.754942827798703364e-01 0.000000000000000000e+00 2.182229487565412018e+00
-6.818305000000003702e+01 6.669247322345579487e-01 0.000000000000000000e+00 1.942406802439081037e+00
-6.806545200000003604e+01 6.657744608010959242e-01 0.000000000000000000e+00 1.890059492114820383e+00
-6.823266800000007493e+01 6.674100650462178042e-01 0.000000000000000000e+00 2.528962082340333151e+00
-6.778433200000002046e+01 6.630247175624788269e-01 0.000000000000000000e+00 2.088422041642004512e+00
-6.712844200000004946e+01 6.566092042842475163e-01 0.000000000000000000e+00 2.244008775851147774e+00
-6.995632800000004181e+01 6.842698488775863508e-01 0.000000000000000000e+00 2.229849310036601029e+00
-6.903017200000002163e+01 6.752107595246248373e-01 0.000000000000000000e+00 1.959359940640273523e+00
-6.930345200000004979e+01 6.778838166968264023e-01 0.000000000000000000e+00 1.746647659535722541e+00
-6.907764200000001154e+01 6.756750819191080781e-01 0.000000000000000000e+00 2.105132128542581249e+00
-7.073605000000003429e+01 6.918966107497436235e-01 0.000000000000000000e+00 2.217185834190118943e+00
-7.023948000000002878e+01 6.870394678926006193e-01 0.000000000000000000e+00 2.004629979610081048e+00
-6.998234800000004441e+01 6.845243605418892541e-01 0.000000000000000000e+00 1.917383656696190819e+00
-7.027526400000003548e+01 6.873894850100262799e-01 0.000000000000000000e+00 2.063365767773663428e+00
-7.020375600000002692e+01 6.866900376583364718e-01 0.000000000000000000e+00 1.937041886267706570e+00
-7.044530800000002557e+01 6.890527510148191093e-01 0.000000000000000000e+00 1.763088096464538124e+00
-7.089583800000002611e+01 6.934595588594906213e-01 0.000000000000000000e+00 2.051561888705256909e+00
-7.068780600000002323e+01 6.914247175624788078e-01 0.000000000000000000e+00 2.046093264154936531e+00
-7.019424800000004439e+01 6.865970362400356519e-01 0.000000000000000000e+00 1.962800727700758197e+00
-7.031406400000003032e+01 6.877690027876953716e-01 0.000000000000000000e+00 2.073795325490016772e+00
-6.854786200000002339e+01 6.704930992321613825e-01 0.000000000000000000e+00 2.430223127752393353e+00
-7.130541000000002327e+01 6.974657406954567485e-01 0.000000000000000000e+00 2.208023238308213898e+00
-6.976342200000001981e+01 6.823829608255491674e-01 0.000000000000000000e+00 2.123071927564424755e+00
-7.168067599999997697e+01 7.011363623025380631e-01 0.000000000000000000e+00 2.532543877594905180e+00
-7.061123600000006206e+01 6.906757568347441367e-01 0.000000000000000000e+00 1.890090826181683781e+00
-7.070278800000004082e+01 6.915712622878665838e-01 0.000000000000000000e+00 2.079249273577540080e+00
-6.961049600000006876e+01 6.808871325866882041e-01 0.000000000000000000e+00 2.273676512705421260e+00
-6.997381400000003282e+01 6.844408861935739052e-01 0.000000000000000000e+00 2.054814241107595585e+00
-7.129730600000002028e+01 6.973864723431312251e-01 0.000000000000000000e+00 1.952831445390269982e+00
-6.994916600000004792e+01 6.841997945908939727e-01 0.000000000000000000e+00 2.106536930231294402e+00
-7.189965800000003071e+01 7.032783097764956359e-01 0.000000000000000000e+00 2.047552742216320443e+00
-7.226900000000006230e+01 7.068909864527809228e-01 0.000000000000000000e+00 1.883376270038851885e+00
-7.287393000000004406e+01 7.128080402993108855e-01 0.000000000000000000e+00 2.322585125099472680e+00
-7.334639400000006049e+01 7.174293930649978668e-01 0.000000000000000000e+00 2.240605342349619278e+00
-7.178391000000003430e+01 7.021461339071749519e-01 0.000000000000000000e+00 2.243997280715506637e+00
-7.317281200000005015e+01 7.157315205164577199e-01 0.000000000000000000e+00 1.729813871886134002e+00
-7.332131400000005783e+01 7.171840759035561508e-01 0.000000000000000000e+00 1.905729076583913217e+00
-7.297817800000004240e+01 7.138277302293739579e-01 0.000000000000000000e+00 1.704329780269989270e+00
-7.410478200000004279e+01 7.248474788477531350e-01 0.000000000000000000e+00 1.916603767103875144e+00
-7.348573800000004042e+01 7.187923705189028789e-01 0.000000000000000000e+00 2.013833618095024036e+00
-7.425128000000000839e+01 7.262804323372622495e-01 0.000000000000000000e+00 2.100889765135840026e+00
-7.468423200000003703e+01 7.305153029784323682e-01 0.000000000000000000e+00 2.252413446217862880e+00
-7.331400000000004979e+01 7.171125348461881988e-01 0.000000000000000000e+00 1.886428146610209744e+00
-7.407419600000002902e+01 7.245483053748719149e-01 0.000000000000000000e+00 2.307413667444811800e+00
-7.331010000000001980e+01 7.170743874407005114e-01 0.000000000000000000e+00 1.608104702732223501e+00
-7.443188400000002503e+01 7.280469897784518363e-01 0.000000000000000000e+00 2.279103339753765667e+00
-7.336048800000007475e+01 7.175672519195976928e-01 0.000000000000000000e+00 1.806280976010927519e+00
-7.462353000000000236e+01 7.299215532841003551e-01 0.000000000000000000e+00 1.658231681337049901e+00
-7.474955200000006528e+01 7.311542231134158243e-01 0.000000000000000000e+00 2.090713999178174465e+00
-7.489553400000004046e+01 7.325821294077374812e-01 0.000000000000000000e+00 2.383562870583497251e+00
-7.377752800000006062e+01 7.216464811463790818e-01 0.000000000000000000e+00 1.784936289957733901e+00
-7.490701400000006061e+01 7.326944197192748476e-01 0.000000000000000000e+00 2.097673344928670858e+00
-7.490490000000006887e+01 7.326737418692235160e-01 0.000000000000000000e+00 1.604016046041808030e+00
-7.366416000000005226e+01 7.205375849757915674e-01 0.000000000000000000e+00 1.562534467983463626e+00
-7.485215800000001707e+01 7.321578520076296170e-01 0.000000000000000000e+00 1.921578185835483010e+00
-7.376585600000002785e+01 7.215323128087253179e-01 0.000000000000000000e+00 1.673600331730272117e+00
-7.502007800000004067e+01 7.338003423485112142e-01 0.000000000000000000e+00 2.028878933296848430e+00
-7.431002000000005125e+01 7.268549909522183938e-01 0.000000000000000000e+00 1.808087340676647559e+00
-7.390520600000002105e+01 7.228953489509465369e-01 0.000000000000000000e+00 2.082781824980399765e+00
-7.462809600000007038e+01 7.299662150926793380e-01 0.000000000000000000e+00 2.116193942054432231e+00
-7.424680200000007346e+01 7.262366312906546328e-01 0.000000000000000000e+00 2.136036627101508767e+00
-7.448822000000006938e+01 7.285980339414102058e-01 0.000000000000000000e+00 1.968899746589757749e+00
-7.496325800000005302e+01 7.332445639947186011e-01 0.000000000000000000e+00 1.840018849990182392e+00
-7.419717000000005669e+01 7.257511615395907389e-01 0.000000000000000000e+00 1.865742163349751737e+00
-7.382001000000006741e+01 7.220620139873826782e-01 0.000000000000000000e+00 1.921055702477208360e+00
-7.494164400000002502e+01 7.330331491172301650e-01 0.000000000000000000e+00 2.177483876957090114e+00
-7.421176400000003071e+01 7.258939110872013600e-01 0.000000000000000000e+00 1.806817441629834153e+00
-7.428113400000003708e+01 7.265724458355752313e-01 0.000000000000000000e+00 2.053173916884230898e+00
-7.483056400000000963e+01 7.319466327578618703e-01 0.000000000000000000e+00 2.067890090348520449e+00
-7.454552400000002876e+01 7.291585464860373955e-01 0.000000000000000000e+00 1.923843457538880086e+00
-7.434256000000003439e+01 7.271732772533870959e-01 0.000000000000000000e+00 2.106668183543758399e+00
-7.439747800000004929e+01 7.277104514109654643e-01 0.000000000000000000e+00 1.874494161185675800e+00
-7.441382400000003372e+01 7.278703379468873802e-01 0.000000000000000000e+00 1.936472891005707408e+00
-7.439862000000003661e+01 7.277216217538028387e-01 0.000000000000000000e+00 2.051754517283177037e+00
-7.408120600000000877e+01 7.246168728908887191e-01 0.000000000000000000e+00 1.856280765827140522e+00
-7.404876799999999548e+01 7.242995842910939785e-01 0.000000000000000000e+00 1.718306805948720761e+00
-7.392041000000006079e+01 7.230440651440315225e-01 0.000000000000000000e+00 1.875826343403370622e+00
-7.481705600000000800e+01 7.318145057954712485e-01 0.000000000000000000e+00 2.154753080340381377e+00
-7.491585400000002437e+01 7.327808871717125250e-01 0.000000000000000000e+00 1.673783808941509355e+00
-7.403646400000002359e+01 7.241792341174746461e-01 0.000000000000000000e+00 1.899448548337600240e+00
-7.363809800000002781e+01 7.202826624932755495e-01 0.000000000000000000e+00 1.667080588235832161e+00
-7.439716400000006047e+01 7.277073800557545269e-01 0.000000000000000000e+00 2.116056791237280077e+00
-7.426678400000007230e+01 7.264320829461541340e-01 0.000000000000000000e+00 1.904063504305537835e+00
-7.472897600000004559e+01 7.309529613146187321e-01 0.000000000000000000e+00 1.883556294290568367e+00
-7.365932400000002644e+01 7.204902821929870527e-01 0.000000000000000000e+00 1.831895551426820479e+00
-7.499780399999998792e+01 7.335824717562478003e-01 0.000000000000000000e+00 2.004413247776671625e+00
-7.376175800000002880e+01 7.214922286888054703e-01 0.000000000000000000e+00 2.302693076526446170e+00
-7.419935400000002801e+01 7.257725240866633731e-01 0.000000000000000000e+00 1.618006494063704448e+00
-7.444223000000000923e+01 7.281481879982394378e-01 0.000000000000000000e+00 2.294494536247295269e+00
-7.474070600000004561e+01 7.310676969726614960e-01 0.000000000000000000e+00 1.822520508084306323e+00
-7.420277400000001933e+01 7.258059764268598446e-01 0.000000000000000000e+00 2.312502874194009905e+00
-7.405649000000003923e+01 7.243751161539594419e-01 0.000000000000000000e+00 1.976286418610379014e+00
-7.489874800000002608e+01 7.326135667824132947e-01 0.000000000000000000e+00 1.970092679278174552e+00
-7.369517600000006041e+01 7.208409644446623910e-01 0.000000000000000000e+00 1.808581318738222921e+00
-7.393115200000006837e+01 7.231491367926842218e-01 0.000000000000000000e+00 1.783973708897180543e+00
-7.419492200000003379e+01 7.257291729838121208e-01 0.000000000000000000e+00 2.035853152985552139e+00
-7.433337800000002460e+01 7.270834645669294050e-01 0.000000000000000000e+00 1.908766193468778738e+00
-7.393816800000001876e+01 7.232177629970168997e-01 0.000000000000000000e+00 1.883043829659894586e+00
-7.522339800000000309e+01 7.357890937545850107e-01 0.000000000000000000e+00 1.865707492852202609e+00
-7.495210200000006751e+01 7.331354428522528499e-01 0.000000000000000000e+00 1.913955485691367642e+00
-7.490903200000005313e+01 7.327141585562679804e-01 0.000000000000000000e+00 1.771782632703999161e+00
-7.466393800000001590e+01 7.303167995304936655e-01 0.000000000000000000e+00 1.908747711674920078e+00
-7.503284400000005405e+01 7.339252115224732531e-01 0.000000000000000000e+00 2.166907570491769519e+00
-7.534969200000003298e+01 7.370244241208983027e-01 0.000000000000000000e+00 2.338429114852079493e+00
-7.491579600000005712e+01 7.327803198513235250e-01 0.000000000000000000e+00 2.384734748815067196e+00
-7.523401200000002120e+01 7.358929133858269633e-01 0.000000000000000000e+00 2.294305215104686990e+00
-7.483562000000006265e+01 7.319960874455916366e-01 0.000000000000000000e+00 1.764871572973769620e+00
-7.501137600000002692e+01 7.337152247273441841e-01 0.000000000000000000e+00 2.274575248843288211e+00
-7.427549000000001911e+01 7.265172396928646359e-01 0.000000000000000000e+00 2.262953128841455275e+00
-7.507924800000002108e+01 7.343791069594564069e-01 0.000000000000000000e+00 1.794466790868895600e+00
-7.522544200000004366e+01 7.358090869076152618e-01 0.000000000000000000e+00 2.094405003677727972e+00
-7.520434600000007208e+01 7.356027387880870183e-01 0.000000000000000000e+00 1.692437851471937815e+00
-7.540009600000004752e+01 7.375174451019713695e-01 0.000000000000000000e+00 1.996156676201403135e+00
-7.513719600000003140e+01 7.349459187166824670e-01 0.000000000000000000e+00 1.866551839104568344e+00
-7.523788000000003251e+01 7.359307477869617697e-01 0.000000000000000000e+00 2.003677940209156016e+00
-7.510127600000005543e+01 7.345945713307581171e-01 0.000000000000000000e+00 1.891094298944130170e+00
-7.515951800000001981e+01 7.351642588154743141e-01 0.000000000000000000e+00 1.790563139473278609e+00
-7.542283600000004640e+01 7.377398738201207395e-01 0.000000000000000000e+00 2.131975153906050746e+00
-7.482105000000005646e+01 7.318535726512452877e-01 0.000000000000000000e+00 2.018810831362929825e+00
-7.515706800000003796e+01 7.351402944197196199e-01 0.000000000000000000e+00 1.901950574556701357e+00
-7.482992600000005723e+01 7.319403922335800949e-01 0.000000000000000000e+00 1.650406405206752192e+00
-7.488563800000002857e+01 7.324853328116597284e-01 0.000000000000000000e+00 1.769853303216130991e+00
-7.501059600000000671e+01 7.337075952462465134e-01 0.000000000000000000e+00 1.736394804052175278e+00
-7.529292800000004604e+01 7.364691935247229537e-01 0.000000000000000000e+00 1.915648349358514135e+00
-7.479854000000005954e+01 7.316333936518810699e-01 0.000000000000000000e+00 2.022875242337154766e+00
-7.515527800000002401e+01 7.351227857387394593e-01 0.000000000000000000e+00 1.937478116322422617e+00
-7.552549600000004659e+01 7.387440309091802826e-01 0.000000000000000000e+00 1.580607911048367953e+00
-7.545356400000007113e+01 7.380404362498172999e-01 0.000000000000000000e+00 2.048488818988082549e+00
-7.528782800000003306e+01 7.364193084560085589e-01 0.000000000000000000e+00 1.839176981068686878e+00
-7.559282800000001146e+01 7.394026311928401096e-01 0.000000000000000000e+00 1.953271234098213238e+00
-7.438949600000003670e+01 7.276323763877344808e-01 0.000000000000000000e+00 1.877381038150774506e+00
-7.530512800000003892e+01 7.365885264341961447e-01 0.000000000000000000e+00 1.930346409592398116e+00
-7.597545000000003768e+01 7.431452046755029350e-01 0.000000000000000000e+00 1.900916303318539669e+00
-7.569710600000001932e+01 7.404226145644839940e-01 0.000000000000000000e+00 1.858433583806046174e+00
-7.630245200000005923e+01 7.463437374675997438e-01 0.000000000000000000e+00 1.694315290473209057e+00
-7.576877600000004520e+01 7.411236465007096097e-01 0.000000000000000000e+00 2.149725450787057124e+00
-7.627733600000003378e+01 7.460980681762608979e-01 0.000000000000000000e+00 1.953278206664452510e+00
-7.615984000000000265e+01 7.449487944441727238e-01 0.000000000000000000e+00 1.949300233935296056e+00
-7.656986200000001475e+01 7.489593779038491439e-01 0.000000000000000000e+00 1.940099609792021340e+00
-7.627597200000005273e+01 7.460847263657265360e-01 0.000000000000000000e+00 1.868414962457578543e+00
-7.660839200000000915e+01 7.493362547072921487e-01 0.000000000000000000e+00 1.762232106135553034e+00
-7.616244400000005044e+01 7.449742651733756160e-01 0.000000000000000000e+00 1.712479579665613594e+00
-7.677446600000004651e+01 7.509606886095764322e-01 0.000000000000000000e+00 1.883308036098270355e+00
-7.670756400000004760e+01 7.503062943219058756e-01 0.000000000000000000e+00 1.703081368158813724e+00
-7.706530400000006864e+01 7.538054873575592563e-01 0.000000000000000000e+00 2.294513366329920423e+00
-7.643544000000001404e+01 7.476445444319461675e-01 0.000000000000000000e+00 1.590965185989405395e+00
-7.608903799999998796e+01 7.442562527510147019e-01 0.000000000000000000e+00 1.744333370207714395e+00
-7.703220400000003565e+01 7.534817234802174690e-01 0.000000000000000000e+00 1.934705361637133469e+00
-7.698519600000001617e+01 7.530219200860763795e-01 0.000000000000000000e+00 1.801177735015384362e+00
-7.690626400000006413e+01 7.522498557245568263e-01 0.000000000000000000e+00 1.823952179924272166e+00
-7.710372400000004234e+01 7.541812882085395797e-01 0.000000000000000000e+00 2.403876451854757068e+00
-7.666164000000001977e+01 7.498570939502129384e-01 0.000000000000000000e+00 2.210380484638037046e+00
-7.756486000000008119e+01 7.586918374333651016e-01 0.000000000000000000e+00 2.203678026767197373e+00
-7.744838200000003781e+01 7.575525211522476932e-01 0.000000000000000000e+00 1.809233055012398506e+00
-7.748412000000004696e+01 7.579020883259162122e-01 0.000000000000000000e+00 2.319028354002310444e+00
-7.788462400000007335e+01 7.618195725534315788e-01 0.000000000000000000e+00 2.081054464318169650e+00
-7.656128600000002393e+01 7.488754927373211245e-01 0.000000000000000000e+00 1.636778245966350465e+00
-7.770838800000004198e+01 7.600957402063877044e-01 0.000000000000000000e+00 1.815054095266428469e+00
-7.786113400000004958e+01 7.615898077957651280e-01 0.000000000000000000e+00 1.832315373599007868e+00
-7.747258800000008705e+01 7.577892893823062748e-01 0.000000000000000000e+00 1.869945344163185030e+00
-7.709729600000004268e+01 7.541184134591876198e-01 0.000000000000000000e+00 1.858403769607919864e+00
-7.754340400000003797e+01 7.584819680148681131e-01 0.000000000000000000e+00 1.885960872796997201e+00
-7.744960200000002715e+01 7.575644544431948679e-01 0.000000000000000000e+00 2.032049834649979569e+00
-7.754923200000000350e+01 7.585389739326062752e-01 0.000000000000000000e+00 1.971493383347207473e+00
-7.765196600000001581e+01 7.595438548442315918e-01 0.000000000000000000e+00 1.812534164371569112e+00
-7.740428400000004672e+01 7.571211815914319354e-01 0.000000000000000000e+00 2.203701951868879405e+00
-7.757773600000001579e+01 7.588177825597889337e-01 0.000000000000000000e+00 1.448743574603018835e+00
-7.770677600000003338e+01 7.600799726121194588e-01 0.000000000000000000e+00 1.909607220977152187e+00
-7.726523800000003916e+01 7.557611189905613092e-01 0.000000000000000000e+00 1.919055418677521052e+00
-7.805519400000002861e+01 7.634879835672717663e-01 0.000000000000000000e+00 2.236344644199637077e+00
-7.702802600000001121e+01 7.534408568494156411e-01 0.000000000000000000e+00 1.804281496471404012e+00
-7.759630000000007044e+01 7.589993642099092108e-01 0.000000000000000000e+00 1.687315715219970924e+00
-7.771809800000001189e+01 7.601907174646648224e-01 0.000000000000000000e+00 1.515834946771760450e+00
-7.752106000000003405e+01 7.582634127255835077e-01 0.000000000000000000e+00 1.673523137973697894e+00
-7.690687600000006796e+01 7.522558419328025936e-01 0.000000000000000000e+00 2.070311968641197709e+00
-7.682772000000004198e+01 7.514815865408132067e-01 0.000000000000000000e+00 1.964359391503982977e+00
-7.776490400000002978e+01 7.606485450188295028e-01 0.000000000000000000e+00 1.667974904609802689e+00
-7.764259800000002087e+01 7.594522228199738212e-01 0.000000000000000000e+00 1.851032052065478384e+00
-7.809034600000005355e+01 7.638318188487314142e-01 0.000000000000000000e+00 1.995505295034089688e+00
-7.796423000000001480e+01 7.625982295691301482e-01 0.000000000000000000e+00 2.002875962386854614e+00
-7.784234400000003973e+01 7.614060155524041695e-01 0.000000000000000000e+00 1.706872832026777864e+00
-7.862338000000009686e+01 7.690456301657954130e-01 0.000000000000000000e+00 1.988580523840556280e+00
-7.777412600000002385e+01 7.607387489607280173e-01 0.000000000000000000e+00 2.289806682265002280e+00
-7.803969200000005912e+01 7.633363525211528389e-01 0.000000000000000000e+00 1.855132402456068474e+00
-7.769335000000009472e+01 7.599486477233833304e-01 0.000000000000000000e+00 1.799634869897084766e+00
-7.811735000000007290e+01 7.640959553968804663e-01 0.000000000000000000e+00 2.203444641643596658e+00
-7.769477200000005723e+01 7.599625568543068033e-01 0.000000000000000000e+00 1.950560579152939900e+00
-7.775715200000004756e+01 7.605727197143840046e-01 0.000000000000000000e+00 1.827511059231139212e+00
-7.797881600000005164e+01 7.627409008656531597e-01 0.000000000000000000e+00 1.664246385867407474e+00
-7.754760600000004445e+01 7.585230693989342132e-01 0.000000000000000000e+00 1.782745296073083408e+00
-7.729437400000007585e+01 7.560461094537103133e-01 0.000000000000000000e+00 2.101804911831252287e+00
-7.757427000000005535e+01 7.587838802758356538e-01 0.000000000000000000e+00 1.685306429919280591e+00
-7.840022600000011721e+01 7.668628747493531073e-01 0.000000000000000000e+00 1.737053791705014838e+00
-7.770543000000003531e+01 7.600668068665333843e-01 0.000000000000000000e+00 1.885936714422856930e+00
-7.723968600000000606e+01 7.555111850149166530e-01 0.000000000000000000e+00 1.747901978218054486e+00
-7.786367600000002653e+01 7.616146720790338831e-01 0.000000000000000000e+00 2.144852249161071978e+00
-7.831972600000007390e+01 7.660754731745496038e-01 0.000000000000000000e+00 1.913346284964082100e+00
-7.761668400000009171e+01 7.591987479825900165e-01 0.000000000000000000e+00 1.915349766128918718e+00
-7.838989999999998304e+01 7.667618721572845297e-01 0.000000000000000000e+00 1.936501593236127361e+00
-7.816340800000004663e+01 7.645464664742999128e-01 0.000000000000000000e+00 2.110543533788431514e+00
-7.738831800000006922e+01 7.569650119821985657e-01 0.000000000000000000e+00 2.569393139071378229e+00
-7.743165800000004140e+01 7.573889372524090779e-01 0.000000000000000000e+00 1.719683021131416911e+00
-7.892295200000003774e+01 7.719758595392970379e-01 0.000000000000000000e+00 2.183420198525536371e+00
-7.768747200000008490e+01 7.598911527363435559e-01 0.000000000000000000e+00 2.012538865831118962e+00
-7.844308800000007409e+01 7.672821245170448057e-01 0.000000000000000000e+00 1.492977889873968067e+00
-7.832074600000002818e+01 7.660854501882919942e-01 0.000000000000000000e+00 1.997299129426556963e+00
-7.794630600000000697e+01 7.624229080060644925e-01 0.000000000000000000e+00 1.863595475994040518e+00
-7.752619400000001804e+01 7.583136303614224083e-01 0.000000000000000000e+00 2.062287093134486771e+00
-7.757895600000007619e+01 7.588297158507367746e-01 0.000000000000000000e+00 1.742644904823432483e+00
-7.830535800000006930e+01 7.659349342201796640e-01 0.000000000000000000e+00 1.594987843731896726e+00
-7.829070800000002350e+01 7.657916369149511127e-01 0.000000000000000000e+00 1.586095098329685094e+00
-7.758822800000005770e+01 7.589204088619363464e-01 0.000000000000000000e+00 1.675570282178940218e+00
-7.782757800000007364e+01 7.612615836063977293e-01 0.000000000000000000e+00 1.603659266536216377e+00
-7.837204400000003091e+01 7.665872157284689958e-01 0.000000000000000000e+00 1.758668409625346207e+00
-7.827413600000002702e+01 7.656295397857879603e-01 0.000000000000000000e+00 1.725479426131774741e+00
-7.792402800000002117e+01 7.622049982882576069e-01 0.000000000000000000e+00 1.792256997945001373e+00
-7.831809200000004978e+01 7.660594903897887109e-01 0.000000000000000000e+00 2.058629945193764854e+00
-7.805875200000002678e+01 7.635227857387394401e-01 0.000000000000000000e+00 1.809721534496454121e+00
-7.800805400000005818e+01 7.630268890301761253e-01 0.000000000000000000e+00 2.005012503118273948e+00
-7.789387400000003936e+01 7.619100503741383923e-01 0.000000000000000000e+00 1.629225464280062541e+00
-7.769537800000004779e+01 7.599684843742362528e-01 0.000000000000000000e+00 2.095641129909817657e+00
-7.785995000000004040e+01 7.615782266347145280e-01 0.000000000000000000e+00 2.058084691521403276e+00
-7.786802000000004398e+01 7.616571624199153234e-01 0.000000000000000000e+00 1.676384114634225542e+00
-7.786454400000006615e+01 7.616231623221016989e-01 0.000000000000000000e+00 1.777234794394956019e+00
-7.771280799999999545e+01 7.601389739326062100e-01 0.000000000000000000e+00 1.584643800123133994e+00
-7.787609200000002829e+01 7.617361177678879658e-01 0.000000000000000000e+00 1.918623886570051784e+00
-7.759145400000005566e+01 7.589519636132445735e-01 0.000000000000000000e+00 1.709510294545065534e+00
-7.725715600000003747e+01 7.556820658287283221e-01 0.000000000000000000e+00 1.641024628818189779e+00
-7.808101000000006309e+01 7.637404998288264135e-01 0.000000000000000000e+00 1.952842836828795114e+00
-7.842824600000005830e+01 7.671369491857001899e-01 0.000000000000000000e+00 1.944284824263828648e+00
-7.822433200000001818e+01 7.651423876363282472e-01 0.000000000000000000e+00 1.781296444732364481e+00
-7.753715400000005786e+01 7.584208343522282902e-01 0.000000000000000000e+00 1.809297876844924824e+00
-7.742900000000001626e+01 7.573629383283613237e-01 0.000000000000000000e+00 1.772307774762850840e+00
-7.784830800000003137e+01 7.614643517386416871e-01 0.000000000000000000e+00 1.838080657800908124e+00
-7.798624600000002260e+01 7.628135765637993337e-01 0.000000000000000000e+00 1.940100735457108483e+00
-7.797556400000001986e+01 7.627090917983080365e-01 0.000000000000000000e+00 1.856805832199180273e+00
-7.810328800000004890e+01 7.639584095466331881e-01 0.000000000000000000e+00 1.795100586544983168e+00
-7.777542000000003952e+01 7.607514060742410766e-01 0.000000000000000000e+00 1.729496581977168157e+00
-7.779168000000002792e+01 7.609104514109652495e-01 0.000000000000000000e+00 1.786780867675414886e+00
-7.791289400000002274e+01 7.620960923362842809e-01 0.000000000000000000e+00 1.562994640692130455e+00
-7.829242200000005880e+01 7.658084022105938748e-01 0.000000000000000000e+00 1.634513404228310263e+00
-7.796148000000007983e+01 7.625713307575691102e-01 0.000000000000000000e+00 1.607656763206258832e+00
-7.777430200000000582e+01 7.607404704846677523e-01 0.000000000000000000e+00 1.780373255268897115e+00
-7.825585600000002273e+01 7.654507360492983636e-01 0.000000000000000000e+00 2.199231106055573814e+00
-7.787890400000004831e+01 7.617636230253831409e-01 0.000000000000000000e+00 1.714052722803325324e+00
-7.810796600000006151e+01 7.640041668704461442e-01 0.000000000000000000e+00 1.897802577263154378e+00
-7.843550800000002710e+01 7.672079816109945716e-01 0.000000000000000000e+00 2.082767238952188737e+00
-7.827527400000006708e+01 7.656406710030817520e-01 0.000000000000000000e+00 1.905609174988937893e+00
-7.791189200000009407e+01 7.620862913874905109e-01 0.000000000000000000e+00 1.494726526095707442e+00
-7.797546000000004085e+01 7.627080745341618950e-01 0.000000000000000000e+00 1.942307180295193003e+00
-7.745159400000008532e+01 7.575839389641521038e-01 0.000000000000000000e+00 1.976374765601162764e+00
-7.819583400000000495e+01 7.648636376974617956e-01 0.000000000000000000e+00 2.092479092842706834e+00
-7.820662800000002335e+01 7.649692179781877321e-01 0.000000000000000000e+00 2.094913318043774009e+00
-7.766753000000004192e+01 7.596960923362844342e-01 0.000000000000000000e+00 1.835970433153578885e+00
-7.834351600000003657e+01 7.663081723480220653e-01 0.000000000000000000e+00 1.665697377581176086e+00
-7.765939600000001519e+01 7.596165305423779879e-01 0.000000000000000000e+00 1.751281522801245938e+00
-7.727039600000001940e+01 7.558115713796647039e-01 0.000000000000000000e+00 1.635728322007717006e+00
-7.811167600000004541e+01 7.640404558125890588e-01 0.000000000000000000e+00 2.246985930697278366e+00
-7.843412200000005896e+01 7.671944246099677844e-01 0.000000000000000000e+00 2.361046489412623739e+00
-7.763142400000000976e+01 7.593429256125594495e-01 0.000000000000000000e+00 1.696169360059319287e+00
-7.796546000000007837e+01 7.626102606739382228e-01 0.000000000000000000e+00 2.044457633148061060e+00
-7.787383800000006318e+01 7.617140705237938070e-01 0.000000000000000000e+00 1.903130144372739530e+00
-7.805396200000005535e+01 7.634759328996923999e-01 0.000000000000000000e+00 1.931168178772379562e+00
-7.796015400000004547e+01 7.625583606397030589e-01 0.000000000000000000e+00 1.892030625001464017e+00
-7.890367000000003372e+01 7.717872548540131161e-01 0.000000000000000000e+00 2.002274607625894820e+00
-7.794540600000003394e+01 7.624141047586446840e-01 0.000000000000000000e+00 2.169194151809945126e+00
-7.806029600000000812e+01 7.635378881987578970e-01 0.000000000000000000e+00 2.148659208230833784e+00
-7.803394400000006215e+01 7.632801291142961020e-01 0.000000000000000000e+00 1.733537505243208487e+00
-7.813861200000005169e+01 7.643039272264885442e-01 0.000000000000000000e+00 1.876834458900723090e+00
-7.804470400000003849e+01 7.633853768278968666e-01 0.000000000000000000e+00 1.865701915299309732e+00
-7.758910199999999691e+01 7.589289577933192588e-01 0.000000000000000000e+00 1.462925574857353306e+00
-7.793056200000003741e+01 7.622689098645282213e-01 0.000000000000000000e+00 1.620043206730217955e+00
-7.851785800000004656e+01 7.680134787499393045e-01 0.000000000000000000e+00 1.943885408622263666e+00
-7.805344600000003652e+01 7.634708857045047203e-01 0.000000000000000000e+00 1.621599280634255402e+00
-7.796895000000004927e+01 7.626443977111561079e-01 0.000000000000000000e+00 1.752578216326859284e+00
-7.781198399999999538e+01 7.611090526727637418e-01 0.000000000000000000e+00 1.751665402687893280e+00
-7.880064000000004398e+01 7.707794786521254826e-01 0.000000000000000000e+00 2.245469325220241341e+00
-7.759060000000006596e+01 7.589436103095814623e-01 0.000000000000000000e+00 1.836569045637528097e+00
-7.866176200000006702e+01 7.694210593241068707e-01 0.000000000000000000e+00 1.861277507345289628e+00
-7.768660200000003613e+01 7.598826429305035601e-01 0.000000000000000000e+00 1.361093424530068985e+00
-7.790719000000005678e+01 7.620402993104128386e-01 0.000000000000000000e+00 2.018339025165260203e+00
-7.821277800000004277e+01 7.650293735022256625e-01 0.000000000000000000e+00 2.097947252015260666e+00
-7.832194600000002538e+01 7.660971878515188127e-01 0.000000000000000000e+00 2.257944999169990030e+00
-7.831083400000007089e+01 7.659884970900383561e-01 0.000000000000000000e+00 1.918087491722686444e+00
-7.728879600000000494e+01 7.559915488824766605e-01 0.000000000000000000e+00 1.801914534006156865e+00
-7.798867400000004579e+01 7.628373257690619358e-01 0.000000000000000000e+00 1.827143818382818363e+00
-7.787214600000004339e+01 7.616975204186438031e-01 0.000000000000000000e+00 1.820060282019762887e+00
-7.805264600000000996e+01 7.634630605956864713e-01 0.000000000000000000e+00 1.613857146583859814e+00
-7.779675200000002633e+01 7.609600626008707902e-01 0.000000000000000000e+00 1.565952558879938783e+00
-7.829462000000003741e+01 7.658299016970708806e-01 0.000000000000000000e+00 2.394322137681122342e+00
-7.795363600000007409e+01 7.624946055656093291e-01 0.000000000000000000e+00 2.185378104701584778e+00
-7.773281000000004326e+01 7.603346212158267337e-01 0.000000000000000000e+00 1.865096268076241071e+00
-7.789921400000005747e+01 7.619622829754981730e-01 0.000000000000000000e+00 1.680241766215008870e+00
-7.837450000000004025e+01 7.666112388125401189e-01 0.000000000000000000e+00 1.624367380324606813e+00
-7.735958200000007423e+01 7.566839340734589081e-01 0.000000000000000000e+00 1.647514080832516825e+00
-7.785065200000003927e+01 7.614872793074782820e-01 0.000000000000000000e+00 1.704250264170509954e+00
-7.861258600000003582e+01 7.689400498850690324e-01 0.000000000000000000e+00 1.990992357869550311e+00
-7.789382000000004780e+01 7.619095221792933081e-01 0.000000000000000000e+00 2.059770363880204957e+00
-7.812819000000000358e+01 7.642019856213625451e-01 0.000000000000000000e+00 2.152239921922077137e+00
-7.792464600000003827e+01 7.622110431848196921e-01 0.000000000000000000e+00 1.587095913379738654e+00
-7.798583600000003457e+01 7.628095661955301976e-01 0.000000000000000000e+00 1.486864571792779977e+00
-7.778849400000008529e+01 7.608792879150984012e-01 0.000000000000000000e+00 1.960368767093053188e+00
-7.780725800000007553e+01 7.610628258424225745e-01 0.000000000000000000e+00 1.802222556755066707e+00
-7.799407800000008706e+01 7.628901843791273674e-01 0.000000000000000000e+00 1.633042160786135177e+00
-7.832630200000002674e+01 7.661397955690324446e-01 0.000000000000000000e+00 1.752772044619607561e+00
-7.817409200000004432e+01 7.646509708025631680e-01 0.000000000000000000e+00 2.063134354222166955e+00
-7.703787200000003565e+01 7.535371643761924476e-01 0.000000000000000000e+00 1.715928572957193365e+00
-7.884192600000002926e+01 7.711833129554460653e-01 0.000000000000000000e+00 1.802757453257860520e+00
-7.717664200000002950e+01 7.548945273145207802e-01 0.000000000000000000e+00 1.633962222600279679e+00
-7.788424000000004810e+01 7.618158165011986727e-01 0.000000000000000000e+00 1.910279934851159211e+00
-7.764214200000003530e+01 7.594477625079477656e-01 0.000000000000000000e+00 1.831493509734058778e+00
-7.813742000000002008e+01 7.642922678143494464e-01 0.000000000000000000e+00 1.923002792141982109e+00
-7.836174600000002499e+01 7.664864870152102716e-01 0.000000000000000000e+00 1.949901087956033452e+00
-7.852499200000004009e+01 7.680832591578230506e-01 0.000000000000000000e+00 1.664813973633102684e+00
-7.779654599999997799e+01 7.609580476353496881e-01 0.000000000000000000e+00 2.020393982151786005e+00
-7.777080600000003585e+01 7.607062747591337715e-01 0.000000000000000000e+00 1.700331248643967008e+00
-7.813112000000008095e+01 7.642306450824090103e-01 0.000000000000000000e+00 1.697492132589137892e+00
-7.864921200000003410e+01 7.692983029295255015e-01 0.000000000000000000e+00 1.895355026004895915e+00
-7.789039600000005237e+01 7.618760307135525878e-01 0.000000000000000000e+00 1.826270975718421452e+00
-7.763758000000004245e+01 7.594031398249135867e-01 0.000000000000000000e+00 1.692531816152024193e+00
-7.768059800000004600e+01 7.598239154888252189e-01 0.000000000000000000e+00 1.909349250503952211e+00
-7.796968000000005361e+01 7.626515381229524992e-01 0.000000000000000000e+00 2.172234515679904998e+00
-7.761269800000002306e+01 7.591597593779040309e-01 0.000000000000000000e+00 1.845974854222073525e+00
-7.792579400000005307e+01 7.622222722159734953e-01 0.000000000000000000e+00 1.794936971956667460e+00
-7.741966200000008769e+01 7.572715997456848092e-01 0.000000000000000000e+00 1.744383896144213963e+00
-7.786724800000006042e+01 7.616496111899061505e-01 0.000000000000000000e+00 1.768049179379078684e+00
-7.774621200000004251e+01 7.604657113512989230e-01 0.000000000000000000e+00 2.381342803744445291e+00
-7.774456200000003037e+01 7.604495720643618117e-01 0.000000000000000000e+00 2.097651215135536873e+00
-7.776299800000009554e+01 7.606299016970714533e-01 0.000000000000000000e+00 1.851483811497790732e+00
-7.827180400000003146e+01 7.656067295935836681e-01 0.000000000000000000e+00 2.058714476203364008e+00
-7.791879200000006733e+01 7.621537829510448558e-01 0.000000000000000000e+00 1.969876970145879147e+00
-7.799730400000002817e+01 7.629217391304350393e-01 0.000000000000000000e+00 1.691265980068591634e+00
-7.780050800000003619e+01 7.609968014867710684e-01 0.000000000000000000e+00 1.814882419302955130e+00
-7.734286400000006267e+01 7.565204088619363887e-01 0.000000000000000000e+00 1.578018484837515389e+00
-7.790939600000002940e+01 7.620618770479780091e-01 0.000000000000000000e+00 1.703224241772532288e+00
-7.748988600000004112e+01 7.579584877977213475e-01 0.000000000000000000e+00 1.586065280798219179e+00
-7.761632400000007692e+01 7.591952266836218266e-01 0.000000000000000000e+00 1.796211456985524091e+00
-7.826232000000005939e+01 7.655139629285475644e-01 0.000000000000000000e+00 1.560854490917773285e+00
-7.808215200000005041e+01 7.637516701716637879e-01 0.000000000000000000e+00 2.120596321720126021e+00
-7.812932800000004363e+01 7.642131168386564477e-01 0.000000000000000000e+00 1.751587133106613736e+00
-7.713266400000003387e+01 7.544643615200277154e-01 0.000000000000000000e+00 1.878249530410932566e+00
-7.762185800000003155e+01 7.592493568738692966e-01 0.000000000000000000e+00 2.170041726600638654e+00
-7.843520400000006987e+01 7.672050080696442009e-01 0.000000000000000000e+00 2.141828929965314376e+00
-7.790217200000003572e+01 7.619912163153522711e-01 0.000000000000000000e+00 1.924325179689720944e+00
-7.735016000000004510e+01 7.565917738543556093e-01 0.000000000000000000e+00 2.037338035453878593e+00
-7.763355000000007067e+01 7.593637208392436388e-01 0.000000000000000000e+00 2.372840474425262247e+00
-7.772945800000005079e+01 7.603018340098797179e-01 0.000000000000000000e+00 1.891810701934935945e+00
-7.810901000000006889e+01 7.640143786374535839e-01 0.000000000000000000e+00 2.149928837605485477e+00
-7.808465000000005318e+01 7.637761040739478036e-01 0.000000000000000000e+00 1.922410041162819994e+00
-7.785255000000006476e+01 7.615058443781490549e-01 0.000000000000000000e+00 2.017668786300694794e+00
-7.790282200000005730e+01 7.619975742162670151e-01 0.000000000000000000e+00 2.041734676397509052e+00
-7.785324000000005640e+01 7.615125935345044006e-01 0.000000000000000000e+00 1.855061469209431158e+00
-7.721860800000003167e+01 7.553050129603368079e-01 0.000000000000000000e+00 1.752237125671584739e+00
-7.824423400000010531e+01 7.653370567809468783e-01 0.000000000000000000e+00 1.611566741800279035e+00
-7.710616000000004533e+01 7.542051156648901244e-01 0.000000000000000000e+00 1.871236595182852014e+00
-7.800928000000001816e+01 7.630388810094391738e-01 0.000000000000000000e+00 1.778438410005197978e+00
-7.727465800000005913e+01 7.558532596468925391e-01 0.000000000000000000e+00 1.616979631886361624e+00
-7.796746600000003014e+01 7.626298821342987200e-01 0.000000000000000000e+00 2.164147509499463329e+00
-7.800532200000003513e+01 7.630001662835627085e-01 0.000000000000000000e+00 1.916653179377052485e+00
-7.763217200000002549e+01 7.593502420893043503e-01 0.000000000000000000e+00 1.916723461402533246e+00
-7.717532600000005516e+01 7.548816550105155176e-01 0.000000000000000000e+00 1.886718374846611423e+00
-7.789396200000004455e+01 7.619109111361084263e-01 0.000000000000000000e+00 1.695833047265555393e+00
-7.822648400000007030e+01 7.651634371790489997e-01 0.000000000000000000e+00 2.115347059363922533e+00
-7.767666000000004090e+01 7.597853963906689989e-01 0.000000000000000000e+00 2.065308216389716289e+00
-7.748252800000007312e+01 7.578865163593688781e-01 0.000000000000000000e+00 1.699647783719623773e+00
-7.768442600000005882e+01 7.598613586345190907e-01 0.000000000000000000e+00 1.939212716574757689e+00
-7.770963800000004085e+01 7.601079669389156912e-01 0.000000000000000000e+00 1.955823027191603503e+00
-7.796097000000004584e+01 7.625663422506974154e-01 0.000000000000000000e+00 1.859684928538794635e+00
-7.809112200000002701e+01 7.638394092042845029e-01 0.000000000000000000e+00 1.814736788415411972e+00
-7.787325800000003539e+01 7.617083973199005875e-01 0.000000000000000000e+00 1.907981124844697174e+00
-7.769202200000006542e+01 7.599356580427453212e-01 0.000000000000000000e+00 2.054993160281571640e+00
-7.830307200000002865e+01 7.659125739717320691e-01 0.000000000000000000e+00 2.125470590511022273e+00
-7.738716200000007461e+01 7.569537046999567087e-01 0.000000000000000000e+00 1.639007343755618296e+00
-7.701586200000001270e+01 7.533218760698392469e-01 0.000000000000000000e+00 1.507042053985491181e+00
-7.843910800000006134e+01 7.672431946006754711e-01 0.000000000000000000e+00 1.787180912972418101e+00
-7.803047000000003663e+01 7.632461485792539913e-01 0.000000000000000000e+00 1.721129027232949804e+00
-7.771342200000007949e+01 7.601449797036248235e-01 0.000000000000000000e+00 2.240443868701923247e+00
-7.791559800000004543e+01 7.621225412040890657e-01 0.000000000000000000e+00 2.034797402467103389e+00
-7.742823000000007028e+01 7.573554066611245528e-01 0.000000000000000000e+00 1.442322074001336274e+00
-7.815230000000003940e+01 7.644378148383630389e-01 0.000000000000000000e+00 1.683688989850992357e+00
-7.798401200000000699e+01 7.627917249474250871e-01 0.000000000000000000e+00 1.750497486764170274e+00
-7.769160200000006000e+01 7.599315498606158403e-01 0.000000000000000000e+00 1.957342011064696408e+00
-7.863740600000005543e+01 7.691828238861452283e-01 0.000000000000000000e+00 1.806996836084724389e+00
-7.780276200000007236e+01 7.610188487308658933e-01 0.000000000000000000e+00 2.087068011300527992e+00
-7.810833800000003180e+01 7.640078055460461925e-01 0.000000000000000000e+00 1.909725057940344417e+00
-7.812430000000000518e+01 7.641639360297354244e-01 0.000000000000000000e+00 1.746460956773827178e+00
-7.815099000000002150e+01 7.644250012226734281e-01 0.000000000000000000e+00 1.414563756681604278e+00
-7.798622400000002131e+01 7.628133613733067975e-01 0.000000000000000000e+00 2.009704601094551180e+00
-7.784705400000004261e+01 7.614520858805696735e-01 0.000000000000000000e+00 2.051684282888209143e+00
-7.801929600000005394e+01 7.631368513718399527e-01 0.000000000000000000e+00 1.930767041480842883e+00
-7.783944400000005714e+01 7.613776495329394045e-01 0.000000000000000000e+00 1.696341207715576171e+00
-7.808103000000005522e+01 7.637406954565467698e-01 0.000000000000000000e+00 1.807250861911202433e+00
-7.766252400000007583e+01 7.596471267178566134e-01 0.000000000000000000e+00 1.966936591189867300e+00
-7.828691200000002937e+01 7.657545067736101219e-01 0.000000000000000000e+00 1.596577318261749756e+00
-7.787813400000000286e+01 7.617560913581454818e-01 0.000000000000000000e+00 1.705686321193633059e+00
-7.785303800000004060e+01 7.615106176945277694e-01 0.000000000000000000e+00 2.012767809938153629e+00
-7.749425800000003051e+01 7.580012520174111978e-01 0.000000000000000000e+00 1.921412826630288562e+00
-7.794483200000006207e+01 7.624084902430680044e-01 0.000000000000000000e+00 1.738284034565192204e+00
-7.790104000000000894e+01 7.619801437863745752e-01 0.000000000000000000e+00 1.458600741405365220e+00
-7.788829000000005465e+01 7.618554311145894209e-01 0.000000000000000000e+00 1.729183413602729980e+00
-7.776861600000007968e+01 7.606848535237451525e-01 0.000000000000000000e+00 1.562553361204058078e+00
-7.759655200000003106e+01 7.590018291191864552e-01 0.000000000000000000e+00 2.263577597944271602e+00
-7.745298000000006766e+01 7.575974959651788909e-01 0.000000000000000000e+00 1.863094378238048465e+00
-7.760086200000007750e+01 7.590439868929435008e-01 0.000000000000000000e+00 2.010415397187478082e+00
-7.719673400000004904e+01 7.550910549224829627e-01 0.000000000000000000e+00 1.702555874531884283e+00
-7.806095600000004708e+01 7.635443439135329857e-01 0.000000000000000000e+00 1.798127630570817370e+00
-7.808511000000007130e+01 7.637806035115183301e-01 0.000000000000000000e+00 1.836109622698398613e+00
-7.773126200000000097e+01 7.603194796302635838e-01 0.000000000000000000e+00 1.535759106661239937e+00
-7.730695200000002387e+01 7.561691397270995374e-01 0.000000000000000000e+00 1.744001514483634274e+00
-7.748203200000003221e+01 7.578816647919013327e-01 0.000000000000000000e+00 1.824319051645840739e+00
-7.729614200000004587e+01 7.560634029441976045e-01 0.000000000000000000e+00 1.911363057615208305e+00
-7.741190600000005873e+01 7.571957353156948400e-01 0.000000000000000000e+00 1.719692802835800727e+00
-7.741472600000004434e+01 7.572233188242778468e-01 0.000000000000000000e+00 1.884194717179322076e+00
-7.759393000000001450e+01 7.589761823250356088e-01 0.000000000000000000e+00 1.858610457907310831e+00
-7.720176800000005812e+01 7.551402944197198597e-01 0.000000000000000000e+00 1.789021398705522348e+00
-7.819800400000005425e+01 7.648848633051308354e-01 0.000000000000000000e+00 1.715545442133270759e+00
-7.776878000000006352e+01 7.606864576710525849e-01 0.000000000000000000e+00 1.752233359418369441e+00
-7.805607600000004709e+01 7.634966107497437315e-01 0.000000000000000000e+00 1.960266104751694938e+00
-7.690966000000008762e+01 7.522830733114891366e-01 0.000000000000000000e+00 1.775995220555038889e+00
-7.805900200000004929e+01 7.635252310852452817e-01 0.000000000000000000e+00 2.122397141502641471e+00
-7.838000600000003715e+01 7.666650951239794010e-01 0.000000000000000000e+00 1.599280962285011709e+00
-7.795192800000006628e+01 7.624778989582829958e-01 0.000000000000000000e+00 1.851651405882071666e+00
-7.748631600000004482e+01 7.579235682496213711e-01 0.000000000000000000e+00 1.931267599048706485e+00
-7.803978000000002169e+01 7.633372132831224288e-01 0.000000000000000000e+00 1.835010963223793423e+00
-7.757137000000005855e+01 7.587555142563706667e-01 0.000000000000000000e+00 1.544858836184514139e+00
-7.803920800000005897e+01 7.633316183303180402e-01 0.000000000000000000e+00 2.003663068496438715e+00
-7.768967600000003415e+01 7.599127109111364353e-01 0.000000000000000000e+00 1.700192979131154525e+00
-7.725865400000002126e+01 7.556967183449897485e-01 0.000000000000000000e+00 1.588885086742501729e+00
-7.892793000000006032e+01 7.720245512789167819e-01 0.000000000000000000e+00 2.062715312618077501e+00
-7.737513600000002612e+01 7.568360737516508507e-01 0.000000000000000000e+00 1.636839060692925507e+00
-7.764282400000003292e+01 7.594544334132149466e-01 0.000000000000000000e+00 1.857732998892940302e+00
-7.799095200000002137e+01 7.628596077664206998e-01 0.000000000000000000e+00 1.574609437063327233e+00
-7.871246600000002047e+01 7.699170147209861703e-01 0.000000000000000000e+00 1.739588387876960685e+00
-7.792269000000004553e+01 7.621919107937599192e-01 0.000000000000000000e+00 1.692527581232377010e+00
-7.857554200000005551e+01 7.685777082212554845e-01 0.000000000000000000e+00 2.316564511947845961e+00
-7.815432800000002089e+01 7.644576514892161834e-01 0.000000000000000000e+00 1.785990300859339852e+00
-7.865639000000004444e+01 7.693685137183943201e-01 0.000000000000000000e+00 2.299562598088004783e+00
-7.808568800000006149e+01 7.637862571526391475e-01 0.000000000000000000e+00 2.261523168546974993e+00
-7.857900400000008290e+01 7.686115713796652926e-01 0.000000000000000000e+00 2.001988639203277298e+00
-7.823746800000002111e+01 7.652708759231184876e-01 0.000000000000000000e+00 1.798742393720027311e+00
-7.801498200000008865e+01 7.630946544725396574e-01 0.000000000000000000e+00 1.932081036863117829e+00
-7.776251400000003855e+01 7.606251675062359885e-01 0.000000000000000000e+00 1.809430262974977222e+00
-7.802742800000007151e+01 7.632163936029742191e-01 0.000000000000000000e+00 1.637722955818889936e+00
-7.826100800000003233e+01 7.655011297500858847e-01 0.000000000000000000e+00 1.879214562753452000e+00
-7.761815600000004167e+01 7.592131461828145467e-01 0.000000000000000000e+00 1.882605003192237447e+00
-7.860594999999999288e+01 7.688751406074240125e-01 0.000000000000000000e+00 2.037551606658830394e+00
-7.747153000000004397e+01 7.577789406758942414e-01 0.000000000000000000e+00 2.089424066675800162e+00
-7.769656200000004276e+01 7.599800655352867418e-01 0.000000000000000000e+00 1.790674910221553784e+00
-7.747995800000003896e+01 7.578613781972909358e-01 0.000000000000000000e+00 1.905661818556228182e+00
-7.810257600000007017e+01 7.639514451997855282e-01 0.000000000000000000e+00 1.684784442952914407e+00
-7.916299600000004943e+01 7.743238225656580154e-01 0.000000000000000000e+00 1.903344411999811969e+00
-7.856862600000003738e+01 7.685100601555243660e-01 0.000000000000000000e+00 1.580816515437128977e+00
-7.860619000000005485e+01 7.688774881400699535e-01 0.000000000000000000e+00 1.421327892244688362e+00
-7.833369000000003268e+01 7.662120604489659481e-01 0.000000000000000000e+00 1.810769271956707449e+00
-7.714364000000004751e+01 7.545717220130097047e-01 0.000000000000000000e+00 1.671715897519731930e+00
-7.866614800000006369e+01 7.694639604832010926e-01 0.000000000000000000e+00 1.864511429301509704e+00
-7.790071400000000779e+01 7.619769550545313352e-01 0.000000000000000000e+00 1.432825248144801389e+00
-7.812612199999999518e+01 7.641817577150681329e-01 0.000000000000000000e+00 1.462913788105882240e+00
-7.750496600000003866e+01 7.581059910989390582e-01 0.000000000000000000e+00 1.899752111007319444e+00
-7.902513400000006527e+01 7.729753411258382112e-01 0.000000000000000000e+00 1.852199146099609228e+00
-7.765076200000001450e+01 7.595320780554606355e-01 0.000000000000000000e+00 1.754977019779904612e+00
-7.818254000000003145e+01 7.647336039516802186e-01 0.000000000000000000e+00 1.548854161676113339e+00
-7.919076400000005833e+01 7.745954320927280756e-01 0.000000000000000000e+00 2.003665538004248514e+00
-7.921271800000003793e+01 7.748101726414636792e-01 0.000000000000000000e+00 2.278281633355465186e+00
-7.800552000000003261e+01 7.630021029979950908e-01 0.000000000000000000e+00 1.821042462021368769e+00
-7.887298800000002075e+01 7.714871423680738083e-01 0.000000000000000000e+00 1.957959818578429712e+00
-7.843733400000006384e+01 7.672258424218718620e-01 0.000000000000000000e+00 1.833501980354435457e+00
-7.889377600000004520e+01 7.716904778207076543e-01 0.000000000000000000e+00 1.736379215733799386e+00
-7.740429800000005400e+01 7.571213185308363069e-01 0.000000000000000000e+00 1.869196103875522486e+00
-7.868877800000005607e+01 7.696853132488878924e-01 0.000000000000000000e+00 1.917228943062661228e+00
-7.871920000000005757e+01 7.699828825744613470e-01 0.000000000000000000e+00 1.469042717506399143e+00
-7.835617600000001914e+01 7.664320046950654497e-01 0.000000000000000000e+00 1.881382545858929944e+00
-7.870759800000001860e+01 7.698693989338291077e-01 0.000000000000000000e+00 1.565843020498684401e+00
-7.835574000000001149e+01 7.664277400107596394e-01 0.000000000000000000e+00 1.739922098917945803e+00
-7.852885200000004318e+01 7.681210153078695813e-01 0.000000000000000000e+00 1.664590020594448161e+00
-7.957252200000002063e+01 7.783295544578668901e-01 0.000000000000000000e+00 1.770228659976450070e+00
-7.875416800000007811e+01 7.703249180808928731e-01 0.000000000000000000e+00 1.802558176473568752e+00
-7.842623400000000800e+01 7.671172690370225977e-01 0.000000000000000000e+00 1.988904025708325696e+00
-7.783898000000000650e+01 7.613731109698245181e-01 0.000000000000000000e+00 1.967792195750497797e+00
-7.956259400000004689e+01 7.782324448574368114e-01 0.000000000000000000e+00 1.816583512904808462e+00
-7.898506200000005606e+01 7.725833814251484855e-01 0.000000000000000000e+00 1.877814128062602839e+00
-7.897514000000002454e+01 7.724863305130339475e-01 0.000000000000000000e+00 1.817924006923692604e+00
