-2.931094799999993938e+01 3.700765128329436826e-01 0.000000000000000000e+00 2.131459770018679034e+00
-2.871115799999995133e+01 3.625036362534462819e-01 0.000000000000000000e+00 2.296304370121344363e+00
-2.877851199999994947e+01 3.633540397765718244e-01 0.000000000000000000e+00 1.931005588517249905e+00
-2.850764999999995908e+01 3.599341686615551983e-01 0.000000000000000000e+00 1.714277528861529953e+00
-2.905468399999994134e+01 3.668409543145149665e-01 0.000000000000000000e+00 1.850734003922974713e+00
-2.925950999999994906e+01 3.694270628162776848e-01 0.000000000000000000e+00 2.321281411595367494e+00
-2.869383599999995127e+01 3.622849307596733293e-01 0.000000000000000000e+00 2.167783595442752897e+00
-2.866822399999995241e+01 3.619615567205028417e-01 0.000000000000000000e+00 2.332396589331075631e+00
-2.874303199999996750e+01 3.629060735533262694e-01 0.000000000000000000e+00 2.453228985382986060e+00
-2.846387799999996204e+01 3.593815086411518145e-01 0.000000000000000000e+00 1.934125782398179227e+00
-2.916498599999995278e+01 3.682336141329045076e-01 0.000000000000000000e+00 2.059613768294797254e+00
-2.929953399999994801e+01 3.699324010383517325e-01 0.000000000000000000e+00 2.657251766762727563e+00
-2.937477199999994326e+01 3.708823469995851663e-01 0.000000000000000000e+00 2.722832386405855676e+00
-2.863211599999995016e+01 3.615056614446020555e-01 0.000000000000000000e+00 2.168138799310308507e+00
-2.832567799999995373e+01 3.576366120218573696e-01 0.000000000000000000e+00 1.967495630304851417e+00
-2.950485599999994690e+01 3.725247719766061061e-01 0.000000000000000000e+00 2.402602598459689709e+00
-2.919706799999996250e+01 3.686386776158293577e-01 0.000000000000000000e+00 2.590538926375488771e+00
-2.926013599999996018e+01 3.694349666171727331e-01 0.000000000000000000e+00 2.242503105389334284e+00
-2.905724399999994745e+01 3.668732765673761165e-01 0.000000000000000000e+00 2.371807481001216189e+00
-2.870835199999995169e+01 3.624682080340994039e-01 0.000000000000000000e+00 2.047408423698188873e+00
-2.916493199999995767e+01 3.682329323353832340e-01 0.000000000000000000e+00 2.447127894635470646e+00
-2.839595199999995145e+01 3.585238831146524974e-01 0.000000000000000000e+00 1.483966248117359221e+00
-2.853501199999994498e+01 3.602796379907672875e-01 0.000000000000000000e+00 2.135171002792908723e+00
-2.941855399999995058e+01 3.714351332787889093e-01 0.000000000000000000e+00 2.286683933648915534e+00
-2.929151999999997003e+01 3.698312172358409478e-01 0.000000000000000000e+00 2.343936098518769384e+00
-2.959922399999994980e+01 3.737162510226956780e-01 0.000000000000000000e+00 2.707654955455369716e+00
-2.889391599999994753e+01 3.648111168348427413e-01 0.000000000000000000e+00 2.242045037470131508e+00
-2.893293799999996097e+01 3.653038039251331193e-01 0.000000000000000000e+00 2.167807882146143950e+00
-2.849409599999994924e+01 3.597630374837119671e-01 0.000000000000000000e+00 2.066276508524647948e+00
-2.913771799999994272e+01 3.678893316364143518e-01 0.000000000000000000e+00 2.435503193123164323e+00
-2.938574799999994980e+01 3.710209286587268784e-01 0.000000000000000000e+00 2.300728073892253533e+00
-2.904379999999994411e+01 3.667035342363355599e-01 0.000000000000000000e+00 2.679722322566390424e+00
-2.877552399999996169e+01 3.633163136470607402e-01 0.000000000000000000e+00 2.398550096512221952e+00
-2.937627999999993378e+01 3.709013868266610170e-01 0.000000000000000000e+00 2.704854657683462005e+00
-2.928975199999996448e+01 3.698088946799587551e-01 0.000000000000000000e+00 2.129074215865343067e+00
-2.907908799999994542e+01 3.671490762906167715e-01 0.000000000000000000e+00 2.010032070766809564e+00
-2.891359999999995622e+01 3.650596446572320630e-01 0.000000000000000000e+00 2.421041634078065830e+00
-2.911857199999995771e+01 3.676475965374781385e-01 0.000000000000000000e+00 2.210289109663934770e+00
-2.874120799999994347e+01 3.628830439481625092e-01 0.000000000000000000e+00 1.966680244209936923e+00
-2.874856599999993634e+01 3.629759451733777786e-01 0.000000000000000000e+00 2.613282819557412484e+00
-2.925355599999994993e+01 3.693518883266157515e-01 0.000000000000000000e+00 2.339415573669473059e+00
-2.885163999999996420e+01 3.642773451309551658e-01 0.000000000000000000e+00 2.106551762880981116e+00
-2.938378399999996304e+01 3.709961314303602542e-01 0.000000000000000000e+00 2.748159282384770918e+00
-2.908634599999995629e+01 3.672407149278299476e-01 0.000000000000000000e+00 2.218277431047556814e+00
-2.910726399999996516e+01 3.675048230861686638e-01 0.000000000000000000e+00 2.107576706178989845e+00
-2.846991599999995159e+01 3.594577437047355994e-01 0.000000000000000000e+00 2.422425274940531281e+00
-2.882341599999994131e+01 3.639209922931621044e-01 0.000000000000000000e+00 2.203826238852451880e+00
-2.948653599999996544e+01 3.722934658545696274e-01 0.000000000000000000e+00 2.607559400701326080e+00
-2.875515799999995892e+01 3.630591749744951913e-01 0.000000000000000000e+00 2.211104273917757546e+00
-2.876163799999995163e+01 3.631409906770495799e-01 0.000000000000000000e+00 2.146534619446145431e+00
-2.937937599999994021e+01 3.709404765512148705e-01 0.000000000000000000e+00 2.034193692053909430e+00
-2.889984799999994536e+01 3.648860135551441064e-01 0.000000000000000000e+00 2.224392355681920286e+00
-2.927485199999994592e+01 3.696207690676033275e-01 0.000000000000000000e+00 2.647894279469722889e+00
-2.935818999999995071e+01 3.706729846570299691e-01 0.000000000000000000e+00 2.198034010154979345e+00
-2.892865199999994630e+01 3.652496894033507302e-01 0.000000000000000000e+00 2.577299469532503995e+00
-2.910205199999995429e+01 3.674390169994842803e-01 0.000000000000000000e+00 2.624737051206417426e+00
-2.871731199999994288e+01 3.625813359191128460e-01 0.000000000000000000e+00 2.555206066341951576e+00
-2.852505399999994751e+01 3.601539094774899308e-01 0.000000000000000000e+00 2.187544291703749533e+00
-2.885503399999995722e+01 3.643201973677560046e-01 0.000000000000000000e+00 2.434805924865802940e+00
-2.881871599999995226e+01 3.638616506570502285e-01 0.000000000000000000e+00 2.068669243873822783e+00
-2.883815999999994162e+01 3.641071482682335936e-01 0.000000000000000000e+00 1.768160319985638829e+00
-2.910132999999994752e+01 3.674299011141070048e-01 0.000000000000000000e+00 2.552313590399379883e+00
-2.933745999999994680e+01 3.704112501641357857e-01 0.000000000000000000e+00 2.216959355386188157e+00
-2.890137199999994877e+01 3.649052553963004764e-01 0.000000000000000000e+00 2.123233953626953774e+00
-2.953628799999995636e+01 3.729216286375154898e-01 0.000000000000000000e+00 2.267468569794531152e+00
-2.874062599999995626e+01 3.628756956859887639e-01 0.000000000000000000e+00 1.969424721552622826e+00
-2.845542199999994892e+01 3.592747441996700930e-01 0.000000000000000000e+00 2.383135751232825505e+00
-2.924207399999994550e+01 3.692069179721819694e-01 0.000000000000000000e+00 2.385210650105725527e+00
-2.895031199999995053e+01 3.655231659646671072e-01 0.000000000000000000e+00 2.386321292992604981e+00
-2.897055799999995784e+01 3.657787895316298443e-01 0.000000000000000000e+00 2.155799692405055978e+00
-2.901424399999994463e+01 3.663303637263510271e-01 0.000000000000000000e+00 2.284187714266067371e+00
-2.866038799999994424e+01 3.618626203246359530e-01 0.000000000000000000e+00 2.280832604987871104e+00
-2.929314999999994740e+01 3.698517974202795155e-01 0.000000000000000000e+00 2.227748508805435623e+00
-2.864493399999996015e+01 3.616674999747477304e-01 0.000000000000000000e+00 2.504826193620320662e+00
-2.866364199999993900e+01 3.619037049382334281e-01 0.000000000000000000e+00 2.059324419434880316e+00
-2.940842799999995094e+01 3.713072836176675717e-01 0.000000000000000000e+00 2.703884330503699029e+00
-2.880613199999995899e+01 3.637027665828302947e-01 0.000000000000000000e+00 1.937997780115687130e+00
-2.878862199999993265e+01 3.634816874236125872e-01 0.000000000000000000e+00 2.174068184353513900e+00
-2.881252199999994801e+01 3.637834459561825051e-01 0.000000000000000000e+00 2.375469583840958521e+00
-2.846563599999995375e+01 3.594037049382336479e-01 0.000000000000000000e+00 1.931683288422746392e+00
-2.892297599999995228e+01 3.651780249083355079e-01 0.000000000000000000e+00 2.062230432858088935e+00
-2.916171599999995578e+01 3.681923275052265687e-01 0.000000000000000000e+00 2.437396026177995445e+00
-2.927590199999995590e+01 3.696340262416284994e-01 0.000000000000000000e+00 2.622379263803823246e+00
-2.891147399999994860e+01 3.650328020363012849e-01 0.000000000000000000e+00 2.497318411134210603e+00
-2.910966399999995247e+01 3.675351251982257317e-01 0.000000000000000000e+00 2.421726118501913660e+00
-2.902774199999994309e+01 3.665007878549128018e-01 0.000000000000000000e+00 2.670683568275086461e+00
-2.868471599999995547e+01 3.621697827338560272e-01 0.000000000000000000e+00 2.324959258586017707e+00
-2.917146399999995054e+01 3.683154045836988799e-01 0.000000000000000000e+00 2.489511224248770027e+00
-2.928283199999996000e+01 3.697215235901937236e-01 0.000000000000000000e+00 2.417613203762350338e+00
-2.884971199999995051e+01 3.642530024342690576e-01 0.000000000000000000e+00 2.155793052101919294e+00
-2.899352399999996166e+01 3.660687554922573139e-01 0.000000000000000000e+00 2.324040194680136562e+00
-2.853760399999996267e+01 3.603123642717893094e-01 0.000000000000000000e+00 2.190569760666725596e+00
-2.962161799999993406e+01 3.739989949799492619e-01 0.000000000000000000e+00 2.365846819002840551e+00
-3.049383999999995964e+01 3.850115653061013665e-01 0.000000000000000000e+00 2.324453584450036914e+00
-2.992193999999996024e+01 3.777908245204685822e-01 0.000000000000000000e+00 2.310821093040394292e+00
-3.105288599999994403e+01 3.920700130299075159e-01 0.000000000000000000e+00 2.405736062041315737e+00
-3.002624599999994004e+01 3.791077795622347368e-01 0.000000000000000000e+00 1.946167529378722394e+00
-3.030939399999995487e+01 3.826827722392245335e-01 0.000000000000000000e+00 2.205532113436114994e+00
-3.004502199999995682e+01 3.793448430855625442e-01 0.000000000000000000e+00 2.179447891516184566e+00
-2.951625199999995530e+01 3.726686565053578537e-01 0.000000000000000000e+00 1.920735857224590060e+00
-3.012112799999993840e+01 3.803057483106564995e-01 0.000000000000000000e+00 2.504373325111755477e+00
-3.016852199999996031e+01 3.809041392685065253e-01 0.000000000000000000e+00 2.148407910950418831e+00
-2.979486399999993651e+01 3.761863781905591120e-01 0.000000000000000000e+00 1.829625575843816909e+00
-3.034323199999994358e+01 3.831100067674709786e-01 0.000000000000000000e+00 2.335602933377160628e+00
-3.044719999999994897e+01 3.844226942617894327e-01 0.000000000000000000e+00 1.951988511309127539e+00
-3.080530199999994423e+01 3.889440471500856811e-01 0.000000000000000000e+00 1.869696032443062261e+00
-2.968315199999996423e+01 3.747759158813364633e-01 0.000000000000000000e+00 1.950582106976418872e+00
-3.017461999999995470e+01 3.809811318848917994e-01 0.000000000000000000e+00 2.274164961279438124e+00
-3.041758399999995177e+01 3.840487661990034662e-01 0.000000000000000000e+00 2.436556156956789732e+00
-3.065245599999994042e+01 3.870142318919621571e-01 0.000000000000000000e+00 2.896175063780614511e+00
-3.030890799999994556e+01 3.826766360615327933e-01 0.000000000000000000e+00 2.139025254155534572e+00
-3.044176599999994792e+01 3.843540852297398502e-01 0.000000000000000000e+00 2.633404785536945791e+00
-3.024472999999994727e+01 3.818663323333629789e-01 0.000000000000000000e+00 2.272213061637210707e+00
-2.974347199999994373e+01 3.755375089643741005e-01 0.000000000000000000e+00 2.261322410193744137e+00
-3.023046199999993888e+01 3.816861862771827596e-01 0.000000000000000000e+00 2.141788295510048012e+00
-2.960348799999994185e+01 3.737700877751172213e-01 0.000000000000000000e+00 2.213788767184694972e+00
-3.055111599999994709e+01 3.857347252103465185e-01 0.000000000000000000e+00 2.275823368761736631e+00
-3.020061999999994384e+01 3.813094047655114505e-01 0.000000000000000000e+00 3.339406157635901096e+00
-2.982704199999994188e+01 3.765926537579661892e-01 0.000000000000000000e+00 2.064468235255703110e+00
-3.075981599999995098e+01 3.883697463713214892e-01 0.000000000000000000e+00 2.227631375790904311e+00
-3.012569799999996079e+01 3.803634485823657041e-01 0.000000000000000000e+00 2.398854855840573563e+00
-3.069258599999995951e+01 3.875209084573189577e-01 0.000000000000000000e+00 1.805428421750539636e+00
-2.999324399999995094e+01 3.786911002696881634e-01 0.000000000000000000e+00 1.719204829954060765e+00
-2.986779399999994666e+01 3.771071836206977279e-01 0.000000000000000000e+00 2.088629095301847816e+00
-3.009983799999994858e+01 3.800369433249491391e-01 0.000000000000000000e+00 2.308155898607975320e+00
-2.991917399999995553e+01 3.777559013363225859e-01 0.000000000000000000e+00 2.330820028872658156e+00
-3.017441799999994956e+01 3.809785814571269302e-01 0.000000000000000000e+00 2.068447207002774402e+00
-3.025590599999994268e+01 3.820074391685093218e-01 0.000000000000000000e+00 2.321251215447428073e+00
-3.083637199999994394e+01 3.893363332424262802e-01 0.000000000000000000e+00 2.541341790348101704e+00
-2.950088599999995864e+01 3.724746472329116265e-01 0.000000000000000000e+00 1.866706555689603420e+00
-2.946063599999994054e+01 3.719664555619519031e-01 0.000000000000000000e+00 1.874133597079196800e+00
-2.955969199999994501e+01 3.732171247335932529e-01 0.000000000000000000e+00 2.059334605769838067e+00
-3.011318799999994766e+01 3.802054988232673183e-01 0.000000000000000000e+00 2.349630253451669315e+00
-2.950374999999994685e+01 3.725108077532997553e-01 0.000000000000000000e+00 1.728393128301427772e+00
-3.023461999999993566e+01 3.817386846863218275e-01 0.000000000000000000e+00 2.788319486136350278e+00
-3.002083599999993169e+01 3.790394735513056834e-01 0.000000000000000000e+00 2.304185519393310067e+00
-2.993907599999995384e+01 3.780071816005569629e-01 0.000000000000000000e+00 2.213360305746568724e+00
-2.971467399999994541e+01 3.751739088714476367e-01 0.000000000000000000e+00 2.203849133712572517e+00
-3.036466399999995502e+01 3.833806046281420521e-01 0.000000000000000000e+00 2.332133685528287703e+00
-3.026760599999995449e+01 3.821551619647883813e-01 0.000000000000000000e+00 2.415441159940634464e+00
-2.965453599999993628e+01 3.744146136985739837e-01 0.000000000000000000e+00 1.942663527977331439e+00
-3.033138999999994923e+01 3.829604910962287612e-01 0.000000000000000000e+00 2.238486360233069128e+00
-2.983446799999995136e+01 3.766864135430233462e-01 0.000000000000000000e+00 3.081304928762516049e+00
-3.035067799999994520e+01 3.832040190701285209e-01 0.000000000000000000e+00 2.047199835971075910e+00
-3.064132399999994050e+01 3.868736805955367841e-01 0.000000000000000000e+00 2.159527286616309993e+00
-3.000681199999993609e+01 3.788624082098514534e-01 0.000000000000000000e+00 2.717190411803332317e+00
-3.027970599999996182e+01 3.823079351130769243e-01 0.000000000000000000e+00 2.225195070682544962e+00
-3.074344599999993832e+01 3.881630607153310764e-01 0.000000000000000000e+00 2.792363031571083010e+00
-2.939762999999994619e+01 3.711709493651700886e-01 0.000000000000000000e+00 2.281438270858402451e+00
-2.971610999999994362e+01 3.751920396351618447e-01 0.000000000000000000e+00 1.933697416998080731e+00
-2.973163799999995405e+01 3.753880943001721704e-01 0.000000000000000000e+00 2.011490795193324743e+00
-2.962269799999995357e+01 3.740126309303752894e-01 0.000000000000000000e+00 2.076978038331924736e+00
-3.009650799999993964e+01 3.799948991444696000e-01 0.000000000000000000e+00 2.219873782274182528e+00
-3.023476799999994569e+01 3.817405533165654785e-01 0.000000000000000000e+00 2.129072847906555488e+00
-3.010634599999994876e+01 3.801191125521442560e-01 0.000000000000000000e+00 2.468163791342245617e+00
-3.030545999999995033e+01 3.826331020272106809e-01 0.000000000000000000e+00 2.361643650280263351e+00
-2.988654599999994232e+01 3.773439441229046731e-01 0.000000000000000000e+00 2.277889048628713553e+00
-3.002929999999995658e+01 3.791463389998277478e-01 0.000000000000000000e+00 2.199082375295053016e+00
-3.056965399999995370e+01 3.859687837742284966e-01 0.000000000000000000e+00 2.270156368014406567e+00
-3.010730199999994383e+01 3.801311828934469950e-01 0.000000000000000000e+00 2.257622981201352630e+00
-3.077481999999995566e+01 3.885591850751992093e-01 0.000000000000000000e+00 2.363958525247621179e+00
-2.986657599999994517e+01 3.770918052988286306e-01 0.000000000000000000e+00 2.388099708809530597e+00
-3.008377399999993074e+01 3.798341211882459434e-01 0.000000000000000000e+00 2.330424689375850011e+00
-3.100499599999995226e+01 3.914653596355660015e-01 0.000000000000000000e+00 2.451853506586723963e+00
-2.996163199999994120e+01 3.782919709503745342e-01 0.000000000000000000e+00 2.020908019082491514e+00
-3.087720399999994925e+01 3.898518731755596933e-01 0.000000000000000000e+00 2.146725329704747498e+00
-2.978855799999995213e+01 3.761067593911289753e-01 0.000000000000000000e+00 1.924824800065048080e+00
-3.098612799999995104e+01 3.912271345312762216e-01 0.000000000000000000e+00 3.063641117062763541e+00
-2.973778799999995570e+01 3.754657434623187573e-01 0.000000000000000000e+00 2.088287562306697875e+00
-3.092533999999994521e+01 3.904596325363871023e-01 0.000000000000000000e+00 2.313945966123974074e+00
-3.011818999999994517e+01 3.802686534751465453e-01 0.000000000000000000e+00 1.929417259462325118e+00
-3.022201799999995941e+01 3.815795733462617467e-01 0.000000000000000000e+00 2.783225087076016013e+00
-3.052762399999995324e+01 3.854381180368265936e-01 0.000000000000000000e+00 2.540613590609936967e+00
-2.979595799999995265e+01 3.762001909033053648e-01 0.000000000000000000e+00 1.875882027109466721e+00
-2.983578199999995917e+01 3.767030039493747817e-01 0.000000000000000000e+00 2.155410532242293620e+00
-3.039683199999996077e+01 3.837867539367489367e-01 0.000000000000000000e+00 2.269347952401011614e+00
-3.030401599999995099e+01 3.826148702564562964e-01 0.000000000000000000e+00 2.090330356121063549e+00
-3.042139599999996946e+01 3.840968960536545462e-01 0.000000000000000000e+00 2.250703361753853216e+00
-3.007200599999995205e+01 3.796855398321257180e-01 0.000000000000000000e+00 2.549742981771877748e+00
-3.050331999999994892e+01 3.851312586487271594e-01 0.000000000000000000e+00 2.565976926449399453e+00
-2.946481199999994871e+01 3.720191812369315620e-01 0.000000000000000000e+00 2.326921502553634724e+00
-2.967927199999995125e+01 3.747269274668438288e-01 0.000000000000000000e+00 2.059385107311932472e+00
-2.956548799999993804e+01 3.732903043342113425e-01 0.000000000000000000e+00 2.058332893204712910e+00
-2.915472199999993919e+01 3.681040221003396562e-01 0.000000000000000000e+00 2.254457529123630177e+00
-3.002676399999993961e+01 3.791143197680870713e-01 0.000000000000000000e+00 1.988833163294040141e+00
-3.029254599999994824e+01 3.824700514125828343e-01 0.000000000000000000e+00 2.251141129232285820e+00
-2.979471399999993508e+01 3.761844843085555001e-01 0.000000000000000000e+00 1.821649667115224691e+00
-2.986128199999993882e+01 3.770249638899823563e-01 0.000000000000000000e+00 2.599480022611360130e+00
-3.057405999999995316e+01 3.860244134016135309e-01 0.000000000000000000e+00 2.748977282517624854e+00
-3.002618999999993932e+01 3.791070725129533914e-01 0.000000000000000000e+00 2.092677492200753608e+00
-3.039438999999994451e+01 3.837559215377304711e-01 0.000000000000000000e+00 2.120699337173203247e+00
-3.077881799999994072e+01 3.886096633435343062e-01 0.000000000000000000e+00 2.547876912824685647e+00
-3.006851399999994356e+01 3.796414502590823581e-01 0.000000000000000000e+00 2.015217412288788257e+00
-3.049933199999994926e+01 3.850809066391921442e-01 0.000000000000000000e+00 2.423247775609410848e+00
-3.006284599999994001e+01 3.795698867711072011e-01 0.000000000000000000e+00 2.406424813643927241e+00
-3.011761799999995759e+01 3.802614314717730482e-01 0.000000000000000000e+00 1.959494645858333106e+00
-2.994359399999995475e+01 3.780642253265046882e-01 0.000000000000000000e+00 1.785037575578245495e+00
-3.072088399999994834e+01 3.878781956102334005e-01 0.000000000000000000e+00 2.094727589565975823e+00
-3.018201199999994344e+01 3.810744623900279016e-01 0.000000000000000000e+00 2.366970904869979631e+00
-3.053103199999995709e+01 3.854811470359478798e-01 0.000000000000000000e+00 2.541507318874952404e+00
-2.981772399999994150e+01 3.764750058079041062e-01 0.000000000000000000e+00 2.251886926450613391e+00
-2.988290199999995167e+01 3.772979354160979071e-01 0.000000000000000000e+00 2.003842919204108952e+00
-3.025657599999994929e+01 3.820158985081253955e-01 0.000000000000000000e+00 2.205764333370108243e+00
-2.978133999999994685e+01 3.760156257891168474e-01 0.000000000000000000e+00 2.146130076075152715e+00
-2.952841999999995437e+01 3.728222882134878957e-01 0.000000000000000000e+00 1.930354835754087617e+00
-2.953530599999994877e+01 3.729092300233319834e-01 0.000000000000000000e+00 2.066108830766109072e+00
-3.018546199999994428e+01 3.811180216761101414e-01 0.000000000000000000e+00 2.721871942704287228e+00
-3.007720799999994554e+01 3.797512196600096313e-01 0.000000000000000000e+00 2.349706420504829030e+00
-3.039310399999994416e+01 3.837396846560198194e-01 0.000000000000000000e+00 2.240221813959816899e+00
-3.030632399999994675e+01 3.826440107875512253e-01 0.000000000000000000e+00 2.201647485940352311e+00
-2.999915999999994298e+01 3.787657949759091203e-01 0.000000000000000000e+00 1.899105321306361782e+00
-2.990162799999995968e+01 3.775343676454244179e-01 0.000000000000000000e+00 1.961124256623009376e+00
-3.011082599999994258e+01 3.801756764946509493e-01 0.000000000000000000e+00 1.872804168691073912e+00
-3.017700399999994332e+01 3.810112319828685146e-01 0.000000000000000000e+00 1.914657008918833503e+00
-2.979394999999994553e+01 3.761748381362174376e-01 0.000000000000000000e+00 2.109793007296298928e+00
-3.000018799999993391e+01 3.787787743805735019e-01 0.000000000000000000e+00 2.179177072332999288e+00
-3.026212199999994468e+01 3.820859216387375579e-01 0.000000000000000000e+00 1.970420272638362835e+00
-2.976321799999994155e+01 3.757868195913248166e-01 0.000000000000000000e+00 2.260110561360155756e+00
-3.032406399999994306e+01 3.828679938991740861e-01 0.000000000000000000e+00 2.148661652676103540e+00
-3.053805799999993909e+01 3.855698564689951091e-01 0.000000000000000000e+00 2.389973617249252946e+00
-3.105749799999994210e+01 3.921282435885773965e-01 0.000000000000000000e+00 2.411788483195142163e+00
-3.052288599999995355e+01 3.853782966172736302e-01 0.000000000000000000e+00 2.306919043691272098e+00
-2.993195199999994216e+01 3.779172348312670460e-01 0.000000000000000000e+00 2.141008805575426166e+00
-2.994648999999994388e+01 3.781007898750535778e-01 0.000000000000000000e+00 2.783125907767173501e+00
-2.956420399999993975e+01 3.732740927042607626e-01 0.000000000000000000e+00 1.747095707422156696e+00
-3.028602399999994788e+01 3.823877054230673256e-01 0.000000000000000000e+00 2.215981999759151222e+00
-2.992271599999994081e+01 3.778006222033668537e-01 0.000000000000000000e+00 1.876842682779520821e+00
-3.079620999999994169e+01 3.888292526489088852e-01 0.000000000000000000e+00 1.885041561876023453e+00
-3.019368599999993563e+01 3.812218569134260826e-01 0.000000000000000000e+00 2.096480848008072329e+00
-2.978870599999995150e+01 3.761086280213725153e-01 0.000000000000000000e+00 2.507483924228961047e+00
-2.952433999999995251e+01 3.727707746229906305e-01 0.000000000000000000e+00 1.928764427546738158e+00
-2.984029399999993615e+01 3.767599719200420139e-01 0.000000000000000000e+00 1.811177488406116254e+00
-2.933597799999995814e+01 3.703925386099405914e-01 0.000000000000000000e+00 2.302136006459736262e+00
-2.989032599999995199e+01 3.773916699493948812e-01 0.000000000000000000e+00 2.218690136030990079e+00
-3.011279799999994466e+01 3.802005747300580274e-01 0.000000000000000000e+00 2.023923799518791977e+00
-2.988558999999994015e+01 3.773318737816018231e-01 0.000000000000000000e+00 2.085563376130915803e+00
-2.923387799999995806e+01 3.691034362595067564e-01 0.000000000000000000e+00 1.956355119876415749e+00
-3.019934199999995883e+01 3.812932688908411971e-01 0.000000000000000000e+00 2.369920811581617937e+00
-3.002713799999994038e+01 3.791190418472160095e-01 0.000000000000000000e+00 1.783857276008278481e+00
-2.968467399999995138e+01 3.747951324707325949e-01 0.000000000000000000e+00 2.420590306608800368e+00
-3.008382399999995727e+01 3.798347524822474619e-01 0.000000000000000000e+00 2.232564779976589087e+00
-2.981252399999993230e+01 3.764093512317799872e-01 0.000000000000000000e+00 2.481959833920758918e+00
-2.975746799999993897e+01 3.757142207811877133e-01 0.000000000000000000e+00 1.862948625157375693e+00
-2.990894599999993986e+01 3.776267638354385836e-01 0.000000000000000000e+00 2.080830127831902132e+00
-2.998200999999994210e+01 3.785492611335002922e-01 0.000000000000000000e+00 1.759662385518909078e+00
-2.965025599999994910e+01 3.743605749320721432e-01 0.000000000000000000e+00 2.165829218311759341e+00
-3.066430399999995515e+01 3.871638233184847566e-01 0.000000000000000000e+00 2.224734043436257913e+00
-3.013270999999994970e+01 3.804519812530927081e-01 0.000000000000000000e+00 2.254172277638229804e+00
-3.047806799999993999e+01 3.848124299263651071e-01 0.000000000000000000e+00 2.341135615007072790e+00
-2.976840599999993842e+01 3.758523226568883935e-01 0.000000000000000000e+00 2.227900669757759022e+00
-2.956179399999995283e+01 3.732436643334034465e-01 0.000000000000000000e+00 2.012841573388128413e+00
-2.983174399999994719e+01 3.766520206458383591e-01 0.000000000000000000e+00 2.206568008795192881e+00
-2.973882199999994924e+01 3.754787986222633545e-01 0.000000000000000000e+00 2.338760342599722986e+00
-2.959626199999996032e+01 3.736788531660651946e-01 0.000000000000000000e+00 1.915103932025780109e+00
-2.945056399999994312e+01 3.718392876983518947e-01 0.000000000000000000e+00 2.012967177497140714e+00
-3.026151599999995057e+01 3.820782703554431725e-01 0.000000000000000000e+00 2.351647702121414163e+00
-2.977500999999995202e+01 3.759357039685660151e-01 0.000000000000000000e+00 1.825263284703017463e+00
-3.002149199999993812e+01 3.790477561286014208e-01 0.000000000000000000e+00 2.178288863132822772e+00
-2.976627199999994744e+01 3.758253790289176610e-01 0.000000000000000000e+00 2.375126936409202916e+00
-3.027304799999996021e+01 3.822238720038781956e-01 0.000000000000000000e+00 1.820237105017037393e+00
-2.953976399999994129e+01 3.729655161964781640e-01 0.000000000000000000e+00 1.773514585492189433e+00
-2.990842199999993056e+01 3.776201478743059781e-01 0.000000000000000000e+00 2.554898626448867116e+00
-3.005312199999994860e+01 3.794471127137555300e-01 0.000000000000000000e+00 2.118818945248374330e+00
-3.001756599999995956e+01 3.789981869236280776e-01 0.000000000000000000e+00 1.974189499169291206e+00
-2.932655999999995089e+01 3.702736280718760264e-01 0.000000000000000000e+00 2.007149834713367387e+00
-2.995677599999995167e+01 3.782306596769788865e-01 0.000000000000000000e+00 2.334212158011798266e+00
-3.018268799999995267e+01 3.810829974849241353e-01 0.000000000000000000e+00 2.569273711990856413e+00
-2.968783799999996020e+01 3.748350807551281694e-01 0.000000000000000000e+00 1.984618828363510001e+00
-3.036331199999995079e+01 3.833635344383497512e-01 0.000000000000000000e+00 2.265194652383736074e+00
-2.965695599999993348e+01 3.744451683282316590e-01 0.000000000000000000e+00 2.107709170243198038e+00
-2.974570599999993803e+01 3.755657151803473148e-01 0.000000000000000000e+00 2.087977775425473137e+00
-2.999100799999994749e+01 3.786628688019548217e-01 0.000000000000000000e+00 2.892615304832902190e+00
-3.019917799999995367e+01 3.812911982465171934e-01 0.000000000000000000e+00 2.093483304007360157e+00
-3.068929399999996122e+01 3.874793440602805061e-01 0.000000000000000000e+00 2.378330981112850129e+00
-3.024954399999995758e+01 3.819271133197978951e-01 0.000000000000000000e+00 2.139595683334927223e+00
-2.978332399999997193e+01 3.760406755350844676e-01 0.000000000000000000e+00 2.342489837375193229e+00
-3.054897799999994490e+01 3.857077310788555313e-01 0.000000000000000000e+00 2.448585752178947139e+00
-3.019775399999994647e+01 3.812732189933631943e-01 0.000000000000000000e+00 1.974323015921142010e+00
-2.928211599999995940e+01 3.697124834600966636e-01 0.000000000000000000e+00 1.663975865496111650e+00
-2.938513999999994653e+01 3.710132521236723657e-01 0.000000000000000000e+00 1.958378731543420459e+00
-3.095826199999995154e+01 3.908753017585319678e-01 0.000000000000000000e+00 2.521845005000998619e+00
-2.968811799999996381e+01 3.748386160015348412e-01 0.000000000000000000e+00 1.907569345781603642e+00
-3.040379399999996224e+01 3.838746553134748662e-01 0.000000000000000000e+00 2.150303456988187811e+00
-3.002671799999994207e+01 3.791137389776060296e-01 0.000000000000000000e+00 2.224956973656394776e+00
-2.884769599999994938e+01 3.642275486601410095e-01 0.000000000000000000e+00 2.115310638596993531e+00
-3.004221599999996428e+01 3.793094148662157217e-01 0.000000000000000000e+00 2.442259373659207089e+00
-3.074399199999994536e+01 3.881699544458241946e-01 0.000000000000000000e+00 2.319706269444691493e+00
-3.037176999999995530e+01 3.834703241315914335e-01 0.000000000000000000e+00 2.271033450932091302e+00
-3.008028199999995422e+01 3.797900316152030276e-01 0.000000000000000000e+00 2.255963792978132876e+00
-3.011329399999994649e+01 3.802068371665498492e-01 0.000000000000000000e+00 2.657600781057754880e+00
-2.905640199999994522e+01 3.668626455763959737e-01 0.000000000000000000e+00 2.202587662845956640e+00
-2.911106399999994920e+01 3.675528014302590352e-01 0.000000000000000000e+00 1.877553357216768193e+00
-2.979664599999994579e+01 3.762088775087616965e-01 0.000000000000000000e+00 1.948358761034787001e+00
-2.923844199999993521e+01 3.691610607759353013e-01 0.000000000000000000e+00 1.958148324113442085e+00
-3.006106399999995915e+01 3.795473874529049496e-01 0.000000000000000000e+00 2.405560678780930495e+00
-3.043296199999993590e+01 3.842429269820098470e-01 0.000000000000000000e+00 2.070055752471269273e+00
-2.954572999999994209e+01 3.730408421967004173e-01 0.000000000000000000e+00 1.916343802977983346e+00
-2.953022199999995223e+01 3.728450400492908656e-01 0.000000000000000000e+00 2.134120468212711508e+00
-2.964968599999995646e+01 3.743533781804586624e-01 0.000000000000000000e+00 2.135378274298835422e+00
-3.072477599999994524e+01 3.879273355352861330e-01 0.000000000000000000e+00 2.386535109846342095e+00
-3.062071599999995541e+01 3.866134864600057064e-01 0.000000000000000000e+00 2.133968831137574629e+00
-2.871605399999995356e+01 3.625654525620429780e-01 0.000000000000000000e+00 2.030184147263990990e+00
-2.946218599999995646e+01 3.719860256759890960e-01 0.000000000000000000e+00 2.410254977291737877e+00
-2.960642599999994928e+01 3.738071826106273421e-01 0.000000000000000000e+00 2.459971576029432505e+00
-3.090090199999995590e+01 3.901510812803646866e-01 0.000000000000000000e+00 2.244869552529666468e+00
-2.962795199999996143e+01 3.740789673040206265e-01 0.000000000000000000e+00 2.101654218908177718e+00
-3.005911599999996042e+01 3.795227922386185671e-01 0.000000000000000000e+00 1.830785111968648682e+00
-3.023256399999994315e+01 3.817127258769928977e-01 0.000000000000000000e+00 2.160577474317755264e+00
-2.960301599999995403e+01 3.737641283597460951e-01 0.000000000000000000e+00 2.194775182648026401e+00
-2.940925599999996720e+01 3.713177378463274891e-01 0.000000000000000000e+00 2.094086618968139746e+00
-3.041855799999995114e+01 3.840610638061466853e-01 0.000000000000000000e+00 2.386309368429530231e+00
-2.865259999999994989e+01 3.617642899710103443e-01 0.000000000000000000e+00 2.052574615039128858e+00
-3.059528199999994769e+01 3.862923598274793369e-01 0.000000000000000000e+00 2.797383944149580248e+00
-2.892728399999994338e+01 3.652324171994780766e-01 0.000000000000000000e+00 2.166138078212657803e+00
-3.012450599999993273e+01 3.803483985333769302e-01 0.000000000000000000e+00 2.066967145009686924e+00
-2.919487399999994182e+01 3.686109764350568030e-01 0.000000000000000000e+00 2.289205680360316908e+00
-2.831252599999995567e+01 3.574705564477838604e-01 0.000000000000000000e+00 1.873515576955512962e+00
-3.026022599999995322e+01 3.820619829702124326e-01 0.000000000000000000e+00 1.865920238566190159e+00
-2.961835999999994939e+01 3.739578598628318096e-01 0.000000000000000000e+00 2.120201633635991456e+00
-2.982185599999994352e+01 3.765271759441626287e-01 0.000000000000000000e+00 3.121640467728726609e+00
-2.952108999999994765e+01 3.727297405129130770e-01 0.000000000000000000e+00 1.699798788181421161e+00
-2.898845599999994604e+01 3.660047675322963268e-01 0.000000000000000000e+00 1.792313422735312134e+00
-2.941846799999994388e+01 3.714340474531067637e-01 0.000000000000000000e+00 1.904808004475818661e+00
-3.024129999999995277e+01 3.818230255648812910e-01 0.000000000000000000e+00 2.228166161857882077e+00
-2.907841799999994592e+01 3.671406169510008088e-01 0.000000000000000000e+00 2.245503618047102190e+00
-3.009864599999994539e+01 3.800218932759606427e-01 0.000000000000000000e+00 2.011748001540204722e+00
-2.973324999999995200e+01 3.754084472187705357e-01 0.000000000000000000e+00 1.996745502844895270e+00
-3.057872599999994989e+01 3.860833257578046851e-01 0.000000000000000000e+00 2.235082132792276521e+00
-2.951811599999994939e+01 3.726921911457222181e-01 0.000000000000000000e+00 2.898621172342381147e+00
-2.962938399999995553e+01 3.740970475642146909e-01 0.000000000000000000e+00 2.164182753103888412e+00
-3.074305399999995103e+01 3.881581113703619357e-01 0.000000000000000000e+00 2.553489232340878878e+00
-3.017756599999994194e+01 3.810183277274418745e-01 0.000000000000000000e+00 2.509692761759551249e+00
-2.928231199999994416e+01 3.697149581325811507e-01 0.000000000000000000e+00 2.445619787808647416e+00
-3.074463399999996227e+01 3.881780602607997066e-01 0.000000000000000000e+00 2.047986803551036239e+00
-2.986628399999995764e+01 3.770881185418618609e-01 0.000000000000000000e+00 2.512565206338942314e+00
-3.006264999999994814e+01 3.795674120986226585e-01 0.000000000000000000e+00 2.202705870656874954e+00
-2.945180599999994797e+01 3.718549690413415210e-01 0.000000000000000000e+00 2.584447462813753038e+00
-3.041729599999995060e+01 3.840451299455566181e-01 0.000000000000000000e+00 2.463456705891544640e+00
-3.035813999999995616e+01 3.832982333868665270e-01 0.000000000000000000e+00 2.223625353499836255e+00
-3.018592799999995435e+01 3.811239053362013851e-01 0.000000000000000000e+00 2.387082347332293963e+00
-2.908941199999995675e+01 3.672794258759830011e-01 0.000000000000000000e+00 1.893158132487093859e+00
-2.853605199999995179e+01 3.602927689059921557e-01 0.000000000000000000e+00 1.763895214968819403e+00
-2.995343599999993955e+01 3.781884892376990992e-01 0.000000000000000000e+00 2.357426018399360945e+00
-3.071649799999995523e+01 3.878228185004489181e-01 0.000000000000000000e+00 2.397597054543476602e+00
-2.941617399999996252e+01 3.714050836843323378e-01 0.000000000000000000e+00 2.302238777189706820e+00
-3.058510599999994639e+01 3.861638788723567584e-01 0.000000000000000000e+00 2.876720098868912334e+00
-2.916593599999996655e+01 3.682456087189273086e-01 0.000000000000000000e+00 2.224605037763883075e+00
-3.025498599999996330e+01 3.819958233588876539e-01 0.000000000000000000e+00 2.195046222978946027e+00
-3.071244399999993391e+01 3.877716331828320317e-01 0.000000000000000000e+00 2.716123271116948512e+00
-2.927070999999994072e+01 3.695684726725445568e-01 0.000000000000000000e+00 2.287858946237461666e+00
-3.034534399999993681e+01 3.831366726260812539e-01 0.000000000000000000e+00 1.990633286184235295e+00
-3.060372999999994903e+01 3.863990232619207155e-01 0.000000000000000000e+00 2.476494045189405302e+00
-2.894451199999995339e+01 3.654499358605289294e-01 0.000000000000000000e+00 1.929712551226112849e+00
-2.967761799999995986e+01 3.747060442612845099e-01 0.000000000000000000e+00 2.417155299582339545e+00
-2.769052199999995523e+01 3.496172085694367326e-01 0.000000000000000000e+00 1.844922169532450029e+00
-2.876483599999994922e+01 3.631813682413658206e-01 0.000000000000000000e+00 2.223279661044953226e+00
-2.999315399999993303e+01 3.786899639404858187e-01 0.000000000000000000e+00 1.837603372831694948e+00
-3.006878999999993951e+01 3.796449350019688862e-01 0.000000000000000000e+00 2.199791940092738152e+00
-2.882966399999994422e+01 3.639998787915511014e-01 0.000000000000000000e+00 2.276586073533363841e+00
-2.939195199999993946e+01 3.710992596183946279e-01 0.000000000000000000e+00 2.199582115338541310e+00
-2.885887599999995246e+01 3.643687059988075516e-01 0.000000000000000000e+00 1.960844382079136805e+00
-3.268938999999995332e+01 4.127323161924380535e-01 0.000000000000000000e+00 1.991215095530030066e+00
-3.278962199999993032e+01 4.139978333989870474e-01 0.000000000000000000e+00 2.075190159259355571e+00
-3.326166399999995349e+01 4.199577790571997205e-01 0.000000000000000000e+00 1.959859819534617076e+00
-3.316365799999994834e+01 4.187203670595834315e-01 0.000000000000000000e+00 2.214456519556449177e+00
-3.347232399999995067e+01 4.226175469430213383e-01 0.000000000000000000e+00 2.484690274912844554e+00
-3.391730799999994161e+01 4.282358615395485679e-01 0.000000000000000000e+00 2.313991582957025450e+00
-3.388558199999993548e+01 4.278352928699122315e-01 0.000000000000000000e+00 2.331609491030310899e+00
-3.356591199999994046e+01 4.237991778026921064e-01 0.000000000000000000e+00 2.403889956694138963e+00
-3.310661999999994975e+01 4.180002121147837757e-01 0.000000000000000000e+00 2.497453126849047411e+00
-3.336524599999993512e+01 4.212655929618286388e-01 0.000000000000000000e+00 1.659171620705204075e+00
-3.370636199999992755e+01 4.255724826520399517e-01 0.000000000000000000e+00 2.121852477606120502e+00
-3.360269999999994184e+01 4.242636586770090479e-01 0.000000000000000000e+00 2.045739861124561187e+00
-3.399107399999994072e+01 4.291672222053870001e-01 0.000000000000000000e+00 2.261362366640198740e+00
-3.379359399999994196e+01 4.266738634182795087e-01 0.000000000000000000e+00 2.230006182616786958e+00
-3.273864599999994596e+01 4.133542165388920941e-01 0.000000000000000000e+00 2.238705212521224119e+00
-3.359130399999994410e+01 4.241197741482574668e-01 0.000000000000000000e+00 2.497660495239253375e+00
-3.444203399999994275e+01 4.348609890609368422e-01 0.000000000000000000e+00 2.428145765690021829e+00
-3.376946799999995363e+01 4.263692514368245812e-01 0.000000000000000000e+00 2.292240814683529138e+00
-3.383618999999994514e+01 4.272116754037749708e-01 0.000000000000000000e+00 2.036856092242417038e+00
-3.400497999999994647e+01 4.293427976929985457e-01 0.000000000000000000e+00 2.471283991872412766e+00
-3.307691399999994530e+01 4.176251477227955755e-01 0.000000000000000000e+00 2.004440973530444481e+00
-3.386978199999994388e+01 4.276358039655356880e-01 0.000000000000000000e+00 2.270423202502257265e+00
-3.345409799999994505e+01 4.223874276537067929e-01 0.000000000000000000e+00 1.852860860529145892e+00
-3.377955399999992636e+01 4.264965960627446484e-01 0.000000000000000000e+00 2.182852291000761280e+00
-3.357918999999994725e+01 4.239668242376486984e-01 0.000000000000000000e+00 2.376624986565544884e+00
-3.408448799999991508e+01 4.303466561619334052e-01 0.000000000000000000e+00 1.999156536954643126e+00
-3.425570799999994875e+01 4.325084593396153476e-01 0.000000000000000000e+00 2.289172336941493580e+00
-3.390088999999994712e+01 4.280285698413172635e-01 0.000000000000000000e+00 2.347448345426250693e+00
-3.410487199999996477e+01 4.306040221003399893e-01 0.000000000000000000e+00 2.707186139062350172e+00
-3.435508599999993606e+01 4.337631940446241008e-01 0.000000000000000000e+00 1.901116347483947422e+00
-3.363057999999994507e+01 4.246156682120736936e-01 0.000000000000000000e+00 2.133621004183956060e+00
-3.418665999999995364e+01 4.316366675757294380e-01 0.000000000000000000e+00 2.593489882398041679e+00
-3.308694799999994984e+01 4.177518358029548295e-01 0.000000000000000000e+00 2.279540683775101773e+00
-3.387442999999993987e+01 4.276944890558864731e-01 0.000000000000000000e+00 2.278328025685998792e+00
-3.356134999999994051e+01 4.237415785380233557e-01 0.000000000000000000e+00 2.139418200791697533e+00
-3.429789599999994465e+01 4.330411199660609278e-01 0.000000000000000000e+00 2.642809695313002472e+00
-3.348997199999995900e+01 4.228403684736821155e-01 0.000000000000000000e+00 2.389696249328890243e+00
-3.408074599999993382e+01 4.302994101188844511e-01 0.000000000000000000e+00 2.314533125748226450e+00
-3.414375399999994443e+01 4.310949415674265595e-01 0.000000000000000000e+00 2.383765328063306654e+00
-3.349592599999994036e+01 4.229155429633438268e-01 0.000000000000000000e+00 1.672126965276273136e+00
-3.372276999999994018e+01 4.257796480914712300e-01 0.000000000000000000e+00 1.885901872909198973e+00
-3.400857199999993696e+01 4.293881498540440544e-01 0.000000000000000000e+00 2.336587469720002197e+00
-3.423205799999993104e+01 4.322098572770513569e-01 0.000000000000000000e+00 2.282417761368435549e+00
-3.370910999999993152e+01 4.256071785703455235e-01 0.000000000000000000e+00 2.272712373448132261e+00
-3.348774199999992618e+01 4.228122127612285452e-01 0.000000000000000000e+00 2.157589029364100686e+00
-3.351321999999994716e+01 4.231338949324761622e-01 0.000000000000000000e+00 2.143672653379821824e+00
-3.404672799999994481e+01 4.298699029322337051e-01 0.000000000000000000e+00 2.044233786373146788e+00
-3.421688399999993635e+01 4.320182721735696951e-01 0.000000000000000000e+00 1.969612248601847471e+00
-3.395092799999994782e+01 4.286603436259500688e-01 0.000000000000000000e+00 2.317546159198595745e+00
-3.367244999999993382e+01 4.251443138086716256e-01 0.000000000000000000e+00 1.915356236375421517e+00
-3.410611399999994120e+01 4.306197034433292825e-01 0.000000000000000000e+00 2.649417795279452648e+00
-3.415402799999993988e+01 4.312246598587914370e-01 0.000000000000000000e+00 2.385827442771758289e+00
-3.385807999999994422e+01 4.274880559174967787e-01 0.000000000000000000e+00 1.912808087127879197e+00
-3.322393599999995217e+01 4.194814298556603371e-01 0.000000000000000000e+00 2.120632592084282120e+00
-3.412642799999994736e+01 4.308761855701335741e-01 0.000000000000000000e+00 1.908764461771334187e+00
-3.345017799999993713e+01 4.223379342040132212e-01 0.000000000000000000e+00 1.896356352288420810e+00
-3.409621599999994856e+01 4.304947324828534150e-01 0.000000000000000000e+00 2.383192192079329530e+00
-3.421908999999993739e+01 4.320461248649022923e-01 0.000000000000000000e+00 2.177351942315956634e+00
-3.369357599999992914e+01 4.254110481500552043e-01 0.000000000000000000e+00 1.912015338106772155e+00
-3.439410599999994389e+01 4.342558558831543514e-01 0.000000000000000000e+00 2.625828842146125996e+00
-3.383103399999993144e+01 4.271465763663718773e-01 0.000000000000000000e+00 2.067362129133098136e+00
-3.417287599999993120e+01 4.314626324454806094e-01 0.000000000000000000e+00 2.174784050076854047e+00
-3.397530399999993733e+01 4.289681120774110346e-01 0.000000000000000000e+00 2.047428550222611499e+00
-3.372053399999995094e+01 4.257514166237380548e-01 0.000000000000000000e+00 2.663618148696365040e+00
-3.429020599999994090e+01 4.329440269486776183e-01 0.000000000000000000e+00 2.233819281270929658e+00
-3.356687599999992955e+01 4.238113491510349662e-01 0.000000000000000000e+00 2.034879605160705651e+00
-3.392044999999993138e+01 4.282755320545833522e-01 0.000000000000000000e+00 3.265729836027346344e+00
-3.440993999999994912e+01 4.344557740674518942e-01 0.000000000000000000e+00 2.399923609474504005e+00
-3.419505999999993406e+01 4.317427249679294254e-01 0.000000000000000000e+00 2.639632871090488830e+00
-3.364237799999992973e+01 4.247646283445947191e-01 0.000000000000000000e+00 1.864846452778458508e+00
-3.420645199999992769e+01 4.318865589931609184e-01 0.000000000000000000e+00 2.269771980648578769e+00
-3.395109999999993278e+01 4.286625152773139713e-01 0.000000000000000000e+00 2.289877518227743103e+00
-3.318451599999994528e+01 4.189837176651206030e-01 0.000000000000000000e+00 2.583757972244180134e+00
-3.376977999999995461e+01 4.263731907113920139e-01 0.000000000000000000e+00 2.029206489784077139e+00
-3.381611399999993495e+01 4.269581982364162864e-01 0.000000000000000000e+00 2.340259586439767947e+00
-3.353907599999995881e+01 4.234603496863726391e-01 0.000000000000000000e+00 2.177818247099141846e+00
-3.357750399999994073e+01 4.239455370039284521e-01 0.000000000000000000e+00 2.134480967351041425e+00
-3.445022999999995506e+01 4.349644707736123883e-01 0.000000000000000000e+00 2.496876288869593452e+00
-3.408690999999993920e+01 4.303772360433514854e-01 0.000000000000000000e+00 2.318262328934664662e+00
-3.343476199999994947e+01 4.221432936375659195e-01 0.000000000000000000e+00 1.784614624770695768e+00
-3.421662399999992488e+01 4.320149894447633532e-01 0.000000000000000000e+00 2.275100213449148701e+00
-3.373284399999992900e+01 4.259068412068312548e-01 0.000000000000000000e+00 2.400258138403813302e+00
-3.399490399999994139e+01 4.292155793258782825e-01 0.000000000000000000e+00 2.302241066716682383e+00
-3.449413799999994268e+01 4.355188479136988811e-01 0.000000000000000000e+00 2.055498061532935239e+00
-3.317808999999995478e+01 4.189025837600875435e-01 0.000000000000000000e+00 1.892978168432381203e+00
-3.420189799999993596e+01 4.318290607355324551e-01 0.000000000000000000e+00 2.578449731324164329e+00
-3.405187999999994020e+01 4.299349514661164329e-01 0.000000000000000000e+00 2.129786997648716262e+00
-3.349793199999992765e+01 4.229408704786714601e-01 0.000000000000000000e+00 1.986412241633929154e+00
-3.331799399999994904e+01 4.206689948789424371e-01 0.000000000000000000e+00 2.175862412549900871e+00
-3.386706199999995448e+01 4.276014615718710110e-01 0.000000000000000000e+00 2.930282216586731270e+00
-3.315103599999994088e+01 4.185610032019224658e-01 0.000000000000000000e+00 2.040857258061379742e+00
-3.398176399999994857e+01 4.290496752623651489e-01 0.000000000000000000e+00 2.265287766210158704e+00
-3.342262999999994122e+01 4.219901164611166156e-01 0.000000000000000000e+00 2.400532079297706733e+00
-3.385267799999993343e+01 4.274198509136078461e-01 0.000000000000000000e+00 2.004837800012658544e+00
-3.359504199999993546e+01 4.241669696877864437e-01 0.000000000000000000e+00 2.043681833011639970e+00
-3.379260399999992615e+01 4.266613637970557149e-01 0.000000000000000000e+00 2.100934770304577537e+00
-3.393337999999995702e+01 4.284387846832918845e-01 0.000000000000000000e+00 2.046322404468635892e+00
-3.373003199999993740e+01 4.258713372322043278e-01 0.000000000000000000e+00 2.065602776351911363e+00
-3.408508799999993499e+01 4.303542316899479636e-01 0.000000000000000000e+00 1.947354512208339772e+00
-3.280678199999994149e+01 4.142144935001962347e-01 0.000000000000000000e+00 1.986397711730376603e+00
-3.385215999999993386e+01 4.274133107077555116e-01 0.000000000000000000e+00 2.482802419717190290e+00
-3.446880799999995304e+01 4.351990343726951926e-01 0.000000000000000000e+00 2.628946524027824250e+00
-3.451756999999995656e+01 4.358146975344175944e-01 0.000000000000000000e+00 2.322647533994712354e+00
-3.387773999999994601e+01 4.277362807187654048e-01 0.000000000000000000e+00 2.087899682852738525e+00
-3.388396399999994202e+01 4.278148641960337617e-01 0.000000000000000000e+00 2.342337137165667382e+00
-3.463062199999993140e+01 4.372420785228721685e-01 0.000000000000000000e+00 2.821286441853407823e+00
-3.379155999999992588e+01 4.266481823783108696e-01 0.000000000000000000e+00 2.156993719382266583e+00
-3.413385999999994169e+01 4.309700211104706691e-01 0.000000000000000000e+00 2.404750930045678192e+00
-3.423804599999995446e+01 4.322854610466344005e-01 0.000000000000000000e+00 2.129014643587521238e+00
-3.428022599999993503e+01 4.328180206660396379e-01 0.000000000000000000e+00 2.362795370948092888e+00
-3.409827999999993153e+01 4.305207922992224101e-01 0.000000000000000000e+00 2.259461199203710358e+00
-3.436286999999994407e+01 4.338614738947297877e-01 0.000000000000000000e+00 1.532300309563000562e+00
-3.491742599999992791e+01 4.408632314172288846e-01 0.000000000000000000e+00 2.198860351770866473e+00
-3.500141199999993091e+01 4.419236285769109762e-01 0.000000000000000000e+00 2.141885124539415930e+00
-3.558022199999992807e+01 4.492316141935083773e-01 0.000000000000000000e+00 2.838971605793374042e+00
-3.562722799999993128e+01 4.498251063099089619e-01 0.000000000000000000e+00 2.900881061565520280e+00
-3.617144599999995336e+01 4.566963374847221036e-01 0.000000000000000000e+00 2.389982841382977785e+00
-3.592260399999994291e+01 4.535544882478301787e-01 0.000000000000000000e+00 2.332585002074528457e+00
-3.585489399999991633e+01 4.526995899114157895e-01 0.000000000000000000e+00 2.245546973830830684e+00
-3.619108399999992542e+01 4.569442845166298839e-01 0.000000000000000000e+00 2.412470289709557125e+00
-3.624146799999994073e+01 4.575804268557511212e-01 0.000000000000000000e+00 2.207273939367313531e+00
-3.636095799999993972e+01 4.590890932597994634e-01 0.000000000000000000e+00 2.099174169567112003e+00
-3.683797999999993067e+01 4.651119158005304621e-01 0.000000000000000000e+00 2.552515666608695000e+00
-3.633258999999993222e+01 4.587309222952831167e-01 0.000000000000000000e+00 2.224405086895384631e+00
-3.727595799999993176e+01 4.706417734816108478e-01 0.000000000000000000e+00 2.441766503003077293e+00
-3.641811199999992255e+01 4.598107128066816762e-01 0.000000000000000000e+00 2.137966809716768779e+00
-3.539519399999996097e+01 4.468954728644581875e-01 0.000000000000000000e+00 2.134142272472844049e+00
-3.668023199999994688e+01 4.631202084785303041e-01 0.000000000000000000e+00 2.244894637147798910e+00
-3.678553399999992735e+01 4.644497388968001905e-01 0.000000000000000000e+00 1.766369280185724477e+00
-3.586333599999995414e+01 4.528061775905775077e-01 0.000000000000000000e+00 2.358191533225784564e+00
-3.667867399999994404e+01 4.631005373574531014e-01 0.000000000000000000e+00 2.386810195896683862e+00
-3.597910599999994474e+01 4.542678757209370755e-01 0.000000000000000000e+00 2.129664365353035382e+00
-3.699750599999993739e+01 4.671260719372132275e-01 0.000000000000000000e+00 2.620331728471867905e+00
-3.592813199999992690e+01 4.536242841126017500e-01 0.000000000000000000e+00 1.778077830208449006e+00
-3.649019999999994468e+01 4.607208872458403714e-01 0.000000000000000000e+00 1.924188084424810929e+00
-3.586425599999994063e+01 4.528177934001992866e-01 0.000000000000000000e+00 2.015103534063185986e+00
-3.696419799999992506e+01 4.667055291253791038e-01 0.000000000000000000e+00 2.440734147460927428e+00
-3.665183599999991770e+01 4.627616839893730627e-01 0.000000000000000000e+00 2.135915032241107347e+00
-3.631423799999993918e+01 4.584992121450857661e-01 0.000000000000000000e+00 2.858465643471171269e+00
-3.683673599999993797e+01 4.650962092057808750e-01 0.000000000000000000e+00 2.277786436700368178e+00
-3.796049799999993013e+01 4.792846933931286246e-01 0.000000000000000000e+00 2.243407599382166495e+00
-3.674244199999994720e+01 4.639056644748132396e-01 0.000000000000000000e+00 2.278969677584476550e+00
-3.684759799999992680e+01 4.652333515145996579e-01 0.000000000000000000e+00 2.072100238302123199e+00
-3.695323999999991571e+01 4.665671747320777607e-01 0.000000000000000000e+00 2.551842008028591735e+00
-3.713357999999993098e+01 4.688441259355768387e-01 0.000000000000000000e+00 2.213393331698656485e+00
-3.655502399999993202e+01 4.615393472925054530e-01 0.000000000000000000e+00 1.685845310439635591e+00
-3.707452199999993780e+01 4.680984667131291577e-01 0.000000000000000000e+00 1.962742801531991876e+00
-3.687518199999993840e+01 4.655816237891773346e-01 0.000000000000000000e+00 2.801443792565728508e+00
-3.715022199999995678e+01 4.690542458309339136e-01 0.000000000000000000e+00 2.305642874725775116e+00
-3.723610199999992432e+01 4.701385564073806700e-01 0.000000000000000000e+00 2.060220338416316466e+00
-3.708649199999994295e+01 4.682495984970145297e-01 0.000000000000000000e+00 1.695535072404440680e+00
-3.605026999999994075e+01 4.551663838469534040e-01 0.000000000000000000e+00 2.229360914606640875e+00
-3.782390199999993285e+01 4.775600486853925353e-01 0.000000000000000000e+00 2.783294494883443715e+00
-3.675538599999993750e+01 4.640690938658416642e-01 0.000000000000000000e+00 1.986742064921687589e+00
-3.711368199999995454e+01 4.685928961748628274e-01 0.000000000000000000e+00 2.172877805969016141e+00
-3.696930399999993710e+01 4.667699968687809564e-01 0.000000000000000000e+00 2.345813816181040234e+00
-3.701026599999993749e+01 4.672871781663174295e-01 0.000000000000000000e+00 2.189532995925492997e+00
-3.671535999999994004e+01 4.635637303920076002e-01 0.000000000000000000e+00 1.950641881613082607e+00
-3.644165999999992067e+01 4.601080270294829466e-01 0.000000000000000000e+00 1.964208033274428278e+00
-3.679665799999992970e+01 4.645901891861853872e-01 0.000000000000000000e+00 1.886785519608961570e+00
-3.712141199999993546e+01 4.686904942274468522e-01 0.000000000000000000e+00 2.377272685509318251e+00
-3.757171399999995032e+01 4.743759532539411627e-01 0.000000000000000000e+00 2.566816038668854993e+00
-3.726070599999993505e+01 4.704492035594872723e-01 0.000000000000000000e+00 2.341938599796365761e+00
-3.666602199999995548e+01 4.629407947233916687e-01 0.000000000000000000e+00 2.227421045844432790e+00
-3.670146599999993953e+01 4.633883064149563746e-01 0.000000000000000000e+00 2.182669968353327050e+00
-3.666577999999994120e+01 4.629377392604257513e-01 0.000000000000000000e+00 2.410445191371515250e+00
-3.655055199999994642e+01 4.614828843570390471e-01 0.000000000000000000e+00 2.747202071694624603e+00
-3.720593399999993522e+01 4.697576588588216473e-01 0.000000000000000000e+00 2.256710682540167046e+00
-3.679547399999993473e+01 4.645752401442372337e-01 0.000000000000000000e+00 2.262089002643977942e+00
-3.763741599999994492e+01 4.752054988232672916e-01 0.000000000000000000e+00 2.322971984713034566e+00
-3.688970199999993582e+01 4.657649515671234419e-01 0.000000000000000000e+00 2.380218181747889794e+00
-3.657014799999993926e+01 4.617303011019860404e-01 0.000000000000000000e+00 1.690852132695944032e+00
-3.736422799999994027e+01 4.717562599113150901e-01 0.000000000000000000e+00 2.650825083221135525e+00
-3.750883199999994844e+01 4.735820126662821927e-01 0.000000000000000000e+00 2.166668225774729173e+00
-3.732934199999994718e+01 4.713157934608035449e-01 0.000000000000000000e+00 2.535415166496605810e+00
-3.647982599999993170e+01 4.605899063664729010e-01 0.000000000000000000e+00 1.566041857524628877e+00
-3.738722799999993640e+01 4.720466551518632814e-01 0.000000000000000000e+00 2.537979812707960026e+00
-3.733406599999995024e+01 4.713754381180362274e-01 0.000000000000000000e+00 2.699913278825035956e+00
-3.714652799999992538e+01 4.690076058301254069e-01 0.000000000000000000e+00 2.259047660350115727e+00
-3.683549199999991686e+01 4.650805026110309548e-01 0.000000000000000000e+00 2.288577647717533914e+00
-3.727218799999994303e+01 4.705941739139211100e-01 0.000000000000000000e+00 2.285938028414929768e+00
-3.722963999999993945e+01 4.700569679706668169e-01 0.000000000000000000e+00 2.315448485824084912e+00
-3.722798399999993535e+01 4.700360595133472597e-01 0.000000000000000000e+00 1.937800988975060923e+00
-3.639258599999992327e+01 4.594884245931931677e-01 0.000000000000000000e+00 1.800327568680070378e+00
-3.702504799999993423e+01 4.674738139248297286e-01 0.000000000000000000e+00 2.049083909254981073e+00
-3.643740599999993890e+01 4.600543165358618181e-01 0.000000000000000000e+00 1.873961136570813757e+00
-3.773388999999993842e+01 4.764235679726869233e-01 0.000000000000000000e+00 2.599631830090599838e+00
-3.690002799999993499e+01 4.658953264042495768e-01 0.000000000000000000e+00 2.836392371030567627e+00
-3.708440999999991305e+01 4.682233114148045550e-01 0.000000000000000000e+00 2.034036642474587264e+00
-3.622255199999994346e+01 4.573415957092202278e-01 0.000000000000000000e+00 1.785320895269773889e+00
-3.737436599999992382e+01 4.718842610829965256e-01 0.000000000000000000e+00 2.292418035467652881e+00
-3.755422799999992378e+01 4.741551771158440398e-01 0.000000000000000000e+00 2.568916894279208218e+00
-3.773580799999993474e+01 4.764477844105726168e-01 0.000000000000000000e+00 2.275128003755108264e+00
-3.663756799999993774e+01 4.625815379331931765e-01 0.000000000000000000e+00 2.178126706894915277e+00
-3.680683599999994726e+01 4.647186953930682596e-01 0.000000000000000000e+00 2.366608095114741683e+00
-3.691770599999992442e+01 4.661185267113108210e-01 0.000000000000000000e+00 2.907689844860182227e+00
-3.734336399999993716e+01 4.714928335504977031e-01 0.000000000000000000e+00 2.137287375898653696e+00
-3.645308799999993710e+01 4.602523155863955662e-01 0.000000000000000000e+00 2.404564908386218836e+00
-3.690948599999991586e+01 4.660147419775148014e-01 0.000000000000000000e+00 3.108072736464763342e+00
-3.669509599999992844e+01 4.633078795592043830e-01 0.000000000000000000e+00 2.158683580610173181e+00
-3.754035799999993372e+01 4.739800561599135098e-01 0.000000000000000000e+00 2.455667252538071388e+00
-3.693444199999993316e+01 4.663298334393898847e-01 0.000000000000000000e+00 2.120534138789974321e+00
-3.698712199999993544e+01 4.669949647990456754e-01 0.000000000000000000e+00 2.595612772772120991e+00
-3.703404399999993757e+01 4.675873963415242418e-01 0.000000000000000000e+00 1.941110931437318277e+00
-3.715891599999994099e+01 4.691640152318609092e-01 0.000000000000000000e+00 2.243927016076677994e+00
-3.671973199999992943e+01 4.636189307394716907e-01 0.000000000000000000e+00 2.101150970247910532e+00
-3.674669399999996244e+01 4.639593497166747960e-01 0.000000000000000000e+00 2.440516559239709338e+00
-3.672359199999994672e+01 4.636676666363638843e-01 0.000000000000000000e+00 2.637870324489861140e+00
-3.744113999999994746e+01 4.727273415957085612e-01 0.000000000000000000e+00 1.960627987934148164e+00
-3.652071199999994633e+01 4.611061280971276988e-01 0.000000000000000000e+00 1.966104140674079126e+00
-3.720959199999993672e+01 4.698038443279488607e-01 0.000000000000000000e+00 2.148394035848332440e+00
-3.665529999999991162e+01 4.628054200377755278e-01 0.000000000000000000e+00 2.615633519954022823e+00
-3.708611399999993807e+01 4.682448259143654479e-01 0.000000000000000000e+00 2.043368285084431690e+00
-3.733798799999993889e+01 4.714249568194895379e-01 0.000000000000000000e+00 2.291313733143701903e+00
-3.738296199999994229e+01 4.719927931476816663e-01 0.000000000000000000e+00 2.099594863795576583e+00
-3.668581199999992748e+01 4.631906608890630772e-01 0.000000000000000000e+00 2.753396633481760336e+00
-3.678316399999992115e+01 4.644198155611436452e-01 0.000000000000000000e+00 1.831369611532429831e+00
-3.749518999999992275e+01 4.734097704109966886e-01 0.000000000000000000e+00 2.292096099907706463e+00
-3.677794599999994318e+01 4.643539337191795457e-01 0.000000000000000000e+00 2.256367447125685821e+00
-3.645497399999995025e+01 4.602761279961207208e-01 0.000000000000000000e+00 2.636139518334576159e+00
-3.663723799999994668e+01 4.625773713927854303e-01 0.000000000000000000e+00 2.811928318941407046e+00
-3.703041199999994149e+01 4.675415391452776848e-01 0.000000000000000000e+00 1.846401546622427281e+00
-3.670762199999992959e+01 4.634660313323830105e-01 0.000000000000000000e+00 2.322072064045863637e+00
-3.734075999999992490e+01 4.714599557589154721e-01 0.000000000000000000e+00 2.604397608397431618e+00
-3.549263599999996188e+01 4.481257638657409892e-01 0.000000000000000000e+00 2.352125273991479748e+00
-3.757650599999993801e+01 4.744364564710152887e-01 0.000000000000000000e+00 2.832738655090590196e+00
-3.649828599999991496e+01 4.608229801117127433e-01 0.000000000000000000e+00 2.685322844349982585e+00
-3.731787399999995358e+01 4.711709998686902656e-01 0.000000000000000000e+00 2.422373798387678523e+00
-3.635423599999992916e+01 4.590042220942791018e-01 0.000000000000000000e+00 2.208915652144026076e+00
-3.732929799999992326e+01 4.713152379220822419e-01 0.000000000000000000e+00 2.707568213564909065e+00
-3.524238999999993638e+01 4.449661878932953951e-01 0.000000000000000000e+00 2.299493999038953795e+00
-3.710606399999993954e+01 4.684967122208410495e-01 0.000000000000000000e+00 2.202263792285592992e+00
-3.678686999999993645e+01 4.644666070725121942e-01 0.000000000000000000e+00 2.196273841617601530e+00
-3.720825999999995304e+01 4.697870266557573338e-01 0.000000000000000000e+00 2.731915955567233212e+00
-3.603782999999994985e+01 4.550093178994569776e-01 0.000000000000000000e+00 1.989416788885373544e+00
-3.659352199999994326e+01 4.620254184216632809e-01 0.000000000000000000e+00 2.402899538019461989e+00
-3.680460999999993987e+01 4.646905901841351105e-01 0.000000000000000000e+00 2.138338975948527843e+00
-3.745655799999993008e+01 4.729220074139158791e-01 0.000000000000000000e+00 2.032096966248998271e+00
-3.700444199999994765e+01 4.672136450410587227e-01 0.000000000000000000e+00 2.115115532111136787e+00
-3.732249399999994921e+01 4.712293314344003781e-01 0.000000000000000000e+00 2.666829920980786195e+00
-3.724962599999994950e+01 4.703093088088233786e-01 0.000000000000000000e+00 2.767041904550668896e+00
-3.759393599999991409e+01 4.746565255598304556e-01 0.000000000000000000e+00 2.414279320852280808e+00
-3.619246999999993619e+01 4.569617839863430730e-01 0.000000000000000000e+00 2.710999504730029930e+00
-3.735080399999993261e+01 4.715867700978749744e-01 0.000000000000000000e+00 2.729354828412344780e+00
-3.758201999999995735e+01 4.745060755734669677e-01 0.000000000000000000e+00 2.624932473282489909e+00
-3.788683999999991414e+01 4.783546963223325732e-01 0.000000000000000000e+00 2.849937627812974217e+00
-3.693116199999992944e+01 4.662884205529116421e-01 0.000000000000000000e+00 2.036878802560228685e+00
-3.702471799999992896e+01 4.674696473844218159e-01 0.000000000000000000e+00 2.516074788452614897e+00
-3.677909599999992452e+01 4.643684534812067000e-01 0.000000000000000000e+00 2.379353573952981193e+00
-3.630554199999992449e+01 4.583894174923983100e-01 0.000000000000000000e+00 2.628618882787205457e+00
-3.721486999999996215e+01 4.698704837227150044e-01 0.000000000000000000e+00 2.423823561164584195e+00
-3.691840399999994560e+01 4.661273395755677340e-01 0.000000000000000000e+00 2.140941089774033745e+00
-3.623959399999992570e+01 4.575567659565862311e-01 0.000000000000000000e+00 2.353776863767694127e+00
-3.739140199999993541e+01 4.720993555750827575e-01 0.000000000000000000e+00 2.310858654265975698e+00
-3.730569399999992442e+01 4.710172166499995705e-01 0.000000000000000000e+00 2.686128921062743924e+00
-3.691214599999992174e+01 4.660483268183782668e-01 0.000000000000000000e+00 1.992848732389354671e+00
-3.634460599999994201e+01 4.588826348696496971e-01 0.000000000000000000e+00 2.115616902261690857e+00
-3.798311399999992233e+01 4.795702402957476296e-01 0.000000000000000000e+00 2.836375704089907579e+00
-3.715376399999993851e+01 4.690989666979780703e-01 0.000000000000000000e+00 2.147809727550746839e+00
-3.758754999999995050e+01 4.745758966899986664e-01 0.000000000000000000e+00 2.336849925528903249e+00
-3.712554599999991467e+01 4.687426896154651135e-01 0.000000000000000000e+00 2.509168739788400604e+00
-3.764142399999993671e+01 4.752561033504027477e-01 0.000000000000000000e+00 2.325742455543860832e+00
-3.812640399999993690e+01 4.813794026443635188e-01 0.000000000000000000e+00 3.018834318877457790e+00
-3.827940999999994176e+01 4.833112380432909028e-01 0.000000000000000000e+00 2.564155552156804685e+00
-3.699122399999992439e+01 4.670467561589033423e-01 0.000000000000000000e+00 2.618474685192496487e+00
-3.762952799999991527e+01 4.751059058816389236e-01 0.000000000000000000e+00 2.302809083613253982e+00
-3.783089999999992159e+01 4.776484045937992029e-01 0.000000000000000000e+00 1.926322565581024993e+00
-3.695137799999993433e+01 4.665436653434736347e-01 0.000000000000000000e+00 1.947853072652663053e+00
-3.733237199999994971e+01 4.713540498772758047e-01 0.000000000000000000e+00 2.132066233363894892e+00
-3.676280399999991744e+01 4.641627526438582563e-01 0.000000000000000000e+00 2.150855407371258465e+00
-3.692933999999994654e+01 4.662654161995084534e-01 0.000000000000000000e+00 1.837190590729950612e+00
-3.773060999999994891e+01 4.763821550862089027e-01 0.000000000000000000e+00 2.553834551861735136e+00
-3.779181199999992913e+01 4.771548841954275644e-01 0.000000000000000000e+00 2.134875422537233725e+00
-3.804805599999992438e+01 4.803901901962557286e-01 0.000000000000000000e+00 2.352592840333378899e+00
-3.778324599999992017e+01 4.770467309071432238e-01 0.000000000000000000e+00 2.236454082631970763e+00
-3.763505799999993684e+01 4.751757269981710108e-01 0.000000000000000000e+00 3.393162656813246247e+00
-3.718519199999992253e+01 4.694957728553670329e-01 0.000000000000000000e+00 1.673176548955834564e+00
-3.800569199999993941e+01 4.798553074149260467e-01 0.000000000000000000e+00 2.601401792650269940e+00
-3.799723599999994406e+01 4.797485429734445472e-01 0.000000000000000000e+00 2.083431408771247106e+00
-3.808380999999992866e+01 4.808416159106280729e-01 0.000000000000000000e+00 2.774553724693778811e+00
-3.819874399999991965e+01 4.822927588052877135e-01 0.000000000000000000e+00 2.227973862182789144e+00
-3.745019599999992010e+01 4.728416815652041194e-01 0.000000000000000000e+00 2.168869632507246514e+00
-3.745548199999992534e+01 4.729084219670101619e-01 0.000000000000000000e+00 2.082905265907078363e+00
-3.800337799999995525e+01 4.798260911285511243e-01 0.000000000000000000e+00 2.565898002160433844e+00
-3.747092599999993467e+01 4.731034160580984138e-01 0.000000000000000000e+00 1.989704970496932956e+00
-3.776007999999991682e+01 4.767542397705109569e-01 0.000000000000000000e+00 2.423822458244601741e+00
-3.796695199999993520e+01 4.793661808228025234e-01 0.000000000000000000e+00 2.631300036045477242e+00
-3.728049199999993846e+01 4.706990192216389812e-01 0.000000000000000000e+00 2.094997990581711989e+00
-3.712893999999993611e+01 4.687855418522662854e-01 0.000000000000000000e+00 1.882137731625419752e+00
-3.740306599999994575e+01 4.722466238396809679e-01 0.000000000000000000e+00 2.379775138185805883e+00
-3.730707199999994828e+01 4.710346151126726943e-01 0.000000000000000000e+00 2.061127800627901241e+00
-3.778847999999995722e+01 4.771128147631884531e-01 0.000000000000000000e+00 2.338210820782471888e+00
-3.809142599999993450e+01 4.809377746128897235e-01 0.000000000000000000e+00 2.346238064105726107e+00
-3.709348599999995599e+01 4.683379039019014423e-01 0.000000000000000000e+00 2.420458179225118744e+00
-3.751879399999993581e+01 4.737077916830795266e-01 0.000000000000000000e+00 2.300738225919250368e+00
-3.754588399999995119e+01 4.740498267729254533e-01 0.000000000000000000e+00 2.234752638141592751e+00
-3.772615399999994423e+01 4.763258941648226275e-01 0.000000000000000000e+00 2.385971946265854626e+00
-3.777577799999993147e+01 4.769524408351253353e-01 0.000000000000000000e+00 2.107013545644951247e+00
-3.733988199999992474e+01 4.714488702362545358e-01 0.000000000000000000e+00 2.580473496930281829e+00
-3.763572199999993018e+01 4.751841105825067579e-01 0.000000000000000000e+00 2.298421034280760278e+00
-3.786107399999993817e+01 4.780293778976387187e-01 0.000000000000000000e+00 2.343630098654045035e+00
-3.740572399999993536e+01 4.722801834287841949e-01 0.000000000000000000e+00 2.316290399403251765e+00
-3.814174599999993376e+01 4.815731088956892170e-01 0.000000000000000000e+00 2.403325478212691824e+00
-3.727983199999992792e+01 4.706906861408231002e-01 0.000000000000000000e+00 2.259691322751222309e+00
-3.837171999999993943e+01 4.844767330282913065e-01 0.000000000000000000e+00 2.406435047361909607e+00
-3.792497799999991770e+01 4.788362221346817438e-01 0.000000000000000000e+00 2.060010850004768468e+00
-3.772259399999993690e+01 4.762809460319376575e-01 0.000000000000000000e+00 2.039661795980852510e+00
-3.787623599999990631e+01 4.782208114905597274e-01 0.000000000000000000e+00 1.955723510726421255e+00
-3.828663799999993245e+01 4.834024979041030567e-01 0.000000000000000000e+00 2.445590625850631028e+00
-3.778768399999994188e+01 4.771027645626892966e-01 0.000000000000000000e+00 2.504612525395430112e+00
-3.839147199999992921e+01 4.847261194105220161e-01 0.000000000000000000e+00 2.359050244007857788e+00
-3.828797999999994062e+01 4.834194418350951650e-01 0.000000000000000000e+00 2.479940411714879556e+00
-3.981500399999992368e+01 5.026994636526156413e-01 0.000000000000000000e+00 3.156608802257399038e+00
-3.871511799999992576e+01 4.888124349767169474e-01 0.000000000000000000e+00 2.662160018579125875e+00
-3.798838199999993037e+01 4.796367534317133030e-01 0.000000000000000000e+00 1.478767902672950108e+00
-3.851510399999991563e+01 4.862870822096289625e-01 0.000000000000000000e+00 2.127476987919083129e+00
-3.891202199999994349e+01 4.912985212569309090e-01 0.000000000000000000e+00 2.337323301832436862e+00
-3.918304799999992838e+01 4.947204630162713723e-01 0.000000000000000000e+00 2.087405924837443472e+00
-3.902188799999996149e+01 4.926856761916300620e-01 0.000000000000000000e+00 2.638362995575136427e+00
-3.877976999999994234e+01 4.896287233720182930e-01 0.000000000000000000e+00 2.173800256474936798e+00
-3.928692799999993923e+01 4.960320394331477201e-01 0.000000000000000000e+00 2.172242671585885798e+00
-3.972535399999991057e+01 5.015675535084784809e-01 0.000000000000000000e+00 2.936474432377037314e+00
-3.947241599999994577e+01 4.983739886670094377e-01 0.000000000000000000e+00 2.428019525769755660e+00
-3.860429999999993100e+01 4.874132602042353657e-01 0.000000000000000000e+00 2.252651417617232976e+00
-3.916435199999992278e+01 4.944844095633456060e-01 0.000000000000000000e+00 2.319870876957062400e+00
-3.865841999999994982e+01 4.880965728311257301e-01 0.000000000000000000e+00 2.399937570652683316e+00
-3.812437399999993914e+01 4.813537721079151899e-01 0.000000000000000000e+00 2.310088922273798584e+00
-3.903578399999994986e+01 4.928611254204411929e-01 0.000000000000000000e+00 2.414083253931631035e+00
-3.975954999999991912e+01 5.019993081017737335e-01 0.000000000000000000e+00 2.183606159104889421e+00
-3.872242799999993679e+01 4.889047301596913253e-01 0.000000000000000000e+00 2.116951581878093069e+00
-3.949816599999994082e+01 4.986991050776231615e-01 0.000000000000000000e+00 2.545950695652002160e+00
-3.928269399999992118e+01 4.959785814571265883e-01 0.000000000000000000e+00 2.317998579662457370e+00
-3.875464199999992587e+01 4.893114602587791406e-01 0.000000000000000000e+00 2.296777554308591984e+00
-3.868702599999993197e+01 4.884577487550874064e-01 0.000000000000000000e+00 2.692521308981076444e+00
-4.007049599999992751e+01 5.059252749916660630e-01 0.000000000000000000e+00 2.143331080159049051e+00
-4.001529399999993331e+01 5.052283011625902098e-01 0.000000000000000000e+00 2.219043519213999893e+00
-4.076741599999991195e+01 5.147245032978787771e-01 0.000000000000000000e+00 2.359428759778240181e+00
-4.002964199999993156e+01 5.054094572891721926e-01 0.000000000000000000e+00 1.817111744487815539e+00
-4.090760599999991598e+01 5.164945254184206691e-01 0.000000000000000000e+00 2.771359442869112844e+00
-4.021697399999994360e+01 5.077746886457978892e-01 0.000000000000000000e+00 2.977463303715722098e+00
-4.001967599999992586e+01 5.052836277688546041e-01 0.000000000000000000e+00 2.609965339261319794e+00
-4.054107399999990946e+01 5.118667363615232446e-01 0.000000000000000000e+00 2.598418261469734869e+00
-4.001033399999991502e+01 5.051656767976717699e-01 0.000000000000000000e+00 1.538323187872910003e+00
-4.070584999999995546e+01 5.139471783683317030e-01 0.000000000000000000e+00 2.638168782307037219e+00
-4.103682199999992264e+01 5.181259911315808653e-01 0.000000000000000000e+00 2.356559330956720988e+00
-4.132904999999993834e+01 5.218156267991871378e-01 0.000000000000000000e+00 2.469500481347135512e+00
-4.173531599999994057e+01 5.269450925729516344e-01 0.000000000000000000e+00 2.624659163816524643e+00
-4.123919799999994495e+01 5.206811662272853303e-01 0.000000000000000000e+00 2.152066644511782201e+00
-4.183232399999993589e+01 5.281699039423040087e-01 0.000000000000000000e+00 2.833165478205063703e+00
-4.116081999999993002e+01 5.196915750027768510e-01 0.000000000000000000e+00 1.905945134190763612e+00
-4.167994599999994421e+01 5.262459975960317449e-01 0.000000000000000000e+00 2.259691718467165433e+00
-4.181360599999995031e+01 5.279335727200179518e-01 0.000000000000000000e+00 2.535032993382806410e+00
-4.300230199999994340e+01 5.429419058008335686e-01 0.000000000000000000e+00 2.508224050774740199e+00
-4.263842199999993454e+01 5.383476005777594331e-01 0.000000000000000000e+00 2.409876810111909240e+00
-4.358111199999994767e+01 5.502498914174311917e-01 0.000000000000000000e+00 2.244122854326181749e+00
-4.371172799999992264e+01 5.518990333626244693e-01 0.000000000000000000e+00 2.386761444456365400e+00
-4.515309599999992685e+01 5.700975728008232934e-01 0.000000000000000000e+00 3.132589070663499342e+00
-4.540514999999994927e+01 5.732799763643520174e-01 0.000000000000000000e+00 3.335864309472452494e+00
-4.500436999999993049e+01 5.682197761683980275e-01 0.000000000000000000e+00 2.594111973530079052e+00
-4.431428799999992663e+01 5.595068836297880654e-01 0.000000000000000000e+00 2.316682308265486601e+00
-4.570632599999991896e+01 5.770825884064109124e-01 0.000000000000000000e+00 2.662674041302514283e+00
-4.470059199999992927e+01 5.643843115865166959e-01 0.000000000000000000e+00 2.321195029545746191e+00
-4.151989799999993380e+01 5.242252507499765013e-01 0.000000000000000000e+00 2.035923948391078930e+00
-4.473175399999993118e+01 5.647777592598195451e-01 0.000000000000000000e+00 1.908432030763589804e+00
-4.420098799999991712e+01 5.580763714230871919e-01 0.000000000000000000e+00 2.157345850774636808e+00
-4.561623599999992962e+01 5.759451228750634977e-01 0.000000000000000000e+00 2.391883830897539642e+00
-4.388454999999993333e+01 5.540810632001041958e-01 0.000000000000000000e+00 2.336186924404289211e+00
-4.547183199999991388e+01 5.741218952961010258e-01 0.000000000000000000e+00 2.445533186823384053e+00
-4.531783399999993378e+01 5.721775350241903313e-01 0.000000000000000000e+00 2.591900413670995551e+00
-4.528495799999993920e+01 5.717624465925267296e-01 0.000000000000000000e+00 2.302103157224064667e+00
-4.533013999999992194e+01 5.723329091037635541e-01 0.000000000000000000e+00 2.726456616863059956e+00
-4.462756799999991131e+01 5.634623193236557581e-01 0.000000000000000000e+00 2.541351314878035339e+00
-4.410301599999991851e+01 5.568393887053917357e-01 0.000000000000000000e+00 2.007920030738878925e+00
-4.501591999999991600e+01 5.683656050826731976e-01 0.000000000000000000e+00 1.922405797248054826e+00
-4.474492399999991932e+01 5.649440420997333678e-01 0.000000000000000000e+00 2.343802346060345432e+00
-4.448500199999991622e+01 5.616622981121773828e-01 0.000000000000000000e+00 2.472520338079787106e+00
-4.484406199999991571e+01 5.661957465935365530e-01 0.000000000000000000e+00 2.136591659383105579e+00
-4.570912799999993581e+01 5.771179661222379798e-01 0.000000000000000000e+00 1.972302942190609754e+00
-4.524914199999992803e+01 5.713102380735928243e-01 0.000000000000000000e+00 2.429795452885827434e+00
-4.569676599999993272e+01 5.769618849933831894e-01 0.000000000000000000e+00 2.482233240012352571e+00
-4.469574999999993992e+01 5.643231770754414400e-01 0.000000000000000000e+00 2.067090204963137001e+00
-4.552612799999992177e+01 5.748074300778754919e-01 0.000000000000000000e+00 2.825927969732627609e+00
-4.551838599999992141e+01 5.747096805147309251e-01 0.000000000000000000e+00 2.319179363264932014e+00
-4.482582199999990991e+01 5.659654505419016157e-01 0.000000000000000000e+00 1.652450092498402245e+00
-4.504070199999991786e+01 5.686784996414240290e-01 0.000000000000000000e+00 2.303771831872525322e+00
-4.579787199999989156e+01 5.782384372190728650e-01 0.000000000000000000e+00 2.424427630299905267e+00
-4.501792999999989320e+01 5.683909831015208081e-01 0.000000000000000000e+00 2.200001247818745842e+00
-4.502954599999993235e+01 5.685376453238782934e-01 0.000000000000000000e+00 2.258305941975000675e+00
-4.564723199999991721e+01 5.763364746522822157e-01 0.000000000000000000e+00 2.200480699498326143e+00
-4.536371999999991544e+01 5.727568861549640067e-01 0.000000000000000000e+00 2.638316142825751331e+00
-4.517343799999991916e+01 5.703544084522681468e-01 0.000000000000000000e+00 2.550066192318952041e+00
-4.496196399999993076e+01 5.676843631001071699e-01 0.000000000000000000e+00 2.202778617446334852e+00
-4.469520199999989529e+01 5.643162580931877503e-01 0.000000000000000000e+00 2.695627961995295863e+00
-4.467438599999989890e+01 5.640534377746115879e-01 0.000000000000000000e+00 2.121626353542121812e+00
-4.510364799999993579e+01 5.694732482854046873e-01 0.000000000000000000e+00 2.206304871946702217e+00
-4.486770799999992221e+01 5.664942981525802335e-01 0.000000000000000000e+00 2.077249968650519474e+00
-4.525573799999994407e+01 5.713935183782302696e-01 0.000000000000000000e+00 2.557815662748592178e+00
-4.590030599999990102e+01 5.795317566134347009e-01 0.000000000000000000e+00 2.386874021541797397e+00
-4.475750999999991109e+01 5.651029514257133179e-01 0.000000000000000000e+00 2.432676830388925904e+00
-4.549195799999993284e+01 5.743760037574611177e-01 0.000000000000000000e+00 2.474963863634980221e+00
-4.492151199999992883e+01 5.671736210013829105e-01 0.000000000000000000e+00 2.129792793700121756e+00
-4.497291999999992385e+01 5.678226922416482747e-01 0.000000000000000000e+00 2.237974353939045979e+00
-4.513517199999991902e+01 5.698712665272759326e-01 0.000000000000000000e+00 2.303582410778586276e+00
-4.496476399999992424e+01 5.677197155641738879e-01 0.000000000000000000e+00 2.283037829563093979e+00
-4.539243399999992334e+01 5.731194256739685633e-01 0.000000000000000000e+00 2.582755213834615926e+00
-4.506761399999994211e+01 5.690182873246257822e-01 0.000000000000000000e+00 2.532731216683610231e+00
-4.510297399999993218e+01 5.694647384422686365e-01 0.000000000000000000e+00 2.894083502897145443e+00
-4.474501399999990525e+01 5.649451784289353240e-01 0.000000000000000000e+00 2.018428957473528573e+00
-4.478579999999992367e+01 5.654601375715877509e-01 0.000000000000000000e+00 2.522471525221950284e+00
-4.499827599999992600e+01 5.681428340555327861e-01 0.000000000000000000e+00 2.378066245015224123e+00
-4.512487399999992022e+01 5.697412452147905260e-01 0.000000000000000000e+00 2.183220139310488417e+00
-4.549145799999993756e+01 5.743696908174492632e-01 0.000000000000000000e+00 2.374920182696205639e+00
-4.486800799999991085e+01 5.664980859165872351e-01 0.000000000000000000e+00 2.485826029801845305e+00
-4.516084399999991206e+01 5.701953981192477983e-01 0.000000000000000000e+00 2.229176890730221405e+00
-4.468023999999991247e+01 5.641273496762713169e-01 0.000000000000000000e+00 1.992822655978653712e+00
-4.537085199999991403e+01 5.728469339312939335e-01 0.000000000000000000e+00 2.262333022421632034e+00
-4.502839799999990333e+01 5.685231508136104894e-01 0.000000000000000000e+00 2.336620297727795670e+00
-4.514866399999993973e+01 5.700416149005578248e-01 0.000000000000000000e+00 2.676202423815575937e+00
-4.503773799999989791e+01 5.686410765330330852e-01 0.000000000000000000e+00 2.456085788436058515e+00
-4.565844399999991765e+01 5.764780360191095188e-01 0.000000000000000000e+00 2.594969556206854655e+00
-4.535136399999991141e+01 5.726008807813893764e-01 0.000000000000000000e+00 2.027101074332405162e+00
-4.504290199999991984e+01 5.687062765774764106e-01 0.000000000000000000e+00 1.753363063118151599e+00
-4.577983199999991371e+01 5.780106663434431136e-01 0.000000000000000000e+00 2.350701040969727096e+00
-4.461565199999991904e+01 5.633118693372918262e-01 0.000000000000000000e+00 2.620379302580048364e+00
-4.502478399999992575e+01 5.684775208832046900e-01 0.000000000000000000e+00 2.400770205988827399e+00
-4.481244799999989681e+01 5.657965920224626855e-01 0.000000000000000000e+00 2.169782177052467009e+00
-4.425800199999990525e+01 5.587962233467660411e-01 0.000000000000000000e+00 2.940897614021539042e+00
-4.582378599999994151e+01 5.785656242740111477e-01 0.000000000000000000e+00 2.694416218138856234e+00
-4.491456999999990529e+01 5.670859721422570887e-01 0.000000000000000000e+00 2.232688085418040203e+00
-4.500529599999993025e+01 5.682314677333001329e-01 0.000000000000000000e+00 2.764939560883270975e+00
-4.489588199999992213e+01 5.668500196963718318e-01 0.000000000000000000e+00 2.240360597074777527e+00
-4.503796199999993632e+01 5.686439047301589111e-01 0.000000000000000000e+00 1.790419796086430759e+00
-4.493376999999990318e+01 5.673283890387147421e-01 0.000000000000000000e+00 2.586701957643509964e+00
-4.568062999999993679e+01 5.767581537933186286e-01 0.000000000000000000e+00 3.166711501102069892e+00
-4.490814799999991891e+01 5.670048887407441729e-01 0.000000000000000000e+00 2.239050322426808570e+00
-4.498119799999990676e+01 5.679272092764854341e-01 0.000000000000000000e+00 2.067680511728496207e+00
-4.516691999999989804e+01 5.702721129662724486e-01 0.000000000000000000e+00 2.389777124978541778e+00
-4.554804799999990905e+01 5.750841893679977668e-01 0.000000000000000000e+00 2.857329881234922819e+00
-4.505648599999994275e+01 5.688777865317206084e-01 0.000000000000000000e+00 2.204391088375448060e+00
-4.536588599999992510e+01 5.727842338110956666e-01 0.000000000000000000e+00 1.978055173879922357e+00
-4.534596199999993615e+01 5.725326757775008879e-01 0.000000000000000000e+00 2.365725356071493479e+00
-4.527209999999990941e+01 5.716001030271798955e-01 0.000000000000000000e+00 2.295876935867090740e+00
-4.418464999999993381e+01 5.578700897952578730e-01 0.000000000000000000e+00 2.420257253272924736e+00
-4.571843199999990759e+01 5.772354373099793934e-01 0.000000000000000000e+00 2.581507740276420826e+00
-4.630687399999990106e+01 5.846650354029663266e-01 0.000000000000000000e+00 2.552294670086809436e+00
-4.544885399999994036e+01 5.738317778249136802e-01 0.000000000000000000e+00 2.268150474913982695e+00
-4.605204199999990067e+01 5.814475571447317304e-01 0.000000000000000000e+00 2.488425153562962233e+00
-4.615134999999990839e+01 5.827014080381390793e-01 0.000000000000000000e+00 2.170653620386488569e+00
-4.529407799999992079e+01 5.718775946183438652e-01 0.000000000000000000e+00 2.153846002935120740e+00
-4.605641999999991043e+01 5.815028332474762029e-01 0.000000000000000000e+00 2.422732434607042684e+00
-4.578737799999992575e+01 5.781059412341030823e-01 0.000000000000000000e+00 2.400413083792963143e+00
-4.502677399999992502e+01 5.685026463844520261e-01 0.000000000000000000e+00 2.015556673368327001e+00
-4.623148199999992158e+01 5.837131450562094148e-01 0.000000000000000000e+00 2.212579286504025688e+00
-4.641867799999990751e+01 5.860766592931515584e-01 0.000000000000000000e+00 2.562429753009254352e+00
-4.607598599999990796e+01 5.817498712160226182e-01 0.000000000000000000e+00 2.904587144675494503e+00
-4.521200999999989278e+01 5.708414138965473006e-01 0.000000000000000000e+00 2.140899616889114565e+00
-4.587051199999991269e+01 5.791555811440046719e-01 0.000000000000000000e+00 1.866752726223975145e+00
-4.536035799999994111e+01 5.727144379463241508e-01 0.000000000000000000e+00 2.014996270351713026e+00
-4.625485199999990726e+01 5.840082118723664006e-01 0.000000000000000000e+00 2.217465487346244046e+00
-4.600661399999992085e+01 5.808739886670091224e-01 0.000000000000000000e+00 2.639228262354758936e+00
-4.590860399999992580e+01 5.796365261658728008e-01 0.000000000000000000e+00 2.071506686912507611e+00
-4.548313999999991353e+01 5.742646687474106670e-01 0.000000000000000000e+00 1.985565546282936245e+00
-4.611815399999991172e+01 5.822822793248678686e-01 0.000000000000000000e+00 2.632995395094701152e+00
-4.563308199999990933e+01 5.761578184499448474e-01 0.000000000000000000e+00 2.225464693019132856e+00
-4.566659799999989389e+01 5.765809874448235561e-01 0.000000000000000000e+00 2.442874137923059408e+00
-4.609003999999993084e+01 5.819273153338778704e-01 0.000000000000000000e+00 2.290914137688845109e+00
-4.645561599999989966e+01 5.865430340494720562e-01 0.000000000000000000e+00 2.388093988249020416e+00
-4.638055999999992451e+01 5.855953859984031062e-01 0.000000000000000000e+00 2.273868548922250099e+00
-4.621214799999990674e+01 5.834690362918283357e-01 0.000000000000000000e+00 2.534088488664079097e+00
-4.647431599999990226e+01 5.867791380059177442e-01 0.000000000000000000e+00 2.509443607241101493e+00
-4.610770799999993130e+01 5.821503893821390330e-01 0.000000000000000000e+00 2.283725107273621546e+00
-4.640384399999989284e+01 5.858893669888778355e-01 0.000000000000000000e+00 2.637413180238729282e+00
-4.699498199999992920e+01 5.933530044544096382e-01 0.000000000000000000e+00 2.561189108001487025e+00
-4.623890399999992695e+01 5.838068543377464836e-01 0.000000000000000000e+00 2.690790745626927105e+00
-4.689421799999993823e+01 5.920807702796877514e-01 0.000000000000000000e+00 2.362604656839821349e+00
-4.659783599999991566e+01 5.883386867064623882e-01 0.000000000000000000e+00 2.521354152659905701e+00
-4.610720999999993097e+01 5.821441016938871948e-01 0.000000000000000000e+00 2.744508220653078201e+00
-4.604658199999990842e+01 5.813786198398016580e-01 0.000000000000000000e+00 2.258969567199017536e+00
-4.576757799999993637e+01 5.778559488096312036e-01 0.000000000000000000e+00 1.585116526932815795e+00
-4.654160399999990716e+01 5.876287082209618040e-01 0.000000000000000000e+00 2.574770014714073074e+00
-4.715477599999992719e+01 5.953705443269386999e-01 0.000000000000000000e+00 2.205108823587311750e+00
-4.703886799999990131e+01 5.939071038251353407e-01 0.000000000000000000e+00 2.325454426270836983e+00
-4.644739999999990943e+01 5.864392998191962914e-01 0.000000000000000000e+00 2.906535544026061402e+00
-4.607092999999992600e+01 5.816860347666222841e-01 0.000000000000000000e+00 2.361034201982108449e+00
-4.639139999999991204e+01 5.857322505378613764e-01 0.000000000000000000e+00 2.458483130597878041e+00
-4.625095399999991486e+01 5.839589961920335082e-01 0.000000000000000000e+00 2.539299505547292668e+00
-4.685222199999989101e+01 5.915505338222060150e-01 0.000000000000000000e+00 1.956642076536412533e+00
-4.616183399999994919e+01 5.828337777643095574e-01 0.000000000000000000e+00 2.345639718829278131e+00
-4.604783999999991551e+01 5.813945031968718036e-01 0.000000000000000000e+00 2.375125950004302045e+00
-4.624891799999991804e+01 5.839332899003050192e-01 0.000000000000000000e+00 2.608039494665165492e+00
-4.715438599999992419e+01 5.953656202337294090e-01 0.000000000000000000e+00 2.831783740566601093e+00
-4.677855599999993785e+01 5.906204357443706199e-01 0.000000000000000000e+00 2.020673046305275555e+00
-4.606712799999991859e+01 5.816380311707716189e-01 0.000000000000000000e+00 2.362703773653473949e+00
-4.591692999999992253e+01 5.797416492429512402e-01 0.000000000000000000e+00 2.135715375690215190e+00
-4.595448599999991757e+01 5.802158267931264435e-01 0.000000000000000000e+00 2.158799693105762252e+00
-4.622333399999990888e+01 5.836102693857750934e-01 0.000000000000000000e+00 2.301495962520679672e+00
-4.649953599999992093e+01 5.870975627001192576e-01 0.000000000000000000e+00 2.186910076230660138e+00
-4.672324799999990574e+01 5.899221235720117917e-01 0.000000000000000000e+00 2.460526300130181809e+00
-4.613731199999990906e+01 5.825241659343645129e-01 0.000000000000000000e+00 2.081354557056000143e+00
-4.626864199999994298e+01 5.841823227578955002e-01 0.000000000000000000e+00 2.841659289253021026e+00
-4.555029599999990353e+01 5.751125723462913175e-01 0.000000000000000000e+00 2.214378652295359906e+00
-4.635129599999991967e+01 5.852259022453855097e-01 0.000000000000000000e+00 2.444715165161723824e+00
-4.564769399999994448e+01 5.763423078088536489e-01 0.000000000000000000e+00 2.537691725903918893e+00
-4.600226999999991051e+01 5.808191418441854825e-01 0.000000000000000000e+00 1.915422739504284433e+00
-4.586769799999991903e+01 5.791200519176176176e-01 0.000000000000000000e+00 2.699046495682233981e+00
-4.586367199999991584e+01 5.790692201246416815e-01 0.000000000000000000e+00 2.137641257147369522e+00
-4.520335799999992332e+01 5.707321747825814251e-01 0.000000000000000000e+00 2.118158890520470461e+00
-4.630562799999989920e+01 5.846493035564566121e-01 0.000000000000000000e+00 2.554689662865436084e+00
-4.540598599999991336e+01 5.732905316000515006e-01 0.000000000000000000e+00 1.859729487715561680e+00
-4.640454599999993235e+01 5.858982303566550032e-01 0.000000000000000000e+00 2.500023520674002686e+00
-4.532960999999991714e+01 5.723262173873508996e-01 0.000000000000000000e+00 2.264216912258535164e+00
-4.650956599999989294e+01 5.872242002767579239e-01 0.000000000000000000e+00 2.516485038768853766e+00
-4.557870399999991662e+01 5.754712483460087125e-01 0.000000000000000000e+00 2.065878235038076216e+00
-4.689880599999990807e+01 5.921386978172367144e-01 0.000000000000000000e+00 2.773715074026680050e+00
-4.546566399999991859e+01 5.740440188681140699e-01 0.000000000000000000e+00 2.183614915523561351e+00
-4.626536799999991700e+01 5.841409856266971401e-01 0.000000000000000000e+00 2.198642217134397114e+00
-4.635954599999992354e+01 5.853300657555822184e-01 0.000000000000000000e+00 2.393132723905269987e+00
-4.623162599999990618e+01 5.837149631829327001e-01 0.000000000000000000e+00 2.465579130552118414e+00
-4.628604199999991664e+01 5.844020130703099225e-01 0.000000000000000000e+00 2.769077627461002056e+00
-4.667044999999991717e+01 5.892555023585133167e-01 0.000000000000000000e+00 2.449941030067474657e+00
-4.649029599999991547e+01 5.869808995686989217e-01 0.000000000000000000e+00 2.397778137937644605e+00
-4.645032399999991668e+01 5.864762178923860203e-01 0.000000000000000000e+00 2.238809240281018909e+00
-4.631071999999994659e+01 5.847135945375385724e-01 0.000000000000000000e+00 2.190750338873128200e+00
-4.610136799999992974e+01 5.820703413027878970e-01 0.000000000000000000e+00 2.434346679612707565e+00
-4.641484999999990890e+01 5.860283274244203477e-01 0.000000000000000000e+00 2.536677538841034085e+00
-4.712866599999988182e+01 5.950408825995157081e-01 0.000000000000000000e+00 2.297080059211755287e+00
-4.638224999999992804e+01 5.856167237356434407e-01 0.000000000000000000e+00 2.419628629218403493e+00
-4.599919199999990838e+01 5.807802793854720536e-01 0.000000000000000000e+00 2.499886612688461796e+00
-4.589446199999994036e+01 5.794579709705759418e-01 0.000000000000000000e+00 2.349978438189498142e+00
-4.620750799999991187e+01 5.834104522085178379e-01 0.000000000000000000e+00 1.618056479372831591e+00
-4.704270599999991731e+01 5.939555619526670771e-01 0.000000000000000000e+00 2.601251364046453851e+00
-4.634814199999991047e+01 5.851860802197902389e-01 0.000000000000000000e+00 2.502557442490711992e+00
-4.625423199999990231e+01 5.840003838267514569e-01 0.000000000000000000e+00 2.240511603863382550e+00
-4.636012199999991878e+01 5.853373382624759147e-01 0.000000000000000000e+00 2.509271731909802128e+00
-4.641186399999992318e+01 5.859906265466693354e-01 0.000000000000000000e+00 2.170944430683372062e+00
-4.607942999999991684e+01 5.817933547468248090e-01 0.000000000000000000e+00 2.047816966918673653e+00
-4.615891999999992379e+01 5.827969859499197991e-01 0.000000000000000000e+00 2.456501863803218999e+00
-4.593758999999990067e+01 5.800024999242434642e-01 0.000000000000000000e+00 2.582093542950265608e+00
-4.624987199999990395e+01 5.839453349898475754e-01 0.000000000000000000e+00 2.782508407243327486e+00
-4.625754199999993688e+01 5.840421754896308881e-01 0.000000000000000000e+00 2.360581892018417616e+00
-4.619368399999991937e+01 5.832359120430683497e-01 0.000000000000000000e+00 1.955947507543764674e+00
-4.639501399999989673e+01 5.857778804682673979e-01 0.000000000000000000e+00 2.274269944844772517e+00
-4.718208999999992415e+01 5.957154076139097310e-01 0.000000000000000000e+00 2.202138041595580908e+00
-4.689610599999991791e+01 5.921046079411724783e-01 0.000000000000000000e+00 2.593546672451811030e+00
-4.712719599999993392e+01 5.950223225558812779e-01 0.000000000000000000e+00 2.780820935395034610e+00
-4.654250999999991478e+01 5.876401472682635241e-01 0.000000000000000000e+00 1.962722225287205857e+00
-4.730955799999990319e+01 5.973248032887880088e-01 0.000000000000000000e+00 2.812209300987679850e+00
-4.644471799999990935e+01 5.864054372089723133e-01 0.000000000000000000e+00 1.886989346234906773e+00
-4.666809399999993957e+01 5.892257557851774408e-01 0.000000000000000000e+00 2.645618379140205256e+00
-4.644214799999992493e+01 5.863729886973112482e-01 0.000000000000000000e+00 2.396749557401659292e+00
-4.677060199999989010e+01 5.905200094946604361e-01 0.000000000000000000e+00 2.156740665021544157e+00
-4.647032199999992486e+01 5.867287102411028465e-01 0.000000000000000000e+00 2.475716689931228842e+00
-4.698761399999990118e+01 5.932599769703935655e-01 0.000000000000000000e+00 2.232131246142134096e+00
-4.617885799999992713e+01 5.830487207458351362e-01 0.000000000000000000e+00 2.169805413292056340e+00
-4.722977999999991994e+01 5.963175358322465591e-01 0.000000000000000000e+00 2.497533166218946388e+00
-4.649985199999990471e+01 5.871015524782065009e-01 0.000000000000000000e+00 2.435605104184853875e+00
-4.708344399999990770e+01 5.944699150530780019e-01 0.000000000000000000e+00 1.939586148834722357e+00
-4.631777999999992090e+01 5.848027332505065790e-01 0.000000000000000000e+00 2.255015357604089665e+00
-4.691150799999992671e+01 5.922990717452997211e-01 0.000000000000000000e+00 2.211366657722063422e+00
-4.639114799999991590e+01 5.857290688160954328e-01 0.000000000000000000e+00 1.672937185419582251e+00
-4.631575999999993343e+01 5.847772289728585537e-01 0.000000000000000000e+00 1.993246350792970523e+00
-4.709348599999992047e+01 5.945967041402775433e-01 0.000000000000000000e+00 2.075043125900633445e+00
-4.665636999999991730e+01 5.890777299677777412e-01 0.000000000000000000e+00 2.063676042107306152e+00
-4.713653599999991428e+01 5.951402482753037626e-01 0.000000000000000000e+00 2.685662878861180491e+00
-4.673755799999990046e+01 5.901027999151527981e-01 0.000000000000000000e+00 2.969672748327259360e+00
-4.689539399999990366e+01 5.920956183145953400e-01 0.000000000000000000e+00 2.560284738655827841e+00
-4.650281799999992671e+01 5.871390008383575720e-01 0.000000000000000000e+00 2.422877761203261482e+00
-4.703542999999991281e+01 5.938636960496135320e-01 0.000000000000000000e+00 3.120347191686633881e+00
-4.673422799999991639e+01 5.900607557346736476e-01 0.000000000000000000e+00 2.635012578969841535e+00
-4.651616199999991608e+01 5.873074805813954802e-01 0.000000000000000000e+00 2.775924805649862215e+00
-4.629340999999991624e+01 5.844950405543255512e-01 0.000000000000000000e+00 2.534235417121688538e+00
-4.675938599999992107e+01 5.903783976243134335e-01 0.000000000000000000e+00 2.481210884454474463e+00
-4.666359599999992014e+01 5.891689645768299899e-01 0.000000000000000000e+00 2.412461970932590738e+00
-4.654681799999990233e+01 5.876945395594060928e-01 0.000000000000000000e+00 2.238564089749308206e+00
-4.654176599999991737e+01 5.876307536135257914e-01 0.000000000000000000e+00 2.808019314022472290e+00
-4.718801999999992347e+01 5.957902790824510797e-01 0.000000000000000000e+00 2.880081607920656150e+00
-4.658065599999992656e+01 5.881217740876529820e-01 0.000000000000000000e+00 2.448279389232652647e+00
-4.715403999999990958e+01 5.953612516792409215e-01 0.000000000000000000e+00 2.387978572565153002e+00
-4.642127399999992576e+01 5.861094360776937240e-01 0.000000000000000000e+00 1.926564759946226779e+00
-4.665670199999990331e+01 5.890819217599454483e-01 0.000000000000000000e+00 2.681012090892376687e+00
-4.660527799999992737e+01 5.884326485055999534e-01 0.000000000000000000e+00 2.293022838194335833e+00
-4.659765799999992453e+01 5.883364392998182701e-01 0.000000000000000000e+00 2.657724399647339641e+00
-4.694950799999992341e+01 5.927788551862055444e-01 0.000000000000000000e+00 2.268464195529653615e+00
-4.623911799999991246e+01 5.838095562760713397e-01 0.000000000000000000e+00 2.381659190622955169e+00
-4.647749199999989145e+01 5.868192378008734167e-01 0.000000000000000000e+00 2.108124258392811701e+00
-4.667093399999991021e+01 5.892616132844448185e-01 0.000000000000000000e+00 2.405492587628436763e+00
-4.634542199999991396e+01 5.851517378261253954e-01 0.000000000000000000e+00 2.060945030245330933e+00
-4.649143599999991494e+01 5.869952930719261053e-01 0.000000000000000000e+00 2.867263993353210694e+00
-4.630265999999995330e+01 5.846118299445465238e-01 0.000000000000000000e+00 2.301863847608996316e+00
-4.700045199999991041e+01 5.934220680181397922e-01 0.000000000000000000e+00 2.274406937926651828e+00
-4.719660199999992045e+01 5.958986343848156064e-01 0.000000000000000000e+00 2.413662918645526734e+00
-4.690153199999993205e+01 5.921731159661820509e-01 0.000000000000000000e+00 1.908239425974749492e+00
-4.719134999999990754e+01 5.958323232629302302e-01 0.000000000000000000e+00 2.693506717847740983e+00
-4.709452599999990952e+01 5.946098350555022449e-01 0.000000000000000000e+00 2.709208843724147275e+00
-4.733086799999993843e+01 5.975938607920964207e-01 0.000000000000000000e+00 2.299139330617419930e+00
-4.677372799999991315e+01 5.905594779956152562e-01 0.000000000000000000e+00 2.603460403451413274e+00
-4.698746199999990125e+01 5.932580578366299928e-01 0.000000000000000000e+00 2.651009344152493341e+00
-4.671976799999990959e+01 5.898781855095288629e-01 0.000000000000000000e+00 1.960617804862393676e+00
-4.648024999999990570e+01 5.868540599779793476e-01 0.000000000000000000e+00 3.028797702642973544e+00
-4.725133999999992795e+01 5.965897498055605652e-01 0.000000000000000000e+00 2.273335957432058851e+00
-4.631640599999991537e+01 5.847853852913537098e-01 0.000000000000000000e+00 2.501440302431841012e+00
-4.703653799999992202e+01 5.938776855246801212e-01 0.000000000000000000e+00 2.602674851529448219e+00
-4.713717199999988594e+01 5.951482783349985040e-01 0.000000000000000000e+00 2.886304981053203544e+00
-4.692597999999991742e+01 5.924817934810046038e-01 0.000000000000000000e+00 2.347123595580192568e+00
-4.742722999999993050e+01 5.988105158429534169e-01 0.000000000000000000e+00 2.130904775327877587e+00
-4.723312199999988792e+01 5.963597315232858076e-01 0.000000000000000000e+00 1.894430626308323484e+00
-4.683006199999990571e+01 5.912707443208780056e-01 0.000000000000000000e+00 2.109599717442705913e+00
-4.703839999999993893e+01 5.939011949132847468e-01 0.000000000000000000e+00 2.216762753716018608e+00
-4.716780799999990847e+01 5.955350847954090643e-01 0.000000000000000000e+00 2.260538372796366158e+00
-4.656864199999992593e+01 5.879700867650465845e-01 0.000000000000000000e+00 2.694840296880861796e+00
-4.777771999999992403e+01 6.032357605325081584e-01 0.000000000000000000e+00 2.536482456896047566e+00
-4.780857799999989766e+01 6.036253699382834181e-01 0.000000000000000000e+00 2.085611560509120110e+00
-4.750158799999992709e+01 5.997493510297658981e-01 0.000000000000000000e+00 2.503900008140028000e+00
-4.669872999999991947e+01 5.896125622455875570e-01 0.000000000000000000e+00 2.189967255024788617e+00
-4.818839999999990908e+01 6.084209569406976437e-01 0.000000000000000000e+00 2.871014673271700790e+00
-4.664501799999990084e+01 5.889344009777469635e-01 0.000000000000000000e+00 2.323160943144821022e+00
-4.740955399999992181e+01 5.985873407876519670e-01 0.000000000000000000e+00 2.420478788909250945e+00
-4.744370799999990851e+01 5.990185650939858775e-01 0.000000000000000000e+00 2.665209283335130852e+00
-4.667878399999990791e+01 5.893607264426319325e-01 0.000000000000000000e+00 2.011905191990813524e+00
-4.728846799999993777e+01 5.970585234790857232e-01 0.000000000000000000e+00 2.622719427797310932e+00
-4.825690199999991847e+01 6.092858549740907126e-01 0.000000000000000000e+00 2.215701403048412121e+00
-4.763758199999988108e+01 6.014663949577270241e-01 0.000000000000000000e+00 2.406811481430873201e+00
-4.791363199999992872e+01 6.049517691383080598e-01 0.000000000000000000e+00 2.765204148924321537e+00
-4.809287199999993589e+01 6.072148318737807804e-01 0.000000000000000000e+00 2.997661858750933828e+00
-4.777570199999992440e+01 6.032102815066200385e-01 0.000000000000000000e+00 2.812590478328445887e+00
-4.776460799999991025e+01 6.030702099936354754e-01 0.000000000000000000e+00 2.984835438594715562e+00
-4.699928199999991563e+01 5.934072957385119196e-01 0.000000000000000000e+00 2.304685980598588202e+00
-4.722977999999991994e+01 5.963175358322465591e-01 0.000000000000000000e+00 2.327626916458524597e+00
-4.784667599999988852e+01 6.041063907154314849e-01 0.000000000000000000e+00 2.292961646197626546e+00
-4.748059799999992237e+01 5.994843338080654283e-01 0.000000000000000000e+00 2.734499262121205643e+00
-4.825620199999992366e+01 6.092770168580741164e-01 0.000000000000000000e+00 2.326880397145976609e+00
-4.721173799999989740e+01 5.960897397048561253e-01 0.000000000000000000e+00 2.000110791415153688e+00
-4.770061199999991430e+01 6.022622041756300337e-01 0.000000000000000000e+00 2.890038876648792776e+00
-4.794510399999991535e+01 6.053491308344181032e-01 0.000000000000000000e+00 2.770269504371826841e+00
-4.806153599999992565e+01 6.068191872973537349e-01 0.000000000000000000e+00 2.568518211957149688e+00
-4.831038199999993310e+01 6.099610870377657479e-01 0.000000000000000000e+00 2.838276499951648102e+00
-4.792009999999992687e+01 6.050334333303022394e-01 0.000000000000000000e+00 2.170131636187961011e+00
-4.754958999999993807e+01 6.003554185226702700e-01 0.000000000000000000e+00 1.820319324051455023e+00
-4.713299199999992339e+01 5.950955021564993119e-01 0.000000000000000000e+00 2.307857990470336240e+00
